Date,Open,High,Low,Close,Volume,Symbol,Daily_Return,Is_Outlier
2018-01-01,1090.317814558799,1092.192823698195,1066.9739278850232,1072.1771240234375,591349.0,ASIANPAINT,,False
2018-01-02,1074.380263951747,1078.130282325052,1063.1771298380916,1071.3333740234375,516171.0,ASIANPAINT,-0.000786950197961489,False
2018-01-03,1077.1926358004137,1077.1926358004137,1064.3488703407363,1070.536376953125,593809.0,ASIANPAINT,-0.0007439300311530284,False
2018-01-04,1077.1927205873624,1104.3803523515342,1074.2864793905212,1098.80224609375,729965.0,ASIANPAINT,0.026403464421333345,False
2018-01-05,1104.3802169159328,1117.5052789166316,1094.4894994173944,1111.1771240234375,1151320.0,ASIANPAINT,0.011262152014778204,False
2018-01-08,1115.6304074463303,1116.4272634204976,1100.1615824691337,1108.13037109375,928875.0,ASIANPAINT,-0.0027419147351194217,False
2018-01-09,1109.161265911407,1122.3800530747433,1101.6612318395644,1118.489501953125,699621.0,ASIANPAINT,0.00934829612976884,False
2018-01-10,1111.8802643080369,1114.7865051797403,1097.911425282991,1103.8177490234375,1102382.0,ASIANPAINT,-0.013117470395625053,False
2018-01-11,1106.1614062444264,1115.5832563037957,1096.8800902844985,1114.645751953125,475476.0,ASIANPAINT,0.009809593059422417,False
2018-01-12,1112.817782783581,1118.0209782606278,1102.5052338277094,1115.3489990234375,390841.0,ASIANPAINT,0.0006309153101604625,False
2018-01-15,1115.3025213477829,1132.693165368485,1108.5524186485832,1128.8026123046875,723833.0,ASIANPAINT,0.012062245353722911,False
2018-01-16,1128.8022373584292,1128.8022373584292,1110.0052280494217,1114.4583740234375,557253.0,ASIANPAINT,-0.012707481471860849,False
2018-01-17,1112.6302642402595,1121.6302835640108,1104.7552044164322,1119.1458740234375,506648.0,ASIANPAINT,0.004206079032882171,False
2018-01-18,1120.3177788411597,1128.8490461515748,1107.1927169969954,1113.9896240234375,500762.0,ASIANPAINT,-0.004607308233610996,False
2018-01-19,1109.1614233807168,1120.317748534751,1104.286446318486,1115.5364990234375,722692.0,ASIANPAINT,0.0013885901328354322,False
2018-01-22,1117.5051967075894,1119.098908342421,1091.3488021849523,1102.505126953125,942542.0,ASIANPAINT,-0.011681708381321876,False
2018-01-23,1102.5053760916444,1104.2397366606365,1083.9427397992254,1096.78662109375,1841634.0,ASIANPAINT,-0.005186829266888404,False
2018-01-24,1096.8801648291164,1098.4270700011411,1073.489475466822,1079.114501953125,1122469.0,ASIANPAINT,-0.01611263193838175,False
2018-01-25,1076.2550399035024,1088.8176216199352,1071.9893491516937,1078.5518798828125,1563047.0,ASIANPAINT,-0.000521373838729966,False
2018-01-26,1076.2550399035024,1088.8176216199352,1071.9893491516937,1078.5518798828125,1563047.0,ASIANPAINT,0.0,False
2018-01-29,1081.8798452232634,1091.489263259259,1075.8797954637218,1080.0517578125,1538762.0,ASIANPAINT,0.0013906405038675018,False
2018-01-30,1079.0675348859784,1080.0050392603364,1053.2392435958366,1056.2861328125,1404578.0,ASIANPAINT,-0.02200415380845644,False
2018-01-31,1057.50483574982,1068.567432113141,1053.754818601771,1057.7861328125,961596.0,ASIANPAINT,0.0014200697646253868,False
2018-02-01,1055.6300068943788,1085.020748407631,1055.6300068943788,1080.942626953125,1103162.0,ASIANPAINT,0.021891470706895344,False
2018-02-02,1076.2552725223154,1076.2552725223154,1053.7082412891373,1066.7864990234375,872105.0,ASIANPAINT,-0.013096095552813658,False
2018-02-05,1051.130045487144,1068.7551766327645,1044.661355708071,1063.223876953125,1263378.0,ASIANPAINT,-0.0033395830126963233,False
2018-02-06,1040.630125798666,1056.5677043018886,1021.9737610154205,1040.864501953125,1055719.0,ASIANPAINT,-0.02102979013608608,False
2018-02-07,1045.3173790084572,1054.8798778649582,1037.395512809593,1051.0361328125,854461.0,ASIANPAINT,0.009772291052570825,False
2018-02-08,1057.5050990321906,1060.59890972616,1040.6300176646555,1053.802001953125,1185917.0,ASIANPAINT,0.0026315642766949754,False
2018-02-09,1032.1924920631357,1070.8645540954735,1032.1924920631357,1060.083251953125,666922.0,ASIANPAINT,0.00596055994234046,False
2018-02-12,1066.8799541329663,1078.1300063733845,1064.9112178791831,1072.8800048828125,646362.0,ASIANPAINT,0.01207146033682771,False
2018-02-13,1066.8799541329663,1078.1300063733845,1064.9112178791831,1072.8800048828125,646362.0,ASIANPAINT,0.0,False
2018-02-14,1072.5051257956966,1072.5051257956966,1056.5675496256558,1067.958251953125,691596.0,ASIANPAINT,-0.00458742161964798,False
2018-02-15,1064.0676706796653,1068.6614658907183,1052.8176160116866,1064.489501953125,471072.0,ASIANPAINT,-0.0032480202233150512,False
2018-02-16,1065.4736241783853,1075.3174192103895,1059.37984630143,1072.3642578125,734476.0,ASIANPAINT,0.007397682969091157,False
2018-02-19,1073.442513636279,1074.1925629158372,1042.083037944621,1050.3330078125,443677.0,ASIANPAINT,-0.020544558287443504,False
2018-02-20,1053.7081721865388,1065.0051475653834,1043.2081672124827,1056.005126953125,662281.0,ASIANPAINT,0.0054003055206635064,False
2018-02-21,1061.5831758467762,1062.4269527677106,1045.317495994703,1056.7550048828125,720563.0,ASIANPAINT,0.0007101082282157112,False
2018-02-22,1052.5363752519056,1056.005210958573,1032.192571080766,1048.223876953125,1559398.0,ASIANPAINT,-0.008072947741216141,False
2018-02-23,1047.2395722816257,1047.2395722816257,1030.2238406908843,1032.942626953125,1140118.0,ASIANPAINT,-0.014578231173685952,False
2018-02-26,1040.629737157702,1040.629737157702,1026.942197737429,1035.7547607421875,1170283.0,ASIANPAINT,0.0027224491619224356,False
2018-02-27,1035.7550484167637,1043.4425397705604,1030.270555374227,1040.9581298828125,610498.0,ASIANPAINT,0.005023746293858711,False
2018-02-28,1035.0051844525833,1053.7552783738258,1030.5520371462885,1047.8958740234375,1006756.0,ASIANPAINT,0.006664767718761233,False
2018-03-01,1050.0049868923609,1053.9424598166229,1038.7549334613714,1048.9737548828125,736217.0,ASIANPAINT,0.0010286144702873479,False
2018-03-02,1050.0049868923609,1053.9424598166229,1038.7549334613714,1048.9737548828125,736217.0,ASIANPAINT,0.0,False
2018-03-05,1040.8644452966696,1045.1769434156836,1031.2550234869054,1036.8331298828125,529677.0,ASIANPAINT,-0.011573811969543768,False
2018-03-06,1043.067431798256,1043.067431798256,1031.2548985755914,1032.7548828125,702294.0,ASIANPAINT,-0.00393336878690731,False
2018-03-07,1036.5983364017911,1040.5827292065826,1026.8014633995224,1038.051513671875,669686.0,ASIANPAINT,0.0051286427665688805,False
2018-03-08,1045.1300164747297,1059.380038472285,1038.3799157063115,1057.1300048828125,751329.0,ASIANPAINT,0.01837913721974327,False
2018-03-09,1062.1926676293765,1068.7551995564777,1054.130151292947,1058.536376953125,1158526.0,ASIANPAINT,0.001330368132411941,False
2018-03-12,1060.4114742795423,1063.1302606209265,1050.005195674989,1060.7864990234375,527293.0,ASIANPAINT,0.002125691775269223,False
2018-03-13,1054.88008856819,1071.5677155670846,1054.88008856819,1069.0364990234375,711550.0,ASIANPAINT,0.007777248303588946,False
2018-03-14,1068.7082194786587,1072.92698977003,1060.411327460589,1065.942626953125,1360578.0,ASIANPAINT,-0.002894075247326655,False
2018-03-15,1061.3954845975625,1091.020596709065,1061.3954845975625,1088.2550048828125,1146702.0,ASIANPAINT,0.020932062725988354,False
2018-03-16,1087.4114433746645,1087.4114433746645,1048.5050083801093,1052.5831298828125,1946844.0,ASIANPAINT,-0.03277896709865469,False
2018-03-19,1051.0829423952905,1053.754806694796,1029.285967968552,1033.6453857421875,855444.0,ASIANPAINT,-0.017991685029887794,False
2018-03-20,1033.129984528567,1047.192552376052,1023.8955878636792,1037.3487548828125,720303.0,ASIANPAINT,0.0035828236566508576,False
2018-03-21,1037.3488447594889,1046.2551385012105,1031.2550648309425,1034.583251953125,612237.0,ASIANPAINT,-0.002665933628078543,False
2018-03-22,1033.5985137544942,1040.629796160987,1031.2547529523297,1037.9110107421875,478426.0,ASIANPAINT,0.003216521031806918,False
2018-03-23,1026.4265141701696,1050.0047691514565,1024.7390751703244,1043.1141357421875,828523.0,ASIANPAINT,0.005013074286859487,False
2018-03-26,1042.5049344782124,1049.0674655405753,1032.192385665928,1047.7081298828125,479675.0,ASIANPAINT,0.004404114548171023,False
2018-03-27,1049.067111692881,1066.879689996871,1046.6296238658829,1060.410888671875,672158.0,ASIANPAINT,0.012124329693312008,False
2018-03-28,1060.176880573421,1060.176880573421,1045.3174579827653,1050.3800048828125,699839.0,ASIANPAINT,-0.009459431147133768,False
2018-03-29,1060.176880573421,1060.176880573421,1045.3174579827653,1050.3800048828125,699839.0,ASIANPAINT,0.0,False
2018-03-30,1060.176880573421,1060.176880573421,1045.3174579827653,1050.3800048828125,699839.0,ASIANPAINT,0.0,False
2018-04-02,1050.3799949304073,1081.833200151655,1042.0361825462437,1078.270751953125,428944.0,ASIANPAINT,0.026553006474475005,False
2018-04-03,1073.489539104782,1084.4113746266505,1067.7706702848525,1080.098876953125,561118.0,ASIANPAINT,0.0016954229693133538,False
2018-04-04,1084.5991184826755,1085.349053514282,1055.6302028172452,1065.0052490234375,607619.0,ASIANPAINT,-0.0139743020308154,False
2018-04-05,1079.817689587832,1084.5052119172783,1066.45825094891,1071.473876953125,549137.0,ASIANPAINT,0.006073799106266264,False
2018-04-06,1071.4737751450166,1080.755091363731,1064.0674676799233,1072.0362548828125,395626.0,ASIANPAINT,0.0005248638737573863,False
2018-04-09,1073.4424963324589,1098.2863619681011,1068.7080535196526,1085.1143798828125,837112.0,ASIANPAINT,0.01219933089056724,False
2018-04-10,1086.567514617834,1094.7237564833397,1080.848761113398,1084.4581298828125,546269.0,ASIANPAINT,-0.0006047749547571923,False
2018-04-11,1084.6924105816593,1086.1923944841503,1069.8797977461477,1083.6142578125,419140.0,ASIANPAINT,-0.000778150900490493,False
2018-04-12,1077.661232606394,1096.786343920234,1073.3487355555887,1092.3800048828125,360744.0,ASIANPAINT,0.008089361142227913,False
2018-04-13,1096.8804532251793,1103.302337263884,1085.4897487072358,1089.56787109375,639579.0,ASIANPAINT,-0.002574318256003072,False
2018-04-16,1087.5050674946276,1114.2239419977284,1082.8175456519782,1105.177001953125,550645.0,ASIANPAINT,0.014325983055746727,False
2018-04-17,1106.2551443917412,1113.1926995414708,1095.9425964355469,1102.505126953125,432543.0,ASIANPAINT,-0.002417599167624851,False
2018-04-18,1105.3181012886785,1110.9431297939643,1095.0055490289876,1099.036865234375,465763.0,ASIANPAINT,-0.003145800989002967,False
2018-04-19,1098.7552805626342,1112.8178481466268,1089.942715321705,1092.1927490234375,620949.0,ASIANPAINT,-0.006227376376021665,False
2018-04-20,1092.192797603975,1093.08338114732,1070.8645691529098,1086.8958740234375,727517.0,ASIANPAINT,-0.004849762099900512,False
2018-04-23,1088.3488675026254,1107.5677074669582,1073.8175494808129,1105.036376953125,554353.0,ASIANPAINT,0.01669019393967841,False
2018-04-24,1103.911800937232,1108.5524034957848,1089.2867502844515,1096.9742431640625,484112.0,ASIANPAINT,-0.007295808497537304,False
2018-04-25,1094.0678434032284,1095.7553974215723,1083.8022140424882,1090.36474609375,280574.0,ASIANPAINT,-0.006025207165528679,False
2018-04-26,1091.2550869321913,1103.4895647400992,1077.7081945591412,1083.4737548828125,1638937.0,ASIANPAINT,-0.006319895462160385,False
2018-04-27,1092.426953582184,1124.161453224473,1091.489449223821,1107.755126953125,803227.0,ASIANPAINT,0.022410669350213075,False
2018-04-30,1115.3490670016772,1131.567940761003,1108.505352760547,1126.59912109375,505974.0,ASIANPAINT,0.017010974431195258,False
2018-05-01,1115.3490670016772,1131.567940761003,1108.505352760547,1126.59912109375,505974.0,ASIANPAINT,0.0,False
2018-05-02,1125.2398439860974,1153.693084388765,1122.5679788882558,1145.911865234375,2011978.0,ASIANPAINT,0.017142516605086033,False
2018-05-03,1144.0368506206794,1153.130598998796,1125.9429669898811,1131.3336181640625,641515.0,ASIANPAINT,-0.01272196188258401,False
2018-05-04,1136.2553906486005,1136.2553906486005,1104.473966982266,1116.0521240234375,743905.0,ASIANPAINT,-0.01350750467879136,False
2018-05-07,1117.5052683347049,1144.5054413999117,1106.2552152977782,1139.30224609375,728801.0,ASIANPAINT,0.020832469711624446,False
2018-05-08,1142.8178884308238,1147.505410532673,1129.6928265456463,1134.28662109375,627060.0,ASIANPAINT,-0.004402365585775669,False
2018-05-09,1122.7553133280123,1152.2867036844032,1122.7553133280123,1146.1461181640625,729538.0,ASIANPAINT,0.010455467647918493,False
2018-05-10,1155.0057274907729,1160.6307553843967,1132.0368635918085,1141.599365234375,1904962.0,ASIANPAINT,-0.0039669923909619875,False
2018-05-11,1159.6930607847455,1211.162080469387,1152.989880754487,1206.0526123046875,4723019.0,ASIANPAINT,0.05645872714468436,False
2018-05-14,1204.693326267648,1223.4434169488566,1189.3182290207626,1216.271484375,1553283.0,ASIANPAINT,0.008472990287533788,False
2018-05-15,1210.3183513650863,1240.7403276658,1208.2558871703322,1232.4903564453125,1368261.0,ASIANPAINT,0.013334911061116284,False
2018-05-16,1223.584211005876,1248.756187850144,1219.5528952534896,1240.974853515625,736281.0,ASIANPAINT,0.00688402714548042,False
2018-05-17,1231.0837024798302,1246.8806258666204,1222.083684760358,1227.6148681640625,751423.0,ASIANPAINT,-0.01076571802701265,False
2018-05-18,1223.4433672018938,1234.1309413439049,1207.130766084242,1226.583984375,939743.0,ASIANPAINT,-0.000839745278259918,False
2018-05-21,1223.4434201220122,1232.5371683493954,1210.1777080423565,1220.349609375,692442.0,ASIANPAINT,-0.005082713519349191,False
2018-05-22,1216.8808101025672,1220.6308280073515,1199.068225054841,1206.4276123046875,708573.0,ASIANPAINT,-0.01140820381582508,False
2018-05-23,1200.9431487057216,1211.3963457611237,1190.255575547918,1198.693115234375,509522.0,ASIANPAINT,-0.0064110743085007416,False
2018-05-24,1197.2870343461311,1221.4746974405878,1184.0682431188477,1212.755859375,774173.0,ASIANPAINT,0.011731730133342166,False
2018-05-25,1218.7555487043412,1228.1305913866822,1200.005463339659,1211.5836181640625,773652.0,ASIANPAINT,-0.0009665929064581746,False
2018-05-28,1213.5997496443445,1248.662445871149,1210.8341567485154,1239.240478515625,657272.0,ASIANPAINT,0.022827033922323547,False
2018-05-29,1243.130854302436,1246.8808719624735,1208.443190947089,1218.2869873046875,769331.0,ASIANPAINT,-0.01690833343019571,False
2018-05-30,1209.3809864670218,1219.6466165057875,1203.1465577182553,1212.9903564453125,478025.0,ASIANPAINT,-0.004347605215002104,False
2018-05-31,1218.9430274947083,1229.72432678914,1206.5680166898508,1223.114990234375,1400776.0,ASIANPAINT,0.00834683782543233,False
2018-06-01,1225.3183763181055,1228.1308898062111,1210.1308492589208,1212.240234375,368820.0,ASIANPAINT,-0.008891033096807277,False
2018-06-04,1214.067961362504,1216.411721905675,1185.942834844454,1204.17724609375,939794.0,ASIANPAINT,-0.006651312217340388,False
2018-06-05,1196.490024853999,1212.474521109533,1191.1462953971502,1194.005615234375,524237.0,ASIANPAINT,-0.008446954875099055,False
2018-06-06,1191.4743780703536,1191.4743780703536,1167.2399119497093,1183.880615234375,1211557.0,ASIANPAINT,-0.008479859617756103,False
2018-06-07,1190.771248364293,1215.9432188657825,1177.5055380843662,1210.1307373046875,701247.0,ASIANPAINT,0.02217294694458327,False
2018-06-08,1195.3181211490005,1208.0213516640686,1192.5056079227677,1198.927490234375,442333.0,ASIANPAINT,-0.009257881586633654,False
2018-06-11,1199.0681724572937,1214.912020298305,1195.5056098274356,1203.0994873046875,373098.0,ASIANPAINT,0.0034797743018610827,False
2018-06-12,1198.6466551709195,1211.2560473485323,1195.5059229376834,1207.2247314453125,401090.0,ASIANPAINT,0.0034288470605758903,False
2018-06-13,1209.3806079963076,1211.9587449513383,1201.8336522240922,1206.005615234375,566241.0,ASIANPAINT,-0.0010098502616641136,False
2018-06-14,1206.0999223529195,1214.7657882955036,1196.2567533282693,1211.421875,507824.0,ASIANPAINT,0.004491073422218106,False
2018-06-15,1210.2917053162073,1211.9400907501397,1194.4671591575604,1207.7484130859375,1048699.0,ASIANPAINT,-0.0030323556061446766,False
2018-06-18,1214.5301278071397,1214.7656113857054,1197.1985134282577,1207.60693359375,512049.0,ASIANPAINT,-0.00011714318201916374,False
2018-06-19,1199.0823259069723,1212.8816859611811,1191.5468517457343,1195.5029296875,572488.0,ASIANPAINT,-0.010023132171185334,False
2018-06-20,1200.9663123206224,1200.9663123206224,1186.8372968815563,1197.481201171875,484907.0,ASIANPAINT,0.001654760883682771,False
2018-06-21,1198.1406514989026,1205.5819568434954,1173.6503551632331,1180.243896484375,1179247.0,ASIANPAINT,-0.01439463489750925,False
2018-06-22,1188.250262590325,1199.60061826551,1168.187013590558,1194.0902099609375,646452.0,ASIANPAINT,0.011731739107320838,False
2018-06-25,1194.3730407346443,1198.234949494513,1176.7589101804317,1180.6678466796875,936253.0,ASIANPAINT,-0.011240661023164344,False
2018-06-26,1182.1278279998044,1205.5348779322765,1180.2439589511991,1200.5897216796875,1262632.0,ASIANPAINT,0.0168733950501192,False
2018-06-27,1204.875232613172,1210.3855250420188,1189.6629713058908,1193.572021484375,857951.0,ASIANPAINT,-0.005845210956407665,False
2018-06-28,1193.5725816215274,1199.5067012596703,1177.418378472433,1194.75,729637.0,ASIANPAINT,0.0009869354294682608,False
2018-06-29,1194.6084498879843,1197.292940262071,1179.443327177201,1191.029052734375,622680.0,ASIANPAINT,-0.003114414953442113,False
2018-07-02,1192.9600977695322,1222.5838931306432,1187.7794577871143,1217.968505859375,1437438.0,ASIANPAINT,0.022618636433050954,False
2018-07-03,1223.196070318813,1232.6154149462216,1213.3057584600344,1216.8380126953125,1399979.0,ASIANPAINT,-0.0009281793072841715,False
2018-07-04,1220.7469294557034,1224.467524181449,1208.2662991969935,1214.906982421875,619316.0,ASIANPAINT,-0.0015869246796130776,False
2018-07-05,1219.6166874999917,1252.772731853912,1204.0747701499245,1244.672119140625,1733903.0,ASIANPAINT,0.02449993057033395,False
2018-07-06,1248.0628678473454,1257.859006938589,1233.0390627140655,1246.3203125,1662920.0,ASIANPAINT,0.0013241988263648086,False
2018-07-09,1252.7727988544325,1288.4721369460535,1248.298610287095,1283.9508056640625,1391869.0,ASIANPAINT,0.03019327598743793,False
2018-07-10,1283.668438256145,1295.6309609319762,1276.3213028446585,1290.8741455078125,796987.0,ASIANPAINT,0.005392215817933366,False
2018-07-11,1281.0307481083948,1304.3436238552206,1278.5345990218862,1280.8424072265625,784238.0,ASIANPAINT,-0.007771275237140718,False
2018-07-12,1290.4501175260475,1298.9275270572407,1267.843692109533,1279.052734375,953054.0,ASIANPAINT,-0.0013972623341209633,False
2018-07-13,1280.5600707647234,1294.5949191046043,1279.8064771023778,1288.378173828125,655594.0,ASIANPAINT,0.007290895209009385,False
2018-07-16,1290.4501018816363,1313.9042909633752,1272.6475190855106,1280.60693359375,1234066.0,ASIANPAINT,-0.006031800594141212,False
2018-07-17,1286.1173145389362,1303.1663050014902,1274.531474869485,1296.3372802734375,1166581.0,ASIANPAINT,0.01228350891053176,False
2018-07-18,1305.521204656093,1318.6611448139572,1297.561904199245,1312.11474609375,1085504.0,ASIANPAINT,0.012170803123847884,False
2018-07-19,1313.998824627333,1326.714942285017,1313.0097472610553,1321.5343017578125,848175.0,ASIANPAINT,0.007178911518299191,False
2018-07-20,1321.533974176636,1323.1823593903275,1301.2823844084269,1315.3642578125,575194.0,ASIANPAINT,-0.004668848880506227,False
2018-07-23,1342.3509437370894,1379.3690186350675,1315.505808271574,1349.9805908203125,1975242.0,ASIANPAINT,0.02631691776799583,False
2018-07-24,1359.211534315917,1390.4837148921736,1342.7276799496467,1382.5244140625,2171087.0,ASIANPAINT,0.024106882323702283,False
2018-07-25,1368.6306569843218,1404.0473667494807,1338.8184107989205,1365.9461669921875,4310816.0,ASIANPAINT,-0.011991287026605124,False
2018-07-26,1364.0152169142682,1373.1990775517447,1339.6662350410977,1350.5926513671875,1732715.0,ASIANPAINT,-0.011240205504444156,False
2018-07-27,1353.5596055942465,1369.5724888893767,1342.5860478690815,1351.534423828125,630981.0,ASIANPAINT,0.0006973031135510954,False
2018-07-30,1350.969298935542,1367.5473199769342,1344.1402751131382,1347.1544189453125,750392.0,ASIANPAINT,-0.0032407645751311165,False
2018-07-31,1346.9659968499232,1372.0214252634169,1343.1982597957976,1367.1234130859375,1221636.0,ASIANPAINT,0.014823092185867415,False
2018-08-01,1373.3406995108185,1375.1774260584143,1347.7201234003635,1353.7484130859375,1121286.0,ASIANPAINT,-0.009783315735782283,False
2018-08-02,1353.7482165921845,1360.0592467277286,1332.696003526305,1336.0399169921875,836564.0,ASIANPAINT,-0.013081083547409333,False
2018-08-03,1341.3145205183353,1343.4338728155024,1325.3016364952932,1329.8699951171875,1002287.0,ASIANPAINT,-0.00461806701770584,False
2018-08-06,1337.5467257002206,1338.39448957915,1313.715741566337,1316.259033203125,795996.0,ASIANPAINT,-0.010234806382606654,False
2018-08-07,1317.765965776944,1354.5014001338425,1317.765965776944,1341.5498046875,1915936.0,ASIANPAINT,0.01921412947330725,False
2018-08-08,1347.8611482507447,1363.5915236406404,1334.721207759348,1342.963134765625,1063862.0,ASIANPAINT,0.001053505485362205,False
2018-08-09,1348.7560969322942,1350.686993758695,1331.989616051445,1335.0509033203125,903734.0,ASIANPAINT,-0.00589162221991546,False
2018-08-10,1337.547002793436,1356.2915225191723,1327.4212068215843,1336.228271484375,997053.0,ASIANPAINT,0.0008818900920815054,False
2018-08-13,1331.895118025002,1339.053795804365,1315.8822347106989,1318.0015869140625,875198.0,ASIANPAINT,-0.013640397347726374,False
2018-08-14,1326.1494576151524,1334.4384113011806,1310.7488532545296,1314.0926513671875,729379.0,ASIANPAINT,-0.0029658048864927844,False
2018-08-15,1326.1494576151524,1334.4384113011806,1310.7488532545296,1314.0926513671875,729379.0,ASIANPAINT,0.0,False
2018-08-16,1319.6501281003084,1328.1275379167987,1306.463046163546,1313.8101806640625,1050412.0,ASIANPAINT,-0.00021495493702905488,False
2018-08-17,1321.5340796792782,1323.559261814222,1309.2889313999976,1319.320556640625,537229.0,ASIANPAINT,0.00419419491313211,False
2018-08-20,1324.3598114134488,1347.90817221383,1316.8243359573266,1327.27978515625,1259905.0,ASIANPAINT,0.006032823846762181,False
2018-08-21,1334.2031195495074,1343.1514975880211,1314.375466674567,1321.8167724609375,1520772.0,ASIANPAINT,-0.004115946582181507,False
2018-08-22,1334.2031195495074,1343.1514975880211,1314.375466674567,1321.8167724609375,1520772.0,ASIANPAINT,0.0,False
2018-08-23,1328.1276851530292,1330.0115542099838,1309.94830276052,1313.76318359375,859955.0,ASIANPAINT,-0.006092817881402368,False
2018-08-24,1313.9985950745088,1329.0695467026037,1304.626393023682,1312.585693359375,919355.0,ASIANPAINT,-0.000896272820763655,False
2018-08-27,1316.3535240890467,1325.3019022492226,1315.41158954587,1318.52001953125,785772.0,ASIANPAINT,0.004521096185870377,False
2018-08-28,1320.5923089198488,1337.2174776027723,1319.6503743200487,1325.77294921875,1290318.0,ASIANPAINT,0.005500811197450384,False
2018-08-29,1331.660093857534,1331.660093857534,1310.2310808529298,1313.056884765625,743529.0,ASIANPAINT,-0.009591434536824983,False
2018-08-30,1313.150586629112,1317.4834614192537,1293.7939057240249,1298.644775390625,1062266.0,ASIANPAINT,-0.010975997721204944,False
2018-08-31,1302.6953893540133,1311.172799696881,1284.9869750893504,1292.7579345703125,1006329.0,ASIANPAINT,-0.004533064723986402,False
2018-09-03,1303.6374432759883,1306.9342142669325,1276.3213407795986,1282.5380859375,817733.0,ASIANPAINT,-0.007905461927185442,False
2018-09-04,1281.0309797741052,1285.3638556798337,1226.8697434968913,1235.1588134765625,1789240.0,ASIANPAINT,-0.036941805456252474,False
2018-09-05,1238.1728028407008,1252.7727864420935,1226.8224470157584,1244.5780029296875,1222703.0,ASIANPAINT,0.0076258934076769425,False
2018-09-06,1250.841577457765,1254.6093145666944,1232.050034619865,1238.172607421875,726455.0,ASIANPAINT,-0.005146640461854868,False
2018-09-07,1245.9908933909014,1245.9908933909014,1233.934086854697,1239.585693359375,912914.0,ASIANPAINT,0.0011412673233357484,False
2018-09-10,1238.2668468784511,1241.4694465960074,1206.1469092307946,1218.0152587890625,1121083.0,ASIANPAINT,-0.017401325850942118,False
2018-09-11,1219.805133791078,1237.0425805163088,1211.987031728326,1222.4896240234375,1676544.0,ASIANPAINT,0.003673488654668766,False
2018-09-12,1227.8115339330884,1227.8115339330884,1205.6760747482572,1216.037353515625,1111171.0,ASIANPAINT,-0.005277975682588587,False
2018-09-13,1227.8115339330884,1227.8115339330884,1205.6760747482572,1216.037353515625,1111171.0,ASIANPAINT,0.0,False
2018-09-14,1223.3847719853682,1258.9428050976376,1222.2073536703924,1256.4466552734375,1498792.0,ASIANPAINT,0.03323031290197398,False
2018-09-17,1252.725485259921,1252.725485259921,1226.3984673793414,1232.662353515625,965321.0,ASIANPAINT,-0.018929814216932628,False
2018-09-18,1230.16615148226,1254.4209588334609,1210.385531894873,1217.0732421875,1088372.0,ASIANPAINT,-0.012646700277382461,False
2018-09-19,1228.4706539081144,1242.5996682452674,1212.2694301277309,1216.3668212890625,929673.0,ASIANPAINT,-0.0005804259546186019,False
2018-09-20,1228.4706539081144,1242.5996682452674,1212.2694301277309,1216.3668212890625,929673.0,ASIANPAINT,0.0,False
2018-09-21,1217.073398607984,1247.9217497863333,1141.5303067534358,1228.9888916015625,1867297.0,ASIANPAINT,0.010376861725909015,False
2018-09-24,1224.5148137961005,1240.198045753859,1183.069697021463,1198.093505859375,1691456.0,ASIANPAINT,-0.025138864926538163,False
2018-09-25,1197.9523512044434,1229.0832176508927,1184.1529876895577,1215.0013427734375,1262738.0,ASIANPAINT,0.014112284918809115,False
2018-09-26,1224.5147562250145,1227.8115267225437,1200.0244611005144,1207.5599365234375,1338324.0,ASIANPAINT,-0.006124607428839357,False
2018-09-27,1219.6168908047907,1237.7019880157766,1202.3322999757006,1212.74072265625,1901166.0,ASIANPAINT,0.004290293157396263,False
2018-09-28,1217.9209870129575,1238.6435405429538,1211.3274472534133,1218.20361328125,1549540.0,ASIANPAINT,0.004504582490670206,False
2018-10-01,1223.5727650822837,1231.9560040981528,1195.3147335561337,1205.4876708984375,1143818.0,ASIANPAINT,-0.01043827340863146,False
2018-10-02,1223.5727650822837,1231.9560040981528,1195.3147335561337,1205.4876708984375,1143818.0,ASIANPAINT,0.0,False
2018-10-03,1191.452866827582,1195.314774940084,1173.7915965122736,1179.06640625,1236645.0,ASIANPAINT,-0.021917490561098818,False
2018-10-04,1156.6955881054253,1167.245208714142,1143.508504853409,1153.587158203125,1557441.0,ASIANPAINT,-0.02160968026212473,False
2018-10-05,1150.5258466494186,1167.9987775811285,1122.644608503607,1139.269775390625,1344685.0,ASIANPAINT,-0.012411184287801302,False
2018-10-08,1139.7406578257164,1181.1857726557423,1131.3574184204697,1175.3458251953125,1050759.0,ASIANPAINT,0.031665941275689446,False
2018-10-09,1181.1861234893497,1182.975822430483,1121.8442369025638,1131.640380859375,1088738.0,ASIANPAINT,-0.037185178522818774,False
2018-10-10,1135.878929161969,1168.7994966282993,1112.3305647419193,1154.7646484375,803576.0,ASIANPAINT,0.02043428987622753,False
2018-10-11,1131.263175392116,1150.5728299262862,1121.3257218218855,1148.26513671875,781348.0,ASIANPAINT,-0.005628429764926057,False
2018-10-12,1162.2529105421183,1192.441839888009,1162.2529105421183,1187.9676513671875,1000950.0,ASIANPAINT,0.0345760864619562,False
2018-10-15,1182.1274844378177,1184.19969379614,1169.4113720554187,1177.700439453125,728514.0,ASIANPAINT,-0.00864266960657245,False
2018-10-16,1184.011732559695,1208.4078604672784,1179.8201697937302,1193.9962158203125,908616.0,ASIANPAINT,0.01383694513585687,False
2018-10-17,1207.748466029136,1207.7956087507837,1182.1278915829464,1185.8956298828125,698043.0,ASIANPAINT,-0.0067844318350159805,False
2018-10-18,1207.748466029136,1207.7956087507837,1182.1278915829464,1185.8956298828125,698043.0,ASIANPAINT,0.0,False
2018-10-19,1190.604697424419,1212.2691816338825,1149.5834215479726,1163.6654052734375,1449043.0,ASIANPAINT,-0.018745515245360833,False
2018-10-22,1172.708119760289,1174.7333013571194,1121.8436711923728,1130.6978759765625,1949683.0,ASIANPAINT,-0.028330763420029936,False
2018-10-23,1069.2841713642106,1120.902236306347,1053.0829413365511,1072.345458984375,8272850.0,ASIANPAINT,-0.05160743487007047,False
2018-10-24,1092.6438758891854,1129.3793165440804,1083.3658452843297,1117.98193359375,2370198.0,ASIANPAINT,0.04255762378347505,False
2018-10-25,1111.9535449266134,1138.7515322697354,1106.7729057931138,1130.368408203125,1995349.0,ASIANPAINT,0.011079315539168633,False
2018-10-26,1130.3215341949667,1132.2054034186249,1100.509280734124,1121.184814453125,1440249.0,ASIANPAINT,-0.008124425349606668,False
2018-10-29,1128.1244435288063,1145.969640166691,1120.2875774568022,1129.3046875,1186190.0,ASIANPAINT,0.007242225315757134,False
2018-10-30,1128.124234840314,1140.5875627672808,1109.948481046216,1129.54052734375,1075337.0,ASIANPAINT,0.00020883632766288684,False
2018-10-31,1138.3215863795235,1166.033689436715,1117.7853430109703,1161.7376708984375,1561884.0,ASIANPAINT,0.028504637748946404,False
2018-11-01,1164.192786685295,1175.3343371542628,1146.0642833122158,1149.841064453125,1200280.0,ASIANPAINT,-0.010240355239674925,False
2018-11-02,1172.6905226841295,1219.475444309957,1171.9823762332333,1177.4114990234375,2235848.0,ASIANPAINT,0.023977604751336035,False
2018-11-05,1182.132281608414,1190.2995923884173,1163.7204769028515,1174.6259765625,756887.0,ASIANPAINT,-0.002365801984478555,False
2018-11-06,1172.8793407203354,1184.9650865107426,1166.0811807496152,1169.3858642578125,815046.0,ASIANPAINT,-0.004461090091011366,False
2018-11-07,1180.2441738124403,1184.0209551686405,1170.0468180474131,1181.14111328125,100134.0,ASIANPAINT,0.010052497967296903,False
2018-11-08,1180.2441738124403,1184.0209551686405,1170.0468180474131,1181.14111328125,100134.0,ASIANPAINT,0.0,False
2018-11-09,1189.497196341822,1235.8571590630909,1186.7117512596049,1223.29931640625,2026920.0,ASIANPAINT,0.0356927742595321,False
2018-11-12,1222.7326824444226,1241.5221884154776,1203.990432332724,1207.436767578125,1100286.0,ASIANPAINT,-0.012967021738167217,False
2018-11-13,1206.1620878793592,1223.299253466351,1206.1620878793592,1213.1964111328125,1632176.0,ASIANPAINT,0.0047701409376825765,False
2018-11-14,1238.784140353446,1263.2859604408432,1229.3421880641667,1246.8570556640625,1631802.0,ASIANPAINT,0.027745420463137993,False
2018-11-15,1246.3377518655006,1257.526442722651,1240.1060861578153,1244.732666015625,1065640.0,ASIANPAINT,-0.0017037956667022014,False
2018-11-16,1246.3375637120537,1255.5907220307688,1239.916990765411,1247.5650634765625,1113304.0,ASIANPAINT,0.002275506651564063,False
2018-11-19,1254.8355712967734,1255.6381142613843,1232.1748837789987,1238.9259033203125,784645.0,ASIANPAINT,-0.0069248173174836225,False
2018-11-20,1243.5052364087778,1256.771226757732,1231.8915878697824,1233.921630859375,867729.0,ASIANPAINT,-0.0040392023829076695,False
2018-11-21,1254.8355281776678,1267.5821644684115,1240.436550145531,1250.3033447265625,1374789.0,ASIANPAINT,0.013276138011924177,False
2018-11-22,1255.7799632507442,1256.4408539702138,1235.715809702565,1241.050537109375,691593.0,ASIANPAINT,-0.007400450183720042,False
2018-11-23,1255.7799632507442,1256.4408539702138,1235.715809702565,1241.050537109375,691593.0,ASIANPAINT,0.0,False
2018-11-26,1255.7322239187877,1281.7921008184558,1249.7366081008142,1274.1912841796875,2149117.0,ASIANPAINT,0.02670378528460504,False
2018-11-27,1271.6423921460243,1271.6423921460243,1252.050337883783,1264.8441162109375,1130756.0,ASIANPAINT,-0.007335765112196357,False
2018-11-28,1277.4018034668538,1278.9597487135477,1245.535213113529,1250.3505859375,1205630.0,ASIANPAINT,-0.011458748226505056,False
2018-11-29,1261.44486115915,1279.3845710109642,1256.440580202465,1274.9468994140625,3556169.0,ASIANPAINT,0.019671533530829954,False
2018-11-30,1277.3073068361184,1285.7578077342853,1267.2516049503524,1270.8394775390625,1030541.0,ASIANPAINT,-0.003221641526315877,False
2018-12-03,1269.942494184631,1283.1612264661069,1260.5477984164331,1263.9940185546875,710748.0,ASIANPAINT,-0.005386564633348523,False
2018-12-04,1261.9640092644756,1279.101058153561,1252.427546530873,1255.2601318359375,830261.0,ASIANPAINT,-0.00690975320337095,False
2018-12-05,1254.3630559777084,1268.0538834610932,1249.7364774316875,1255.3072509765625,864628.0,ASIANPAINT,3.753735136635683e-05,False
2018-12-06,1250.1142872600765,1251.0112264837624,1214.8013681785844,1222.8270263671875,896350.0,ASIANPAINT,-0.025874322468947053,False
2018-12-07,1233.5908729288478,1250.114286841021,1225.9429158268508,1245.0628662109375,1037026.0,ASIANPAINT,0.01818396172499459,False
2018-12-10,1208.5701295026004,1233.3552591115404,1191.857916783864,1203.09375,1074399.0,ASIANPAINT,-0.0337084313972521,False
2018-12-11,1197.2397002249668,1261.8698256361886,1182.2742270237989,1249.7369384765625,1746513.0,ASIANPAINT,0.03876937144471282,False
2018-12-12,1249.1701081737945,1262.5776323925654,1238.6423098340706,1256.6292724609375,986580.0,ASIANPAINT,0.00551502782079627,False
2018-12-13,1263.7578045890657,1268.2427310269516,1242.56067205433,1246.5262451171875,1175211.0,ASIANPAINT,-0.008039783542495904,False
2018-12-14,1258.4234314605974,1275.607738308623,1246.3376865783737,1266.1185302734375,1869410.0,ASIANPAINT,0.015717507138734987,False
2018-12-17,1265.2215336110744,1269.8952536207607,1255.7795818677082,1261.3031005859375,665295.0,ASIANPAINT,-0.003803300854036129,False
2018-12-18,1263.7578016215475,1285.0494458167889,1253.4661679211115,1280.045166015625,1581385.0,ASIANPAINT,0.014859287526511888,False
2018-12-19,1293.5474692019284,1328.2938998793943,1293.5474692019284,1322.109375,3334213.0,ASIANPAINT,0.03286150371967533,False
2018-12-20,1312.3372478176896,1351.6630104272217,1311.5347047559094,1346.23388671875,2578234.0,ASIANPAINT,0.018246986349937933,False
2018-12-21,1353.8812257177317,1353.8812257177317,1305.1607870512762,1310.7314453125,2098064.0,ASIANPAINT,-0.02637167416189623,False
2018-12-24,1310.5429868649271,1311.439926235363,1275.702159623577,1281.3201904296875,1649577.0,ASIANPAINT,-0.022438810778511842,False
2018-12-25,1310.5429868649271,1311.439926235363,1275.702159623577,1281.3201904296875,1649577.0,ASIANPAINT,0.0,False
2018-12-26,1291.6115856525964,1298.1738104716062,1272.2084463330875,1286.9378662109375,1790087.0,ASIANPAINT,0.004384287255604802,False
2018-12-27,1284.1525324954362,1307.4741042840676,1278.7234109214096,1295.90771484375,2174090.0,ASIANPAINT,0.006969915850888686,False
2018-12-28,1305.8219481170788,1305.8219481170788,1283.1612635510558,1289.7706298828125,1705033.0,ASIANPAINT,-0.004735742283683675,False
2018-12-31,1298.2685028466328,1301.1010886710255,1290.998245333977,1296.4273681640625,698593.0,ASIANPAINT,0.005161179923793835,False
2019-01-01,1296.5689384351572,1302.7062078784284,1282.7837101219145,1295.0111083984375,664707.0,ASIANPAINT,-0.0010924327890660113,False
2019-01-02,1290.7149178688237,1309.457170691136,1285.6162404232591,1306.1053466796875,1233780.0,ASIANPAINT,0.008566905881580045,False
2019-01-03,1304.689024903338,1316.066508356997,1301.101036898593,1310.8262939453125,1636293.0,ASIANPAINT,0.003614522578616164,False
2019-01-04,1310.542982253935,1323.1952214166731,1304.311316773245,1308.512939453125,1202397.0,ASIANPAINT,-0.001764806292697041,False
2019-01-07,1308.6543628069596,1326.971770157627,1306.529923906299,1318.0963134765625,1074373.0,ASIANPAINT,0.007323866455186012,False
2019-01-08,1322.817295958547,1333.8643321983948,1317.6242230622074,1323.0533447265625,1232440.0,ASIANPAINT,0.003760750408993596,False
2019-01-09,1324.2338163672432,1335.0920615638374,1319.1823949143825,1323.76171875,973687.0,ASIANPAINT,0.0005354085126354491,False
2019-01-10,1312.431142192968,1321.8730928562268,1311.1565019050654,1318.4267578125,1004783.0,ASIANPAINT,-0.00403015199936263,False
2019-01-11,1321.6371958449915,1327.7272086187968,1314.6973843622784,1325.319580078125,473391.0,ASIANPAINT,0.005228066121064856,False
2019-01-14,1325.65000350317,1331.8816685021864,1308.1351371969108,1311.109375,1360800.0,ASIANPAINT,-0.010722096988325935,False
2019-01-15,1311.1094470766209,1335.516870231818,1311.1094470766209,1327.4912109375,1355920.0,ASIANPAINT,0.012494637175102241,False
2019-01-16,1331.3152657852131,1334.1005955926162,1310.2596661875973,1312.1953125,1189597.0,ASIANPAINT,-0.011522410326692656,False
2019-01-17,1312.4311678824358,1320.4568261032996,1306.577204459905,1312.053466796875,853829.0,ASIANPAINT,-0.00010809801084776804,False
2019-01-18,1313.375254848862,1326.3579361962177,1305.8216947922183,1322.2978515625,1092189.0,ASIANPAINT,0.007807901907103343,False
2019-01-21,1317.3411159364125,1345.2893864660662,1317.3411159364125,1342.739990234375,2513582.0,ASIANPAINT,0.015459556746401315,False
2019-01-22,1344.4397265533898,1352.1349413906496,1298.5046016158276,1328.435546875,5483768.0,ASIANPAINT,-0.01065317445180003,False
2019-01-23,1349.2550575855785,1349.6798993590696,1312.4314415982883,1318.615966796875,2702265.0,ASIANPAINT,-0.007391837790869493,False
2019-01-24,1321.8733789883363,1334.6200151428668,1318.5686955408655,1323.6201171875,1562800.0,ASIANPAINT,0.0037950021208834617,False
2019-01-25,1329.8044666191083,1334.8086317377686,1277.779337128453,1295.577392578125,1613548.0,ASIANPAINT,-0.021186384405339598,False
2019-01-28,1298.2686987472816,1313.3758254236136,1290.5734830448791,1302.517578125,1590764.0,ASIANPAINT,0.005356828227038202,False
2019-01-29,1300.1566924369677,1321.8731804006934,1296.568704844031,1315.547119140625,1061762.0,ASIANPAINT,0.010003351382313896,False
2019-01-30,1316.208161836575,1337.7358593673146,1295.5302630717192,1312.80908203125,1313152.0,ASIANPAINT,-0.0020812915550783018,False
2019-01-31,1321.8729419645786,1336.0358663427703,1313.42244318886,1333.769775390625,1256050.0,ASIANPAINT,0.01596629216408485,False
2019-02-01,1333.5812306564555,1387.6364020918677,1329.615541937718,1375.881103515625,2077539.0,ASIANPAINT,0.031573161202177236,False
2019-02-04,1363.4178830584365,1371.7268470086117,1353.9759309596936,1365.63671875,735159.0,ASIANPAINT,-0.007445690430262331,False
2019-02-05,1364.3146535242972,1385.039804970519,1362.5679156538888,1369.413330078125,786962.0,ASIANPAINT,0.0027654582483560564,False
2019-02-06,1376.4950115386846,1393.8209711908414,1371.254797096548,1387.4005126953125,1088914.0,ASIANPAINT,0.013134955109690205,False
2019-02-07,1385.181467961942,1394.3873701896248,1375.6922611009004,1390.280029296875,697412.0,ASIANPAINT,0.0020754760973589192,False
2019-02-08,1386.0786989502526,1397.409042538402,1364.3622070729666,1367.9501953125,1018518.0,ASIANPAINT,-0.016061393038687477,False
2019-02-11,1367.1003087799306,1375.9757670728495,1347.3666052450226,1356.9029541015625,728051.0,ASIANPAINT,-0.00807576273521704,False
2019-02-12,1358.224764520134,1375.5979788593447,1355.156130189449,1371.0657958984375,947583.0,ASIANPAINT,0.010437623231686954,False
2019-02-13,1358.224764520134,1375.5979788593447,1355.156130189449,1371.0657958984375,947583.0,ASIANPAINT,0.0,False
2019-02-14,1338.5381437131548,1343.7312165193048,1318.5683952342324,1321.11767578125,915441.0,ASIANPAINT,-0.03643014089229557,False
2019-02-15,1322.6285964193112,1326.546914038434,1295.53012678319,1315.830322265625,1113223.0,ASIANPAINT,-0.004002182101225937,False
2019-02-18,1323.4784787835606,1323.4784787835606,1269.9426524740013,1303.0367431640625,1460282.0,ASIANPAINT,-0.009722818273053768,False
2019-02-19,1295.4829659514935,1318.9933323318853,1294.4915149680437,1300.959228515625,697530.0,ASIANPAINT,-0.0015943638269115823,False
2019-02-20,1302.9893672381604,1320.7402829820771,1299.212586463557,1318.9462890625,843469.0,ASIANPAINT,0.013825998657466032,False
2019-02-21,1320.929008579155,1329.2851125653467,1312.7145569164302,1319.7960205078125,677142.0,ASIANPAINT,0.0006442502263805938,False
2019-02-22,1320.929008579155,1329.1907161024342,1306.9548743222156,1319.7960205078125,801380.0,ASIANPAINT,0.0,False
2019-02-25,1321.8260330131222,1327.3496671767773,1313.7059772902346,1320.220947265625,711217.0,ASIANPAINT,0.000321963963529015,False
2019-02-26,1318.9463461057603,1328.4826949224323,1301.6675272113755,1323.76171875,1147218.0,ASIANPAINT,0.0026819537227527057,False
2019-02-27,1325.6499193173995,1351.0015346800578,1317.1521634243393,1327.2550048828125,1462017.0,ASIANPAINT,0.0026389085613618413,False
2019-02-28,1335.8475703049517,1336.0363632636106,1323.242470713524,1326.783203125,1230935.0,ASIANPAINT,-0.00035547182423634194,False
2019-03-01,1330.3710194105258,1338.821520236787,1310.6373169368271,1314.650146484375,783876.0,ASIANPAINT,-0.009144716794761809,False
2019-03-04,1330.3710194105258,1338.821520236787,1310.6373169368271,1314.650146484375,783876.0,ASIANPAINT,0.0,False
2019-03-05,1315.7363889881856,1331.0795653936812,1305.5390317969309,1325.5087890625,1214257.0,ASIANPAINT,0.008259720357665534,False
2019-03-06,1329.4267188336185,1331.3151090592344,1309.1737797671644,1315.9246826171875,720335.0,ASIANPAINT,-0.007230511426552733,False
2019-03-07,1320.551631066974,1327.0666022191613,1314.319964631144,1317.577392578125,746742.0,ASIANPAINT,0.0012559305124137943,False
2019-03-08,1315.9722236939951,1316.8220225313423,1302.9895380790767,1305.2083740234375,524331.0,ASIANPAINT,-0.00938769792526939,False
2019-03-11,1311.6756558525872,1343.5894931494292,1307.7100829318058,1340.568115234375,1342007.0,ASIANPAINT,0.02709126137609541,False
2019-03-12,1342.6454621102068,1364.6923951347098,1341.8900599101023,1348.405029296875,1333909.0,ASIANPAINT,0.005845964836430406,False
2019-03-13,1359.0746603918064,1359.0746603918064,1337.924663825909,1348.5941162109375,708227.0,ASIANPAINT,0.00014023005695928958,False
2019-03-14,1357.3746483986397,1366.2028482031958,1340.756840191562,1354.6837158203125,1113700.0,ASIANPAINT,0.004515516964054722,False
2019-03-15,1353.9758483909864,1375.6923368937703,1348.9244273778477,1352.6068115234375,1667627.0,ASIANPAINT,-0.0015331285617598,False
2019-03-18,1365.3061679032592,1379.0913938498134,1356.430710565112,1364.928466796875,1148000.0,ASIANPAINT,0.009109561750291428,False
2019-03-19,1361.5295563547295,1378.3834185880614,1359.6411658466095,1372.7655029296875,886660.0,ASIANPAINT,0.0057417193087077045,False
2019-03-20,1380.4132890024557,1384.190069546922,1367.6666546648817,1374.8897705078125,764625.0,ASIANPAINT,0.0015474365968488613,False
2019-03-21,1380.4132890024557,1384.190069546922,1367.6666546648817,1374.8897705078125,764625.0,ASIANPAINT,0.0,False
2019-03-22,1377.5804621953323,1397.3141601337957,1371.5375913314629,1389.1468505859375,1380404.0,ASIANPAINT,0.010369616811432891,False
2019-03-25,1383.3403967636891,1393.254446595142,1370.4993647955446,1376.2117919921875,848078.0,ASIANPAINT,-0.009311512737687933,False
2019-03-26,1378.9969657713227,1408.975160679395,1378.9969657713227,1402.177001953125,1630147.0,ASIANPAINT,0.01886716137154343,False
2019-03-27,1410.627874173006,1413.4132043942216,1381.8299155637176,1389.90283203125,1387002.0,ASIANPAINT,-0.00875365228839009,False
2019-03-28,1391.2717381785053,1424.743414585182,1391.2717381785053,1413.4603271484375,1353947.0,ASIANPAINT,0.016949023035487842,False
2019-03-29,1391.2717381785053,1424.743414585182,1391.2717381785053,1413.4603271484375,1353947.0,ASIANPAINT,0.0,False
2019-04-01,1413.2241685030708,1420.069583717133,1406.8508508899786,1409.4473876953125,707570.0,ASIANPAINT,-0.0028390888488684096,False
2019-04-02,1409.6832483991377,1438.4339423586582,1401.7048461106028,1434.515625,1326634.0,ASIANPAINT,0.01778586240503688,False
2019-04-03,1436.3569733237728,1444.4770291352932,1409.6834584535038,1414.0267333984375,1606692.0,ASIANPAINT,-0.014282794306658353,False
2019-04-04,1420.8250178800474,1439.8977152841353,1419.1254203751182,1434.2325439453125,1409222.0,ASIANPAINT,0.01428955342188809,False
2019-04-05,1435.176608411128,1438.622943713228,1419.125291080214,1429.936279296875,1129222.0,ASIANPAINT,-0.002995514685937395,False
2019-04-08,1429.5116270475546,1429.5116270475546,1403.074159704535,1412.8465576171875,925518.0,ASIANPAINT,-0.011951386874449299,False
2019-04-09,1382.9624638080477,1392.593322613465,1356.9970995542335,1364.22021484375,2642226.0,ASIANPAINT,-0.03441728509814079,False
2019-04-10,1368.8943770309431,1370.0273652752317,1326.924827251284,1331.1737060546875,2608319.0,ASIANPAINT,-0.02422373487028817,False
2019-04-11,1331.0319504966076,1352.0402940621516,1329.4268647319604,1343.7314453125,1494450.0,ASIANPAINT,0.009433584212710233,False
2019-04-12,1352.7955587458437,1364.17315604988,1346.2334487623762,1358.3663330078125,1510649.0,ASIANPAINT,0.010891229602734365,False
2019-04-15,1367.147305732931,1370.4519887202073,1347.3664636695123,1351.66259765625,791389.0,ASIANPAINT,-0.004935145393892726,False
2019-04-16,1362.2376383937656,1383.1515853341064,1359.8771503702103,1377.580810546875,1463057.0,ASIANPAINT,0.019175061095547452,False
2019-04-17,1362.2376383937656,1383.1515853341064,1359.8771503702103,1377.580810546875,1463057.0,ASIANPAINT,0.0,False
2019-04-18,1382.301884971322,1397.3146129212184,1378.8084085511136,1387.58935546875,1425676.0,ASIANPAINT,0.007265305124206645,False
2019-04-19,1382.301884971322,1397.3146129212184,1378.8084085511136,1387.58935546875,1425676.0,ASIANPAINT,0.0,False
2019-04-22,1378.4776939369758,1378.4776939369758,1354.9200705214337,1362.8040771484375,737603.0,ASIANPAINT,-0.017862113328146467,False
2019-04-23,1368.138700281299,1373.7094744244898,1346.3278165168583,1351.1431884765625,601653.0,ASIANPAINT,-0.00855654078778112,False
2019-04-24,1355.8642608140042,1377.958450789772,1351.1432849755151,1369.1302490234375,1154712.0,ASIANPAINT,0.013312475465428353,False
2019-04-25,1369.0829850527828,1378.5249366738365,1357.8470395720892,1367.1473388671875,1161847.0,ASIANPAINT,-0.0014482991356479236,False
2019-04-26,1369.082953886702,1377.9111553997805,1355.8642219181406,1367.9027099609375,704193.0,ASIANPAINT,0.0005525162301642794,False
2019-04-29,1369.082953886702,1377.9111553997805,1355.8642219181406,1367.9027099609375,704193.0,ASIANPAINT,0.0,False
2019-04-30,1374.748248662516,1394.5763484028407,1374.0873581077876,1381.499267578125,1525776.0,ASIANPAINT,0.00993971100296731,False
2019-05-01,1374.748248662516,1394.5763484028407,1374.0873581077876,1381.499267578125,1525776.0,ASIANPAINT,0.0,False
2019-05-02,1383.2459525652398,1390.7051176136483,1350.2935174012944,1356.4307861328125,774788.0,ASIANPAINT,-0.01814585214312814,False
2019-05-03,1363.2293647175302,1374.7485024950354,1352.276605870191,1358.2723388671875,1020007.0,ASIANPAINT,0.00135764592871368,False
2019-05-06,1354.872815216797,1367.761102359185,1329.9461548961956,1333.958984375,1161960.0,ASIANPAINT,-0.017900205869218477,False
2019-05-07,1347.177738251428,1347.177738251428,1299.543021935816,1310.3541259765625,2863939.0,ASIANPAINT,-0.017695340467680953,False
2019-05-08,1304.8777397549293,1317.152277104288,1286.5603301973226,1308.3712158203125,1414591.0,ASIANPAINT,-0.0015132628019713934,False
2019-05-09,1307.6632789192524,1315.87784746239,1271.4062703778834,1278.6292724609375,2628463.0,ASIANPAINT,-0.022732037360457813,False
2019-05-10,1240.7668830283628,1274.6635135895324,1240.7668830283628,1266.2130126953125,3476379.0,ASIANPAINT,-0.009710601839834188,False
2019-05-13,1266.2129291383903,1270.178502593479,1249.7839107735183,1258.1400146484375,862130.0,ASIANPAINT,-0.006375702955137452,False
2019-05-14,1255.7792648838406,1260.2641908298544,1229.436203117726,1246.5733642578125,2167873.0,ASIANPAINT,-0.00919345244245895,False
2019-05-15,1252.0028148286904,1254.8354003826014,1229.05882573873,1233.0716552734375,996276.0,ASIANPAINT,-0.010831058461138965,False
2019-05-16,1238.784014254638,1240.67240452027,1223.53523980802,1231.608154296875,726485.0,ASIANPAINT,-0.001186874234196833,False
2019-05-17,1232.1745980002663,1256.4876216772832,1228.397817623254,1246.3375244140625,860934.0,ASIANPAINT,0.01195946134799386,False
2019-05-20,1265.2215958955871,1301.478715426624,1260.500619791499,1297.2769775390625,976630.0,ASIANPAINT,0.040871314653667445,False
2019-05-21,1306.7663284270852,1306.7663284270852,1277.2129686823473,1281.981201171875,1166297.0,ASIANPAINT,-0.011790678962177892,False
2019-05-22,1284.5775566436778,1297.0881429174954,1272.8223726255226,1292.0838623046875,840075.0,ASIANPAINT,0.007880506456395375,False
2019-05-23,1311.4869974924604,1311.4869974924604,1281.9336446782306,1291.4228515625,1527569.0,ASIANPAINT,-0.0005115850150844148,False
2019-05-24,1314.3197453954497,1322.2981488960406,1299.3542742197071,1307.23828125,980933.0,ASIANPAINT,0.01224651528224463,False
2019-05-27,1309.5044028739817,1313.0922756350744,1286.6548088854706,1290.5732421875,782730.0,ASIANPAINT,-0.012748279561217157,False
2019-05-28,1293.500238912358,1311.3455522204297,1284.1055422615957,1288.2127685546875,1562891.0,ASIANPAINT,-0.0018290117566760467,False
2019-05-29,1284.860868853143,1290.6675771021305,1271.9253255126887,1282.453125,582768.0,ASIANPAINT,-0.004471034362708237,False
2019-05-30,1288.826374647525,1314.319643596597,1278.3458315756568,1297.890625,1032259.0,ASIANPAINT,0.012037477003301822,False
2019-05-31,1303.9336105973646,1348.3107863381874,1303.9336105973646,1328.7659912109375,2559888.0,ASIANPAINT,0.02378888144826341,False
2019-06-03,1352.0401987659618,1383.1986387119691,1350.199064326977,1377.8167724609375,2867897.0,ASIANPAINT,0.03691453692707691,False
2019-06-04,1373.804125710352,1373.804125710352,1337.9719611121195,1342.173583984375,1493226.0,ASIANPAINT,-0.0258693239834058,False
2019-06-05,1373.804125710352,1373.804125710352,1337.9719611121195,1342.173583984375,1493226.0,ASIANPAINT,0.0,False
2019-06-06,1354.8729577218212,1380.2718335578083,1345.383864405274,1348.8302001953125,1985857.0,ASIANPAINT,0.004959579215660481,False
2019-06-07,1349.254920530577,1359.4994152450363,1334.1950534200978,1339.19921875,878470.0,ASIANPAINT,-0.007140247485501128,False
2019-06-10,1349.2550309384665,1361.5295693584803,1339.3409806761474,1343.212158203125,800967.0,ASIANPAINT,0.002996521650356687,False
2019-06-11,1348.3105609188665,1353.361981495321,1330.8429521114438,1345.9500732421875,743047.0,ASIANPAINT,0.002038334020684429,False
2019-06-12,1350.1518323511832,1359.5466434135972,1341.7013317135506,1345.9029541015625,874293.0,ASIANPAINT,-3.500808949885581e-05,False
2019-06-13,1356.5349021447723,1365.932892802408,1350.0796862094048,1356.9620361328125,1572720.0,ASIANPAINT,0.008216849511733404,False
2019-06-14,1357.4843794931207,1359.145636600892,1339.4478737516038,1341.109130859375,546091.0,ASIANPAINT,-0.011682644651295093,False
2019-06-17,1345.143669609868,1352.737988139775,1327.961547111973,1330.8568115234375,962166.0,ASIANPAINT,-0.0076446570230774835,False
2019-06-18,1333.752364584264,1338.8785534319995,1306.2704671963015,1310.067626953125,1177437.0,ASIANPAINT,-0.015620902557139105,False
2019-06-19,1311.9185675292356,1325.5883644913797,1302.4256690666507,1311.1116943359375,692212.0,ASIANPAINT,0.0007969568603420907,False
2019-06-20,1296.3025638126358,1333.6570893987102,1291.6984161785497,1321.458740234375,991210.0,ASIANPAINT,0.007891811157765716,False
2019-06-21,1309.9722957986037,1323.9269241364814,1302.425488916757,1312.86767578125,1242165.0,ASIANPAINT,-0.006501197647382662,False
2019-06-24,1315.7155931637787,1327.1070701608678,1298.865700105585,1306.3651123046875,757055.0,ASIANPAINT,-0.004952946588994922,False
2019-06-25,1301.476218677,1302.8526424322429,1291.3662598854378,1293.976806640625,1388994.0,ASIANPAINT,-0.009483034679490965,False
2019-06-26,1291.033961031209,1300.0997238007792,1283.4396436133782,1290.9864501953125,960174.0,ASIANPAINT,-0.002310981487431696,False
2019-06-27,1292.0783258871431,1300.1948000435264,1289.277967324236,1292.3631591796875,2113899.0,ASIANPAINT,0.0010664008008500758,False
2019-06-28,1295.7804433143551,1302.3305654345995,1281.6360035776163,1289.27783203125,1131371.0,ASIANPAINT,-0.0023873530644403784,False
2019-07-01,1298.6283961781087,1304.7987796394812,1282.537981042415,1285.1959228515625,739182.0,ASIANPAINT,-0.0031660430965887443,False
2019-07-02,1287.2370570546163,1291.0342165149546,1272.712875766779,1277.5068359375,1171118.0,ASIANPAINT,-0.005982813030562806,False
2019-07-03,1287.2842445351712,1301.4760781011637,1281.066351128753,1283.4395751953125,1378288.0,ASIANPAINT,0.004643998052236364,False
2019-07-04,1287.23682000585,1297.0619451241246,1282.632788184059,1290.7491455078125,902077.0,ASIANPAINT,0.0056952975845299125,False
2019-07-05,1294.7365480217848,1303.8021972504243,1282.917818962715,1289.8001708984375,966162.0,ASIANPAINT,-0.0007352122700818864,False
2019-07-08,1289.135538349888,1289.515277442948,1265.1184602450844,1272.28564453125,866416.0,ASIANPAINT,-0.013579255734620821,False
2019-07-09,1276.7000147669405,1276.7000147669405,1225.770588253232,1254.011962890625,2037332.0,ASIANPAINT,-0.014362876543622116,False
2019-07-10,1250.9741651934169,1272.3805810044596,1245.515748754399,1255.8629150390625,1115080.0,ASIANPAINT,0.0014760243149283259,False
2019-07-11,1250.2147436243922,1269.200540794087,1244.5665153184518,1264.8812255859375,757323.0,ASIANPAINT,0.0071809673164802135,False
2019-07-12,1264.8809647159014,1300.099703906233,1258.235937076984,1292.885009765625,1050985.0,ASIANPAINT,0.022139457534216422,False
2019-07-15,1293.7394357461928,1297.6790111506489,1278.7407281153728,1284.5313720703125,666533.0,ASIANPAINT,-0.0064612379540441855,False
2019-07-16,1283.4396995093882,1305.2733630365449,1276.794671479384,1302.7103271484375,782642.0,ASIANPAINT,0.014152207936210637,False
2019-07-17,1307.1720471669396,1333.6097447705845,1305.7481124750366,1325.1136474609375,1599926.0,ASIANPAINT,0.017197468881312794,False
2019-07-18,1324.259035072024,1324.5912632668144,1307.3616332903985,1314.7186279296875,802222.0,ASIANPAINT,-0.007844624912865417,False
2019-07-19,1319.6074448060492,1328.435884404777,1295.7802991119477,1299.67236328125,842552.0,ASIANPAINT,-0.01144447513619784,False
2019-07-22,1298.4383823428852,1338.4983577621751,1290.1320982078364,1332.992431640625,1279369.0,ASIANPAINT,0.025637283134383626,False
2019-07-23,1337.5491655945073,1370.7267937190709,1330.761721173635,1356.8671875,2262423.0,ASIANPAINT,0.01791064622174221,False
2019-07-24,1357.9589423167995,1417.7641945824118,1324.4015739437802,1408.1763916015625,7400250.0,ASIANPAINT,0.03781446303237579,False
2019-07-25,1406.1832619592265,1427.5896809965632,1385.0615603813828,1419.995361328125,4194809.0,ASIANPAINT,0.008393103163106153,False
2019-07-26,1412.6382141620363,1453.172960616609,1410.2649895176276,1449.04345703125,2420636.0,ASIANPAINT,0.02045647224928704,False
2019-07-29,1447.5719439307068,1460.2449387506713,1430.1998953819275,1436.5126953125,1634196.0,ASIANPAINT,-0.008647609330104333,False
2019-07-30,1434.4716523608888,1449.565381870728,1426.4975956500218,1432.2408447265625,1436383.0,ASIANPAINT,-0.0029737645896740217,False
2019-07-31,1430.5797583969186,1447.666975152821,1419.3306972086373,1443.9647216796875,1249734.0,ASIANPAINT,0.008185688179674244,False
2019-08-01,1438.1740939156948,1453.789865283067,1417.906779200561,1428.3963623046875,2263295.0,ASIANPAINT,-0.010781675716350025,False
2019-08-02,1432.4784046455609,1471.3992890660168,1428.2066002579495,1466.8426513671875,3044783.0,ASIANPAINT,0.026915700765624884,False
2019-08-05,1455.4508988045925,1472.3483015509587,1444.5340674262327,1448.0465087890625,1443728.0,ASIANPAINT,-0.012814014209776237,False
2019-08-06,1452.4134178573236,1490.2425938326846,1446.765189806587,1486.4454345703125,2056715.0,ASIANPAINT,0.02651774342065938,False
2019-08-07,1484.0248715257735,1495.1315164387036,1473.202944040291,1480.1326904296875,1583322.0,ASIANPAINT,-0.004246872433934845,False
2019-08-08,1486.35038121734,1490.1000292646695,1462.1910041607991,1486.4927978515625,1579565.0,ASIANPAINT,0.004296984630498768,False
2019-08-09,1489.625385430532,1501.6814344281509,1481.8412560620636,1495.60595703125,1154542.0,ASIANPAINT,0.006130644691221487,False
2019-08-12,1489.625385430532,1501.6814344281509,1481.8412560620636,1495.60595703125,1154542.0,ASIANPAINT,0.0,False
2019-08-13,1493.707480120659,1513.1679207577567,1488.4863862911936,1493.5650634765625,1612748.0,ASIANPAINT,-0.0013645930902406178,False
2019-08-14,1494.6567348799465,1495.6060246448749,1473.772360051519,1490.10009765625,1113095.0,ASIANPAINT,-0.0023199296134090996,False
2019-08-15,1494.6567348799465,1495.6060246448749,1473.772360051519,1490.10009765625,1113095.0,ASIANPAINT,0.0,False
2019-08-16,1491.3342034538384,1519.670479433196,1481.8413059143488,1516.44287109375,1682359.0,ASIANPAINT,0.01767852607951248,False
2019-08-19,1517.914488606591,1527.9295429979093,1501.9663725806315,1506.0008544921875,1322246.0,ASIANPAINT,-0.006885862171669643,False
2019-08-20,1504.6243289347003,1518.38903099751,1502.4409160485586,1514.2596435546875,1024331.0,ASIANPAINT,0.005483920568746914,False
2019-08-21,1504.8615895395696,1514.1171646841908,1498.5013945101766,1508.5638427734375,704009.0,ASIANPAINT,-0.0037614426333645312,False
2019-08-22,1504.8140531659776,1513.072943452177,1486.8725697402972,1490.57470703125,985590.0,ASIANPAINT,-0.011924676458581418,False
2019-08-23,1490.2901470823303,1503.0580491133303,1476.7627668252026,1500.2576904296875,984637.0,ASIANPAINT,0.006496140953393015,False
2019-08-26,1509.3707795368427,1518.8636775213513,1497.17242880277,1516.5379638671875,1153556.0,ASIANPAINT,0.01085165138052857,False
2019-08-27,1518.8635863739166,1525.9357485959322,1505.098885122403,1518.3414306640625,1581449.0,ASIANPAINT,0.0011891999012514365,False
2019-08-28,1518.104117805365,1525.271301750818,1509.940249153124,1521.8538818359375,565676.0,ASIANPAINT,0.0023133473808580884,False
2019-08-29,1521.5691154689505,1537.754552727125,1508.4214750643284,1533.34033203125,861692.0,ASIANPAINT,0.007547669544631708,False
2019-08-30,1534.05225382952,1540.2226372762352,1514.212074647908,1534.2420654296875,1181516.0,ASIANPAINT,0.0005880843147476611,False
2019-09-02,1534.05225382952,1540.2226372762352,1514.212074647908,1534.2420654296875,1181516.0,ASIANPAINT,0.0,False
2019-09-03,1526.457907013041,1527.9767474260896,1493.7549217129654,1496.7926025390625,1289263.0,ASIANPAINT,-0.024409096670242048,False
2019-09-04,1498.928454703498,1502.345874489438,1450.3248678187904,1457.3021240234375,2381389.0,ASIANPAINT,-0.026383400378005573,False
2019-09-05,1459.0583537459904,1467.5070557433105,1438.4113015703394,1442.68310546875,1506173.0,ASIANPAINT,-0.010031563334530924,False
2019-09-06,1446.7174718349684,1461.383951034016,1442.682990696321,1454.6915283203125,801338.0,ASIANPAINT,0.008323673304305279,False
2019-09-09,1452.935294650548,1466.6524835001835,1446.907212774815,1462.4755859375,812836.0,ASIANPAINT,0.005351002233563218,False
2019-09-10,1452.935294650548,1466.6524835001835,1446.907212774815,1462.4755859375,812836.0,ASIANPAINT,0.0,False
2019-09-11,1466.6530249469213,1485.6388246226095,1464.422216661053,1482.268798828125,1541300.0,ASIANPAINT,0.01353404670884606,False
2019-09-12,1490.3848991031798,1490.3848991031798,1459.2007541673904,1462.1910400390625,753116.0,ASIANPAINT,-0.013545288685112955,False
2019-09-13,1461.906421062641,1474.3896062107244,1450.514942456958,1469.6905517578125,547381.0,ASIANPAINT,0.005128954776353778,False
2019-09-16,1433.4276416671148,1449.518057915243,1425.9282288426364,1444.1546630859375,1811073.0,ASIANPAINT,-0.017375010434225735,False
2019-09-17,1449.9453078644142,1465.0390393202215,1441.591511017899,1453.267822265625,1353034.0,ASIANPAINT,0.006310376175508781,False
2019-09-18,1463.947184267346,1481.793761711709,1457.1597395034123,1469.26318359375,1057300.0,ASIANPAINT,0.011006478697910271,False
2019-09-19,1475.101318359375,1484.2144764908796,1466.6526166795068,1475.101318359375,879908.0,ASIANPAINT,0.003973511914553862,False
2019-09-20,1479.9427308334268,1637.7621528995314,1463.89971076768,1586.26318359375,3962166.0,ASIANPAINT,0.07535880000297923,False
2019-09-23,1611.7516320811662,1727.7074020485195,1611.7516320811662,1711.3321533203125,4253004.0,ASIANPAINT,0.07884503090036632,False
2019-09-24,1711.3796458101715,1711.521946571767,1663.1556790828974,1676.350830078125,2028042.0,ASIANPAINT,-0.020440989888676486,False
2019-09-25,1693.5329037250049,1693.5329037250049,1640.6100004835985,1662.9658203125,1794074.0,ASIANPAINT,-0.007984611291063204,False
2019-09-26,1672.4586232849058,1689.735649302139,1663.060632171758,1681.14453125,1674004.0,ASIANPAINT,0.010931500043749542,False
2019-09-27,1680.2429386762144,1691.0648655250648,1647.3500240735664,1686.2235107421875,1115289.0,ASIANPAINT,0.0030211438682259395,False
2019-09-30,1678.3442152084028,1680.2427946373716,1648.9637448971478,1672.7908935546875,1041807.0,ASIANPAINT,-0.00796609530226966,False
2019-10-01,1679.2459798310472,1708.6265657730007,1667.9020141912874,1676.54052734375,1317945.0,ASIANPAINT,0.0022415436403377953,False
2019-10-02,1679.2459798310472,1708.6265657730007,1667.9020141912874,1676.54052734375,1317945.0,ASIANPAINT,0.0,False
2019-10-03,1675.4965238628815,1678.5817157623458,1644.3597715716314,1660.2603759765625,1010826.0,ASIANPAINT,-0.009710562376312626,False
2019-10-04,1664.9593708176683,1672.363761584725,1630.0254605091811,1636.955322265625,1231811.0,ASIANPAINT,-0.014036987238962184,False
2019-10-07,1637.4774309061136,1654.5646476895838,1630.737496350877,1637.6673583984375,562559.0,ASIANPAINT,0.00043497591114882717,False
2019-10-08,1637.4774309061136,1654.5646476895838,1630.737496350877,1637.6673583984375,562559.0,ASIANPAINT,0.0,False
2019-10-09,1638.1894753074266,1687.8373816483393,1638.1894753074266,1683.51806640625,1777552.0,ASIANPAINT,0.027997570918585346,False
2019-10-10,1675.4966630385077,1702.0767800725462,1667.4276989388886,1688.406982421875,1599166.0,ASIANPAINT,0.002903987853282164,False
2019-10-11,1696.9503014174825,1710.43028513732,1674.5945977612823,1699.4659423828125,1442236.0,ASIANPAINT,0.006549937352826163,False
2019-10-14,1699.2286522858917,1714.7021215609805,1694.1973702594871,1707.4874267578125,881724.0,ASIANPAINT,0.004720003016802421,False
2019-10-15,1716.0308938859112,1732.4536515651112,1704.9242510744875,1711.6641845703125,1204392.0,ASIANPAINT,0.002446142646233662,False
2019-10-16,1716.7904118630474,1722.0115051808505,1667.4748586041983,1676.1607666015625,1403020.0,ASIANPAINT,-0.020742046418212978,False
2019-10-17,1682.1414046080783,1724.5272143054012,1666.9527689005563,1720.3978271484375,1722055.0,ASIANPAINT,0.026391895949555044,False
2019-10-18,1722.9609352826776,1731.9316772713662,1696.0959883970295,1724.6221923828125,1682488.0,ASIANPAINT,0.0024554583641720473,False
2019-10-21,1722.9609352826776,1731.9316772713662,1696.0959883970295,1724.6221923828125,1682488.0,ASIANPAINT,0.0,False
2019-10-22,1730.270475764958,1732.4538886616135,1684.9893985612955,1689.9256591796875,2135313.0,ASIANPAINT,-0.020118338588225426,False
2019-10-23,1673.0282096486746,1708.721479602123,1672.6484705883004,1677.774658203125,3369253.0,ASIANPAINT,-0.0071902576959869124,False
2019-10-24,1687.8372467646084,1703.9276623544465,1664.1525128541198,1699.703369140625,1497854.0,ASIANPAINT,0.013070116913665553,False
2019-10-25,1705.8735628723591,1716.6954884505724,1694.5295974957778,1705.2091064453125,1202154.0,ASIANPAINT,0.0032392342126563722,False
2019-10-28,1705.8735628723591,1716.6954884505724,1694.5295974957778,1705.2091064453125,1202154.0,ASIANPAINT,0.0,False
2019-10-29,1701.2221105652718,1727.7073173423073,1682.663565777921,1722.2489013671875,1050123.0,ASIANPAINT,0.009992789070541797,False
2019-10-30,1740.4139452241911,1740.4139452241911,1715.6867525598036,1732.139892578125,1133258.0,ASIANPAINT,0.005743067220473019,False
2019-10-31,1736.8949856397376,1744.9788749148931,1715.2110950285962,1721.012451171875,1297114.0,ASIANPAINT,-0.00642410087887757,False
2019-11-01,1727.099334420138,1731.8545638651276,1675.742856414253,1679.8798828125,1527660.0,ASIANPAINT,-0.023900215440839423,False
2019-11-04,1688.1065981603808,1702.3722877222997,1679.737347179597,1698.4730224609375,821893.0,ASIANPAINT,0.01106813638205395,False
2019-11-05,1692.8619709580375,1709.7906371054132,1681.0689767054994,1706.033935546875,1251974.0,ASIANPAINT,0.004451594453341645,False
2019-11-06,1701.4210045960397,1726.1481963900571,1693.432196336003,1709.5999755859375,1136777.0,ASIANPAINT,0.0020902515271006283,False
2019-11-07,1721.3930027406773,1741.2698843890068,1710.1706151800515,1737.51318359375,1380635.0,ASIANPAINT,0.016327332947139173,False
2019-11-08,1736.6097205607596,1737.3706036778708,1703.1329531082172,1706.984619140625,1077136.0,ASIANPAINT,-0.017570263490019555,False
2019-11-11,1702.3245221271334,1706.1287056374324,1681.4491115521546,1687.1077880859375,860384.0,ASIANPAINT,-0.011644411339039706,False
2019-11-12,1702.3245221271334,1706.1287056374324,1681.4491115521546,1687.1077880859375,860384.0,ASIANPAINT,0.0,False
2019-11-13,1686.9176727266183,1699.519030958403,1670.7022936207602,1683.7791748046875,983760.0,ASIANPAINT,-0.001972970135492247,False
2019-11-14,1690.9595510022568,1711.8825600697762,1679.9749248040223,1685.110595703125,1116800.0,ASIANPAINT,0.0007907336771710849,False
2019-11-15,1693.6699443635246,1696.6657619490873,1670.321838876788,1674.50634765625,729613.0,ASIANPAINT,-0.0062929092451942115,False
2019-11-18,1674.5065470297425,1679.0240152633828,1649.5891897367155,1653.868896484375,1273055.0,ASIANPAINT,-0.01232449862059981,False
2019-11-19,1662.3806842204283,1662.4282829546412,1634.3724280649606,1637.0828857421875,1187377.0,ASIANPAINT,-0.010149541343857149,False
2019-11-20,1645.214402811317,1663.236677024013,1631.4717192549203,1639.127685546875,1374382.0,ASIANPAINT,0.0012490508712150739,False
2019-11-21,1643.3121565121403,1649.9218787683692,1627.2394583394562,1636.1317138671875,913095.0,ASIANPAINT,-0.0018277841964995378,False
2019-11-22,1626.2884364611964,1630.0450212070482,1593.9528769058277,1600.3724365234375,1275334.0,ASIANPAINT,-0.02185598936850186,False
2019-11-25,1601.5613437767545,1633.8969053494443,1584.585197169987,1626.9542236328125,1320689.0,ASIANPAINT,0.01660975064474357,False
2019-11-26,1633.896982166158,1644.2158077577994,1604.985161358292,1626.573974609375,2714721.0,ASIANPAINT,-0.0002337183295719747,False
2019-11-27,1630.092820122078,1646.2606018852491,1621.1529646341344,1631.376708984375,883771.0,ASIANPAINT,0.0029526688917751454,False
2019-11-28,1634.134670945179,1642.9794445412929,1618.442413083637,1630.663330078125,691147.0,ASIANPAINT,-0.00043728643563512026,False
2019-11-29,1631.0436859531533,1636.1793569295671,1595.236785313772,1622.626953125,1890290.0,ASIANPAINT,-0.004928287038097556,False
2019-12-02,1622.6745701985756,1657.197584977651,1615.2088826329232,1653.1556396484375,1476972.0,ASIANPAINT,0.018814359310772355,False
2019-12-03,1654.8197405721955,1665.2336459500807,1640.5540531534696,1651.4434814453125,1374317.0,ASIANPAINT,-0.0010356908702734424,False
2019-12-04,1646.4505354451155,1649.4939518335557,1626.5261712484012,1636.084228515625,853421.0,ASIANPAINT,-0.009300501713958353,False
2019-12-05,1633.3262183337615,1653.0604203534622,1623.4353179580062,1631.85205078125,971984.0,ASIANPAINT,-0.002586772527117809,False
2019-12-06,1638.5568292084824,1662.0476139901218,1628.9987724972095,1632.61279296875,1031777.0,ASIANPAINT,0.00046618330818404274,False
2019-12-09,1640.5540020162266,1648.0672870414537,1627.239360840443,1641.837890625,751290.0,ASIANPAINT,0.0056505116804059785,False
2019-12-10,1641.5050953301327,1647.2113702849304,1625.3373162915393,1629.2841796875,686580.0,ASIANPAINT,-0.007646133037361613,False
2019-12-11,1633.8968297253227,1656.341489382749,1629.3793617735212,1653.10791015625,827804.0,ASIANPAINT,0.014622206957978001,False
2019-12-12,1655.152667365833,1668.1344667943863,1643.5023553828048,1664.948486328125,802332.0,ASIANPAINT,0.007162615398020655,False
2019-12-13,1665.281458471314,1671.6534198986049,1650.5878449814163,1658.5765380859375,960033.0,ASIANPAINT,-0.003827114348889049,False
2019-12-16,1658.6241497660965,1666.232517425574,1643.455013182804,1646.6884765625,707437.0,ASIANPAINT,-0.007167629138874032,False
2019-12-17,1650.2549497551165,1663.3318320728044,1645.5473185585408,1659.9556884765625,873024.0,ASIANPAINT,0.00805690457114161,False
2019-12-18,1663.6169586964488,1694.763710388493,1648.7806666055433,1691.387451171875,1476506.0,ASIANPAINT,0.018935302257471198,False
2019-12-19,1691.720224367568,1719.300551082187,1688.6768083148013,1714.83056640625,2554245.0,ASIANPAINT,0.013860286842102498,False
2019-12-20,1716.5899817254024,1720.441763454499,1707.127122941308,1711.1690673828125,1419128.0,ASIANPAINT,-0.0021351958001954996,False
2019-12-23,1707.8881994418482,1725.767791928212,1698.75806632302,1719.06298828125,659899.0,ASIANPAINT,0.004613174144452614,False
2019-12-24,1723.295062590946,1736.6097043548937,1710.9790653970797,1715.16357421875,896574.0,ASIANPAINT,-0.0022683369306896184,False
2019-12-25,1723.295062590946,1736.6097043548937,1710.9790653970797,1715.16357421875,896574.0,ASIANPAINT,0.0,False
2019-12-26,1711.3118304794714,1730.6179905034626,1709.0768960752318,1721.012451171875,1161570.0,ASIANPAINT,0.0034100986290996893,False
2019-12-27,1722.3440296048375,1736.609717315535,1712.453129573195,1723.5328369140625,930468.0,ASIANPAINT,0.0014644785053539167,False
2019-12-30,1721.3931979278325,1729.4294899002564,1710.646332077563,1714.0701904296875,562492.0,ASIANPAINT,-0.005490261793513418,False
2019-12-31,1716.6378527058994,1716.6378527058994,1693.907832434556,1697.5693359375,928396.0,ASIANPAINT,-0.009626708745253287,False
2020-01-01,1702.5623895334977,1714.3078997279497,1695.905067976242,1705.41552734375,397285.0,ASIANPAINT,0.00462201527804873,False
2020-01-02,1703.323321384102,1711.7876536819024,1696.0953952771913,1702.990478515625,411266.0,ASIANPAINT,-0.001421969478548224,False
2020-01-03,1692.671468818974,1692.671468818974,1661.5247168901146,1665.6617431640625,1318628.0,ASIANPAINT,-0.021919520879587817,False
2020-01-06,1652.8701464792816,1652.917745211235,1611.0717263451277,1623.5780029296875,1871804.0,ASIANPAINT,-0.025265478064251723,False
2020-01-07,1627.2396037599412,1655.2954589971814,1627.2396037599412,1639.983642578125,1033650.0,ASIANPAINT,0.010104620547232157,False
2020-01-08,1612.9737409028032,1651.0155744146618,1612.022695065007,1644.1680908203125,1006057.0,ASIANPAINT,0.002551518279541698,False
2020-01-09,1676.6938328858123,1688.1063830812914,1655.7708241941004,1685.7763671875,1781733.0,ASIANPAINT,0.025306583067445487,False
2020-01-10,1685.253444397759,1709.3149536703488,1673.8408928555618,1704.7974853515625,1256612.0,ASIANPAINT,0.011283298623883775,False
2020-01-13,1710.9316523940197,1719.4434671507408,1706.5092655377523,1716.5428466796875,823821.0,ASIANPAINT,0.006889593297178642,False
2020-01-14,1716.6378918081873,1732.4728296523483,1716.4477290612886,1730.09521484375,775629.0,ASIANPAINT,0.007895152859293209,False
2020-01-15,1728.525824306745,1754.679585059667,1721.4880618307027,1752.064208984375,1252925.0,ASIANPAINT,0.012698141669971186,False
2020-01-16,1746.0727788278866,1757.5329290508848,1739.2252943732717,1745.31201171875,1031569.0,ASIANPAINT,-0.0038538526333684597,False
2020-01-17,1745.7397827946727,1748.878280616119,1726.1482610125422,1740.4615478515625,862204.0,ASIANPAINT,-0.0027791385348977515,False
2020-01-20,1748.022229045174,1771.0850903369833,1743.8376041898298,1758.2459716796875,1091453.0,ASIANPAINT,0.010218222775492114,False
2020-01-21,1749.8769404752206,1752.3497528083808,1706.0337456193363,1722.1064453125,2101561.0,ASIANPAINT,-0.020554306365145658,False
2020-01-22,1726.1483288253478,1729.6671522589938,1680.355444982244,1692.1484375,3415306.0,ASIANPAINT,-0.01739614173911519,False
2020-01-23,1691.91076646975,1701.4212260901534,1671.082836682171,1689.1527099609375,1885275.0,ASIANPAINT,-0.0017703692375170554,False
2020-01-24,1696.333161478619,1711.7876584352646,1693.09958197341,1699.3289794921875,1195596.0,ASIANPAINT,0.00602448166541758,False
2020-01-27,1699.518723784848,1717.3508312672016,1692.8614036581023,1700.8026123046875,969054.0,ASIANPAINT,0.0008671851244133055,False
2020-01-28,1706.176590617499,1706.176590617499,1686.2046238376954,1692.0059814453125,873291.0,ASIANPAINT,-0.005172046888765713,False
2020-01-29,1699.5189516551416,1715.544051175694,1693.812676495695,1708.9818115234375,873805.0,ASIANPAINT,0.010032961032220511,False
2020-01-30,1711.8827097039473,1720.3470418763786,1698.56806640625,1716.637939453125,1005975.0,ASIANPAINT,0.004479935291331616,False
2020-01-31,1721.3930910100737,1734.707733702969,1701.1357667609514,1707.74560546875,1169614.0,ASIANPAINT,-0.005180087064374117,False
2020-02-03,1682.2100806807452,1781.2139383781168,1678.596059723438,1776.220947265625,2854532.0,ASIANPAINT,0.04009692168294565,False
2020-02-04,1778.456052300541,1803.8965332625944,1764.237960780103,1798.71337890625,1830049.0,ASIANPAINT,0.01266308207616329,False
2020-02-05,1796.5257577807035,1797.4768037085917,1774.7943815473543,1781.7845458984375,1344016.0,ASIANPAINT,-0.009411634564094107,False
2020-02-06,1786.06422654903,1790.248851789658,1754.679711386028,1765.902099609375,995386.0,ASIANPAINT,-0.008913786083521114,False
2020-02-07,1765.902090023728,1784.637647990637,1760.005535732064,1767.708984375,632858.0,ASIANPAINT,0.0010232077791993976,False
2020-02-10,1775.6024880665575,1781.0710013533187,1747.2612771165184,1777.9801025390625,747711.0,ASIANPAINT,0.005810412378310037,False
2020-02-11,1787.966190013321,1801.7563547767215,1781.0711076316209,1786.1591796875,1093021.0,ASIANPAINT,0.004600207357077446,False
2020-02-12,1787.9660804773227,1822.869414440348,1786.254151622062,1800.995361328125,1616826.0,ASIANPAINT,0.008306192308806803,False
2020-02-13,1796.5255839253978,1808.8415810619028,1776.6012201020726,1782.3074951171875,638878.0,ASIANPAINT,-0.01037640996318634,False
2020-02-14,1784.6375228802572,1806.6542573459808,1778.4557249059849,1785.16064453125,771464.0,ASIANPAINT,0.0016008177162913917,False
2020-02-17,1787.8710387090523,1800.805238486419,1779.026266251769,1789.297607421875,676579.0,ASIANPAINT,0.0023174177087639247,False
2020-02-18,1787.870874808077,1787.870874808077,1769.8960874554375,1772.4163818359375,683421.0,ASIANPAINT,-0.009434554383751181,False
2020-02-19,1778.5509388919031,1800.0921520427848,1760.7188280210528,1792.62646484375,723351.0,ASIANPAINT,0.01140255936185719,False
2020-02-20,1790.8193271909774,1793.6724647276596,1749.0209087163655,1752.064208984375,1401879.0,ASIANPAINT,-0.022627277157213244,False
2020-02-21,1790.8193271909774,1793.6724647276596,1749.0209087163655,1752.064208984375,1401879.0,ASIANPAINT,0.0,False
2020-02-24,1754.9174610347418,1762.2880668187925,1725.1972764216348,1729.9049072265625,1310832.0,ASIANPAINT,-0.012647539767197014,False
2020-02-25,1748.4027445827223,1753.300654015184,1731.0936401518795,1736.704833984375,897257.0,ASIANPAINT,0.003930809566124793,False
2020-02-26,1736.6097022591075,1754.679573202658,1730.9034272243025,1737.2279052734375,1909619.0,ASIANPAINT,0.00030118606157292227,False
2020-02-27,1740.271534667177,1761.337227207153,1721.82121867948,1753.5386962890625,1643273.0,ASIANPAINT,0.009388975946168499,False
2020-02-28,1730.90371616002,1751.9218094944952,1695.8576943566654,1709.93310546875,2964119.0,ASIANPAINT,-0.024867196208782305,False
2020-03-02,1726.2435106892276,1747.4993648230104,1682.6380763412192,1699.3289794921875,1219296.0,ASIANPAINT,-0.006201485860849232,False
2020-03-03,1699.7106317076068,1735.9477788159625,1687.249573799673,1719.285400390625,1392463.0,ASIANPAINT,0.011743706568460466,False
2020-03-04,1722.627700430845,1773.6175003188243,1722.627700430845,1764.5462646484375,3050469.0,ASIANPAINT,0.026325393240429484,False
2020-03-05,1770.323117445782,1797.0593889066674,1768.5088471416143,1789.85009765625,2062439.0,ASIANPAINT,0.014340135770174234,False
2020-03-06,1756.954885120809,1799.3509937043798,1752.18055119385,1792.714599609375,1393659.0,ASIANPAINT,0.0016004144463694914,False
2020-03-09,1802.788712351902,1829.4295222502144,1764.5940362427514,1782.8797607421875,3420741.0,ASIANPAINT,-0.005486003666914097,False
2020-03-10,1802.788712351902,1829.4295222502144,1764.5940362427514,1782.8797607421875,3420741.0,ASIANPAINT,0.0,False
2020-03-11,1790.3277435933758,1819.0215421023447,1767.936160211282,1797.8712158203125,3194186.0,ASIANPAINT,0.008408562040035816,False
2020-03-12,1780.7789095223106,1790.1844413715503,1733.0833563399578,1760.15380859375,6254349.0,ASIANPAINT,-0.0209789260179869,False
2020-03-13,1704.4372033546013,1760.535626714311,1594.4842702573917,1716.56396484375,3878300.0,ASIANPAINT,-0.02476479245005614,False
2020-03-16,1696.7983639068675,1696.7983639068675,1602.4098006843285,1607.4228515625,2867336.0,ASIANPAINT,-0.06358115136780507,False
2020-03-17,1622.3187521955,1699.4720390655286,1594.6276139885135,1653.4473876953125,2643189.0,ASIANPAINT,0.02863250083080149,False
2020-03-18,1653.8294241211004,1679.181186224914,1535.4259318630077,1545.16552734375,3676437.0,ASIANPAINT,-0.06548854300256457,False
2020-03-19,1470.494700400929,1579.3017129393622,1366.605158059942,1528.9324951171875,4906644.0,ASIANPAINT,-0.010505691422244112,False
2020-03-20,1537.3356531327447,1678.0830523901209,1499.6662019210246,1664.28515625,3128629.0,ASIANPAINT,0.08852755864963036,False
2020-03-23,1507.3527920727297,1575.5303087451534,1423.4677622799015,1430.8201904296875,2155326.0,ASIANPAINT,-0.14027942564023121,False
2020-03-24,1486.2981600802273,1525.8773475329886,1387.6603600139647,1456.02880859375,3910566.0,ASIANPAINT,0.017618299163427498,False
2020-03-25,1381.2625307664755,1532.8952992951013,1380.7373074345926,1521.2459716796875,2196415.0,ASIANPAINT,0.04479112137137253,False
2020-03-26,1532.561311466796,1575.53032019951,1502.9604387842598,1543.971923828125,2622118.0,ASIANPAINT,0.014939038506274205,False
2020-03-27,1589.6624564641943,1590.092099943407,1480.2346168389452,1531.749755859375,2102479.0,ASIANPAINT,-0.007916055842807301,False
2020-03-30,1519.3361760785897,1546.4066237659604,1488.684978259004,1522.964599609375,1844011.0,ASIANPAINT,-0.005735373037530689,False
2020-03-31,1551.6584312239818,1613.7247684729412,1529.50556978409,1591.285400390625,2789174.0,ASIANPAINT,0.04486039977473766,False
2020-04-01,1575.578386970601,1580.3049321372189,1512.7480898721385,1530.8427734375,1559455.0,ASIANPAINT,-0.03798352384700299,False
2020-04-02,1575.578386970601,1580.3049321372189,1512.7480898721385,1530.8427734375,1559455.0,ASIANPAINT,0.0,False
2020-04-03,1542.2053650939756,1543.064768537146,1448.7716708310547,1452.2569580078125,2925847.0,ASIANPAINT,-0.051335001081282416,False
2020-04-06,1542.2053650939756,1543.064768537146,1448.7716708310547,1452.2569580078125,2925847.0,ASIANPAINT,0.0,False
2020-04-07,1470.4949297746157,1561.2072793386342,1468.5851960995838,1550.5128173828125,2733586.0,ASIANPAINT,0.06765735143027718,False
2020-04-08,1550.5127509201957,1611.6242259016797,1527.7868745371009,1536.3328857421875,2382213.0,ASIANPAINT,-0.009145317266425423,False
2020-04-09,1565.9817418262564,1603.126088161023,1545.881746625406,1576.8194580078125,1489539.0,ASIANPAINT,0.026352734255288945,False
2020-04-10,1565.9817418262564,1603.126088161023,1545.881746625406,1576.8194580078125,1489539.0,ASIANPAINT,0.0,False
2020-04-13,1571.7108287629137,1626.7589257556403,1530.508301039362,1604.9879150390625,2586159.0,ASIANPAINT,0.01786409781297249,False
2020-04-14,1571.7108287629137,1626.7589257556403,1530.508301039362,1604.9879150390625,2586159.0,ASIANPAINT,0.0,False
2020-04-15,1626.7588575172151,1658.364925486807,1607.8047747283924,1640.652099609375,2508270.0,ASIANPAINT,0.022220843058151418,False
2020-04-16,1614.6798062953994,1673.2131894814995,1608.7118886198548,1664.4283447265625,1821296.0,ASIANPAINT,0.014491948124071063,False
2020-04-17,1683.4302143572063,1703.1959110324492,1649.1504719892007,1676.98486328125,1398686.0,ASIANPAINT,0.00754404273062903,False
2020-04-20,1678.8945874024027,1679.2765574428397,1628.6686159485544,1652.3492431640625,1431055.0,ASIANPAINT,-0.014690424855108408,False
2020-04-21,1632.8222288483123,1674.78857810576,1623.2735608433516,1648.10009765625,1594930.0,ASIANPAINT,-0.0025715783303025264,False
2020-04-22,1639.6018305541038,1739.767385559587,1634.970749684085,1731.173583984375,3727805.0,ASIANPAINT,0.050405607308841915,False
2020-04-23,1725.4442837300946,1762.11119165502,1719.762872973047,1739.43310546875,2573552.0,ASIANPAINT,0.004771053325204555,False
2020-04-24,1733.131059342699,1759.6286134612822,1732.1284025625046,1745.06689453125,2744768.0,ASIANPAINT,0.003238865032973992,False
2020-04-27,1756.9548878203914,1775.8612968245525,1736.043281876004,1767.7926025390625,1770889.0,ASIANPAINT,0.01302282914141073,False
2020-04-28,1763.8298523986618,1779.8716607724675,1724.7758947216223,1742.0589599609375,1934910.0,ASIANPAINT,-0.014556935322143527,False
2020-04-29,1763.543497195001,1763.6389605617926,1676.650619332996,1687.72705078125,2931120.0,ASIANPAINT,-0.031188329688282113,False
2020-04-30,1713.9859307141464,1715.8956643416832,1662.4231227706568,1679.32421875,2926333.0,ASIANPAINT,-0.004978786129759771,False
2020-05-01,1713.9859307141464,1715.8956643416832,1662.4231227706568,1679.32421875,2926333.0,ASIANPAINT,0.0,False
2020-05-04,1640.4613188980534,1671.9719263041277,1596.0600084622213,1601.120849609375,2942397.0,ASIANPAINT,-0.04656835664457659,False
2020-05-05,1605.1309944898542,1616.493932040239,1507.0184366767471,1546.072509765625,5867890.0,ASIANPAINT,-0.03438112735661403,False
2020-05-06,1542.109946269055,1564.7402437478409,1505.825006356842,1537.956298828125,3937921.0,ASIANPAINT,-0.005249566812833617,False
2020-05-07,1537.2878109670717,1555.1915640835282,1475.4601835382416,1522.34423828125,5256213.0,ASIANPAINT,-0.010151173059189555,False
2020-05-08,1539.0543168076215,1564.0717797246505,1499.1408389302203,1507.1617431640625,5644426.0,ASIANPAINT,-0.00997310249246175,False
2020-05-11,1511.554026496631,1526.8318941049354,1484.817758182098,1498.7587890625,3767646.0,ASIANPAINT,-0.00557534991826536,False
2020-05-12,1469.54000217801,1474.0756194686826,1443.758598631027,1454.5963134765625,4504073.0,ASIANPAINT,-0.029466032765393724,False
2020-05-13,1508.4984646687365,1508.4984646687365,1464.144836358896,1492.7431640625,2940514.0,ASIANPAINT,0.026225042805700927,False
2020-05-14,1483.194864890423,1487.3007227968878,1448.533148335553,1453.689453125,2592264.0,ASIANPAINT,-0.026162378014993104,False
2020-05-15,1459.991458497193,1489.5923317564557,1441.8489877899028,1482.8604736328125,2860493.0,ASIANPAINT,0.0200668859811175,False
2020-05-18,1487.6825322836582,1488.2077556684494,1430.4859854260424,1433.3505859375,2871905.0,ASIANPAINT,-0.03338809589685787,False
2020-05-19,1441.8488902676368,1448.485168005771,1416.0196963043802,1436.0718994140625,3164137.0,ASIANPAINT,0.0018985679451077875,False
2020-05-20,1436.0721545920662,1445.6686144098385,1425.2822276046822,1432.3482666015625,2057402.0,ASIANPAINT,-0.00259292923565968,False
2020-05-21,1435.1648943223,1512.031676752736,1433.2551605973204,1503.2469482421875,3845743.0,ASIANPAINT,0.049498214431355825,False
2020-05-22,1497.9950914706142,1551.6585593288946,1485.199852961509,1544.8790283203125,5203736.0,ASIANPAINT,0.02769477105994267,False
2020-05-25,1497.9950914706142,1551.6585593288946,1485.199852961509,1544.8790283203125,5203736.0,ASIANPAINT,0.0,False
2020-05-26,1551.6585920582131,1582.1665405207857,1546.8842579288032,1556.2896728515625,3552636.0,ASIANPAINT,0.00738610876455259,False
2020-05-27,1557.3877670686254,1562.973714594799,1523.9196387546583,1546.3590087890625,2260057.0,ASIANPAINT,-0.006380986930475618,False
2020-05-28,1548.7938471095306,1582.1663929367678,1542.3484966360477,1569.4189453125,3138915.0,ASIANPAINT,0.014912408045202552,False
2020-05-29,1565.0267482741276,1622.3187585831256,1559.3930106148975,1607.1363525390625,3532977.0,ASIANPAINT,0.024032720733502044,False
2020-06-01,1629.4801094419015,1634.636413205872,1605.6084406835969,1616.828125,2529255.0,ASIANPAINT,0.0060304606050543,False
2020-06-02,1616.8285131582124,1654.7844755961507,1604.1765256788997,1632.1541748046875,2440552.0,ASIANPAINT,0.009479084120142645,False
2020-06-03,1646.1903712265798,1665.2877073196955,1628.8595154098994,1639.07666015625,3088817.0,ASIANPAINT,0.0042413182886908984,False
2020-06-04,1638.981111502556,1641.9889653067964,1553.5683208205814,1560.013671875,4388930.0,ASIANPAINT,-0.04823629681464259,False
2020-06-05,1575.5302241629704,1584.4582054543828,1547.839086889803,1564.5970458984375,2884206.0,ASIANPAINT,0.0029380345224339077,False
2020-06-08,1582.2143088590667,1590.8081101745354,1555.4780380998309,1560.4910888671875,2046505.0,ASIANPAINT,-0.0026242904152310453,False
2020-06-09,1565.9818071713603,1618.4994897289364,1562.8784895656854,1567.9393310546875,3671930.0,ASIANPAINT,0.0047730116760276164,False
2020-06-10,1573.6205720736068,1599.4974404502595,1554.427771660859,1562.1143798828125,2069280.0,ASIANPAINT,-0.0037150360709152785,False
2020-06-11,1562.1144213643947,1571.710880106048,1534.4710718896831,1537.9085693359375,1888420.0,ASIANPAINT,-0.015495543001589174,False
2020-06-12,1508.6894650042111,1568.798280292526,1506.3022981292045,1563.4510498046875,2391556.0,ASIANPAINT,0.016608581926153887,False
2020-06-15,1555.4781361970397,1576.1510273107328,1529.7921939998384,1545.16552734375,1681166.0,ASIANPAINT,-0.01169561558273402,False
2020-06-16,1565.0264418441116,1566.220025158514,1535.0913956310796,1548.5072021484375,1497691.0,ASIANPAINT,0.0021626646113650505,False
2020-06-17,1534.9960632981129,1549.414527654609,1518.6200755145642,1523.3944091796875,1812788.0,ASIANPAINT,-0.016217420838539165,False
2020-06-18,1523.3945755751245,1539.436268505592,1515.6601775049978,1525.686279296875,1417273.0,ASIANPAINT,0.0015044496050249379,False
2020-06-19,1525.6864397080728,1556.4331084781877,1519.2410878784851,1549.2716064453125,2714342.0,ASIANPAINT,0.015458831522891403,False
2020-06-22,1559.2975288991106,1597.969635402732,1550.7037274538611,1577.583251953125,2034739.0,ASIANPAINT,0.018274165349722926,False
2020-06-23,1584.9356748087189,1612.7700660458447,1566.936458485039,1607.9002685546875,2334863.0,ASIANPAINT,0.019217379852396688,False
2020-06-24,1607.9956670191552,1731.8896324560526,1607.9956670191552,1668.3909912109375,11545923.0,ASIANPAINT,0.03762094194475374,False
2020-06-25,1661.4681004038075,1668.1521674743976,1607.183950435549,1612.7698974609375,4054785.0,ASIANPAINT,-0.03333816476054552,False
2020-06-26,1632.8221114766284,1633.1562915206025,1595.2958022902696,1610.6214599609375,2129986.0,ASIANPAINT,-0.0013321413695669415,False
2020-06-29,1610.8602480842258,1631.342093766574,1598.4947699826223,1615.5867919921875,2753482.0,ASIANPAINT,0.003082867175612014,False
2020-06-30,1631.7717559373475,1640.461019749573,1605.7516378999926,1611.289794921875,1960731.0,ASIANPAINT,-0.002659712923880675,False
2020-07-01,1621.3640992946534,1621.3640992946534,1604.2242839741764,1611.8154296875,1661296.0,ASIANPAINT,0.00032621988129122315,False
2020-07-02,1623.2734518397515,1627.0929187852569,1585.17424574616,1610.3349609375,2038399.0,ASIANPAINT,-0.0009185100990669604,False
2020-07-03,1618.881034300411,1642.370731921532,1613.724730783366,1619.1197509765625,1988941.0,ASIANPAINT,0.005455256361041938,False
2020-07-06,1631.8198286172544,1634.732219440972,1615.7781337835836,1631.724365234375,1236670.0,ASIANPAINT,0.007784856092460268,False
2020-07-07,1631.819594861272,1670.9214608239254,1628.8595310505937,1666.958740234375,2983260.0,ASIANPAINT,0.021593337545670055,False
2020-07-08,1671.0169244289752,1682.2843994580526,1604.2240374168705,1610.1441650390625,2725937.0,ASIANPAINT,-0.03408277231104373,False
2020-07-09,1617.5442218322355,1644.280489961694,1615.729951754132,1639.744873046875,1904661.0,ASIANPAINT,0.01838388676649605,False
2020-07-10,1630.8647112393085,1633.777101615814,1618.6901594885185,1626.6156005859375,1156043.0,ASIANPAINT,-0.008006899534646172,False
2020-07-13,1630.912492767138,1654.6886993755113,1623.2735583747865,1628.6685791015625,1289791.0,ASIANPAINT,0.001262116578056638,False
2020-07-14,1628.6687193266678,1640.461301998001,1606.181557648727,1612.197265625,1347120.0,ASIANPAINT,-0.010113361114664987,False
2020-07-15,1623.2734515896086,1636.2596158901492,1588.22988899435,1596.2030029296875,1611341.0,ASIANPAINT,-0.009920785152251255,False
2020-07-16,1603.985394927767,1620.5045216370495,1570.8514450137748,1616.780517578125,1442725.0,ASIANPAINT,0.012891539867215807,False
2020-07-17,1618.499490195329,1663.8556705990327,1613.4864386770248,1640.365966796875,2308792.0,ASIANPAINT,0.014587910333110798,False
2020-07-20,1649.055338635359,1678.0355292939826,1642.6099862695287,1672.5450439453125,1848600.0,ASIANPAINT,0.01961701095961721,False
2020-07-21,1681.5205566618638,1691.785375505768,1641.416148155448,1646.42919921875,2088461.0,ASIANPAINT,-0.015614434314401904,False
2020-07-22,1646.4291592125132,1658.030814703571,1614.6798365830707,1619.2154541015625,1300409.0,ASIANPAINT,-0.016528949516991576,False
2020-07-23,1615.153693570036,1662.9393058058358,1612.286556835888,1651.2796630859375,2375218.0,ASIANPAINT,0.019802311609091072,False
2020-07-24,1647.6480102764228,1650.5151471852564,1607.5080935527512,1636.227294921875,3971563.0,ASIANPAINT,-0.009115577754971183,False
2020-07-27,1641.1489300794617,1708.8133999651943,1641.1489300794617,1699.399658203125,6470525.0,ASIANPAINT,0.03860854997182184,False
2020-07-28,1700.2121252693278,1713.2576210641628,1673.5000140365523,1681.7191162109375,2534092.0,ASIANPAINT,-0.010403992908226245,False
2020-07-29,1691.6106280123429,1701.072202315399,1653.382139243702,1663.0826416015625,1530981.0,ASIANPAINT,-0.011081799825980787,False
2020-07-30,1674.4078031453648,1699.256320771951,1651.5662578404158,1666.140869140625,2113975.0,ASIANPAINT,0.0018388909020885524,False
2020-07-31,1676.3193367913873,1692.4708976337702,1634.65030477409,1639.5244140625,1678643.0,ASIANPAINT,-0.01597491278864882,False
2020-08-03,1652.426399868417,1658.1606730894762,1622.3214654578592,1629.9671630859375,1437425.0,ASIANPAINT,-0.005829282500820487,False
2020-08-04,1642.8692398614935,1658.160634764219,1632.8820942312857,1638.0428466796875,1815396.0,ASIANPAINT,0.004954506922986601,False
2020-08-05,1641.913848930969,1664.8031134887815,1636.6574309047055,1640.2891845703125,1416803.0,ASIANPAINT,0.00137135478182282,False
2020-08-06,1655.3415990688554,1674.5035614168523,1643.9207666494362,1651.0408935546875,1914507.0,ASIANPAINT,0.006554764297364679,False
2020-08-07,1651.0407417247038,1736.4336078037852,1649.27258073353,1726.2552490234375,5166075.0,ASIANPAINT,0.04555571928131563,False
2020-08-10,1729.839039228174,1743.5057700158866,1698.300537407992,1703.41357421875,1892614.0,ASIANPAINT,-0.013231921998562712,False
2020-08-11,1720.2819455451345,1756.407913067217,1701.167701705744,1710.2947998046875,3039662.0,ASIANPAINT,0.004039668164023791,False
2020-08-12,1710.677184210498,1726.016413286575,1693.5221950962407,1717.6539306640625,1679096.0,ASIANPAINT,0.004302843498217523,False
2020-08-13,1726.398462609855,1734.6175638218697,1708.813335599726,1722.718994140625,1192375.0,ASIANPAINT,0.0029488265279400405,False
2020-08-14,1738.153652134827,1748.9532461675049,1715.9811767725437,1722.718994140625,1868376.0,ASIANPAINT,0.0,False
2020-08-17,1739.3962201601648,1760.899744859947,1722.0500202361895,1755.3565673828125,1634180.0,ASIANPAINT,0.018945384217156525,False
2020-08-18,1749.909166294472,1800.5619166022857,1749.909166294472,1791.100341796875,2586298.0,ASIANPAINT,0.02036268589427137,False
2020-08-19,1806.2960103844896,1818.146864684908,1789.6188795997475,1802.1864013671875,1947114.0,ASIANPAINT,0.006189524568562588,False
2020-08-20,1785.2225982234372,1796.7389771629098,1774.8054283360516,1791.8648681640625,1538879.0,ASIANPAINT,-0.005727228435024712,False
2020-08-21,1804.2892596240367,1885.8592804235627,1797.4558934025672,1871.28466796875,5688228.0,ASIANPAINT,0.04432242699532396,False
2020-08-24,1871.284381613386,1907.6014431564447,1854.0815629877268,1875.2506103515625,3996329.0,ASIANPAINT,0.0021193688222314044,False
2020-08-25,1877.2576876199555,1927.528125974199,1877.018759570112,1911.997802734375,3544399.0,ASIANPAINT,0.019595883440839623,False
2020-08-26,1912.33229011517,1920.0258200318035,1868.895217059329,1884.091064453125,2245810.0,ASIANPAINT,-0.014595591188096613,False
2020-08-27,1893.1704686539397,1920.025960245409,1882.801013804249,1894.6995849609373,3116305.0,ASIANPAINT,0.005630577368558098,False
2020-08-28,1905.6902199428891,1908.557356683024,1866.792778167365,1871.380126953125,1842536.0,ASIANPAINT,-0.012307733739379656,False
2020-08-31,1889.4433009391591,1896.03773943459,1797.9338441536638,1814.9932861328125,2738522.0,ASIANPAINT,-0.03013115294331914,False
2020-09-01,1839.745777926397,1899.955639749443,1823.259744331992,1891.6409912109373,3068285.0,ASIANPAINT,0.04223029675301837,False
2020-09-02,1890.351028544672,1908.5573938648545,1839.746110761064,1857.8568115234373,2569603.0,ASIANPAINT,-0.017859720657603773,False
2020-09-03,1863.8300772264704,1899.8126685854097,1858.860419941624,1890.39892578125,1931667.0,ASIANPAINT,0.017515943131875877,False
2020-09-04,1871.2845901508003,1905.4034708949607,1864.5946043841732,1869.7076416015625,1930422.0,ASIANPAINT,-0.010945459129022894,False
2020-09-07,1877.9748463466635,1914.91315355292,1861.8232836228703,1894.3175048828125,2855392.0,ASIANPAINT,0.01316241252571948,False
2020-09-08,1899.4782526973504,1913.2882491771063,1865.5504650391083,1873.5306396484373,2401034.0,ASIANPAINT,-0.010973274111016118,False
2020-09-09,1873.5306968058285,1905.5948930675388,1871.2847960983888,1891.402587890625,2776804.0,ASIANPAINT,0.009539181192970148,False
2020-09-10,1897.136901912355,1978.037861348824,1893.266220117244,1965.4703369140625,5081252.0,ASIANPAINT,0.03916022400394459,False
2020-09-11,1971.6341648068876,1978.2763175815885,1932.4499666696688,1945.7821044921875,2599475.0,ASIANPAINT,-0.010017059047956467,False
2020-09-14,1959.2102359493235,1963.0330851902,1916.20318198946,1941.2427978515625,2142458.0,ASIANPAINT,-0.0023328956670662926,False
2020-09-15,1954.4315197997068,1958.7800571328685,1920.0737116307223,1928.197265625,1997383.0,ASIANPAINT,-0.006720196072845908,False
2020-09-16,1937.2286607337696,1937.2286607337696,1905.8335377887856,1922.988525390625,1717740.0,ASIANPAINT,-0.0027013523601728817,False
2020-09-17,1911.4244732516488,1954.4315238998108,1911.4244732516488,1919.0223388671875,2416918.0,ASIANPAINT,-0.0020625117992484343,False
2020-09-18,1936.559678102844,1953.8102133195337,1925.7600835739904,1938.566650390625,3021436.0,ASIANPAINT,0.010184514858214033,False
2020-09-21,1946.2125134606915,1965.9001631275944,1875.3942567314036,1885.1903076171875,2518361.0,ASIANPAINT,-0.027533921912193282,False
2020-09-22,1902.0582435687436,1907.3146603089149,1841.0360471088425,1851.6922607421875,1974860.0,ASIANPAINT,-0.017769053203620766,False
2020-09-23,1854.0819563959624,1901.867573828848,1842.900168582309,1860.3419189453125,2732912.0,ASIANPAINT,0.004671217991513377,False
2020-09-24,1855.563096299418,1858.8602567730456,1823.2599767911456,1833.3905029296875,1906183.0,ASIANPAINT,-0.014487345439651578,False
2020-09-25,1839.9849820580853,1868.4174210744357,1823.4989459897813,1840.3194580078125,1939316.0,ASIANPAINT,0.0037793121907485627,False
2020-09-28,1852.1705692965177,1871.284816657679,1844.5248703520533,1859.4339599609373,1137313.0,ASIANPAINT,0.010386512988248553,False
2020-09-29,1873.196025637912,1901.819561098731,1867.4617520900404,1873.148193359375,1965383.0,ASIANPAINT,0.007375488290385812,False
2020-09-30,1879.0258741012035,1915.2473925323127,1871.428008206646,1898.4268798828125,2518982.0,ASIANPAINT,0.013495294506358224,False
2020-10-01,1918.114599883724,1958.589109410856,1903.8267475616897,1950.0831298828125,2014003.0,ASIANPAINT,0.02721002875980605,False
2020-10-02,1918.114599883724,1958.589109410856,1903.8267475616897,1950.0831298828125,2014003.0,ASIANPAINT,0.0,False
2020-10-05,1950.0828963015265,1952.2332487344092,1921.937218901204,1938.184326171875,1554873.0,ASIANPAINT,-0.006101690501600587,False
2020-10-06,1959.2101087068256,2004.9886320619207,1954.5270953580737,1997.4385986328125,3152378.0,ASIANPAINT,0.03057205223507875,False
2020-10-07,1987.881726915083,2024.963413486642,1982.0996204187493,2011.7745361328125,2429595.0,ASIANPAINT,0.007177160544415528,False
2020-10-08,2011.2962020651985,2014.593362288198,1980.2833897348617,1996.1480712890625,1427493.0,ASIANPAINT,-0.007767503049217583,False
2020-10-09,2001.261261649541,2015.5012794923812,1954.5747459987947,1959.783447265625,1636939.0,ASIANPAINT,-0.018217398071052937,False
2020-10-12,1976.3173802090407,1994.045890114766,1950.847740637448,1985.826904296875,2182836.0,ASIANPAINT,0.013288946320873851,False
2020-10-13,1985.0145667288573,2020.375923959944,1963.0810147876496,1973.21142578125,2619233.0,ASIANPAINT,-0.006352758384090773,False
2020-10-14,1978.3240751981612,1993.137612959307,1963.9883934938268,1979.6143798828125,1530471.0,ASIANPAINT,0.0032449407184165224,False
2020-10-15,1978.3241414902664,2029.9325973552295,1974.5491251805909,1997.868408203125,4001883.0,ASIANPAINT,0.009221002082937524,False
2020-10-16,1997.3906661860383,1997.4384984616845,1964.5142598297089,1969.9139404296875,2017706.0,ASIANPAINT,-0.013992146659238536,False
2020-10-19,1987.8336697150523,1987.8336697150523,1965.422263870232,1978.4200439453125,1338404.0,ASIANPAINT,0.00431800767589352,False
2020-10-20,1985.8742613814927,2037.387288292596,1975.791684464348,2024.67626953125,2377713.0,ASIANPAINT,0.02338038665120612,False
2020-10-21,2035.666988407737,2048.903695724663,1989.0760186026307,2020.662353515625,2895432.0,ASIANPAINT,-0.0019824976842121034,False
2020-10-22,2020.5670018125336,2023.0997795345888,1984.823453287284,2006.9002685546875,2755686.0,ASIANPAINT,-0.006810680140100445,False
2020-10-23,2019.89794101452,2035.0936732153584,2003.1729758062136,2026.3489990234373,3070714.0,ASIANPAINT,0.009690930223830385,False
2020-10-26,2022.6217335474669,2022.6217335474669,1978.3722092708435,1988.3115234375,1278139.0,ASIANPAINT,-0.018771433550819117,False
2020-10-27,1992.6599708137653,2109.591453799264,1992.6599708137653,2100.46435546875,4964874.0,ASIANPAINT,0.056406066508810415,False
2020-10-28,2105.585719660243,2123.532683642111,2058.0620188256007,2067.0595703125,3166047.0,ASIANPAINT,-0.01590352393711303,False
2020-10-29,2069.4042494698283,2137.602701262023,2068.542888815682,2130.13671875,4795796.0,ASIANPAINT,0.030515399431843226,False
2020-10-30,2115.444233436377,2146.791591286147,2101.4694399746354,2116.7841796875,3006197.0,ASIANPAINT,-0.006268395331138876,False
2020-11-02,2103.8623131656045,2130.5672963694337,2073.3286451334484,2079.78955078125,1772571.0,ASIANPAINT,-0.017476807159297447,False
2020-11-03,2099.938115835998,2099.938115835998,2054.8075804894165,2062.369140625,1781465.0,ASIANPAINT,-0.0083760446578387,False
2020-11-04,2067.4894483690027,2119.0332023958254,2063.6607642053564,2076.53466796875,2189957.0,ASIANPAINT,0.006868570259666029,False
2020-11-05,2096.20510386202,2149.519497437979,2090.126972758343,2142.4365234375,2671841.0,ASIANPAINT,0.03173645809304726,False
2020-11-06,2138.272432883263,2151.720734208941,2108.1694471064025,2114.43896484375,2395965.0,ASIANPAINT,-0.013068092467369063,False
2020-11-09,2152.677690371707,2152.677690371707,2119.3201858221805,2129.89697265625,1691773.0,ASIANPAINT,0.007310690007853893,False
2020-11-10,2129.8973138918186,2142.6756429238976,2095.247763084761,2105.537353515625,1879561.0,ASIANPAINT,-0.011436994114436216,False
2020-11-11,2110.562388466831,2127.791469189009,2064.9053712899317,2088.26025390625,2387398.0,ASIANPAINT,-0.008205553599192839,False
2020-11-12,2078.9758113280213,2107.4516540476384,2069.4040994894945,2078.784423828125,1626054.0,ASIANPAINT,-0.004537667209055796,False
2020-11-13,2087.111940150576,2112.04629830269,2078.975984410479,2086.58544921875,1560060.0,ASIANPAINT,0.003752686089623092,False
2020-11-16,2087.111940150576,2112.04629830269,2078.975984410479,2086.58544921875,1560060.0,ASIANPAINT,0.0,False
2020-11-17,2111.9025271279147,2126.738681324491,2088.547642382542,2093.95556640625,1699293.0,ASIANPAINT,0.003532142520336068,False
2020-11-18,2091.419149453312,2115.3484303395053,2073.328706577103,2101.708740234375,1817170.0,ASIANPAINT,0.0037026448662573763,False
2020-11-19,2081.847612742386,2100.9910390664536,2064.331330918983,2069.1171875,2669522.0,ASIANPAINT,-0.0155071690527111,False
2020-11-20,2070.696620069035,2096.25304697724,2068.0164936989627,2073.759521484375,2196113.0,ASIANPAINT,0.002243630284654907,False
2020-11-23,2068.0162260882444,2102.85716333741,2047.19775306013,2092.615478515625,4002609.0,ASIANPAINT,0.009092643981088555,False
2020-11-24,2098.980324720076,2135.448635592319,2097.161793179189,2113.337890625,2954306.0,ASIANPAINT,0.009902637308252249,False
2020-11-25,2103.1446403127466,2114.104204968098,2057.918296357904,2062.0341796875,1682365.0,ASIANPAINT,-0.024276151563405457,False
2020-11-26,2067.4898690081877,2084.192460333437,2026.4749880867485,2062.9912109375,2247478.0,ASIANPAINT,0.0004641199740660351,False
2020-11-27,2077.061724166395,2148.4667967290084,2072.275867659099,2120.421630859375,10036402.0,ASIANPAINT,0.027838422004607732,False
2020-11-30,2077.061724166395,2148.4667967290084,2072.275867659099,2120.421630859375,10036402.0,ASIANPAINT,0.0,False
2020-12-01,2177.564844976919,2177.564844976919,2111.7114086424926,2134.5400390625,2235498.0,ASIANPAINT,0.0066583022912301,False
2020-12-02,2145.0204443056627,2226.3320828627534,2140.2345887851234,2216.664794921875,3305952.0,ASIANPAINT,0.03847421662581918,False
2020-12-03,2239.780864695628,2318.12542986825,2217.048046090277,2308.122802734375,4334658.0,ASIANPAINT,0.04125928648391941,False
2020-12-04,2297.211125704767,2340.283834311731,2273.281843145342,2334.301513671875,2789953.0,ASIANPAINT,0.011341992248630195,False
2020-12-07,2335.4975969050806,2372.6358841173287,2332.6260834662626,2366.653564453125,1762501.0,ASIANPAINT,0.013859413872529203,False
2020-12-08,2364.7394339217603,2377.8047277646265,2323.9638459653715,2334.44482421875,2090950.0,ASIANPAINT,-0.013609402203240362,False
2020-12-09,2345.0698994448057,2423.653763834664,2342.1983852822204,2414.2734375,2022370.0,ASIANPAINT,0.034195973472179064,False
2020-12-10,2408.1950254653625,2442.7010967070564,2393.885361623961,2417.862548828125,2372909.0,ASIANPAINT,0.0014866217191378261,False
2020-12-11,2408.2427621423635,2428.247546939191,2388.142166750873,2412.980712890625,2171653.0,ASIANPAINT,-0.002019070910323717,False
2020-12-14,2421.642819324912,2444.519114539659,2413.0282796514243,2439.015380859375,1280339.0,ASIANPAINT,0.01078942232304958,False
2020-12-15,2426.429327013403,2429.8752372829244,2395.32125871836,2419.20263671875,1283286.0,ASIANPAINT,-0.008123255103723026,False
2020-12-16,2431.215049753184,2477.0634605641417,2428.917932156309,2471.846923828125,1920875.0,ASIANPAINT,0.021761007660267007,False
2020-12-17,2458.972739550629,2491.851662764961,2447.4866854927823,2464.763671875,1750663.0,ASIANPAINT,-0.002865570632567871,False
2020-12-18,2466.63084229501,2523.1039582032,2465.2429904205947,2490.08154296875,4402604.0,ASIANPAINT,0.01027192642550201,False
2020-12-21,2484.2901842976758,2490.846901124836,2430.3537221777747,2445.237548828125,1383048.0,ASIANPAINT,-0.018009046437555853,False
2020-12-22,2432.1722430475825,2501.662972036986,2389.2909226040792,2489.4111328125,1993090.0,ASIANPAINT,0.018065150359540816,False
2020-12-23,2492.4738062165293,2536.5036814415525,2492.4738062165293,2529.372802734375,1339307.0,ASIANPAINT,0.016052659761638832,False
2020-12-24,2544.1610324182243,2544.1610324182243,2501.0883287091124,2534.82861328125,1143202.0,ASIANPAINT,0.0021569815809583393,False
2020-12-25,2544.1610324182243,2544.1610324182243,2501.0883287091124,2534.82861328125,1143202.0,ASIANPAINT,0.0,False
2020-12-28,2540.5721107690224,2574.3124015873736,2516.930024648792,2568.9521484375,1226254.0,ASIANPAINT,0.013461870746392712,False
2020-12-29,2570.004892680154,2596.2791976393905,2558.5188372938737,2581.299560546875,1562853.0,ASIANPAINT,0.004806400195848326,False
2020-12-30,2578.6196766779444,2625.377591683158,2565.5543809213277,2617.289306640625,1614643.0,ASIANPAINT,0.013942491078457131,False
2020-12-31,2617.28866466516,2653.2783929055886,2608.339254740976,2646.099609375,1526325.0,ASIANPAINT,0.011007687480813377,False
2021-01-01,2640.835769285948,2672.422424011006,2632.2212270882046,2656.677001953125,1246698.0,ASIANPAINT,0.003997352382597352,False
2021-01-04,2661.989330468912,2671.561043952768,2627.435351318428,2635.7626953125,1360486.0,ASIANPAINT,-0.007872355813389964,False
2021-01-05,2635.7623069085216,2684.4824615726284,2614.991738446172,2674.19287109375,1299589.0,ASIANPAINT,0.014580286703956835,False
2021-01-06,2681.324092971084,2701.5681731230857,2660.936296908965,2685.20068359375,1697884.0,ASIANPAINT,0.004116312110090226,False
2021-01-07,2681.0366252469166,2710.5654512764954,2662.371786192181,2672.661376953125,1142806.0,ASIANPAINT,-0.0046697837957656585,False
2021-01-08,2697.308322915139,2727.7464124727007,2669.59826463129,2722.86474609375,1660967.0,ASIANPAINT,0.018784036606185328,False
2021-01-11,2723.1519395568384,2750.383412215534,2703.625741442901,2727.267822265625,1517995.0,ASIANPAINT,0.0016170748760810927,False
2021-01-12,2727.555475780357,2727.9382508330286,2595.992091437396,2604.032470703125,6674890.0,ASIANPAINT,-0.04518637684073312,False
2021-01-13,2641.792595595861,2644.6641092867258,2563.304554712216,2587.90380859375,2862676.0,ASIANPAINT,-0.0061937254204130765,False
2021-01-14,2596.805301899841,2619.442305879076,2534.589177821887,2549.80810546875,2124950.0,ASIANPAINT,-0.014720679724839147,False
2021-01-15,2546.937050428528,2547.846550122378,2470.028475725964,2479.93505859375,2570436.0,ASIANPAINT,-0.027403257023592698,False
2021-01-18,2480.987883429405,2507.645196252508,2445.955322157226,2477.3505859375,2395168.0,ASIANPAINT,-0.0010421533609494826,False
2021-01-19,2503.0028262550045,2561.9646689055508,2479.073544933255,2531.765869140625,2558693.0,ASIANPAINT,0.021965112048334845,False
2021-01-20,2540.3325669156666,2591.206126769553,2531.765930730957,2581.730224609375,2065439.0,ASIANPAINT,0.0197349826371227,False
2021-01-21,2610.157836932889,2696.3032409668026,2579.5762652377234,2600.011962890625,5015712.0,ASIANPAINT,0.00708119620980785,False
2021-01-22,2632.2215476710057,2650.264323389727,2479.074112170147,2485.439208984375,4945564.0,ASIANPAINT,-0.04406624105639534,False
2021-01-25,2500.9448904945543,2518.7960400942434,2393.8851971406816,2406.280517578125,3520087.0,ASIANPAINT,-0.03184897507052553,False
2021-01-26,2500.9448904945543,2518.7960400942434,2393.8851971406816,2406.280517578125,3520087.0,ASIANPAINT,0.0,False
2021-01-27,2416.8575006758306,2416.8575006758306,2326.4527193181225,2332.24365234375,2700415.0,ASIANPAINT,-0.03076817714872726,False
2021-01-28,2316.3546725328943,2348.8505932061325,2298.216322143951,2337.125244140625,3035457.0,ASIANPAINT,0.002093088255152642,False
2021-01-29,2350.812626451421,2377.6134218669918,2297.2110356202816,2304.246337890625,2768673.0,ASIANPAINT,-0.014068097690712267,False
2021-02-01,2322.672125150009,2362.059633301347,2275.1005214158995,2342.964111328125,1797359.0,ASIANPAINT,0.016802792653212384,False
2021-02-02,2354.641427949948,2412.0717066804345,2321.236242628809,2358.135009765625,2679428.0,ASIANPAINT,0.006475087844559635,False
2021-02-03,2396.6131687910324,2396.6131687910324,2333.918456075302,2348.56298828125,2409356.0,ASIANPAINT,-0.004059149049878363,False
2021-02-04,2350.812220611311,2350.812220611311,2295.29629683466,2298.93359375,3478562.0,ASIANPAINT,-0.021131813274282374,False
2021-02-05,2316.3544440116493,2320.087318443532,2269.261664862009,2274.956787109375,3303319.0,ASIANPAINT,-0.010429534243968419,False
2021-02-08,2291.468141460437,2330.61635499826,2271.750318782797,2313.339599609375,3666313.0,ASIANPAINT,0.016871886410102066,False
2021-02-09,2328.319323624779,2423.988553926456,2319.8482636498507,2399.485107421875,7178572.0,ASIANPAINT,0.03723859126738094,False
2021-02-10,2420.6858302366004,2445.5722800531885,2368.99858830984,2403.073974609375,4473123.0,ASIANPAINT,0.0014956822096536815,False
2021-02-11,2416.809561495128,2431.215035905383,2388.238139177506,2398.192626953125,1446286.0,ASIANPAINT,-0.002031293130309697,False
2021-02-12,2410.157204519739,2414.943060763821,2358.661344596538,2379.62353515625,1376085.0,ASIANPAINT,-0.007742952583615792,False
2021-02-15,2388.142070713977,2409.678422053081,2343.6815165752337,2351.5302734375,1634576.0,ASIANPAINT,-0.01180575889576807,False
2021-02-16,2366.127558731252,2369.094883366856,2318.2689916048107,2345.30908203125,1615849.0,ASIANPAINT,-0.0026455927344519736,False
2021-02-17,2331.6688965761323,2349.903053526377,2279.981655026415,2285.8681640625,3178784.0,ASIANPAINT,-0.02534459889494345,False
2021-02-18,2320.183151465901,2373.401967390773,2292.664477536592,2364.930908203125,4253843.0,ASIANPAINT,0.034587622061332146,False
2021-02-19,2365.07422391604,2365.07422391604,2297.2108793295947,2312.956298828125,2244567.0,ASIANPAINT,-0.021977221065832442,False
2021-02-22,2324.729668125036,2343.15521464543,2278.0675697941683,2284.815673828125,2002642.0,ASIANPAINT,-0.012166518240858126,False
2021-02-23,2273.2814442726526,2297.2107226334174,2215.851176206817,2270.601318359375,3267268.0,ASIANPAINT,-0.006221226347302822,False
2021-02-24,2271.367504954979,2306.160775337763,2246.672438568778,2260.216552734375,1708526.0,ASIANPAINT,-0.004573575088251736,False
2021-02-25,2273.281669114501,2284.0498454418853,2236.143378688512,2272.085205078125,2839515.0,ASIANPAINT,0.005251112920747092,False
2021-02-26,2237.914125836637,2258.92398651673,2163.206868443988,2179.670166015625,3933813.0,ASIANPAINT,-0.040674108020223754,False
2021-03-01,2201.4941534093546,2268.400338771811,2201.4941534093546,2261.1259765625,2545806.0,ASIANPAINT,0.037370704896958706,False
2021-03-02,2283.8105127954245,2299.6517430975828,2257.9668900605225,2288.02197265625,2033586.0,ASIANPAINT,0.01189495692523912,False
2021-03-03,2302.9543104066856,2314.153168670533,2274.047781842537,2299.221435546875,1591567.0,ASIANPAINT,0.004894823137394644,False
2021-03-04,2278.067468098899,2330.711884378496,2249.352331946392,2313.57861328125,2149984.0,ASIANPAINT,0.006244364945632075,False
2021-03-05,2296.253278782584,2320.086743725561,2275.291326901861,2284.863037109375,1953642.0,ASIANPAINT,-0.012411757269466195,False
2021-03-08,2280.9390535761986,2310.132776251009,2258.9720204643245,2280.65185546875,1593838.0,ASIANPAINT,-0.0018430783693506037,False
2021-03-09,2297.210980251787,2339.3265148897367,2293.5257774972124,2318.938720703125,1800442.0,ASIANPAINT,0.016787685127200414,False
2021-03-10,2341.241028274817,2341.241028274817,2312.0952085722174,2327.792724609375,1056102.0,ASIANPAINT,0.0038181275887987365,False
2021-03-11,2341.241028274817,2341.241028274817,2312.0952085722174,2327.792724609375,1056102.0,ASIANPAINT,0.0,False
2021-03-12,2338.1781220180183,2359.0921749238387,2294.3396292978905,2298.50341796875,1279203.0,ASIANPAINT,-0.012582437573147809,False
2021-03-15,2299.651970114045,2323.5812527863845,2242.700277353877,2254.138427734375,1524449.0,ASIANPAINT,-0.019301685560938364,False
2021-03-16,2277.301561410616,2373.784460409285,2273.61659268068,2362.872802734375,4230564.0,ASIANPAINT,0.04823766529249429,False
2021-03-17,2354.641467098827,2354.641467098827,2307.83588262904,2319.17822265625,1623187.0,ASIANPAINT,-0.018492142288641378,False
2021-03-18,2363.1120691826386,2363.1120691826386,2287.6390311052746,2301.56591796875,1851739.0,ASIANPAINT,-0.007594200616168223,False
2021-03-19,2290.5106299005315,2329.7546482147486,2254.473228507687,2307.97900390625,3738079.0,ASIANPAINT,0.0027864011573301983,False
2021-03-22,2287.6393351347224,2333.6793666921526,2287.6393351347224,2321.810302734375,1489853.0,ASIANPAINT,0.005992818307582359,False
2021-03-23,2325.926788808893,2329.7075695682142,2295.488687798701,2307.070556640625,1745466.0,ASIANPAINT,-0.0063483851701369165,False
2021-03-24,2307.0695684698367,2364.2126368835525,2306.782370400552,2338.8955078125,4132092.0,ASIANPAINT,0.013794528771680081,False
2021-03-25,2345.978747212274,2363.25573441337,2289.5535507155864,2299.316650390625,2272545.0,ASIANPAINT,-0.016922028919065246,False
2021-03-26,2321.1400046622707,2406.280330467547,2305.9210770745176,2397.857177734375,3084607.0,ASIANPAINT,0.042856440554635666,False
2021-03-29,2321.1400046622707,2406.280330467547,2305.9210770745176,2397.857177734375,3084607.0,ASIANPAINT,0.0,False
2021-03-30,2430.3537229306003,2472.804129554041,2413.5074147041964,2467.635498046875,2332884.0,ASIANPAINT,0.029100282102051844,False
2021-03-31,2467.6354711975114,2472.325517007265,2422.6005156260976,2428.726318359375,1616044.0,ASIANPAINT,-0.015767798655148435,False
2021-04-01,2423.557780506025,2454.713753686615,2423.557780506025,2442.4619140625,1219588.0,ASIANPAINT,0.005655472829233288,False
2021-04-02,2423.557780506025,2454.713753686615,2423.557780506025,2442.4619140625,1219588.0,ASIANPAINT,0.0,False
2021-04-05,2448.4439768400666,2448.4439768400666,2378.0918922826995,2403.121826171875,1268939.0,ASIANPAINT,-0.016106735447592446,False
2021-04-06,2417.8148186510866,2507.7889251250385,2397.2356347235336,2499.748779296875,3372846.0,ASIANPAINT,0.04020892826683076,False
2021-04-07,2493.431172240898,2553.7808678874844,2488.7411264655266,2516.0205078125,1937977.0,ASIANPAINT,0.006509345519193355,False
2021-04-08,2517.3604829741234,2544.54405403134,2515.44614040152,2537.1259765625,897483.0,ASIANPAINT,0.008388432719234729,False
2021-04-09,2522.1460487648337,2541.2894722848705,2498.3602515674406,2518.1259765625,1185017.0,ASIANPAINT,-0.007488788564508964,False
2021-04-12,2467.778866594325,2498.2169590390345,2445.5725403619667,2490.7509765625,1427691.0,ASIANPAINT,-0.010871179700616018,False
2021-04-13,2488.645756001636,2513.5322135616525,2454.4747821657315,2460.6005859375,1200230.0,ASIANPAINT,-0.01210493979876337,False
2021-04-14,2488.645756001636,2513.5322135616525,2454.4747821657315,2460.6005859375,1200230.0,ASIANPAINT,0.0,False
2021-04-15,2479.07361098964,2482.471615764748,2428.3435332357976,2476.8720703125,1209829.0,ASIANPAINT,0.006612810087095244,False
2021-04-16,2476.776827734252,2578.141186323469,2471.12937621886,2549.617431640625,2760777.0,ASIANPAINT,0.029369850062117564,False
2021-04-19,2536.5039514919645,2536.5039514919645,2456.915251167024,2461.748779296875,1552036.0,ASIANPAINT,-0.034463465480469524,False
2021-04-20,2488.6450058557803,2493.14366355257,2420.4944662784487,2444.280029296875,1489287.0,ASIANPAINT,-0.007096073387711566,False
2021-04-21,2488.6450058557803,2493.14366355257,2420.4944662784487,2444.280029296875,1489287.0,ASIANPAINT,0.0,False
2021-04-22,2446.194847324869,2447.487122110658,2381.4422994960178,2403.696533203125,1690758.0,ASIANPAINT,-0.01660345607185787,False
2021-04-23,2418.8676324126827,2455.144330409696,2389.2908996836604,2410.109375,1614593.0,ASIANPAINT,0.0026679082439451385,False
2021-04-26,2421.6434027242885,2464.7161114683963,2421.6434027242885,2448.348388671875,1103980.0,ASIANPAINT,0.01586609058847177,False
2021-04-27,2436.0006820592803,2469.4058631646544,2425.4717989541123,2464.09375,866331.0,ASIANPAINT,0.006431013413359166,False
2021-04-28,2477.159079247492,2508.027850617558,2464.715853578938,2502.572021484375,1065561.0,ASIANPAINT,0.015615587468770231,False
2021-04-29,2517.3602731736955,2528.8463276520547,2459.9300007819,2501.51904296875,1295346.0,ASIANPAINT,-0.00042075852626233257,False
2021-04-30,2483.859371182896,2494.196867325852,2415.948118349281,2427.76904296875,1384907.0,ASIANPAINT,-0.029482086177715083,False
2021-05-03,2402.4997603173683,2483.9551245492908,2398.2883004264204,2471.5595703125,1034774.0,ASIANPAINT,0.018037353046647997,False
2021-05-04,2493.4310589464944,2505.8263796619626,2461.413727978281,2476.345458984375,1058140.0,ASIANPAINT,0.0019363841071691201,False
2021-05-05,2504.9169098422053,2504.9169098422053,2437.0535685021136,2457.680419921875,1220186.0,ASIANPAINT,-0.007537332481129311,False
2021-05-06,2469.358362883057,2471.272705398637,2419.7289396928945,2439.87744140625,1518119.0,ASIANPAINT,-0.0072438134638314056,False
2021-05-07,2445.572095088598,2479.0730826925515,2432.650285584216,2442.365478515625,1416102.0,ASIANPAINT,0.0010197385602863651,False
2021-05-10,2478.116597142038,2478.116597142038,2433.2730264276006,2447.439208984375,1526814.0,ASIANPAINT,0.0020773837959064956,False
2021-05-11,2424.514811086492,2452.2727777353302,2413.315954037459,2446.76904296875,1168363.0,ASIANPAINT,-0.00027382335510717226,False
2021-05-12,2466.6301547392386,2478.068303714096,2421.6431088437225,2446.720947265625,2085630.0,ASIANPAINT,-1.96568218251425e-05,False
2021-05-13,2466.6301547392386,2478.068303714096,2421.6431088437225,2446.720947265625,2085630.0,ASIANPAINT,0.0,False
2021-05-14,2507.7884423150567,2713.819534760979,2490.128681127994,2655.67138671875,10543708.0,ASIANPAINT,0.08540019232133567,False
2021-05-17,2662.850236845578,2703.242814118367,2629.875736257028,2663.568115234375,2134352.0,ASIANPAINT,0.002973533756893687,False
2021-05-18,2677.2079077404896,2723.1521263931686,2669.550537965043,2700.94580078125,1328605.0,ASIANPAINT,0.014032937747336716,False
2021-05-19,2685.0088131957496,2726.980865587015,2678.7872001293,2695.250732421875,1219067.0,ASIANPAINT,-0.0021085459610954427,False
2021-05-20,2693.4797422093184,2723.1520492485824,2659.5001647933877,2674.43212890625,1211975.0,ASIANPAINT,-0.007724180635661271,False
2021-05-21,2686.7801176012244,2731.767173364409,2675.2940608106246,2711.18798828125,1328308.0,ASIANPAINT,0.013743425745499138,False
2021-05-24,2724.109019979575,2726.9805333527083,2687.927904741218,2698.456787109375,813091.0,ASIANPAINT,-0.004695801702760516,False
2021-05-25,2715.3988234914627,2797.4762520683485,2701.854944786051,2789.57958984375,2730112.0,ASIANPAINT,0.03376848692544265,False
2021-05-26,2813.940184573335,2821.645226713471,2785.7513023920824,2815.615234375,1250531.0,ASIANPAINT,0.009333178600116065,False
2021-05-27,2823.6552709821367,2838.012840156622,2777.950342443358,2823.033203125,2415085.0,ASIANPAINT,0.0026345818347039973,False
2021-05-28,2831.456009365349,2836.864167080515,2805.612385892349,2814.75341796875,711383.0,ASIANPAINT,-0.002932939345907992,False
2021-05-31,2812.1687909975863,2861.893784659736,2810.350259317179,2849.97705078125,2093635.0,ASIANPAINT,0.01251393197984596,False
2021-06-01,2838.012570368475,2854.858876738846,2790.24982159555,2805.46875,1194073.0,ASIANPAINT,-0.015617073396801295,False
2021-06-02,2793.839664947558,2808.101424468967,2753.925433040386,2779.33837890625,2067842.0,ASIANPAINT,-0.009314083820662789,False
2021-06-03,2794.557364827776,2815.997908043404,2779.673304674828,2809.6328125,1404434.0,ASIANPAINT,0.010899872366628482,False
2021-06-04,2826.52648636647,2861.9418199240595,2783.453783391025,2799.6298828125,1509084.0,ASIANPAINT,-0.003560226675527578,False
2021-06-07,2804.511435762576,2815.040318285917,2779.5770808681564,2807.478759765625,802415.0,ASIANPAINT,0.002803540925645498,False
2021-06-08,2802.596680104656,2818.150708810838,2782.9746746599344,2800.921630859375,762931.0,ASIANPAINT,-0.002335593415779713,False
2021-06-09,2805.277512023839,2838.012721637724,2794.55724089146,2817.4814453125,1340352.0,ASIANPAINT,0.005912273399825141,False
2021-06-10,2832.823905409205,2846.5792603052428,2809.4013116096557,2838.210693359375,1344559.0,ASIANPAINT,0.00735736807827525,False
2021-06-11,2847.2526691331923,2858.410915421693,2826.6678957996005,2843.6455078125,878445.0,ASIANPAINT,0.001914873503169101,False
2021-06-14,2842.5394718699026,2856.871832581713,2805.409663206925,2837.537353515625,746823.0,ASIANPAINT,-0.002148001317356152,False
2021-06-15,2856.8717024222506,2933.8244755514693,2848.1663729937623,2926.321533203125,2262031.0,ASIANPAINT,0.031289166846561134,False
2021-06-16,2913.624023916675,2926.3211829952165,2891.0191495152085,2903.71630859375,859505.0,ASIANPAINT,-0.007724791808722209,False
2021-06-17,2902.994968958777,2956.861905419591,2886.209693761997,2943.73193359375,1533864.0,ASIANPAINT,0.013780831440582286,False
2021-06-18,2944.934355945385,2960.565386802591,2901.167469545209,2931.130859375,2293860.0,ASIANPAINT,-0.004280645963359309,False
2021-06-21,2909.0071808925945,2961.864070360746,2905.977259364579,2951.66796875,720491.0,ASIANPAINT,0.007006548107299171,False
2021-06-22,2967.491326188428,2975.042411019758,2889.768978035085,2896.11767578125,1199238.0,ASIANPAINT,-0.01881996672961661,False
2021-06-23,2914.5863899094047,2914.5863899094047,2869.8575888761416,2873.56103515625,1009007.0,ASIANPAINT,-0.007788578763090248,False
2021-06-24,2873.561366771365,2933.536302560418,2862.114499119914,2927.33203125,985596.0,ASIANPAINT,0.018712320857603215,False
2021-06-25,2914.7784946801703,2937.1910358799523,2871.3002266584763,2889.480224609375,786964.0,ASIANPAINT,-0.0129304794388021,False
2021-06-28,2908.814807594235,2923.0992599608758,2862.883621396277,2869.328369140625,891695.0,ASIANPAINT,-0.006974214703779236,False
2021-06-29,2875.147760999058,2908.6704041061057,2859.8053500255346,2887.171630859375,1242734.0,ASIANPAINT,0.006218619629127398,False
2021-06-30,2884.7671091577904,2914.586309019041,2871.925521087502,2878.70703125,924522.0,ASIANPAINT,-0.0029317964747580527,False
2021-07-01,2893.424039189191,2911.6040364563896,2882.8430337267305,2906.506103515625,848235.0,ASIANPAINT,0.009656791039814205,False
2021-07-02,2917.4234098517754,2923.05067443808,2885.488060995346,2890.5380859375,805542.0,ASIANPAINT,-0.0054938875094088235,False
2021-07-05,2904.967459929331,2933.824752577636,2892.55891802706,2899.965576171875,863343.0,ASIANPAINT,0.003261500092401448,False
2021-07-06,2888.614743898314,2914.1053501964507,2881.881376196919,2888.1337890625,762630.0,ASIANPAINT,-0.0040799750199082,False
2021-07-07,2948.2529691421228,2952.100607601036,2896.5503273504787,2924.301513671875,1234865.0,ASIANPAINT,0.012522870216866044,False
2021-07-08,2933.8245652562814,2942.4817524980213,2903.813029786497,2912.951171875,907391.0,ASIANPAINT,-0.0038813856039841,False
2021-07-09,2906.890478937621,2923.387132755542,2892.4618365868387,2895.9248046875,547082.0,ASIANPAINT,-0.005845057531994491,False
2021-07-12,2919.299402732037,2926.9467720602515,2877.1198069308075,2885.151611328125,765566.0,ASIANPAINT,-0.003720121925105513,False
2021-07-13,2904.967075246212,2906.02526977302,2871.6370005875724,2879.813232421875,703484.0,ASIANPAINT,-0.0018502940661037082,False
2021-07-14,2888.6145442411416,2893.1836148655657,2870.5305966962314,2887.6044921875,470744.0,ASIANPAINT,0.0027054739793221927,False
2021-07-15,2895.348179411113,2896.31008910527,2857.9299862449184,2869.953857421875,635535.0,ASIANPAINT,-0.00611255274514888,False
2021-07-16,2879.9576962854085,2891.500612903787,2852.0623144576607,2875.436767578125,1062548.0,ASIANPAINT,0.0019104523726298783,False
2021-07-19,2875.436340252042,2885.440105898122,2852.061890605316,2868.3662109375,837836.0,ASIANPAINT,-0.002458950487226441,False
2021-07-20,2881.881520485887,3058.3919540670486,2866.0581525636167,3038.720947265625,6755922.0,ASIANPAINT,0.059390860092598086,False
2021-07-21,2881.881520485887,3058.3919540670486,2866.0581525636167,3038.720947265625,6755922.0,ASIANPAINT,0.0,False
2021-07-22,3010.7769954660216,3044.4438308785807,2972.3006121373824,2988.41259765625,1982572.0,ASIANPAINT,-0.016555764903205317,False
2021-07-23,2987.6913076041246,3010.392468784481,2960.805980442447,2966.288818359375,815329.0,ASIANPAINT,-0.007403187670345868,False
2021-07-26,2962.633707104652,3000.196327522645,2934.9788034764774,2944.597900390625,1136884.0,ASIANPAINT,-0.007312476733383977,False
2021-07-27,2962.104512898464,2964.124617120839,2906.2177025603887,2913.28759765625,904289.0,ASIANPAINT,-0.010633133552877094,False
2021-07-28,2914.922979683296,2917.4719462999547,2870.3383738078023,2889.6728515625,996594.0,ASIANPAINT,-0.0081058753391694,False
2021-07-29,2889.6729633229456,2924.157284442609,2876.398562772085,2883.276123046875,762683.0,ASIANPAINT,-0.002213651456138388,False
2021-07-30,2893.424143353944,2894.049290671839,2839.4609196162087,2845.761474609375,1067423.0,ASIANPAINT,-0.013011118892718776,False
2021-08-02,2871.877682081146,2873.0319267480054,2847.877847294905,2860.767578125,832285.0,ASIANPAINT,0.005273141705484985,False
2021-08-03,2904.967315643583,2948.2532524660865,2880.149998230433,2911.70068359375,2433031.0,ASIANPAINT,0.017803999827952666,False
2021-08-04,2924.7823721552027,2936.998576891683,2897.271664143519,2903.620361328125,659295.0,ASIANPAINT,-0.002775121189878549,False
2021-08-05,2918.433728366668,2924.205185970557,2866.538752379939,2874.570556640625,693694.0,ASIANPAINT,-0.010004684177862933,False
2021-08-06,2880.91935413119,2886.6908119357936,2848.6472389388723,2853.456787109375,744159.0,ASIANPAINT,-0.007345016973917873,False
2021-08-09,2880.582369170756,2900.1573226481614,2859.8052635848626,2878.5625,825462.0,ASIANPAINT,0.008798350479334749,False
2021-08-10,2883.8049321959597,2893.712647877215,2847.7814652513457,2863.7490234375,724335.0,ASIANPAINT,-0.005146136852161476,False
2021-08-11,2873.608878095667,2887.1237560396958,2840.086466722397,2859.372802734375,987941.0,ASIANPAINT,-0.0015281439355575577,False
2021-08-12,2860.719244927323,2871.5407282849,2845.3286908187697,2862.162109375,438552.0,ASIANPAINT,0.0009754959681920194,False
2021-08-13,2867.3561891251634,2887.652575313181,2859.853482232159,2874.859130859375,572250.0,ASIANPAINT,0.004436164339813642,False
2021-08-16,2866.490778707887,2870.482609849128,2847.2525855621966,2858.21826171875,461742.0,ASIANPAINT,-0.005788412017130984,False
2021-08-17,2860.719131732864,2928.052803293489,2859.8535070349967,2900.446044921875,2036757.0,ASIANPAINT,0.014774163250126371,False
2021-08-18,2931.9006271905896,2931.9006271905896,2878.562783811814,2887.219970703125,1375320.0,ASIANPAINT,-0.004560013878522673,False
2021-08-19,2931.9006271905896,2931.9006271905896,2878.562783811814,2887.219970703125,1375320.0,ASIANPAINT,0.0,False
2021-08-20,2887.171921486626,3005.054000431613,2887.171921486626,2994.376708984375,3931334.0,ASIANPAINT,0.037114158037343525,False
2021-08-23,3038.7209305455867,3043.338144143413,2934.7865389260887,2960.22900390625,1578949.0,ASIANPAINT,-0.011403944258472132,False
2021-08-24,2974.9940249957053,2974.9940249957053,2918.962791414452,2929.928466796875,763704.0,ASIANPAINT,-0.010235876031682412,False
2021-08-25,2910.7387750401745,2953.062802172285,2897.8492788955264,2922.329833984375,797870.0,ASIANPAINT,-0.0025934533551281724,False
2021-08-26,2947.2912468878526,2967.010395243336,2910.931014171447,2923.86865234375,1319516.0,ASIANPAINT,0.0005265724428091811,False
2021-08-27,2924.637829027652,2941.47124606458,2905.4477805737934,2921.126953125,634375.0,ASIANPAINT,-0.0009376957533822061,False
2021-08-30,2940.268744803664,2995.626683932229,2931.948321499708,2990.336181640625,1051747.0,ASIANPAINT,0.023692646579973387,False
2021-08-31,2990.336737086785,3087.7300928182003,2984.853898843485,3079.40966796875,2283290.0,ASIANPAINT,0.029787114530800185,False
2021-09-01,3107.016238549685,3206.044787709461,3092.539451690944,3176.947021484375,2423168.0,ASIANPAINT,0.03167404276546382,False
2021-09-02,3186.7583533368893,3192.5779533686687,3142.2218920146342,3175.8408203125,847517.0,ASIANPAINT,-0.0003481962917210035,False
2021-09-03,3175.840548171992,3217.539184736114,3161.31562056125,3211.62353515625,832039.0,ASIANPAINT,0.011267162577823786,False
2021-09-06,3214.7019842357718,3220.1848221598507,3179.976952647904,3189.259521484375,664394.0,ASIANPAINT,-0.006963460513682795,False
2021-09-07,3206.525647041261,3265.2984174541875,3197.243313350942,3209.1708984375,1285818.0,ASIANPAINT,0.006243260173401488,False
2021-09-08,3217.588004329351,3233.50765711872,3171.4163378995127,3209.508056640625,702598.0,ASIANPAINT,0.00010506084399830584,False
2021-09-09,3179.1114163562943,3231.054537833825,3179.1114163562943,3218.886474609375,591745.0,ASIANPAINT,0.0029220733530628262,False
2021-09-10,3179.1114163562943,3231.054537833825,3179.1114163562943,3218.886474609375,591745.0,ASIANPAINT,0.0,False
2021-09-13,3219.1268466889373,3245.4830764915937,3203.4958152742997,3238.7978515625,610920.0,ASIANPAINT,0.006185796582198977,False
2021-09-14,3255.9678244316,3259.5270779484536,3228.986447085448,3234.421142578125,569412.0,ASIANPAINT,-0.0013513374977273118,False
2021-09-15,3233.7961476822406,3255.0542106794555,3219.463552563064,3224.60986328125,587855.0,ASIANPAINT,-0.0030333957343150475,False
2021-09-16,3222.397332153234,3242.5974348324035,3207.9686873823985,3214.79833984375,516746.0,ASIANPAINT,-0.0030427009323590326,False
2021-09-17,3224.321272072384,3253.1785626935566,3159.9214654710463,3177.23583984375,1545695.0,ASIANPAINT,-0.01168424766631726,False
2021-09-20,3174.253440603539,3188.7302266096303,3140.634748078565,3146.935302734375,689288.0,ASIANPAINT,-0.009536760453660587,False
2021-09-21,3146.935562797214,3207.968683128674,3146.406465521407,3183.1513671875,922057.0,ASIANPAINT,0.011508360029409248,False
2021-09-22,3201.7165049733308,3203.1112270999333,3162.9996387197098,3191.135498046875,825945.0,ASIANPAINT,0.002508247311666212,False
2021-09-23,3212.777838310842,3212.777838310842,3188.730100000132,3194.164794921875,694716.0,ASIANPAINT,0.0009492849416310456,False
2021-09-24,3203.158885519246,3371.493061184672,3194.357506842364,3317.241455078125,2775975.0,ASIANPAINT,0.03853171894947893,False
2021-09-27,3329.7466341940594,3337.8265815500804,3287.470515987033,3299.975341796875,902449.0,ASIANPAINT,-0.005204961265276142,False
2021-09-28,3294.444087159416,3299.0613001965244,3222.3971522296315,3250.9658203125,961271.0,ASIANPAINT,-0.014851481119761534,False
2021-09-29,3236.825939392764,3252.889783416454,3183.920909179806,3196.473876953125,973387.0,ASIANPAINT,-0.016761770615643323,False
2021-09-30,3203.0628564311755,3220.1848952059445,3097.34907960716,3121.06005859375,2077896.0,ASIANPAINT,-0.02359281547805403,False
2021-10-01,3124.282555782772,3129.043961601204,3049.2536027805995,3056.8046875,1512332.0,ASIANPAINT,-0.020587675305005604,False
2021-10-04,3080.804146907893,3107.4489961455733,3056.9487416036627,3079.64990234375,921241.0,ASIANPAINT,0.007473560524546841,False
2021-10-05,3086.334971694392,3135.8251716841733,3070.0785591941303,3130.775146484375,909337.0,ASIANPAINT,0.01660099224321443,False
2021-10-06,3137.7490444903297,3155.063416900148,3078.735797923718,3089.89404296875,786378.0,ASIANPAINT,-0.013057821658489677,False
2021-10-07,3097.349095154786,3191.6162415290623,3097.349095154786,3165.50048828125,1177283.0,ASIANPAINT,0.024468944326601516,False
2021-10-08,3181.03500559835,3202.197016521593,3139.76917823451,3180.938720703125,882436.0,ASIANPAINT,0.004877027338655582,False
2021-10-11,3199.695812058545,3216.962276240008,3172.1371975694715,3180.12109375,460197.0,ASIANPAINT,-0.0002570395172354356,False
2021-10-12,3155.063426239374,3207.968453203754,3155.063426239374,3196.666015625,564524.0,ASIANPAINT,0.005202607506838763,False
2021-10-13,3215.6642221261704,3230.9584928716376,3166.029586202922,3196.906982421875,770144.0,ASIANPAINT,7.538066088152995e-05,False
2021-10-14,3214.7019045085763,3225.234767730151,3164.6826049770248,3172.185546875,648597.0,ASIANPAINT,-0.0077329230042679775,False
2021-10-15,3214.7019045085763,3225.234767730151,3164.6826049770248,3172.185546875,648597.0,ASIANPAINT,0.0,False
2021-10-18,3128.611280072642,3158.86329298396,3108.892131343514,3118.0302734375,1576121.0,ASIANPAINT,-0.017071912294301272,False
2021-10-19,3136.6907191217765,3144.5785652078266,3055.1209781568846,3062.4794921875,1042069.0,ASIANPAINT,-0.017815985214523766,False
2021-10-20,3068.4917592528263,3097.300906074432,3017.1737858943507,3048.868896484375,1205540.0,ASIANPAINT,-0.004444305908936297,False
2021-10-21,3072.33922908816,3073.7339510247957,2809.2088138929093,2887.652587890625,5103543.0,ASIANPAINT,-0.052877415876965816,False
2021-10-22,2861.6812787586027,2888.5666071655846,2801.225161840606,2868.79931640625,2855592.0,ASIANPAINT,-0.0065289264932478774,False
2021-10-25,2837.6333557641005,2837.6333557641005,2748.416239239653,2806.900390625,2161537.0,ASIANPAINT,-0.02157659667138756,False
2021-10-26,2806.90037703242,2908.814652975128,2787.6140424344976,2856.67919921875,1988263.0,ASIANPAINT,0.017734440723301104,False
2021-10-27,2913.81674038354,3025.205927710737,2913.81674038354,2976.773681640625,4609951.0,ASIANPAINT,0.04203989109267803,False
2021-10-28,2988.3306061837,3031.282535563317,2948.8457351384104,3001.13916015625,1791065.0,ASIANPAINT,0.008185196834378239,False
2021-10-29,3009.5168455529647,3028.48879272363,2969.3578997896066,2985.537109375,1118903.0,ASIANPAINT,-0.005198709539492863,False
2021-11-01,3012.4061374408934,3026.129534966,2977.399341636461,3006.435302734375,750393.0,ASIANPAINT,0.006999810283299324,False
2021-11-02,3004.701849264773,3023.770196485735,2966.180030684456,2988.667236328125,881916.0,ASIANPAINT,-0.005910011231603729,False
2021-11-03,2987.463402566662,3065.277287302624,2980.625685782886,3053.47998046875,879227.0,ASIANPAINT,0.021686169458013715,False
2021-11-04,3061.5213676078924,3072.114867149789,3028.7778235693054,3042.501220703125,263595.0,ASIANPAINT,-0.0035954909925230982,False
2021-11-05,3061.5213676078924,3072.114867149789,3028.7778235693054,3042.501220703125,263595.0,ASIANPAINT,0.0,False
2021-11-08,3048.0386019938305,3063.4473279438785,2980.7697887207537,3022.036376953125,787824.0,ASIANPAINT,-0.006726322280741992,False
2021-11-09,3023.962773162485,3038.4084551998853,3004.7018637792844,3028.92236328125,668840.0,ASIANPAINT,0.0022785914758138848,False
2021-11-10,3016.2589491326185,3020.7370173181,2966.662098596115,2993.434814453125,872975.0,ASIANPAINT,-0.011716229263031064,False
2021-11-11,2975.8107461084137,2991.845360450221,2939.215015250122,2950.2900390625,958143.0,ASIANPAINT,-0.01441313342863193,False
2021-11-12,2974.847964233464,3012.4067439696587,2962.135808884926,3007.4951171875,682344.0,ASIANPAINT,0.019389645549282353,False
2021-11-15,3010.479816503512,3062.4842663087547,3010.479816503512,3051.601806640625,696377.0,ASIANPAINT,0.0146655897132002,False
2021-11-16,3048.0390209803536,3090.413023167758,3004.798371886528,3035.23046875,1400107.0,ASIANPAINT,-0.005364834250326855,False
2021-11-17,3052.8544345203545,3120.1712253224546,3048.08740600751,3110.8779296875,1616452.0,ASIANPAINT,0.024923135727697776,False
2021-11-18,3129.75356248069,3139.528380415245,3095.2282867038634,3107.603515625,1609821.0,ASIANPAINT,-0.0010525691256644265,False
2021-11-19,3129.75356248069,3139.528380415245,3095.2282867038634,3107.603515625,1609821.0,ASIANPAINT,0.0,False
2021-11-22,3121.230506105668,3186.0917154218923,3096.239522079253,3140.732177734375,2146970.0,ASIANPAINT,0.010660517644160317,False
2021-11-23,3140.732085988878,3166.782513365515,3054.346953062196,3067.82958984375,1482618.0,ASIANPAINT,-0.023211972166061856,False
2021-11-24,3068.3112362700435,3090.316685404436,3033.593398134354,3040.334716796875,1056213.0,ASIANPAINT,-0.008962320833562076,False
2021-11-25,3039.853461039372,3056.080873578325,2997.960977099815,3028.05615234375,728825.0,ASIANPAINT,-0.004038556802739457,False
2021-11-26,2986.4039347721764,3050.302094305599,2976.773480290486,3026.9482421875,1029110.0,ASIANPAINT,-0.00036588164172335347,False
2021-11-29,3015.295208661693,3061.4249902115084,2958.379130317928,3028.103759765625,876651.0,ASIANPAINT,0.00038174342131802597,False
2021-11-30,3000.9942749100323,3071.1522367682246,3000.9942749100323,3027.47802734375,2340489.0,ASIANPAINT,-0.00020664167132877775,False
2021-12-01,3039.2757010715804,3081.505347264503,3008.651037211436,3022.181640625,1741820.0,ASIANPAINT,-0.0017494385329682727,False
2021-12-02,3043.2241544925146,3075.967705521864,3035.7605509490595,3063.06298828125,939320.0,ASIANPAINT,0.013527098142186889,False
2021-12-03,3067.2997231720224,3069.659137473836,2991.219133492088,2995.504638671875,1216263.0,ASIANPAINT,-0.02205581467565032,False
2021-12-06,2999.886784337041,2999.886784337041,2916.342585768425,2926.021240234375,1107363.0,ASIANPAINT,-0.023195890782631845,False
2021-12-07,2927.6582851513426,2955.586604318905,2904.9785168726,2918.364990234375,2056459.0,ASIANPAINT,-0.002616607799944326,False
2021-12-08,2919.857335249596,3007.5908676719328,2918.990688412945,2993.626708984375,1171484.0,ASIANPAINT,0.02578900137640283,False
2021-12-09,3035.9042803686366,3065.421763488928,2996.0342941277445,3061.232421875,1287243.0,ASIANPAINT,0.022583214095374338,False
2021-12-10,3066.336649419213,3170.3455558693618,3061.232461616012,3161.822509765625,2554394.0,ASIANPAINT,0.03285934356758635,False
2021-12-13,3163.7007641026244,3217.534911769649,3150.073529645836,3158.644775390625,1265832.0,ASIANPAINT,-0.0010050324979297143,False
2021-12-14,3153.0107661758434,3182.865174774332,3128.934630209321,3175.642333984375,863179.0,ASIANPAINT,0.005381282101165619,False
2021-12-15,3157.007449047353,3191.4845242859947,3145.788063242697,3179.927978515625,811946.0,ASIANPAINT,0.0013495362766098307,False
2021-12-16,3202.126703029946,3202.126703029946,3149.7371150789254,3176.702392578125,502930.0,ASIANPAINT,-0.001014358173924923,False
2021-12-17,3153.974183353473,3171.5979639818743,3108.422081712171,3123.830810546875,1019403.0,ASIANPAINT,-0.0166435427362589,False
2021-12-20,3107.747923152282,3153.9741085601872,3063.44782880304,3119.73779296875,948872.0,ASIANPAINT,-0.001310255844940711,False
2021-12-21,3127.0087324479737,3174.197961856644,3120.267413961021,3150.458984375,712026.0,ASIANPAINT,0.00984736328658431,False
2021-12-22,3154.648200777419,3164.2304567929464,3121.230567855253,3158.8857421875,619865.0,ASIANPAINT,0.0026747714711707893,False
2021-12-23,3168.419629627029,3185.658049673942,3129.8978104218368,3147.13623046875,1051596.0,ASIANPAINT,-0.0037195114599534174,False
2021-12-24,3158.789199869397,3178.0501096246985,3140.491335601861,3163.411865234375,651404.0,ASIANPAINT,0.005171569825307865,False
2021-12-27,3158.8856090786526,3163.3636765643946,3106.9773160426007,3151.469970703125,640701.0,ASIANPAINT,-0.0037750046595229625,False
2021-12-28,3154.889028317399,3250.2787372445364,3152.048090963368,3243.72998046875,1211648.0,ASIANPAINT,0.029275230487137094,False
2021-12-29,3247.581790064836,3260.87186417822,3222.542608591524,3243.00732421875,598421.0,ASIANPAINT,-0.00022278557535659882,False
2021-12-30,3238.9623631945287,3264.72382702132,3226.4909725899324,3241.32177734375,691223.0,ASIANPAINT,-0.0005197480938178289,False
2021-12-31,3264.7240877842505,3279.169769588606,3237.1808937632063,3257.9345703125,570671.0,ASIANPAINT,0.005125314334686104,False
2022-01-03,3257.9831012651453,3313.743344658832,3257.9831012651453,3295.927001953125,696276.0,ASIANPAINT,0.011661508486642491,False
2022-01-04,3307.0982804858363,3344.127333312066,3288.8486150997564,3331.46337890625,790886.0,ASIANPAINT,0.010781906556809773,False
2022-01-05,3341.7679614652675,3409.1811480077945,3324.481341368427,3396.468994140625,1024506.0,ASIANPAINT,0.01951263088946731,False
2022-01-06,3362.136495191289,3406.821951342172,3324.577717430291,3384.76806640625,1312743.0,ASIANPAINT,-0.0034450271015459277,False
2022-01-07,3384.7675127082243,3449.628716201802,3367.336531567368,3444.139404296875,964364.0,ASIANPAINT,0.01754074037742326,False
2022-01-10,3447.703080204816,3457.333535736114,3396.6616658889343,3422.182373046875,657511.0,ASIANPAINT,-0.006375186562601609,False
2022-01-11,3419.389478250765,3432.294194023755,3365.8922532029223,3407.977294921875,734344.0,ASIANPAINT,-0.0041508828509196904,False
2022-01-12,3425.456330730267,3450.062189458846,3403.4026835627387,3412.840576171875,594543.0,ASIANPAINT,0.0014270286534028287,False
2022-01-13,3428.442097084087,3428.442097084087,3322.50708846632,3328.526123046875,1153984.0,ASIANPAINT,-0.02470506642287229,False
2022-01-14,3334.063399789646,3334.063399789646,3222.350125850998,3240.070068359375,1558978.0,ASIANPAINT,-0.02657514209518319,False
2022-01-17,3240.0700591939867,3273.391526235733,3198.273980179132,3253.79345703125,1103159.0,ASIANPAINT,0.00423552219005674,False
2022-01-18,3254.178754359971,3270.935651037073,3227.1652826338272,3249.0263671875,558543.0,ASIANPAINT,-0.0014650867999775885,False
2022-01-19,3245.463035140503,3245.463035140503,3146.991641863614,3159.174072265625,1495218.0,ASIANPAINT,-0.02765514488565235,False
2022-01-20,3160.7151639952526,3240.5515376794747,3102.932437048356,3184.21337890625,3075678.0,ASIANPAINT,0.007925902804927665,False
2022-01-21,3178.098288959278,3202.078027406586,3121.952690351553,3153.82958984375,1441694.0,ASIANPAINT,-0.009542007851539358,False
2022-01-24,3147.232506627078,3149.1585975124062,3019.14746275272,3038.552734375,1575665.0,ASIANPAINT,-0.0365513900433857,False
2022-01-25,2985.440760273323,3040.286149152062,2899.4889577396475,3030.80029296875,2699779.0,ASIANPAINT,-0.002551359836065026,False
2022-01-26,2985.440760273323,3040.286149152062,2899.4889577396475,3030.80029296875,2699779.0,ASIANPAINT,0.0,False
2022-01-27,3024.059293013625,3026.8520309387613,2957.753515755861,3001.7646484375,1834684.0,ASIANPAINT,-0.009580190617841322,False
2022-01-28,3014.332609325884,3052.8544318092813,2988.33037914959,2995.890380859375,892060.0,ASIANPAINT,-0.0019569380901273137,False
2022-01-31,3023.963189425708,3075.437929814355,3020.4961312120654,3035.760498046875,944530.0,ASIANPAINT,0.013308269702466013,False
2022-02-01,3075.9671809310225,3093.6391590642424,3025.503693174803,3078.134033203125,1008915.0,ASIANPAINT,0.013958128509647505,False
2022-02-02,3086.3682346072646,3124.2639335827694,3074.185568082786,3079.530517578125,667265.0,ASIANPAINT,0.0004536788716593687,False
2022-02-03,3094.1208579369795,3121.8084163234043,3072.3077360849024,3084.634765625,899753.0,ASIANPAINT,0.0016574760398506694,False
2022-02-04,3070.18894771929,3128.74215911606,3058.6806014163803,3117.041015625,705765.0,ASIANPAINT,0.01050570082433544,False
2022-02-07,3114.4892625264247,3131.053598717143,3026.948517376669,3057.380615234375,860393.0,ASIANPAINT,-0.019140075504801346,False
2022-02-08,3061.5216119877,3104.377136282589,3049.194582694903,3097.491455078125,799206.0,ASIANPAINT,0.013119347863947528,False
2022-02-09,3110.636538231467,3138.5648538998,3103.654459314384,3109.047607421875,472725.0,ASIANPAINT,0.00373081008013898,False
2022-02-10,3101.006859682555,3127.972136723273,3058.632852904284,3119.06396484375,728666.0,ASIANPAINT,0.0032216802978390913,False
2022-02-11,3110.5885915258905,3110.5885915258905,3064.89213213334,3097.443115234375,587840.0,ASIANPAINT,-0.006931839120028482,False
2022-02-14,3023.962696489344,3065.084689956117,3004.701787594508,3027.28515625,681236.0,ASIANPAINT,-0.022650281659511995,False
2022-02-15,3023.962930351496,3149.1588478501253,3017.077248936486,3143.95849609375,676844.0,ASIANPAINT,0.03854058465647725,False
2022-02-16,3158.7894149916906,3163.701041361199,3103.8958184506764,3132.642822265625,624320.0,ASIANPAINT,-0.0035991804097237345,False
2022-02-17,3152.0477903661244,3173.1865911879863,3116.800232485108,3145.162109375,636735.0,ASIANPAINT,0.003996397872235047,False
2022-02-18,3116.5599247655937,3151.085203577148,3110.685487676023,3138.035888671875,423801.0,ASIANPAINT,-0.002265772146333389,False
2022-02-21,3115.4524457160346,3157.296729068325,3085.7423955788654,3131.487060546875,547472.0,ASIANPAINT,-0.00208691944813022,False
2022-02-22,3004.701861934034,3117.1856196865506,3004.701861934034,3107.89208984375,1147209.0,ASIANPAINT,-0.007534749544519714,False
2022-02-23,3117.281840111696,3175.0645692814405,3110.636920304586,3117.57080078125,935896.0,ASIANPAINT,0.0031142364849567894,False
2022-02-24,3014.332340373097,3079.626870680283,2938.7332704947303,2955.634765625,1823450.0,ASIANPAINT,-0.05194301765838627,False
2022-02-25,2990.256197772694,3025.35915828806,2969.1173966350107,3003.931396484375,1239456.0,ASIANPAINT,0.01634052739569869,False
2022-02-28,2975.810330955846,3072.5963951180024,2903.581924864685,3057.33203125,1678348.0,ASIANPAINT,0.0177769155541041,False
2022-03-01,2975.810330955846,3072.5963951180024,2903.581924864685,3057.33203125,1678348.0,ASIANPAINT,0.0,False
2022-03-02,2992.1820989492758,2996.226842661198,2880.565229601693,2917.016357421875,3014206.0,ASIANPAINT,-0.04589481037516119,False
2022-03-03,2917.064547522456,2938.251546547049,2756.235964017586,2765.77001953125,4406840.0,ASIANPAINT,-0.05184967081374203,False
2022-03-04,2757.969185735949,2757.969185735949,2563.674795857048,2636.96240234375,6979253.0,ASIANPAINT,-0.04657206357646848,False
2022-03-07,2551.974233395157,2627.13998337252,2503.2924703777844,2608.360595703125,3233760.0,ASIANPAINT,-0.010846497703267843,False
2022-03-08,2590.5924305466783,2635.8073703683863,2540.5140638595303,2622.758056640625,2611102.0,ASIANPAINT,0.00551973563824637,False
2022-03-09,2648.375268930888,2783.2016462582783,2566.56459628344,2768.707763671875,4076068.0,ASIANPAINT,0.05564741538462403,False
2022-03-10,2889.1364548096367,2927.658274207098,2784.357059024835,2805.158935546875,3971987.0,ASIANPAINT,0.013165409637403647,False
2022-03-11,2809.203974412864,2831.3058235882536,2775.83453890478,2823.649658203125,1265493.0,ASIANPAINT,0.006591684493144401,False
2022-03-14,2840.9842497657105,2862.508410925755,2809.4927086648954,2853.311279296875,1214217.0,ASIANPAINT,0.010504710103669712,False
2022-03-15,2887.210368042934,2919.9539145784443,2856.3929124801007,2876.76123046875,1857685.0,ASIANPAINT,0.008218504353879608,False
2022-03-16,2930.547518176518,2937.2888368183967,2899.489300147865,2929.58447265625,1287234.0,ASIANPAINT,0.01836205300183802,False
2022-03-17,2998.4417901004035,3046.401497039633,2962.809111046697,3020.688232421875,2867519.0,ASIANPAINT,0.03109784360750023,False
2022-03-18,2998.4417901004035,3046.401497039633,2962.809111046697,3020.688232421875,2867519.0,ASIANPAINT,0.0,False
2022-03-21,3002.102002481301,3002.102002481301,2918.124475798309,2933.196044921875,1259015.0,ASIANPAINT,-0.028964322289510847,False
2022-03-22,2912.249406481771,2949.5192179338765,2865.0601799878536,2938.39599609375,1515772.0,ASIANPAINT,0.001772793598599609,False
2022-03-23,2946.919439502726,2966.08395226776,2893.951933237154,2905.31591796875,948403.0,ASIANPAINT,-0.011257869316789182,False
2022-03-24,2859.763619331892,2926.647082448816,2841.5139540854047,2913.5498046875,1243917.0,ASIANPAINT,0.0028340762076251025,False
2022-03-25,2913.549919897053,2951.3012580596223,2880.46921153462,2934.3515625,1083275.0,ASIANPAINT,0.007139660965820083,False
2022-03-28,2934.351408538136,2945.571029567012,2884.947127880691,2915.572021484375,680332.0,ASIANPAINT,-0.006399894700969355,False
2022-03-29,2955.586907110858,2973.595812567752,2901.367393527897,2930.16259765625,1120936.0,ASIANPAINT,0.005004361430401838,False
2022-03-30,2964.254236937659,2980.000125908381,2942.970835990851,2967.673095703125,849545.0,ASIANPAINT,0.012801507355557185,False
2022-03-31,2999.8866265439865,3013.610024434276,2952.793797304718,2966.1318359375,1464862.0,ASIANPAINT,-0.0005193495765610789,False
2022-04-01,2995.07157036956,3005.66507110077,2973.5474089273675,2999.068115234375,637392.0,ASIANPAINT,0.011104118467635482,False
2022-04-04,3009.468998129625,3026.852016485678,2979.181264078411,3002.77587890625,873264.0,ASIANPAINT,0.0012363052553026055,False
2022-04-05,2995.0715495723693,3040.334688745971,2966.180184142411,3024.7333984375,805874.0,ASIANPAINT,0.007312407058247761,False
2022-04-06,3021.073782873063,3048.0390573137533,2997.9606904953284,3037.445556640625,736379.0,ASIANPAINT,0.004202736746878877,False
2022-04-07,3037.4456458622226,3090.3649514828167,3029.25975873799,3038.40869140625,1025244.0,ASIANPAINT,0.0003170870877073906,False
2022-04-08,3050.928157894737,3101.006524122807,3034.7489463973466,3087.7646484375,678898.0,ASIANPAINT,0.01624401522114094,False
2022-04-11,3066.3367260977125,3102.9324533564163,3033.5931806557146,3040.767822265625,672652.0,ASIANPAINT,-0.01522033947621515,False
2022-04-12,3038.1196090030435,3045.2462868144544,2999.06806673355,3013.0322265625,794265.0,ASIANPAINT,-0.009121247436267521,False
2022-04-13,3002.005266859848,3006.531533507147,2952.7937848270685,2966.805908203125,1121350.0,ASIANPAINT,-0.015342125434918974,False
2022-04-14,3002.005266859848,3006.531533507147,2952.7937848270685,2966.805908203125,1121350.0,ASIANPAINT,0.0,False
2022-04-15,3002.005266859848,3006.531533507147,2952.7937848270685,2966.805908203125,1121350.0,ASIANPAINT,0.0,False
2022-04-18,2943.067006704525,2944.9930976774986,2901.65605078558,2909.89013671875,1032504.0,ASIANPAINT,-0.01918419109487568,False
2022-04-19,2918.027585801613,2946.1484646872864,2860.2448613302936,2880.661376953125,749782.0,ASIANPAINT,-0.010044626564006287,False
2022-04-20,2880.7581088433126,2975.3291318128145,2869.875647451752,2969.0693359375,838182.0,ASIANPAINT,0.03069016014575232,False
2022-04-21,2975.618154083343,3057.0916656296204,2972.006733311296,3041.53857421875,1069035.0,ASIANPAINT,0.02440806531665829,False
2022-04-22,3006.1466224435017,3056.0324279303118,2998.201496819552,3047.461181640625,681191.0,ASIANPAINT,0.001947240607788947,False
2022-04-25,3018.184416706998,3038.504769590562,2980.7220430422467,3014.91015625,1096774.0,ASIANPAINT,-0.01068135849825691,False
2022-04-26,3014.332163889041,3032.341066215092,2991.0265117542403,3010.142822265625,1703441.0,ASIANPAINT,-0.0015812524212345247,False
2022-04-27,2981.5888685495456,3047.075962561616,2971.910214249056,3032.00439453125,963536.0,ASIANPAINT,0.007262636212447493,False
2022-04-28,3072.1149425235512,3147.2324865727164,3052.854033792996,3127.6826171875,2001838.0,ASIANPAINT,0.031556096300131564,False
2022-04-29,3128.9347845416714,3156.8631036403817,3102.258471598678,3117.57080078125,1088970.0,ASIANPAINT,-0.0032330059164835667,False
2022-05-02,3076.930134201049,3092.820383720398,3037.493471054006,3081.745361328125,595522.0,ASIANPAINT,-0.011491459775074597,False
2022-05-03,3076.930134201049,3092.820383720398,3037.493471054006,3081.745361328125,595522.0,ASIANPAINT,0.0,False
2022-05-04,3060.558882936115,3076.641697254454,2967.5767842612145,2986.260009765625,1120002.0,ASIANPAINT,-0.030984179536932666,False
2022-05-05,2990.015255584849,3011.394816798198,2956.5494273759523,2962.857421875,724601.0,ASIANPAINT,-0.007836754942333934,False
2022-05-06,2908.3973091716744,2939.599888242531,2892.892183111794,2904.785888671875,923941.0,ASIANPAINT,-0.0195998406046739,False
2022-05-09,2889.9550768151958,2926.502605177144,2865.0602575050957,2894.1923828125,998324.0,ASIANPAINT,-0.00364691452842969,False
2022-05-10,2938.251659548684,3022.758897544553,2923.805977839988,2972.29541015625,2460016.0,ASIANPAINT,0.02698612151962454,False
2022-05-11,2976.195632026425,2994.638093882652,2868.912460514481,2940.8037109375,1883969.0,ASIANPAINT,-0.01059507716196173,False
2022-05-12,2929.584397711626,2964.254035554367,2877.579940947514,2927.610107421875,1254245.0,ASIANPAINT,-0.004486393793150856,False
2022-05-13,2960.786818803952,3001.0903646802776,2923.1318830169794,2950.771240234375,1121729.0,ASIANPAINT,0.007911276420922153,False
2022-05-16,2975.7143836573227,2975.7143836573227,2874.883560485981,2889.040283203125,733044.0,ASIANPAINT,-0.02092027880356695,False
2022-05-17,2888.0770985355143,2943.6450128006154,2841.9473124519723,2937.288818359375,1179081.0,ASIANPAINT,0.016700540811689812,False
2022-05-18,2918.0275334481544,3013.176465060858,2914.175351885847,2985.537109375,1379763.0,ASIANPAINT,0.016426131034187552,False
2022-05-19,2889.618005766299,2958.1867979395806,2889.5698064678763,2934.30322265625,772390.0,ASIANPAINT,-0.017160693316411457,False
2022-05-20,2966.1800287399747,3009.517074614422,2956.5495741012087,2995.023193359375,778957.0,ASIANPAINT,0.020693147945411994,False
2022-05-23,3027.766799914149,3070.189000473252,3014.380561744942,3056.89892578125,813294.0,ASIANPAINT,0.020659516947670653,False
2022-05-24,3057.4287051226465,3065.999716036441,2956.5496888657453,2972.777099609375,691307.0,ASIANPAINT,-0.027518680929359163,False
2022-05-25,2926.6950756293545,2926.6950756293545,2721.855358722039,2733.171142578125,3381427.0,ASIANPAINT,-0.08060004130909593,False
2022-05-26,2744.67969580996,2754.3101508829773,2618.0874108988523,2735.193603515625,3212196.0,ASIANPAINT,0.0007399686415510143,False
2022-05-27,2762.014710530364,2762.977756105862,2678.229745461974,2730.08984375,1879534.0,ASIANPAINT,-0.001865959235596737,False
2022-05-30,2773.571251977848,2777.4234342722616,2712.8993808408327,2738.901611328125,2525482.0,ASIANPAINT,0.003227647470392947,False
2022-05-31,2738.9013327441367,2771.644878916184,2707.1208320477385,2753.972900390625,2408221.0,ASIANPAINT,0.005502676328410283,False
2022-06-01,2753.9728391534923,2831.2572368557885,2727.392925687739,2747.087158203125,1770795.0,ASIANPAINT,-0.002500294097492195,False
2022-06-02,2764.1330305532574,2811.1296959958017,2742.7534683782264,2801.06591796875,1164197.0,ASIANPAINT,0.019649452913948595,False
2022-06-03,2797.6475283773634,2811.5634905739794,2750.45829295895,2780.21630859375,1228489.0,ASIANPAINT,-0.0074434554507447626,False
2022-06-06,2764.999803317764,2765.8664501495846,2703.9425825323524,2713.332275390625,1193698.0,ASIANPAINT,-0.024057132891560973,False
2022-06-07,2696.527460461573,2700.379642547947,2630.077319471627,2643.27099609375,1403598.0,ASIANPAINT,-0.025821120373762052,False
2022-06-08,2669.4655523643664,2672.451087266016,2600.222679502069,2605.23046875,1743575.0,ASIANPAINT,-0.014391459445500132,False
2022-06-09,2595.8353797268965,2612.882751436875,2551.037847520789,2602.421875,1857501.0,ASIANPAINT,-0.0010780596126482855,False
2022-06-10,2581.30657122462,2650.076840101523,2568.714831852792,2623.6826171875,1592920.0,ASIANPAINT,0.008169598631082797,False
2022-06-13,2586.1009708609467,2598.741186805588,2559.5130772022985,2577.18994140625,1674206.0,ASIANPAINT,-0.017720388692092914,False
2022-06-14,2534.813442334768,2582.6137063468414,2503.818398332203,2552.635498046875,2296040.0,ASIANPAINT,-0.009527603287934894,False
2022-06-15,2566.7776491343634,2599.322547124097,2544.596910453874,2577.577392578125,928842.0,ASIANPAINT,0.00977103646420896,False
2022-06-16,2610.3157301964525,2639.857885417692,2557.091468330253,2573.993408203125,1280628.0,ASIANPAINT,-0.0013904468534368108,False
2022-06-17,2566.8746346636235,2573.557847997147,2479.6040989359035,2499.169677734375,2043251.0,ASIANPAINT,-0.029069122799729175,False
2022-06-20,2518.347433944989,2589.393984026617,2507.063394839954,2577.14111328125,1595360.0,ASIANPAINT,0.031198936287335277,False
2022-06-21,2590.943694967531,2624.893004179746,2557.0913398651405,2594.237060546875,1042074.0,ASIANPAINT,0.006633686908924519,False
2022-06-22,2603.584006035873,2622.907433785981,2543.870204058246,2582.614013671875,1871760.0,ASIANPAINT,-0.004480333371133738,False
2022-06-23,2590.944028683655,2681.0233943039416,2590.944028683655,2671.57958984375,1612872.0,ASIANPAINT,0.03444787943568328,False
2022-06-24,2687.852113329925,2697.3443951149384,2640.3909408783334,2674.19482421875,2215583.0,ASIANPAINT,0.0009789094006189547,False
2022-06-27,2692.597761444028,2738.848183266969,2678.165787234205,2732.358642578125,1295734.0,ASIANPAINT,0.021750030264293452,False
2022-06-28,2692.6948468732808,2697.344151457537,2619.372232330451,2640.875,1838358.0,ASIANPAINT,-0.033481564664514685,False
2022-06-29,2621.503392656904,2633.6108348916023,2593.8984243617915,2613.07666015625,1066354.0,ASIANPAINT,-0.010526185390732246,False
2022-06-30,2629.590899807786,2641.310760407516,2595.835260874571,2610.557861328125,1291447.0,ASIANPAINT,-0.0009639207553805429,False
2022-07-01,2619.953665113854,2692.695275971399,2600.678710785326,2686.060302734375,1477191.0,ASIANPAINT,0.028921956691600803,False
2022-07-04,2687.9970267247004,2710.129522885897,2658.6003026260737,2702.67138671875,653147.0,ASIANPAINT,0.006184181333332317,False
2022-07-05,2697.5376332708965,2723.980329538042,2673.3227532594883,2679.715576171875,1073043.0,ASIANPAINT,-0.008493748318675554,False
2022-07-06,2741.657550263476,2778.899993293684,2717.055087072438,2771.53857421875,2085735.0,ASIANPAINT,0.03426594929080107,False
2022-07-07,2810.282388822576,2839.921500435609,2786.455085648432,2800.596435546875,1469087.0,ASIANPAINT,0.010484379181450176,False
2022-07-08,2789.5540232972107,2797.3027844730364,2751.294514991572,2789.3603515625,1274148.0,ASIANPAINT,-0.00401203252341531,False
2022-07-11,2783.742877112794,2848.202941273128,2761.80428827608,2840.9384765625,1081885.0,ASIANPAINT,0.0184910224923458,False
2022-07-12,2828.2982447983204,2831.4461794885924,2794.784753198655,2802.33984375,1115524.0,ASIANPAINT,-0.01358657821383158,False
2022-07-13,2856.387610352818,2875.711039771091,2834.1583949626697,2848.83251953125,2153712.0,ASIANPAINT,0.01659066293652489,False
2022-07-14,2859.3901775530894,2862.0538145329174,2820.9367563382643,2846.8466796875,882479.0,ASIANPAINT,-0.0006970714600227357,False
2022-07-15,2857.307729463469,2891.257042872969,2848.106073883137,2884.6220703125,1668006.0,ASIANPAINT,0.013269204448040917,False
2022-07-18,2900.701035562005,2930.0010460222275,2894.550360264433,2923.07568359375,823390.0,ASIANPAINT,0.01333055504116154,False
2022-07-19,2889.7555688613666,2928.0635598517706,2884.621966532862,2924.2861328125,638171.0,ASIANPAINT,0.0004141012241125619,False
2022-07-20,2937.749701143026,2949.082219461049,2905.7860545430526,2912.033447265625,867436.0,ASIANPAINT,-0.0041899749170888345,False
2022-07-21,2887.382743707055,2988.068183231665,2887.382743707055,2969.810302734375,1184060.0,ASIANPAINT,0.01984072522346958,False
2022-07-22,2969.810107101253,2995.6230769368526,2952.2784377992166,2971.069091796875,1268141.0,ASIANPAINT,0.00042386177371023237,False
2022-07-25,2973.1035265325377,3019.3054789822954,2955.8140043658177,3007.440185546875,985844.0,ASIANPAINT,0.012241752926722693,False
2022-07-26,2998.7709770086058,3050.881450195759,2957.1213801057083,3010.87841796875,2876310.0,ASIANPAINT,0.0011432421626864642,False
2022-07-27,3021.0000845552686,3092.724609563128,2998.77087103271,3085.992919921875,1976407.0,ASIANPAINT,0.024947703469142324,False
2022-07-28,3097.567470595915,3176.992277534272,3082.06994729087,3169.630859375,1332572.0,ASIANPAINT,0.027102440486235002,False
2022-07-29,3182.2227680166607,3249.0076002759256,3172.149471916596,3229.054443359375,1836550.0,ASIANPAINT,0.018747793235484922,False
2022-08-01,3235.156536571573,3249.636987926512,3210.408881216818,3220.143310546875,1076122.0,ASIANPAINT,-0.002759672519869083,False
2022-08-02,3226.390983082721,3297.8248873163902,3221.160662989236,3289.494873046875,1650536.0,ASIANPAINT,0.021536793804441512,False
2022-08-03,3297.098093337363,3339.71628255794,3265.37660022432,3331.62841796875,1169005.0,ASIANPAINT,0.012808515151400357,False
2022-08-04,3346.497188061583,3367.757810311878,3303.7820352975077,3351.824462890625,981434.0,ASIANPAINT,0.006061913991653345,False
2022-08-05,3365.8687721087517,3382.2864156593077,3343.155258912524,3364.80322265625,792478.0,ASIANPAINT,0.0038721478136214404,False
2022-08-08,3356.182236230597,3367.756901121469,3328.6257511671997,3349.837890625,724644.0,ASIANPAINT,-0.004447609872245684,False
2022-08-09,3356.182236230597,3367.756901121469,3328.6257511671997,3349.837890625,724644.0,ASIANPAINT,0.0,False
2022-08-10,3332.936669491413,3341.508833108703,3289.349877824132,3304.50830078125,1089295.0,ASIANPAINT,-0.013531875667957327,False
2022-08-11,3341.6538598947395,3368.726051841802,3283.5381405922226,3298.2607421875,1410533.0,ASIANPAINT,-0.0018906167045406042,False
2022-08-12,3292.2556362413407,3326.9313975040973,3276.758110445559,3320.19970703125,548472.0,ASIANPAINT,0.006651676916604066,False
2022-08-15,3292.2556362413407,3326.9313975040973,3276.758110445559,3320.19970703125,548472.0,ASIANPAINT,0.0,False
2022-08-16,3361.025548922406,3399.236584597453,3346.7872459089813,3391.052001953125,911189.0,ASIANPAINT,0.021339769042154177,False
2022-08-17,3407.469883510072,3434.2999267747364,3394.5392777780007,3413.039306640625,817912.0,ASIANPAINT,0.006483918463897398,False
2022-08-18,3414.298430389936,3431.4425198946483,3405.1452521052847,3424.323486328125,599877.0,ASIANPAINT,0.0033061968157075405,False
2022-08-19,3409.45548765206,3427.374500868413,3355.2141503485045,3373.181640625,581829.0,ASIANPAINT,-0.014934875722843577,False
2022-08-22,3353.374027330988,3376.0875408007983,3228.521945892764,3244.55224609375,2336567.0,ASIANPAINT,-0.03813295820838658,False
2022-08-23,3228.327826095305,3277.677704615065,3212.685108085989,3251.186767578125,831446.0,ASIANPAINT,0.002044818816637095,False
2022-08-24,3234.7211575261304,3278.695292262805,3198.301877415593,3272.738525390625,1182154.0,ASIANPAINT,0.006628889495805312,False
2022-08-25,3269.00905226243,3298.212105206592,3245.9564374288216,3256.901611328125,615392.0,ASIANPAINT,-0.004839040436513287,False
2022-08-26,3273.2227154111,3278.210886759609,3201.837050577373,3219.175048828125,1384783.0,ASIANPAINT,-0.01158357451412706,False
2022-08-29,3145.028809725636,3243.1960339318,3135.052231251342,3238.256103515625,1031166.0,ASIANPAINT,0.005927311934915247,False
2022-08-30,3226.3911610529058,3302.6680460522803,3226.3911610529058,3285.088134765625,1426459.0,ASIANPAINT,0.014462114716361274,False
2022-08-31,3226.3911610529058,3302.6680460522803,3226.3911610529058,3285.088134765625,1426459.0,ASIANPAINT,0.0,False
2022-09-01,3210.893259075237,3365.287247591918,3210.893259075237,3338.31201171875,1417762.0,ASIANPAINT,0.016201658759125603,False
2022-09-02,3379.4288763838917,3379.4288763838917,3317.4387794826102,3323.298828125,740821.0,ASIANPAINT,-0.004497237987656,False
2022-09-05,3317.487510162658,3341.653916554349,3298.59990106909,3317.245361328125,518438.0,ASIANPAINT,-0.001821523465071695,False
2022-09-06,3312.595779489728,3326.688887776107,3277.726350231941,3288.623046875,540937.0,ASIANPAINT,-0.008628338074355035,False
2022-09-07,3285.4756103497502,3327.125212721519,3279.615560860885,3293.5634765625,682921.0,ASIANPAINT,0.0015022791049872364,False
2022-09-08,3341.653633425971,3375.21536445926,3319.76328604951,3341.798828125,1143090.0,ASIANPAINT,0.014645338371569228,False
2022-09-09,3374.295089179623,3374.295089179623,3325.623179828119,3333.759521484375,702805.0,ASIANPAINT,-0.0024056824046274627,False
2022-09-12,3333.7599286083305,3345.189164314842,3315.5018120623627,3324.412841796875,641280.0,ASIANPAINT,-0.00280364544210987,False
2022-09-13,3324.219087927652,3350.3711611718377,3307.4138647906134,3314.726806640625,776044.0,ASIANPAINT,-0.0029136077909669433,False
2022-09-14,3273.851799301417,3340.200570973649,3273.851799301417,3330.950439453125,816678.0,ASIANPAINT,0.004894410236161217,False
2022-09-15,3331.9675071640904,3350.128667268545,3282.666105789904,3288.76806640625,590182.0,ASIANPAINT,-0.012663764836381208,False
2022-09-16,3305.2346937021766,3312.596112987094,3205.61480335798,3218.20654296875,1598265.0,ASIANPAINT,-0.021455305455639784,False
2022-09-19,3216.365483960412,3237.1420397119346,3129.821646670688,3212.103759765625,1013563.0,ASIANPAINT,-0.0018963304939076941,False
2022-09-20,3230.846265027192,3302.909653793307,3229.296418107591,3286.63720703125,708184.0,ASIANPAINT,0.023203935127881214,False
2022-09-21,3298.0667417118734,3317.341692103425,3242.856813877049,3250.654052734375,605378.0,ASIANPAINT,-0.01094831952242692,False
2022-09-22,3250.654357637928,3331.9678871234723,3211.5229649864687,3328.093505859375,829396.0,ASIANPAINT,0.02382272978567479,False
2022-09-23,3327.1247083471394,3329.9820170610733,3276.467129102942,3288.623046875,513370.0,ASIANPAINT,-0.011859780656668484,False
2022-09-26,3264.166144437257,3359.0884833556106,3248.6686197158933,3330.0791015625,1429914.0,ASIANPAINT,0.012605900432064887,False
2022-09-27,3346.3514134369825,3390.0833946384378,3323.298799058751,3361.655029296875,1455383.0,ASIANPAINT,0.009482035342511574,False
2022-09-28,3342.6220815975958,3470.3796956615724,3312.5956299808104,3458.514404296875,1843428.0,ASIANPAINT,0.028813002570421187,False
2022-09-29,3451.5409230330038,3451.5409230330038,3266.4907410707533,3278.50146484375,2624894.0,ASIANPAINT,-0.05204920911402766,False
2022-09-30,3295.1613450761192,3304.750344348063,3182.0778391861613,3237.4814453125,2159720.0,ASIANPAINT,-0.01251181979667193,False
2022-10-03,3242.857082709781,3247.215761584391,3182.562024944344,3199.17333984375,934543.0,ASIANPAINT,-0.011832687265039277,False
2022-10-04,3225.421854373033,3262.567573021024,3208.035618698951,3232.928466796875,994382.0,ASIANPAINT,0.010551202878795518,False
2022-10-05,3225.421854373033,3262.567573021024,3208.035618698951,3232.928466796875,994382.0,ASIANPAINT,0.0,False
2022-10-06,3232.928959363726,3261.0182230358246,3207.6970045290964,3224.4052734375,922770.0,ASIANPAINT,-0.0026363693001285604,False
2022-10-07,3213.799043867114,3254.0927009112474,3184.014739889141,3238.69189453125,774544.0,ASIANPAINT,0.00443077711460238,False
2022-10-10,3176.99274784022,3195.3960594892947,3157.814512616489,3175.007080078125,734377.0,ASIANPAINT,-0.019663745897120055,False
2022-10-11,3187.162790553955,3254.4801629725844,3171.180968325072,3195.105224609375,1411316.0,ASIANPAINT,0.006330110146008039,False
2022-10-12,3230.265280266782,3234.623959055748,3105.3164883164327,3146.191162109375,1812549.0,ASIANPAINT,-0.015309061536769919,False
2022-10-13,3128.6601138954484,3155.87750290591,3093.596771037553,3108.22265625,779890.0,ASIANPAINT,-0.012068086108893317,False
2022-10-14,3133.405918450057,3144.0604671681253,3080.133174859716,3085.46044921875,845765.0,ASIANPAINT,-0.0073232228024204815,False
2022-10-17,3085.460079008228,3116.939423716364,3070.543807182058,3097.18017578125,1067773.0,ASIANPAINT,0.003798371995164418,False
2022-10-18,3116.939645269741,3147.934694570124,3111.1280735259197,3124.543212890625,1015424.0,ASIANPAINT,0.008834822501881945,False
2022-10-19,3140.185657822105,3143.7694127895834,3095.969381258002,3111.854248046875,943543.0,ASIANPAINT,-0.00406106236310011,False
2022-10-20,3097.5678744226834,3140.0408743571106,3004.3890506981584,3042.260986328125,2284352.0,ASIANPAINT,-0.022363920727466402,False
2022-10-21,3041.3896610500005,3065.362398028022,2976.1546640173806,2995.284423828125,1738731.0,ASIANPAINT,-0.01544133219047017,False
2022-10-24,3051.0750040003823,3059.7923611546694,3018.142765861965,3023.615234375,178709.0,ASIANPAINT,0.009458470895617577,False
2022-10-25,3035.5776548285617,3036.546250123657,2983.1765547745235,2988.01953125,1016316.0,ASIANPAINT,-0.011772563757556864,False
2022-10-26,3035.5776548285617,3036.546250123657,2983.1765547745235,2988.01953125,1016316.0,ASIANPAINT,0.0,False
2022-10-27,3024.923141807405,3024.923141807405,2937.7495642337044,2947.871337890625,2005709.0,ASIANPAINT,-0.01343638920009993,False
2022-10-28,2962.642636002276,2975.1376582651296,2944.529949724652,2957.509033203125,715736.0,ASIANPAINT,0.0032693744766338906,False
2022-10-31,2989.518492334792,3019.588276002014,2969.1971858968195,3014.447265625,814364.0,ASIANPAINT,0.019252090790812693,False
2022-11-01,3017.1633818492714,3069.4459125153426,3017.1633818492714,3064.595947265625,939335.0,ASIANPAINT,0.016636111771630935,False
2022-11-02,3063.237809767216,3065.1292487022656,3028.4151567506465,3037.9208984375,787012.0,ASIANPAINT,-0.008704262906803706,False
2022-11-03,3011.828027868699,3054.265218277477,3011.828027868699,3047.038818359375,563798.0,ASIANPAINT,0.0030013684446374977,False
2022-11-04,3053.5380885762283,3089.4278310404343,3032.101147675779,3085.887451171875,609757.0,ASIANPAINT,0.012749635015617322,False
2022-11-07,3090.3980025079964,3102.037919654919,3004.5050665317176,3010.422119140625,1669943.0,ASIANPAINT,-0.0244549852272129,False
2022-11-08,3090.3980025079964,3102.037919654919,3004.5050665317176,3010.422119140625,1669943.0,ASIANPAINT,0.0,False
2022-11-09,3051.598380168678,3051.598380168678,2987.578833731573,2993.8837890625,1391333.0,ASIANPAINT,-0.005493691390643263,False
2022-11-10,2993.3984797802987,2993.3984797802987,2942.4738458890265,2953.774169921875,1375007.0,ASIANPAINT,-0.013397186386177262,False
2022-11-11,2997.957353404688,3005.0383497518724,2956.538699174857,2963.716552734375,810288.0,ASIANPAINT,0.0033659928757394653,False
2022-11-14,2964.2985472385167,2985.589845789153,2949.797199548701,2961.58251953125,811702.0,ASIANPAINT,-0.0007200530702424768,False
2022-11-15,2976.4234425738337,3002.128256400852,2950.718628746815,2986.8994140625,873840.0,ASIANPAINT,0.008548434617063227,False
2022-11-16,2986.899635450625,3000.188492824734,2959.448784871731,2990.537109375,770953.0,ASIANPAINT,0.001217883433025424,False
2022-11-17,2999.218672767161,3003.6321887462414,2968.178893488847,2979.430908203125,706271.0,ASIANPAINT,-0.003713781426439522,False
2022-11-18,3002.128528859307,3021.3829858785225,2964.056301150833,3002.613525390625,1258576.0,ASIANPAINT,0.007780887660013391,False
2022-11-21,3011.828563403642,3017.018121193688,2974.192783911853,3002.419677734375,612194.0,ASIANPAINT,-6.455964266161018e-05,False
2022-11-22,3010.858539002641,3025.8934318359334,2980.109805538785,3010.713134765625,764079.0,ASIANPAINT,0.002762257752556563,False
2022-11-23,3017.6482759418896,3021.334296769497,2997.278422584519,3007.75439453125,488341.0,ASIANPAINT,-0.0009827373455841837,False
2022-11-24,3024.389967091296,3026.6209986051235,2999.218693273629,3021.819580078125,571872.0,ASIANPAINT,0.0046763078702332095,False
2022-11-25,3021.8191367230515,3026.18410507349,2982.970871041213,3014.883544921875,898769.0,ASIANPAINT,-0.0022953174312513314,False
2022-11-28,3014.8838411585343,3064.208083090868,3003.777467960733,3056.64208984375,914689.0,ASIANPAINT,0.01385079864600769,False
2022-11-29,3062.2681070603794,3073.908023843631,3033.3137193361567,3040.976806640625,877720.0,ASIANPAINT,-0.00512499754393092,False
2022-11-30,3045.6810365245337,3103.929165651731,3039.279224580983,3079.873291015625,2547283.0,ASIANPAINT,0.012790786266459353,False
2022-12-01,3095.247834114461,3101.0677924362058,3066.390540769145,3083.947509765625,761717.0,ASIANPAINT,0.0013228527166637694,False
2022-12-02,3077.9335035005515,3079.049137651833,3039.958368448281,3049.124755859375,932259.0,ASIANPAINT,-0.011291616927973092,False
2022-12-05,3036.078180684021,3073.616863542317,3019.103302677001,3062.1708984375,926122.0,ASIANPAINT,0.004278651620618357,False
2022-12-06,3031.228448896603,3073.908145457067,3031.228448896603,3066.8271484375,958365.0,ASIANPAINT,0.001520571566523632,False
2022-12-07,3084.577939766388,3137.6365129396786,3081.085870014352,3129.6826171875,1832282.0,ASIANPAINT,0.020495275966897486,False
2022-12-08,3133.077667936157,3143.6504978481967,3106.5482623068474,3124.7841796875,851312.0,ASIANPAINT,-0.0015651547134840627,False
2022-12-09,3137.927387578384,3145.056930928282,3109.797590286336,3130.118896484375,847879.0,ASIANPAINT,0.0017072272803839716,False
2022-12-12,3130.167631349865,3133.0776105547147,3047.62112651308,3071.337646484375,1323816.0,ASIANPAINT,-0.01877923872668885,False
2022-12-13,3089.4277573411937,3089.4277573411937,3048.348458369348,3083.122802734375,886601.0,ASIANPAINT,0.0038371412089746038,False
2022-12-14,3083.607877920916,3099.127766579845,3031.2282536970315,3051.549560546875,1103870.0,ASIANPAINT,-0.010240669674103864,False
2022-12-15,3047.7182266653717,3066.342046250861,3023.177354625588,3036.660400390625,799124.0,ASIANPAINT,-0.004879212957492274,False
2022-12-16,3021.528344009243,3023.468330104916,2958.769841177193,2964.20166015625,1192821.0,ASIANPAINT,-0.02386132483732928,False
2022-12-19,2970.1186793116817,2995.338498273832,2949.74882553456,2988.5,655594.0,ASIANPAINT,0.008197262747120071,False
2022-12-20,2982.7774973319997,2995.969262145348,2927.4393405006745,2989.664306640625,739257.0,ASIANPAINT,0.00038959566358531816,False
2022-12-21,2992.4283051383704,3019.0545647368745,2958.527098282642,2977.538818359375,616324.0,ASIANPAINT,-0.004055802604431835,False
2022-12-22,2981.758624126837,3000.6734885284222,2946.887421477625,2995.8720703125,663202.0,ASIANPAINT,0.006157183187699422,False
2022-12-23,2986.5602480960024,2994.2233357780187,2944.8990912529807,2966.141845703125,1230858.0,ASIANPAINT,-0.0099237296892567,False
2022-12-26,2966.1417572261794,2979.7216604039577,2937.915100566913,2964.347412109375,536884.0,ASIANPAINT,-0.0006049722795117285,False
2022-12-27,2968.1789506957684,3035.1084760545946,2964.590023510487,3019.20068359375,729041.0,ASIANPAINT,0.018504332947042235,False
2022-12-28,3016.630123598801,3049.4644861704974,3011.828704910441,3029.967529296875,972274.0,ASIANPAINT,0.003566124557943917,False
2022-12-29,3007.9485208611454,3031.228354624663,2999.752126753184,3021.673828125,596265.0,ASIANPAINT,-0.0027372244394313627,False
2022-12-30,3036.805752145115,3036.805752145115,2979.139712479381,2995.241455078125,836220.0,ASIANPAINT,-0.00874759307270323,False
2023-01-02,2995.241648886434,2995.241648886434,2930.349204136414,2955.8115234375,1015990.0,ASIANPAINT,-0.013164191345500953,False
2023-01-03,2955.5689623396606,2968.130325564934,2934.229114236125,2937.381591796875,860367.0,ASIANPAINT,-0.006235151157131802,False
2023-01-04,2943.928764609714,2958.4786596572085,2911.482546016741,2926.323486328125,836382.0,ASIANPAINT,-0.003764613184623844,False
2023-01-05,2948.342438652981,2955.180937055911,2905.5171031718905,2914.19873046875,1113920.0,ASIANPAINT,-0.004143340924549932,False
2023-01-06,2919.6789735929083,2932.7738792884247,2863.419378752912,2889.027099609375,1045526.0,ASIANPAINT,-0.00863758212375798,False
2023-01-09,2903.480315041837,2927.0995042990075,2862.4495606589435,2894.604736328125,808263.0,ASIANPAINT,0.0019306280372046736,False
2023-01-10,2894.604688289281,2895.429277114177,2863.6134574599964,2871.51904296875,864325.0,ASIANPAINT,-0.007975421676625793,False
2023-01-11,2885.6319938173656,2885.6319938173656,2846.9293690122067,2852.167236328125,890426.0,ASIANPAINT,-0.006739222812403134,False
2023-01-12,2850.8095589225845,2851.634147736622,2809.099857992448,2828.451171875,1558620.0,ASIANPAINT,-0.00831510303850802,False
2023-01-13,2837.229463913612,2837.229463913612,2785.5773377756973,2821.85498046875,1507864.0,ASIANPAINT,-0.0023320860094173668,False
2023-01-16,2837.229485569536,2841.691548033403,2809.0996889604703,2828.548095703125,644073.0,ASIANPAINT,0.0023718849057450253,False
2023-01-17,2837.2295496419288,2856.484005585037,2823.795051749368,2852.65234375,716489.0,ASIANPAINT,0.008521774151018402,False
2023-01-18,2859.490759856611,2871.179222636024,2841.4490325058896,2856.871826171875,893808.0,ASIANPAINT,0.0014791435875878278,False
2023-01-19,2866.2321399895136,2884.3711980287576,2758.272111591653,2780.145263671875,2379947.0,ASIANPAINT,-0.02685684453782844,False
2023-01-20,2762.540263979783,2762.540263979783,2697.5507282752023,2704.146728515625,3171005.0,ASIANPAINT,-0.027336174173818173,False
2023-01-23,2715.980411231565,2715.980411231565,2684.795230878482,2700.89697265625,1402260.0,ASIANPAINT,-0.0012017675761103463,False
2023-01-24,2711.130465475897,2742.2673358517864,2700.8969918479224,2726.262451171875,1061471.0,ASIANPAINT,0.009391501701998983,False
2023-01-25,2726.553615947672,2726.650709987331,2684.068105969558,2691.73095703125,857953.0,ASIANPAINT,-0.012666239864684292,False
2023-01-26,2726.553615947672,2726.650709987331,2684.068105969558,2691.73095703125,857953.0,ASIANPAINT,0.0,False
2023-01-27,2683.583047017565,2689.6455039870666,2605.2561029716053,2640.95166015625,1801498.0,ASIANPAINT,-0.018864922863986888,False
2023-01-30,2642.260922980789,2692.7005588086163,2615.34361732267,2683.194580078125,1171912.0,ASIANPAINT,0.015995340073500453,False
2023-01-31,2677.1808321694366,2696.532146256415,2636.4896708695137,2644.0556640625,1961805.0,ASIANPAINT,-0.01458668570152133,False
2023-02-01,2667.287207083192,2694.640966507688,2623.6375154011016,2661.418701171875,1176872.0,ASIANPAINT,0.0065668198084367635,False
2023-02-02,2658.750772535264,2658.750772535264,2613.1611022291136,2624.46142578125,1308570.0,ASIANPAINT,-0.013886306342685617,False
2023-02-03,2624.4617256466054,2680.963823492483,2618.981359379718,2677.56884765625,1278409.0,ASIANPAINT,0.020235550560317783,False
2023-02-06,2677.5690861495827,2682.031149514817,2636.441469938977,2671.55517578125,1120284.0,ASIANPAINT,-0.0022459448167929663,False
2023-02-07,2679.1207317216745,2691.2456445191115,2665.686233616233,2675.289306640625,732250.0,ASIANPAINT,0.0013977367539426133,False
2023-02-08,2684.9406814927183,2700.460569825046,2661.951894263398,2682.61279296875,811956.0,ASIANPAINT,0.0027374558369992474,False
2023-02-09,2698.47216243318,2735.720038254164,2683.146224628361,2730.142578125,946372.0,ASIANPAINT,0.017717721051963897,False
2023-02-10,2745.080355916384,2746.001801959138,2709.190612747159,2720.442626953125,700072.0,ASIANPAINT,-0.0035529101115798767,False
2023-02-13,2730.0453911726377,2744.110290150077,2696.5806315366613,2707.008056640625,467228.0,ASIANPAINT,-0.004938376637461661,False
2023-02-14,2720.587960979172,2720.587960979172,2682.03073789372,2693.670654296875,524746.0,ASIANPAINT,-0.004926990265519016,False
2023-02-15,2693.6708005646656,2714.331700665105,2671.360959580514,2702.546142578125,817717.0,ASIANPAINT,0.0032949418916867756,False
2023-02-16,2713.070319322665,2749.299651240783,2706.3774625993715,2721.751708984375,788964.0,ASIANPAINT,0.0071064712286201814,False
2023-02-17,2718.842562519711,2760.455415489592,2701.916227484671,2748.572998046875,840526.0,ASIANPAINT,0.009854421685109749,False
2023-02-20,2759.630479339226,2766.4204313094806,2727.717799804921,2740.76416015625,646218.0,ASIANPAINT,-0.00284105166432691,False
2023-02-21,2751.870148841625,2753.519089583385,2720.830372753176,2732.5673828125,631934.0,ASIANPAINT,-0.002990690502638005,False
2023-02-22,2725.631659195735,2729.511631019516,2696.5804175281087,2712.0517578125,580270.0,ASIANPAINT,-0.0075078203483802675,False
2023-02-23,2720.830292872216,2721.3638363710115,2619.0781245954918,2624.75244140625,1790570.0,ASIANPAINT,-0.032189399097849236,False
2023-02-24,2630.717964535846,2679.120517833097,2628.6808846226263,2656.32568359375,1429040.0,ASIANPAINT,0.012029036220491784,False
2023-02-27,2658.1688551027232,2675.8712282359784,2643.2796038986467,2667.3837890625,561317.0,ASIANPAINT,0.004162932857611601,False
2023-02-28,2667.4810009523794,2753.810386074111,2645.6076093816264,2743.91650390625,1815923.0,ASIANPAINT,0.02869205217395754,False
2023-03-01,2743.140503970068,2767.68137691662,2731.5491337154585,2755.6533203125,816598.0,ASIANPAINT,0.004277395609356693,False
2023-03-02,2746.050396057636,2763.510271412294,2726.65053455246,2748.86328125,604523.0,ASIANPAINT,-0.0024640396571111722,False
2023-03-03,2751.918983983131,2766.4203335298184,2726.3110239401644,2743.965087890625,679295.0,ASIANPAINT,-0.0017818977730851282,False
2023-03-06,2757.6901092686,2797.4598224166866,2745.3226984725475,2778.593505859375,1050267.0,ASIANPAINT,0.012619846411883406,False
2023-03-07,2757.6901092686,2797.4598224166866,2745.3226984725475,2778.593505859375,1050267.0,ASIANPAINT,0.0,False
2023-03-08,2783.879787243216,2783.879787243216,2742.170090082429,2773.743408203125,580250.0,ASIANPAINT,-0.0017455225624123383,False
2023-03-09,2776.1202223689806,2786.2566027921152,2751.7249908920103,2767.923828125,774224.0,ASIANPAINT,-0.002098096046272313,False
2023-03-10,2758.66061148679,2758.66061148679,2722.770863728347,2745.274658203125,489978.0,ASIANPAINT,-0.008182728762885616,False
2023-03-13,2738.7750667896757,2763.946336226169,2689.0143815920264,2700.654296875,813217.0,ASIANPAINT,-0.01625351445065626,False
2023-03-14,2699.4422347533823,2703.3222071310624,2657.8296257286497,2663.213134765625,1060450.0,ASIANPAINT,-0.01386373744788405,False
2023-03-15,2689.0147787621936,2780.3397696641264,2682.224827177577,2742.558349609375,2170346.0,ASIANPAINT,0.029793039771386143,False
2023-03-16,2764.480414407457,2812.9800708005705,2743.819513421045,2806.4326171875,1755487.0,ASIANPAINT,0.023290030488220204,False
2023-03-17,2836.2108597785927,2836.2108597785927,2769.378439754882,2776.750244140625,1848073.0,ASIANPAINT,-0.01057654934064356,False
2023-03-20,2827.529765208051,2827.529765208051,2746.098895319118,2769.4755859375,1074367.0,ASIANPAINT,-0.0026198460659094813,False
2023-03-21,2772.3851580191317,2800.3695483703864,2749.929916740577,2753.906982421875,691891.0,ASIANPAINT,-0.005621498739572739,False
2023-03-22,2740.2305174524195,2767.5357285907025,2730.38518217755,2754.635009765625,731807.0,ASIANPAINT,0.0002643616318187547,False
2023-03-23,2732.567593446849,2738.290457878413,2684.6983403446607,2713.8466796875,1016581.0,ASIANPAINT,-0.014807163175347693,False
2023-03-24,2713.846686972472,2731.1609213641013,2689.6454069859774,2714.525634765625,784111.0,ASIANPAINT,0.0002501818113775922,False
2023-03-27,2714.5254565854184,2735.3803064394783,2702.885540387804,2719.617919921875,791560.0,ASIANPAINT,0.001875939240002733,False
2023-03-28,2707.2504741954635,2726.262431799964,2682.0306560911704,2700.89697265625,558581.0,ASIANPAINT,-0.006883668153709888,False
2023-03-29,2700.8970782281776,2709.918060881032,2672.330830506396,2687.36572265625,1087648.0,ASIANPAINT,-0.005009909721470196,False
2023-03-30,2700.8970782281776,2709.918060881032,2672.330830506396,2687.36572265625,1087648.0,ASIANPAINT,0.0,False
2023-03-31,2673.34943093138,2691.7307521280145,2665.055942872692,2678.78125,1967803.0,ASIANPAINT,-0.003194381986745376,False
2023-04-03,2664.522316274365,2698.181027177216,2627.371535724687,2693.670654296875,1035295.0,ASIANPAINT,0.005558275539249369,False
2023-04-04,2664.522316274365,2698.181027177216,2627.371535724687,2693.670654296875,1035295.0,ASIANPAINT,0.0,False
2023-04-05,2677.1809211990385,2727.1841122169863,2669.6634747717585,2724.2255859375,668643.0,ASIANPAINT,0.01134323217720934,False
2023-04-06,2723.2070307643125,2740.230456716771,2703.176768346412,2725.53515625,627554.0,ASIANPAINT,0.0004807128746091571,False
2023-04-07,2723.2070307643125,2740.230456716771,2703.176768346412,2725.53515625,627554.0,ASIANPAINT,0.0,False
2023-04-10,2725.680454417148,2725.680454417148,2672.427931012248,2693.040283203125,1215461.0,ASIANPAINT,-0.011922382645610075,False
2023-04-11,2706.2801996353583,2706.2801996353583,2667.529030519644,2671.16650390625,1246379.0,ASIANPAINT,-0.008122336466076963,False
2023-04-12,2672.864678971017,2721.994737423599,2668.4511627638044,2703.12841796875,2235399.0,ASIANPAINT,0.01196552667748696,False
2023-04-13,2703.0796009841915,2728.881510991963,2698.5206809852966,2725.43798828125,602597.0,ASIANPAINT,0.008253241009269052,False
2023-04-14,2703.0796009841915,2728.881510991963,2698.5206809852966,2725.43798828125,602597.0,ASIANPAINT,0.0,False
2023-04-17,2740.2303844680164,2760.212336156748,2721.800516395488,2757.787353515625,754555.0,ASIANPAINT,0.011869418924029818,False
2023-04-18,2762.5403336616937,2772.676714138204,2745.177551992728,2768.9423828125,717724.0,ASIANPAINT,0.00404492002715684,False
2023-04-19,2751.2398609697243,2767.0991051266333,2716.6109198988333,2725.389404296875,799624.0,ASIANPAINT,-0.015729102485472102,False
2023-04-20,2735.3804630846616,2765.4502483171523,2728.7359158154677,2758.514892578125,761101.0,ASIANPAINT,0.012154405615954822,False
2023-04-21,2761.667188076015,2800.369814373166,2761.667188076015,2795.616943359375,894930.0,ASIANPAINT,0.013450009235431049,False
2023-04-24,2795.616986620169,2811.039780961677,2766.420101898793,2804.346923828125,782967.0,ASIANPAINT,0.003122738431488914,False
2023-04-25,2804.2983907407483,2814.6772687765874,2778.205436200788,2811.039794921875,636120.0,ASIANPAINT,0.0023866059640773596,False
2023-04-26,2810.021474274962,2828.9363397962657,2801.388630378308,2822.679931640625,569221.0,ASIANPAINT,0.004140865148824169,False
2023-04-27,2828.01459085324,2832.379559352242,2807.014337133922,2812.93115234375,599461.0,ASIANPAINT,-0.0034537317488946284,False
2023-04-28,2832.331503291467,2832.331503291467,2761.182646513719,2815.259765625,1080665.0,ASIANPAINT,0.0008278244845452143,False
2023-05-01,2832.331503291467,2832.331503291467,2761.182646513719,2815.259765625,1080665.0,ASIANPAINT,0.0,False
2023-05-02,2823.601283317321,2845.668625687673,2806.1899550517883,2812.54345703125,663800.0,ASIANPAINT,-0.0009648518502330949,False
2023-05-03,2830.439702964596,2873.5072994010247,2810.069849036475,2841.78857421875,1237193.0,ASIANPAINT,0.010398103223752342,False
2023-05-04,2859.539640100791,2896.544781897917,2834.4652239038696,2893.343994140625,1008540.0,ASIANPAINT,0.01814189147975176,False
2023-05-05,2881.8493660543927,2934.22899101802,2862.498051972439,2922.54052734375,1326561.0,ASIANPAINT,0.010090930515780805,False
2023-05-08,2924.529037287308,2944.607846001264,2903.1891902490584,2928.845458984375,941879.0,ASIANPAINT,0.002157346179337827,False
2023-05-09,2925.5477367957697,2982.5348314242337,2920.4067260025126,2943.735107421875,1025850.0,ASIANPAINT,0.005083794500602812,False
2023-05-10,2951.640255315574,2965.2687048056064,2928.3118754859743,2950.13671875,751851.0,ASIANPAINT,0.002174656038848477,False
2023-05-11,2960.467302364646,3061.4434356466963,2940.5338980480883,3045.53564453125,3229605.0,ASIANPAINT,0.032337120234099404,False
2023-05-12,3044.80835862121,3084.335577676264,2993.398724021999,3037.1455078125,1998170.0,ASIANPAINT,-0.002754896904200055,False
2023-05-15,3040.152003636572,3072.937814295977,3027.3966904527306,3038.01806640625,810281.0,ASIANPAINT,0.0002872956173833874,False
2023-05-16,3038.018006702839,3070.7067226942704,3028.657669192228,3043.93505859375,822404.0,ASIANPAINT,0.0019476487822533972,False
2023-05-17,3041.898274961661,3053.4896448135755,2983.262241099658,2999.655029296875,835371.0,ASIANPAINT,-0.0145469691187603,False
2023-05-18,3012.458961465521,3031.22842258405,3000.431141810596,3015.757080078125,498067.0,ASIANPAINT,0.005367967524260386,False
2023-05-19,3030.258044799601,3034.089469676407,2975.9869853742757,2991.894775390625,633262.0,ASIANPAINT,-0.007912542042969095,False
2023-05-22,2977.8787408741077,3012.4105890772307,2954.598907069228,2992.33154296875,659425.0,ASIANPAINT,0.00014598360267137345,False
2023-05-23,2994.368587553507,3034.089756147907,2992.4286014261643,3026.96044921875,581204.0,ASIANPAINT,0.011572549950679578,False
2023-05-24,3021.528255371016,3039.1335339468947,3005.0383740415427,3008.433349609375,439465.0,ASIANPAINT,-0.006120694313715536,False
2023-05-25,3008.4333836613723,3035.1081919962708,2993.398491690793,3029.82177734375,500313.0,ASIANPAINT,0.007109490305694299,False
2023-05-26,3029.2880116523224,3042.819366070541,3018.375590861068,3034.52587890625,568249.0,ASIANPAINT,0.0015526000894430236,False
2023-05-29,3052.762327681701,3060.328321449498,3022.5471364446284,3043.25634765625,535712.0,ASIANPAINT,0.002877045409527712,False
2023-05-30,3052.470880940651,3060.32791897674,3033.70165845508,3050.0458984375,506026.0,ASIANPAINT,0.0022310150725484146,False
2023-05-31,3057.369928420645,3122.747610244513,3042.335034267931,3097.1396484375,2349066.0,ASIANPAINT,0.015440341413919478,False
2023-06-01,3138.266978315617,3152.380187153449,3110.7675817677496,3143.456298828125,1104861.0,ASIANPAINT,0.014954653534590134,False
2023-06-02,3142.1952535213304,3152.428727112587,3122.4074908957737,3140.10986328125,781973.0,ASIANPAINT,-0.0010645719961567268,False
2023-06-05,3142.728778730194,3142.728778730194,3099.127640663455,3103.735107421875,492565.0,ASIANPAINT,-0.011583911851213102,False
2023-06-06,3111.495249526119,3141.7104387290747,3099.1278379661603,3116.34521484375,577698.0,ASIANPAINT,0.004062881330214374,False
2023-06-07,3120.4674545667763,3132.3498687161214,3110.040029905106,3128.033447265625,470038.0,ASIANPAINT,0.0037506218393912327,False
2023-06-08,3123.3777981263133,3149.567611961534,3097.187984291093,3115.8603515625,561161.0,ASIANPAINT,-0.003891613024076257,False
2023-06-09,3134.217487496001,3162.632114072365,3093.938819232409,3105.65625,1239045.0,ASIANPAINT,-0.0032748905314010646,False
2023-06-12,3110.1965591509734,3126.942863120058,3076.948302737685,3119.521728515625,1029156.0,ASIANPAINT,0.00446458893047974,False
2023-06-13,3134.412697721464,3194.952756057517,3129.676807478804,3186.018310546875,1598821.0,ASIANPAINT,0.02131627467871211,False
2023-06-14,3188.1173190459326,3212.430890226534,3176.3998893894086,3193.19482421875,741615.0,ASIANPAINT,0.002252502331238304,False
2023-06-15,3198.858611356535,3226.199283248471,3196.271107409173,3216.776611328125,806994.0,ASIANPAINT,0.007385013570271104,False
2023-06-16,3214.237528833376,3243.7752170682693,3209.1600234928305,3238.74658203125,984671.0,ASIANPAINT,0.006829809264888409,False
2023-06-19,3240.6995762674064,3266.184844278896,3225.4668214346284,3231.764892578125,516915.0,ASIANPAINT,-0.0021556763631522813,False
2023-06-20,3236.940151816378,3248.511209706713,3199.932696116105,3240.552978515625,866290.0,ASIANPAINT,0.0027192838060967617,False
2023-06-21,3240.553282230049,3254.516602460209,3222.293665802187,3238.0146484375,742456.0,ASIANPAINT,-0.0007833015213618566,False
2023-06-22,3246.704624010815,3248.5111565267307,3166.0984209303365,3171.566650390625,871640.0,ASIANPAINT,-0.020521216010847665,False
2023-06-23,3188.117655912372,3226.3456788493872,3176.449095324824,3220.047607421875,1260659.0,ASIANPAINT,0.015286122719596174,False
2023-06-26,3217.41096577153,3237.2818693690238,3194.3665915704687,3230.251220703125,592801.0,ASIANPAINT,0.003168777150291735,False
2023-06-27,3197.882313134795,3265.7457698562816,3196.2712616772446,3247.681396484375,914141.0,ASIANPAINT,0.005395919571065333,False
2023-06-28,3252.563177315692,3276.242149711341,3245.239783791265,3269.406982421875,713110.0,ASIANPAINT,0.0066895681211271985,False
2023-06-29,3252.563177315692,3276.242149711341,3245.239783791265,3269.406982421875,713110.0,ASIANPAINT,0.0,False
2023-06-30,3274.045381014551,3368.370792149952,3265.0131949798406,3282.88232421875,1436363.0,ASIANPAINT,0.004121647096652747,False
2023-07-03,3285.763027236214,3300.360946053312,3258.61759704459,3279.611328125,474224.0,ASIANPAINT,-0.0009963793309369917,False
2023-07-04,3279.611340059514,3307.244996655893,3252.563650387003,3268.870361328125,473663.0,ASIANPAINT,-0.0032750730870952927,False
2023-07-05,3272.4343655705397,3319.9386870148064,3262.083873130798,3294.94140625,632406.0,ASIANPAINT,0.007975551808448778,False
2023-07-06,3329.703275839557,3329.703275839557,3288.497024913674,3319.352783203125,693995.0,ASIANPAINT,0.007408743872294732,False
2023-07-07,3305.2918936067604,3333.60901765834,3258.56854356496,3264.96435546875,620761.0,ASIANPAINT,-0.01638525076623254,False
2023-07-10,3266.233778667345,3292.646867814437,3216.385828328021,3264.42724609375,548838.0,ASIANPAINT,-0.00016450696440228896,False
2023-07-11,3271.0668484891203,3319.889471157629,3266.23345652328,3312.663818359375,772158.0,ASIANPAINT,0.014776427418728755,False
2023-07-12,3327.7505950961327,3333.999796631629,3283.0778868433017,3326.530029296875,1025127.0,ASIANPAINT,0.004185818935399155,False
2023-07-13,3344.34982613004,3344.34982613004,3304.65712719996,3318.522705078125,750126.0,ASIANPAINT,-0.002407110156297798,False
2023-07-14,3318.522766103323,3358.020222937281,3307.2446917966186,3348.988037109375,832843.0,ASIANPAINT,0.009180389811596301,False
2023-07-17,3348.9880848979224,3391.219657074272,3344.3499353525426,3378.916259765625,817694.0,ASIANPAINT,0.008936497331319737,False
2023-07-18,3378.52570176924,3440.04221021186,3374.229406060097,3430.717041015625,962485.0,ASIANPAINT,0.015330590422383938,False
2023-07-19,3437.112788088585,3446.877313054746,3400.4958194654823,3431.888671875,620289.0,ASIANPAINT,0.0003415119479011075,False
2023-07-20,3427.397309245877,3451.75975260786,3412.652780433913,3442.9716796875,589848.0,ASIANPAINT,0.0032294193874431443,False
2023-07-21,3452.68744705653,3454.6403522134096,3422.4662874321607,3434.8671875,857975.0,ASIANPAINT,-0.0023539235699538974,False
2023-07-24,3423.442669046734,3483.9827276550905,3416.11927486024,3460.2548828125,680246.0,ASIANPAINT,0.0073911723297162,False
2023-07-25,3464.3561050715302,3464.3561050715302,3271.116229723096,3320.329345703125,2555630.0,ASIANPAINT,-0.040437927796707074,False
2023-07-26,3319.7923093082786,3332.632565029856,3285.762842462779,3293.574462890625,959076.0,ASIANPAINT,-0.008057900294476394,False
2023-07-27,3310.173854012104,3333.608713155553,3272.0922079040006,3290.058837890625,874078.0,ASIANPAINT,-0.0010674193158864975,False
2023-07-28,3295.527408416303,3318.9622699872634,3285.274656479008,3310.857666015625,553750.0,ASIANPAINT,0.006321719200114595,False
2023-07-31,3244.947214594029,3308.2213904004634,3244.898344285952,3297.822265625,933890.0,ASIANPAINT,-0.003937167255610885,False
2023-08-01,3292.5981734969737,3305.29205732125,3259.398785033481,3264.232177734375,698667.0,ASIANPAINT,-0.010185536146308682,False
2023-08-02,3262.523428284879,3292.549346184397,3252.2218055223043,3283.71240234375,857218.0,ASIANPAINT,0.005967781563533281,False
2023-08-03,3290.6451309813115,3300.360786286128,3239.820727496561,3257.78759765625,711067.0,ASIANPAINT,-0.007894968106523681,False
2023-08-04,3259.5450867540185,3293.867537999058,3244.7519255138054,3261.009765625,519248.0,ASIANPAINT,0.0009890663133067523,False
2023-08-07,3237.965656257464,3271.116173984118,3237.9167859496524,3264.281005859375,360358.0,ASIANPAINT,0.001003137208866356,False
2023-08-08,3264.281268692649,3280.832093734709,3254.1748882234783,3269.21240234375,500258.0,ASIANPAINT,0.001510714449988626,False
2023-08-09,3254.0767814542432,3277.902126767352,3225.2225628007964,3252.563232421875,643222.0,ASIANPAINT,-0.0050927158816413964,False
2023-08-10,3232.058089168824,3241.8226151179742,3153.94188157562,3161.65576171875,1253219.0,ASIANPAINT,-0.027949486053630013,False
2023-08-11,3161.655653105388,3172.445501586881,3105.119145158721,3110.34326171875,919023.0,ASIANPAINT,-0.016229628987852074,False
2023-08-14,3110.343448166041,3134.315169271268,3078.022771090537,3127.187255859375,815534.0,ASIANPAINT,0.005415477560929194,False
2023-08-15,3110.343448166041,3134.315169271268,3078.022771090537,3127.187255859375,815534.0,ASIANPAINT,0.0,False
2023-08-16,3119.6682205557104,3133.289924620688,3102.0920742956014,3118.83837890625,597686.0,ASIANPAINT,-0.0026697719931807473,False
2023-08-17,3147.9851800012616,3148.082920609833,3087.542864444259,3108.29248046875,873392.0,ASIANPAINT,-0.003381354580226259,False
2023-08-18,3100.1389894765703,3110.4894814754334,3080.707679816353,3089.056396484375,592652.0,ASIANPAINT,-0.006188633825564005,False
2023-08-21,3085.492552552905,3112.442740343641,3077.9250447136383,3107.365234375,353330.0,ASIANPAINT,0.005927000203512778,False
2023-08-22,3123.28102278856,3123.28102278856,3096.330838768982,3104.825927734375,377068.0,ASIANPAINT,-0.0008171896282207491,False
2023-08-23,3110.9775518985657,3120.7420765435704,3090.716163260181,3094.1826171875,370811.0,ASIANPAINT,-0.0034279894572516456,False
2023-08-24,3110.001438080275,3156.773420866136,3096.2333614749346,3149.6455078125,1167742.0,ASIANPAINT,0.017924892447173546,False
2023-08-25,3148.961647965995,3188.1174895186123,3140.466558689115,3182.5517578125,1363431.0,ASIANPAINT,0.010447604315589887,False
2023-08-28,3188.0687587857724,3194.952797056801,3154.967112143622,3182.9423828125,707315.0,ASIANPAINT,0.0001227395592360292,False
2023-08-29,3184.2119902569634,3211.55266358637,3178.402144852815,3208.330322265625,533163.0,ASIANPAINT,0.007976248514650175,False
2023-08-30,3223.562601609992,3225.076150623747,3199.248791960931,3217.117919921875,599080.0,ASIANPAINT,0.0027389940478586006,False
2023-08-31,3222.342535460073,3224.2465704020387,3144.177455086179,3179.427490234375,1601967.0,ASIANPAINT,-0.011715588494317641,False
2023-09-01,3164.780396900001,3187.33630735472,3141.345536131423,3182.7958984375,650131.0,ASIANPAINT,0.001059438598134843,False
2023-09-04,3182.796191048064,3189.3383759357357,3140.369372309451,3159.361328125,696213.0,ASIANPAINT,-0.007362888183940597,False
2023-09-05,3168.588631574132,3172.34806937507,3144.177317001141,3147.399658203125,597022.0,ASIANPAINT,-0.003786103797432383,False
2023-09-06,3133.436314405402,3153.941818488454,3119.765978350034,3149.3525390625,754106.0,ASIANPAINT,0.0006204743824906878,False
2023-09-07,3149.3528501420574,3177.1328809773595,3125.8691157061157,3169.9072265625,923108.0,ASIANPAINT,0.006526639125043365,False
2023-09-08,3174.007903041664,3186.213559989578,3155.894660452612,3161.80224609375,395918.0,ASIANPAINT,-0.0025568510020841373,False
2023-09-11,3165.659234686456,3188.1176438159405,3165.659234686456,3182.6494140625,359345.0,ASIANPAINT,0.006593444607266408,False
2023-09-12,3183.235398226904,3202.569206912888,3166.635704432469,3180.15966796875,554905.0,ASIANPAINT,-0.0007822872612827103,False
2023-09-13,3168.588319728544,3207.30456547424,3149.352253416548,3200.567138671875,880907.0,ASIANPAINT,0.006417121413328175,False
2023-09-14,3204.7175815306496,3216.6302561236794,3147.350988625432,3163.95068359375,1102554.0,ASIANPAINT,-0.011440614582239217,False
2023-09-15,3158.8237567588994,3163.7060191341066,3110.00113300683,3121.376708984375,1568607.0,ASIANPAINT,-0.013455953921828412,False
2023-09-18,3124.648106050367,3153.843941434582,3114.88358071896,3130.7998046875,673602.0,ASIANPAINT,0.0030188908874735354,False
2023-09-19,3124.648106050367,3153.843941434582,3114.88358071896,3130.7998046875,673602.0,ASIANPAINT,0.0,False
2023-09-20,3130.8001530863967,3151.9891277351367,3119.7661905556884,3138.66064453125,901084.0,ASIANPAINT,0.002510808845707979,False
2023-09-21,3134.412501336708,3184.4068212809307,3105.6560231071503,3167.80712890625,845739.0,ASIANPAINT,0.009286280893662235,False
2023-09-22,3158.7749975437864,3206.279555160209,3145.2999052359837,3197.735595703125,896521.0,ASIANPAINT,0.009447692229674454,False
2023-09-25,3195.2461219970146,3256.274413915517,3194.123058390655,3244.996337890625,1422084.0,ASIANPAINT,0.014779440254849563,False
2023-09-26,3244.751758189866,3246.6069226407453,3183.5771025232075,3215.262939453125,834560.0,ASIANPAINT,-0.00916284499008957,False
2023-09-27,3210.57617585933,3231.0816806321536,3194.659950666836,3224.05126953125,516326.0,ASIANPAINT,0.0027333161373170878,False
2023-09-28,3204.5223783185293,3211.552789772546,3080.7081336978968,3095.69677734375,2104381.0,ASIANPAINT,-0.03981155430141836,False
2023-09-29,3119.765749195936,3119.765749195936,3060.202146472633,3086.615234375,1550585.0,ASIANPAINT,-0.0029336022297837827,False
2023-10-02,3119.765749195936,3119.765749195936,3060.202146472633,3086.615234375,1550585.0,ASIANPAINT,0.0,False
2023-10-03,3091.546713274649,3151.793791816424,3087.54316220478,3092.279052734375,1219145.0,ASIANPAINT,0.001834960929466778,False
2023-10-04,3090.4234435042013,3113.907174957312,3077.143831889064,3095.2568359375,892584.0,ASIANPAINT,0.0009629736360603491,False
2023-10-05,3134.412673611111,3155.9923702409533,3099.5533653866805,3130.7509765625,1002610.0,ASIANPAINT,0.011467268309658607,False
2023-10-06,3139.050889788776,3141.247908064544,3114.8836887553293,3120.498291015625,814257.0,ASIANPAINT,-0.0032748326595212207,False
2023-10-09,3066.109557458099,3088.5190934645534,3058.932536607591,3078.559326171875,700012.0,ASIANPAINT,-0.013439829454320984,False
2023-10-10,3075.8256043439133,3090.3746523220498,3066.1099489228263,3077.290283203125,847367.0,ASIANPAINT,-0.00041221975420824286,False
2023-10-11,3094.377952292919,3110.001192190895,3077.8271302043445,3089.39794921875,1025317.0,ASIANPAINT,0.003934521901203913,False
2023-10-12,3110.977904698372,3113.419036136459,3075.8744822970257,3084.71142578125,992531.0,ASIANPAINT,-0.0015169698156513034,False
2023-10-13,3075.82525973087,3097.307213925816,3054.587418651776,3074.653564453125,854688.0,ASIANPAINT,-0.003260551779354137,False
2023-10-16,3050.437602637241,3054.343412627814,3023.194673309686,3038.76904296875,853011.0,ASIANPAINT,-0.011671077970944577,False
2023-10-17,3063.131405373485,3063.131405373485,3018.995801307206,3040.233642578125,792640.0,ASIANPAINT,0.0004819713471688747,False
2023-10-18,3036.7671111519703,3041.84461619967,3017.2380622056558,3023.5361328125,481985.0,ASIANPAINT,-0.005492179789006402,False
2023-10-19,3014.992422049846,3037.646073013756,3003.665715763756,3028.760498046875,568124.0,ASIANPAINT,0.0017278990575566588,False
2023-10-20,3019.6793516786697,3041.747273501952,2992.38755202333,3032.715087890625,711434.0,ASIANPAINT,0.001305679285734218,False
2023-10-23,3023.146085960266,3035.69335869432,2991.8507328033447,2999.662353515625,374476.0,ASIANPAINT,-0.010898727185740809,False
2023-10-24,3023.146085960266,3035.69335869432,2991.8507328033447,2999.662353515625,374476.0,ASIANPAINT,0.0,False
2023-10-25,3020.558284968735,3034.814587848788,2980.1332439235844,2988.72607421875,669290.0,ASIANPAINT,-0.003645836766947297,False
2023-10-26,2979.254468449384,2983.0625380348624,2870.770494868247,2890.592529296875,1834111.0,ASIANPAINT,-0.03283457315422489,False
2023-10-27,2863.740148769746,2904.6045458433605,2861.982486463068,2885.563720703125,1708185.0,ASIANPAINT,-0.0017397154883580512,False
2023-10-30,2903.970093741242,2921.497370603125,2869.8919926381013,2897.232666015625,878885.0,ASIANPAINT,0.004043904914931673,False
2023-10-31,2899.087699434419,2941.8074996534338,2896.1583417051147,2925.158935546875,1152306.0,ASIANPAINT,0.009638946108410096,False
2023-11-01,2927.3557235886283,2938.047830781237,2861.005823917087,2865.44873046875,1029990.0,ASIANPAINT,-0.02041263616568645,False
2023-11-02,2891.324716836148,2892.2522990308885,2864.911629087315,2885.8076171875,900125.0,ASIANPAINT,0.007104955849417616,False
2023-11-03,2892.410747434222,2917.744922576785,2877.73838990581,2912.805419921875,715997.0,ASIANPAINT,0.009355371637935761,False
2023-11-06,2932.5149826970683,2967.777593876334,2918.674155269868,2963.13134765625,620959.0,ASIANPAINT,0.017277476686281545,False
2023-11-07,2963.131189636381,2972.5703096148627,2936.6230381449195,2967.0927734375,757998.0,ASIANPAINT,0.0013369052250697955,False
2023-11-08,2991.204757100093,3031.26024720746,2979.66245422609,3027.64111328125,783400.0,ASIANPAINT,0.020406621722718343,False
2023-11-09,3032.286991819205,3043.4378871691924,3006.903862987972,3012.91943359375,849702.0,ASIANPAINT,-0.004862425610129617,False
2023-11-10,3002.942399095828,3017.6147560946674,2973.695596334632,3009.25146484375,364232.0,ASIANPAINT,-0.0012174134857715346,False
2023-11-13,3030.3307127409025,3030.3307127409025,2998.0515282604474,3018.20166015625,405941.0,ASIANPAINT,0.0029742264536753993,False
2023-11-14,3030.3307127409025,3030.3307127409025,2998.0515282604474,3018.20166015625,405941.0,ASIANPAINT,0.0,False
2023-11-15,3018.29926558605,3050.725316197309,3011.452165999754,3048.133056640625,700017.0,ASIANPAINT,0.009916963760077335,False
2023-11-16,3050.872069706152,3072.2936151982453,3029.939602776051,3061.92529296875,675454.0,ASIANPAINT,0.00452481439354413,False
2023-11-17,3081.194811420256,3157.735603164267,3076.9397325860946,3099.681884765625,1430175.0,ASIANPAINT,0.012330997063702887,False
2023-11-20,3099.681808217802,3102.616279394306,3063.587908269956,3071.755615234375,406431.0,ASIANPAINT,-0.00900939856715699,False
2023-11-21,3087.9443573244434,3087.9443573244434,3058.6975526796755,3064.81103515625,409069.0,ASIANPAINT,-0.002260785344928906,False
2023-11-22,3071.413261737452,3088.041932262782,3053.02386068904,3064.566162109375,489889.0,ASIANPAINT,-7.989825280130258e-05,False
2023-11-23,3079.2384782423283,3102.127258319834,3047.10592274133,3054.735595703125,792460.0,ASIANPAINT,-0.0032078166651436923,False
2023-11-24,3049.893761399756,3071.217633407168,3043.0466618712767,3067.647216796875,756329.0,ASIANPAINT,0.004226755700857288,False
2023-11-27,3049.893761399756,3071.217633407168,3043.0466618712767,3067.647216796875,756329.0,ASIANPAINT,0.0,False
2023-11-28,3072.538132399114,3090.9764895768662,3067.647346814341,3079.5810546875,647883.0,ASIANPAINT,0.0038902249989116733,False
2023-11-29,3079.5810546875,3100.7580607464133,3073.3696614716814,3079.5810546875,620725.0,ASIANPAINT,0.0,False
2023-11-30,3079.580957410248,3085.058493807437,3040.454673967974,3051.752197265625,1793116.0,ASIANPAINT,-0.009036572484272143,False
2023-12-01,3078.211531912325,3120.9082339135216,3071.6579269041376,3104.083740234375,960196.0,ASIANPAINT,0.017148031552377985,False
2023-12-04,3120.3213098602305,3134.4556329223124,3097.3346168252097,3124.77197265625,1018189.0,ASIANPAINT,0.006664843526519304,False
2023-12-05,3127.168444053298,3176.712008740116,3110.5397723145097,3155.779541015625,1005550.0,ASIANPAINT,0.009923145954556345,False
2023-12-06,3193.6826457155576,3217.158414014845,3162.3326657043112,3181.504638671875,1229158.0,ASIANPAINT,0.008151741058556539,False
2023-12-07,3212.2678504461137,3227.869408109207,3175.929410450364,3180.771240234375,1071725.0,ASIANPAINT,-0.00023051936765561276,False
2023-12-08,3183.9011764526367,3198.377948457375,3157.29535263218,3161.403564453125,895852.0,ASIANPAINT,-0.0060889873299480035,False
2023-12-11,3159.4476086150157,3174.119965930565,3115.9196152455515,3162.382080078125,910426.0,ASIANPAINT,0.00030951936538636815,False
2023-12-12,3157.491022196488,3185.906532843692,3139.884194935169,3154.31201171875,1019030.0,ASIANPAINT,-0.002551895424089845,False
2023-12-13,3169.228894497136,3183.852294875292,3120.614536068431,3172.799072265625,1052079.0,ASIANPAINT,0.005860885187702669,False
2023-12-14,3183.901309223693,3187.4227702501344,3147.709497106557,3170.549560546875,923107.0,ASIANPAINT,-0.0007089991100960313,False
2023-12-15,3179.0105066152028,3253.6928951168384,3171.1852499835345,3241.5146484375,1631687.0,ASIANPAINT,0.022382582746438562,False
2023-12-18,3240.6343706149955,3262.9363995567774,3224.0057004367723,3259.268310546875,911936.0,ASIANPAINT,0.005476964948448737,False
2023-12-19,3263.0829969739616,3280.6408684416924,3228.064926459788,3263.180908203125,780448.0,ASIANPAINT,0.0012004527652997865,False
2023-12-20,3263.1810700452647,3286.558929418643,3210.9473371590725,3225.130615234375,979762.0,ASIANPAINT,-0.011660491415936391,False
2023-12-21,3208.3552973294245,3247.481581443198,3200.3834124643977,3230.803955078125,1585879.0,ASIANPAINT,0.001759103900149439,False
2023-12-22,3237.6021296469366,3277.608898814463,3215.202427304176,3268.31640625,930563.0,ASIANPAINT,0.011610871997637995,False
2023-12-25,3237.6021296469366,3277.608898814463,3215.202427304176,3268.31640625,930563.0,ASIANPAINT,0.0,False
2023-12-26,3276.777165119288,3317.810805645704,3272.1309191272035,3309.44775390625,600190.0,ASIANPAINT,0.012584873232467597,False
2023-12-27,3307.19813328943,3335.46677814922,3280.738935792259,3330.0869140625,837182.0,ASIANPAINT,0.006236436315360638,False
2023-12-28,3330.6251516334446,3345.248553509726,3299.373077928156,3323.04443359375,779250.0,ASIANPAINT,-0.002114803802570564,False
2023-12-29,3335.515876962421,3348.182964276109,3309.9858798589926,3328.081787109375,615676.0,ASIANPAINT,0.0015158850916048294,False
2024-01-01,3328.6683774458093,3337.276207082647,3315.1208070394337,3321.919189453125,283951.0,ASIANPAINT,-0.0018516965779264982,False
2024-01-02,3321.8215283741883,3324.6580884553578,3271.9355160222794,3317.273193359375,552394.0,ASIANPAINT,-0.001398587933294948,False
2024-01-03,3317.2731771999725,3324.755983493153,3291.49864208722,3299.910888671875,379131.0,ASIANPAINT,-0.005233908597656822,False
2024-01-04,3298.3455254970013,3326.956618800912,3290.32468556312,3306.121826171875,777127.0,ASIANPAINT,0.0018821530973218703,False
2024-01-05,3306.1220648320277,3306.5621877684384,3274.869993036403,3282.255126953125,416956.0,ASIANPAINT,-0.007218941247057686,False
2024-01-08,3281.7170586679176,3302.747436242093,3222.8810048382024,3226.353271484375,545884.0,ASIANPAINT,-0.017031538776403066,False
2024-01-09,3237.700343253873,3242.591129270873,3190.993336791525,3196.128662109375,670704.0,ASIANPAINT,-0.009368040890666118,False
2024-01-10,3220.0930774545645,3221.07123452548,3187.0313206960373,3215.0556640625,691087.0,ASIANPAINT,0.005921852326380872,False
2024-01-11,3215.055607824587,3236.917274692421,3199.2582281208997,3216.3759765625,537469.0,ASIANPAINT,0.0004106655180990959,False
2024-01-12,3222.978667772591,3222.978667772591,3173.1416116156056,3206.203369140625,673004.0,ASIANPAINT,-0.003162754446620064,False
2024-01-15,3210.507179409645,3215.3979648998206,3187.422815180744,3202.388427734375,728116.0,ASIANPAINT,-0.0011898625779538374,False
2024-01-16,3203.415486151749,3247.481510432904,3202.3883734546444,3224.885986328125,748215.0,ASIANPAINT,0.007025243533516745,False
2024-01-17,3222.147344455249,3232.173454561668,3123.304523400637,3171.478759765625,2239241.0,ASIANPAINT,-0.016560965810549444,False
2024-01-18,3186.786871325584,3186.786871325584,2982.009826037471,3094.742431640625,1979174.0,ASIANPAINT,-0.024195756597364393,False
2024-01-19,3108.387905038511,3131.6191378443286,3079.8257634135707,3096.698974609375,936201.0,ASIANPAINT,0.000632215123541835,False
2024-01-22,3108.387905038511,3131.6191378443286,3079.8257634135707,3096.698974609375,936201.0,ASIANPAINT,0.0,False
2024-01-23,3020.109120015201,3041.0905428694305,2955.5507488896355,2987.9765625,2365225.0,ASIANPAINT,-0.035109131691784645,False
2024-01-24,2988.270025827489,2988.270025827489,2911.093523956935,2933.933349609375,2665932.0,ASIANPAINT,-0.018086893173421603,False
2024-01-25,2944.30171451061,2950.1217012724337,2878.0315735088834,2884.78076171875,2001961.0,ASIANPAINT,-0.016753137182604738,False
2024-01-26,2944.30171451061,2950.1217012724337,2878.0315735088834,2884.78076171875,2001961.0,ASIANPAINT,0.0,False
2024-01-29,2875.830537430849,2923.173240737653,2875.830537430849,2911.044189453125,1862723.0,ASIANPAINT,0.009104133001333281,False
2024-01-30,2924.6899659619667,2939.3623236507387,2886.590791591702,2889.57421875,1273188.0,ASIANPAINT,-0.007375350323060026,False
2024-01-31,2901.213827841927,2906.9848589486714,2883.65595644984,2893.241943359375,1771244.0,ASIANPAINT,0.00126929586565927,False
2024-02-01,2896.3230776244395,2907.914334400495,2856.1696822314952,2865.364501953125,3006472.0,ASIANPAINT,-0.009635364740316565,False
2024-02-02,2885.56354677796,2897.643882912205,2860.1804168992376,2872.162841796875,1881911.0,ASIANPAINT,0.0023725916333212638,False
2024-02-05,2885.5631958783765,2900.2355511116566,2848.393229287401,2853.62646484375,923435.0,ASIANPAINT,-0.006453804318953038,False
2024-02-06,2866.9786431197026,2882.6291577187862,2839.2477920412903,2866.9296875,1471312.0,ASIANPAINT,0.004661865461420334,False
2024-02-07,2892.410318251317,2937.356585715868,2871.917976372253,2916.03271484375,1134012.0,ASIANPAINT,0.01712739156381904,False
2024-02-08,2934.2267557857144,2934.2267557857144,2856.023143533934,2865.609130859375,1633654.0,ASIANPAINT,-0.017291844404796697,False
2024-02-09,2866.000240861052,2894.3667961460246,2846.9751334401203,2887.17724609375,1144765.0,ASIANPAINT,0.007526537727044147,False
2024-02-12,2887.177580471039,2900.1871188872456,2856.2679564861496,2889.28076171875,614469.0,ASIANPAINT,0.0007285716967484479,False
2024-02-13,2900.187006172004,2916.1310155447804,2881.3574809563274,2906.69189453125,717118.0,ASIANPAINT,0.006026113157013624,False
2024-02-14,2905.028941159779,2915.6909978085578,2871.9184635846573,2911.386962890625,750339.0,ASIANPAINT,0.0016152617923517187,False
2024-02-15,2914.908221563188,2958.43621346237,2902.632301928919,2950.659912109375,1068730.0,ASIANPAINT,0.013489429512233864,False
2024-02-16,2968.706637826596,2968.706637826596,2934.471141179501,2942.198486328125,1179473.0,ASIANPAINT,-0.002867638437938802,False
2024-02-19,2942.1987861009297,2952.762931047103,2922.2444758309666,2932.613037109375,560700.0,ASIANPAINT,-0.0032579206546708983,False
2024-02-20,2932.612861719657,2951.1978463958626,2907.180777425901,2945.86669921875,729371.0,ASIANPAINT,0.004519403665489641,False
2024-02-21,2946.2582885119823,2960.637150841215,2918.331854145458,2936.232177734375,927130.0,ASIANPAINT,-0.003270521876271637,False
2024-02-22,2917.8424600320245,2961.076953582356,2868.0543620534536,2951.490966796875,2615821.0,ASIANPAINT,0.00519672428434248,False
2024-02-23,2933.493024746185,2939.3619671097986,2901.409425396856,2920.72802734375,1650523.0,ASIANPAINT,-0.010422847231855381,False
2024-02-26,2856.2187238571983,2866.000294829312,2785.595829200114,2805.794677734375,3524491.0,ASIANPAINT,-0.03935092502053361,False
2024-02-27,2792.638448875696,2807.3108049993866,2787.845574731776,2797.089111328125,1296180.0,ASIANPAINT,-0.003102709715480545,False
2024-02-28,2787.8942044506925,2796.9421571109942,2724.6564470561675,2733.313232421875,2472196.0,ASIANPAINT,-0.022800803395200964,False
2024-02-29,2724.1675724933907,2776.0098997257605,2716.0977762732578,2760.261474609375,2284424.0,ASIANPAINT,0.009859185499798029,False
2024-03-01,2771.021025324369,2783.7860226524867,2753.5610651789943,2769.896240234375,978174.0,ASIANPAINT,0.0034905264278861647,False
2024-03-04,2797.5291770355125,2798.4583784761,2766.228151278472,2769.896240234375,971299.0,ASIANPAINT,0.0,False
2024-03-05,2772.097221536937,2772.928750595132,2743.730665635535,2758.794189453125,736381.0,ASIANPAINT,-0.004008110708259127,False
2024-03-06,2766.179407783163,2776.988091830309,2717.07596762298,2765.543701171875,1723066.0,ASIANPAINT,0.0024465441258914034,False
2024-03-07,2763.2937738294486,2830.786612907053,2763.2937738294486,2807.848876953125,1564364.0,ASIANPAINT,0.015297236403577275,False
2024-03-08,2763.2937738294486,2830.786612907053,2763.2937738294486,2807.848876953125,1564364.0,ASIANPAINT,0.0,False
2024-03-11,2832.3027197089245,2833.2808767678416,2790.7800003194693,2814.01123046875,866546.0,ASIANPAINT,0.0021946884557091373,False
2024-03-12,2817.0924163314435,2836.5576468794693,2802.860182924859,2813.326416015625,663186.0,ASIANPAINT,-0.0002433588202173098,False
2024-03-13,2815.723215521205,2824.184179189315,2773.07546904553,2797.676025390625,955841.0,ASIANPAINT,-0.005562948734247786,False
2024-03-14,2797.5293838193666,2834.748310271269,2778.9443984023846,2829.074951171875,1381741.0,ASIANPAINT,0.011223217233262694,False
2024-03-15,2831.764669998727,2833.6720284915555,2787.7476025894207,2804.914306640625,1356226.0,ASIANPAINT,-0.008540121752957486,False
2024-03-18,2803.398282430177,2803.398282430177,2755.713123229734,2784.32421875,940424.0,ASIANPAINT,-0.007340719052228439,False
2024-03-19,2777.9661233321626,2777.9661233321626,2739.817996990629,2753.610107421875,1199135.0,ASIANPAINT,-0.011031082918178892,False
2024-03-20,2753.6100525788056,2775.080552420289,2736.443348305445,2763.19580078125,818910.0,ASIANPAINT,0.0034811367569933527,False
2024-03-21,2782.856728395222,2783.2478956809887,2744.708604526184,2759.527587890625,1167680.0,ASIANPAINT,-0.0013275255013009968,False
2024-03-22,2759.527757459599,2792.785098260837,2746.6650873493318,2779.433349609375,1652689.0,ASIANPAINT,0.00721346719130489,False
2024-03-25,2759.527757459599,2792.785098260837,2746.6650873493318,2779.433349609375,1652689.0,ASIANPAINT,0.0,False
2024-03-26,2758.403158141441,2782.025557749175,2748.621586658671,2753.169921875,1372390.0,ASIANPAINT,-0.009449202204494744,False
2024-03-27,2756.397665006052,2780.753919310461,2756.153125738786,2768.673583984375,1156231.0,ASIANPAINT,0.005631204229783471,False
2024-03-28,2773.124456841355,2805.3546869511288,2757.424986929997,2784.56884765625,1864623.0,ASIANPAINT,0.005741111470786153,False
2024-03-29,2773.124456841355,2805.3546869511288,2757.424986929997,2784.56884765625,1864623.0,ASIANPAINT,0.0,False
2024-04-01,2798.4585357840074,2823.401542086254,2790.0465279236687,2808.2890625,558086.0,ASIANPAINT,0.008518451559822227,False
2024-04-02,2811.272561406043,2829.221601547265,2793.616777358985,2811.419189453125,562473.0,ASIANPAINT,0.0011146028359125815,False
2024-04-03,2782.8570710205126,2821.543233776419,2782.8570710205126,2806.67529296875,816676.0,ASIANPAINT,-0.001687367185288946,False
2024-04-04,2807.310872585835,2878.9608800481737,2788.9704269896733,2854.555908203125,1831347.0,ASIANPAINT,0.01705954919485153,False
2024-04-05,2860.131359165076,2863.7994482884924,2817.092446783659,2820.467041015625,1155672.0,ASIANPAINT,-0.011941916110151829,False
2024-04-08,2844.4808358051305,2845.4100372849616,2811.027910876014,2828.830322265625,570695.0,ASIANPAINT,0.0029652114803613294,False
2024-04-09,2829.808482540119,2852.746218710642,2782.856941868869,2794.741455078125,1017670.0,ASIANPAINT,-0.012050516752167062,False
2024-04-10,2820.320397345162,2835.775327194423,2795.572975101407,2833.4765625,740495.0,ASIANPAINT,0.013859996727601409,False
2024-04-11,2820.320397345162,2835.775327194423,2795.572975101407,2833.4765625,740495.0,ASIANPAINT,0.0,False
2024-04-12,2826.873990765677,2829.808462036368,2782.856921705312,2792.1494140625,1766311.0,ASIANPAINT,-0.014585315080579586,False
2024-04-15,2768.3802361742187,2791.1713448557684,2750.9202748485886,2782.27001953125,884519.0,ASIANPAINT,-0.0035382757389318398,False
2024-04-16,2765.885805623186,2779.384421254131,2758.402999392668,2768.1845703125,911249.0,ASIANPAINT,-0.005062574487692317,False
2024-04-17,2765.885805623186,2779.384421254131,2758.402999392668,2768.1845703125,911249.0,ASIANPAINT,0.0,False
2024-04-18,2792.638459614104,2796.7466715829582,2738.9377315180564,2746.37158203125,1732434.0,ASIANPAINT,-0.007879889410259744,False
2024-04-19,2729.058020808912,2760.456955926309,2705.728880914337,2747.202880859375,1337807.0,ASIANPAINT,0.00030268985943626703,False
2024-04-22,2784.422125179301,2784.422125179301,2752.5830634834483,2779.77587890625,676040.0,ASIANPAINT,0.011856786505948014,False
2024-04-23,2789.704299827016,2815.0874310908584,2781.8790423239943,2812.10400390625,929062.0,ASIANPAINT,0.011629759523174243,False
2024-04-24,2819.978048024977,2820.1249148791007,2797.5293896701464,2805.110107421875,718441.0,ASIANPAINT,-0.0024870689258504886,False
2024-04-25,2802.420259581098,2807.2131341354066,2767.2555574885973,2798.94775390625,1594152.0,ASIANPAINT,-0.002196831240000363,False
2024-04-26,2807.310846912153,2815.3316872846112,2775.0806185741635,2782.025390625,625507.0,ASIANPAINT,-0.006045973261784909,False
2024-04-29,2782.025565723674,2811.1746965874654,2776.9881519187666,2805.55029296875,566219.0,ASIANPAINT,0.008456034378056199,False
2024-04-30,2792.6384001237384,2848.393352420429,2792.6384001237384,2813.081787109375,1290649.0,ASIANPAINT,0.002684497996525037,False
2024-05-01,2792.6384001237384,2848.393352420429,2792.6384001237384,2813.081787109375,1290649.0,ASIANPAINT,0.0,False
2024-05-02,2812.299720212527,2922.7335670313487,2812.299720212527,2910.40869140625,2493406.0,ASIANPAINT,0.03459796467449494,False
2024-05-03,2917.8916823067084,2931.536926545567,2845.7036381557195,2865.755859375,1594445.0,ASIANPAINT,-0.015342461065038449,False
2024-05-06,2885.5637170291707,2894.36713175909,2847.6111702097137,2868.103515625,768806.0,ASIANPAINT,0.0008192101369417504,False
2024-05-07,2882.628922844522,2903.1212659664184,2840.56816828656,2849.37158203125,629534.0,ASIANPAINT,-0.006531121869103096,False
2024-05-08,2836.6557998488256,2841.5465857106337,2759.381383232254,2781.1943359375,1652877.0,ASIANPAINT,-0.023927116604829823,False
2024-05-09,2766.22844196289,2791.6115724435085,2644.741370738688,2650.90380859375,3547959.0,ASIANPAINT,-0.046846969900731894,False
2024-05-10,2640.046163082854,2731.6017683742816,2611.7775168079056,2710.718017578125,2478584.0,ASIANPAINT,0.022563704043303323,False
2024-05-13,2710.7176828148404,2831.764615876937,2693.9423851903925,2816.358642578125,2748823.0,ASIANPAINT,0.03897145491156029,False
2024-05-14,2816.114336335953,2824.9177503779893,2779.922523052024,2803.544921875,999330.0,ASIANPAINT,-0.004549747503533541,False
2024-05-15,2803.544768673245,2811.4679364012663,2744.85534493346,2752.240478515625,1230520.0,ASIANPAINT,-0.018299847082551057,False
2024-05-16,2759.430107444829,2775.618655051413,2725.683687828349,2752.5830078125,1534319.0,ASIANPAINT,0.00012445471227851002,False
2024-05-17,2753.120966745244,2776.2053301615915,2725.243490432507,2748.5234375,1325150.0,ASIANPAINT,-0.0014748221219770263,False
2024-05-20,2753.120966745244,2776.2053301615915,2725.243490432507,2748.5234375,1325150.0,ASIANPAINT,0.0,False
2024-05-21,2753.511832875566,2804.327039010225,2739.8176354829343,2789.508056640625,921822.0,ASIANPAINT,0.014911504330450187,False
2024-05-22,2789.5084117321644,2831.764749875465,2774.640471860543,2822.716796875,933846.0,ASIANPAINT,0.01190487338988655,False
2024-05-23,2821.9832845122146,2857.441480028183,2814.4515224676425,2840.32373046875,1181894.0,ASIANPAINT,0.006237584164745957,False
2024-05-24,2846.6328987004767,2846.6328987004767,2804.376557455404,2811.957275390625,755822.0,ASIANPAINT,-0.009987049987940533,False
2024-05-27,2824.8198990607502,2834.992876565396,2793.176658978753,2809.560791015625,817091.0,ASIANPAINT,-0.0008522477905241743,False
2024-05-28,2813.033130395293,2857.1968269769022,2801.441873489164,2847.61083984375,1084544.0,ASIANPAINT,0.013543059452495454,False
2024-05-29,2832.742989611764,2857.8815795687715,2818.168544200798,2836.80224609375,1758297.0,ASIANPAINT,-0.003795670952914665,False
2024-05-30,2812.446046504146,2847.268532864804,2812.2015072426466,2820.71142578125,1344426.0,ASIANPAINT,-0.005672168489945673,False
2024-05-31,2820.711505965759,2842.5244564731543,2793.2254354766064,2818.26611328125,2520363.0,ASIANPAINT,-0.0008669133884628977,False
2024-06-03,2885.563452587727,2885.563452587727,2797.578268972943,2803.83837890625,952701.0,ASIANPAINT,-0.0051193655230101776,False
2024-06-04,2817.0926209408785,2833.7212926617103,2715.119737005779,2795.230712890625,2683847.0,ASIANPAINT,-0.003069957983449334,False
2024-06-05,2801.9311037093385,2961.175132509102,2801.9311037093385,2897.056884765625,2410576.0,ASIANPAINT,0.03642853929924761,False
2024-06-06,2895.344806183125,2897.0565809840778,2819.293097169362,2841.3505859375,1689408.0,ASIANPAINT,-0.019228583021983603,False
2024-06-07,2841.350786258419,2878.8142508763817,2825.7492283056527,2863.75048828125,1600180.0,ASIANPAINT,0.00788354047353823,False
2024-06-10,2864.0440497813997,2887.421909446008,2851.3280072106486,2873.385498046875,876867.0,ASIANPAINT,0.0033644725003285636,False
2024-06-11,2878.9161803046404,2884.200050873693,2859.1637536816243,2866.521484375,855430.0,ASIANPAINT,-0.0023888244986760565,False
2024-06-12,2872.9901737138907,2881.8787648322905,2830.1766967128788,2869.829833984375,1701770.0,ASIANPAINT,0.0011541338962253178,False
2024-06-13,2892.74283233328,2892.74283233328,2869.0399207675578,2873.97802734375,726380.0,ASIANPAINT,0.0014454492424087473,False
2024-06-14,2873.977823281168,2895.0636333117345,2869.138575627497,2885.434326171875,982815.0,ASIANPAINT,0.003986216567811951,False
2024-06-17,2873.977823281168,2895.0636333117345,2869.138575627497,2885.434326171875,982815.0,ASIANPAINT,0.0,False
2024-06-18,2885.434525252859,2891.7552052102965,2869.039915005434,2882.372802734375,741098.0,ASIANPAINT,-0.0010610268997395256,False
2024-06-19,2881.878783759722,2883.8540262434503,2846.9662764124355,2855.904296875,1018294.0,ASIANPAINT,-0.009182887735502354,False
2024-06-20,2849.287462334264,2888.298503846293,2836.843337455186,2879.409912109375,1129752.0,ASIANPAINT,0.008230533236038617,False
2024-06-21,2888.792357132325,2891.7552210883578,2844.448256371089,2855.065185546875,1722379.0,ASIANPAINT,-0.008454762366455038,False
2024-06-24,2847.3121775424684,2864.052310175292,2835.855674137223,2860.20068359375,892125.0,ASIANPAINT,0.0017987323276793532,False
2024-06-25,2840.398964794878,2859.114340904581,2820.6465380577783,2823.066162109375,1217792.0,ASIANPAINT,-0.01298318740268134,False
2024-06-26,2824.7946097151184,2838.2757861605223,2808.8446209496965,2827.90576171875,960622.0,ASIANPAINT,0.0017143061237214763,False
2024-06-27,2825.337437506155,2867.064434529535,2809.782403112824,2845.188720703125,1628022.0,ASIANPAINT,0.006111575293043181,False
2024-06-28,2829.5349385018058,2895.7055635906786,2826.769550722158,2880.940673828125,1206712.0,ASIANPAINT,0.012565758068998845,False
2024-07-01,2853.5341980997528,2902.618927243877,2852.2502422185494,2891.5576171875,1104110.0,ASIANPAINT,0.0036852349844702648,False
2024-07-02,2891.5577284305323,2899.6561749734506,2875.9532634614056,2889.385009765625,1064295.0,ASIANPAINT,-0.0007513623138480918,False
2024-07-03,2893.434225521064,2912.445936539116,2879.903861228019,2889.335693359375,925189.0,ASIANPAINT,-1.7068132520670076e-05,False
2024-07-04,2903.6065450219817,2931.7043220383803,2886.8169833670927,2898.569580078125,968666.0,ASIANPAINT,0.0031958511224474684,False
2024-07-05,2900.791899712248,2910.4212077021552,2877.039799565268,2899.557373046875,817429.0,ASIANPAINT,0.0003407863573601233,False
2024-07-08,2899.5573633729946,2899.5573633729946,2854.916927525749,2862.274658203125,828260.0,ASIANPAINT,-0.012858071093993617,False
2024-07-09,2872.9408507222565,2877.138241127908,2854.2254758431045,2869.039794921875,685431.0,ASIANPAINT,0.0023635526029486265,False
2024-07-10,2864.151309616269,2977.18452353163,2858.52191621312,2959.35791015625,2299950.0,ASIANPAINT,0.03148025879398242,False
2024-07-11,2961.8761509339274,2992.4924099132377,2936.1979982416024,2984.640869140625,1968980.0,ASIANPAINT,0.00854339344950672,False
2024-07-12,2987.554521878677,3014.220297776437,2934.1241115028065,2962.0244140625,1879930.0,ASIANPAINT,-0.007577613545390105,False
2024-07-15,2961.876248573059,2961.876248573059,2896.248862079289,2919.90234375,2425341.0,ASIANPAINT,-0.014220703284051783,False
2024-07-16,2922.3714260949805,2978.61641089464,2905.0880533485583,2937.630126953125,2085611.0,ASIANPAINT,0.00607136168134903,False
2024-07-17,2922.3714260949805,2978.61641089464,2905.0880533485583,2937.630126953125,2085611.0,ASIANPAINT,0.0,False
2024-07-18,2839.4111984972224,2921.2849066951944,2806.8196960449063,2895.26123046875,5384611.0,ASIANPAINT,-0.014422815212723705,False
2024-07-19,2888.7923104633696,2943.111482113108,2881.13824536727,2909.581787109375,2164746.0,ASIANPAINT,0.00494620536824808,False
2024-07-22,2900.643824269007,2936.543955790348,2881.039444569403,2897.977294921875,1616347.0,ASIANPAINT,-0.0039883711944144196,False
2024-07-23,2897.977257468326,2910.8163344952764,2850.2750999829605,2861.23779296875,1906312.0,ASIANPAINT,-0.012677636231830935,False
2024-07-24,2865.089428488163,2890.767582621459,2850.4725848347434,2876.743408203125,1476148.0,ASIANPAINT,0.005419198387662361,False
2024-07-25,2856.2502604141687,2872.694058793272,2849.5343872763465,2865.484375,1239922.0,ASIANPAINT,-0.003913812115122761,False
2024-07-26,2866.274466627327,2927.753892080251,2864.7930346887024,2913.630859375,1359780.0,ASIANPAINT,0.016802214939664495,False
2024-07-29,2916.495033074284,2928.395917574862,2899.6560422347507,2918.12451171875,854408.0,ASIANPAINT,0.0015422860892932988,False
2024-07-30,2936.6918193535703,2995.257808349979,2933.235144940341,2967.851318359375,2144591.0,ASIANPAINT,0.017040673364323355,False
2024-07-31,2967.8515177493164,3059.6508718957643,2967.8515177493164,3046.2685546875,3549501.0,ASIANPAINT,0.026422225346340422,False
2024-08-01,3049.774532809849,3090.217576269626,3024.8865246129462,3060.984130859375,1675122.0,ASIANPAINT,0.004830689057020665,False
2024-08-02,3031.997267907071,3090.316351528131,3022.121055308025,3068.242919921875,1348780.0,ASIANPAINT,0.0023713906221598524,False
2024-08-05,3031.9479945038343,3106.0690220941988,3017.4794387497395,3055.107666015625,2019141.0,ASIANPAINT,-0.004281034536399941,False
2024-08-06,3063.305062896788,3096.1929017515317,3047.8488853689337,3063.3544921875,885743.0,ASIANPAINT,0.002699356969841249,False
2024-08-07,3063.35444008949,3079.8970972577013,3022.170679124268,3063.05810546875,1907105.0,ASIANPAINT,-9.675234110384512e-05,False
2024-08-08,3041.873668473365,3051.453547062717,2953.3827016703813,2968.197021484375,1280109.0,ASIANPAINT,-0.03096940401326731,False
2024-08-09,3001.3813792636083,3014.9611732632384,2929.285018392847,3002.961669921875,1665414.0,ASIANPAINT,0.01171237899164601,False
2024-08-12,2982.6162948437086,3045.8240573834432,2966.5180195981743,3015.4052734375,1736881.0,ASIANPAINT,0.004143777005301885,False
2024-08-13,3017.0840963406545,3021.9235851947424,2975.702861917043,2986.122314453125,502260.0,ASIANPAINT,-0.009711118847713918,False
2024-08-14,2997.233205486288,2997.233205486288,2956.987637027592,2988.39404296875,454671.0,ASIANPAINT,0.0007607620440159835,False
2024-08-15,2997.233205486288,2997.233205486288,2956.987637027592,2988.39404296875,454671.0,ASIANPAINT,0.0,False
2024-08-16,3016.1954055762885,3016.1954055762885,2965.826720021478,3010.417724609375,514229.0,ASIANPAINT,0.007369738168379492,False
2024-08-19,3016.1460497087305,3049.626556769483,3000.7393019527194,3038.219482421875,542858.0,ASIANPAINT,0.009235182740663594,False
2024-08-20,3057.675551800541,3067.8975287263365,3039.8983683598403,3064.786376953125,668282.0,ASIANPAINT,0.008744231509592026,False
2024-08-21,3062.613538693796,3131.352075093809,3045.873406497993,3112.537841796875,1186536.0,ASIANPAINT,0.015580682948356905,False
2024-08-22,3127.796579288546,3159.0546962085327,3116.982174546277,3147.154052734375,1540888.0,ASIANPAINT,0.01112153898103796,False
2024-08-23,3150.5118738258857,3159.005513256004,3109.772496147103,3115.599365234375,779284.0,ASIANPAINT,-0.010026419733912939,False
2024-08-26,3115.945312301528,3138.117363051259,3102.6124242774163,3132.093017578125,472874.0,ASIANPAINT,0.005293893858047127,False
2024-08-27,3114.957416652562,3163.9927151756247,3111.0069316599784,3127.00634765625,1003501.0,ASIANPAINT,-0.0016240481662987971,False
2024-08-28,3113.920458577248,3126.315153833199,3080.193288399017,3086.810302734375,538366.0,ASIANPAINT,-0.012854481396241124,False
2024-08-29,3086.8104787204284,3105.032044104919,3054.416450748841,3077.280029296875,849866.0,ASIANPAINT,-0.003087417917796209,False
2024-08-30,3091.3040074118903,3127.5496598326604,3072.1934393713022,3088.09423828125,1567031.0,ASIANPAINT,0.003514210238073856,False
2024-09-02,3109.0318778648334,3144.586244956045,3100.7359553242773,3111.9453125,702358.0,ASIANPAINT,0.0077235577603438355,False
2024-09-03,3125.7719494855296,3135.253210304557,3108.5380062212,3115.797119140625,577471.0,ASIANPAINT,0.0012377488206984921,False
2024-09-04,3116.438975569544,3211.744429900857,3116.438975569544,3191.646240234375,2379110.0,ASIANPAINT,0.024343408185276916,False
2024-09-05,3199.8931322618314,3216.6826949928345,3177.1778415081208,3198.164794921875,1482119.0,ASIANPAINT,0.0020423800749989063,False
2024-09-06,3197.917749285465,3245.2247128105173,3185.4244363664397,3233.17578125,2131256.0,ASIANPAINT,0.010947211470689888,False
2024-09-09,3233.1758932888183,3272.9770810313958,3217.6702866627297,3240.138671875,1272289.0,ASIANPAINT,0.00215357626559598,False
2024-09-10,3249.2739390324546,3269.0263641937463,3230.410276556033,3254.261474609375,928920.0,ASIANPAINT,0.004358703180503909,False
2024-09-11,3273.9646906146745,3341.0735113886444,3273.9646906146745,3325.765380859375,2561892.0,ASIANPAINT,0.02197239121929595,False
2024-09-12,3328.2838903917736,3350.9991810383644,3298.951585041396,3341.369873046875,1643536.0,ASIANPAINT,0.004692000306848909,False
2024-09-13,3314.0128802105587,3327.987625912023,3279.7916556484324,3316.48193359375,1029400.0,ASIANPAINT,-0.0074484239694274645,False
2024-09-16,3318.4077124957653,3352.8756009192325,3289.371741458824,3294.50732421875,1019280.0,ASIANPAINT,-0.006625879415296021,False
2024-09-17,3294.5070369553314,3308.432352006389,3260.927914221092,3271.791748046875,586834.0,ASIANPAINT,-0.006894984268174809,False
2024-09-18,3271.791911171832,3283.6927961343977,3211.300106171357,3234.114013671875,410510.0,ASIANPAINT,-0.01151593294331521,False
2024-09-19,3253.224706910443,3278.9028618526627,3234.4599013757443,3253.07666015625,963456.0,ASIANPAINT,0.005863320341896516,False
2024-09-20,3263.100725589241,3283.643296540617,3225.620546047769,3266.01416015625,1504277.0,ASIANPAINT,0.003977004341293,False
2024-09-23,3275.89068312179,3283.7422248569974,3232.6822478133395,3236.879638671875,522775.0,ASIANPAINT,-0.008920512911365086,False
2024-09-24,3236.879165780106,3256.9279250579048,3200.979278588293,3208.188720703125,1057933.0,ASIANPAINT,-0.008863758054507787,False
2024-09-25,3211.744238288774,3211.744238288774,3167.0543776545283,3204.583984375,740636.0,ASIANPAINT,-0.0011236048256334508,False
2024-09-26,3209.769171060249,3245.175490517643,3187.152740117708,3236.484375,951080.0,ASIANPAINT,0.009954612137032637,False
2024-09-27,3250.212383332861,3296.6305860655552,3236.484543227397,3269.767333984375,1315996.0,ASIANPAINT,0.010283676708426892,False
2024-09-30,3269.767189579285,3316.432295584759,3264.2364139016154,3287.89013671875,1088162.0,ASIANPAINT,0.005542535869759169,False
2024-10-01,3275.9396026944523,3287.741628107238,3203.8926825682624,3236.780517578125,968660.0,ASIANPAINT,-0.015544807464774824,False
2024-10-02,3275.9396026944523,3287.741628107238,3203.8926825682624,3236.780517578125,968660.0,ASIANPAINT,0.0,False
2024-10-03,3152.7833878918823,3185.9673174659683,3087.7978609380666,3110.315673828125,1741363.0,ASIANPAINT,-0.03907118294342227,False
2024-10-04,3096.192886191136,3117.673650234089,3016.7387979892915,3034.466552734375,1551818.0,ASIANPAINT,-0.02438630963795263,False
2024-10-07,3036.9356781835504,3060.1942094060214,3000.393687909472,3024.343505859375,909812.0,ASIANPAINT,-0.0033360219000858615,False
2024-10-08,3020.145906603652,3060.638379517566,3007.9486872175567,3049.823974609375,817718.0,ASIANPAINT,0.008425123898999631,False
2024-10-09,3057.231265144363,3107.747999872523,3033.725829198705,3040.738037109375,1225598.0,ASIANPAINT,-0.0029791678390762577,False
2024-10-10,3051.7994995637323,3056.688177180757,3005.331865318593,3021.232666015625,1161933.0,ASIANPAINT,-0.006414683164319035,False
2024-10-11,3021.33093941325,3026.071569730517,2988.5419614897337,2999.603271484375,976017.0,ASIANPAINT,-0.007159129045090973,False
2024-10-14,2999.4060074429094,3017.183191550243,2979.851056701144,3001.529296875,716011.0,ASIANPAINT,0.0006420933757922409,False
2024-10-15,3036.935412385191,3058.46560434547,3009.9238741398385,3029.13330078125,1242322.0,ASIANPAINT,0.009196646501165029,False
2024-10-16,3049.7746232221366,3065.1321829066837,3028.1458128532854,3043.94775390625,764001.0,ASIANPAINT,0.0048906573775340245,False
2024-10-17,3044.737422569113,3046.8115236192875,2999.405704126994,3018.0224609375,674481.0,ASIANPAINT,-0.008516996697949364,False
2024-10-18,3019.158424069624,3031.0098801013005,2943.7042504486785,2955.111083984375,899318.0,ASIANPAINT,-0.02084523152739648,False
2024-10-21,2969.826451674008,3019.158083619366,2963.406913714072,3011.45458984375,806970.0,ASIANPAINT,0.01906645951982533,False
2024-10-22,3016.195397423429,3020.096453266473,2958.1726470636954,2969.629150390625,541838.0,ASIANPAINT,-0.013888783046632325,False
2024-10-23,2962.8142797820224,2989.035671830963,2935.2597437350805,2952.691162109375,624689.0,ASIANPAINT,-0.005703738555712268,False
2024-10-24,2952.6910520865613,2965.13517564834,2914.4701598874653,2935.210205078125,571259.0,ASIANPAINT,-0.005920347260010006,False
2024-10-25,2938.6671617158445,2978.2214427833383,2915.458061295639,2921.3837890625,1047769.0,ASIANPAINT,-0.0047105369120427065,False
2024-10-28,2950.9136517716806,2984.295300681413,2926.3714065892823,2964.691162109375,504961.0,ASIANPAINT,0.014824266913856077,False
2024-10-29,2982.616558311092,2990.5175293264856,2904.6933281191723,2955.802734375,613459.0,ASIANPAINT,-0.0029980956694494187,False
2024-10-30,2968.7897759851944,2968.7897759851944,2926.865297931258,2959.555419921875,812725.0,ASIANPAINT,0.0012695994571059188,False
2024-10-31,2957.135576673701,2959.407153832425,2882.866504934707,2899.310302734375,1031171.0,ASIANPAINT,-0.020356137540783137,False
2024-11-01,2921.383725752652,2929.0377906189747,2893.730330106582,2903.45849609375,112249.0,ASIANPAINT,0.0014307517741245501,False
2024-11-04,2925.482315227811,2925.482315227811,2849.781239602585,2879.21240234375,1146008.0,ASIANPAINT,-0.008350762989248861,False
2024-11-05,2859.16371796241,2882.6691535738464,2837.139714329192,2851.55908203125,935417.0,ASIANPAINT,-0.009604473879728181,False
2024-11-06,2854.7191859574946,2871.854510869286,2824.596738224679,2861.43505859375,1817087.0,ASIANPAINT,0.0034633603156715154,False
2024-11-07,2864.1016379324706,2868.990314918351,2790.0300438480103,2807.6591796875,1112489.0,ASIANPAINT,-0.01879332495935737,False
2024-11-08,2807.65927173436,2811.7578036273458,2728.2049463134726,2735.167724609375,2060410.0,ASIANPAINT,-0.025819179052278485,False
2024-11-11,2533.297866529544,2566.5806535242323,2474.978785081953,2511.61962890625,8854840.0,ASIANPAINT,-0.08173103743941379,False
2024-11-12,2503.620172702221,2503.620172702221,2439.4247836585746,2444.21484375,3445898.0,ASIANPAINT,-0.026837178838900577,False
2024-11-13,2439.424646374089,2467.078043175091,2420.758699980807,2439.91845703125,1803766.0,ASIANPAINT,-0.001757777852358644,False
2024-11-14,2452.0660983258376,2470.7814728705644,2435.671489057564,2452.41162109375,1206967.0,ASIANPAINT,0.005120320323204863,False
2024-11-15,2452.0660983258376,2470.7814728705644,2435.671489057564,2452.41162109375,1206967.0,ASIANPAINT,0.0,False
2024-11-18,2488.8057810519467,2488.8057810519467,2440.214859264631,2452.955078125,945471.0,ASIANPAINT,0.0002216010667115409,False
2024-11-19,2461.4137674004382,2476.4512951650154,2445.931096545383,2457.15966796875,941508.0,ASIANPAINT,0.001714091660807826,False
2024-11-20,2461.4137674004382,2476.4512951650154,2445.931096545383,2457.15966796875,941508.0,ASIANPAINT,0.0,False
2024-11-21,2428.469464735558,2439.599249239458,2399.086881951621,2402.203125,1377572.0,ASIANPAINT,-0.02236588191038502,False
2024-11-22,2404.033220585434,2467.2998078578635,2397.058507997137,2445.7822265625,3805843.0,ASIANPAINT,0.01814130583253659,False
2024-11-25,2478.2317471950923,2481.1501753974144,2423.868987314469,2433.415771484375,1857124.0,ASIANPAINT,-0.005056237200441904,False
2024-11-26,2433.613769034901,2491.0930174806635,2431.338539726482,2478.23193359375,1152258.0,ASIANPAINT,0.018416976923773865,False
2024-11-27,2490.59851293576,2490.746813453905,2453.499230220729,2465.27197265625,864653.0,ASIANPAINT,-0.005229518981585524,False
2024-11-28,2473.2853716359464,2479.2212565278724,2427.084449200141,2431.78369140625,1506133.0,ASIANPAINT,-0.013584010860236861,False
2024-11-29,2431.7835049095597,2464.876012337785,2428.815562691212,2453.103271484375,1030854.0,ASIANPAINT,0.008767054468482138,False
2024-12-02,2453.103497268342,2459.435011304201,2435.048513778277,2452.559326171875,914624.0,ASIANPAINT,-0.00022173763282740122,False
2024-12-03,2467.3494311525187,2467.3494311525187,2437.1753502984084,2443.01220703125,1341985.0,ASIANPAINT,-0.0038927169013793783,False
2024-12-04,2452.4108135833017,2452.608869643871,2426.9854875736155,2433.168701171875,1005012.0,ASIANPAINT,-0.0040292495596396805,False
2024-12-05,2438.659363089844,2440.5389633492928,2397.998455189916,2425.99609375,3190834.0,ASIANPAINT,-0.0029478463282962553,False
2024-12-06,2441.627352994875,2441.627352994875,2401.065472333291,2403.736572265625,1735948.0,ASIANPAINT,-0.009175415220874172,False
2024-12-09,2412.096065015252,2412.9370786090217,2361.492745649748,2366.291015625,2301281.0,ASIANPAINT,-0.015578061703047208,False
2024-12-10,2374.2547693577776,2378.954011248423,2359.563600155552,2363.372314453125,1657888.0,ASIANPAINT,-0.001233449796581354,False
2024-12-11,2374.1064835832526,2402.054606579909,2367.08225694307,2391.468994140625,1337700.0,ASIANPAINT,0.011888384879384262,False
2024-12-12,2387.2149930161613,2389.193621273945,2355.260098346599,2364.015625,1089028.0,ASIANPAINT,-0.011479709420397666,False
2024-12-13,2364.015435620589,2386.2254877286287,2328.845272849582,2381.921875,1150861.0,ASIANPAINT,0.007574505773412454,False
2024-12-16,2394.090891462023,2394.090891462023,2360.6520226163266,2376.580078125,987775.0,ASIANPAINT,-0.002242641511909338,False
2024-12-17,2362.482025198297,2374.254766148349,2325.382747164404,2330.823974609375,1258218.0,ASIANPAINT,-0.01925291890510339,False
2024-12-18,2331.61553045196,2347.345528105256,2315.9843192900817,2320.38671875,855682.0,ASIANPAINT,-0.004477925391652149,False
2024-12-19,2300.155532650192,2300.155532650192,2241.143036780076,2267.35986328125,2784409.0,ASIANPAINT,-0.02285259394059791,False
2024-12-20,2272.4545369067528,2293.2301334566187,2251.678940356887,2257.961181640625,1719502.0,ASIANPAINT,-0.004145209497985691,False
2024-12-23,2275.422508862041,2277.94530821083,2241.835342309323,2254.8447265625,855647.0,ASIANPAINT,-0.0013802075533736469,False
2024-12-24,2257.713661660142,2270.475716131581,2252.81636394897,2259.59326171875,601558.0,ASIANPAINT,0.0021059255656548093,False
2024-12-25,2257.713661660142,2270.475716131581,2252.81636394897,2259.59326171875,601558.0,ASIANPAINT,0.0,False
2024-12-26,2259.593402246085,2263.006487581479,2232.387264522019,2238.22412109375,1267334.0,ASIANPAINT,-0.009457073973014762,False
2024-12-27,2245.990315095553,2266.3207679719803,2235.8993596736923,2247.1279296875,821790.0,ASIANPAINT,0.003978068375654509,False
2024-12-30,2255.883582531214,2274.2354082549373,2232.6842141024053,2263.798095703125,1076940.0,ASIANPAINT,0.007418432121905516,False
2024-12-31,2255.6362531181744,2273.0975511842084,2248.711054095443,2256.971923828125,685486.0,ASIANPAINT,-0.0030153624954259994,False
2025-01-01,2255.636208472045,2298.374530431477,2255.636208472045,2280.022705078125,1067328.0,ASIANPAINT,0.010213144880820035,False
2025-01-02,2289.2730094920253,2322.8601775522434,2269.486725918196,2318.21044921875,1342922.0,ASIANPAINT,0.016748843796849933,False
2025-01-03,2318.952308260062,2323.8493648708964,2297.3356980230024,2310.98828125,1355319.0,ASIANPAINT,-0.003115406528852449,False
2025-01-06,2310.98819746056,2314.994967826612,2232.5850559219875,2242.92333984375,1190987.0,ASIANPAINT,-0.029452741910674707,False
2025-01-07,2247.7215957846715,2291.251415421347,2247.7215957846715,2268.1015625,740798.0,ASIANPAINT,0.011225627826408013,False
2025-01-08,2262.6109112956046,2313.016417511147,2248.4141570305087,2309.405517578125,1439632.0,ASIANPAINT,0.01821080491324989,False
2025-01-09,2316.874825484485,2336.166452360481,2296.495097908915,2325.086181640625,1362304.0,ASIANPAINT,0.006789913656629842,False
2025-01-10,2310.642094501992,2323.799778726457,2291.2514416473664,2295.95068359375,1214334.0,ASIANPAINT,-0.012530932520667393,False
2025-01-13,2267.2606480767986,2277.3020898421773,2222.395155853626,2228.578369140625,1181928.0,ASIANPAINT,-0.029343972818993702,False
2025-01-14,2244.753784236992,2261.918481183113,2213.095731748854,2216.01416015625,1316807.0,ASIANPAINT,-0.005637768524702991,False
2025-01-15,2224.967591281189,2229.666833637163,2196.2774800552424,2205.873779296875,1308999.0,ASIANPAINT,-0.004575954902138357,False
2025-01-16,2215.074415394743,2215.915429047689,2184.2078617536595,2191.924560546875,1936087.0,ASIANPAINT,-0.006323670411661708,False
2025-01-17,2201.867002679204,2244.803382904484,2188.85761785697,2236.83935546875,878848.0,ASIANPAINT,0.02049103136591013,False
2025-01-20,2247.969064218441,2262.4624198186484,2226.94613865363,2256.180419921875,555716.0,ASIANPAINT,0.008646604149662673,False
2025-01-21,2256.180386170566,2290.2622096229647,2230.903361857359,2236.1962890625,1410294.0,ASIANPAINT,-0.008857505668836141,False
2025-01-22,2245.7432198931915,2245.7432198931915,2220.91133701646,2237.927734375,835523.0,ASIANPAINT,0.0007742814532734066,False
2025-01-23,2237.927663808089,2277.203387756566,2222.1974237038376,2252.025390625,1142465.0,ASIANPAINT,0.006299424254616159,False
2025-01-24,2258.604088147028,2272.0093424956026,2230.9528073847387,2238.22412109375,543202.0,ASIANPAINT,-0.006128380962623026,False
2025-01-27,2231.2001156768038,2253.4101686928766,2222.1972608443184,2227.440673828125,1097939.0,ASIANPAINT,-0.004817858570997591,False
2025-01-28,2235.849951423444,2242.8246644012743,2210.226811867185,2217.844482421875,897501.0,ASIANPAINT,-0.004308169245090476,False
2025-01-29,2217.844407654485,2222.790978176717,2188.412313047202,2199.3935546875,1281088.0,ASIANPAINT,-0.008319306371845636,False
2025-01-30,2199.393470802705,2235.107805223786,2191.330657771688,2225.808349609375,1155718.0,ASIANPAINT,0.012010035614398396,False
2025-01-31,2230.903234343268,2280.3689379872426,2210.9686523874484,2276.2138671875,1292909.0,ASIANPAINT,0.02264593786206759,False
2025-02-03,2326.0258781924244,2339.183804756189,2253.36080183662,2267.75537109375,1070382.0,ASIANPAINT,-0.00371603750231142,False
2025-02-04,2280.022787441469,2392.755329456502,2239.559934817717,2329.19189453125,5373733.0,ASIANPAINT,0.027091336314581715,False
2025-02-05,2244.7537518970203,2271.020090248709,2213.343028396478,2250.887451171875,3474642.0,ASIANPAINT,-0.0336187170937815,False
2025-02-06,2262.7593488861016,2274.3342765097696,2236.09737998612,2239.213623046875,1285954.0,ASIANPAINT,-0.0051863224520276585,False
2025-02-07,2241.7858511531263,2251.9758351465407,2219.229440355028,2246.732421875,1336756.0,ASIANPAINT,0.0033577854076709546,False
2025-02-10,2246.7818850507265,2253.6575698922,2229.914030964451,2245.891357421875,1181565.0,ASIANPAINT,-0.0003743500761087537,False
2025-02-11,2254.6467763546243,2258.505004633446,2202.213130392889,2216.904541015625,1607942.0,ASIANPAINT,-0.012906597779299922,False
2025-02-12,2217.893977757831,2223.9286490285167,2162.343844469209,2204.439208984375,1181706.0,ASIANPAINT,-0.005622854660913501,False
2025-02-13,2204.439383086394,2225.907453084973,2196.277540873688,2212.502197265625,921923.0,ASIANPAINT,0.0036576142578070847,False
2025-02-14,2212.5021445288053,2226.501085151753,2179.4591473952623,2207.456787109375,1380052.0,ASIANPAINT,-0.0022804091053493236,False
2025-02-17,2207.4567116199773,2235.8499794240065,2202.262812331492,2226.7978515625,923900.0,ASIANPAINT,0.008761695615546738,False
2025-02-18,2223.9782237395543,2227.8859663512467,2195.040784662872,2213.689453125,735853.0,ASIANPAINT,-0.005886658471626505,False
2025-02-19,2213.6893686656667,2225.758952607725,2202.3122563003603,2215.17333984375,645234.0,ASIANPAINT,0.0006703228931479455,False
2025-02-20,2215.1734621254304,2232.981117245447,2207.209434723733,2225.01708984375,637442.0,ASIANPAINT,0.0044437831671875205,False
2025-02-21,2225.01690216263,2241.5879131682063,2213.095619073161,2233.4755859375,755585.0,ASIANPAINT,0.0038015420790966648,False
2025-02-24,2221.9006671989964,2234.860779843562,2217.0531242272787,2222.197509765625,765042.0,ASIANPAINT,-0.005049563220159814,False
2025-02-25,2222.197301817256,2232.980970517077,2194.001849729943,2200.9765625,947702.0,ASIANPAINT,-0.00954953246611423,False
2025-02-26,2222.197301817256,2232.980970517077,2194.001849729943,2200.9765625,947702.0,ASIANPAINT,0.0,False
2025-02-27,2190.341473744115,2204.587500537873,2174.5124477369304,2189.9951171875,1027196.0,ASIANPAINT,-0.004989351317774449,False
2025-02-28,2186.384272583582,2187.719943299454,2152.5497769431686,2156.45751953125,1701193.0,ASIANPAINT,-0.015314005676560938,False
2025-03-03,2156.457440034872,2169.912208598249,2106.2497487483624,2143.25,959068.0,ASIANPAINT,-0.006124637008440126,False
2025-03-04,2131.032046179497,2136.7701161602126,2102.045095276788,2109.316650390625,2180989.0,ASIANPAINT,-0.015832660496617246,False
2025-03-05,2109.2175753731967,2159.4747779145187,2102.045048440056,2141.02392578125,1535212.0,ASIANPAINT,0.015032013038323688,False
2025-03-06,2166.449807529409,2250.689815437349,2159.771936648441,2243.4677734375,1985096.0,ASIANPAINT,0.04784806298643707,False
2025-03-07,2243.467693167006,2253.608163401209,2223.978252340308,2245.7431640625,921429.0,ASIANPAINT,0.0010142292445385337,False
2025-03-10,2245.743265989839,2268.497492913965,2237.6804517577016,2254.25146484375,1072395.0,ASIANPAINT,0.0037886348347415666,False
2025-03-11,2249.7003185974454,2266.419630684956,2233.772264583938,2262.95703125,601228.0,ASIANPAINT,0.003861843517468211,False
2025-03-12,2262.95701462673,2271.415698633484,2222.988820912396,2227.242919921875,749216.0,ASIANPAINT,-0.01578205455734938,False
2025-03-13,2231.150813510289,2233.07992786277,2198.7507739836456,2207.456787109375,747470.0,ASIANPAINT,-0.008883688723632321,False
2025-03-14,2231.150813510289,2233.07992786277,2198.7507739836456,2207.456787109375,747470.0,ASIANPAINT,0.0,False
2025-03-17,2181.437706166032,2215.3217158876582,2172.5833928079032,2195.832275390625,838015.0,ASIANPAINT,-0.00526602005830068,False
2025-03-18,2181.437706166032,2215.3217158876582,2172.5833928079032,2195.832275390625,838015.0,ASIANPAINT,0.0,False
2025-03-19,2249.700257136058,2263.5011404862794,2243.616072050704,2256.32861328125,663292.0,ASIANPAINT,0.02755052768311428,False
2025-03-20,2265.529405272272,2282.3477458354287,2244.506479568326,2262.75927734375,1166849.0,ASIANPAINT,0.0028500565142186574,False
2025-03-21,2267.161616645581,2289.7675410015963,2253.509274953812,2275.818115234375,1624115.0,ASIANPAINT,0.0057712006846590835,False
2025-03-24,2277.796817744125,2305.3493136205766,2277.50021672254,2297.68212890625,1100353.0,ASIANPAINT,0.009607100640212307,False
2025-03-25,2300.155437681842,2319.447063933367,2283.337096847179,2305.843994140625,1828005.0,ASIANPAINT,0.0035522168761699113,False
2025-03-26,2314.9949903432484,2315.934790430412,2279.379682799506,2298.324951171875,1934287.0,ASIANPAINT,-0.0032608636958340043,False
2025-03-27,2290.262225356166,2324.9872481503007,2266.024029018703,2313.115478515625,1497861.0,ASIANPAINT,0.006435350813299268,False
2025-03-28,2318.902724272419,2338.73852018013,2300.155270481727,2315.637939453125,1281871.0,ASIANPAINT,0.0010905036782333788,False
2025-03-31,2318.902724272419,2338.73852018013,2300.155270481727,2315.637939453125,1281871.0,ASIANPAINT,0.0,False
2025-04-01,2316.973631547523,2336.4630710897977,2281.11099527784,2291.25146484375,970583.0,ASIANPAINT,-0.010531212239135335,False
2025-04-02,2303.123172874622,2303.518801892997,2267.6561665765435,2282.001220703125,792693.0,ASIANPAINT,-0.004037201626516329,False
2025-04-03,2270.4760820322517,2329.7359058176767,2265.331696514396,2324.294677734375,608846.0,ASIANPAINT,0.01853349448175079,False
2025-04-04,2324.2946949193497,2338.6892648979606,2278.1927979190414,2330.873779296875,1163188.0,ASIANPAINT,0.00283057979933643,False
2025-04-07,2166.598015467922,2328.845538087437,2166.598015467922,2316.330810546875,1745817.0,ASIANPAINT,-0.0062392776816885265,False
2025-04-08,2330.8242133419158,2394.140321004854,2330.8242133419158,2368.615966796875,1876867.0,ASIANPAINT,0.022572404602974494,False
2025-04-09,2374.3537662248245,2403.4890172581904,2365.3509115818533,2385.384521484375,1186937.0,ASIANPAINT,0.007079473803504044,False
2025-04-10,2374.3537662248245,2403.4890172581904,2365.3509115818533,2385.384521484375,1186937.0,ASIANPAINT,0.0,False
2025-04-11,2413.4316352729334,2421.840804733815,2354.81477756032,2368.022216796875,968152.0,ASIANPAINT,-0.00727861882691172,False
2025-04-14,2413.4316352729334,2421.840804733815,2354.81477756032,2368.022216796875,968152.0,ASIANPAINT,0.0,False
2025-04-15,2389.0947308137074,2399.086900703578,2359.5143332692924,2389.88623046875,1141122.0,ASIANPAINT,0.009233027256581039,False
2025-04-16,2379.399547591545,2442.1219677939607,2378.014362868992,2433.61376953125,1166695.0,ASIANPAINT,0.018296912424121237,False
2025-04-17,2433.6135636785502,2449.9372456960327,2405.022483909115,2441.528076171875,885840.0,ASIANPAINT,0.0032520799889086405,False
2025-04-18,2433.6135636785502,2449.9372456960327,2405.022483909115,2441.528076171875,885840.0,ASIANPAINT,0.0,False
2025-04-21,2439.549615570957,2444.496186218964,2414.915790356595,2418.873046875,541913.0,ASIANPAINT,-0.009279036976054922,False
2025-04-22,2418.87304657384,2423.81961722123,2387.709651495281,2406.011962890625,543647.0,ASIANPAINT,-0.0053169735389753114,False
2025-04-23,2410.9584212538784,2430.349073901287,2399.680337315784,2426.886474609375,744684.0,ASIANPAINT,0.008675980020344864,False
2025-04-24,2423.819646802485,2464.3815266061183,2409.8702207938923,2438.065673828125,1203452.0,ASIANPAINT,0.004606395616650882,False
2025-04-25,2437.966980435948,2442.319866212299,2387.907586349,2405.616455078125,702217.0,ASIANPAINT,-0.013309411267437232,False
2025-04-28,2394.041198616951,2433.5149778513432,2379.3005144953645,2425.99609375,554920.0,ASIANPAINT,0.008471690750557759,False
2025-04-29,2433.712758122598,2445.584527674416,2415.509474755853,2424.907958984375,1235066.0,ASIANPAINT,-0.00044853112848297627,False
2025-04-30,2423.819432555459,2435.889015709181,2375.8377009314017,2399.779052734375,1479669.0,ASIANPAINT,-0.010362828888781705,False
2025-05-01,2423.819432555459,2435.889015709181,2375.8377009314017,2399.779052734375,1479669.0,ASIANPAINT,0.0,False
2025-05-02,2399.086782368387,2418.774037083155,2372.3753006677903,2384.2470703125,744673.0,ASIANPAINT,-0.006472255187067066,False
2025-05-05,2397.207276735784,2448.552585862986,2397.207276735784,2410.859619140625,1229588.0,ASIANPAINT,0.01116182511430619,False
2025-05-06,2415.9051607572114,2423.7206459503905,2365.5491670003303,2392.16162109375,702802.0,ASIANPAINT,-0.007755739031184317,False
2025-05-07,2362.4821380195167,2379.992949781398,2293.72480611317,2309.158203125,1711738.0,ASIANPAINT,-0.034698081114936996,False
2025-05-08,2297.187471067545,2323.997981317608,2268.99201761129,2277.994873046875,2292261.0,ASIANPAINT,-0.013495537047202522,False
2025-05-09,2222.593206912753,2306.8827219454733,2221.010207702129,2275.02685546875,1503010.0,ASIANPAINT,-0.0013029079271610344,False
2025-05-12,2305.1019300620587,2353.08366551614,2296.198102864394,2331.2197265625,940135.0,ASIANPAINT,0.024699871545987406,False
2025-05-13,2328.845504970718,2332.8027615637016,2290.3612812166643,2299.759765625,1220489.0,ASIANPAINT,-0.013495064656084299,False
2025-05-14,2294.219400295305,2294.219400295305,2252.7672360747315,2257.91162109375,1549845.0,ASIANPAINT,-0.01819674609355426,False
2025-05-15,2260.5828211923167,2310.5431855118845,2243.764480728304,2305.0029296875,1675015.0,ASIANPAINT,0.020856134559836592,False
2025-05-16,2308.9600264990613,2329.8346501256283,2290.26208706617,2328.44970703125,785113.0,ASIANPAINT,0.0101721247473332,False
2025-05-19,2328.450029310157,2353.4794856841663,2301.7385455479075,2306.487060546875,552961.0,ASIANPAINT,-0.009432304429017324,False
2025-05-20,2322.4148860581417,2322.6127005748817,2266.914267567752,2271.069580078125,1095824.0,ASIANPAINT,-0.015355594694015928,False
2025-05-21,2271.4652859762723,2291.449383478593,2265.529401082606,2287.68994140625,469330.0,ASIANPAINT,0.007318296838599414,False
2025-05-22,2284.5240000660287,2285.315499627662,2258.703047781497,2274.630859375,916504.0,ASIANPAINT,-0.005708414324374078,False
2025-05-23,2277.2032808526446,2304.1125765054794,2270.4758965564943,2290.7568359375,458035.0,ASIANPAINT,0.007089491684347804,False
2025-05-26,2291.251517197846,2313.0164279829723,2278.192619033124,2302.331787109375,1258062.0,ASIANPAINT,0.005052893869085917,False
2025-05-27,2288.3827275855097,2326.4713235357294,2276.5109574192074,2302.727783203125,2485428.0,ASIANPAINT,0.00017199783974097826,False
2025-05-28,2302.72778990034,2308.069989878001,2275.719464387096,2278.58837890625,774808.0,ASIANPAINT,-0.010482960458008117,False
2025-05-29,2278.5882463730663,2284.326316609405,2262.066748777568,2269.783447265625,1414643.0,ASIANPAINT,-0.0038642045760153287,False
2025-05-30,2271.959969790152,2279.379825994561,2230.9034321257536,2234.959716796875,3610431.0,ASIANPAINT,-0.015342314047933403,False
2025-06-02,2234.9596290780687,2248.0185271789314,2233.772258906544,2242.478271484375,702789.0,ASIANPAINT,0.0033640672048780296,False
2025-06-03,2248.315255855017,2262.858124401989,2222.6918764801085,2231.595703125,792587.0,ASIANPAINT,-0.004852920314885156,False
2025-06-04,2225.462186373197,2236.839299128605,2216.9539880477464,2224.967529296875,768079.0,ASIANPAINT,-0.002970149933002375,False
2025-06-05,2227.0452515829743,2236.8393653714897,2209.138568277106,2219.5263671875,996614.0,ASIANPAINT,-0.002445501805185657,False
2025-06-06,2225.066477788955,2228.5290771994382,2215.0743085917125,2221.2080078125,822087.0,ASIANPAINT,0.0007576574218088883,False
2025-06-09,2216.0636653265124,2231.6948769865094,2212.1064087812865,2223.879150390625,1041851.0,ASIANPAINT,0.0012025630056842207,False
2025-06-10,2236.5096020141245,2236.5096020141245,2211.7481969540704,2215.4423828125,1809051.0,ASIANPAINT,-0.003793716747892084,False
2025-06-11,2205.5577938919528,2222.4313617191465,2203.7605500158743,2205.358154296875,1430888.0,ASIANPAINT,-0.004551790014427293,False
2025-06-12,2220.53458020989,2259.4738107081757,2204.6594529723643,2215.941650390625,3417373.0,ASIANPAINT,0.004798991979207301,False
2025-06-13,2171.6108865639185,2213.645383297581,2171.411246958574,2210.749755859375,1786807.0,ASIANPAINT,-0.0023429743875859055,False
2025-06-16,2210.749588087704,2246.493850099095,2205.857321207117,2241.302001953125,1301826.0,ASIANPAINT,0.013819857273657643,False
2025-06-17,2227.523615118048,2277.445704206305,2223.529847990987,2261.27099609375,1540986.0,ASIANPAINT,0.008909550842868708,False
2025-06-18,2253.4830888680904,2280.441016825307,2251.4862053157035,2277.844970703125,1131156.0,ASIANPAINT,0.007329495066272784,False
2025-06-19,2266.462703751929,2281.4393295476466,2260.472053433642,2264.4658203125,524926.0,ASIANPAINT,-0.005873600074940644,False
2025-06-20,2263.4673722395323,2286.331590052743,2259.4736053718843,2282.13818359375,1945026.0,ASIANPAINT,0.0078042084463041395,False
2025-06-23,2257.676394207308,2269.258415795201,2250.387720816316,2260.572021484375,596186.0,ASIANPAINT,-0.009449980840079641,False
2025-06-24,2301.4083108887703,2306.10093851902,2265.364465001573,2271.754638671875,1044179.0,ASIANPAINT,0.004946808631276056,False
2025-06-25,2272.553284460824,2290.724874917351,2271.854180252347,2276.34716796875,807368.0,ASIANPAINT,0.002021578043111205,False
2025-06-26,2283.436247983665,2289.027619203835,2276.646795433512,2286.23193359375,921519.0,ASIANPAINT,0.004342380531446199,False
2025-06-27,2279.4424253214006,2360.815424736072,2273.551716732878,2355.0244140625,1555059.0,ASIANPAINT,0.030089895717891668,False
2025-06-30,2358.319484133415,2366.207076690577,2322.475521738939,2337.4521484375,785414.0,ASIANPAINT,-0.007461606563427203,False
2025-07-01,2376.790721203461,2396.260336437012,2346.5378857039027,2365.807861328125,1232160.0,ASIANPAINT,0.012131034600892043,False
2025-07-02,2336.3537050263667,2426.2134629119964,2323.373962220665,2415.6298828125,1936030.0,ASIANPAINT,0.021059200241394738,False
2025-07-03,2425.115176958039,2460.559860659881,2421.2213514638897,2427.112060546875,1547480.0,ASIANPAINT,0.004753285184982969,False
2025-07-04,2427.111874037761,2439.19311632593,2408.241423077423,2420.42236328125,602309.0,ASIANPAINT,-0.002756237494908942,False
2025-07-07,2419.5240374468945,2461.258953003477,2417.2275725788145,2438.99365234375,869054.0,ASIANPAINT,0.007672747262723156,False
2025-07-08,2436.697136128193,2484.123120133966,2433.502171220896,2480.728515625,1136367.0,ASIANPAINT,0.017111509593780605,False
2025-07-09,2516.5725437873343,2531.0499498119,2489.0154527468394,2495.006103515625,2328636.0,ASIANPAINT,0.005755401206015476,False
2025-07-10,2503.393050824226,2508.0856783014938,2441.2900226692773,2447.38037109375,932859.0,ASIANPAINT,-0.01908842321257942,False
2025-07-11,2443.686285546248,2480.928213134193,2431.704984044081,2435.399169921875,1050411.0,ASIANPAINT,-0.004895520660942676,False
2025-07-14,2427.3119430814827,2444.784674477807,2387.2743296349663,2397.85791015625,891618.0,ASIANPAINT,-0.015414828184748597,False
2025-07-15,2406.144610422749,2411.236760713423,2382.581532019301,2389.770263671875,610228.0,ASIANPAINT,-0.003372863108410007,False
2025-07-16,2377.289864148225,2418.625256092166,2367.305446407157,2406.743896484375,1200909.0,ASIANPAINT,0.007102621147532462,False
2025-07-17,2400.353957448019,2410.238433469769,2390.269598064054,2395.161865234375,526163.0,ASIANPAINT,-0.00481232393148201,False
2025-07-18,2396.8593346465727,2401.252380791346,2368.6033846985288,2378.6875,599552.0,ASIANPAINT,-0.006878184507485452,False
2025-07-21,2378.6875787280683,2404.247785580512,2357.1213827215047,2371.698486328125,390931.0,ASIANPAINT,-0.0029381806865655946,False
2025-07-22,2371.6984615067413,2377.0901932721026,2357.6205789331657,2361.514404296875,411317.0,ASIANPAINT,-0.0042940036813098326,False
2025-07-23,2359.31790586659,2380.984043554375,2348.9342089478964,2371.698486328125,368999.0,ASIANPAINT,0.004312521665216007,False
2025-07-24,2371.698557558372,2376.2914873489262,2337.352257094049,2348.43505859375,506960.0,ASIANPAINT,-0.009808762736274956,False
2025-07-25,2336.3536977189538,2346.8373361061545,2322.175873604493,2332.5595703125,383636.0,ASIANPAINT,-0.006760028651061067,False
2025-07-28,2332.559655754628,2362.712548992187,2316.3849475453603,2355.92333984375,650364.0,ASIANPAINT,0.010016365639107683,False
2025-07-29,2355.324039012076,2414.531682301382,2321.3770202217365,2397.7578125,1742815.0,ASIANPAINT,0.017757145128085794,False
2025-07-30,2405.2461918338104,2439.992013718193,2362.8124171750574,2412.03564453125,1685818.0,ASIANPAINT,0.005954659789582095,False
2025-07-31,2397.658001522801,2413.4334304549966,2369.8015732657213,2392.366455078125,1274735.0,ASIANPAINT,-0.008154601486806579,False
2025-08-01,2374.294500880553,2468.148026146648,2374.294500880553,2427.2119140625,2225293.0,ASIANPAINT,0.01456526817219439,False
2025-08-04,2439.3928529127475,2463.155815490761,2435.7986088422463,2445.982666015625,1165898.0,ASIANPAINT,0.007733462350103526,False
2025-08-05,2458.063671609108,2459.86091552927,2405.3461416856358,2433.0029296875,659094.0,ASIANPAINT,-0.005306552866651493,False
2025-08-06,2436.1979448164952,2501.695823132035,2436.1979448164952,2487.318115234375,2019109.0,ASIANPAINT,0.022324340379586527,False
2025-08-07,2480.229240657659,2506.088784394948,2463.055847605046,2502.59423828125,1502806.0,ASIANPAINT,0.006141604064760164,False
2025-08-08,2502.594183435637,2507.786031653025,2464.6533978898347,2471.742431640625,1178226.0,ASIANPAINT,-0.012327930021054367,False
2025-08-11,2460.060508660261,2500.297759583013,2448.1791494439526,2485.221435546875,721135.0,ASIANPAINT,0.0054532396797117855,False
2025-08-12,2485.2214520505768,2498.900055243935,2470.144884154128,2474.438232421875,608984.0,ASIANPAINT,-0.004338930515713657,False
2025-08-13,2475.935841367843,2500.4973615761023,2457.36472775656,2496.303955078125,350844.0,ASIANPAINT,0.008836641129186251,False
2025-08-14,2501.096501539215,2530.9498113788623,2493.807828251754,2524.759521484375,1088550.0,ASIANPAINT,0.011399079165966164,False
2025-08-15,2501.096501539215,2530.9498113788623,2493.807828251754,2524.759521484375,1088550.0,ASIANPAINT,0.0,False
2025-08-18,2546.0265389946585,2590.9564190945644,2532.6475166467667,2583.3681640625,1755615.0,ASIANPAINT,0.023213554431380956,False
2025-08-19,2583.368149429113,2590.956404418194,2557.209023693385,2575.380615234375,698587.0,ASIANPAINT,-0.0030919126972456246,False
2025-08-20,2573.982807089872,2575.2808301046007,2559.405460174037,2566.09521484375,308028.0,ASIANPAINT,-0.003605447806704132,False
2025-08-21,2570.887457107955,2571.98584049112,2555.311912715128,2562.6005859375,781082.0,ASIANPAINT,-0.0013618469361679209,False
2025-08-22,2558.806616032497,2565.296487535277,2497.2028075966155,2500.597412109375,523774.0,ASIANPAINT,-0.02419541077465326,False
2025-08-25,2512.079483157146,2518.5693546358907,2472.141812518718,2489.015380859375,766497.0,ASIANPAINT,-0.004631705685174681,False
2025-08-26,2477.23386561514,2519.3680577297696,2464.154181491318,2477.533203125,7106393.0,ASIANPAINT,-0.004613140530457693,False
2025-08-27,2477.23386561514,2519.3680577297696,2464.154181491318,2477.533203125,7106393.0,ASIANPAINT,0.0,False
2025-08-28,2461.158979392138,2524.0608113198077,2461.158979392138,2485.12158203125,1485769.0,ASIANPAINT,0.003062876774639678,False
2025-08-29,2487.1184467786834,2527.655280107417,2486.120005009604,2514.675537109375,1798653.0,ASIANPAINT,0.011892357819358157,False
2025-09-01,2514.0764550955355,2573.783323551593,2511.181071376513,2566.195068359375,1314833.0,ASIANPAINT,0.02048754620217208,False
2025-09-02,2564.9968023345227,2567.89218584515,2527.056016624631,2536.0419921875,1024054.0,ASIANPAINT,-0.011750110715921691,False
2025-09-03,2526.057748690489,2561.103153300909,2523.362004588196,2549.92041015625,925847.0,ASIANPAINT,0.005472471674957902,False
2025-09-04,2549.920367060743,2578.9751203927085,2549.021866961899,2564.59765625,933071.0,ASIANPAINT,0.005755962435255224,False
2025-09-05,2561.0031976092214,2597.9455439295107,2561.0031976092214,2575.8798828125,1153436.0,ASIANPAINT,0.004399218932063187,False
2025-09-08,2575.879789285212,2585.56486932839,2522.4631553291565,2526.8564453125,742880.0,ASIANPAINT,-0.0190317249756512,False
2025-09-09,2536.0421796629794,2547.624202082058,2520.865913009164,2533.346435546875,702450.0,ASIANPAINT,0.0025684048044811725,False
2025-09-10,2533.346263650884,2551.0186336131133,2521.165323232636,2539.3369140625,520584.0,ASIANPAINT,0.002364650342159713,False
2025-09-11,2537.040551378236,2555.511724223768,2531.7487612163945,2551.917236328125,423961.0,ASIANPAINT,0.0049541761063516265,False
2025-09-12,2556.010878606127,2564.297993878646,2533.2463579665027,2542.332275390625,547539.0,ASIANPAINT,-0.0037559842462960846,False
2025-09-15,2531.149796567064,2539.5366098247428,2494.107509865228,2498.700439453125,583051.0,ASIANPAINT,-0.01716212957678631,False
2025-09-16,2491.112061131894,2505.988745075061,2470.644006120589,2477.033935546875,760790.0,ASIANPAINT,-0.00867110901496937,False
2025-09-17,2478.132334082582,2493.009018116716,2476.934252777851,2489.71435546875,359627.0,ASIANPAINT,0.0051191950743603165,False
2025-09-18,2494.0076803355287,2502.294796046243,2465.45239104731,2474.837646484375,400796.0,ASIANPAINT,-0.0059752673842674575,False
2025-09-19,2471.143252910981,2505.589492193983,2464.6533817417203,2477.832763671875,3731525.0,ASIANPAINT,0.0012102277463552635,False
2025-09-22,2490.2136811024534,2499.099715226628,2470.244845982784,2478.831298828125,872806.0,ASIANPAINT,0.0004029873084616664,False
2025-09-23,2468.2478400737427,2479.9295592874296,2424.21646331425,2443.0869140625,1332111.0,ASIANPAINT,-0.014419853736122867,False
2025-09-24,2442.188594562913,2471.143406191009,2439.392908826091,2453.37109375,637749.0,ASIANPAINT,0.004209502178700086,False
2025-09-25,2454.668980247764,2458.862386739592,2384.278838654326,2400.25390625,1518215.0,ASIANPAINT,-0.021650694277484894,False
2025-09-26,2393.7641298155327,2396.260234226185,2335.355286606269,2339.1494140625,1089446.0,ASIANPAINT,-0.025457511819224843,False
2025-09-29,2339.249044543741,2360.01668139369,2325.570441519752,2338.94970703125,950369.0,ASIANPAINT,-8.537591914792309e-05,False
2025-09-30,2348.3350182845743,2385.0777237852835,2336.3537171708776,2346.338134765625,778874.0,ASIANPAINT,0.0031588655849095204,False
2025-10-01,2349.732829778324,2353.327317755006,2317.5830526365544,2332.160400390625,648279.0,ASIANPAINT,-0.00604249411665303,False
2025-10-02,2349.732829778324,2353.327317755006,2317.5830526365544,2332.160400390625,648279.0,ASIANPAINT,0.0,False
2025-10-03,2338.5501879591607,2359.0182435703723,2332.4598396187675,2354.1259765625,659872.0,ASIANPAINT,0.009418552929805202,False
2025-10-06,2351.3302548266965,2355.523661306197,2330.46292034526,2351.130615234375,362107.0,ASIANPAINT,-0.001272387866217306,False
2025-10-07,2351.3303121519625,2367.704659284528,2342.344336436732,2349.1337890625,498524.0,ASIANPAINT,-0.0008493046532320747,False
2025-10-08,2356.322496711939,2365.707751525275,2316.384827276144,2324.87158203125,701799.0,ASIANPAINT,-0.0103281503779028,False
2025-10-09,2324.8716847856413,2337.35220703594,2320.1790571715687,2332.75927734375,587567.0,ASIANPAINT,0.003392744516928836,False
2025-10-10,2335.255443696396,2354.1261400951894,2332.959222549633,2336.553466796875,1117236.0,ASIANPAINT,0.0016264813476363216,False
2025-10-13,2336.553388685427,2362.9123977517115,2333.3584237635077,2338.849853515625,667732.0,ASIANPAINT,0.000982809403414997,False
2025-10-14,2338.749977872924,2351.33044207345,2304.4036774121114,2314.488037109375,353345.0,ASIANPAINT,-0.010416152353529995,False
2025-10-15,2326.369348125747,2380.285204262567,2321.3771392241897,2371.399169921875,753640.0,ASIANPAINT,0.024589080565556864,False
2025-10-16,2373.2960714503183,2417.027869436486,2363.211712136544,2405.945068359375,715890.0,ASIANPAINT,0.014567728147867332,False
2025-10-17,2417.227539097011,2540.0358775145787,2417.227539097011,2503.892333984375,3719960.0,ASIANPAINT,0.04071051617641075,False
2025-10-20,2503.892172422266,2533.1465633162347,2496.8031387677584,2512.079345703125,714986.0,ASIANPAINT,0.0032697139599937586,False
2025-10-21,2509.0840786903627,2515.2743686919584,2480.129268391111,2500.697265625,107942.0,ASIANPAINT,-0.0045309397163724174,False
2025-10-22,2509.0840786903627,2515.2743686919584,2480.129268391111,2500.697265625,107942.0,ASIANPAINT,0.0,False
2025-10-23,2514.974776830426,2542.03264522436,2492.9093608479457,2498.50048828125,811738.0,ASIANPAINT,-0.0008784659278623375,False
2025-10-24,2491.112091440693,2502.793810812847,2482.4256972285884,2497.701904296875,327596.0,ASIANPAINT,-0.00031962530650708754,False
2025-10-27,2497.7020940040347,2526.0577435021114,2495.7052104123336,2514.875244140625,550089.0,ASIANPAINT,0.006875656303983346,False
2025-10-28,2511.0809617114774,2524.659866801746,2488.116801823062,2505.389892578125,1103957.0,ASIANPAINT,-0.0037716986497042804,False
2025-10-29,2516.0733277780528,2546.8253838696032,2508.585014302523,2534.744140625,615292.0,ASIANPAINT,0.011716439079535235,False
2025-10-30,2531.5491726404607,2534.744137634209,2509.383813531086,2519.56787109375,736486.0,ASIANPAINT,-0.005987298397505336,False
2025-10-31,2519.467915611525,2526.0577289302064,2501.3962654669995,2506.8876953125,609128.0,ASIANPAINT,-0.005032678788583489,False
2025-11-03,2492.3103318505878,2511.380667424338,2491.112250462125,2508.285400390625,425210.0,ASIANPAINT,0.0005575459486033552,False
2025-11-04,2506.088691763791,2517.0715505723174,2475.835859202813,2482.824951171875,527087.0,ASIANPAINT,-0.01015053917500175,False
2025-11-05,2506.088691763791,2517.0715505723174,2475.835859202813,2482.824951171875,527087.0,ASIANPAINT,0.0,False
2025-11-06,2556.110881252824,2626.900305473594,2556.110881252824,2598.843994140625,4448622.0,ASIANPAINT,0.04672864388364939,False
2025-11-07,2598.843889634128,2614.8189573640493,2580.9718801153545,2609.72705078125,791663.0,ASIANPAINT,0.004187652919976026,False
2025-11-10,2609.727196317294,2662.64461112369,2607.0314522395747,2646.27001953125,1706880.0,ASIANPAINT,0.014002601819627314,False
2025-11-11,2646.269873630328,2660.747278769722,2629.2963641565566,2653.059326171875,776404.0,ASIANPAINT,0.0025656137093021947,False
2025-11-12,2655.8551730830777,2834.276672988912,2637.9831624675403,2765.484130859375,2859196.0,ASIANPAINT,0.042375533625823136,False
2025-11-13,2854.445030002044,2892.585699972853,2835.574578375384,2874.9130859375,5933630.0,ASIANPAINT,0.03956954728361439,False
2025-11-14,2860.6356432177,2905.3656399822426,2857.5403761936336,2901.87109375,2494076.0,ASIANPAINT,0.009376981844899435,False
2025-11-17,2901.871075167319,2922.339131539382,2875.5123098312783,2883.39990234375,1230683.0,ASIANPAINT,-0.006365269444956745,False
2025-11-18,2886.0,2916.0,2862.10009765625,2906.0,1819066.0,ASIANPAINT,0.007838003198196608,False
2025-11-19,2914.0,2916.0,2887.199951171875,2893.699951171875,1387906.0,ASIANPAINT,-0.004232638963566737,False
2025-11-20,2897.39990234375,2906.10009765625,2852.5,2859.800048828125,1062883.0,ASIANPAINT,-0.011715071678396138,False
2025-11-21,2869.0,2895.60009765625,2854.10009765625,2876.60009765625,857340.0,ASIANPAINT,0.005874553654549919,False
2025-11-24,2876.0,2896.5,2864.5,2879.199951171875,5404326.0,ASIANPAINT,0.0009037938633678078,False
2025-11-25,2899.89990234375,2908.5,2869.0,2875.800048828125,972417.0,ASIANPAINT,-0.0011808496809561086,False
2025-11-26,2880.0,2896.199951171875,2857.60009765625,2874.0,570376.0,ASIANPAINT,-0.0006259297578280476,False
2025-11-27,2880.0,2914.5,2871.39990234375,2879.10009765625,1158685.0,ASIANPAINT,0.0017745642506088455,False
2025-11-28,2880.0,2889.89990234375,2855.800048828125,2874.39990234375,748446.0,ASIANPAINT,-0.0016325223691688873,False
2025-12-01,2877.699951171875,2887.5,2848.0,2867.60009765625,499153.0,ASIANPAINT,-0.0023656432363344804,False
2025-12-02,2867.0,2962.0,2861.199951171875,2954.39990234375,2102147.0,ASIANPAINT,0.03026914553338278,False
2025-12-03,2969.0,2969.199951171875,2932.60009765625,2953.5,1252456.0,ASIANPAINT,-0.0003045973373597688,False
2025-12-04,2950.0,2985.699951171875,2934.0,2957.199951171875,1466098.0,ASIANPAINT,0.0012527344411292773,False
2025-12-05,2955.0,2973.5,2941.0,2968.5,944978.0,ASIANPAINT,0.0038211987740792708,False
2025-12-08,2970.0,2974.5,2914.800048828125,2928.300048828125,983544.0,ASIANPAINT,-0.013542176578027587,False
2025-12-09,2910.0,2913.5,2788.5,2796.0,1839391.0,ASIANPAINT,-0.04517981307314123,False
2025-12-10,2810.0,2824.0,2796.699951171875,2804.5,845073.0,ASIANPAINT,0.0030400572246065405,False
2025-12-11,2800.0,2811.60009765625,2763.199951171875,2779.39990234375,777422.0,ASIANPAINT,-0.008949936764574784,False
2025-12-12,2795.0,2797.0,2746.0,2764.800048828125,977696.0,ASIANPAINT,-0.005252879768511742,False
2025-12-15,2773.10009765625,2802.0,2758.699951171875,2780.199951171875,1029674.0,ASIANPAINT,0.005569987728507586,False
2025-12-16,2793.0,2808.0,2776.10009765625,2790.89990234375,916244.0,ASIANPAINT,0.0038486264872297227,False
2025-12-17,2800.0,2806.5,2772.0,2785.699951171875,636499.0,ASIANPAINT,-0.0018631808211782008,False
2025-12-18,2780.0,2793.800048828125,2755.300048828125,2759.699951171875,417994.0,ASIANPAINT,-0.009333381360423387,False
2025-12-19,2766.39990234375,2812.39990234375,2759.699951171875,2799.89990234375,3895542.0,ASIANPAINT,0.014566783303672004,False
2025-12-22,2785.800048828125,2823.10009765625,2780.300048828125,2807.60009765625,463953.0,ASIANPAINT,0.0027501680706707443,False
2025-12-23,2798.0,2819.0,2783.10009765625,2807.800048828125,431068.0,ASIANPAINT,7.12178248041262e-05,False
2025-12-24,2807.800048828125,2824.699951171875,2782.0,2785.5,512144.0,ASIANPAINT,-0.007942178374643283,False
2025-12-25,2807.800048828125,2824.699951171875,2782.0,2785.5,512144.0,ASIANPAINT,0.0,False
2025-12-26,2785.0,2794.39990234375,2743.0,2746.5,532078.0,ASIANPAINT,-0.014001077005923568,False
2025-12-29,2746.5,2793.800048828125,2735.0,2775.39990234375,815529.0,ASIANPAINT,0.010522447603768414,False
2025-12-30,2770.300048828125,2792.39990234375,2741.0,2758.300048828125,4833527.0,ASIANPAINT,-0.006161221487824053,False
2025-12-31,2755.0,2796.800048828125,2754.89990234375,2769.5,1274705.0,ASIANPAINT,0.004060454255740975,False
2026-01-01,2775.89990234375,2782.699951171875,2746.10009765625,2752.0,327945.0,ASIANPAINT,-0.006318830113738905,False
2026-01-02,2755.800048828125,2799.0,2755.800048828125,2772.60009765625,508884.0,ASIANPAINT,0.00748550060183506,False
2026-01-05,2770.0,2828.0,2769.0,2815.60009765625,866733.0,ASIANPAINT,0.01550890805938776,False
2026-01-06,2820.0,2848.39990234375,2811.60009765625,2845.800048828125,875891.0,ASIANPAINT,0.010725937677376063,False
2026-01-07,2845.800048828125,2854.699951171875,2801.10009765625,2809.39990234375,636748.0,ASIANPAINT,-0.012790830648612972,False
2026-01-08,2795.0,2804.699951171875,2770.10009765625,2786.5,620031.0,ASIANPAINT,-0.008151172186147582,False
2026-01-09,2789.89990234375,2856.699951171875,2786.199951171875,2825.5,1657381.0,ASIANPAINT,0.013996052395478298,False
2026-01-12,2826.0,2900.0,2808.0,2896.39990234375,1743901.0,ASIANPAINT,0.025092869348345426,False
2026-01-13,2900.0,2914.5,2870.800048828125,2886.300048828125,1051986.0,ASIANPAINT,-0.003487036961799417,False
2026-01-14,2884.0,2884.0,2807.300048828125,2813.89990234375,958254.0,ASIANPAINT,-0.025084067927646836,False
2026-01-15,2884.0,2884.0,2807.300048828125,2813.89990234375,958254.0,ASIANPAINT,0.0,False
2026-01-16,2787.89990234375,2826.5,2750.5,2756.89990234375,1143463.0,ASIANPAINT,-0.020256584092605334,False
2026-01-19,2756.89990234375,2786.300048828125,2724.699951171875,2754.0,1342048.0,ASIANPAINT,-0.0010518707412208173,False
2026-01-20,2740.0,2740.10009765625,2669.300048828125,2675.60009765625,911151.0,ASIANPAINT,-0.02846764790985834,False
2026-01-21,2670.0,2688.0,2648.0,2661.10009765625,914318.0,ASIANPAINT,-0.005419344995801767,False
2026-01-22,2665.300048828125,2729.89990234375,2665.300048828125,2703.800048828125,1290346.0,ASIANPAINT,0.016045977078984253,False
2026-01-23,2703.800048828125,2782.89990234375,2690.800048828125,2703.699951171875,1786635.0,ASIANPAINT,-3.7021101576439897e-05,False
2026-01-26,2703.800048828125,2782.89990234375,2690.800048828125,2703.699951171875,1786635.0,ASIANPAINT,0.0,False
2026-01-27,2719.89990234375,2734.699951171875,2546.0,2622.800048828125,3818761.0,ASIANPAINT,-0.02992192321810161,False
2026-01-28,2535.0,2548.5,2451.0,2511.800048828125,3430002.0,ASIANPAINT,-0.042321182680164715,False
2026-01-29,2511.800048828125,2514.89990234375,2410.0,2416.0,3488159.0,ASIANPAINT,-0.038139997995788044,False
2026-01-30,2417.0,2445.0,2400.5,2428.300048828125,2048843.0,ASIANPAINT,0.005091079812965749,False
2026-02-02,2374.89990234375,2429.5,2372.0,2402.0,1183482.0,ASIANPAINT,-0.01083064213617968,False
2026-02-03,2525.0,2525.0,2391.0,2426.0,2233860.0,ASIANPAINT,0.009991673605328932,False
2026-02-04,2430.0,2463.800048828125,2417.10009765625,2452.699951171875,970973.0,ASIANPAINT,0.011005750689148774,False
2026-02-05,2445.0,2455.800048828125,2402.60009765625,2432.10009765625,1047405.0,ASIANPAINT,-0.008398847770100248,False
2026-02-06,2432.0,2444.0,2386.10009765625,2401.10009765625,1043982.0,ASIANPAINT,-0.012746185911457264,False
2026-02-09,2404.0,2426.199951171875,2396.800048828125,2417.39990234375,669839.0,ASIANPAINT,0.006788473626489155,False
2026-02-10,2419.0,2420.0,2386.89990234375,2393.60009765625,1513620.0,ASIANPAINT,-0.009845207929571442,False
2026-02-11,2399.0,2405.699951171875,2376.300048828125,2392.5,3177710.0,ASIANPAINT,-0.0004595996036794725,False
2026-02-12,2398.0,2413.89990234375,2377.0,2410.5,607767.0,ASIANPAINT,0.007523510971786829,False
2026-02-13,2408.89990234375,2411.800048828125,2360.10009765625,2366.39990234375,675635.0,ASIANPAINT,-0.018295000064820544,False
2026-02-16,2360.0,2405.10009765625,2356.800048828125,2397.199951171875,683108.0,ASIANPAINT,0.013015572219057248,False
2026-02-17,2399.5,2452.39990234375,2399.5,2437.39990234375,1004356.0,ASIANPAINT,0.016769544464667385,False
2026-02-18,2440.0,2448.199951171875,2416.5,2432.10009765625,551809.0,ASIANPAINT,-0.0021743681381146684,False
2026-02-19,2420.0,2428.0,2391.10009765625,2400.800048828125,971600.0,ASIANPAINT,-0.012869556174224916,False
2026-02-20,2378.199951171875,2435.699951171875,2376.10009765625,2428.10009765625,790329.0,ASIANPAINT,0.011371229703802666,False
2026-02-23,2424.699951171875,2446.60009765625,2411.5,2429.699951171875,634365.0,ASIANPAINT,0.000658891088209046,False
2026-02-24,2413.0,2441.5,2403.699951171875,2413.10009765625,499660.0,ASIANPAINT,-0.00683205903989037,False
2026-02-25,2416.0,2427.89990234375,2400.0,2416.39990234375,526764.0,ASIANPAINT,0.0013674545414443795,False
2026-02-26,2416.10009765625,2422.199951171875,2382.0,2394.89990234375,588742.0,ASIANPAINT,-0.00889753388052461,False
2026-02-27,2385.0,2397.60009765625,2359.0,2376.199951171875,2531619.0,ASIANPAINT,-0.0078082391475211566,False
2026-03-02,2300.0,2337.89990234375,2283.5,2307.10009765625,2528308.0,ASIANPAINT,-0.02907998271843537,False
2026-03-03,2300.0,2337.89990234375,2283.5,2307.10009765625,2528308.0,ASIANPAINT,0.0,False
2026-03-04,2260.699951171875,2290.89990234375,2216.300048828125,2285.199951171875,1610358.0,ASIANPAINT,-0.0094924994830623,False
2026-03-05,2285.199951171875,2313.0,2253.699951171875,2287.800048828125,925040.0,ASIANPAINT,0.0011377987536349554,False
2026-03-06,2261.699951171875,2307.89990234375,2253.699951171875,2279.5,979742.0,ASIANPAINT,-0.003627960770599903,False
2026-03-09,2200.0,2230.0,2162.60009765625,2220.800048828125,2198153.0,ASIANPAINT,-0.025751239820958505,False
2026-03-10,2251.60009765625,2305.10009765625,2251.60009765625,2280.39990234375,1192174.0,ASIANPAINT,0.02683710924226368,False
2026-03-11,2290.0,2302.0,2226.0,2232.0,687786.0,ASIANPAINT,-0.02122430469059644,False
2026-03-12,2208.0,2249.89990234375,2201.0,2221.199951171875,1384055.0,ASIANPAINT,-0.00483873155381942,False
2026-03-13,2204.699951171875,2219.699951171875,2190.0,2196.800048828125,949233.0,ASIANPAINT,-0.010985009400381496,False
2026-03-16,2185.39990234375,2227.800048828125,2175.10009765625,2217.699951171875,1111587.0,ASIANPAINT,0.009513793644942314,False
2026-03-17,2217.699951171875,2261.5,2217.199951171875,2238.199951171875,875461.0,ASIANPAINT,0.009243811359227028,False
2026-03-18,2235.10009765625,2270.39990234375,2228.60009765625,2262.10009765625,844912.0,ASIANPAINT,0.010678289252870954,False
2026-03-19,2220.0,2239.0,2180.60009765625,2186.0,889334.0,ASIANPAINT,-0.033641348468662735,False
2026-03-20,2210.89990234375,2224.5,2185.0,2195.39990234375,875920.0,ASIANPAINT,0.004300046817818037,False
2026-03-23,2180.0,2180.0,2115.0,2121.300048828125,978398.0,ASIANPAINT,-0.033752326141819555,False
2026-03-24,2184.0,2224.5,2153.300048828125,2217.300048828125,1561016.0,ASIANPAINT,0.04525526695435356,False
2026-03-25,2225.10009765625,2289.699951171875,2222.0,2270.199951171875,1270855.0,ASIANPAINT,0.02385780055870579,False
2026-03-26,2225.10009765625,2289.699951171875,2222.0,2270.199951171875,1270855.0,ASIANPAINT,0.0,False
2026-03-27,2246.300048828125,2269.0,2201.10009765625,2207.39990234375,1089010.0,ASIANPAINT,-0.02766278309349257,False
2026-03-30,2185.300048828125,2202.89990234375,2151.0,2165.199951171875,1513565.0,ASIANPAINT,-0.019117492542727876,False
2026-03-31,2185.300048828125,2202.89990234375,2151.0,2165.199951171875,1513565.0,ASIANPAINT,0.0,False
2026-04-01,2224.800048828125,2246.60009765625,2198.39990234375,2225.800048828125,1209900.0,ASIANPAINT,0.027988222345678215,False
2026-04-02,2185.0,2185.10009765625,2142.39990234375,2169.0,1854061.0,ASIANPAINT,-0.02551893592509802,False
2026-04-03,2185.0,2185.10009765625,2142.39990234375,2169.0,1854061.0,ASIANPAINT,0.0,False
2026-04-06,2169.0,2193.199951171875,2145.89990234375,2184.300048828125,2048228.0,ASIANPAINT,0.0070539644205278584,False
2026-04-07,2167.699951171875,2198.699951171875,2145.0,2186.199951171875,1793007.0,ASIANPAINT,0.0008697991582105047,False
2026-04-08,2284.5,2336.89990234375,2245.199951171875,2282.39990234375,2914767.0,ASIANPAINT,0.04400327203388166,False
2026-04-09,2275.0,2289.60009765625,2252.0,2269.60009765625,1980060.0,ASIANPAINT,-0.005608046457746596,False
2026-04-10,2267.699951171875,2376.89990234375,2267.699951171875,2360.699951171875,3018178.0,ASIANPAINT,0.04013916531361672,False
2026-04-13,2279.89990234375,2362.5,2262.0,2352.39990234375,1734562.0,ASIANPAINT,-0.0035159270554501187,False
2026-04-14,2279.89990234375,2362.5,2262.0,2352.39990234375,1734562.0,ASIANPAINT,0.0,False
2026-04-15,2400.5,2426.0,2381.0,2423.10009765625,1182431.0,ASIANPAINT,0.030054496789453156,False
2026-04-16,2435.0,2446.60009765625,2411.60009765625,2440.300048828125,1496210.0,ASIANPAINT,0.00709832465795035,False
2026-04-17,2425.0,2486.10009765625,2417.5,2464.0,1286575.0,ASIANPAINT,0.009711900462099354,False
2026-04-20,2470.0,2523.800048828125,2456.5,2516.800048828125,1203157.0,ASIANPAINT,0.021428591245180595,False
2026-04-21,2516.300048828125,2582.0,2513.699951171875,2543.60009765625,1681872.0,ASIANPAINT,0.010648461660910824,False
2026-04-22,2500.0,2572.0,2500.0,2562.89990234375,1126584.0,ASIANPAINT,0.00758759394029096,False
2026-04-23,2530.0,2541.699951171875,2510.0,2521.39990234375,1378614.0,ASIANPAINT,-0.016192594943738814,False
2026-04-24,2521.39990234375,2538.89990234375,2470.699951171875,2485.10009765625,436871.0,ASIANPAINT,-0.014396686798376468,False
2026-04-27,2503.0,2519.800048828125,2475.5,2485.199951171875,452134.0,ASIANPAINT,4.0180882741491786e-05,False
2026-04-28,2475.0,2499.0,2456.10009765625,2462.60009765625,556571.0,ASIANPAINT,-0.009093776742176485,False
2026-04-29,2469.89990234375,2477.89990234375,2438.60009765625,2447.300048828125,603585.0,ASIANPAINT,-0.0062129652486762055,False
2026-04-30,2426.699951171875,2455.89990234375,2385.5,2444.5,823684.0,ASIANPAINT,-0.0011441379366072812,False
