Date,Open,High,Low,Close,Volume,Symbol,Daily_Return,Is_Outlier
2018-01-01,2678.975273677985,2683.0258592891864,2627.9623727724165,2638.269287109375,174560.0,BAJAJ-AUTO,,False
2018-01-02,2654.1104233652973,2685.3918698782154,2630.84986057364,2642.6806640625,297721.0,BAJAJ-AUTO,0.0016720722841596647,False
2018-01-03,2654.9123491441765,2655.0727276443085,2591.988559368959,2599.6083984375,372267.0,BAJAJ-AUTO,-0.016298702378510832,False
2018-01-04,2601.9747727707345,2626.2379469003013,2581.9225627462997,2618.37744140625,256909.0,BAJAJ-AUTO,0.0072199501201917204,False
2018-01-05,2617.214711246599,2642.079454136162,2602.0151737092297,2630.72998046875,113508.0,BAJAJ-AUTO,0.004717631181494486,False
2018-01-08,2634.9402775482795,2644.2443840696565,2619.0187469181974,2627.440673828125,120330.0,BAJAJ-AUTO,-0.0012503398923666698,False
2018-01-09,2627.641603519539,2634.4593549328224,2591.5877690337666,2601.57373046875,324363.0,BAJAJ-AUTO,-0.009844920045972927,False
2018-01-10,2589.3420306625835,2598.766569920784,2566.843410545554,2572.618408203125,296961.0,BAJAJ-AUTO,-0.011129925677873409,False
2018-01-11,2574.703661253229,2582.965210608014,2550.761245139736,2561.388916015625,324132.0,BAJAJ-AUTO,-0.0043650049893498855,False
2018-01-12,2573.821531754338,2577.912261151076,2528.383299693055,2546.91162109375,193239.0,BAJAJ-AUTO,-0.005652126793925238,False
2018-01-15,2552.405412713147,2557.85965245356,2530.1876054138456,2539.41162109375,109156.0,BAJAJ-AUTO,-0.00294474293410274,False
2018-01-16,2547.432429319125,2554.651223986591,2518.597394228548,2534.63916015625,175692.0,BAJAJ-AUTO,-0.001879356973031543,False
2018-01-17,2532.9948210068487,2579.9972731518064,2530.0672770759115,2561.990234375,224799.0,BAJAJ-AUTO,0.010790914402610152,False
2018-01-18,2574.7034357157486,2600.289974084425,2559.463758058864,2567.64501953125,282478.0,BAJAJ-AUTO,0.0022071845085036568,False
2018-01-19,2572.938857859629,2585.7321269307718,2545.387046747423,2575.024169921875,143928.0,BAJAJ-AUTO,0.0028738981963993826,False
2018-01-22,2566.6826519315928,2633.255983216068,2566.6826519315928,2626.438232421875,223845.0,BAJAJ-AUTO,0.01996643880106186,False
2018-01-23,2630.850039306793,2666.1419300779817,2624.4734754796546,2643.643310546875,324780.0,BAJAJ-AUTO,0.00655072634589815,False
2018-01-24,2642.8812520416286,2686.9559700242544,2628.483804567513,2680.218505859375,402759.0,BAJAJ-AUTO,0.013835147565703254,False
2018-01-25,2682.1833710869,2683.7072605824424,2642.881042981858,2656.27587890625,246647.0,BAJAJ-AUTO,-0.008933087694448338,False
2018-01-26,2682.1833710869,2683.7072605824424,2642.881042981858,2656.27587890625,246647.0,BAJAJ-AUTO,0.0,False
2018-01-29,2660.527152888689,2709.4144004195946,2641.7182195674086,2698.14501953125,365342.0,BAJAJ-AUTO,0.01576234643302188,False
2018-01-30,2706.2059245461564,2731.070663168552,2679.857439983254,2693.6533203125,425678.0,BAJAJ-AUTO,-0.00166473602650552,False
2018-01-31,2685.392191333273,2715.711174593447,2611.7202872056464,2676.689453125,275934.0,BAJAJ-AUTO,-0.00629771732671669,False
2018-02-01,2678.975478493671,2744.1050228183226,2638.8710551629274,2737.48779296875,439064.0,BAJAJ-AUTO,0.02271400583013805,False
2018-02-02,2742.340404244686,2781.9235474901247,2540.1739717225414,2599.809326171875,1269438.0,BAJAJ-AUTO,-0.050293728122003944,False
2018-02-05,2566.6826665485387,2593.151581547321,2519.0386978796705,2555.092529296875,585934.0,BAJAJ-AUTO,-0.01720002941171228,False
2018-02-06,2410.275661397499,2532.955044000329,2410.275661397499,2514.62744140625,270751.0,BAJAJ-AUTO,-0.01583703424695948,False
2018-02-07,2565.3198255917546,2565.3198255917546,2506.687074784343,2514.98876953125,223029.0,BAJAJ-AUTO,0.00014369052013440964,False
2018-02-08,2530.5889564585536,2558.621907477353,2512.060635690877,2532.955078125,202895.0,BAJAJ-AUTO,0.0071436933681015,False
2018-02-09,2509.7346893086533,2520.5628830784417,2471.11420985869,2485.87255859375,175504.0,BAJAJ-AUTO,-0.01858798047303012,False
2018-02-12,2513.744889193552,2536.9251641823184,2472.036294988681,2529.866943359375,239055.0,BAJAJ-AUTO,0.01769776355329844,False
2018-02-13,2513.744889193552,2536.9251641823184,2472.036294988681,2529.866943359375,239055.0,BAJAJ-AUTO,0.0,False
2018-02-14,2530.5889341549264,2534.559232620902,2486.474071594381,2494.29443359375,286070.0,BAJAJ-AUTO,-0.014061020030716964,False
2018-02-15,2506.526111513589,2540.294109616841,2484.5088253145245,2521.36474609375,148715.0,BAJAJ-AUTO,0.010852893762424598,False
2018-02-16,2532.995110580235,2532.995110580235,2482.9047302843724,2489.60205078125,132450.0,BAJAJ-AUTO,-0.0125974218374032,False
2018-02-19,2494.4950705442807,2500.510733897683,2414.2862258322457,2430.809326171875,219206.0,BAJAJ-AUTO,-0.023615310162090175,False
2018-02-20,2431.9319119968272,2462.8123139136737,2414.8875343154514,2446.249267578125,236222.0,BAJAJ-AUTO,0.0063517698570645376,False
2018-02-21,2471.1538131878933,2471.675288086436,2408.751498892472,2416.371337890625,275688.0,BAJAJ-AUTO,-0.012213771541393359,False
2018-02-22,2418.136192127852,2418.136192127852,2378.9942383207444,2385.651611328125,369716.0,BAJAJ-AUTO,-0.012713164603796678,False
2018-02-23,2396.640109206008,2412.641733421275,2374.261921455017,2395.356689453125,377558.0,BAJAJ-AUTO,0.00406810369079702,False
2018-02-26,2409.473631765303,2441.557168806119,2406.987079315692,2413.243408203125,203189.0,BAJAJ-AUTO,0.007467246455927112,False
2018-02-27,2438.34876398326,2452.78635534895,2423.9111726175693,2434.09765625,325597.0,BAJAJ-AUTO,0.008641585003811514,False
2018-02-28,2414.286114601413,2451.7034606067377,2398.244346398081,2422.788330078125,519406.0,BAJAJ-AUTO,-0.004646208890935921,False
2018-03-01,2460.08520205924,2470.4320632158483,2412.721846877597,2423.028564453125,503301.0,BAJAJ-AUTO,9.915615492173124e-05,False
2018-03-02,2460.08520205924,2470.4320632158483,2412.721846877597,2423.028564453125,503301.0,BAJAJ-AUTO,0.0,False
2018-03-05,2423.028473213968,2423.028473213968,2351.522379418686,2360.987060546875,287300.0,BAJAJ-AUTO,-0.025604941194844244,False
2018-03-06,2382.122409168653,2387.0553706292526,2312.6215233096955,2325.414794921875,258501.0,BAJAJ-AUTO,-0.015066692325183872,False
2018-03-07,2324.452083144519,2358.1397944944392,2306.0040507386097,2329.184326171875,185188.0,BAJAJ-AUTO,0.0016210145640389584,False
2018-03-08,2341.8575860658343,2362.1504628226394,2318.917974107059,2345.226318359375,143854.0,BAJAJ-AUTO,0.0068873862867975255,False
2018-03-09,2353.3273498889416,2379.715979743823,2340.614170504871,2354.4501953125,205178.0,BAJAJ-AUTO,0.003933043425667249,False
2018-03-12,2370.973298432085,2378.9941823915983,2350.9210885333023,2372.376953125,246428.0,BAJAJ-AUTO,0.007613988967866359,False
2018-03-13,2373.3795740784312,2409.473552055292,2368.5269000970698,2383.606201171875,287288.0,BAJAJ-AUTO,0.0047333321258593575,False
2018-03-14,2376.5877673762,2381.400297448511,2354.9313820508014,2366.601806640625,225181.0,BAJAJ-AUTO,-0.007133894232566607,False
2018-03-15,2374.181452681221,2383.726225462724,2355.3323769589206,2365.157958984375,181457.0,BAJAJ-AUTO,-0.0006100931944692523,False
2018-03-16,2358.139984697853,2372.577576440901,2318.3163724688934,2334.438232421875,338593.0,BAJAJ-AUTO,-0.012988446055286484,False
2018-03-19,2336.9249363635745,2342.780221447824,2280.056745484956,2285.510986328125,231927.0,BAJAJ-AUTO,-0.020958895126983124,False
2018-03-20,2281.059052292495,2316.6317500676423,2270.150767881324,2304.39990234375,227109.0,BAJAJ-AUTO,0.008264635842320622,False
2018-03-21,2317.99509886042,2318.396143020012,2274.201194126397,2287.3955078125,231405.0,BAJAJ-AUTO,-0.007379098790082028,False
2018-03-22,2287.4754841151166,2305.0011913368594,2263.493122906522,2273.880126953125,325295.0,BAJAJ-AUTO,-0.005908633121475382,False
2018-03-23,2257.798196012171,2259.6831817782067,2201.7323041906743,2237.7861328125,451122.0,BAJAJ-AUTO,-0.015873305594604536,False
2018-03-26,2236.2225554011934,2297.7828427494865,2191.345746655088,2284.869140625,299008.0,BAJAJ-AUTO,0.021039994449033816,False
2018-03-27,2294.775037107926,2297.1010152653844,2238.628846056701,2244.484130859375,304403.0,BAJAJ-AUTO,-0.017674977112508983,False
2018-03-28,2225.795260503397,2239.671428679296,2194.1529129915234,2201.491943359375,680019.0,BAJAJ-AUTO,-0.019154596331914853,False
2018-03-29,2225.795260503397,2239.671428679296,2194.1529129915234,2201.491943359375,680019.0,BAJAJ-AUTO,0.0,False
2018-03-30,2225.795260503397,2239.671428679296,2194.1529129915234,2201.491943359375,680019.0,BAJAJ-AUTO,0.0,False
2018-04-02,2209.7532545203107,2258.6404969758114,2204.9407247464005,2253.02587890625,396178.0,BAJAJ-AUTO,0.023408641445326728,False
2018-04-03,2237.8262434033063,2269.82948661982,2233.8158021068843,2239.430419921875,324121.0,BAJAJ-AUTO,-0.006034311062141473,False
2018-04-04,2251.4620389572883,2258.680834237165,2202.7351708181163,2218.576416015625,308672.0,BAJAJ-AUTO,-0.009312191046765173,False
2018-04-05,2237.826694969702,2258.64085033371,2231.7307446401205,2252.384521484375,341534.0,BAJAJ-AUTO,0.015238648182092529,False
2018-04-06,2257.8388737061277,2265.1379570288163,2226.798089435696,2234.939208984375,282872.0,BAJAJ-AUTO,-0.007745263889712417,False
2018-04-09,2236.222514090625,2249.0157852201773,2219.6594665530115,2223.75,270316.0,BAJAJ-AUTO,-0.005006493661838696,False
2018-04-10,2237.826475488994,2245.0452705712164,2215.7289024894985,2218.937255859375,298049.0,BAJAJ-AUTO,-0.002164246943507586,False
2018-04-11,2225.7951592369554,2229.8056009653105,2206.545038940852,2210.194580078125,275482.0,BAJAJ-AUTO,-0.003940028388889294,False
2018-04-12,2227.399179824612,2229.805444692985,2211.357414035453,2216.330322265625,349414.0,BAJAJ-AUTO,0.0027761095076448417,False
2018-04-13,2221.343584333035,2250.6599532520904,2213.162322170645,2234.778564453125,400416.0,BAJAJ-AUTO,0.008323778275361793,False
2018-04-16,2232.7735204054334,2279.094127175258,2226.677765839104,2276.567626953125,479220.0,BAJAJ-AUTO,0.01869941978355527,False
2018-04-17,2281.9414946415127,2306.2448122902165,2277.9310526474155,2297.341552734375,562666.0,BAJAJ-AUTO,0.009125108138805071,False
2018-04-18,2309.2123013843693,2309.2123013843693,2282.5027208388306,2295.616943359375,352687.0,BAJAJ-AUTO,-0.0007506978546343301,False
2018-04-19,2297.983375936248,2297.983375936248,2278.853488352124,2292.32861328125,283973.0,BAJAJ-AUTO,-0.0014324384944262025,False
2018-04-20,2288.99980716797,2302.033743053476,2246.689646062712,2288.117431640625,466032.0,BAJAJ-AUTO,-0.001837075895762208,False
2018-04-23,2288.197988662207,2310.0147555221074,2261.8894481153966,2287.676513671875,235602.0,BAJAJ-AUTO,-0.0001926990121454697,False
2018-04-24,2290.844676159534,2323.890677900711,2285.9518587644648,2315.46875,261691.0,BAJAJ-AUTO,0.01214867406385034,False
2018-04-25,2314.0250229927456,2335.6412661054496,2297.6223544552417,2326.337158203125,319384.0,BAJAJ-AUTO,0.00469382633780957,False
2018-04-26,2345.306454098439,2345.306454098439,2307.608299740496,2313.98486328125,387123.0,BAJAJ-AUTO,-0.005309761260666068,False
2018-04-27,2318.0352426031304,2374.18142494992,2318.0352426031304,2363.87451171875,365533.0,BAJAJ-AUTO,0.021560058248071723,False
2018-04-30,2384.5684738566115,2388.2180149414785,2349.196495813859,2368.24609375,122656.0,BAJAJ-AUTO,0.0018493291456793681,False
2018-05-01,2384.5684738566115,2388.2180149414785,2349.196495813859,2368.24609375,122656.0,BAJAJ-AUTO,0.0,False
2018-05-02,2422.0262103968257,2441.075810303185,2366.2009740594003,2378.9541015625,523589.0,BAJAJ-AUTO,0.004521492863752252,False
2018-05-03,2402.2142906398826,2402.2142906398826,2367.0428365337857,2386.373046875,382125.0,BAJAJ-AUTO,0.0031185743800719035,False
2018-05-04,2394.2339343352005,2395.0360227554133,2314.0250923139206,2316.95263671875,266727.0,BAJAJ-AUTO,-0.029090342872903796,False
2018-05-07,2321.2438469286126,2360.506035237241,2318.556772439608,2338.328369140625,235635.0,BAJAJ-AUTO,0.009225796023239807,False
2018-05-08,2338.087844367221,2349.958792655756,2314.827279191698,2319.84033203125,132638.0,BAJAJ-AUTO,-0.007906518756460867,False
2018-05-09,2318.035246017584,2329.825905163308,2298.0633251680306,2303.59765625,155763.0,BAJAJ-AUTO,-0.0070016352233293055,False
2018-05-10,2311.618599759616,2322.0056046155782,2261.929266177691,2267.90478515625,222907.0,BAJAJ-AUTO,-0.01549440328562146,False
2018-05-11,2281.9412507697,2281.9412507697,2246.649364993297,2258.239501953125,286976.0,BAJAJ-AUTO,-0.004261767630804214,False
2018-05-14,2269.9100879361454,2285.9518553420544,2239.8317740500656,2271.47412109375,142564.0,BAJAJ-AUTO,0.005860591460373765,False
2018-05-15,2261.0870179591843,2307.6081414219843,2252.0635241840723,2264.816650390625,256661.0,BAJAJ-AUTO,-0.0029309031704570776,False
2018-05-16,2256.274953805248,2267.3438142859404,2234.057141487178,2255.392578125,262982.0,BAJAJ-AUTO,-0.004161075142219417,False
2018-05-17,2262.691131255299,2269.9902132334464,2235.4201286098964,2258.239501953125,162490.0,BAJAJ-AUTO,0.0012622741848746788,False
2018-05-18,2281.941618641396,2338.0878096097254,2210.234990219364,2235.821533203125,1811320.0,BAJAJ-AUTO,-0.009927188294514777,False
2018-05-21,2225.754862565018,2225.754862565018,2168.4456933730926,2182.121337890625,393470.0,BAJAJ-AUTO,-0.024018104537872897,False
2018-05-22,2189.701343473217,2266.701830276671,2185.7310450368877,2252.665283203125,512096.0,BAJAJ-AUTO,0.03232814971723452,False
2018-05-23,2263.3330461558176,2271.634543455215,2218.576475064874,2225.755126953125,243631.0,BAJAJ-AUTO,-0.01194591866383976,False
2018-05-24,2221.784668115537,2257.557885866119,2178.592133332439,2191.947021484375,275197.0,BAJAJ-AUTO,-0.01518949908700451,False
2018-05-25,2209.7135819352925,2226.276826264311,2184.086894591433,2212.56103515625,298273.0,BAJAJ-AUTO,0.009404430613434878,False
2018-05-28,2215.367826479417,2255.47224042727,2206.5448554108893,2237.946533203125,160044.0,BAJAJ-AUTO,0.011473354923780654,False
2018-05-29,2250.5798970758065,2273.880605646001,2215.0874832650293,2242.679443359375,261407.0,BAJAJ-AUTO,0.0021148450537269436,False
2018-05-30,2241.034869987536,2241.034869987536,2211.357600771523,2216.08984375,345195.0,BAJAJ-AUTO,-0.011856174848397294,False
2018-05-31,2225.795185788056,2233.7759257582134,2192.9898503877243,2205.983642578125,447005.0,BAJAJ-AUTO,-0.004560375203368827,False
2018-06-01,2229.805859931193,2335.20020246374,2228.722962209832,2323.289306640625,1799352.0,BAJAJ-AUTO,0.05317612596864296,False
2018-06-04,2318.0357854093386,2344.1438054786863,2302.836247364991,2308.811767578125,759197.0,BAJAJ-AUTO,-0.006231483535485305,False
2018-06-05,2308.811412719868,2313.74417795119,2277.931009944215,2283.98681640625,367916.0,BAJAJ-AUTO,-0.010752262926100542,False
2018-06-06,2285.951969472966,2357.65859502854,2272.837745634938,2314.2255859375,654288.0,BAJAJ-AUTO,0.013239467633543223,False
2018-06-07,2318.83753145996,2349.316890226989,2296.018155968592,2316.91259765625,513700.0,BAJAJ-AUTO,0.0011610846129599395,False
2018-06-08,2316.431526755316,2326.4977763286497,2299.5876687006557,2305.242431640625,269022.0,BAJAJ-AUTO,-0.005036947024859906,False
2018-06-11,2315.348406628159,2337.2454591608366,2305.041688158888,2310.89697265625,413241.0,BAJAJ-AUTO,0.0024529051426493975,False
2018-06-12,2314.8269794056846,2336.0823206926734,2302.0337093804387,2315.82958984375,539628.0,BAJAJ-AUTO,0.0021345032884916293,False
2018-06-13,2332.473004911525,2353.327302754614,2319.2786902483517,2332.432861328125,362419.0,BAJAJ-AUTO,0.007169470308691972,False
2018-06-14,2330.0665818884595,2334.07702350961,2310.1346087024035,2318.5966796875,333925.0,BAJAJ-AUTO,-0.0059320814202328265,False
2018-06-15,2320.8023499245,2329.2644206446844,2288.357917389561,2307.728271484375,370164.0,BAJAJ-AUTO,-0.004687494077059484,False
2018-06-18,2310.0143863611124,2340.253077184773,2297.942917851249,2322.286376953125,427791.0,BAJAJ-AUTO,0.006308414057512035,False
2018-06-19,2320.4416827489526,2320.4416827489526,2276.7680096335484,2285.79150390625,523480.0,BAJAJ-AUTO,-0.01571506141923673,False
2018-06-20,2290.0828517729706,2309.212740403635,2290.0828517729706,2301.713134765625,502478.0,BAJAJ-AUTO,0.006965478186512719,False
2018-06-21,2304.4398885790265,2308.370043020884,2264.0546633093736,2269.990234375,300367.0,BAJAJ-AUTO,-0.013782299762500672,False
2018-06-22,2265.8998071752794,2275.404633367954,2250.6601270562246,2271.6748046875,553549.0,BAJAJ-AUTO,0.0007421046518130137,False
2018-06-25,2277.770538230848,2277.770538230848,2241.997319448932,2246.89013671875,339572.0,BAJAJ-AUTO,-0.010910306315678575,False
2018-06-26,2249.8578979899457,2263.894444590596,2234.257318218266,2255.432373046875,249490.0,BAJAJ-AUTO,0.003801804186385205,False
2018-06-27,2264.2553353944586,2264.2553353944586,2212.320113196867,2218.13525390625,289628.0,BAJAJ-AUTO,-0.01653657169522671,False
2018-06-28,2213.7640587605856,2233.8162694377647,2169.9699523126783,2178.47216796875,417993.0,BAJAJ-AUTO,-0.017881274763408284,False
2018-06-29,2181.800742143559,2268.3060567601965,2181.800742143559,2254.109130859375,425210.0,BAJAJ-AUTO,0.03472018784667341,False
2018-07-02,2257.8785266982723,2335.6810904956906,2257.8785266982723,2274.04052734375,1007694.0,BAJAJ-AUTO,0.008842250009774899,False
2018-07-03,2280.2971252210527,2311.618715685848,2273.92056175204,2295.897705078125,510764.0,BAJAJ-AUTO,0.00961160431028274,False
2018-07-04,2301.953505261041,2397.442165991692,2290.604033021639,2389.46142578125,845034.0,BAJAJ-AUTO,0.04075256510609271,False
2018-07-05,2402.5177103683013,2443.4464618226166,2384.263447250193,2428.671142578125,752721.0,BAJAJ-AUTO,0.016409437027867124,False
2018-07-06,2441.809012855761,2519.778274831795,2414.796040202646,2472.17822265625,1511538.0,BAJAJ-AUTO,0.017913944508740842,False
2018-07-09,2510.2421494756263,2523.6666994004854,2452.941900056867,2470.58203125,643119.0,BAJAJ-AUTO,-0.0006456619476790104,False
2018-07-10,2495.834979415393,2549.81995646541,2480.2820556341885,2532.6298828125,959927.0,BAJAJ-AUTO,0.02511466965179321,False
2018-07-11,2519.574122731626,2598.934937602565,2502.425014594801,2588.007080078125,1155857.0,BAJAJ-AUTO,0.0218654915356713,False
2018-07-12,2615.265126674712,2615.3060953932404,2513.0251914939377,2534.881103515625,932430.0,BAJAJ-AUTO,-0.020527755496285716,False
2018-07-13,2556.409839599064,2584.200422125381,2503.2024622138765,2569.220458984375,852168.0,BAJAJ-AUTO,0.01354673220023006,False
2018-07-16,2567.869754914099,2590.7898547348177,2530.17433648947,2539.096923828125,374574.0,BAJAJ-AUTO,-0.011724776303610018,False
2018-07-17,2543.3944541709952,2558.8244729623884,2525.3038667908386,2532.834716796875,563857.0,BAJAJ-AUTO,-0.002466312716337238,False
2018-07-18,2540.8569041998267,2587.3929747972225,2538.401179099118,2543.967529296875,658396.0,BAJAJ-AUTO,0.004395396362096182,False
2018-07-19,2543.96738404866,2573.9271086582976,2537.582459181882,2549.861083984375,755100.0,BAJAJ-AUTO,0.0023166784244015304,False
2018-07-20,2562.139356523196,2581.62147850074,2305.475164720541,2324.42529296875,4976986.0,BAJAJ-AUTO,-0.08841100891008635,False
2018-07-23,2324.7117435601003,2326.062512051368,2173.316356017194,2197.177734375,2974676.0,BAJAJ-AUTO,-0.05474366458610924,False
2018-07-24,2202.785384468613,2230.6169352199813,2140.5736827890837,2168.11865234375,2843387.0,BAJAJ-AUTO,-0.013225640136716565,False
2018-07-25,2185.5952650821555,2208.7609777114976,2149.5779648336106,2159.89208984375,1114670.0,BAJAJ-AUTO,-0.003794332238739373,False
2018-07-26,2165.9495340769404,2183.0986410231453,2132.387957774161,2143.438720703125,1256232.0,BAJAJ-AUTO,-0.007617681095269613,False
2018-07-27,2158.582529572206,2207.69703536452,2152.852503896436,2199.306640625,958294.0,BAJAJ-AUTO,0.02606462194708703,False
2018-07-30,2199.4697130504187,2209.333580230632,2173.7255732873077,2188.17333984375,546935.0,BAJAJ-AUTO,-0.005062186679928415,False
2018-07-31,2192.143741548483,2222.4310150500864,2178.391642259356,2210.193359375,721932.0,BAJAJ-AUTO,0.010063197065010465,False
2018-08-01,2224.06846219176,2265.8157907054806,2180.765920986107,2194.517822265625,1408788.0,BAJAJ-AUTO,-0.007092382683571041,False
2018-08-02,2193.7809347925986,2209.7841155364067,2153.711729703088,2192.635009765625,617961.0,BAJAJ-AUTO,-0.0008579618178066184,False
2018-08-03,2200.3294922551854,2210.152391774182,2190.0153678212782,2202.3349609375,343254.0,BAJAJ-AUTO,0.004423878634005618,False
2018-08-06,2206.878095719405,2223.2495949458103,2189.851696554463,2200.24755859375,352383.0,BAJAJ-AUTO,-0.0009478132894287228,False
2018-08-07,2210.152663764411,2216.9878454598384,2195.0499938648395,2199.183837890625,272481.0,BAJAJ-AUTO,-0.00048345500894675375,False
2018-08-08,2206.8781086268827,2210.1524084913144,2172.2933163088246,2177.900634765625,391732.0,BAJAJ-AUTO,-0.00967777352593413,False
2018-08-09,2181.502472169384,2199.388416655032,2161.89764001562,2176.263671875,448329.0,BAJAJ-AUTO,-0.0007516242313787558,False
2018-08-10,2183.8349509998866,2191.4885057899737,2144.6660652509167,2152.606201171875,417567.0,BAJAJ-AUTO,-0.01087068217370113,False
2018-08-13,2151.951958551883,2175.772573437063,2133.206669065834,2153.54833984375,418212.0,BAJAJ-AUTO,0.0004376734914923741,False
2018-08-14,2161.03805527372,2174.749186874415,2155.962930113394,2166.27685546875,227189.0,BAJAJ-AUTO,0.005910485216191308,False
2018-08-15,2161.03805527372,2174.749186874415,2155.962930113394,2166.27685546875,227189.0,BAJAJ-AUTO,0.0,False
2018-08-16,2161.0377738402062,2192.143620584876,2152.852024696872,2183.548583984375,654766.0,BAJAJ-AUTO,0.007973001452710182,False
2018-08-17,2186.413572194564,2192.102627817281,2161.8563250340108,2178.514404296875,331427.0,BAJAJ-AUTO,-0.0023055038593710053,False
2018-08-20,2188.8699345965374,2248.2985699774417,2180.847858217532,2239.089599609375,580539.0,BAJAJ-AUTO,0.027805735501689632,False
2018-08-21,2251.0810503925577,2267.4525489408675,2225.3778776106697,2233.481689453125,463379.0,BAJAJ-AUTO,-0.0025045492405610936,False
2018-08-22,2251.0810503925577,2267.4525489408675,2225.3778776106697,2233.481689453125,463379.0,BAJAJ-AUTO,0.0,False
2018-08-23,2242.895589305213,2242.895589305213,2189.851887223693,2198.32421875,442939.0,BAJAJ-AUTO,-0.01574110540916651,False
2018-08-24,2196.9733715509365,2207.696784033781,2180.683808923245,2195.622802734375,551229.0,BAJAJ-AUTO,-0.0012288524106608412,False
2018-08-27,2203.521950927954,2216.701088297342,2189.688113439952,2208.18798828125,270591.0,BAJAJ-AUTO,0.005722834328021564,False
2018-08-28,2210.9712384434733,2214.245538685522,2186.495924073129,2197.3828125,358078.0,BAJAJ-AUTO,-0.004893231843752677,False
2018-08-29,2201.9666179856217,2211.78951739671,2193.7808684763813,2201.22998046875,296377.0,BAJAJ-AUTO,0.0017507955131281783,False
2018-08-30,2210.152360961428,2228.570297302773,2196.604905594203,2211.5029296875,582960.0,BAJAJ-AUTO,0.004666913184856014,False
2018-08-31,2226.524295409034,2255.174424210253,2214.9005688363127,2246.865966796875,512215.0,BAJAJ-AUTO,0.015990499779429124,False
2018-09-03,2263.3597253125017,2298.312835531392,2251.0811011245496,2269.0078125,876984.0,BAJAJ-AUTO,0.009854546746591364,False
2018-09-04,2275.5978286384043,2279.7316728980663,2231.885997865438,2239.253173828125,549748.0,BAJAJ-AUTO,-0.013113502081375072,False
2018-09-05,2231.435387805615,2275.679405291932,2231.148806624637,2269.33544921875,461142.0,BAJAJ-AUTO,0.013434066206635231,False
2018-09-06,2277.275513005832,2298.558461725513,2269.089763498263,2278.176025390625,636038.0,BAJAJ-AUTO,0.0038956674188113105,False
2018-09-07,2327.9861310558044,2400.061693576234,2317.4265944029707,2393.144775390625,1417855.0,BAJAJ-AUTO,0.05046526199848267,False
2018-09-10,2393.513281348273,2413.977656188802,2333.020669258633,2348.164306640625,1050199.0,BAJAJ-AUTO,-0.018795548523660832,False
2018-09-11,2353.4031348769927,2377.960384980057,2312.801734767628,2319.595947265625,595570.0,BAJAJ-AUTO,-0.01216625229086754,False
2018-09-12,2321.478890788834,2362.980606730136,2301.423801640623,2347.63232421875,448143.0,BAJAJ-AUTO,0.012086750274837632,False
2018-09-13,2321.478890788834,2362.980606730136,2301.423801640623,2347.63232421875,448143.0,BAJAJ-AUTO,0.0,False
2018-09-14,2361.5892646849206,2381.9717056092545,2345.6270495510016,2355.449951171875,393663.0,BAJAJ-AUTO,0.003330004819100729,False
2018-09-17,2344.398800329976,2357.414062892843,2324.7939690466987,2341.656494140625,133182.0,BAJAJ-AUTO,-0.0058559754260062435,False
2018-09-18,2332.938854383912,2348.491780079805,2261.108894919986,2270.5634765625,409367.0,BAJAJ-AUTO,-0.03036013939534532,False
2018-09-19,2274.001412289721,2316.5263447350862,2271.545687222453,2283.90625,327618.0,BAJAJ-AUTO,0.005876415072834762,False
2018-09-20,2274.001412289721,2316.5263447350862,2271.545687222453,2283.90625,327618.0,BAJAJ-AUTO,0.0,False
2018-09-21,2296.9215748814945,2327.2088515281857,2188.051093962308,2291.355224609375,466306.0,BAJAJ-AUTO,0.0032615062940410944,False
2018-09-24,2292.010055128727,2303.2244929289805,2251.081304144285,2258.694091796875,485510.0,BAJAJ-AUTO,-0.014254067837983553,False
2018-09-25,2232.3359108396007,2293.524390675259,2232.3359108396007,2282.760009765625,348703.0,BAJAJ-AUTO,0.010654792986864559,False
2018-09-26,2289.144952474317,2299.172496070888,2245.8424155758444,2270.154052734375,494874.0,BAJAJ-AUTO,-0.005522243677531513,False
2018-09-27,2270.236020859341,2313.2931495118023,2257.9573948003613,2278.544677734375,565518.0,BAJAJ-AUTO,0.0036960597409210205,False
2018-09-28,2290.3729028383977,2298.5176843068134,2157.763749779134,2199.87939453125,892679.0,BAJAJ-AUTO,-0.03452435406328935,False
2018-10-01,2199.511084651093,2246.9884359386865,2144.339208093788,2234.791748046875,610220.0,BAJAJ-AUTO,0.01587012160867296,False
2018-10-02,2199.511084651093,2246.9884359386865,2144.339208093788,2234.791748046875,610220.0,BAJAJ-AUTO,0.0,False
2018-10-03,2238.8029073418634,2267.371098505715,2211.789928935179,2235.85595703125,504580.0,BAJAJ-AUTO,0.00047620051635921534,False
2018-10-04,2199.5111083524944,2226.1147968606656,2149.78267521799,2174.953857421875,638156.0,BAJAJ-AUTO,-0.027238829683035704,False
2018-10-05,2156.9454322360853,2156.9454322360853,2062.8092938273,2081.677490234375,947343.0,BAJAJ-AUTO,-0.04288659590142618,False
2018-10-08,2067.7612267086597,2131.65103949538,2047.460528624285,2115.279541015625,667297.0,BAJAJ-AUTO,0.016141813964403617,False
2018-10-09,2120.1093314329664,2120.1503001540227,2071.2404420254047,2086.425048828125,309578.0,BAJAJ-AUTO,-0.013640982966083959,False
2018-10-10,2095.5519977063,2151.9517352056023,2092.277697709884,2113.39697265625,699121.0,BAJAJ-AUTO,0.012927338963493629,False
2018-10-11,2079.180364900238,2092.1956266155757,2050.898560518434,2067.556640625,386992.0,BAJAJ-AUTO,-0.021690355680615503,False
2018-10-12,2086.957332330108,2168.364590536821,2071.077054454925,2147.16357421875,510424.0,BAJAJ-AUTO,0.03850290339310147,False
2018-10-15,2164.3121478328835,2167.095222698248,2108.730989179614,2145.03466796875,176677.0,BAJAJ-AUTO,-0.0009914970035641568,False
2018-10-16,2159.400950263958,2167.586700644033,2132.387974009708,2136.89013671875,257469.0,BAJAJ-AUTO,-0.0037969228990188952,False
2018-10-17,2159.4008548850497,2168.9371737176584,2077.5433546998697,2085.5654296875,285116.0,BAJAJ-AUTO,-0.02401841168590002,False
2018-10-18,2159.4008548850497,2168.9371737176584,2077.5433546998697,2085.5654296875,285116.0,BAJAJ-AUTO,0.0,False
2018-10-19,2075.2922557309957,2081.513505630932,2030.0659872647147,2054.827880859375,470172.0,BAJAJ-AUTO,-0.014738232802761209,False
2018-10-22,2071.076753475322,2107.585079730944,2043.7362276951208,2093.014404296875,321452.0,BAJAJ-AUTO,0.018583806358287047,False
2018-10-23,2079.180644618089,2127.230960490762,2067.7205938209813,2117.244384765625,342563.0,BAJAJ-AUTO,0.011576595182052563,False
2018-10-24,2140.573618538729,2144.5845560876573,2010.911418869076,2026.0958251953125,1669762.0,BAJAJ-AUTO,-0.04305056148745079,False
2018-10-25,2009.601761472284,2045.3734514320608,1980.9516345266504,2028.0606689453125,913688.0,BAJAJ-AUTO,0.000969768421397621,False
2018-10-26,2032.5216902738064,2073.9416645051,2002.8073783120012,2057.69287109375,498124.0,BAJAJ-AUTO,0.014611102420248434,False
2018-10-29,2073.4505010672237,2094.2014575170674,2025.3592192126243,2086.629638671875,388894.0,BAJAJ-AUTO,0.01406272431839839,False
2018-10-30,2090.6406280562346,2114.3793039425427,2073.368614972401,2092.482421875,270336.0,BAJAJ-AUTO,0.002804897953452956,False
2018-10-31,2087.3662518902142,2139.755051937655,2035.10015815392,2123.137939453125,552796.0,BAJAJ-AUTO,0.01465031068249334,False
2018-11-01,2139.0182082615606,2143.8477203616008,2102.1413680621126,2127.353515625,356883.0,BAJAJ-AUTO,0.0019855404086277506,False
2018-11-02,2144.666903175266,2210.152915485961,2144.666903175266,2175.568115234375,769311.0,BAJAJ-AUTO,0.022664121997236553,False
2018-11-05,2185.5952110052604,2199.8793045309258,2146.7538679177387,2187.6826171875,222067.0,BAJAJ-AUTO,0.005568431467759316,False
2018-11-06,2188.2147149013254,2208.515415472633,2176.550020805519,2189.36083984375,278587.0,BAJAJ-AUTO,0.0007671234588897402,False
2018-11-07,2205.241093022423,2206.0596680383924,2194.7223241282454,2204.05419921875,38824.0,BAJAJ-AUTO,0.00671125522462912,False
2018-11-08,2205.241093022423,2206.0596680383924,2194.7223241282454,2204.05419921875,38824.0,BAJAJ-AUTO,0.0,False
2018-11-09,2193.780935500841,2246.988308936496,2188.4601981572755,2204.46337890625,344335.0,BAJAJ-AUTO,0.00018564865040304745,False
2018-11-12,2210.1524316352416,2231.435380976914,2161.815539410923,2171.1064453125,272808.0,BAJAJ-AUTO,-0.01513154353704893,False
2018-11-13,2168.405376479407,2188.378528396266,2138.936673741295,2181.911865234375,305897.0,BAJAJ-AUTO,0.004976918540868569,False
2018-11-14,2189.688153109238,2222.349216089546,2170.860927867551,2190.916015625,302299.0,BAJAJ-AUTO,0.004126725068089643,False
2018-11-15,2194.599659428026,2209.334009994868,2178.3100962403178,2184.654052734375,240745.0,BAJAJ-AUTO,-0.002858148302338548,False
2018-11-16,2193.7809853014733,2214.98199772046,2189.810816639109,2206.34619140625,317881.0,BAJAJ-AUTO,0.009929324345300472,False
2018-11-19,2213.4270120043598,2216.7013123179754,2185.595459338624,2193.49462890625,209883.0,BAJAJ-AUTO,-0.005824816862402216,False
2018-11-20,2193.49440585684,2193.49440585684,2173.316612164969,2182.730224609375,146989.0,BAJAJ-AUTO,-0.0049074222270799606,False
2018-11-21,2188.0510001925268,2188.0510001925268,2121.0097868596004,2132.101318359375,381149.0,BAJAJ-AUTO,-0.023195219307993287,False
2018-11-22,2128.2949204689808,2147.940719734848,2112.5783210257678,2120.395751953125,373650.0,BAJAJ-AUTO,-0.005490154855894547,False
2018-11-23,2128.2949204689808,2147.940719734848,2112.5783210257678,2120.395751953125,373650.0,BAJAJ-AUTO,0.0,False
2018-11-26,2133.206680911198,2179.7835235139923,2108.649428252972,2168.814697265625,376778.0,BAJAJ-AUTO,0.022834862439193637,False
2018-11-27,2162.6752781652726,2164.271459540384,2104.4745122771924,2128.008544921875,437591.0,BAJAJ-AUTO,-0.018814955650751197,False
2018-11-28,2138.117597046348,2148.7590705385383,2115.197500293936,2131.487060546875,285713.0,BAJAJ-AUTO,0.001634634237395849,False
2018-11-29,2155.3080135127,2240.4398150339,2129.9731567794797,2229.79833984375,763933.0,BAJAJ-AUTO,0.04612332916140316,False
2018-11-30,2227.342275345851,2267.2068325132145,2211.789352438254,2247.56103515625,690175.0,BAJAJ-AUTO,0.007966054595656802,False
2018-12-03,2259.266646535773,2263.3185521823666,2221.6122024268434,2239.620849609375,386060.0,BAJAJ-AUTO,-0.003532800855093554,False
2018-12-04,2242.977543998265,2283.824358499849,2231.640199770686,2262.418701171875,395469.0,BAJAJ-AUTO,0.010179335295291692,False
2018-12-05,2258.4482347876487,2271.13614621904,2235.6100741501023,2262.623046875,178352.0,BAJAJ-AUTO,9.032178836698712e-05,False
2018-12-06,2242.895462259387,2291.518736502251,2214.941206418731,2224.96875,468440.0,BAJAJ-AUTO,-0.01664187807465578,False
2018-12-07,2228.161148062065,2286.279973011516,2223.4953105356053,2280.713623046875,417465.0,BAJAJ-AUTO,0.025054227411901886,False
2018-12-10,2220.793893393753,2267.411697961232,2212.4444686700463,2230.69873046875,274974.0,BAJAJ-AUTO,-0.021929492625781144,False
2018-12-11,2218.3384571731767,2259.26721099556,2197.874080261985,2242.568359375,370479.0,BAJAJ-AUTO,0.005321036294199999,False
2018-12-12,2244.5326078254943,2339.4873060413065,2241.790301688057,2331.62890625,552031.0,BAJAJ-AUTO,0.039713637491889386,False
2018-12-13,2341.124654870855,2362.121025070849,2309.7731903274,2321.560791015625,466453.0,BAJAJ-AUTO,-0.004318060737447116,False
2018-12-14,2321.478975013192,2322.584131333079,2279.895320117517,2310.960205078125,465457.0,BAJAJ-AUTO,-0.004566146179985409,False
2018-12-17,2319.022886545827,2335.3943859213714,2313.3747992002263,2325.530517578125,225455.0,BAJAJ-AUTO,0.0063048738217053035,False
2018-12-18,2324.753352561625,2352.421231727093,2310.0599690527747,2325.489990234375,443162.0,BAJAJ-AUTO,-1.7427139073711295e-05,False
2018-12-19,2336.131452882119,2359.133493671957,2328.887182985241,2343.58056640625,393269.0,BAJAJ-AUTO,0.007779253511235984,False
2018-12-20,2337.03181540019,2373.867693401244,2318.204588866318,2363.389892578125,288162.0,BAJAJ-AUTO,0.00845259021850131,False
2018-12-21,2371.4116089566824,2377.960208498157,2292.8284144589807,2298.9267578125,386367.0,BAJAJ-AUTO,-0.027275708916273955,False
2018-12-24,2312.883692007807,2318.7773921135167,2223.127022051655,2230.330322265625,348337.0,BAJAJ-AUTO,-0.029838460626795515,False
2018-12-25,2312.883692007807,2318.7773921135167,2223.127022051655,2230.330322265625,348337.0,BAJAJ-AUTO,0.0,False
2018-12-26,2221.3670038774426,2250.917642199014,2185.59531527851,2238.475341796875,410582.0,BAJAJ-AUTO,0.0036519341776137804,False
2018-12-27,2262.459284062668,2262.54122149879,2207.369348352,2240.439697265625,558049.0,BAJAJ-AUTO,0.0008775417053168422,False
2018-12-28,2254.2735888095986,2259.226007476901,2219.770732862092,2224.4775390625,358369.0,BAJAJ-AUTO,-0.007124564978296943,False
2018-12-31,2241.2581266075817,2261.722499567841,2218.338028892092,2226.646484375,406069.0,BAJAJ-AUTO,0.0009750358339937204,False
2019-01-01,2238.802710747632,2245.6786610720205,2214.2454598070726,2231.967529296875,304150.0,BAJAJ-AUTO,0.0023897124933007774,False
2019-01-02,2226.523858307021,2248.8300256374864,2191.32513554702,2203.603759765625,599274.0,BAJAJ-AUTO,-0.01270796692108922,False
2019-01-03,2202.0485999751486,2229.675505127828,2195.5000002352544,2211.257568359375,310511.0,BAJAJ-AUTO,0.003473314365085356,False
2019-01-04,2221.6125301950133,2244.532629990688,2211.871567720816,2238.147705078125,362393.0,BAJAJ-AUTO,0.012160562886710968,False
2019-01-07,2242.813865733618,2242.8958031836587,2165.1311676718165,2176.222900390625,462215.0,BAJAJ-AUTO,-0.02766788114430474,False
2019-01-08,2183.1391338332865,2210.152103993203,2157.3540259533656,2205.9365234375,486654.0,BAJAJ-AUTO,0.013653759015926914,False
2019-01-09,2212.199090490365,2218.3384034149453,2187.641838792045,2207.614990234375,285560.0,BAJAJ-AUTO,0.0007608862626107271,False
2019-01-10,2210.152318914856,2233.890991969867,2193.780820256227,2230.8623046875,277585.0,BAJAJ-AUTO,0.01053051123314619,False
2019-01-11,2233.072507151406,2241.8312193177467,2210.848276764429,2227.301513671875,259834.0,BAJAJ-AUTO,-0.0015961500663411732,False
2019-01-14,2224.8867610407574,2248.78911011557,2190.8749311811944,2209.45654296875,170937.0,BAJAJ-AUTO,-0.008011924112468427,False
2019-01-15,2214.2453754482053,2238.6389504226254,2214.2453754482053,2231.312744140625,169721.0,BAJAJ-AUTO,0.009892116340295853,False
2019-01-16,2239.6211291768022,2239.6211291768022,2215.063879953372,2224.4365234375,218357.0,BAJAJ-AUTO,-0.00308169292770899,False
2019-01-17,2228.1610770969764,2242.731751589722,2210.8073276342548,2234.423095703125,230784.0,BAJAJ-AUTO,0.004489484038048719,False
2019-01-18,2243.713837306464,2248.2159993295163,2207.4099599634437,2227.1376953125,269686.0,BAJAJ-AUTO,-0.0032605285922058247,False
2019-01-21,2230.4123387545174,2230.4123387545174,2185.595355344366,2197.546630859375,303893.0,BAJAJ-AUTO,-0.013286589560854711,False
2019-01-22,2197.874148547852,2206.0598995666523,2169.305957431214,2200.616455078125,273441.0,BAJAJ-AUTO,0.0013969324589711007,False
2019-01-23,2209.334345739486,2209.334345739486,2181.5847278938904,2188.951904296875,205104.0,BAJAJ-AUTO,-0.00530058327716898,False
2019-01-24,2197.055198718221,2197.055198718221,2156.9450255672555,2170.57421875,183566.0,BAJAJ-AUTO,-0.008395655249802347,False
2019-01-25,2146.5492332787267,2187.232370255997,2139.7959896205634,2149.864501953125,304062.0,BAJAJ-AUTO,-0.00954112355061576,False
2019-01-28,2152.8113670039043,2156.126635855398,2083.2734579544376,2100.09521484375,332409.0,BAJAJ-AUTO,-0.02314996459737817,False
2019-01-29,2098.0076711304478,2125.961926723714,2064.8144157632523,2101.81396484375,424856.0,BAJAJ-AUTO,0.0008184152736749883,False
2019-01-30,2104.5563322004173,2171.966063620014,2034.1588819595636,2046.19189453125,2450943.0,BAJAJ-AUTO,-0.026463840874058953,False
2019-01-31,2047.3787951094528,2103.7377641782523,2014.595026016435,2091.0908203125,1102133.0,BAJAJ-AUTO,0.021942676002797645,False
2019-02-01,2095.5523004514457,2185.5955633614685,2081.63652345626,2130.54638671875,1028186.0,BAJAJ-AUTO,0.018868413568165154,False
2019-02-04,2136.4805435859157,2187.559538712001,2100.012990889712,2163.084228515625,817279.0,BAJAJ-AUTO,0.01527206448059859,False
2019-02-05,2166.768139757622,2226.524117922452,2165.130989670914,2218.870361328125,469089.0,BAJAJ-AUTO,0.02579008809600647,False
2019-02-06,2222.431108477708,2279.731358051719,2221.735239793916,2267.575439453125,495030.0,BAJAJ-AUTO,0.02195039375614849,False
2019-02-07,2279.731416232887,2350.9474425209523,2269.2126473536723,2335.8857421875,983573.0,BAJAJ-AUTO,0.03012482034593278,False
2019-02-08,2334.5756975526174,2356.759158067899,2317.549299059613,2334.08447265625,1004870.0,BAJAJ-AUTO,-0.0007711291261888187,False
2019-02-11,2332.9387921952343,2349.310292491341,2307.6039354564923,2335.8857421875,712787.0,BAJAJ-AUTO,0.0007717242252163192,False
2019-02-12,2329.337085479548,2336.2130354979,2307.972198173206,2318.490966796875,280913.0,BAJAJ-AUTO,-0.007446757808596938,False
2019-02-13,2329.337085479548,2336.2130354979,2307.972198173206,2318.490966796875,280913.0,BAJAJ-AUTO,0.0,False
2019-02-14,2308.3815269844954,2353.403152510789,2301.218995650767,2310.919189453125,372416.0,BAJAJ-AUTO,-0.003265821369237809,False
2019-02-15,2312.5972972349955,2332.9389678232337,2296.144058107227,2313.252197265625,867192.0,BAJAJ-AUTO,0.0010095583710358902,False
2019-02-18,2316.5671957851373,2320.6600706893514,2265.6518719461965,2286.689208984375,296237.0,BAJAJ-AUTO,-0.011482962520320439,False
2019-02-19,2292.8286347163867,2312.4744352280586,2273.5921217153746,2282.064453125,185862.0,BAJAJ-AUTO,-0.0020224680473430734,False
2019-02-20,2282.187136471594,2290.3728866024103,2240.644454557701,2271.300048828125,428139.0,BAJAJ-AUTO,-0.004716958928190906,False
2019-02-21,2267.452866096203,2316.485431167762,2252.472902859729,2303.42919921875,281964.0,BAJAJ-AUTO,0.014145709373449833,False
2019-02-22,2312.4742845657643,2330.4829338614977,2293.524353995807,2305.802978515625,431535.0,BAJAJ-AUTO,0.0010305414629978582,False
2019-02-25,2305.9258426561687,2336.7860810921297,2305.8439052148,2330.933349609375,322524.0,BAJAJ-AUTO,0.010898750382362543,False
2019-02-26,2319.8415264129617,2349.310226113338,2301.832876596065,2340.551513671875,369292.0,BAJAJ-AUTO,0.004126314492909788,False
2019-02-27,2349.3101299640302,2407.428951994499,2349.3101299640302,2385.900390625,861033.0,BAJAJ-AUTO,0.019375295390094305,False
2019-02-28,2398.4249134195525,2401.535538600981,2344.3989597384298,2374.35888671875,1246854.0,BAJAJ-AUTO,-0.004837378773900336,False
2019-03-01,2385.327787713353,2409.0664650790663,2338.0141080287567,2343.98974609375,1008494.0,BAJAJ-AUTO,-0.012790459266656451,False
2019-03-04,2385.327787713353,2409.0664650790663,2338.0141080287567,2343.98974609375,1008494.0,BAJAJ-AUTO,0.0,False
2019-03-05,2320.700952607704,2388.110479850375,2304.1248098656274,2376.93701171875,632301.0,BAJAJ-AUTO,0.014056062181972528,False
2019-03-06,2370.3065744397813,2408.2476049185043,2354.426299676019,2396.460205078125,748391.0,BAJAJ-AUTO,0.008213593066674463,False
2019-03-07,2395.9691894002544,2395.9691894002544,2373.8676628837507,2390.1572265625,392086.0,BAJAJ-AUTO,-0.0026301202508053345,False
2019-03-08,2382.053319579893,2426.7475958243804,2373.9085380614665,2419.462158203125,754427.0,BAJAJ-AUTO,0.012260671103536902,False
2019-03-11,2431.167303065283,2465.547446744993,2404.072395607322,2456.1748046875,1147194.0,BAJAJ-AUTO,0.015173887452590185,False
2019-03-12,2465.547732379316,2472.7512318590666,2440.4584902739766,2452.532470703125,503545.0,BAJAJ-AUTO,-0.0014829294630919199,False
2019-03-13,2457.3620448115657,2494.3615932583016,2447.539145232039,2463.91064453125,565499.0,BAJAJ-AUTO,0.004639357058079163,False
2019-03-14,2465.5481414690826,2476.18961751128,2431.167988101984,2469.518310546875,985558.0,BAJAJ-AUTO,0.002275921015265414,False
2019-03-15,2457.4442367806278,2482.0832258695195,2439.3536482422774,2475.207275390625,538508.0,BAJAJ-AUTO,0.0023036738863013717,False
2019-03-18,2477.744434840113,2494.852771194053,2449.258186473852,2459.9404296875,341148.0,BAJAJ-AUTO,-0.006167905958791131,False
2019-03-19,2462.27347870481,2462.27347870481,2410.703256245234,2435.014892578125,545621.0,BAJAJ-AUTO,-0.01013257752446528,False
2019-03-20,2431.003926636379,2431.003926636379,2390.279822871251,2414.509521484375,834351.0,BAJAJ-AUTO,-0.008421045454896414,False
2019-03-21,2431.003926636379,2431.003926636379,2390.279822871251,2414.509521484375,834351.0,BAJAJ-AUTO,0.0,False
2019-03-22,2422.981946298415,2454.783664282545,2398.4656655612625,2414.591552734375,622630.0,BAJAJ-AUTO,3.397429137064201e-05,False
2019-03-25,2402.354023189525,2427.566173927435,2386.3508414822904,2421.303955078125,319510.0,BAJAJ-AUTO,0.002779932836321164,False
2019-03-26,2423.841622876796,2429.530679343105,2405.792003567853,2417.08837890625,322020.0,BAJAJ-AUTO,-0.001741035512304756,False
2019-03-27,2427.074740977955,2451.6319896219143,2414.796116655976,2439.435302734375,402423.0,BAJAJ-AUTO,0.009245389627927869,False
2019-03-28,2446.721134333227,2472.465282946802,2386.1465729613105,2413.814453125,1800550.0,BAJAJ-AUTO,-0.010502778893400677,False
2019-03-29,2446.721134333227,2472.465282946802,2386.1465729613105,2413.814453125,1800550.0,BAJAJ-AUTO,0.0,False
2019-04-01,2413.1182362761465,2414.7963550686445,2375.0954658412447,2386.67822265625,679984.0,BAJAJ-AUTO,-0.011242053188313061,False
2019-04-02,2388.6020034744965,2405.2600857337907,2326.390299477217,2335.4765625,938624.0,BAJAJ-AUTO,-0.021453105688987728,False
2019-04-03,2341.124622841626,2355.122336015068,2317.385946596029,2330.728759765625,484790.0,BAJAJ-AUTO,-0.0020329053224549254,False
2019-04-04,2342.761482704024,2360.811100134588,2332.938583405474,2340.3876953125,662281.0,BAJAJ-AUTO,0.004144169717906765,False
2019-04-05,2349.023452913747,2357.495783324025,2334.780329161789,2342.474853515625,272382.0,BAJAJ-AUTO,0.0008918001950297683,False
2019-04-08,2354.221796918062,2354.221796918062,2326.3902457722997,2335.68115234375,213351.0,BAJAJ-AUTO,-0.002900223736309826,False
2019-04-09,2341.124751366467,2398.3023011945834,2323.116099432879,2394.16845703125,492843.0,BAJAJ-AUTO,0.02504079147481697,False
2019-04-10,2388.5609679781737,2416.4334877093456,2382.3399176608154,2408.984375,530788.0,BAJAJ-AUTO,0.006188335630785913,False
2019-04-11,2407.34731213072,2455.725178077824,2405.792099456908,2450.568115234375,400118.0,BAJAJ-AUTO,0.0172619385438626,False
2019-04-12,2449.0129020656364,2476.9671603981355,2435.465444866493,2462.396484375,438822.0,BAJAJ-AUTO,0.004826786518232984,False
2019-04-15,2466.366155105974,2493.3791266023222,2449.1760823355708,2484.415771484375,271376.0,BAJAJ-AUTO,0.008942218383228395,False
2019-04-16,2492.5610466941184,2517.036360941077,2482.0832460028973,2511.756591796875,371767.0,BAJAJ-AUTO,0.011004929459196289,False
2019-04-17,2492.5610466941184,2517.036360941077,2482.0832460028973,2511.756591796875,371767.0,BAJAJ-AUTO,0.0,False
2019-04-18,2512.206679296175,2529.3148168864677,2489.4502542877763,2512.615966796875,365773.0,BAJAJ-AUTO,0.00034214103500573856,False
2019-04-19,2512.206679296175,2529.3148168864677,2489.4502542877763,2512.615966796875,365773.0,BAJAJ-AUTO,0.0,False
2019-04-22,2501.155654293605,2520.3921648077267,2489.695605476681,2497.6357421875,186563.0,BAJAJ-AUTO,-0.005962003269633032,False
2019-04-23,2496.6535907788,2513.0250897347264,2464.4835553609246,2487.77197265625,360759.0,BAJAJ-AUTO,-0.003949242623590532,False
2019-04-24,2484.3752911562246,2523.5441874648245,2476.353215650222,2517.773193359375,524013.0,BAJAJ-AUTO,0.012059473710965607,False
2019-04-25,2516.2587928406165,2545.768464041191,2478.3179583091032,2527.80078125,509586.0,BAJAJ-AUTO,0.0039827208888683074,False
2019-04-26,2521.211121647652,2533.489747240092,2480.2823696728524,2492.2744140625,268298.0,BAJAJ-AUTO,-0.014054259121611734,False
2019-04-29,2521.211121647652,2533.489747240092,2480.2823696728524,2492.2744140625,268298.0,BAJAJ-AUTO,0.0,False
2019-04-30,2492.5608539366435,2496.6537289020566,2408.9842672039417,2442.709716796875,654107.0,BAJAJ-AUTO,-0.019887335433834807,False
2019-05-01,2492.5608539366435,2496.6537289020566,2408.9842672039417,2442.709716796875,654107.0,BAJAJ-AUTO,0.0,False
2019-05-02,2446.7208326052737,2488.468160294424,2421.9179685381173,2480.732666015625,670855.0,BAJAJ-AUTO,0.015565889371664365,False
2019-05-03,2478.645010315385,2509.750859189885,2472.0964105523326,2504.634765625,446730.0,BAJAJ-AUTO,0.009635096895694417,False
2019-05-06,2499.928302265816,2499.928302265816,2466.366723879143,2477.171875,259117.0,BAJAJ-AUTO,-0.010964828485939715,False
2019-05-07,2477.00830233464,2499.109830478405,2473.16103925688,2482.779296875,244684.0,BAJAJ-AUTO,0.0022636385999659225,False
2019-05-08,2481.919578992689,2482.7381540517235,2416.269899227605,2421.140380859375,427476.0,BAJAJ-AUTO,-0.02482657886394013,False
2019-05-09,2414.796257279653,2450.4042698869976,2400.307519705458,2441.727294921875,348293.0,BAJAJ-AUTO,0.008502982406659365,False
2019-05-10,2439.7625460767904,2462.2733563492657,2418.356891883921,2428.056884765625,241374.0,BAJAJ-AUTO,-0.005598663775713497,False
2019-05-13,2431.454689102912,2454.906786366133,2412.5455238804884,2433.419189453125,233316.0,BAJAJ-AUTO,0.0022084757244136277,False
2019-05-14,2422.982154676537,2430.349330146837,2374.686226593458,2404.318603515625,309971.0,BAJAJ-AUTO,-0.01195872296217071,False
2019-05-15,2404.359350218767,2414.345924964638,2374.97258849534,2385.69580078125,320831.0,BAJAJ-AUTO,-0.007745563631685326,False
2019-05-16,2396.787497716354,2421.7130654331654,2380.415998415013,2408.779541015625,218733.0,BAJAJ-AUTO,0.00967589423044446,False
2019-05-17,2414.7963125735573,2578.4703480952885,2402.6403935696017,2488.509033203125,1993105.0,BAJAJ-AUTO,0.03309953892828377,False
2019-05-20,2527.71890013879,2527.71890013879,2415.615081934463,2460.88232421875,1022048.0,BAJAJ-AUTO,-0.011101711352365373,False
2019-05-21,2467.185029876968,2491.6603422383755,2430.390123896559,2438.780517578125,447168.0,BAJAJ-AUTO,-0.00898125295269514,False
2019-05-22,2439.3943437700927,2499.927921949991,2433.746056650959,2494.361572265625,493470.0,BAJAJ-AUTO,0.02279051119478992,False
2019-05-23,2517.118367977672,2525.3041187678427,2479.218301849692,2508.9326171875,576440.0,BAJAJ-AUTO,0.005841592928582662,False
2019-05-24,2508.932648786658,2536.682264375863,2459.8181434270496,2519.4921875,529984.0,BAJAJ-AUTO,0.004208789921324119,False
2019-05-27,2525.385773476198,2529.3967109753507,2481.1007867204817,2510.487548828125,341393.0,BAJAJ-AUTO,-0.003573989519217391,False
2019-05-28,2510.569775194528,2544.417934756681,2424.946741722674,2445.90234375,921394.0,BAJAJ-AUTO,-0.025726160286384525,False
2019-05-29,2447.539549028745,2447.539549028745,2390.239292028072,2394.741455078125,531761.0,BAJAJ-AUTO,-0.02091697929093783,False
2019-05-30,2408.2476441465938,2439.353494070989,2390.770988000107,2410.703369140625,938395.0,BAJAJ-AUTO,0.006665401823922279,False
2019-05-31,2417.252313198914,2438.3306223979903,2386.392071350725,2395.06884765625,376941.0,BAJAJ-AUTO,-0.006485460502736351,False
2019-06-03,2410.703686293225,2519.533206626857,2377.6333319618284,2484.048095703125,1302391.0,BAJAJ-AUTO,0.037151018908683,False
2019-06-04,2477.171413813985,2479.7090760365754,2431.4948927391206,2442.545654296875,450220.0,BAJAJ-AUTO,-0.01670758367281233,False
2019-06-05,2477.171413813985,2479.7090760365754,2431.4948927391206,2442.545654296875,450220.0,BAJAJ-AUTO,0.0,False
2019-06-06,2457.362224022299,2478.563237221965,2422.982072986677,2448.889892578125,481570.0,BAJAJ-AUTO,0.0025973877991141148,False
2019-06-07,2455.6837886484795,2461.168200637114,2417.620054909339,2424.127685546875,212676.0,BAJAJ-AUTO,-0.01011160489750762,False
2019-06-10,2436.0793567256383,2454.9065829368915,2425.9291060115847,2447.375732421875,155660.0,BAJAJ-AUTO,0.009590273240807079,False
2019-06-11,2458.8356928629078,2476.189443372597,2440.172142378087,2445.206298828125,355284.0,BAJAJ-AUTO,-0.0008864325836895892,False
2019-06-12,2448.3576805670527,2453.310098994383,2399.488795919397,2410.2939453125,273834.0,BAJAJ-AUTO,-0.014277876485250696,False
2019-06-13,2415.614884889318,2418.8891849704964,2374.890777629663,2392.408203125,224615.0,BAJAJ-AUTO,-0.007420564708418231,False
2019-06-14,2395.9690747847712,2402.5176749208417,2345.217423730225,2351.397705078125,353978.0,BAJAJ-AUTO,-0.017141931712701175,False
2019-06-17,2345.258055631768,2349.309961414556,2314.766140627345,2321.64208984375,314402.0,BAJAJ-AUTO,-0.012654437473556324,False
2019-06-18,2322.2973736331214,2359.1742189188453,2322.2973736331214,2337.52294921875,308511.0,BAJAJ-AUTO,0.0068403564203425304,False
2019-06-19,2349.3103349264584,2360.770385340734,2294.4658079438545,2310.75537109375,294638.0,BAJAJ-AUTO,-0.011451257894150801,False
2019-06-20,2323.033754952951,2379.515426120907,2297.044000466247,2371.6572265625,301774.0,BAJAJ-AUTO,0.026355821230839904,False
2019-06-21,2369.692331304039,2382.78952933502,2328.1088874335787,2353.85302734375,529699.0,BAJAJ-AUTO,-0.0075070710131900364,False
2019-06-24,2337.0315362546544,2355.122123006656,2292.992162957503,2305.84375,434882.0,BAJAJ-AUTO,-0.020396038659188043,False
2019-06-25,2303.4701002206857,2336.172132214179,2280.549999720977,2327.78173828125,424591.0,BAJAJ-AUTO,0.00951408276525667,False
2019-06-26,2324.7120621871195,2358.6011875461163,2303.470080624194,2348.24609375,265442.0,BAJAJ-AUTO,0.008791354933413986,False
2019-06-27,2347.059010921477,2381.9711523848373,2333.7571680659626,2345.9130859375,621516.0,BAJAJ-AUTO,-0.0009935107818168643,False
2019-06-28,2345.217470435284,2348.4917705685266,2306.171481315845,2314.152587890625,303973.0,BAJAJ-AUTO,-0.013538650786877993,False
2019-07-01,2323.4431832779105,2390.3616890445323,2321.642358260401,2383.6494140625,628760.0,BAJAJ-AUTO,0.030031220298754047,False
2019-07-02,2389.420297703306,2396.746503593519,2344.398675101839,2360.40185546875,334846.0,BAJAJ-AUTO,-0.00975292694328267,False
2019-07-03,2373.867917120503,2382.053668558849,2350.947813093133,2372.026123046875,274468.0,BAJAJ-AUTO,0.004924698542831951,False
2019-07-04,2373.867389676448,2381.2345643340645,2355.040165551428,2369.61083984375,249409.0,BAJAJ-AUTO,-0.0010182363421961105,False
2019-07-05,2372.230274364569,2388.6017738425858,2314.070482499435,2326.84033203125,324849.0,BAJAJ-AUTO,-0.018049591558806477,False
2019-07-08,2314.562000737359,2314.562000737359,2248.298388172263,2273.837890625,363327.0,BAJAJ-AUTO,-0.02277871870992576,False
2019-07-09,2270.727190716207,2289.145129357561,2255.174264752397,2280.87744140625,253454.0,BAJAJ-AUTO,0.0030958894696380135,False
2019-07-10,2283.8243012405346,2287.057632593596,2226.9743061845143,2243.222900390625,378373.0,BAJAJ-AUTO,-0.016508796278159266,False
2019-07-11,2276.3642682267946,2280.130312052905,2226.3595752023275,2269.41796875,653802.0,BAJAJ-AUTO,0.011677425526822827,False
2019-07-12,2276.364158752606,2303.0611419743045,2254.0608931167344,2278.498291015625,298498.0,BAJAJ-AUTO,0.004001167872406786,False
2019-07-15,2283.059353698416,2304.818717040116,2264.396474275768,2271.3427734375,299859.0,BAJAJ-AUTO,-0.0031404533443540883,False
2019-07-16,2267.9955995805976,2297.2870556637417,2241.214839733151,2286.783935546875,315367.0,BAJAJ-AUTO,0.006798252685571438,False
2019-07-17,2280.5486705203148,2289.5453304131934,2252.3871145374974,2257.03173828125,267305.0,BAJAJ-AUTO,-0.013010497757633521,False
2019-07-18,2259.626483782068,2269.543815078166,2193.5952582621576,2201.713134765625,365949.0,BAJAJ-AUTO,-0.024509448660988142,False
2019-07-19,2209.4123103562006,2221.9239035980054,2134.091436139512,2140.995849609375,456542.0,BAJAJ-AUTO,-0.027577291608751442,False
2019-07-22,2142.4602829703217,2184.263324580497,2104.3395132431274,2144.88720703125,407638.0,BAJAJ-AUTO,0.0018175455233062632,False
2019-07-23,2149.992680279637,2150.8295789484887,2104.9674910312306,2112.206787109375,602971.0,BAJAJ-AUTO,-0.015236428197596519,False
2019-07-24,2112.2062793345763,2128.2328032619184,2077.1819967345973,2111.16015625,481139.0,BAJAJ-AUTO,-0.000495515337684993,False
2019-07-25,2114.38274500751,2149.0721563289435,2103.1264980093,2131.5810546875,549808.0,BAJAJ-AUTO,0.009672832436252943,False
2019-07-26,2131.580730729751,2242.846358554419,2097.477112835272,2191.54443359375,2105536.0,BAJAJ-AUTO,0.028130940071167565,False
2019-07-29,2167.567294841489,2167.567294841489,2051.2383936897645,2081.91064453125,1009207.0,BAJAJ-AUTO,-0.05002581165225095,False
2019-07-30,2083.877245482281,2104.79970778632,2046.5933767923,2061.992431640625,784779.0,BAJAJ-AUTO,-0.009567275590307456,False
2019-07-31,2061.281342844259,2122.3749433426883,2043.8738103312005,2106.055419921875,651778.0,BAJAJ-AUTO,0.021369131915867978,False
2019-08-01,2079.734872199199,2136.2674125530075,2070.1524242527857,2123.755615234375,625372.0,BAJAJ-AUTO,0.008404429980839012,False
2019-08-02,2106.5575801373425,2191.000568445697,2073.9602157100094,2176.396728515625,1021098.0,BAJAJ-AUTO,0.024786803577416583,False
2019-08-05,2146.645128985649,2211.630230206867,2130.325604613244,2192.46533203125,906097.0,BAJAJ-AUTO,0.0073831224358549274,False
2019-08-06,2175.936535786976,2216.944570499884,2169.9944735185563,2184.13818359375,765470.0,BAJAJ-AUTO,-0.003798075306296944,False
2019-08-07,2205.646225149923,2205.646225149923,2163.382846523449,2180.20458984375,459833.0,BAJAJ-AUTO,-0.0018009820896623951,False
2019-08-08,2185.9791998959777,2277.6614847680567,2177.652099474194,2262.7646484375,592914.0,BAJAJ-AUTO,0.037868032650856254,False
2019-08-09,2268.455626505015,2294.3575982860743,2247.0728256057305,2265.98681640625,673080.0,BAJAJ-AUTO,0.0014239960709014898,False
2019-08-12,2268.455626505015,2294.3575982860743,2247.0728256057305,2265.98681640625,673080.0,BAJAJ-AUTO,0.0,False
2019-08-13,2259.5842281442106,2295.4872989915407,2211.5882182796418,2234.9794921875,706218.0,BAJAJ-AUTO,-0.013683806099069051,False
2019-08-14,2236.193063523704,2307.3294446612467,2236.193063523704,2271.259033203125,522580.0,BAJAJ-AUTO,0.016232605776671516,False
2019-08-15,2236.193063523704,2307.3294446612467,2236.193063523704,2271.259033203125,522580.0,BAJAJ-AUTO,0.0,False
2019-08-16,2269.710840169933,2309.840086312514,2227.280122926859,2302.26611328125,600082.0,BAJAJ-AUTO,0.013651934730842363,False
2019-08-19,2313.815557378735,2320.719971285372,2271.175611752848,2280.96728515625,461203.0,BAJAJ-AUTO,-0.009251245111124184,False
2019-08-20,2284.733248581257,2317.1211845376138,2275.1508001794205,2295.571044921875,537366.0,BAJAJ-AUTO,0.006402441569706596,False
2019-08-21,2298.081558162394,2319.4643572177824,2288.9175598017805,2313.857177734375,429633.0,BAJAJ-AUTO,0.007965831792900335,False
2019-08-22,2311.5141311093653,2322.393813840872,2285.821382753769,2296.6591796875,428855.0,BAJAJ-AUTO,-0.007432610021209096,False
2019-08-23,2296.4079336535005,2314.0246905160134,2271.4683138463165,2300.759765625,332505.0,BAJAJ-AUTO,0.001785456881790326,False
2019-08-26,2338.880667575367,2338.880667575367,2247.909823189844,2290.42431640625,577286.0,BAJAJ-AUTO,-0.004492189655421197,False
2019-08-27,2304.8185535226144,2341.976766556916,2297.370238327838,2315.27978515625,514940.0,BAJAJ-AUTO,0.010851905724175603,False
2019-08-28,2309.840192125237,2354.9908318281323,2301.93154102726,2315.4892578125,479960.0,BAJAJ-AUTO,9.047401423911694e-05,False
2019-08-29,2311.513467704219,2332.226703882958,2291.7625829933004,2307.99853515625,438739.0,BAJAJ-AUTO,-0.00323504962546306,False
2019-08-30,2314.945548149224,2340.7218643445804,2281.5112820267773,2333.524658203125,391007.0,BAJAJ-AUTO,0.01105985236041196,False
2019-09-02,2314.945548149224,2340.7218643445804,2281.5112820267773,2333.524658203125,391007.0,BAJAJ-AUTO,0.0,False
2019-09-03,2322.644391179578,2347.58400673457,2307.8313289555977,2313.354736328125,493182.0,BAJAJ-AUTO,-0.008643543492928618,False
2019-09-04,2321.8913523419174,2333.6498183245776,2280.548643974032,2289.50341796875,340167.0,BAJAJ-AUTO,-0.010310272776077989,False
2019-09-05,2293.144127293619,2322.7702570064894,2293.144127293619,2309.170654296875,383992.0,BAJAJ-AUTO,0.008590175569850755,False
2019-09-06,2320.635973197953,2397.547074710684,2297.705034007803,2376.248046875,1005180.0,BAJAJ-AUTO,0.029048261311180434,False
2019-09-09,2350.8481421598826,2375.578536388552,2340.805359067708,2358.212890625,471251.0,BAJAJ-AUTO,-0.007589761630195979,False
2019-09-10,2350.8481421598826,2375.578536388552,2340.805359067708,2358.212890625,471251.0,BAJAJ-AUTO,0.0,False
2019-09-11,2375.871434008549,2444.1205580064698,2353.3589426370245,2434.035888671875,1253636.0,BAJAJ-AUTO,0.032152736654229574,False
2019-09-12,2436.211627691789,2436.54630537636,2382.399011197036,2387.001953125,314580.0,BAJAJ-AUTO,-0.019323435519489784,False
2019-09-13,2393.5299611751766,2417.8000202220574,2389.345468236059,2408.761474609375,355911.0,BAJAJ-AUTO,0.009115837318812492,False
2019-09-16,2392.693004869223,2416.7119528961675,2385.160917760505,2405.623046875,305963.0,BAJAJ-AUTO,-0.0013029217576987495,False
2019-09-17,2405.9163311626057,2406.795115628028,2311.974455697879,2320.845458984375,439334.0,BAJAJ-AUTO,-0.035241426540519094,False
2019-09-18,2341.6423603867397,2359.217231569056,2301.554997846885,2324.109375,524048.0,BAJAJ-AUTO,0.0014063478475010438,False
2019-09-19,2320.719899040232,2323.230594928122,2277.5777338357866,2292.139892578125,228796.0,BAJAJ-AUTO,-0.013755584296403889,False
2019-09-20,2284.733069305016,2527.517423343056,2280.548576504091,2451.485107421875,1423536.0,BAJAJ-AUTO,0.06951810199704855,False
2019-09-23,2473.956233372963,2533.417720257638,2451.2761977493888,2506.636962890625,807027.0,BAJAJ-AUTO,0.0224973242961084,False
2019-09-24,2511.5325716443795,2514.8801658751618,2451.4432143376507,2475.67138671875,479273.0,BAJAJ-AUTO,-0.012353434753537562,False
2019-09-25,2460.481460918905,2481.4039223212767,2435.37450723606,2461.318359375,439376.0,BAJAJ-AUTO,-0.005797630259310571,False
2019-09-26,2462.1558153559463,2504.837646281559,2456.2975248367443,2485.840087890625,647497.0,BAJAJ-AUTO,0.009962843052067294,False
2019-09-27,2480.567526614011,2501.9503273651744,2457.259818159516,2475.127685546875,326785.0,BAJAJ-AUTO,-0.004309369052311052,False
2019-09-30,2477.303811773491,2489.731634314919,2429.0983671010845,2461.988525390625,384245.0,BAJAJ-AUTO,-0.005308477713280801,False
2019-10-01,2464.6664518900343,2492.03299607739,2417.005116036012,2435.375,546876.0,BAJAJ-AUTO,-0.010809768248778662,False
2019-10-02,2464.6664518900343,2492.03299607739,2417.005116036012,2435.375,546876.0,BAJAJ-AUTO,0.0,False
2019-10-03,2439.5593383307787,2460.2306922030466,2412.3601347301783,2425.248291015625,292132.0,BAJAJ-AUTO,-0.004158172348970868,False
2019-10-04,2439.559616291138,2456.2975896447647,2389.3456962302566,2396.501220703125,342652.0,BAJAJ-AUTO,-0.011853248353578483,False
2019-10-07,2393.446131399304,2427.0477314760724,2389.3035243544805,2420.561767578125,276023.0,BAJAJ-AUTO,0.010039864226708328,False
2019-10-08,2393.446131399304,2427.0477314760724,2389.3035243544805,2420.561767578125,276023.0,BAJAJ-AUTO,0.0,False
2019-10-09,2417.799816091457,2439.5591775377634,2408.384707773344,2420.18505859375,355878.0,BAJAJ-AUTO,-0.00015562874264185567,False
2019-10-10,2411.10481759555,2453.786645328064,2397.7144402677022,2415.49853515625,313632.0,BAJAJ-AUTO,-0.001936431852952225,False
2019-10-11,2425.332149238408,2447.9284114983934,2413.2390053004942,2426.001708984375,198610.0,BAJAJ-AUTO,0.004348242681689651,False
2019-10-14,2417.883535827283,2489.773035181984,2416.962865749771,2475.587646484375,367105.0,BAJAJ-AUTO,0.020439366269349613,False
2019-10-15,2480.5675290653357,2535.7190668259573,2471.738207691145,2520.69677734375,636441.0,BAJAJ-AUTO,0.018221585054132516,False
2019-10-16,2539.987023494004,2552.540501369592,2523.4582776244797,2530.530029296875,572575.0,BAJAJ-AUTO,0.0039010054844783593,False
2019-10-17,2518.2279027429745,2627.8616200109477,2506.511322271588,2604.010009765625,707480.0,BAJAJ-AUTO,0.029037387273830095,False
2019-10-18,2610.286967507047,2611.081980384159,2573.4634258044784,2583.548095703125,398223.0,BAJAJ-AUTO,-0.00785784769865061,False
2019-10-21,2610.286967507047,2611.081980384159,2573.4634258044784,2583.548095703125,398223.0,BAJAJ-AUTO,0.0,False
2019-10-22,2586.0586036763884,2639.9129069076607,2585.7237216381377,2613.048583984375,379635.0,BAJAJ-AUTO,0.011418594579413632,False
2019-10-23,2613.1317307304976,2709.3333744082624,2590.200794119968,2646.81689453125,2111842.0,BAJAJ-AUTO,0.012922955491085908,False
2019-10-24,2648.783702903793,2678.912048339665,2630.7484997023016,2651.1689453125,656713.0,BAJAJ-AUTO,0.001644258350565142,False
2019-10-25,2667.321129471742,2667.321129471742,2602.754488126496,2619.199462890625,369730.0,BAJAJ-AUTO,-0.012058636428432745,False
2019-10-28,2667.321129471742,2667.321129471742,2602.754488126496,2619.199462890625,369730.0,BAJAJ-AUTO,0.0,False
2019-10-29,2632.046205843993,2676.9457358623617,2625.64401301762,2661.96533203125,383452.0,BAJAJ-AUTO,0.016327839764226137,False
2019-10-30,2677.573360961331,2702.680319541281,2655.56309072967,2697.240478515625,572787.0,BAJAJ-AUTO,0.01325154240737536,False
2019-10-31,2702.931254454276,2724.104829012477,2688.955089283284,2717.70263671875,446046.0,BAJAJ-AUTO,0.0075863306835681765,False
2019-11-01,2719.9204187559576,2752.559463781029,2669.706503332771,2705.400146484375,748062.0,BAJAJ-AUTO,-0.004526797769614954,False
2019-11-04,2708.203836611661,2718.4558443367823,2662.4255246134708,2688.16015625,330025.0,BAJAJ-AUTO,-0.006372436349860511,False
2019-11-05,2698.9982360477243,2724.6909845933496,2670.6691340743096,2716.82421875,305513.0,BAJAJ-AUTO,0.01066307840079972,False
2019-11-06,2714.8988540204737,2737.91356378791,2690.4195718132914,2718.49755859375,348652.0,BAJAJ-AUTO,0.0006159175968034614,False
2019-11-07,2714.898744569192,2742.516395176708,2697.2819902114247,2733.18505859375,326912.0,BAJAJ-AUTO,0.005402800511469907,False
2019-11-08,2726.4482969010573,2752.3921534721,2707.827303071841,2716.1962890625,483871.0,BAJAJ-AUTO,-0.006215740671431491,False
2019-11-11,2709.877642591137,2723.268020071513,2695.650366518237,2709.333740234375,278347.0,BAJAJ-AUTO,-0.002526529049376447,False
2019-11-12,2709.877642591137,2723.268020071513,2695.650366518237,2709.333740234375,278347.0,BAJAJ-AUTO,0.0,False
2019-11-13,2703.182736287917,2715.7362164873966,2670.376348897471,2683.09716796875,305804.0,BAJAJ-AUTO,-0.009683772757857256,False
2019-11-14,2682.259822237116,2715.3592003772706,2670.6270142528224,2705.944091796875,310906.0,BAJAJ-AUTO,0.008515130984026786,False
2019-11-15,2711.5515888521204,2721.9709360376846,2678.075643310736,2690.922119140625,311463.0,BAJAJ-AUTO,-0.0055514719250073785,False
2019-11-18,2698.998003737164,2698.998003737164,2633.510687832533,2642.005126953125,441118.0,BAJAJ-AUTO,-0.018178523948928715,False
2019-11-19,2641.252136582816,2654.22406564398,2612.88135410646,2645.478515625,285669.0,BAJAJ-AUTO,0.0013146790051390411,False
2019-11-20,2632.506292088789,2652.0477507669416,2619.910927964463,2646.60791015625,238889.0,BAJAJ-AUTO,0.0004269150267444122,False
2019-11-21,2638.239016024504,2685.607557635134,2631.209149643148,2668.32568359375,347577.0,BAJAJ-AUTO,0.00820589002026284,False
2019-11-22,2661.33792171732,2666.359314022447,2622.422131352586,2638.19775390625,285777.0,BAJAJ-AUTO,-0.011290949179383225,False
2019-11-25,2638.1975109194627,2683.3481517070104,2598.737617430142,2674.43505859375,332892.0,BAJAJ-AUTO,0.013735628663107402,False
2019-11-26,2677.991606082577,2701.5085372210856,2651.922297806479,2659.7890625,628851.0,BAJAJ-AUTO,-0.005476295282133781,False
2019-11-27,2668.158157361074,2692.5119880528014,2661.3375155825343,2688.16015625,308282.0,BAJAJ-AUTO,0.010666670583017401,False
2019-11-28,2686.444402248807,2692.0934675806384,2663.680802072133,2675.0625,194094.0,BAJAJ-AUTO,-0.004872349669921228,False
2019-11-29,2666.358731440393,2674.727716787036,2633.803460170325,2657.98974609375,203765.0,BAJAJ-AUTO,-0.006382188792317889,False
2019-12-02,2647.193820754891,2692.637247456264,2629.5770658423007,2643.9716796875,474666.0,BAJAJ-AUTO,-0.005273935472042801,False
2019-12-03,2650.457736765665,2736.658288356085,2650.457736765665,2728.080078125,864612.0,BAJAJ-AUTO,0.031811384018848976,False
2019-12-04,2728.080222217049,2743.3536217278893,2701.508691561204,2720.8828125,458892.0,BAJAJ-AUTO,-0.0026382164082026094,False
2019-12-05,2711.5512847362693,2750.383295480662,2699.7092520575384,2714.145751953125,692533.0,BAJAJ-AUTO,-0.0024760568576949193,False
2019-12-06,2714.145912041778,2726.6156193645143,2672.300982340051,2683.1806640625,275871.0,BAJAJ-AUTO,-0.011408778569957922,False
2019-12-09,2698.0770026896907,2711.42569727223,2680.000117613449,2699.4580078125,217098.0,BAJAJ-AUTO,0.006066435990692787,False
2019-12-10,2703.182411754399,2711.551397549304,2687.490563388952,2705.274658203125,278890.0,BAJAJ-AUTO,0.0021547474988650173,False
2019-12-11,2711.676954027973,2740.71749930062,2694.855414531225,2735.528564453125,327568.0,BAJAJ-AUTO,0.011183303018147184,False
2019-12-12,2741.931201021928,2747.7894918137067,2725.444337800688,2729.503173828125,263581.0,BAJAJ-AUTO,-0.0022026421888979852,False
2019-12-13,2740.7588685341207,2740.7588685341207,2695.022446359519,2705.609130859375,360095.0,BAJAJ-AUTO,-0.008753989809522245,False
2019-12-16,2706.948790660855,2745.0276807443515,2689.080922047135,2695.1484375,376835.0,BAJAJ-AUTO,-0.003866298808672508,False
2019-12-17,2698.997856605488,2704.6050360945583,2673.388678935368,2677.322265625,336920.0,BAJAJ-AUTO,-0.006614170717637924,False
2019-12-18,2677.2801838053283,2694.813166493329,2671.5473473594197,2689.498779296875,315871.0,BAJAJ-AUTO,0.0045480194253091355,False
2019-12-19,2683.097147550788,2704.8565130643,2663.011579384469,2693.474609375,409369.0,BAJAJ-AUTO,0.0014782791904313086,False
2019-12-20,2704.8562524385484,2711.384102327806,2676.0670225691897,2681.2138671875,304173.0,BAJAJ-AUTO,-0.004552016991296259,False
2019-12-23,2682.2599899355973,2698.9979617916697,2665.103568783123,2694.39501953125,242195.0,BAJAJ-AUTO,0.004916113744248385,False
2019-12-24,2694.813337118424,2707.366815396926,2686.444351599423,2700.46240234375,172853.0,BAJAJ-AUTO,0.0022518534841842186,False
2019-12-25,2694.813337118424,2707.366815396926,2686.444351599423,2700.46240234375,172853.0,BAJAJ-AUTO,0.0,False
2019-12-26,2699.8348850383795,2710.714566844176,2681.42311582857,2703.224365234375,241386.0,BAJAJ-AUTO,0.001022774058334619,False
2019-12-27,2695.8600747818346,2726.616103574456,2695.2324007248426,2713.183837890625,211224.0,BAJAJ-AUTO,0.003684293758349,False
2019-12-30,2711.551349111677,2728.28932040249,2702.3873506941445,2721.55224609375,332557.0,BAJAJ-AUTO,0.0030843498646340173,False
2019-12-31,2720.7572788400216,2720.7572788400216,2657.613321953216,2665.52197265625,526252.0,BAJAJ-AUTO,-0.020587616320032254,False
2020-01-01,2663.8480896021874,2672.844749031413,2629.619020571929,2636.314208984375,320021.0,BAJAJ-AUTO,-0.010957615045569802,False
2020-01-02,2640.373114939303,2655.060725775868,2604.4702478463128,2611.96044921875,452413.0,BAJAJ-AUTO,-0.009237806207859856,False
2020-01-03,2615.726574067459,2618.028045217254,2565.09420877196,2570.994384765625,424311.0,BAJAJ-AUTO,-0.015684029390788834,False
2020-01-06,2569.27858418124,2570.6177036082117,2534.1707303853614,2542.204833984375,355754.0,BAJAJ-AUTO,-0.011197827172179764,False
2020-01-07,2548.774924713361,2570.952739687882,2535.8867667961767,2542.456298828125,225535.0,BAJAJ-AUTO,9.891604342349147e-05,False
2020-01-08,2510.695741526722,2572.124015607699,2510.695741526722,2560.281982421875,393614.0,BAJAJ-AUTO,0.007011205503105966,False
2020-01-09,2574.3000931954653,2602.7546455909937,2565.972992990963,2582.41796875,333029.0,BAJAJ-AUTO,0.008645917316961294,False
2020-01-10,2592.7118579273474,2608.6129312974635,2582.459850096615,2595.389892578125,455081.0,BAJAJ-AUTO,0.005023169752185419,False
2020-01-13,2599.4071477758357,2611.0818428135995,2577.815122232759,2589.40625,154993.0,BAJAJ-AUTO,-0.0023054888959982422,False
2020-01-14,2586.937417965017,2609.4499092186697,2572.6263697685026,2595.724853515625,278534.0,BAJAJ-AUTO,0.0024401746599727048,False
2020-01-15,2595.2226218086657,2626.1878707628484,2587.690534225216,2614.0947265625,553613.0,BAJAJ-AUTO,0.00707697236168725,False
2020-01-16,2619.325271342942,2636.230582148403,2595.6410001692925,2604.51220703125,287553.0,BAJAJ-AUTO,-0.003665712429576251,False
2020-01-17,2604.428284388546,2626.1876466617155,2592.7117047029938,2609.533447265625,272072.0,BAJAJ-AUTO,0.0019279004417100953,False
2020-01-20,2619.492405855379,2631.7528876240613,2580.2836278923983,2597.48193359375,365554.0,BAJAJ-AUTO,-0.004618263730056027,False
2020-01-21,2591.0379636872503,2610.286630730147,2582.250528732885,2591.916748046875,215722.0,BAJAJ-AUTO,-0.0021425309931512038,False
2020-01-22,2598.570147260513,2602.7546402512703,2569.3624679134027,2574.634765625,269339.0,BAJAJ-AUTO,-0.00666764564675848,False
2020-01-23,2570.9524257910693,2585.9747143679456,2553.461327278875,2565.261474609375,256329.0,BAJAJ-AUTO,-0.003640629397525297,False
2020-01-24,2567.6048644037296,2588.485443281025,2564.2572700563974,2572.751708984375,209961.0,BAJAJ-AUTO,0.0029198716969547345,False
2020-01-27,2569.111387423324,2613.5924667053096,2547.561248269667,2579.82373046875,308445.0,BAJAJ-AUTO,0.0027488161642954534,False
2020-01-28,2585.849333917974,2602.4199670543057,2550.866931590373,2561.662841796875,239986.0,BAJAJ-AUTO,-0.007039585091565659,False
2020-01-29,2576.810712986779,2593.548684490428,2560.909640058313,2587.56494140625,243945.0,BAJAJ-AUTO,0.01011143979869189,False
2020-01-30,2601.4993507823056,2665.522094978814,2545.092465728403,2632.464599609375,2400831.0,BAJAJ-AUTO,0.01735208940445898,False
2020-01-31,2636.2303092744723,2711.509289464014,2636.2303092744723,2661.379150390625,1141144.0,BAJAJ-AUTO,0.010983832711574104,False
2020-02-03,2630.372304901574,2774.444317442621,2607.0229156446667,2748.79345703125,921166.0,BAJAJ-AUTO,0.03284549164210393,False
2020-02-04,2736.6586104687294,2772.645252747064,2637.0676702100814,2646.943115234375,1546450.0,BAJAJ-AUTO,-0.03705274455465102,False
2020-02-05,2665.522097989236,2695.566676643214,2636.2306463629807,2645.85498046875,646723.0,BAJAJ-AUTO,-0.0004110911033041731,False
2020-02-06,2652.968297451297,2687.281136629689,2629.0329181497063,2636.06298828125,514236.0,BAJAJ-AUTO,-0.0037008801539701874,False
2020-02-07,2648.616584499382,2668.869488641505,2599.9091295219464,2623.551513671875,454698.0,BAJAJ-AUTO,-0.0047462730082685756,False
2020-02-10,2626.187801433973,2636.9420301503783,2587.4393554689573,2597.1474609375,386072.0,BAJAJ-AUTO,-0.0100642402471528,False
2020-02-11,2615.3080722611867,2636.230536839276,2594.385607683097,2632.422607421875,274244.0,BAJAJ-AUTO,0.013582265549004102,False
2020-02-12,2648.532885288764,2665.2289710327063,2625.2253825160938,2633.134033203125,345354.0,BAJAJ-AUTO,0.0002702551555529009,False
2020-02-13,2635.393881803365,2654.8098898619537,2611.4584983856894,2624.848876953125,268031.0,BAJAJ-AUTO,-0.0031465000055167502,False
2020-02-14,2632.046197081331,2682.2601149906723,2625.183669164578,2633.2177734375,381580.0,BAJAJ-AUTO,0.003188334596271769,False
2020-02-17,2638.364886587897,2644.139405559104,2569.2788619916496,2573.965576171875,269986.0,BAJAJ-AUTO,-0.02250182186347427,False
2020-02-18,2564.8431539683447,2586.4770649741167,2538.731957948411,2579.739990234375,337054.0,BAJAJ-AUTO,0.002243392109030351,False
2020-02-19,2587.690445569885,2604.386531610327,2571.287151443975,2586.769775390625,220584.0,BAJAJ-AUTO,0.002724997551249775,False
2020-02-20,2586.8536099203843,2594.4275832238427,2558.94295947934,2565.5126953125,256115.0,BAJAJ-AUTO,-0.008217615761694552,False
2020-02-21,2586.8536099203843,2594.4275832238427,2558.94295947934,2565.5126953125,256115.0,BAJAJ-AUTO,0.0,False
2020-02-24,2575.137185815876,2581.5393788588563,2485.630914680391,2494.37646484375,499562.0,BAJAJ-AUTO,-0.027727880902216673,False
2020-02-25,2504.000563261283,2516.554042020948,2452.949749638643,2466.6748046875,527499.0,BAJAJ-AUTO,-0.011105645257114438,False
2020-02-26,2457.97106321391,2488.936309839349,2443.743787737357,2466.00537109375,445577.0,BAJAJ-AUTO,-0.000271391102093288,False
2020-02-27,2464.499246987345,2485.54716683258,2438.3042777233786,2457.63671875,416726.0,BAJAJ-AUTO,-0.003393606697635998,False
2020-02-28,2418.63671875,2439.5591817149657,2385.5373414752394,2418.63671875,925702.0,BAJAJ-AUTO,-0.01586890352933701,False
2020-03-02,2443.744016600374,2464.248033178014,2319.883018498711,2336.788330078125,1281846.0,BAJAJ-AUTO,-0.033840712016551144,False
2020-03-03,2361.0985162851707,2387.3329442438944,2319.9979124831693,2354.3212890625,1459848.0,BAJAJ-AUTO,0.007503015467296814,False
2020-03-04,2378.588117163009,2417.5025183445364,2320.4351356220754,2371.155029296875,954038.0,BAJAJ-AUTO,0.007150145697012444,False
2020-03-05,2378.5446106872214,2403.948327049932,2357.775686435699,2364.29052734375,384427.0,BAJAJ-AUTO,-0.002895003434322252,False
2020-03-06,2308.629807016393,2411.818563542125,2291.1401872662686,2391.749267578125,658891.0,BAJAJ-AUTO,0.011613945036283102,False
2020-03-09,2339.236608863272,2352.3538234924117,2237.447108739679,2250.345703125,706890.0,BAJAJ-AUTO,-0.05912139970938912,False
2020-03-10,2339.236608863272,2352.3538234924117,2237.447108739679,2250.345703125,706890.0,BAJAJ-AUTO,0.0,False
2020-03-11,2256.1609324324318,2299.884981510579,2241.0323687521254,2266.26123046875,641982.0,BAJAJ-AUTO,0.007072481051088486,False
2020-03-12,2203.6484425646117,2216.809424847293,2027.9652879427076,2045.3236083984373,799317.0,BAJAJ-AUTO,-0.09748991824063213,False
2020-03-13,1966.707775978536,2127.1312732985043,1783.941246330019,2061.2392578125,883265.0,BAJAJ-AUTO,0.007781482279239471,False
2020-03-16,2024.4236591362624,2089.135257743642,2002.5616325797157,2045.8922119140625,963321.0,BAJAJ-AUTO,-0.007445543180040426,False
2020-03-17,2050.8327863954096,2074.881013753461,1967.6260051350844,1985.46533203125,658935.0,BAJAJ-AUTO,-0.029535710401028092,False
2020-03-18,2002.5614673830828,2019.9635536880085,1886.386582446626,1896.749267578125,593949.0,BAJAJ-AUTO,-0.04468275674315758,False
2020-03-19,1853.6812336284595,2078.9911941524906,1777.2515673588443,1894.6507568359373,1010352.0,BAJAJ-AUTO,-0.0011063722433208856,False
2020-03-20,1915.025942399935,2010.3443756754425,1883.5883917390715,1960.848876953125,718313.0,BAJAJ-AUTO,0.03493948416527082,False
2020-03-23,1794.435080265383,2089.135188476608,1661.513963208688,1692.601806640625,797154.0,BAJAJ-AUTO,-0.13680150136267366,False
2020-03-24,1748.9620888551378,1799.5944559289546,1564.140541465006,1694.0009765625,1210613.0,BAJAJ-AUTO,0.0008266385610518068,False
2020-03-25,1676.380184672772,1739.3428207168197,1632.3063180923034,1702.39599609375,606235.0,BAJAJ-AUTO,0.004955734764855446,False
2020-03-26,1747.3880171172366,1866.055054648724,1691.246375580585,1842.4005126953125,989242.0,BAJAJ-AUTO,0.082239688605243,False
2020-03-27,1879.259706862415,1895.0003651795505,1755.214595862848,1795.7030029296875,938567.0,BAJAJ-AUTO,-0.02534601431330996,False
2020-03-30,1762.9537577958304,1767.1513094422323,1700.909371370291,1737.3314208984375,462909.0,BAJAJ-AUTO,-0.032506256288493574,False
2020-03-31,1781.6239294966542,1791.2868809614572,1688.0107980032635,1768.5067138671875,762791.0,BAJAJ-AUTO,0.017944355690423297,False
2020-04-01,1748.9621256504645,1832.7374541683923,1740.217315022212,1793.648193359375,869738.0,BAJAJ-AUTO,0.014216219421192111,False
2020-04-02,1748.9621256504645,1832.7374541683923,1740.217315022212,1793.648193359375,869738.0,BAJAJ-AUTO,0.0,False
2020-04-03,1793.648161648444,1798.1954203954708,1711.8404169681985,1778.475830078125,692217.0,BAJAJ-AUTO,-0.00845894046414597,False
2020-04-06,1793.648161648444,1798.1954203954708,1711.8404169681985,1778.475830078125,692217.0,BAJAJ-AUTO,0.0,False
2020-04-07,1805.8030682342007,2014.410530752964,1805.8030682342007,1993.8602294921875,1069857.0,BAJAJ-AUTO,0.12110617179689265,False
2020-04-08,1906.3685407203636,2084.281653805297,1896.3557761759384,1960.323974609375,840875.0,BAJAJ-AUTO,-0.01681976218130088,False
2020-04-09,2002.561668071974,2208.0209545925763,2002.4741345656555,2130.192138671875,1788927.0,BAJAJ-AUTO,0.08665310747747657,False
2020-04-10,2002.561668071974,2208.0209545925763,2002.4741345656555,2130.192138671875,1788927.0,BAJAJ-AUTO,0.0,False
2020-04-13,2125.119766898203,2125.119766898203,2030.3261185811325,2096.61181640625,654478.0,BAJAJ-AUTO,-0.01576398750892094,False
2020-04-14,2125.119766898203,2125.119766898203,2030.3261185811325,2096.61181640625,654478.0,BAJAJ-AUTO,0.0,False
2020-04-15,2107.498924700155,2171.860802985787,2028.839412097849,2042.0439453125,986750.0,BAJAJ-AUTO,-0.02602669252684242,False
2020-04-16,2037.541057064908,2068.1478969779,1980.2625423705936,2040.6455078125,944544.0,BAJAJ-AUTO,-0.0006848224315691986,False
2020-04-17,2081.265122886634,2120.6605411262626,2052.451011888801,2080.521728515625,690554.0,BAJAJ-AUTO,0.01954098374777047,False
2020-04-20,2107.4993268502226,2111.8717320926503,2056.517039024244,2079.7783203125,427667.0,BAJAJ-AUTO,-0.0003573181634856093,False
2020-04-21,2049.7836661331107,2058.921950784987,2006.934092907632,2031.63818359375,702627.0,BAJAJ-AUTO,-0.023146763406744486,False
2020-04-22,2031.6382688565216,2109.3360020277587,2007.8961917674092,2081.002685546875,712519.0,BAJAJ-AUTO,0.024297880573303843,False
2020-04-23,2081.0023652496748,2139.8112117154333,2070.7709803853822,2125.55712890625,1179211.0,BAJAJ-AUTO,0.021410084508212135,False
2020-04-24,2107.4993625297693,2161.717188453772,2082.139411694349,2138.412353515625,669287.0,BAJAJ-AUTO,0.0060479318266970505,False
2020-04-27,2159.968258552205,2231.544620048925,2145.3207005235613,2191.23095703125,1128257.0,BAJAJ-AUTO,0.024699915069602563,False
2020-04-28,2195.690646395786,2226.7782743296098,2126.169408727554,2154.458740234375,646907.0,BAJAJ-AUTO,-0.01678153399525495,False
2020-04-29,2163.466115528737,2203.6922437883663,2142.4785703498005,2185.459228515625,525256.0,BAJAJ-AUTO,0.014388991398311735,False
2020-04-30,2208.152128811697,2320.8726479024685,2195.078466648328,2294.026123046875,1118513.0,BAJAJ-AUTO,0.049676925158191665,False
2020-05-01,2208.152128811697,2320.8726479024685,2195.078466648328,2294.026123046875,1118513.0,BAJAJ-AUTO,0.0,False
2020-05-04,2229.9266343471777,2234.255272761641,2112.2214018964314,2135.61376953125,574557.0,BAJAJ-AUTO,-0.06905429363865534,False
2020-05-05,2164.340492829906,2176.495693431506,2099.454044794637,2118.692626953125,663761.0,BAJAJ-AUTO,-0.007923315919544316,False
2020-05-06,2120.6161778850096,2181.829840751793,2064.911787375499,2161.585693359375,778602.0,BAJAJ-AUTO,0.020245063328480084,False
2020-05-07,2159.9679514394966,2173.741026433493,2098.754284799511,2104.482177734375,422145.0,BAJAJ-AUTO,-0.02641741930492425,False
2020-05-08,2139.0245642152468,2142.4787219043506,2099.672914221085,2115.41357421875,455821.0,BAJAJ-AUTO,0.0051943402515024495,False
2020-05-11,2124.9888594134177,2295.46889002388,2123.239897389209,2244.1806640625,1627625.0,BAJAJ-AUTO,0.06087088189897116,False
2020-05-12,2213.3118159098867,2322.5344273928627,2181.174633280614,2298.8798828125,1335103.0,BAJAJ-AUTO,0.024373803600544974,False
2020-05-13,2425.8103496427,2425.8103496427,2336.0449583322165,2357.600830078125,1257856.0,BAJAJ-AUTO,0.025543286408589827,False
2020-05-14,2274.962346886474,2387.333156640428,2274.962346886474,2363.416015625,893108.0,BAJAJ-AUTO,0.0024665691802807643,False
2020-05-15,2365.471004589689,2369.843409404089,2317.3745516313043,2329.267578125,645362.0,BAJAJ-AUTO,-0.01444876283914387,False
2020-05-18,2317.374649364113,2320.304246111844,2152.0977404094647,2166.48291015625,1172714.0,BAJAJ-AUTO,-0.06988663281862506,False
2020-05-19,2201.943392028074,2234.299192466929,2174.746944639032,2194.33544921875,641584.0,BAJAJ-AUTO,0.012856108364358798,False
2020-05-20,2182.704653748412,2256.554534129693,2166.482987921325,2236.703857421875,947430.0,BAJAJ-AUTO,0.019308081732995586,False
2020-05-21,2303.820479415664,2382.2613921172583,2292.2336047327044,2308.936279296875,3481384.0,BAJAJ-AUTO,0.03229413748061316,False
2020-05-22,2293.7641201473016,2303.820653651569,2223.6307726689897,2233.206298828125,1328364.0,BAJAJ-AUTO,-0.03279864461734372,False
2020-05-25,2293.7641201473016,2303.820653651569,2223.6307726689897,2233.206298828125,1328364.0,BAJAJ-AUTO,0.0,False
2020-05-26,2256.1608989316774,2271.857789618389,2215.5850673881823,2242.91259765625,686475.0,BAJAJ-AUTO,0.004346351178222241,False
2020-05-27,2246.5417911352893,2278.023108566535,2221.444227993538,2256.64208984375,563888.0,BAJAJ-AUTO,0.0061212782887067885,False
2020-05-28,2263.1568626051685,2290.7030145263675,2142.478482759916,2273.650634765625,1087116.0,BAJAJ-AUTO,0.007537103468212125,False
2020-05-29,2276.274053773808,2396.9524323449896,2265.9989019751747,2370.28076171875,2057601.0,BAJAJ-AUTO,0.04249998899372942,False
2020-06-01,2387.3334406089857,2439.802307435557,2383.354508842031,2412.081298828125,1008549.0,BAJAJ-AUTO,0.017635268270525195,False
2020-06-02,2413.480090769336,2461.008219783484,2384.010122983856,2445.136474609375,1283507.0,BAJAJ-AUTO,0.013704005664033625,False
2020-06-03,2470.408767590642,2515.4445380440648,2422.3998472048474,2434.0302734375,750002.0,BAJAJ-AUTO,-0.0045421600336845724,False
2020-06-04,2429.3082126228483,2477.5795210167344,2410.069630665432,2463.631591796875,709462.0,BAJAJ-AUTO,0.012161442149020596,False
2020-06-05,2485.275139523687,2486.062087068698,2415.3166556525066,2427.82177734375,723898.0,BAJAJ-AUTO,-0.014535377193717003,False
2020-06-08,2448.547084175412,2460.789819596289,2400.4506235933945,2449.46533203125,727119.0,BAJAJ-AUTO,0.008914803751031597,False
2020-06-09,2453.0070435924745,2461.3146141257325,2418.814746841256,2440.807861328125,619517.0,BAJAJ-AUTO,-0.0035344328372043377,False
2020-06-10,2439.9770099324787,2452.001124502648,2364.0284579998024,2376.139892578125,687626.0,BAJAJ-AUTO,-0.026494493800430452,False
2020-06-11,2376.1396777776617,2411.818544485267,2364.0717975461625,2377.3203125,661173.0,BAJAJ-AUTO,0.0004967804823117206,False
2020-06-12,2282.614284738979,2447.7163586454994,2282.614284738979,2432.9375,895700.0,BAJAJ-AUTO,0.02339490694946056,False
2020-06-15,2425.810304469137,2425.810304469137,2368.0507914705945,2386.065185546875,517425.0,BAJAJ-AUTO,-0.019265728960618622,False
2020-06-16,2417.065563719272,2437.1348606319266,2363.5911342041218,2377.23291015625,611383.0,BAJAJ-AUTO,-0.0037016069150687114,False
2020-06-17,2377.2332444178937,2394.15454010382,2338.5374534506386,2351.873291015625,600388.0,BAJAJ-AUTO,-0.010667704890118701,False
2020-06-18,2351.8728707181617,2358.6063316844447,2314.007800912618,2342.166259765625,579578.0,BAJAJ-AUTO,-0.004127361489703496,False
2020-06-19,2352.353999922221,2369.8436207394866,2321.7471634920066,2338.66845703125,929078.0,BAJAJ-AUTO,-0.0014934049706296637,False
2020-06-22,2352.3538490394926,2513.214583489228,2325.72594575242,2497.299072265625,1872829.0,BAJAJ-AUTO,0.06782945857821332,False
2020-06-23,2527.249887105802,2544.827039193198,2487.8544785193003,2502.8955078125,1089848.0,BAJAJ-AUTO,0.002240995325320627,False
2020-06-24,2535.820040886357,2605.8658407335115,2453.4875268207934,2463.631591796875,1616696.0,BAJAJ-AUTO,-0.01568739721377388,False
2020-06-25,2439.6271739774097,2527.2501288242274,2424.673463249152,2466.429931640625,1341923.0,BAJAJ-AUTO,0.0011358597012101068,False
2020-06-26,2495.506450925201,2535.994964961616,2470.408888281574,2507.661865234375,1227656.0,BAJAJ-AUTO,0.01671725317018158,False
2020-06-29,2470.4087752482133,2509.760419455707,2461.663965424326,2500.578369140625,680236.0,BAJAJ-AUTO,-0.002824741322565827,False
2020-06-30,2538.0933959980857,2547.756453088693,2461.663847206268,2471.326904296875,751691.0,BAJAJ-AUTO,-0.011697879660457433,False
2020-07-01,2481.8209235451936,2511.5095117385163,2473.557120532092,2485.31884765625,525799.0,BAJAJ-AUTO,0.0056617128778257975,False
2020-07-02,2499.17946535423,2539.012122398577,2480.990429161693,2517.937255859375,754915.0,BAJAJ-AUTO,0.013124436019098962,False
2020-07-03,2535.120302203544,2588.4636407459425,2525.151304661364,2564.327880859375,1394992.0,BAJAJ-AUTO,0.018424059174646512,False
2020-07-06,2572.7668625307224,2576.221019773106,2522.003197904154,2533.458984375,1126381.0,BAJAJ-AUTO,-0.012037811823825795,False
2020-07-07,2536.869453038889,2600.7065678516565,2471.764383439383,2489.778564453125,2168021.0,BAJAJ-AUTO,-0.017241415863162635,False
2020-07-08,2520.254286786604,2535.1204640507854,2458.6909086911164,2494.413330078125,1348810.0,BAJAJ-AUTO,0.0018615172012368397,False
2020-07-09,2516.756226517772,2531.622402977397,2483.7008032200447,2520.254150390625,700469.0,BAJAJ-AUTO,0.010359478118925347,False
2020-07-10,2514.132874425082,2549.112114417083,2497.8674424302662,2531.360107421875,688336.0,BAJAJ-AUTO,0.004406681377562061,False
2020-07-13,2535.0328585585644,2544.7396829539334,2515.7069567617677,2535.994873046875,481601.0,BAJAJ-AUTO,0.0018309388740902488,False
2020-07-14,2534.246139723713,2544.652379053505,2489.64760517371,2535.557861328125,612986.0,BAJAJ-AUTO,-0.00017232358132690528,False
2020-07-15,2549.112334061677,2584.091577067669,2535.99511793443,2572.76708984375,905297.0,BAJAJ-AUTO,0.014674967226397495,False
2020-07-16,2574.4721707655067,2579.7190569831,2535.032990631396,2572.985595703125,525135.0,BAJAJ-AUTO,8.493029168388233e-05,False
2020-07-17,2579.7191526893785,2623.4432061247912,2557.857125971672,2619.07080078125,687105.0,BAJAJ-AUTO,0.01791117880919635,False
2020-07-20,2624.3173633739875,2640.932501629271,2600.706377432269,2625.6728515625,766788.0,BAJAJ-AUTO,0.0025207607137922583,False
2020-07-21,2636.5602733484307,2673.2884761612445,2614.6982478646128,2627.203369140625,834544.0,BAJAJ-AUTO,0.0005829049027239463,False
2020-07-22,2633.062336494715,2649.808562535525,2541.722837165796,2610.675537109375,2050770.0,BAJAJ-AUTO,-0.006291036402201411,False
2020-07-23,2592.836155726946,2667.167040461108,2570.6679770576934,2651.513916015625,1057181.0,BAJAJ-AUTO,0.015642839688714272,False
2020-07-24,2649.677342670564,2649.677342670564,2604.2043321692868,2610.762939453125,543609.0,BAJAJ-AUTO,-0.015368946893454583,False
2020-07-27,2614.6984440955557,2654.050092919736,2565.771270090096,2641.3701171875,621957.0,BAJAJ-AUTO,0.011723461089418574,False
2020-07-28,2641.806968426823,2737.125392643481,2639.1835255584747,2727.812255859375,1263659.0,BAJAJ-AUTO,0.03272624995239881,False
2020-07-29,2734.545900902824,2753.740716484545,2694.144920705431,2710.279052734375,582910.0,BAJAJ-AUTO,-0.006427569598068339,False
2020-07-30,2719.636135615657,2737.0819903136635,2657.854133238879,2666.2490234375,570166.0,BAJAJ-AUTO,-0.01624557045240549,False
2020-07-31,2683.6511944329072,2691.565076957682,2616.097534862415,2627.771728515625,561196.0,BAJAJ-AUTO,-0.01443124576273358,False
2020-08-03,2614.6982801075324,2684.569229016885,2544.739797696629,2551.254638671875,1246016.0,BAJAJ-AUTO,-0.029118621306947756,False
2020-08-04,2570.099650757938,2622.5685105896755,2555.27724055474,2597.164794921875,706322.0,BAJAJ-AUTO,0.01799512896678146,False
2020-08-05,2611.3752659451093,2654.443457610348,2598.957677748006,2631.3134765625,678314.0,BAJAJ-AUTO,0.013148446223895549,False
2020-08-06,2645.130335729218,2689.029241955531,2602.8053246035543,2616.2724609375,853222.0,BAJAJ-AUTO,-0.005716162577728778,False
2020-08-07,2616.2721672920766,2640.058006599939,2601.580844529585,2624.929443359375,515510.0,BAJAJ-AUTO,0.003308899417445499,False
2020-08-10,2624.929799467218,2645.3052512088584,2598.0832731707496,2618.021484375,442147.0,BAJAJ-AUTO,-0.0026316741586525083,False
2020-08-11,2641.632415302624,2675.9120299808865,2619.726622161844,2629.9580078125,696792.0,BAJAJ-AUTO,0.00455936802227952,False
2020-08-12,2629.958172519693,2654.0501698081634,2608.139911516589,2643.556396484375,489280.0,BAJAJ-AUTO,0.005170572545827756,False
2020-08-13,2658.422241337091,2658.422241337091,2623.443001319498,2639.139892578125,462333.0,BAJAJ-AUTO,-0.001670667556827432,False
2020-08-14,2642.681737729126,2648.1472443011994,2602.4556093586625,2612.555908203125,542458.0,BAJAJ-AUTO,-0.010072972808209402,False
2020-08-17,2635.6856082256177,2733.627475551852,2616.4470271436785,2724.532958984375,1577193.0,BAJAJ-AUTO,0.04286111176784968,False
2020-08-18,2731.878861022039,2751.9919256198327,2704.7699478684917,2715.0888671875,825757.0,BAJAJ-AUTO,-0.003466315856349711,False
2020-08-19,2719.6362130803936,2762.485786855615,2666.0742458613668,2675.7373046875,953142.0,BAJAJ-AUTO,-0.014493655428952312,False
2020-08-20,2675.037476404509,2680.2843625955607,2645.611275081566,2655.755126953125,563069.0,BAJAJ-AUTO,-0.0074679146190357315,False
2020-08-21,2677.6608732560558,2689.029126473668,2656.6733288543096,2669.921630859375,395723.0,BAJAJ-AUTO,0.005334265860009069,False
2020-08-24,2678.4478613654974,2707.393268856787,2646.8354575298063,2657.85400390625,562548.0,BAJAJ-AUTO,-0.004519843134586976,False
2020-08-25,2671.014731684201,2671.014731684201,2616.184814643066,2631.6630859375,652358.0,BAJAJ-AUTO,-0.009854159758307723,False
2020-08-26,2693.4453906012504,2744.121524558502,2685.7936814425866,2695.325439453125,2026040.0,BAJAJ-AUTO,0.024190920887939615,False
2020-08-27,2695.3255137135,2701.0534074264965,2645.480092678029,2661.0458984375,711504.0,BAJAJ-AUTO,-0.012718145465424824,False
2020-08-28,2661.92023851045,2678.0543707127968,2625.192035482382,2635.81689453125,679405.0,BAJAJ-AUTO,-0.00948086010882554,False
2020-08-31,2645.3051046044247,2648.8030287096867,2576.3086370266683,2594.585205078125,2787032.0,BAJAJ-AUTO,-0.015642850434213318,False
2020-09-01,2577.095455323436,2626.940871323923,2562.229278621536,2587.064453125,755670.0,BAJAJ-AUTO,-0.002898633638396375,False
2020-09-02,2579.718991861245,2596.9462251415243,2489.6912141496264,2518.986328125,1946352.0,BAJAJ-AUTO,-0.026314815975213235,False
2020-09-03,2543.908992420829,2556.7200536555315,2523.7959294471448,2532.8466796875,785527.0,BAJAJ-AUTO,0.005502352834450219,False
2020-09-04,2518.5051704178986,2558.818828162356,2483.5259319398724,2521.303466796875,1499317.0,BAJAJ-AUTO,-0.004557406882618409,False
2020-09-07,2534.5521986908425,2541.9852875044726,2474.825101171464,2534.4208984375,807657.0,BAJAJ-AUTO,0.005202638957733097,False
2020-09-08,2535.9512820333803,2551.73570770871,2506.481313303664,2537.525390625,798195.0,BAJAJ-AUTO,0.001224931576840227,False
2020-09-09,2514.132686027671,2554.9709029588385,2494.019624539449,2544.87060546875,677328.0,BAJAJ-AUTO,0.0028946369840818775,False
2020-09-10,2550.948736116785,2557.2887236789893,2511.0723151545853,2548.849853515625,686071.0,BAJAJ-AUTO,0.0015636347240304271,False
2020-09-11,2548.237608881098,2572.6793098908997,2539.405265469626,2550.292724609375,683992.0,BAJAJ-AUTO,0.0005660871281845115,False
2020-09-14,2555.233704993562,2612.9494560303774,2531.6227159330465,2586.45263671875,1185683.0,BAJAJ-AUTO,0.014178730057316624,False
2020-09-15,2586.1901565735825,2588.463892688673,2554.402898691921,2568.656982421875,632573.0,BAJAJ-AUTO,-0.006880332562150149,False
2020-09-16,2573.1604659176724,2666.2926968846164,2568.700527205224,2656.629638671875,1865973.0,BAJAJ-AUTO,0.034248502953887705,False
2020-09-17,2636.5606203720768,2649.6340706328565,2610.544806622137,2640.2333984375,687069.0,BAJAJ-AUTO,-0.006171820112107151,False
2020-09-18,2643.6433927188423,2684.656463058901,2619.944874047057,2667.99755859375,937014.0,BAJAJ-AUTO,0.010515797646026614,False
2020-09-21,2663.625502027298,2663.625502027298,2588.551432250955,2611.8125,779499.0,BAJAJ-AUTO,-0.021058886809238286,False
2020-09-22,2609.6263141031022,2631.7069606781506,2572.810789891624,2611.0693359375,690800.0,BAJAJ-AUTO,-0.00028453959175855914,False
2020-09-23,2617.321757923717,2665.068508201186,2584.0914783376497,2611.375244140625,949248.0,BAJAJ-AUTO,0.0001171582075261135,False
2020-09-24,2592.74884069418,2625.104640304768,2547.188505016004,2563.847412109375,736921.0,BAJAJ-AUTO,-0.018200307342995825,False
2020-09-25,2584.047749662316,2622.1314422904675,2558.775332582219,2586.190185546875,559314.0,BAJAJ-AUTO,0.008714548819080292,False
2020-09-28,2603.2426946284013,2642.9442645661265,2582.211595023513,2594.01708984375,902239.0,BAJAJ-AUTO,0.003026422550288954,False
2020-09-29,2617.059391004017,2633.0624368899644,2527.250230027232,2533.808837890625,1189292.0,BAJAJ-AUTO,-0.023210429950078604,False
2020-09-30,2533.852700388214,2570.0998985169545,2509.7607038937253,2519.467529296875,1095715.0,BAJAJ-AUTO,-0.005659980492328298,False
2020-10-01,2570.97418442194,2723.09011430097,2570.97418442194,2610.675537109375,4741959.0,BAJAJ-AUTO,0.03620130315311276,False
2020-10-02,2570.97418442194,2723.09011430097,2570.97418442194,2610.675537109375,4741959.0,BAJAJ-AUTO,0.0,False
2020-10-05,2637.784576437797,2640.93279364333,2562.273265220674,2581.73046875,904969.0,BAJAJ-AUTO,-0.011087194845907145,False
2020-10-06,2610.3261479722587,2617.321996945049,2580.5937898379016,2599.176513671875,678723.0,BAJAJ-AUTO,0.006757500495519153,False
2020-10-07,2601.580918490476,2709.0983124057984,2583.6978251281857,2691.127685546875,2126243.0,BAJAJ-AUTO,0.03537704014765053,False
2020-10-08,2684.6568107296566,2720.33568009921,2668.0416708586918,2688.6357421875,1009344.0,BAJAJ-AUTO,-0.0009259848102928236,False
2020-10-09,2693.4017801567884,2708.836286128298,2647.57905604877,2675.7373046875,698666.0,BAJAJ-AUTO,-0.004797391218754554,False
2020-10-12,2668.0417366384345,2688.723128483911,2633.1500274477025,2643.337646484375,632718.0,BAJAJ-AUTO,-0.01210868426671241,False
2020-10-13,2645.3052882238444,2668.1293299935096,2620.120190218508,2653.569091796875,456767.0,BAJAJ-AUTO,0.0038706539537647355,False
2020-10-14,2656.629835489008,2689.029403192602,2640.93294232249,2670.79638671875,822555.0,BAJAJ-AUTO,0.006492122242126808,False
2020-10-15,2675.8682090750926,2737.125648475875,2640.4517270420984,2647.40380859375,1076100.0,BAJAJ-AUTO,-0.008758652752911433,False
2020-10-16,2649.677576412267,2703.895401408162,2648.8030953639463,2662.576171875,548742.0,BAJAJ-AUTO,0.005731034771499166,False
2020-10-19,2684.656910326657,2686.362105730036,2597.383656014812,2605.95361328125,598192.0,BAJAJ-AUTO,-0.0212660802691238,False
2020-10-20,2605.9535677712915,2639.664855449617,2585.84050332205,2627.115966796875,899774.0,BAJAJ-AUTO,0.008120771378189895,False
2020-10-21,2649.677610605896,2657.679026902749,2616.4910970931223,2639.183837890625,982019.0,BAJAJ-AUTO,0.004593581420185178,False
2020-10-22,2632.013207533178,2657.941486257608,2603.3301852982054,2628.864990234375,1701072.0,BAJAJ-AUTO,-0.003909863158489735,False
2020-10-23,2649.6775070463946,2706.956014211919,2620.950719962552,2695.369140625,1217651.0,BAJAJ-AUTO,0.025297666726010082,False
2020-10-26,2709.09845723757,2722.9153001753843,2522.877765076189,2531.753662109375,2140237.0,BAJAJ-AUTO,-0.06070243813716958,False
2020-10-27,2544.739661205867,2599.1761024120747,2494.9380119100565,2577.401611328125,1812330.0,BAJAJ-AUTO,0.018030170115649335,False
2020-10-28,2577.0957898150805,2594.585411734423,2527.4252208648763,2574.51611328125,1197897.0,BAJAJ-AUTO,-0.0011195376126843515,False
2020-10-29,2552.566523030458,2565.7275060727407,2522.877932862937,2558.163330078125,714820.0,BAJAJ-AUTO,-0.006351789028922861,False
2020-10-30,2570.974336691659,2591.262254744513,2518.5930061827758,2524.539306640625,722940.0,BAJAJ-AUTO,-0.013143814174082946,False
2020-11-02,2551.735703452885,2566.470794541344,2468.178996440756,2486.76171875,926407.0,BAJAJ-AUTO,-0.014964151198301301,False
2020-11-03,2496.81827788533,2562.1857370698704,2496.81827788533,2548.981201171875,951287.0,BAJAJ-AUTO,0.025020283187064063,False
2020-11-04,2540.367698580245,2577.7517671221744,2520.604339519764,2558.8193359375,710858.0,BAJAJ-AUTO,0.003859634100519038,False
2020-11-05,2580.593508639208,2597.208648139087,2559.60596400778,2579.10693359375,507235.0,BAJAJ-AUTO,0.007928499433828451,False
2020-11-06,2588.46380324433,2623.4430438287127,2584.091398171282,2603.6796875,889565.0,BAJAJ-AUTO,0.009527621203363701,False
2020-11-09,2614.6979449474043,2642.681334324768,2605.9531357669784,2625.14794921875,550477.0,BAJAJ-AUTO,0.008245354381269276,False
2020-11-10,2636.560253661906,2643.11886125808,2594.585165046393,2621.2568359375,664054.0,BAJAJ-AUTO,-0.0014822453273187763,False
2020-11-11,2638.921229264384,2658.4221979552303,2611.6812319437386,2643.6435546875,782511.0,BAJAJ-AUTO,0.008540452214784056,False
2020-11-12,2645.305010932908,2659.2091733604334,2620.163682316603,2638.70263671875,646257.0,BAJAJ-AUTO,-0.0018689803926059678,False
2020-11-13,2632.187592333049,2665.417867585094,2619.5951523729077,2659.077880859375,557563.0,BAJAJ-AUTO,0.007721690143138504,False
2020-11-16,2632.187592333049,2665.417867585094,2619.5951523729077,2659.077880859375,557563.0,BAJAJ-AUTO,0.0,False
2020-11-17,2653.175646563992,2666.2053295022315,2620.3388386938304,2662.926025390625,501135.0,BAJAJ-AUTO,0.0014471725551741255,False
2020-11-18,2672.2392766350035,2672.2392766350035,2626.853581339972,2656.5859375,455293.0,BAJAJ-AUTO,-0.002380872705502579,False
2020-11-19,2652.3009416904406,2672.851245722661,2632.187878169544,2653.39404296875,888406.0,BAJAJ-AUTO,-0.0012015024570422028,False
2020-11-20,2652.3007674678624,2697.773777658541,2642.6814768506038,2674.643798828125,820220.0,BAJAJ-AUTO,0.008008518718011226,False
2020-11-23,2682.9076483302533,2697.773824999619,2650.202145056182,2691.433837890625,493600.0,BAJAJ-AUTO,0.006277486022571166,False
2020-11-24,2690.7783496150278,2730.129999186908,2669.790803176691,2707.131103515625,858928.0,BAJAJ-AUTO,0.005832305964207807,False
2020-11-25,2710.8914523376693,2763.360319157108,2659.297066631888,2668.260498046875,1219151.0,BAJAJ-AUTO,-0.01435859734250422,False
2020-11-26,2669.7908510928632,2754.6155194702,2669.7908510928632,2736.42626953125,1264680.0,BAJAJ-AUTO,0.025546895265387892,False
2020-11-27,2750.15546162977,2841.189027407863,2742.110278397324,2775.20947265625,2548347.0,BAJAJ-AUTO,0.014172939193294543,False
2020-11-30,2750.15546162977,2841.189027407863,2742.110278397324,2775.20947265625,2548347.0,BAJAJ-AUTO,0.0,False
2020-12-01,2776.5649902118093,2841.1452905163937,2764.234721462232,2836.510498046875,1400851.0,BAJAJ-AUTO,0.02208879221356641,False
2020-12-02,2836.510226662508,2927.762404938996,2817.140557798977,2919.148681640625,1707284.0,BAJAJ-AUTO,0.029133748544435845,False
2020-12-03,2945.864367719332,2948.050570416529,2869.172419800944,2880.890380859375,965142.0,BAJAJ-AUTO,-0.013105978815627806,False
2020-12-04,2884.300774457619,2924.7455214011425,2875.468430807632,2895.75634765625,739106.0,BAJAJ-AUTO,0.0051601986995564175,False
2020-12-07,2895.756396431812,2916.3942341318525,2857.6291516336223,2902.883544921875,481597.0,BAJAJ-AUTO,0.0024612558551044827,False
2020-12-08,2903.276990835735,2959.899636967245,2886.2683776700173,2908.69873046875,823352.0,BAJAJ-AUTO,0.002003244517696068,False
2020-12-09,2916.393831741847,2932.7028152974394,2885.7869999244663,2891.514892578125,397850.0,BAJAJ-AUTO,-0.005907740705705766,False
2020-12-10,2891.208798665309,2903.23291141371,2861.3453604014453,2877.78564453125,469288.0,BAJAJ-AUTO,-0.004748115972743161,False
2020-12-11,2881.9398498631567,2918.2743668963662,2873.151272562336,2909.966796875,611154.0,BAJAJ-AUTO,0.01118260924155523,False
2020-12-14,2909.9665735284766,2916.000620441837,2855.1804250437067,2876.16796875,425416.0,BAJAJ-AUTO,-0.011614850094267881,False
2020-12-15,2871.7957760047666,2927.062935815697,2852.557192852481,2860.995849609375,746643.0,BAJAJ-AUTO,-0.005275115815721598,False
2020-12-16,2876.168169324438,2893.176783023271,2843.812370520849,2888.84814453125,616704.0,BAJAJ-AUTO,0.009735174878243047,False
2020-12-17,2891.996145197442,2912.0216743159763,2849.059043519955,2859.9462890625,678073.0,BAJAJ-AUTO,-0.01000462953494552,False
2020-12-18,2864.712205116808,2940.879585153117,2860.339800143342,2927.368896484375,1362381.0,BAJAJ-AUTO,0.023574780994917388,False
2020-12-21,2931.697286998849,2933.8834893008616,2797.027225194875,2831.787841796875,797760.0,BAJAJ-AUTO,-0.03265084041928845,False
2020-12-22,2837.690863975774,2872.670104209682,2773.853750548892,2855.44287109375,825331.0,BAJAJ-AUTO,0.008353390373293301,False
2020-12-23,2869.1722779461043,2902.3587905495037,2851.682657233236,2894.22607421875,816586.0,BAJAJ-AUTO,0.013582202437881108,False
2020-12-24,2901.527987894937,2993.8295010952024,2899.8227926266354,2951.15478515625,1567636.0,BAJAJ-AUTO,0.019669752630802062,False
2020-12-25,2901.527987894937,2993.8295010952024,2899.8227926266354,2951.15478515625,1567636.0,BAJAJ-AUTO,0.0,False
2020-12-28,2962.7417312170905,2992.474086252917,2950.498996790573,2986.09033203125,536954.0,BAJAJ-AUTO,0.011837924276530298,False
2020-12-29,3002.0933942550705,3025.616848706652,2990.76890754694,3000.825439453125,682613.0,BAJAJ-AUTO,0.004934581939405547,False
2020-12-30,3005.766271918892,3036.941649963212,2977.826644610001,3015.341796875,639180.0,BAJAJ-AUTO,0.00483745479861053,False
2020-12-31,3030.033160882483,3030.033160882483,2996.715559992443,3011.756591796875,410959.0,BAJAJ-AUTO,-0.0011889879554750626,False
2021-01-01,3013.461652827648,3055.436742594255,3013.461652827648,3044.287109375,421643.0,BAJAJ-AUTO,0.010801177514387694,False
2021-01-04,3051.9388069896254,3085.1690862634377,3030.0767811515907,3080.315673828125,647829.0,BAJAJ-AUTO,0.011834811618842922,False
2021-01-05,3060.9022447845623,3065.0560297035613,3038.8215986361984,3054.256103515625,561562.0,BAJAJ-AUTO,-0.008460032370680381,False
2021-01-06,3054.256093921544,3084.2946027978555,3004.629295308338,3028.0654296875,591620.0,BAJAJ-AUTO,-0.008575140047351604,False
2021-01-07,3060.683711642006,3067.111232834995,2997.939695553345,3006.422119140625,531361.0,BAJAJ-AUTO,-0.007147570305014339,False
2021-01-08,3033.57485335236,3099.68570811194,3006.509706743112,3086.1748046875,675643.0,BAJAJ-AUTO,0.026527441053311618,False
2021-01-11,3087.792434748816,3178.344985694541,3079.047624681558,3163.303955078125,788461.0,BAJAJ-AUTO,0.024991828160049634,False
2021-01-12,3158.5817311968385,3185.5595565210947,3111.4910555669358,3169.337890625,863270.0,BAJAJ-AUTO,0.001907478899455306,False
2021-01-13,3169.3379189168886,3176.9896280402995,3128.0186896504683,3148.918701171875,515154.0,BAJAJ-AUTO,-0.006442730361292726,False
2021-01-14,3148.131766640603,3199.4199946069166,3100.035309094705,3127.18798828125,743848.0,BAJAJ-AUTO,-0.006901007918222124,False
2021-01-15,3137.6380023906045,3168.24483909174,3096.537393106224,3130.904541015625,684649.0,BAJAJ-AUTO,0.0011884647639675006,False
2021-01-18,3106.156488951245,3163.9160012719176,3065.055882256226,3116.431640625,602004.0,BAJAJ-AUTO,-0.004622593950414755,False
2021-01-19,3118.1806556808524,3204.0984147555614,3114.1144043903564,3183.9853515625,586410.0,BAJAJ-AUTO,0.021676622088188102,False
2021-01-20,3183.110784216052,3229.283422906145,3173.7976471278,3186.56494140625,549040.0,BAJAJ-AUTO,0.0008101764169499148,False
2021-01-21,3211.0942777823598,3329.1492144655344,3196.4029540736296,3238.465576171875,1533886.0,BAJAJ-AUTO,0.01628732999953275,False
2021-01-22,3279.260108001673,3611.6066673942023,3270.6028311708646,3576.190185546875,8537143.0,BAJAJ-AUTO,0.10428537881023803,False
2021-01-25,3629.096381943802,3681.5652452972063,3550.3930869136952,3645.66796875,2368224.0,BAJAJ-AUTO,0.019427877041863884,False
2021-01-26,3629.096381943802,3681.5652452972063,3550.3930869136952,3645.66796875,2368224.0,BAJAJ-AUTO,0.0,False
2021-01-27,3614.5798407648726,3704.870008030652,3592.455641277939,3625.904541015625,2062088.0,BAJAJ-AUTO,-0.005421071777184205,False
2021-01-28,3567.8828370513843,3664.0757566777697,3564.9096867523854,3616.6787109375,1262871.0,BAJAJ-AUTO,-0.002544421667411201,False
2021-01-29,3644.8368717308526,3677.49882305049,3489.179251009142,3502.99609375,1406268.0,BAJAJ-AUTO,-0.03143287703264952,False
2021-02-01,3553.890694401955,3621.2257297043534,3476.105654112281,3598.22705078125,745011.0,BAJAJ-AUTO,0.027185573287152653,False
2021-02-02,3634.168221034235,3735.0396967782553,3600.4571469434263,3674.088623046875,1167922.0,BAJAJ-AUTO,0.02108304206349465,False
2021-02-03,3677.192601294714,3724.545661998464,3637.9284898328137,3704.607666015625,681937.0,BAJAJ-AUTO,0.008306561463245599,False
2021-02-04,3704.608016910956,3813.9617054115274,3672.8205441835858,3693.370849609375,1163598.0,BAJAJ-AUTO,-0.003033200117068091,False
2021-02-05,3725.289279449779,3736.482466112078,3638.7156553498894,3700.14794921875,729191.0,BAJAJ-AUTO,0.0018349361289002886,False
2021-02-08,3700.3229380205576,3723.977479166998,3668.447933569463,3705.56982421875,616236.0,BAJAJ-AUTO,0.0014653130292114902,False
2021-02-09,3697.655706925914,3706.0508106780458,3624.7240703776542,3633.38134765625,721336.0,BAJAJ-AUTO,-0.019481073083738143,False
2021-02-10,3637.841195882468,3685.937654001106,3585.459865984528,3630.45166015625,989105.0,BAJAJ-AUTO,-0.0008063253536240156,False
2021-02-11,3633.468732847134,3674.919048877465,3608.502469872183,3656.9921875,546983.0,BAJAJ-AUTO,0.00731053043207508,False
2021-02-12,3654.4563491145286,3669.147460122932,3600.238523403808,3616.897216796875,360063.0,BAJAJ-AUTO,-0.010963920251231052,False
2021-02-15,3631.020371757225,3668.141835982288,3595.559909129128,3604.873046875,287922.0,BAJAJ-AUTO,-0.0033244433560442044,False
2021-02-16,3611.6067646832607,3653.232148386625,3606.3598783423167,3614.09912109375,318280.0,BAJAJ-AUTO,0.002559334017808945,False
2021-02-17,3600.2385292533872,3677.1928626452495,3594.99164288576,3642.825927734375,554383.0,BAJAJ-AUTO,0.00794853867536749,False
2021-02-18,3672.8202555110415,3672.8202555110415,3587.208649715643,3598.883056640625,440460.0,BAJAJ-AUTO,-0.012062852292555215,False
2021-02-19,3590.619458173918,3591.231765751508,3477.9862478631494,3498.886474609375,762200.0,BAJAJ-AUTO,-0.027785449112256444,False
2021-02-22,3506.6689188096807,3532.9033496237184,3433.955906801978,3473.045166015625,762310.0,BAJAJ-AUTO,-0.007385580750125631,False
2021-02-23,3455.949098185188,3496.7873203860318,3401.9061267744187,3421.1884765625,802871.0,BAJAJ-AUTO,-0.014931187754352315,False
2021-02-24,3434.0870506899223,3454.200114648636,3371.4305694518603,3438.328369140625,399843.0,BAJAJ-AUTO,0.005009923509197156,False
2021-02-25,3441.957599814481,3480.43476810509,3419.2648580332693,3449.653076171875,632973.0,BAJAJ-AUTO,0.003293666519140759,False
2021-02-26,3419.658137115809,3448.166304670077,3299.460759805728,3321.89111328125,732210.0,BAJAJ-AUTO,-0.037036177282036786,False
2021-03-01,3321.8913269212626,3374.447726667925,3280.1786209615466,3335.314697265625,724589.0,BAJAJ-AUTO,0.004040946414741287,False
2021-03-02,3342.2668507354674,3464.8252946751136,3306.8503652684903,3448.997314453125,735847.0,BAJAJ-AUTO,0.03408452500170367,False
2021-03-03,3484.807359152122,3484.807359152122,3378.6454336595625,3411.4384765625,615104.0,BAJAJ-AUTO,-0.01088978461457002,False
2021-03-04,3388.613826879152,3434.6116122244844,3358.8814733013737,3392.155517578125,611769.0,BAJAJ-AUTO,-0.00565244225181083,False
2021-03-05,3368.588768073975,3422.063202533585,3342.048180996034,3369.24462890625,719936.0,BAJAJ-AUTO,-0.00675407968566033,False
2021-03-08,3365.003005203192,3365.003005203192,3296.7934848274517,3321.934814453125,818275.0,BAJAJ-AUTO,-0.014041667989089568,False
2021-03-09,3324.951731308937,3348.9999596465373,3302.0403710102005,3321.934814453125,526071.0,BAJAJ-AUTO,0.0,False
2021-03-10,3340.517505776763,3392.111886101587,3324.776847372579,3382.09912109375,545219.0,BAJAJ-AUTO,0.018111224331934794,False
2021-03-11,3340.517505776763,3392.111886101587,3324.776847372579,3382.09912109375,545219.0,BAJAJ-AUTO,0.0,False
2021-03-12,3391.237554751456,3391.237554751456,3266.0119095083837,3276.15576171875,1119478.0,BAJAJ-AUTO,-0.03132473519603374,False
2021-03-15,3301.1660643955934,3301.1660643955934,3166.539745342891,3204.6669921875,1024257.0,BAJAJ-AUTO,-0.0218209312165748,False
2021-03-16,3212.099822428682,3226.8349127812457,3178.738457441688,3195.7470703125,858553.0,BAJAJ-AUTO,-0.0027834161542354963,False
2021-03-17,3191.855548036732,3216.341015254548,3109.4794831674885,3121.54736328125,773240.0,BAJAJ-AUTO,-0.023218266464371418,False
2021-03-18,3146.382657667741,3229.414586437498,3117.5247844873534,3204.53564453125,1285600.0,BAJAJ-AUTO,0.026585622959366617,False
2021-03-19,3195.3100489625717,3211.9689559720155,3122.072259672439,3191.899658203125,1132705.0,BAJAJ-AUTO,-0.003943156740880416,False
2021-03-22,3192.0306526873105,3222.462635608884,3178.126489536004,3204.75439453125,502724.0,BAJAJ-AUTO,0.004027299634902004,False
2021-03-23,3205.4543040709423,3244.2811803029563,3184.2043702089973,3216.647705078125,581531.0,BAJAJ-AUTO,0.0037111457174909823,False
2021-03-24,3201.4749752729326,3233.830772619313,3140.217537867882,3151.236083984375,507559.0,BAJAJ-AUTO,-0.02033533886551664,False
2021-03-25,3161.249076001387,3161.249076001387,3058.06030948184,3062.0830078125,808505.0,BAJAJ-AUTO,-0.028291462078953833,False
2021-03-26,3075.6373769333186,3164.96553051868,3075.6373769333186,3148.175537109375,691000.0,BAJAJ-AUTO,0.02811567455135,False
2021-03-29,3075.6373769333186,3164.96553051868,3075.6373769333186,3148.175537109375,691000.0,BAJAJ-AUTO,0.0,False
2021-03-30,3151.848416331847,3213.499332153834,3131.822885101688,3206.459716796875,749230.0,BAJAJ-AUTO,0.018513637184607523,False
2021-03-31,3191.855722778215,3221.23837044671,3158.669210770789,3209.8701171875,694645.0,BAJAJ-AUTO,0.0010636030675077457,False
2021-04-01,3239.077790851052,3291.809040566606,3227.009909730145,3273.226318359375,861229.0,BAJAJ-AUTO,0.019737932956423787,False
2021-04-02,3239.077790851052,3291.809040566606,3227.009909730145,3273.226318359375,861229.0,BAJAJ-AUTO,0.0,False
2021-04-05,3235.623410936195,3270.558883584306,3127.1877688066616,3146.81982421875,723573.0,BAJAJ-AUTO,-0.03861831778377711,False
2021-04-06,3183.0672985610418,3183.1110653134074,3150.099405226709,3161.686279296875,501882.0,BAJAJ-AUTO,0.004724279084461269,False
2021-04-07,3152.50420406553,3229.8520107004056,3144.852494832361,3218.26513671875,346982.0,BAJAJ-AUTO,0.01789515227755545,False
2021-04-08,3234.66131803051,3234.66131803051,3187.4831127374077,3191.6806640625,414020.0,BAJAJ-AUTO,-0.008260497978533454,False
2021-04-09,3183.11075390862,3230.3327266314404,3169.9935392633924,3192.992431640625,484807.0,BAJAJ-AUTO,0.0004109958721418838,False
2021-04-12,3130.2048734564187,3147.257253686172,3043.237776983949,3096.537353515625,724230.0,BAJAJ-AUTO,-0.03020836415682937,False
2021-04-13,3121.0228219253186,3168.8568919633185,3073.9756994222994,3150.274169921875,412122.0,BAJAJ-AUTO,0.017353840845885538,False
2021-04-14,3121.0228219253186,3168.8568919633185,3073.9756994222994,3150.274169921875,412122.0,BAJAJ-AUTO,0.0,False
2021-04-15,3150.2741951103258,3196.7092239578205,3083.507695480682,3145.945556640625,614450.0,BAJAJ-AUTO,-0.0013740433523464768,False
2021-04-16,3130.642070415192,3198.414349872504,3121.853493412104,3178.432373046875,526787.0,BAJAJ-AUTO,0.01032656663039666,False
2021-04-19,3082.720394576721,3114.9013382438084,3014.336022719373,3074.28173828125,601819.0,BAJAJ-AUTO,-0.03276792536120099,False
2021-04-20,3135.3206917553484,3169.381685668292,3108.867640214413,3148.918701171875,676558.0,BAJAJ-AUTO,0.024277853900388724,False
2021-04-21,3135.3206917553484,3169.381685668292,3108.867640214413,3148.918701171875,676558.0,BAJAJ-AUTO,0.0,False
2021-04-22,3143.584522268027,3230.332999757146,3124.5207926725184,3219.314453125,1005711.0,BAJAJ-AUTO,0.02235553173440996,False
2021-04-23,3218.0903463240297,3243.975071464744,3183.1111034292035,3211.53173828125,631762.0,BAJAJ-AUTO,-0.0024175068813782064,False
2021-04-26,3220.013988616499,3278.4293638050112,3214.592248958981,3269.553466796875,480016.0,BAJAJ-AUTO,0.018066683826913454,False
2021-04-27,3269.553687348264,3321.2791580847147,3259.365854618619,3310.34814453125,518487.0,BAJAJ-AUTO,0.012477140425643851,False
2021-04-28,3331.816597690052,3457.698103288289,3329.1493877639145,3401.5126953125,1252958.0,BAJAJ-AUTO,0.027539263787663915,False
2021-04-29,3448.0788320093952,3457.9605107222865,3329.236940925543,3354.90283203125,1335444.0,BAJAJ-AUTO,-0.013702686850318502,False
2021-04-30,3327.4006599995923,3468.4982740422747,3323.0282544016954,3352.5419921875,1340273.0,BAJAJ-AUTO,-0.0007036984264371382,False
2021-05-03,3336.145403189341,3416.4228110295785,3309.910970136738,3368.3701171875,796444.0,BAJAJ-AUTO,0.00472123094561816,False
2021-05-04,3390.363059443637,3399.982351074764,3336.189000638514,3349.568603515625,408324.0,BAJAJ-AUTO,-0.00558178377605778,False
2021-05-05,3359.931067178936,3369.0257982497133,3309.123845975845,3361.330322265625,371452.0,BAJAJ-AUTO,0.003511413003350672,False
2021-05-06,3368.500733840442,3471.689489446146,3368.500733840442,3446.50439453125,938078.0,BAJAJ-AUTO,0.025339393662511478,False
2021-05-07,3458.135371659471,3469.766012523635,3370.206257871476,3381.399658203125,486456.0,BAJAJ-AUTO,-0.0188900778514689,False
2021-05-10,3410.4758554056893,3413.8426926102006,3361.9421605403004,3383.060791015625,306598.0,BAJAJ-AUTO,0.0004912559828502694,False
2021-05-11,3375.4969840989834,3405.8414350132443,3332.8660312557645,3392.37451171875,453808.0,BAJAJ-AUTO,0.0027530456230226985,False
2021-05-12,3380.743570223292,3410.4759244363267,3364.3032846062283,3388.83251953125,499840.0,BAJAJ-AUTO,-0.001044104115056954,False
2021-05-13,3380.743570223292,3410.4759244363267,3364.3032846062283,3388.83251953125,499840.0,BAJAJ-AUTO,0.0,False
2021-05-14,3393.248789210855,3405.360223399259,3335.270654123441,3365.70263671875,481619.0,BAJAJ-AUTO,-0.006825324851314707,False
2021-05-17,3362.379392544449,3431.813097462698,3352.060474206164,3379.34423828125,427552.0,BAJAJ-AUTO,0.004053121453355457,False
2021-05-18,3409.3389211353024,3566.133402035902,3381.967624026099,3556.68896484375,1371585.0,BAJAJ-AUTO,0.05247903559321854,False
2021-05-19,3563.5099884598035,3595.86578467404,3539.7241485367126,3581.830322265625,788882.0,BAJAJ-AUTO,0.007068753458732591,False
2021-05-20,3581.8304165126306,3610.732056320494,3552.229362700419,3560.18701171875,465579.0,BAJAJ-AUTO,-0.0060425281489003835,False
2021-05-21,3569.806221285908,3613.355416879805,3546.1079147763885,3607.71484375,378016.0,BAJAJ-AUTO,0.0133498133313803,False
2021-05-24,3607.2341980189617,3659.5719723269376,3591.8432467088774,3622.362548828125,500267.0,BAJAJ-AUTO,0.004060106109411876,False
2021-05-25,3642.69431371978,3661.45210276484,3621.225975053548,3629.183837890625,297915.0,BAJAJ-AUTO,0.0018831050096592694,False
2021-05-26,3629.1840045393137,3655.330903353756,3622.100622414177,3643.350341796875,261524.0,BAJAJ-AUTO,0.0039034958103649764,False
2021-05-27,3646.585940591395,3737.5319688459526,3631.501142635711,3713.134033203125,878610.0,BAJAJ-AUTO,0.019153714262854393,False
2021-05-28,3707.974851585908,3721.791481872842,3662.020614569692,3672.38330078125,285520.0,BAJAJ-AUTO,-0.01097475395649039,False
2021-05-31,3664.075549671626,3697.918136643475,3643.962485795147,3666.52392578125,321021.0,BAJAJ-AUTO,-0.001595523811132038,False
2021-06-01,3677.105256056784,3801.3690977921688,3677.105256056784,3706.881591796875,1248169.0,BAJAJ-AUTO,0.011007064683759227,False
2021-06-02,3697.217898973696,3765.427412628473,3672.819966026478,3755.939208984375,351583.0,BAJAJ-AUTO,0.013234201301725257,False
2021-06-03,3755.283499230006,3760.268211609904,3709.548314802143,3736.96337890625,323999.0,BAJAJ-AUTO,-0.005052219703858385,False
2021-06-04,3729.137023633498,3756.2899173010906,3707.79977072879,3716.588134765625,374317.0,BAJAJ-AUTO,-0.005452353174140168,False
2021-06-07,3724.021435000489,3747.064098110409,3707.799980881228,3716.326171875,159646.0,BAJAJ-AUTO,-7.048477827675814e-05,False
2021-06-08,3716.5444457849294,3738.406471936607,3702.552749047858,3733.946533203125,150816.0,BAJAJ-AUTO,0.004741338761240943,False
2021-06-09,3732.285288708353,3736.220453609756,3673.6950557319096,3694.245361328125,262617.0,BAJAJ-AUTO,-0.010632496079407638,False
2021-06-10,3698.180514950466,3702.115679839868,3643.088206498852,3655.243408203125,332571.0,BAJAJ-AUTO,-0.010557488555924865,False
2021-06-11,3659.702985156718,3687.5552904064457,3639.5899221558566,3648.77197265625,188155.0,BAJAJ-AUTO,-0.0017704526960781175,False
2021-06-14,3649.209637869947,3668.885462660762,3609.114593953229,3626.035888671875,200657.0,BAJAJ-AUTO,-0.006231160553402115,False
2021-06-15,3633.4685850298574,3648.159695154206,3612.568574355658,3618.68994140625,138010.0,BAJAJ-AUTO,-0.002025889288237437,False
2021-06-16,3618.690057413941,3636.1356978717904,3587.121206642464,3594.5107421875,216236.0,BAJAJ-AUTO,-0.006681754892035263,False
2021-06-17,3602.8621238687138,3602.8621238687138,3534.696364976829,3545.058837890625,357704.0,BAJAJ-AUTO,-0.013757617613010753,False
2021-06-18,3546.02040069035,3667.004930585927,3524.158376025181,3644.0498046875,701993.0,BAJAJ-AUTO,0.027923645649778894,False
2021-06-21,3631.7196724004143,3669.322356222523,3591.012751757508,3657.64794921875,374649.0,BAJAJ-AUTO,0.0037316022722186926,False
2021-06-22,3658.216348627242,3699.579557842907,3633.730879609031,3691.709228515625,591793.0,BAJAJ-AUTO,0.009312344919403914,False
2021-06-23,3699.054810749444,3724.98308826786,3665.1686703436426,3671.59619140625,418053.0,BAJAJ-AUTO,-0.005448163943686857,False
2021-06-24,3664.075727665456,3704.4769243857263,3634.999231735891,3696.343994140625,314542.0,BAJAJ-AUTO,0.006740338927330836,False
2021-06-25,3690.3100719537474,3715.670022685183,3653.581867446151,3669.45361328125,175051.0,BAJAJ-AUTO,-0.007274858861080369,False
2021-06-28,3669.453553472239,3677.4114163843856,3643.088035350419,3658.347900390625,158954.0,BAJAJ-AUTO,-0.0030265303941787725,False
2021-06-29,3659.7032400832313,3663.070077566437,3600.23852793851,3606.92822265625,332405.0,BAJAJ-AUTO,-0.014055436807659749,False
2021-06-30,3611.606795316629,3641.3391515008334,3602.6869176642854,3614.9736328125,331122.0,BAJAJ-AUTO,0.0022305434595881746,False
2021-07-01,3621.2257327267534,3716.5441594032136,3621.2257327267534,3676.798828125,755502.0,BAJAJ-AUTO,0.017102530085232992,False
2021-07-02,3698.6177133349943,3698.6177133349943,3647.460570355896,3651.2646484375,375525.0,BAJAJ-AUTO,-0.00694467684557043,False
2021-07-05,3665.475046768368,3716.4571238594026,3661.3212615630746,3674.13232421875,375703.0,BAJAJ-AUTO,0.00626294667274685,False
2021-07-06,3675.880989123946,3715.669875767253,3648.3348368324255,3668.797607421875,515181.0,BAJAJ-AUTO,-0.0014519664307434121,False
2021-07-07,3672.8205629215663,3693.808108995404,3646.5861303292695,3662.54541015625,392794.0,BAJAJ-AUTO,-0.0017041543128399894,False
2021-07-08,3681.046685876802,3726.0113779762464,3646.531589341227,3688.827392578125,625491.0,BAJAJ-AUTO,0.007175878925349322,False
2021-07-09,3688.555991352464,3691.2248802583294,3609.845083516392,3615.182861328125,656635.0,BAJAJ-AUTO,-0.01996421177043195,False
2021-07-12,3635.177427104631,3646.034104338392,3570.8515261427256,3579.22021484375,512870.0,BAJAJ-AUTO,-0.009947670107941176,False
2021-07-13,3605.321345219058,3636.7151907994894,3577.7725725914947,3588.22216796875,614101.0,BAJAJ-AUTO,0.0025150598690930615,False
2021-07-14,3590.8456254009734,3621.696768382755,3564.608658120392,3577.13916015625,527932.0,BAJAJ-AUTO,-0.003088718394149481,False
2021-07-15,3577.2750096664818,3591.705298420288,3555.8331171380387,3564.60888671875,310788.0,BAJAJ-AUTO,-0.0035028755875834428,False
2021-07-16,3580.8940085252857,3583.246376923175,3551.038146402665,3557.325927734375,323569.0,BAJAJ-AUTO,-0.0020431298961045563,False
2021-07-19,3548.3241190949234,3563.7044123189453,3505.802131946157,3512.904296875,408067.0,BAJAJ-AUTO,-0.01248736600519107,False
2021-07-20,3517.472766059328,3557.7782233539147,3512.044427592169,3533.305419921875,467908.0,BAJAJ-AUTO,0.005807480455708225,False
2021-07-21,3517.472766059328,3557.7782233539147,3512.044427592169,3533.305419921875,467908.0,BAJAJ-AUTO,0.0,False
2021-07-22,3546.514402123793,3631.241628506343,3421.300818727202,3486.078857421875,1707977.0,BAJAJ-AUTO,-0.0133661138473119,False
2021-07-23,3503.992444534088,3551.038044099224,3460.611017572552,3475.85546875,709478.0,BAJAJ-AUTO,-0.0029326326483146703,False
2021-07-26,3484.993300491482,3502.454500093033,3465.0893927524344,3470.83447265625,408134.0,BAJAJ-AUTO,-0.0014445353493238722,False
2021-07-27,3483.183761472801,3491.3262689671537,3448.8042853855377,3457.30859375,391373.0,BAJAJ-AUTO,-0.0038970106505535895,False
2021-07-28,3468.70826624288,3475.4484089692724,3420.757943313597,3454.68505859375,235770.0,BAJAJ-AUTO,-0.0007588374266019882,False
2021-07-29,3463.0989225074645,3463.0989225074645,3392.7114252947526,3405.1513671875,355185.0,BAJAJ-AUTO,-0.014338120716107516,False
2021-07-30,3416.234294412829,3490.421585763955,3395.56128401983,3464.7275390625,511767.0,BAJAJ-AUTO,0.01749589532174234,False
2021-08-02,3504.897036661417,3510.325374869979,3449.889831972061,3475.538818359375,351187.0,BAJAJ-AUTO,0.003120383688179018,False
2021-08-03,3465.089483260755,3472.3272680821874,3443.059387358655,3463.4609375,408981.0,BAJAJ-AUTO,-0.003475110332698428,False
2021-08-04,3469.612850754645,3496.6189217909955,3452.4231130325225,3466.898681640625,363955.0,BAJAJ-AUTO,0.0009925748269321577,False
2021-08-05,3475.9461892645254,3490.421759027209,3450.252141287627,3454.911376953125,333818.0,BAJAJ-AUTO,-0.003457644940990101,False
2021-08-06,3467.803543527058,3503.404484849907,3435.459693623304,3481.23876953125,504011.0,BAJAJ-AUTO,0.007620280147777159,False
2021-08-09,3490.557186759036,3527.4246514664137,3471.467662714419,3487.843017578125,396098.0,BAJAJ-AUTO,0.0018970971209091303,False
2021-08-10,3489.5169602510296,3493.8143949311416,3424.467458392355,3436.093017578125,253258.0,BAJAJ-AUTO,-0.014837250340450803,False
2021-08-11,3437.947739631712,3443.6022589403165,3343.1327156890948,3372.03857421875,497724.0,BAJAJ-AUTO,-0.018641649987846565,False
2021-08-12,3389.816225342148,3417.1388161270447,3380.0451726371825,3410.2177734375,316454.0,BAJAJ-AUTO,0.011322290175045158,False
2021-08-13,3419.853061899628,3492.230904479514,3401.758601254656,3461.244140625,581862.0,BAJAJ-AUTO,0.014962788472029365,False
2021-08-16,3461.47039892987,3464.1845680874208,3387.28310862348,3391.30908203125,294567.0,BAJAJ-AUTO,-0.020205179337948076,False
2021-08-17,3391.806725866069,3455.5897011057486,3385.0665832968134,3444.687744140625,319770.0,BAJAJ-AUTO,0.01573983993148853,False
2021-08-18,3446.994965596876,3488.6575079790377,3415.329657513965,3467.848876953125,493285.0,BAJAJ-AUTO,0.006723724915820517,False
2021-08-19,3446.994965596876,3488.6575079790377,3415.329657513965,3467.848876953125,493285.0,BAJAJ-AUTO,0.0,False
2021-08-20,3419.8532110593264,3460.5657492862238,3370.81726474864,3394.068603515625,301943.0,BAJAJ-AUTO,-0.0212755157607456,False
2021-08-23,3427.000013876732,3427.000013876732,3299.66025718076,3318.75,455643.0,BAJAJ-AUTO,-0.02219124370014469,False
2021-08-24,3338.428172083207,3367.3793107028987,3305.5866800355625,3360.820068359375,276602.0,BAJAJ-AUTO,0.012676480108286148,False
2021-08-25,3375.9287959613675,3401.713403002575,3329.380839005013,3338.111328125,398715.0,BAJAJ-AUTO,-0.006756904497258742,False
2021-08-26,3338.1113147398382,3365.2530062533287,3320.333595150362,3339.694580078125,283891.0,BAJAJ-AUTO,0.00047429573117740986,False
2021-08-27,3354.170042910398,3392.62077133966,3328.47599744129,3346.9775390625,274822.0,BAJAJ-AUTO,0.00218072605435804,False
2021-08-30,3363.6698329369983,3398.6827926509927,3351.9989936187712,3365.931640625,561903.0,BAJAJ-AUTO,0.005663050122472368,False
2021-08-31,3377.285829978925,3382.759448550075,3352.5417873481574,3372.671875,693952.0,BAJAJ-AUTO,0.0020024870064647704,False
2021-09-01,3396.330593672325,3446.995088410112,3374.7077994486017,3400.220947265625,585605.0,BAJAJ-AUTO,0.008168322708720366,False
2021-09-02,3427.995398533601,3427.995398533601,3362.855343454578,3366.428955078125,474397.0,BAJAJ-AUTO,-0.009938175404358596,False
2021-09-03,3370.998050383608,3446.542424298538,3370.0933273427104,3399.496826171875,740269.0,BAJAJ-AUTO,0.009822833493595251,False
2021-09-06,3423.879078340291,3464.1845341105336,3410.805874535574,3420.848388671875,779715.0,BAJAJ-AUTO,0.006280800833705635,False
2021-09-07,3435.052569277119,3438.5356205413723,3403.703782620914,3411.439208984375,450262.0,BAJAJ-AUTO,-0.002750539813064612,False
2021-09-08,3410.579771956731,3410.579771956731,3363.760353374925,3370.41015625,396710.0,BAJAJ-AUTO,-0.012026904253876425,False
2021-09-09,3370.0029046368954,3373.6670772784514,3342.9517729585928,3348.018310546875,479537.0,BAJAJ-AUTO,-0.0066436560136760026,False
2021-09-10,3370.0029046368954,3373.6670772784514,3342.9517729585928,3348.018310546875,479537.0,BAJAJ-AUTO,0.0,False
2021-09-13,3346.5704733941134,3365.569656941363,3329.3807358989825,3347.068115234375,342427.0,BAJAJ-AUTO,-0.0002838082783199747,False
2021-09-14,3363.217556316773,3408.0919103316187,3338.428231782233,3393.66162109375,741880.0,BAJAJ-AUTO,0.013920692455376749,False
2021-09-15,3404.111374830997,3439.395577290117,3399.994840368165,3419.039306640625,510406.0,BAJAJ-AUTO,0.007477965802228592,False
2021-09-16,3436.1381695733494,3468.7081996166985,3419.898434880444,3450.161376953125,558125.0,BAJAJ-AUTO,0.009102577514114252,False
2021-09-17,3474.1365855098047,3509.782586082184,3447.401974640693,3458.032470703125,1304667.0,BAJAJ-AUTO,0.002281369736087946,False
2021-09-20,3450.0708146416086,3450.0708146416086,3379.140615377513,3416.279541015625,399648.0,BAJAJ-AUTO,-0.012074186706237167,False
2021-09-21,3417.1391027989284,3432.3837751810183,3343.856532683304,3373.531494140625,354217.0,BAJAJ-AUTO,-0.012513041266608793,False
2021-09-22,3376.426236538849,3410.805710544336,3367.42428686334,3399.179931640625,245919.0,BAJAJ-AUTO,0.007602845132629765,False
2021-09-23,3399.18022731197,3456.0421611689294,3399.18022731197,3437.223876953125,228970.0,BAJAJ-AUTO,0.011192095175184713,False
2021-09-24,3437.9476346626366,3482.3696253465864,3426.231515188861,3446.81396484375,363519.0,BAJAJ-AUTO,0.0027900678669572354,False
2021-09-27,3465.9938804510693,3550.856943678501,3458.575195882623,3540.54296875,962801.0,BAJAJ-AUTO,0.027192939584860687,False
2021-09-28,3554.6569381016343,3568.951606767768,3506.1636932513634,3536.291015625,478682.0,BAJAJ-AUTO,-0.0012009325017459105,False
2021-09-29,3528.419997385314,3560.899467470921,3483.1838435726822,3527.741455078125,379896.0,BAJAJ-AUTO,-0.002417663169999029,False
2021-09-30,3521.408152267594,3525.162664424932,3448.8041303729383,3467.486572265625,576711.0,BAJAJ-AUTO,-0.01708030012396855,False
2021-10-01,3456.04207284422,3511.0039984791115,3440.345039475645,3485.5361328125,407091.0,BAJAJ-AUTO,0.005205372874762526,False
2021-10-04,3489.019347460553,3514.4874351996373,3457.1731385836506,3461.42529296875,237249.0,BAJAJ-AUTO,-0.0069173977617884574,False
2021-10-05,3460.0682544735096,3504.806768094963,3456.042280809233,3495.85009765625,287612.0,BAJAJ-AUTO,0.009945268718474898,False
2021-10-06,3506.706685252192,3513.9444699482747,3401.758807158989,3410.851318359375,383507.0,BAJAJ-AUTO,-0.024314194522774724,False
2021-10-07,3451.5185459956265,3500.0568508266374,3424.3768536286884,3463.777587890625,343916.0,BAJAJ-AUTO,0.015517026276216539,False
2021-10-08,3477.3483589430675,3509.01366602034,3443.466524546317,3452.01611328125,215542.0,BAJAJ-AUTO,-0.00339556288212417,False
2021-10-11,3478.6601182441445,3510.2348642555407,3465.4060139478183,3485.083740234375,239321.0,BAJAJ-AUTO,0.009579221494911527,False
2021-10-12,3492.2311253141693,3613.916380846489,3490.42167913525,3599.6669921875,1353877.0,BAJAJ-AUTO,0.03287819188683794,False
2021-10-13,3614.3232506516106,3664.128297989096,3579.6272547280705,3589.624267578125,648769.0,BAJAJ-AUTO,-0.002789903796982074,False
2021-10-14,3591.750712833515,3627.080194121828,3577.456043654366,3588.041259765625,272066.0,BAJAJ-AUTO,-0.0004409954063432364,False
2021-10-15,3591.750712833515,3627.080194121828,3577.456043654366,3588.041259765625,272066.0,BAJAJ-AUTO,0.0,False
2021-10-18,3493.1356114388705,3591.4789604158564,3493.1356114388705,3542.85009765625,463126.0,BAJAJ-AUTO,-0.012594939365977886,False
2021-10-19,3555.7423807925934,3578.179555938758,3521.4081862459243,3538.869384765625,275481.0,BAJAJ-AUTO,-0.0011235905502348098,False
2021-10-20,3531.8124848944467,3537.3764431086097,3463.2797162154197,3481.962158203125,321450.0,BAJAJ-AUTO,-0.01608062360466822,False
2021-10-21,3501.278374608759,3505.937610192097,3410.3537036402367,3441.566650390625,373336.0,BAJAJ-AUTO,-0.011601363247826346,False
2021-10-22,3473.639012723325,3537.4672706966085,3449.7544115748333,3498.11181640625,408499.0,BAJAJ-AUTO,0.016430065653154413,False
2021-10-25,3486.8026221562604,3514.6228558436774,3379.140579593574,3405.1513671875,306195.0,BAJAJ-AUTO,-0.026574464767753492,False
2021-10-26,3419.717769953731,3448.6236294319583,3403.7945547063014,3430.48388671875,170050.0,BAJAJ-AUTO,0.00743946943896745,False
2021-10-27,3433.423899495648,3451.5183600990504,3401.758593439693,3416.6865234375,251226.0,BAJAJ-AUTO,-0.004021987491230283,False
2021-10-28,3487.662177026152,3492.231072735066,3337.387806657238,3348.108642578125,706705.0,BAJAJ-AUTO,-0.020071458235618067,False
2021-10-29,3365.569887340684,3397.099575309167,3315.8101175009697,3354.03466796875,316325.0,BAJAJ-AUTO,0.0017699620959914508,False
2021-11-01,3367.1986200795823,3392.711768402031,3330.828794098247,3371.134033203125,228051.0,BAJAJ-AUTO,0.00509814802979669,False
2021-11-02,3379.140693334955,3428.900462580851,3371.948189047161,3385.338134765625,250053.0,BAJAJ-AUTO,0.004213449071618136,False
2021-11-03,3371.179178442379,3405.332475542331,3337.568803555484,3346.02783203125,261709.0,BAJAJ-AUTO,-0.01161192801708022,False
2021-11-04,3364.2126297010227,3406.1916904733066,3364.2126297010227,3401.170654296875,65679.0,BAJAJ-AUTO,0.016480084755347013,False
2021-11-05,3364.2126297010227,3406.1916904733066,3364.2126297010227,3401.170654296875,65679.0,BAJAJ-AUTO,0.0,False
2021-11-08,3429.8050619251608,3437.947569326196,3386.9212779648988,3417.410400390625,261609.0,BAJAJ-AUTO,0.0047747519146779105,False
2021-11-09,3419.85330908688,3478.660310433612,3412.615524305744,3432.926513671875,521920.0,BAJAJ-AUTO,0.004540313121150552,False
2021-11-10,3428.900470668332,3439.3953467404467,3387.2832090190595,3412.343994140625,373526.0,BAJAJ-AUTO,-0.005995619029209864,False
2021-11-11,3414.8770097517577,3421.52681224368,3370.9979436574517,3392.666015625,446382.0,BAJAJ-AUTO,-0.005766704221325414,False
2021-11-12,3421.6626333310164,3421.6626333310164,3271.207143379584,3288.713623046875,745428.0,BAJAJ-AUTO,-0.030640325955861858,False
2021-11-15,3303.143743758605,3323.861812550564,3238.95368970948,3258.043212890625,551238.0,BAJAJ-AUTO,-0.009325959530594563,False
2021-11-16,3268.67381606817,3303.867675209467,3241.7132459060163,3264.8740234375,473529.0,BAJAJ-AUTO,0.0020965991242376525,False
2021-11-17,3266.0503806564984,3296.8109659590805,3235.6515962409053,3242.3466796875,348752.0,BAJAJ-AUTO,-0.0068999120910281375,False
2021-11-18,3248.40810370273,3252.3887967618966,3189.1487440613078,3209.55029296875,384426.0,BAJAJ-AUTO,-0.010115015437495045,False
2021-11-19,3248.40810370273,3252.3887967618966,3189.1487440613078,3209.55029296875,384426.0,BAJAJ-AUTO,0.0,False
2021-11-22,3229.861324266913,3229.861324266913,3099.5812036242146,3116.047119140625,422572.0,BAJAJ-AUTO,-0.02913279596614049,False
2021-11-23,3112.2473702383927,3119.9375163567142,3054.390373912363,3107.588134765625,713102.0,BAJAJ-AUTO,-0.002714652266661788,False
2021-11-24,3129.4372185066773,3129.4372185066773,3063.075690438864,3082.482177734375,287005.0,BAJAJ-AUTO,-0.008078920353177255,False
2021-11-25,3077.868008579941,3088.634125196359,3055.295211246741,3068.54931640625,264226.0,BAJAJ-AUTO,-0.00452001358799925,False
2021-11-26,3048.916510146559,3061.1302706471465,3003.680360144385,3016.889404296875,341506.0,BAJAJ-AUTO,-0.016835288203833287,False
2021-11-29,3004.5852492485437,3034.7578513198973,2936.911920928141,2983.95751953125,403739.0,BAJAJ-AUTO,-0.010915840905112772,False
2021-11-30,2981.9672497596302,3006.349492410465,2915.9677457347225,2931.57421875,682518.0,BAJAJ-AUTO,-0.017554975376954718,False
2021-12-01,2967.491644163176,2980.338667471122,2919.8127829588016,2939.94287109375,551434.0,BAJAJ-AUTO,0.0028546615979310186,False
2021-12-02,2949.352021505849,3019.3777218748005,2928.136309016729,3011.2802734375,502905.0,BAJAJ-AUTO,0.02426489407163568,False
2021-12-03,3017.251353193287,3024.6247576535784,2968.034507927841,2974.59375,315536.0,BAJAJ-AUTO,-0.012183031835698466,False
2021-12-06,2983.5955189780752,2985.5858653790674,2933.7451939042858,2940.12353515625,251407.0,BAJAJ-AUTO,-0.011588209261768956,False
2021-12-07,2971.96981977628,3000.966236542253,2950.301747773376,2973.326904296875,286908.0,BAJAJ-AUTO,0.011293188447219604,False
2021-12-08,2988.1646503264164,3019.9202972392004,2982.8719320677924,3014.58251953125,334037.0,BAJAJ-AUTO,0.013875236918871936,False
2021-12-09,3030.8219500909627,3030.8219500909627,2991.0141394032007,3022.679443359375,237723.0,BAJAJ-AUTO,0.002685918788311703,False
2021-12-10,3003.861271715581,3043.669083865219,3003.680371290829,3026.072265625,220039.0,BAJAJ-AUTO,0.0011224552021480427,False
2021-12-13,3046.2023464887648,3051.1330426717213,2981.062290371393,2990.5166015625,214515.0,BAJAJ-AUTO,-0.011749773614595505,False
2021-12-14,2985.586264605679,2990.109880158112,2956.6351250701086,2978.03173828125,181626.0,BAJAJ-AUTO,-0.00417481824870225,False
2021-12-15,2976.2218684680474,3012.591909036956,2962.967765137682,2980.60986328125,295667.0,BAJAJ-AUTO,0.0008657144136039463,False
2021-12-16,3010.692135034089,3010.692135034089,2919.8580290031314,2943.19970703125,324140.0,BAJAJ-AUTO,-0.012551175083617472,False
2021-12-17,2938.585795855537,2951.025738001008,2849.063492737339,2876.250244140625,3170631.0,BAJAJ-AUTO,-0.02274716959596179,False
2021-12-20,2849.787023087581,2868.9673282914173,2738.6419298493674,2809.345947265625,595625.0,BAJAJ-AUTO,-0.023260944353258095,False
2021-12-21,2815.498241895881,2858.970230327307,2797.4037801870386,2832.507080078125,326850.0,BAJAJ-AUTO,0.008244314957025267,False
2021-12-22,2833.592655562616,2871.1839433013274,2828.1643171419983,2837.075927734375,294578.0,BAJAJ-AUTO,0.001613004849443822,False
2021-12-23,2849.877725862568,2886.9260921228497,2839.021048811663,2871.681640625,224147.0,BAJAJ-AUTO,0.012197668928184191,False
2021-12-24,2878.1955719036155,2890.590233894933,2836.30684922085,2851.732421875,123753.0,BAJAJ-AUTO,-0.006946876863989093,False
2021-12-27,2845.354089813962,2871.726679273888,2824.545458950458,2853.587158203125,94069.0,BAJAJ-AUTO,0.000650389326115608,False
2021-12-28,2860.010574605489,2883.85011626777,2849.8777202206365,2873.44580078125,214640.0,BAJAJ-AUTO,0.0069591855714088435,False
2021-12-29,2884.935849571959,2957.5398799688696,2851.7325552361585,2951.6591796875,563709.0,BAJAJ-AUTO,0.02721936807890546,False
2021-12-30,2965.682223308885,2966.72256648747,2883.3524239430803,2895.837646484375,594987.0,BAJAJ-AUTO,-0.018911916927019656,False
2021-12-31,2922.2552252142323,2953.6490684423097,2910.49382647498,2939.671142578125,248103.0,BAJAJ-AUTO,0.015136724307374338,False
2022-01-03,2948.221126468309,2978.891372134733,2941.7071643139143,2964.8681640625,266680.0,BAJAJ-AUTO,0.008571374232791529,False
2022-01-04,2971.110539966352,3000.0616779928205,2959.0323987190727,2975.769775390625,244503.0,BAJAJ-AUTO,0.0036769295378002997,False
2022-01-05,2975.76970553866,3044.393036633051,2968.396301097486,3038.5576171875,312215.0,BAJAJ-AUTO,0.021099697401366635,False
2022-01-06,3026.117588882012,3102.295222673152,3015.4418131144985,3092.524169921875,410181.0,BAJAJ-AUTO,0.01776058233324762,False
2022-01-07,3109.9854864965223,3109.9854864965223,3055.2497419341835,3069.27294921875,263996.0,BAJAJ-AUTO,-0.00751852513531448,False
2022-01-10,3089.44828706141,3122.425397756388,3080.084315227688,3107.814208984375,318473.0,BAJAJ-AUTO,0.012557130109733361,False
2022-01-11,3087.8199551777207,3117.630537290421,3087.8199551777207,3109.30712890625,225782.0,BAJAJ-AUTO,0.0004803761812914864,False
2022-01-12,3117.766228991222,3123.1040066994783,3088.950711145334,3112.337890625,198452.0,BAJAJ-AUTO,0.0009747386131702118,False
2022-01-13,3117.585286662565,3143.2795555989696,3103.2002775180654,3122.199462890625,291271.0,BAJAJ-AUTO,0.003168541659737567,False
2022-01-14,3122.199314133265,3132.3321683399167,3098.676514316556,3105.7333984375,127752.0,BAJAJ-AUTO,-0.005273866916202796,False
2022-01-17,3121.294340932597,3190.9580117302235,3106.864053300445,3157.257080078125,646271.0,BAJAJ-AUTO,0.016589859794967188,False
2022-01-18,3156.533350729461,3163.997315678219,3069.3634198859945,3076.917724609375,656590.0,BAJAJ-AUTO,-0.02544593405956097,False
2022-01-19,3076.9176428772525,3132.422487282773,3060.723189528039,3109.35205078125,694189.0,BAJAJ-AUTO,0.010541174342252768,False
2022-01-20,3075.0631373665224,3119.4851282111827,2981.0624992621365,2993.50244140625,874508.0,BAJAJ-AUTO,-0.03725844082077867,False
2022-01-21,2993.502385168489,3142.9625885270766,2958.444367057336,3093.971923828125,1609260.0,BAJAJ-AUTO,0.03356251895177276,False
2022-01-24,3095.057414009238,3125.0941737342478,3030.8220803656677,3060.044677734375,788137.0,BAJAJ-AUTO,-0.010965595981159537,False
2022-01-25,3038.9648508870937,3157.4835753486027,3011.5969774904474,3138.574951171875,571406.0,BAJAJ-AUTO,0.025663113355470113,False
2022-01-26,3038.9648508870937,3157.4835753486027,3011.5969774904474,3138.574951171875,571406.0,BAJAJ-AUTO,0.0,False
2022-01-27,3116.771068956702,3199.824693431684,3070.811091456241,3167.526123046875,664333.0,BAJAJ-AUTO,0.00922430476423397,False
2022-01-28,3171.054198214238,3222.89487165056,3153.0502983936385,3163.997314453125,575466.0,BAJAJ-AUTO,-0.001114058245036853,False
2022-01-31,3184.625199458167,3244.020180522336,3154.7693382132466,3225.02099609375,470500.0,BAJAJ-AUTO,0.01928689425931851,False
2022-02-01,3236.194498044395,3250.082085849707,3176.980415886246,3197.698486328125,487464.0,BAJAJ-AUTO,-0.008472040894840327,False
2022-02-02,3202.719415775283,3243.431950721579,3185.9367599714933,3198.19580078125,212256.0,BAJAJ-AUTO,0.00015552262205176248,False
2022-02-03,3211.7668752738164,3303.0986243539114,3185.529906433552,3276.0927734375,760774.0,BAJAJ-AUTO,0.02435653646884961,False
2022-02-04,3276.0926050705957,3276.0926050705957,3211.766710212786,3225.654296875,296588.0,BAJAJ-AUTO,-0.015395924368032055,False
2022-02-07,3229.8613511624358,3229.8613511624358,3137.57959827208,3144.8173828125,286849.0,BAJAJ-AUTO,-0.025060625418171556,False
2022-02-08,3144.9079556216366,3178.24686826196,3117.585142172264,3129.120361328125,397493.0,BAJAJ-AUTO,-0.004991393640268127,False
2022-02-09,3123.1042146911054,3229.861543003258,3123.1042146911054,3224.026123046875,352729.0,BAJAJ-AUTO,0.030329853364434944,False
2022-02-10,3223.8448552501827,3240.3107700054707,3207.8310811243514,3229.273193359375,239918.0,BAJAJ-AUTO,0.0016274900116322044,False
2022-02-11,3193.672311406984,3234.384847954665,3173.76840465034,3226.830322265625,339577.0,BAJAJ-AUTO,-0.0007564770607744187,False
2022-02-14,3134.865555190257,3200.910341778681,3131.5634042127017,3155.62890625,282645.0,BAJAJ-AUTO,-0.022065435397803368,False
2022-02-15,3157.483451024235,3257.907709781739,3142.781701431357,3247.23193359375,357052.0,BAJAJ-AUTO,0.02902845361896711,False
2022-02-16,3256.0981156881776,3293.191759128916,3230.8564320401174,3245.15087890625,244587.0,BAJAJ-AUTO,-0.0006408703566784801,False
2022-02-17,3248.0463408886726,3311.286394330166,3248.0463408886726,3254.560302734375,513917.0,BAJAJ-AUTO,0.0028995335438135594,False
2022-02-18,3254.288915868123,3295.453815971542,3224.0712533748383,3286.08984375,277299.0,BAJAJ-AUTO,0.00968780359950161,False
2022-02-21,3278.852096421973,3291.337319232862,3227.46400164269,3238.456298828125,344326.0,BAJAJ-AUTO,-0.014495509005169716,False
2022-02-22,3184.6251247672044,3270.5738142140467,3180.1015095331604,3257.63623046875,432562.0,BAJAJ-AUTO,0.005922553794400542,False
2022-02-23,3270.6648305129047,3293.1017884957782,3229.8617270656096,3239.180419921875,209392.0,BAJAJ-AUTO,-0.005665399461811438,False
2022-02-24,3153.412178427229,3220.180783431714,3107.723664581131,3147.44091796875,628362.0,BAJAJ-AUTO,-0.02832182529534355,False
2022-02-25,3157.573872537216,3220.813922724243,3157.573872537216,3174.130126953125,327777.0,BAJAJ-AUTO,0.00847965368690673,False
2022-02-28,3164.4499163159358,3221.7189322444865,3119.5305031272387,3193.9892578125,387040.0,BAJAJ-AUTO,0.006256558510547849,False
2022-03-01,3164.4499163159358,3221.7189322444865,3119.5305031272387,3193.9892578125,387040.0,BAJAJ-AUTO,0.0,False
2022-03-02,3164.9929151438178,3164.9929151438178,3015.442140164068,3050.997802734375,982580.0,BAJAJ-AUTO,-0.04476892172644842,False
2022-03-03,3075.153842798944,3080.4012809990704,2966.5870698845947,2982.962646484375,536758.0,BAJAJ-AUTO,-0.022299313421014322,False
2022-03-04,2941.25458336904,2972.874609229637,2850.782279974114,2933.20263671875,509620.0,BAJAJ-AUTO,-0.016681405589932696,False
2022-03-07,2881.542749687791,2966.5867115310098,2827.259369787864,2926.462158203125,335205.0,BAJAJ-AUTO,-0.002297992791648773,False
2022-03-08,2921.3506965783517,3034.848157786675,2873.128914363516,3001.056884765625,557492.0,BAJAJ-AUTO,0.025489728733858685,False
2022-03-09,3003.680622824012,3039.869545990566,2979.253099686588,3020.870361328125,508262.0,BAJAJ-AUTO,0.006602166277847044,False
2022-03-10,3075.153680931572,3112.24732639147,3062.849358963744,3096.279052734375,350154.0,BAJAJ-AUTO,0.024962571175380255,False
2022-03-11,3076.0583135909656,3117.22321161108,3063.799272312343,3096.866943359375,156038.0,BAJAJ-AUTO,0.00018987003916226541,False
2022-03-14,3077.8677688486737,3134.820039795914,3047.107185620909,3123.6015625,245299.0,BAJAJ-AUTO,0.0086327955412977,False
2022-03-15,3113.152060085148,3161.1023824288022,3099.8979555627734,3124.958740234375,229544.0,BAJAJ-AUTO,0.00043449130986106255,False
2022-03-16,3157.528755972707,3249.9461280899054,3149.3409681135167,3229.680419921875,262987.0,BAJAJ-AUTO,0.03351137995493847,False
2022-03-17,3238.908305596692,3315.67413968315,3234.9726722366404,3302.64599609375,429272.0,BAJAJ-AUTO,0.02259219696221204,False
2022-03-18,3238.908305596692,3315.67413968315,3234.9726722366404,3302.64599609375,429272.0,BAJAJ-AUTO,0.0,False
2022-03-21,3302.646344667929,3363.760433294929,3239.1348282152157,3247.096435546875,432309.0,BAJAJ-AUTO,-0.01681971383326486,False
2022-03-22,3238.908670793177,3313.095964370004,3224.885462860972,3308.07470703125,213667.0,BAJAJ-AUTO,0.018779322602442194,False
2022-03-23,3315.764741523306,3332.411778390002,3247.95579221006,3258.360107421875,281347.0,BAJAJ-AUTO,-0.015028257827342184,False
2022-03-24,3248.2271274777563,3291.29181102806,3229.5897447727752,3242.436767578125,385957.0,BAJAJ-AUTO,-0.004886918363467552,False
2022-03-25,3249.7652335100943,3310.5172986744365,3249.7652335100943,3306.1748046875,492945.0,BAJAJ-AUTO,0.019657449528917903,False
2022-03-28,3306.174915243897,3380.9501903472647,3297.760946323456,3336.392578125,688267.0,BAJAJ-AUTO,0.00913979907978768,False
2022-03-29,3345.4850603176296,3379.1407148275302,3312.0555865784672,3337.614013671875,376929.0,BAJAJ-AUTO,0.00036609467209691715,False
2022-03-30,3374.300156300418,3374.300156300418,3316.0360815925774,3324.04296875,343930.0,BAJAJ-AUTO,-0.004066091784815096,False
2022-03-31,3329.380891989461,3361.181819494509,3289.663637635253,3304.953369140625,511249.0,BAJAJ-AUTO,-0.005742885934038822,False
2022-04-01,3289.5730915884774,3389.0926295628265,3289.5730915884774,3383.57373046875,391985.0,BAJAJ-AUTO,0.0237886446635609,False
2022-04-04,3392.711409835683,3412.615316773385,3362.312627251696,3405.060791015625,419517.0,BAJAJ-AUTO,0.006350404116625574,False
2022-04-05,3406.282553445534,3455.997044810592,3406.282553445534,3446.7236328125,339228.0,BAJAJ-AUTO,0.012235564753147354,False
2022-04-06,3438.85234925145,3446.9948567871675,3385.1118878675743,3439.576171875,240470.0,BAJAJ-AUTO,-0.0020736971393519044,False
2022-04-07,3439.6213534353155,3455.6801872807414,3411.755839826197,3439.983154296875,224527.0,BAJAJ-AUTO,0.00011832342170614574,False
2022-04-08,3449.075689189377,3470.5175810590936,3408.091691305945,3447.3115234375,229962.0,BAJAJ-AUTO,0.0021303502988005985,False
2022-04-11,3456.0420176008947,3460.565632807178,3409.1320395598714,3426.32177734375,135225.0,BAJAJ-AUTO,-0.006088729130235393,False
2022-04-12,3409.448768582998,3416.867453318407,3325.807167898772,3358.377197265625,266145.0,BAJAJ-AUTO,-0.019830180728325764,False
2022-04-13,3358.3771352668,3390.449522194755,3319.519325679349,3345.032470703125,198206.0,BAJAJ-AUTO,-0.003973563950280923,False
2022-04-14,3358.3771352668,3390.449522194755,3319.519325679349,3345.032470703125,198206.0,BAJAJ-AUTO,0.0,False
2022-04-15,3358.3771352668,3390.449522194755,3319.519325679349,3345.032470703125,198206.0,BAJAJ-AUTO,0.0,False
2022-04-18,3338.4280508145844,3400.175398908919,3297.941694371779,3360.684326171875,373718.0,BAJAJ-AUTO,0.004679134090874726,False
2022-04-19,3383.664405248548,3414.967912964478,3273.604928119535,3308.7080078125,211918.0,BAJAJ-AUTO,-0.015465992433327025,False
2022-04-20,3316.714944536132,3379.095559232475,3304.3202820180813,3366.24853515625,174080.0,BAJAJ-AUTO,0.017390633204225292,False
2022-04-21,3351.998745979677,3383.211689768152,3329.4712314233298,3349.601318359375,216475.0,BAJAJ-AUTO,-0.004945332058229113,False
2022-04-22,3320.333496428878,3342.725391261743,3277.6758942203483,3295.45361328125,228316.0,BAJAJ-AUTO,-0.016165417890582345,False
2022-04-25,3258.812754721249,3369.867520307599,3257.003308438783,3332.050048828125,444222.0,BAJAJ-AUTO,0.011105128410664022,False
2022-04-26,3351.953652116552,3532.943544183361,3351.953652116552,3521.272705078125,1107122.0,BAJAJ-AUTO,0.05678865967711055,False
2022-04-27,3501.2782057393565,3545.60963521771,3479.564852525469,3533.531494140625,541564.0,BAJAJ-AUTO,0.003481351797837595,False
2022-04-28,3618.892297841892,3618.892297841892,3442.4712983221,3469.070068359375,1628318.0,BAJAJ-AUTO,-0.018242776635256086,False
2022-04-29,3442.4712722118675,3474.136579577811,3357.7440452831406,3374.2099609375,594650.0,BAJAJ-AUTO,-0.02734453486168331,False
2022-05-02,3365.569806216303,3365.569806216303,3262.4313766709647,3278.21875,376660.0,BAJAJ-AUTO,-0.02844849966326024,False
2022-05-03,3365.569806216303,3365.569806216303,3262.4313766709647,3278.21875,376660.0,BAJAJ-AUTO,0.0,False
2022-05-04,3279.6209369180374,3332.094871908726,3153.3215153816955,3163.725830078125,575428.0,BAJAJ-AUTO,-0.03492534472322051,False
2022-05-05,3201.634070835681,3252.4794636152933,3175.9398029068643,3188.153564453125,323081.0,BAJAJ-AUTO,0.007721191938555805,False
2022-05-06,3155.945652121143,3216.2906390635044,3130.3419440674334,3166.3046875,436366.0,BAJAJ-AUTO,-0.006853144464787686,False
2022-05-09,3157.483287954247,3243.1605123655013,3148.436057902802,3228.730224609375,502719.0,BAJAJ-AUTO,0.019715581180743458,False
2022-05-10,3225.292524933826,3299.2536372985783,3202.7197280883443,3250.71533203125,507087.0,BAJAJ-AUTO,0.006809211638155732,False
2022-05-11,3257.0031261838403,3282.2900923903635,3200.2770325787374,3268.62890625,437746.0,BAJAJ-AUTO,0.005510656083058674,False
2022-05-12,3243.43212890625,3305.8580192534,3201.995769108589,3243.43212890625,777332.0,BAJAJ-AUTO,-0.007708668700680876,False
2022-05-13,3273.3334066138445,3380.045450468634,3273.3334066138445,3295.092041015625,633218.0,BAJAJ-AUTO,0.015927545284197375,False
2022-05-16,3302.239325019865,3370.093557725753,3302.239325019865,3361.8154296875,401803.0,BAJAJ-AUTO,0.020249324705148286,False
2022-05-17,3370.183948085505,3426.1862169636547,3370.183948085505,3386.287841796875,402398.0,BAJAJ-AUTO,0.007279522811771244,False
2022-05-18,3386.3782348295144,3464.6367753886257,3380.2260741703267,3429.98583984375,507061.0,BAJAJ-AUTO,0.012904395635690458,False
2022-05-19,3340.1470332404047,3418.043778373084,3329.42619732624,3346.16357421875,261026.0,BAJAJ-AUTO,-0.02443807920467056,False
2022-05-20,3401.7590525812434,3482.279413134363,3379.140973774187,3426.910400390625,396832.0,BAJAJ-AUTO,0.024131165252651243,False
2022-05-23,3470.517523328177,3505.349359784938,3410.805803688016,3425.4169921875,339483.0,BAJAJ-AUTO,-0.00043578851753889314,False
2022-05-24,3453.68979163766,3475.9460677214192,3411.756009475478,3422.8388671875,369304.0,BAJAJ-AUTO,-0.0007526455920199293,False
2022-05-25,3451.111503007254,3455.1374765770065,3385.6999795025667,3430.529052734375,225253.0,BAJAJ-AUTO,0.002246727305978524,False
2022-05-26,3438.943065828788,3501.2783991043884,3396.375799772271,3489.833740234375,419826.0,BAJAJ-AUTO,0.017287329909866145,False
2022-05-27,3505.8019663222817,3519.3728126435294,3458.801646072293,3467.848876953125,422591.0,BAJAJ-AUTO,-0.0062996878698793335,False
2022-05-30,3492.231235934472,3531.269950129385,3476.89622325831,3489.24560546875,271827.0,BAJAJ-AUTO,0.006170029108772512,False
2022-05-31,3506.706545642436,3580.8938358237265,3473.231792755757,3495.9404296875,1154256.0,BAJAJ-AUTO,0.0019187024863647206,False
2022-06-01,3507.792262976212,3532.0388855674114,3354.0799008521776,3365.660400390625,784215.0,BAJAJ-AUTO,-0.03726608960225353,False
2022-06-02,3365.660390127337,3392.620960982256,3317.031524983812,3337.251953125,346754.0,BAJAJ-AUTO,-0.008440675494868044,False
2022-06-03,3364.665089405777,3378.145374765168,3302.239197722799,3322.7763671875,409815.0,BAJAJ-AUTO,-0.004337576587211234,False
2022-06-06,3311.286127951434,3501.051774218596,3302.691259586533,3453.32763671875,1136609.0,BAJAJ-AUTO,0.03928981523416586,False
2022-06-07,3406.2823753282028,3486.485987526896,3406.2823753282028,3468.798828125,561644.0,BAJAJ-AUTO,0.004480082121877782,False
2022-06-08,3468.2559712996176,3483.183902309516,3409.041889136288,3432.655029296875,346603.0,BAJAJ-AUTO,-0.010419687222871343,False
2022-06-09,3432.6546666105514,3523.89606910074,3419.31000242076,3509.103759765625,627869.0,BAJAJ-AUTO,0.022271020483060067,False
2022-06-10,3579.355915761108,3592.6553006760705,3483.183809519736,3511.230224609375,1412838.0,BAJAJ-AUTO,0.0006059851715218834,False
2022-06-13,3460.565868432971,3523.941765964127,3432.926533464717,3511.45654296875,519745.0,BAJAJ-AUTO,6.445557394352264e-05,False
2022-06-14,3514.8493300729524,3542.6695660831824,3259.672129256845,3330.96435546875,1733394.0,BAJAJ-AUTO,-0.05140094581589305,False
2022-06-15,3347.474988806673,3386.061335123092,3297.7152254595467,3345.756103515625,753821.0,BAJAJ-AUTO,0.004440680376117001,False
2022-06-16,3380.769032723503,3380.769032723503,3286.858738865697,3309.65771484375,438590.0,BAJAJ-AUTO,-0.010789306678374966,False
2022-06-17,3320.3335044606238,3360.096037265905,3271.116660212302,3283.194580078125,727356.0,BAJAJ-AUTO,-0.007995731596937783,False
2022-06-20,3275.323702996793,3292.106360166465,3234.2040835303783,3271.433349609375,268242.0,BAJAJ-AUTO,-0.0035822520359027887,False
2022-06-21,3285.049347114288,3324.8571607394683,3271.523781888026,3297.941650390625,424763.0,BAJAJ-AUTO,0.00810296220291784,False
2022-06-22,3297.7155967294902,3366.926911722578,3269.804801612441,3289.25634765625,585483.0,BAJAJ-AUTO,-0.002633552577664955,False
2022-06-23,3329.471105425764,3434.328409774888,3316.035880908169,3424.195556640625,1186420.0,BAJAJ-AUTO,0.04102423001494726,False
2022-06-24,3438.6715599662766,3475.358125391761,3421.617441391131,3450.02587890625,558798.0,BAJAJ-AUTO,0.0075434716967410775,False
2022-06-27,3501.2785022264584,3581.3012186505066,3453.3281764853728,3493.31689453125,1819576.0,BAJAJ-AUTO,0.012548026346609342,False
2022-06-28,3474.091306839528,3534.9339332684635,3422.612652532559,3518.468017578125,799053.0,BAJAJ-AUTO,0.00719978284427869,False
2022-06-29,3510.3255256688376,3528.419987141357,3488.6574522314263,3499.061767578125,524392.0,BAJAJ-AUTO,-0.005515539690299054,False
2022-06-30,3520.135360184805,3537.3606475508345,3465.6905999472806,3479.395751953125,715926.0,BAJAJ-AUTO,-0.0056203682390585374,False
2022-07-01,3443.11499338461,3453.2060487892945,3380.362846815196,3402.42236328125,756589.0,BAJAJ-AUTO,-0.02212263110014623,False
2022-07-04,3421.008172732963,3468.6473367705166,3386.839484679666,3454.19140625,536505.0,BAJAJ-AUTO,0.015215348784277438,False
2022-07-05,3473.200436155047,3473.200436155047,3438.4684317934966,3457.0078125,294980.0,BAJAJ-AUTO,0.0008153590576664982,False
2022-07-06,3456.3037678622927,3545.762192045375,3449.8735619037043,3541.772705078125,333226.0,BAJAJ-AUTO,0.02451972838233929,False
2022-07-07,3554.210415723421,3600.957860449372,3552.990056262659,3562.846435546875,534547.0,BAJAJ-AUTO,0.005950051633334619,False
2022-07-08,3595.231599775327,3595.231599775327,3560.217940710043,3590.5380859375,326804.0,BAJAJ-AUTO,0.0077723390248714,False
2022-07-11,3585.844764106511,3621.51547118401,3562.3771936607877,3612.644775390625,372417.0,BAJAJ-AUTO,0.006156929386073484,False
2022-07-12,3616.821776428269,3626.208804137659,3597.155999212191,3611.987548828125,244636.0,BAJAJ-AUTO,-0.00018192393754767888,False
2022-07-13,3621.515491064924,3641.1812693713,3612.128462835103,3624.096923828125,308508.0,BAJAJ-AUTO,0.00335255170077442,False
2022-07-14,3622.360016640985,3647.751972328583,3605.5573287784687,3626.396484375,377688.0,BAJAJ-AUTO,0.0006345196045269841,False
2022-07-15,3626.2088790861512,3678.776235345231,3624.33147350547,3673.47265625,281730.0,BAJAJ-AUTO,0.012981529206151698,False
2022-07-18,3689.1021767767943,3745.424347414608,3684.502624511573,3739.839111328125,513318.0,BAJAJ-AUTO,0.018066407807666662,False
2022-07-19,3733.268130960627,3788.6046168810126,3722.8954188677135,3756.688720703125,512451.0,BAJAJ-AUTO,0.004505436964911569,False
2022-07-20,3771.707859564407,3806.439863248798,3753.872506321071,3756.735595703125,377717.0,BAJAJ-AUTO,1.247774396140322e-05,False
2022-07-21,3759.176093364572,3821.083726645169,3748.662667792084,3808.3642578125,371547.0,BAJAJ-AUTO,0.01374295869222908,False
2022-07-22,3815.826838271423,3840.233110791732,3797.287458183881,3805.970458984375,280291.0,BAJAJ-AUTO,-0.0006285635160067082,False
2022-07-25,3805.970625986984,3824.228350203789,3753.215572751799,3774.664794921875,372987.0,BAJAJ-AUTO,-0.008225409103898795,False
2022-07-26,3767.952912752566,3782.972157048541,3676.8987442082216,3684.9716796875,882407.0,BAJAJ-AUTO,-0.023761875585625702,False
2022-07-27,3691.9181573711753,3717.263133279902,3609.453023716474,3645.781005859375,514997.0,BAJAJ-AUTO,-0.010635271376481348,False
2022-07-28,3645.92159657876,3673.8010233024656,3611.1895937277263,3621.75,423758.0,BAJAJ-AUTO,-0.006591456212195146,False
2022-07-29,3660.002214538768,3709.988138602423,3640.289455753101,3674.505126953125,412805.0,BAJAJ-AUTO,0.014566197819596782,False
2022-08-01,3679.667917736072,3743.781363464512,3675.021384808767,3729.747802734375,459482.0,BAJAJ-AUTO,0.015034045095225324,False
2022-08-02,3729.747695106391,3759.5045265475896,3699.756187976893,3751.243896484375,398168.0,BAJAJ-AUTO,0.005763417498159118,False
2022-08-03,3753.872379053442,3764.1981095284577,3720.126060290646,3758.049560546875,312355.0,BAJAJ-AUTO,0.001814241955549356,False
2022-08-04,3765.136899193113,3787.665766203992,3732.282301468915,3765.7939453125,310996.0,BAJAJ-AUTO,0.002060745778056816,False
2022-08-05,3778.278625519524,3790.716437143905,3748.2871180414895,3767.108154296875,287542.0,BAJAJ-AUTO,0.0003489858987135719,False
2022-08-08,3767.0141199363416,3792.2651321351495,3754.8109842375698,3776.072509765625,238574.0,BAJAJ-AUTO,0.0023796384657883696,False
2022-08-09,3767.0141199363416,3792.2651321351495,3754.8109842375698,3776.072509765625,238574.0,BAJAJ-AUTO,0.0,False
2022-08-10,3767.9531011125846,3816.765647514641,3767.9531011125846,3787.525146484375,218912.0,BAJAJ-AUTO,0.0030329493644869476,False
2022-08-11,3801.840370932934,3809.490707221551,3775.791367760286,3786.2578125,277432.0,BAJAJ-AUTO,-0.0003346074112673403,False
2022-08-12,3786.257770963445,3811.133395341909,3767.71839053044,3790.48193359375,217139.0,BAJAJ-AUTO,0.0011156453952514411,False
2022-08-15,3786.257770963445,3811.133395341909,3767.71839053044,3790.48193359375,217139.0,BAJAJ-AUTO,0.0,False
2022-08-16,3790.4818183065936,3848.681390553996,3790.4818183065936,3840.373779296875,302627.0,BAJAJ-AUTO,0.013162401662160761,False
2022-08-17,3844.081972058992,3867.878179982236,3811.133411730729,3818.549072265625,313179.0,BAJAJ-AUTO,-0.005682964285639414,False
2022-08-18,3828.968450896688,3828.968450896688,3792.82839564797,3811.7431640625,451908.0,BAJAJ-AUTO,-0.0017823283331768192,False
2022-08-19,3803.623710128557,3837.839381034374,3801.746304546065,3824.79150390625,223883.0,BAJAJ-AUTO,0.00342319492214771,False
2022-08-22,3782.972283974877,3823.711893824411,3763.071830450107,3793.861328125,388178.0,BAJAJ-AUTO,-0.008086761265198694,False
2022-08-23,3778.2787672767886,3823.1957878946096,3769.8774230579415,3815.310546875,172256.0,BAJAJ-AUTO,0.005653664405441239,False
2022-08-24,3802.1685635982712,3833.615106183914,3802.1685635982712,3816.53076171875,245586.0,BAJAJ-AUTO,0.0003198205830845513,False
2022-08-25,3823.336352349917,3844.597878254173,3802.778853517663,3813.90234375,374693.0,BAJAJ-AUTO,-0.0006886929866029012,False
2022-08-26,3825.21383380878,3871.5389077362656,3793.720309660976,3805.87646484375,453561.0,BAJAJ-AUTO,-0.0021043745179795126,False
2022-08-29,3778.231811131168,3801.7463622438486,3741.200031289595,3783.019287109375,608621.0,BAJAJ-AUTO,-0.006005759237199371,False
2022-08-30,3801.980996690324,3875.8570900213385,3765.653244347058,3834.460205078125,740581.0,BAJAJ-AUTO,0.01359784713338219,False
2022-08-31,3801.980996690324,3875.8570900213385,3765.653244347058,3834.460205078125,740581.0,BAJAJ-AUTO,0.0,False
2022-09-01,3764.1982837746177,3878.485351368024,3764.1982837746177,3826.434326171875,510034.0,BAJAJ-AUTO,-0.002093092241672201,False
2022-09-02,3829.907292094045,3851.309531856539,3778.654029309064,3783.81689453125,556543.0,BAJAJ-AUTO,-0.011137635722409334,False
2022-09-05,3801.7461579157616,3807.237660702942,3702.525322543031,3714.1181640625,799837.0,BAJAJ-AUTO,-0.018420217576988307,False
2022-09-06,3719.14037620298,3745.424053773319,3679.245508462287,3688.53857421875,508096.0,BAJAJ-AUTO,-0.006887123326138611,False
2022-09-07,3675.021494710884,3696.142307898878,3577.584097368509,3609.92236328125,724097.0,BAJAJ-AUTO,-0.021313647493615084,False
2022-09-08,3627.992286535906,3642.1198092247378,3604.61867895972,3610.814208984375,493973.0,BAJAJ-AUTO,0.0002470539843728581,False
2022-09-09,3628.8842735231738,3642.166826335621,3599.92520077245,3612.691650390625,485613.0,BAJAJ-AUTO,0.0005199496007239901,False
2022-09-12,3604.618782521568,3651.3662281924926,3590.538240402343,3633.0615234375,369281.0,BAJAJ-AUTO,0.005638420053001969,False
2022-09-13,3628.086330562302,3651.5539006176855,3618.699302540149,3629.494384765625,507487.0,BAJAJ-AUTO,-0.000981854738452026,False
2022-09-14,3581.1512046067423,3678.7293154476265,3577.959706736791,3614.240478515625,576311.0,BAJAJ-AUTO,-0.004202763424576816,False
2022-09-15,3628.086400123159,3646.4850670695305,3521.4029162761512,3537.0322265625,351737.0,BAJAJ-AUTO,-0.021362234309553862,False
2022-09-16,3567.07054479842,3567.07054479842,3450.765362652685,3463.390869140625,579176.0,BAJAJ-AUTO,-0.02082009795354456,False
2022-09-19,3473.200282151706,3503.0980573317725,3436.684835720358,3480.944580078125,454942.0,BAJAJ-AUTO,0.0050683597666976166,False
2022-09-20,3498.357636162138,3574.4862956342854,3496.667925289317,3537.595458984375,268923.0,BAJAJ-AUTO,0.016274570767506713,False
2022-09-21,3542.523701336296,3574.063978337349,3495.7292744535566,3501.9248046875,197924.0,BAJAJ-AUTO,-0.010083305089699457,False
2022-09-22,3491.974493985494,3529.522606824048,3473.2004375662173,3500.328857421875,149651.0,BAJAJ-AUTO,-0.00045573430459977526,False
2022-09-23,3501.3614736064237,3538.9095859239187,3457.2424416333665,3472.167724609375,158122.0,BAJAJ-AUTO,-0.008045282017656419,False
2022-09-26,3444.0065166212858,3460.76245281109,3347.4140928254824,3355.39306640625,517637.0,BAJAJ-AUTO,-0.033631629421433606,False
2022-09-27,3369.942954813683,3374.5894877045835,3294.9406949268805,3324.791259765625,344198.0,BAJAJ-AUTO,-0.009120185335961484,False
2022-09-28,3308.927588573015,3354.8300668549327,3290.1535313328845,3328.54638671875,181128.0,BAJAJ-AUTO,0.001129432394318064,False
2022-09-29,3344.598236109064,3345.3962251973644,3252.652338293621,3263.588134765625,350931.0,BAJAJ-AUTO,-0.0195155014850672,False
2022-09-30,3272.7872987219635,3336.1027564861192,3249.0850531195742,3311.5087890625,276996.0,BAJAJ-AUTO,0.014683425823986962,False
2022-10-03,3311.508964242621,3341.688169064633,3261.9923891270946,3299.869140625,442640.0,BAJAJ-AUTO,-0.0035149079102384517,False
2022-10-04,3332.864320672387,3379.236147729473,3322.256933104125,3360.1806640625,317554.0,BAJAJ-AUTO,0.018276943983929206,False
2022-10-05,3332.864320672387,3379.236147729473,3322.256933104125,3360.1806640625,317554.0,BAJAJ-AUTO,0.0,False
2022-10-06,3376.983255925181,3395.428673908616,3351.168929437914,3374.307861328125,353529.0,BAJAJ-AUTO,0.004204296934601448,False
2022-10-07,3360.6030813548814,3444.0066895251857,3360.556100378716,3382.66259765625,591544.0,BAJAJ-AUTO,0.002475985200958153,False
2022-10-10,3339.2946588552613,3402.703852723557,3312.729322494535,3395.2412109375,240975.0,BAJAJ-AUTO,0.003718553925527557,False
2022-10-11,3412.2316633692203,3412.2316633692203,3303.85847080476,3312.447509765625,258827.0,BAJAJ-AUTO,-0.02438521920185277,False
2022-10-12,3329.015348390508,3429.0811534349564,3300.3381626541195,3402.328125,496229.0,BAJAJ-AUTO,0.02713420060827909,False
2022-10-13,3395.147352202875,3425.138861166571,3369.943090067964,3383.8359375,336605.0,BAJAJ-AUTO,-0.005435156992684265,False
2022-10-14,3435.6053493718546,3438.4684388155765,3334.413139271312,3351.638427734375,499983.0,BAJAJ-AUTO,-0.009515091854427449,False
2022-10-17,3360.556052642343,3449.545124675903,3358.6786470263414,3406.552490234375,921084.0,BAJAJ-AUTO,0.016384244208919707,False
2022-10-18,3423.5898581975857,3440.205081257392,3381.301479992239,3389.9375,496519.0,BAJAJ-AUTO,-0.004877362166590848,False
2022-10-19,3406.927720346106,3489.1111931779583,3401.624141399146,3431.756591796875,456361.0,BAJAJ-AUTO,0.0123362427174174,False
2022-10-20,3406.880883397745,3476.8609893717858,3366.1880279209813,3465.5498046875,310251.0,BAJAJ-AUTO,0.009847205647219415,False
2022-10-21,3472.2615703926363,3492.302966341792,3418.5208364361674,3443.72509765625,207556.0,BAJAJ-AUTO,-0.006297617480992446,False
2022-10-24,3487.2809321608056,3491.9744462013987,3454.4263338766527,3473.0126953125,29986.0,BAJAJ-AUTO,0.008504627061022507,False
2022-10-25,3472.2616779738405,3498.5453565310904,3420.6330236649565,3430.114013671875,351456.0,BAJAJ-AUTO,-0.01235200830061034,False
2022-10-26,3472.2616779738405,3498.5453565310904,3420.6330236649565,3430.114013671875,351456.0,BAJAJ-AUTO,0.0,False
2022-10-27,3464.3766303920243,3464.3766303920243,3385.1029959339144,3400.26318359375,333703.0,BAJAJ-AUTO,-0.008702576637145132,False
2022-10-28,3417.300529634965,3491.035679702554,3408.42983409518,3445.6962890625,500485.0,BAJAJ-AUTO,0.013361643795093414,False
2022-10-31,3462.9685017884,3479.1611246705497,3434.807418515096,3446.77587890625,314769.0,BAJAJ-AUTO,0.00031331543850132704,False
2022-11-01,3460.574952303017,3514.6910786029744,3438.4684548946807,3503.89599609375,514106.0,BAJAJ-AUTO,0.01657204274204971,False
2022-11-02,3516.3806487327493,3516.3806487327493,3467.1927142434147,3507.74462890625,317571.0,BAJAJ-AUTO,0.0010983867148997017,False
2022-11-03,3523.8903634877684,3580.2125323234814,3502.3471797432067,3542.195068359375,637882.0,BAJAJ-AUTO,0.009821250717406693,False
2022-11-04,3547.7804140460403,3576.363869779524,3532.244836159708,3539.9423828125,230932.0,BAJAJ-AUTO,-0.0006359575075345347,False
2022-11-07,3557.6838137913983,3584.577558866613,3528.11467391424,3538.76904296875,272013.0,BAJAJ-AUTO,-0.0003314573280760458,False
2022-11-08,3557.6838137913983,3584.577558866613,3528.11467391424,3538.76904296875,272013.0,BAJAJ-AUTO,0.0,False
2022-11-09,3557.683435814007,3561.4382468280587,3489.95612381824,3510.325927734375,249436.0,BAJAJ-AUTO,-0.00803757320384868,False
2022-11-10,3510.326041252495,3538.90949518621,3489.158247641152,3496.29248046875,291055.0,BAJAJ-AUTO,-0.003997761904314778,False
2022-11-11,3513.799128254897,3552.0042849897536,3481.1792071417312,3499.1552734375,268871.0,BAJAJ-AUTO,0.0008188082046174383,False
2022-11-14,3516.662402436881,3537.0322076917278,3483.009814841592,3497.606689453125,200313.0,BAJAJ-AUTO,-0.00044255937886794605,False
2022-11-15,3497.653530427544,3556.7448244443267,3497.653530427544,3533.41796875,296104.0,BAJAJ-AUTO,0.010238795403972212,False
2022-11-16,3526.7061118709958,3565.6622746718062,3510.419528041915,3517.741455078125,329588.0,BAJAJ-AUTO,-0.004436642879647956,False
2022-11-17,3519.1966787516,3536.42196622203,3452.924171631991,3467.708740234375,185433.0,BAJAJ-AUTO,-0.01422296535509282,False
2022-11-18,3467.7088187991208,3479.630527568352,3399.042801404759,3410.26025390625,327528.0,BAJAJ-AUTO,-0.016566698829568405,False
2022-11-21,3393.4108468856844,3422.3229408768234,3385.337910600485,3397.635009765625,226673.0,BAJAJ-AUTO,-0.003702135086659064,False
2022-11-22,3413.123507724115,3419.6944275684687,3365.249663143826,3397.259521484375,322261.0,BAJAJ-AUTO,-0.00011051460211908282,False
2022-11-23,3400.169222228236,3430.1607307287973,3374.636552009189,3386.698974609375,340707.0,BAJAJ-AUTO,-0.003108548760615615,False
2022-11-24,3395.4757456029884,3407.1625497080117,3377.875067982325,3398.244873046875,397640.0,BAJAJ-AUTO,0.003409189456772266,False
2022-11-25,3409.6031707329835,3428.799596738065,3380.2687088745192,3417.11279296875,224797.0,BAJAJ-AUTO,0.005552254362693354,False
2022-11-28,3407.6789321408496,3482.5874630297967,3407.6789321408496,3451.32861328125,185431.0,BAJAJ-AUTO,0.010013078989638435,False
2022-11-29,3454.7548248071066,3470.384134228313,3428.142509656965,3435.74609375,134922.0,BAJAJ-AUTO,-0.00451493360304378,False
2022-11-30,3449.685744694757,3541.6316364050413,3445.9779145389984,3520.79248046875,1267676.0,BAJAJ-AUTO,0.02475339690364753,False
2022-12-01,3514.550389239332,3514.550389239332,3374.0266209139327,3480.334716796875,514227.0,BAJAJ-AUTO,-0.011491095796276163,False
2022-12-02,3479.771333774288,3484.7934855026697,3417.629253281936,3435.042236328125,349992.0,BAJAJ-AUTO,-0.013013828885525935,False
2022-12-05,3446.9167453697064,3446.9167453697064,3415.0008495792463,3435.558349609375,163476.0,BAJAJ-AUTO,0.00015024947169250957,False
2022-12-06,3428.142566810765,3473.012605716386,3418.849500920327,3468.319091796875,251515.0,BAJAJ-AUTO,0.00953578395524124,False
2022-12-07,3468.319066577697,3481.2262297625,3407.068710373449,3411.85595703125,167024.0,BAJAJ-AUTO,-0.016279682829405506,False
2022-12-08,3412.2317245616987,3434.291240785705,3396.2267956789697,3413.26416015625,141912.0,BAJAJ-AUTO,0.00041273815270481684,False
2022-12-09,3426.265385814012,3444.3823965658817,3380.268946388016,3395.2412109375,166035.0,BAJAJ-AUTO,-0.005280267911618397,False
2022-12-12,3395.2410476053783,3402.422261532745,3354.5014377438088,3376.279296875,171844.0,BAJAJ-AUTO,-0.0055848503491933155,False
2022-12-13,3393.176173734544,3418.755826749072,3371.163637434206,3413.82763671875,126272.0,BAJAJ-AUTO,0.011121218519600573,False
2022-12-14,3426.265310639619,3443.1149805102687,3417.816985216124,3428.189697265625,132320.0,BAJAJ-AUTO,0.0042070256835460285,False
2022-12-15,3412.184609312609,3431.8973677157906,3388.7170397850123,3397.447021484375,161541.0,BAJAJ-AUTO,-0.00896761220820741,False
2022-12-16,3392.237223851004,3405.519776723871,3322.0691899574404,3332.01953125,228381.0,BAJAJ-AUTO,-0.019257839731019355,False
2022-12-19,3348.6816269678307,3413.452122135262,3332.3950412229237,3407.256591796875,238078.0,BAJAJ-AUTO,0.022580017866416835,False
2022-12-20,3411.245880464872,3411.245880464872,3361.8700228859143,3392.096435546875,152284.0,BAJAJ-AUTO,-0.004449373224927888,False
2022-12-21,3393.4107111817225,3432.976943571361,3372.383859579314,3389.702880859375,149348.0,BAJAJ-AUTO,-0.0007056269575408392,False
2022-12-22,3406.69303449183,3424.293711266154,3362.0109205593667,3380.1279296875,158182.0,BAJAJ-AUTO,-0.0028247169467099376,False
2022-12-23,3360.555909670589,3379.3299650318777,3316.4368795715623,3324.697509765625,122024.0,BAJAJ-AUTO,-0.016398911838523156,False
2022-12-26,3324.8854818801424,3355.674981076527,3308.0358116227103,3334.460205078125,140091.0,BAJAJ-AUTO,0.002936416105171702,False
2022-12-27,3337.088397542896,3379.3300228282483,3332.3948836223008,3370.834716796875,115917.0,BAJAJ-AUTO,0.010908665715474664,False
2022-12-28,3360.5561220871214,3383.976711795618,3332.395037265162,3366.986328125,229748.0,BAJAJ-AUTO,-0.0011416723141892682,False
2022-12-29,3359.6174476947804,3379.330207236997,3323.00803711638,3350.042724609375,748244.0,BAJAJ-AUTO,-0.005032275710207701,False
2022-12-30,3360.5559591126826,3419.788196319192,3348.962888086332,3394.396240234375,287867.0,BAJAJ-AUTO,0.01323968655658625,False
2023-01-02,3395.2881560286737,3398.104264535195,3304.6563514253776,3354.876953125,471328.0,BAJAJ-AUTO,-0.011642508508861171,False
2023-01-03,3344.1286778439785,3398.104088082864,3344.1286778439785,3380.92578125,218996.0,BAJAJ-AUTO,0.007764466026313199,False
2023-01-04,3368.065377474648,3381.7235479592,3326.293106209982,3335.070068359375,250071.0,BAJAJ-AUTO,-0.01356306404149199,False
2023-01-05,3349.2916309954744,3409.837962329333,3340.233240535876,3399.18359375,294998.0,BAJAJ-AUTO,0.019224041497324373,False
2023-01-06,3396.2266917341617,3424.387775413549,3377.452635947903,3418.990234375,173591.0,BAJAJ-AUTO,0.005826881684595664,False
2023-01-09,3436.121541136052,3444.100514800757,3384.962239403525,3398.80810546875,200031.0,BAJAJ-AUTO,-0.0059029501468989,False
2023-01-10,3408.05454880088,3413.123452356956,3344.8798032013087,3355.111572265625,247609.0,BAJAJ-AUTO,-0.01285642844408208,False
2023-01-11,3365.24954089722,3369.8960739261224,3314.6065706287177,3321.177490234375,308958.0,BAJAJ-AUTO,-0.01011414413510403,False
2023-01-12,3321.177518014466,3360.556055002653,3304.2808674585867,3351.45068359375,182941.0,BAJAJ-AUTO,0.009115198886054943,False
2023-01-13,3360.555949631717,3396.085941495642,3337.2290938977394,3384.30517578125,180876.0,BAJAJ-AUTO,0.00980306598224212,False
2023-01-16,3388.670221026082,3398.995952112516,3341.782060700509,3363.512939453125,226147.0,BAJAJ-AUTO,-0.006143723821633529,False
2023-01-17,3369.9430373505143,3391.2515449827865,3349.4322895894816,3385.85400390625,106465.0,BAJAJ-AUTO,0.006642181806726599,False
2023-01-18,3402.797795572208,3415.7049596243783,3359.617464924947,3388.623291015625,306275.0,BAJAJ-AUTO,0.0008178991492782117,False
2023-01-19,3379.283017044079,3406.5053975836686,3353.046320255674,3356.754150390625,226186.0,BAJAJ-AUTO,-0.009404745788502256,False
2023-01-20,3363.418928283648,3366.7513688753584,3333.5681350512614,3353.750244140625,191361.0,BAJAJ-AUTO,-0.000894884199264423,False
2023-01-23,3363.8416724941367,3404.6752465846894,3352.1078868359323,3401.436767578125,173482.0,BAJAJ-AUTO,0.014218865439015183,False
2023-01-24,3403.7363132904684,3469.539470476841,3390.0781418739107,3460.52783203125,212778.0,BAJAJ-AUTO,0.017372383639869593,False
2023-01-25,3462.874865875019,3510.748711947024,3448.512666218317,3489.533935546875,375571.0,BAJAJ-AUTO,0.008381988217849079,False
2023-01-26,3462.874865875019,3510.748711947024,3448.512666218317,3489.533935546875,375571.0,BAJAJ-AUTO,0.0,False
2023-01-27,3614.006003623706,3750.1179180458976,3595.231946462025,3695.4384765625,2375899.0,BAJAJ-AUTO,0.05900631569108272,False
2023-01-30,3698.489107532725,3706.8904519292046,3584.7653526603867,3605.6982421875,654472.0,BAJAJ-AUTO,-0.02428405585538973,False
2023-01-31,3640.289395629746,3640.289395629746,3568.009281276088,3584.201904296875,359118.0,BAJAJ-AUTO,-0.005961768413982327,False
2023-02-01,3594.7153424322787,3648.174420325609,3529.6164416484307,3577.677978515625,328212.0,BAJAJ-AUTO,-0.0018201892514562168,False
2023-02-02,3566.13185506753,3622.547983718392,3510.7483911430804,3558.340576171875,309024.0,BAJAJ-AUTO,-0.005405014777705941,False
2023-02-03,3552.990235769289,3621.515542826399,3538.15868511909,3616.399658203125,242350.0,BAJAJ-AUTO,0.016316336446274393,False
2023-02-06,3610.767394775351,3632.4982734884743,3570.9195057174898,3613.1611328125,205412.0,BAJAJ-AUTO,-0.0008955109215539325,False
2023-02-07,3635.5960473692417,3656.247509554143,3584.1550866372063,3641.650634765625,246673.0,BAJAJ-AUTO,0.007884924282618,False
2023-02-08,3659.861714246781,3659.861714246781,3600.3947967714776,3642.44873046875,309039.0,BAJAJ-AUTO,0.00021915767962643606,False
2023-02-09,3642.072966942852,3652.023308470338,3597.3438693960816,3610.016357421875,249061.0,BAJAJ-AUTO,-0.008904002622077023,False
2023-02-10,3609.3120467263625,3613.0198767260063,3567.164385237121,3596.7802734375,170034.0,BAJAJ-AUTO,-0.003666488645449717,False
2023-02-13,3614.803837250079,3672.768736243693,3589.59957492436,3645.452392578125,372862.0,BAJAJ-AUTO,0.013532135810483625,False
2023-02-14,3656.2002688941034,3667.464702013077,3625.7863911430622,3638.505859375,251160.0,BAJAJ-AUTO,-0.0019055339242031177,False
2023-02-15,3629.588522614984,3672.1115782757215,3614.0059636728447,3666.010009765625,214072.0,BAJAJ-AUTO,0.007559188154048879,False
2023-02-16,3670.3279724804665,3689.993750436536,3653.431321967769,3667.136474609375,166844.0,BAJAJ-AUTO,0.00030727271359043407,False
2023-02-17,3651.5538641868975,3679.7149479724,3634.657213915596,3655.59033203125,167844.0,BAJAJ-AUTO,-0.003148544554605115,False
2023-02-20,3656.20068873186,3693.748803440054,3654.698901648836,3664.50830078125,169828.0,BAJAJ-AUTO,0.002439542711298426,False
2023-02-21,3686.285771585776,3686.285771585776,3590.2564325413023,3601.896484375,177954.0,BAJAJ-AUTO,-0.01708600752600331,False
2023-02-22,3601.8966862558277,3651.788649523533,3581.104281264651,3605.27587890625,477992.0,BAJAJ-AUTO,0.0009382264442938659,False
2023-02-23,3611.658991943021,3635.361237439204,3581.3388459286493,3597.01513671875,299446.0,BAJAJ-AUTO,-0.0022912926680124235,False
2023-02-24,3598.564106235004,3637.37932887828,3598.564106235004,3613.958740234375,263732.0,BAJAJ-AUTO,0.0047104621113942535,False
2023-02-27,3567.023987586444,3567.023987586444,3403.7836473004354,3416.73779296875,822866.0,BAJAJ-AUTO,-0.05457199748020214,False
2023-02-28,3423.4492740363858,3513.5647471122,3403.3611248334355,3436.77880859375,723245.0,BAJAJ-AUTO,0.005865541004124397,False
2023-03-01,3445.039221220401,3518.586676101118,3413.968067364269,3502.91015625,432887.0,BAJAJ-AUTO,0.019242247272616808,False
2023-03-02,3502.347175276253,3527.035105086185,3454.4263508512213,3487.515625,276614.0,BAJAJ-AUTO,-0.004394783355357479,False
2023-03-03,3492.0215605216104,3518.258259175291,3470.806784577835,3503.239013671875,281411.0,BAJAJ-AUTO,0.004508478344630973,False
2023-03-06,3493.570061930917,3542.664262758668,3490.237621254063,3494.83740234375,186747.0,BAJAJ-AUTO,-0.002398240969381904,False
2023-03-07,3493.570061930917,3542.664262758668,3490.237621254063,3494.83740234375,186747.0,BAJAJ-AUTO,0.0,False
2023-03-08,3495.541453186156,3583.779514384663,3483.572992757636,3577.583984375,478922.0,BAJAJ-AUTO,0.023676804527660522,False
2023-03-09,3577.583857772156,3603.4451642454696,3568.009135603264,3579.742919921875,295897.0,BAJAJ-AUTO,0.0006034618771506572,False
2023-03-10,3595.231758250757,3609.68768983828,3565.193268364589,3587.628173828125,530973.0,BAJAJ-AUTO,0.002202743069164903,False
2023-03-13,3588.6140743963647,3602.7415983594774,3537.314054458868,3546.841796875,247745.0,BAJAJ-AUTO,-0.011368618757836457,False
2023-03-14,3546.8415685239283,3561.8608134073447,3506.8997183269958,3522.857666015625,278919.0,BAJAJ-AUTO,-0.006762109006527073,False
2023-03-15,3543.509237859428,3555.3369852429105,3492.490876315762,3501.361572265625,317890.0,BAJAJ-AUTO,-0.006101891074785426,False
2023-03-16,3511.640160410475,3577.396336759881,3511.640160410475,3567.25830078125,377544.0,BAJAJ-AUTO,0.018820315227537465,False
2023-03-17,3583.7796176698816,3593.307359478161,3559.6080204215327,3580.587890625,396793.0,BAJAJ-AUTO,0.003736648350031402,False
2023-03-20,3557.6833749538023,3599.8780171673025,3553.083823210463,3571.763916015625,331370.0,BAJAJ-AUTO,-0.0024643926860387078,False
2023-03-21,3573.1722313773307,3681.592405480597,3564.019879017964,3666.29150390625,803886.0,BAJAJ-AUTO,0.02646523961641689,False
2023-03-22,3681.357507208431,3703.651697505161,3650.239602738133,3683.422607421875,311063.0,BAJAJ-AUTO,0.004672597227299846,False
2023-03-23,3663.2876060908407,3672.580671960762,3616.868799364453,3626.161865234375,256313.0,BAJAJ-AUTO,-0.015545526074614124,False
2023-03-24,3609.406370183515,3644.889154081369,3578.3352146089205,3593.260498046875,281359.0,BAJAJ-AUTO,-0.009073331089530234,False
2023-03-27,3599.878324516392,3608.655287531141,3567.070706876404,3574.157958984375,198811.0,BAJAJ-AUTO,-0.0053162132477962976,False
2023-03-28,3586.7835629282813,3598.799005153196,3538.487347493384,3559.185791015625,144400.0,BAJAJ-AUTO,-0.004189005673662094,False
2023-03-29,3576.926968076567,3655.3086507519097,3567.2113025657764,3641.509765625,429300.0,BAJAJ-AUTO,0.023130002040686826,False
2023-03-30,3576.926968076567,3655.3086507519097,3567.2113025657764,3641.509765625,429300.0,BAJAJ-AUTO,0.0,False
2023-03-31,3638.083445201119,3668.3098589511856,3623.392837929967,3646.625732421875,248433.0,BAJAJ-AUTO,0.0014049026711855372,False
2023-04-03,3665.4467670792296,3750.117714446401,3649.864208810833,3748.9443359375,497915.0,BAJAJ-AUTO,0.0280584329249689,False
2023-04-04,3665.4467670792296,3750.117714446401,3649.864208810833,3748.9443359375,497915.0,BAJAJ-AUTO,0.0,False
2023-04-05,3749.179140232232,3780.109352952629,3717.310224672519,3776.542236328125,584697.0,BAJAJ-AUTO,0.00736151244660288,False
2023-04-06,3781.094979150357,3815.82698367582,3773.632337526607,3786.351806640625,321813.0,BAJAJ-AUTO,0.0025975004908294075,False
2023-04-07,3781.094979150357,3815.82698367582,3773.632337526607,3786.351806640625,321813.0,BAJAJ-AUTO,0.0,False
2023-04-10,3787.712892127253,3822.397915788317,3783.066358963542,3812.635498046875,218632.0,BAJAJ-AUTO,0.006941692887637352,False
2023-04-11,3829.907593116093,3927.1100890078433,3821.036897099489,3921.337158203125,685931.0,BAJAJ-AUTO,0.028510897569918647,False
2023-04-12,3921.337055846792,4043.321670249529,3914.8600980800497,4023.2802734375,992142.0,BAJAJ-AUTO,0.02599702885050781,False
2023-04-13,4008.260796619111,4042.007344277634,3998.920520790118,4025.486083984375,371608.0,BAJAJ-AUTO,0.0005482617160526004,False
2023-04-14,4008.260796619111,4042.007344277634,3998.920520790118,4025.486083984375,371608.0,BAJAJ-AUTO,0.0,False
2023-04-17,4046.747981357317,4046.747981357317,3962.3114767635902,3993.570556640625,718984.0,BAJAJ-AUTO,-0.00792836608496239,False
2023-04-18,3993.4762436251126,4004.5999630762194,3919.130801192031,3951.234619140625,235015.0,BAJAJ-AUTO,-0.010601024045913676,False
2023-04-19,3927.6266129734695,4033.51210913476,3923.824591491404,4004.318359375,406755.0,BAJAJ-AUTO,0.013434722397203558,False
2023-04-20,4003.567261225908,4065.0522918496586,3991.410877174417,4049.892333984375,409146.0,BAJAJ-AUTO,0.011381206617270045,False
2023-04-21,4058.012249419101,4071.1540887648953,4020.510888802675,4044.213134765625,237639.0,BAJAJ-AUTO,-0.0014023086912936522,False
2023-04-24,4044.2132847728776,4088.004139183752,4020.182858615736,4066.5546875,279716.0,BAJAJ-AUTO,0.005524326238476096,False
2023-04-25,4073.970260667797,4106.82485954415,4051.535354819571,4076.36376953125,367525.0,BAJAJ-AUTO,0.0024121357721811343,False
2023-04-26,4078.663481139782,4095.231493138663,4018.586504662694,4035.483154296875,964051.0,BAJAJ-AUTO,-0.01002869654075944,False
2023-04-27,4036.4219227438566,4151.459764201672,4030.78970610747,4137.98974609375,667011.0,BAJAJ-AUTO,0.025401318225731773,False
2023-04-28,4127.804970185735,4167.55912660064,4120.9521645343775,4160.2841796875,457064.0,BAJAJ-AUTO,0.0053877450070523025,False
2023-05-01,4127.804970185735,4167.55912660064,4120.9521645343775,4160.2841796875,457064.0,BAJAJ-AUTO,0.0,False
2023-05-02,4167.794124522386,4230.264619181876,4152.868381730394,4222.28564453125,522701.0,BAJAJ-AUTO,0.014903180207369138,False
2023-05-03,4209.612839693773,4214.728953455918,4163.147049624681,4175.20947265625,351550.0,BAJAJ-AUTO,-0.011149452177868113,False
2023-05-04,4174.223339421863,4196.0014272616845,4165.258911211837,4184.45556640625,191019.0,BAJAJ-AUTO,0.002214522124112106,False
2023-05-05,4189.5244140625,4228.198693079968,4156.012541916262,4189.5244140625,180033.0,BAJAJ-AUTO,0.001211351769855984,False
2023-05-08,4200.695354681576,4278.607693103602,4191.496249870946,4270.39404296875,365732.0,BAJAJ-AUTO,0.019302818390269927,False
2023-05-09,4292.547062592831,4296.442587426423,4242.60789178225,4251.244140625,329083.0,BAJAJ-AUTO,-0.004484340824538302,False
2023-05-10,4275.791154489118,4295.973264219418,4251.713519899674,4276.68310546875,229527.0,BAJAJ-AUTO,0.005983887069823668,False
2023-05-11,4312.400756530503,4312.400756530503,4257.111252084103,4269.12646484375,293197.0,BAJAJ-AUTO,-0.0017669395741145566,False
2023-05-12,4266.404401642185,4345.114726332779,4240.120722160121,4260.67822265625,620213.0,BAJAJ-AUTO,-0.0019789158876110102,False
2023-05-15,4288.932781590634,4326.011539496703,4263.634559628267,4284.75537109375,534604.0,BAJAJ-AUTO,0.00565101309680438,False
2023-05-16,4302.544450769543,4313.339533388469,4252.323849020624,4260.162109375,321308.0,BAJAJ-AUTO,-0.005739711976245676,False
2023-05-17,4271.097498962119,4318.032636313351,4232.610686334108,4251.71337890625,346510.0,BAJAJ-AUTO,-0.0019831945949093654,False
2023-05-18,4261.664078800779,4292.1719206498,4236.60053000288,4241.66943359375,194233.0,BAJAJ-AUTO,-0.0023623288818880317,False
2023-05-19,4256.078497045284,4271.238455601662,4190.416052816425,4208.392578125,398571.0,BAJAJ-AUTO,-0.007845226034164599,False
2023-05-22,4219.42268486141,4286.727406204277,4219.42268486141,4245.98779296875,368479.0,BAJAJ-AUTO,0.008933390634506821,False
2023-05-23,4256.970194051282,4274.2889846748685,4215.807987039209,4222.37890625,239196.0,BAJAJ-AUTO,-0.005560281345567186,False
2023-05-24,4229.37243769095,4273.163292274696,4216.699949230291,4240.68408203125,395343.0,BAJAJ-AUTO,0.004335275489879553,False
2023-05-25,4229.465835714063,4366.28175770451,4228.480381194473,4359.33544921875,1016606.0,BAJAJ-AUTO,0.02797929883300032,False
2023-05-26,4329.625949345042,4378.625960472895,4323.007819597368,4333.00537109375,484972.0,BAJAJ-AUTO,-0.006039929349717421,False
2023-05-29,4374.308340576365,4377.311914556249,4325.636508232408,4335.39892578125,301343.0,BAJAJ-AUTO,0.0005524005816996969,False
2023-05-30,4332.207287031931,4351.216018306675,4305.548219778531,4310.42919921875,229574.0,BAJAJ-AUTO,-0.005759499181035688,False
2023-05-31,4308.458305958225,4345.20889048209,4273.585585550027,4287.19677734375,719613.0,BAJAJ-AUTO,-0.0053898163735552895,False
2023-06-01,4305.829778636234,4383.554187768282,4287.290398185381,4358.96044921875,698733.0,BAJAJ-AUTO,0.016739066481446407,False
2023-06-02,4387.684937025094,4418.474206408342,4362.386712498656,4382.8974609375,606833.0,BAJAJ-AUTO,0.00549144962373771,False
2023-06-05,4400.638700783377,4427.814330025576,4382.803347687199,4421.3369140625,234925.0,BAJAJ-AUTO,0.008770329095670437,False
2023-06-06,4428.330296114619,4454.097870367212,4421.336777171468,4436.5439453125,353149.0,BAJAJ-AUTO,0.0034394644754696113,False
2023-06-07,4446.588128321554,4494.414757921925,4446.588128321554,4487.703125,239491.0,BAJAJ-AUTO,0.01153131363469373,False
2023-06-08,4506.57171297473,4533.840847692359,4483.995634201799,4506.3837890625,295499.0,BAJAJ-AUTO,0.004162633655161896,False
2023-06-09,4506.383311110996,4526.236782805938,4444.757566614713,4452.642578125,208197.0,BAJAJ-AUTO,-0.011925573464900197,False
2023-06-12,4458.791521368119,4496.386384941488,4443.208963311697,4477.28369140625,137778.0,BAJAJ-AUTO,0.005534042503727354,False
2023-06-13,4477.612419311089,4501.079989642908,4455.5061513989085,4464.423828125,247078.0,BAJAJ-AUTO,-0.002872246694113567,False
2023-06-14,4459.870749025842,4476.157333488253,4423.167379650991,4440.251953125,191238.0,BAJAJ-AUTO,-0.005414332494088514,False
2023-06-15,4451.235019171523,4472.590509327716,4414.250217999792,4432.13232421875,178304.0,BAJAJ-AUTO,-0.0018286414807014983,False
2023-06-16,4407.209621011004,4425.749001205885,4336.806911410189,4357.41162109375,658995.0,BAJAJ-AUTO,-0.016858861076123444,False
2023-06-19,4360.274013573334,4369.661040513211,4305.500619708961,4315.544921875,193043.0,BAJAJ-AUTO,-0.009608157975270926,False
2023-06-20,4303.952306798987,4383.74204422056,4288.979813907137,4376.232421875,453523.0,BAJAJ-AUTO,0.014062534650579606,False
2023-06-21,4391.251852285088,4415.329488278659,4352.765036136373,4365.10888671875,274821.0,BAJAJ-AUTO,-0.002541806303670735,False
2023-06-22,4378.156940684047,4382.803703234348,4319.535221420294,4329.3916015625,180102.0,BAJAJ-AUTO,-0.00818244998765627,False
2023-06-23,4330.330369469548,4369.661928671814,4323.1021739163,4339.248046875,348409.0,BAJAJ-AUTO,0.0022766351994913947,False
2023-06-26,4341.265701996125,4372.43081777746,4318.5489112740825,4324.509765625,298624.0,BAJAJ-AUTO,-0.003396505821006035,False
2023-06-27,4349.855094512244,4391.8620475284215,4327.420187811794,4334.9765625,444793.0,BAJAJ-AUTO,0.0024203429850475633,False
2023-06-28,4346.194228335864,4449.451542615981,4336.901161720854,4427.2041015625,769406.0,BAJAJ-AUTO,0.021275210542156087,False
2023-06-29,4346.194228335864,4449.451542615981,4336.901161720854,4427.2041015625,769406.0,BAJAJ-AUTO,0.0,False
2023-06-30,4484.959225435858,4580.7338076874,4483.991805413115,4538.69921875,587936.0,BAJAJ-AUTO,0.025184092404538116,False
2023-07-03,4532.556505120673,4535.265092250438,4438.571271481583,4460.43505859375,457367.0,BAJAJ-AUTO,-0.01724374239934867,False
2023-07-04,4461.69258677714,4522.49455218329,4461.69258677714,4474.7041015625,286373.0,BAJAJ-AUTO,0.0031990249339597376,False
2023-07-05,4496.519931891228,4740.357951444369,4482.056814090156,4730.73193359375,891033.0,BAJAJ-AUTO,0.05721670667382206,False
2023-07-06,4730.68372280059,4777.119882042804,4674.573363716248,4757.4814453125,888595.0,BAJAJ-AUTO,0.00565441290993407,False
2023-07-07,4716.6562309596575,4753.079499646904,4663.496312774209,4676.50830078125,405959.0,BAJAJ-AUTO,-0.017020170327943562,False
2023-07-10,4691.019118429046,4789.695948719779,4687.197620855843,4738.37451171875,659388.0,BAJAJ-AUTO,0.013229145969261946,False
2023-07-11,4777.603417596474,4793.033954730489,4745.1948493086375,4757.4326171875,400593.0,BAJAJ-AUTO,0.004022076647089978,False
2023-07-12,4768.413145604282,4786.310415475185,4708.433106036933,4719.51025390625,295827.0,BAJAJ-AUTO,-0.007971182428153645,False
2023-07-13,4760.673446820295,4827.425421587741,4691.841613690494,4707.90087890625,501038.0,BAJAJ-AUTO,-0.0024598685828453037,False
2023-07-14,4735.472806174249,4746.452645480373,4691.987087414862,4701.2744140625,419873.0,BAJAJ-AUTO,-0.0014075200421996836,False
2023-07-17,4724.830762812915,4746.54905684859,4664.028325651076,4675.685546875,250127.0,BAJAJ-AUTO,-0.005442963956955649,False
2023-07-18,4687.681744941244,4832.35968791111,4672.638553041642,4702.24169921875,270028.0,BAJAJ-AUTO,0.005679627527881648,False
2023-07-19,4721.976745436076,4749.209522377991,4661.222961917883,4666.4951171875,247325.0,BAJAJ-AUTO,-0.007602029907817998,False
2023-07-20,4670.703456329484,4729.716072492719,4626.250321270431,4710.07763671875,450566.0,BAJAJ-AUTO,0.009339454652106616,False
2023-07-21,4684.3440047510285,4720.428578168016,4677.717083943765,4704.27294921875,367833.0,BAJAJ-AUTO,-0.0012323974141631444,False
2023-07-24,4703.595957228253,4758.7388962578725,4693.099355938358,4723.669921875,288534.0,BAJAJ-AUTO,0.004123266839665796,False
2023-07-25,4725.362781942774,4749.935154386245,4621.703827981476,4690.97119140625,743269.0,BAJAJ-AUTO,-0.00692231485466932,False
2023-07-26,4730.683378176868,4743.7435470123255,4683.231620357241,4711.7705078125,387130.0,BAJAJ-AUTO,0.004433904101639685,False
2023-07-27,4739.390751524332,4748.09753183944,4667.124285959701,4692.95458984375,321326.0,BAJAJ-AUTO,-0.003993385912482772,False
2023-07-28,4696.8238030747,4740.35770032256,4672.299613150469,4733.10205078125,255158.0,BAJAJ-AUTO,0.008554836866392135,False
2023-07-31,4736.004579976033,4777.506803238319,4707.513872207431,4770.73486328125,325463.0,BAJAJ-AUTO,0.00795098269512029,False
2023-08-01,4780.7477188437415,4816.445421875145,4739.535532939429,4763.52783203125,391794.0,BAJAJ-AUTO,-0.0015106752851579142,False
2023-08-02,4753.321469456217,4777.071914559237,4664.173808381469,4674.67041015625,249850.0,BAJAJ-AUTO,-0.018653700578276977,False
2023-08-03,4679.41017589376,4753.562818649311,4649.420158227291,4669.05859375,418377.0,BAJAJ-AUTO,-0.0012004731700565596,False
2023-08-04,4672.638967413652,4705.724922964448,4546.874357524671,4558.4833984375,451353.0,BAJAJ-AUTO,-0.02368254608338305,False
2023-08-07,4589.004957853523,4589.004957853523,4513.014305706652,4517.9482421875,436583.0,BAJAJ-AUTO,-0.00889224610621464,False
2023-08-08,4517.948166870628,4544.939089980194,4486.023307362466,4498.64794921875,487053.0,BAJAJ-AUTO,-0.0042719154656374325,False
2023-08-09,4498.986769618464,4537.00618717306,4465.707615652073,4514.513671875,282034.0,BAJAJ-AUTO,0.0035267757858237214,False
2023-08-10,4517.85128347324,4555.000116040468,4477.993391552057,4485.53955078125,330123.0,BAJAJ-AUTO,-0.00641799387479014,False
2023-08-11,4485.539303830645,4498.502636307984,4432.331208132378,4449.21240234375,274197.0,BAJAJ-AUTO,-0.00809872436219472,False
2023-08-14,4426.913903138255,4482.734225874858,4393.054203267223,4466.2880859375,154258.0,BAJAJ-AUTO,0.0038379115334559177,False
2023-08-15,4426.913903138255,4482.734225874858,4393.054203267223,4466.2880859375,154258.0,BAJAJ-AUTO,0.0,False
2023-08-16,4427.881196608501,4464.643155418011,4411.193202148922,4450.71240234375,188763.0,BAJAJ-AUTO,-0.003487388922087553,False
2023-08-17,4426.9624112981455,4516.352403440959,4426.9624112981455,4506.09765625,311184.0,BAJAJ-AUTO,0.012444132287020793,False
2023-08-18,4498.067573712153,4498.067573712153,4445.585037525989,4465.17529296875,243546.0,BAJAJ-AUTO,-0.009081552687720928,False
2023-08-21,4453.034564256502,4479.106723987118,4443.166690633055,4460.62890625,118491.0,BAJAJ-AUTO,-0.0010181877351845836,False
2023-08-22,4467.497190161264,4485.490823506477,4451.727961400283,4477.6064453125,96290.0,BAJAJ-AUTO,0.003806086410530929,False
2023-08-23,4488.828866732822,4514.3204785864,4468.513046430799,4508.90283203125,263771.0,BAJAJ-AUTO,0.006989534944839448,False
2023-08-24,4536.232568528266,4573.091366534747,4425.414791871838,4479.2998046875,433867.0,BAJAJ-AUTO,-0.006565461365334868,False
2023-08-25,4473.349787295324,4495.503609371124,4420.867255729413,4434.701171875,293384.0,BAJAJ-AUTO,-0.009956608121168498,False
2023-08-28,4437.071685303387,4469.480254246517,4436.587975319161,4450.5673828125,283469.0,BAJAJ-AUTO,0.00357774071410355,False
2023-08-29,4464.64314291702,4518.818661010921,4455.01712530648,4512.57861328125,320941.0,BAJAJ-AUTO,0.013933331446284614,False
2023-08-30,4536.184174441782,4566.99612338367,4509.725143104288,4522.6884765625,370694.0,BAJAJ-AUTO,0.002240373885453284,False
2023-08-31,4522.688717673776,4549.824661030591,4452.260727233345,4463.482421875,479472.0,BAJAJ-AUTO,-0.013090898255389005,False
2023-09-01,4471.802076724052,4545.906542588808,4468.51294322573,4516.35205078125,456071.0,BAJAJ-AUTO,0.011844928221771855,False
2023-09-04,4530.4275878727785,4536.618981026274,4471.801844919616,4486.0712890625,328037.0,BAJAJ-AUTO,-0.00670469471340529,False
2023-09-05,4487.861289743341,4580.73360787556,4484.330301288964,4548.421875,353620.0,BAJAJ-AUTO,0.01389870599905918,False
2023-09-06,4548.325183306156,4556.54825340253,4514.659155860811,4531.20166015625,224928.0,BAJAJ-AUTO,-0.0037859757333416066,False
2023-09-07,4526.558524395327,4571.059847781132,4503.340442628819,4563.51416015625,319934.0,BAJAJ-AUTO,0.0071311105581837175,False
2023-09-08,4563.513541770499,4628.717551421257,4549.485952604064,4604.4833984375,209769.0,BAJAJ-AUTO,0.008977563527456489,False
2023-09-11,4623.300402387076,4653.290423829637,4607.821681642528,4649.8076171875,151600.0,BAJAJ-AUTO,0.009843497050153527,False
2023-09-12,4686.133782584059,4691.841465481738,4607.434079764577,4663.54443359375,305478.0,BAJAJ-AUTO,0.0029542762920928833,False
2023-09-13,4662.964511031239,4685.215171561056,4643.857965576287,4651.6455078125,207142.0,BAJAJ-AUTO,-0.0025514768757292083,False
2023-09-14,4658.078944637847,4699.726185139075,4631.571259725671,4686.666015625,249498.0,BAJAJ-AUTO,0.007528627827224188,False
2023-09-15,4735.423905655209,4981.245413934588,4733.585902191094,4963.34814453125,1689829.0,BAJAJ-AUTO,0.05903602432599464,False
2023-09-18,4957.060060580398,5103.04364353389,4928.279315693149,5007.99462890625,804973.0,BAJAJ-AUTO,0.008995235287734715,False
2023-09-19,4957.060060580398,5103.04364353389,4928.279315693149,5007.99462890625,804973.0,BAJAJ-AUTO,0.0,False
2023-09-20,5007.366085578447,5091.870319847356,4997.788721736361,5014.08984375,622924.0,BAJAJ-AUTO,0.001217096921104499,False
2023-09-21,4999.626601782708,5016.6046339753775,4907.818537490062,4919.5244140625,640829.0,BAJAJ-AUTO,-0.01885993921815632,False
2023-09-22,4886.438048651894,4918.507924740114,4833.423625629979,4838.115234375,498375.0,BAJAJ-AUTO,-0.01654818084748011,False
2023-09-25,4837.100418469633,4895.290642029206,4830.183459345839,4842.373046875,539731.0,BAJAJ-AUTO,0.0008800560329254026,False
2023-09-26,4847.741379994571,4936.695833539769,4837.2447790396345,4904.04541015625,450923.0,BAJAJ-AUTO,0.012735979381235385,False
2023-09-27,4900.175856760227,4902.448915807893,4854.513444893719,4868.9765625,257406.0,BAJAJ-AUTO,-0.00715100385971601,False
2023-09-28,4883.342774484683,4961.75245352371,4817.896902107143,4843.4853515625,580065.0,BAJAJ-AUTO,-0.005235435128981503,False
2023-09-29,4865.155432961592,4916.9124056526725,4841.840515274734,4898.72509765625,248079.0,BAJAJ-AUTO,0.011404957811202987,False
2023-10-02,4865.155432961592,4916.9124056526725,4841.840515274734,4898.72509765625,248079.0,BAJAJ-AUTO,0.0,False
2023-10-03,4899.982211357361,4907.721571217353,4834.294489020287,4853.01416015625,464531.0,BAJAJ-AUTO,-0.00933119058300902,False
2023-10-04,4847.983418257565,4855.674596116764,4743.308386533498,4758.35205078125,256544.0,BAJAJ-AUTO,-0.019505838279266885,False
2023-10-05,4774.217452543841,4875.119164364708,4764.640089514863,4847.78955078125,657876.0,BAJAJ-AUTO,0.0187958980431715,False
2023-10-06,4953.190088200461,4953.190088200461,4834.681145660508,4851.22412109375,279352.0,BAJAJ-AUTO,0.0007084817268823151,False
2023-10-09,4795.54925304708,4903.562076896021,4795.54925304708,4844.162109375,244083.0,BAJAJ-AUTO,-0.0014557174730484013,False
2023-10-10,4844.161658658579,4899.014558002481,4839.228194881278,4873.3779296875,307502.0,BAJAJ-AUTO,0.006031140092516374,False
2023-10-11,4890.307714379182,4929.00451132778,4885.470614760607,4899.4013671875,575680.0,BAJAJ-AUTO,0.005339917789152215,False
2023-10-12,4919.330198157122,4983.179911643527,4886.534757977341,4940.2265625,472168.0,BAJAJ-AUTO,0.00833269051723673,False
2023-10-13,4924.119383160461,4956.527951615177,4875.796567515341,4887.79248046875,387366.0,BAJAJ-AUTO,-0.010613699871431792,False
2023-10-16,4870.959666856527,4933.261419957998,4868.057406876275,4911.30126953125,158560.0,BAJAJ-AUTO,0.0048096945924851475,False
2023-10-17,4917.395832193654,4982.2129718271335,4904.81937226477,4973.748046875,318565.0,BAJAJ-AUTO,0.01271491482942766,False
2023-10-18,4982.212865852134,5029.374589582288,4958.656095011799,4969.97509765625,360985.0,BAJAJ-AUTO,-0.0007585726464613973,False
2023-10-19,5127.326062164883,5315.972964452082,5074.117961519776,5303.97705078125,2838352.0,BAJAJ-AUTO,0.06720394902632587,False
2023-10-20,5272.439078477073,5330.484279341041,5259.765781813829,5310.45849609375,763919.0,BAJAJ-AUTO,0.0012219972391369627,False
2023-10-23,5275.389460877402,5314.424952491319,5219.279100677158,5229.2919921875,451167.0,BAJAJ-AUTO,-0.015284274223394068,False
2023-10-24,5275.389460877402,5314.424952491319,5219.279100677158,5229.2919921875,451167.0,BAJAJ-AUTO,0.0,False
2023-10-25,5209.556393459388,5247.237589191372,5158.573173510124,5173.08447265625,620266.0,BAJAJ-AUTO,-0.010748590749039,False
2023-10-26,5160.07327851932,5173.23028503739,5065.411136732024,5088.00048828125,746266.0,BAJAJ-AUTO,-0.016447437660207287,False
2023-10-27,5093.466241346003,5246.995982527244,5093.466241346003,5198.4794921875,843465.0,BAJAJ-AUTO,0.021713638621047027,False
2023-10-30,5212.458557439706,5221.890901711243,5103.140105882415,5135.935546875,360967.0,BAJAJ-AUTO,-0.012031199778030022,False
2023-10-31,5166.0227062436015,5191.320644309868,5120.167093550429,5140.91796875,400987.0,BAJAJ-AUTO,0.000970109891279991,False
2023-11-01,5132.162887135573,5271.955071337476,5132.162887135573,5170.23095703125,619765.0,BAJAJ-AUTO,0.005701897688201729,False
2023-11-02,5208.492475229459,5217.151073231383,5112.814731121678,5145.12646484375,304362.0,BAJAJ-AUTO,-0.004855584285525794,False
2023-11-03,5182.468927235505,5201.8655092385125,5143.385253806378,5194.02978515625,448715.0,BAJAJ-AUTO,0.009504784896280594,False
2023-11-06,5204.719503227107,5250.6719523727,5201.914079753879,5230.69482421875,394137.0,BAJAJ-AUTO,0.007059073701749519,False
2023-11-07,5230.69515968931,5267.602139895506,5229.195375197179,5242.44921875,202689.0,BAJAJ-AUTO,0.0022471956262533066,False
2023-11-08,5256.96008597571,5258.169360931078,5205.928682859181,5221.74609375,202145.0,BAJAJ-AUTO,-0.003949132196827687,False
2023-11-09,5245.157474257009,5277.276006638009,5206.799366410224,5242.35205078125,232773.0,BAJAJ-AUTO,0.003946181346487387,False
2023-11-10,5233.694149458574,5250.236653975808,5174.777892079722,5216.376953125,149325.0,BAJAJ-AUTO,-0.004954855645831535,False
2023-11-13,5257.9273036799295,5262.570730380709,5219.762398607419,5248.44677734375,93497.0,BAJAJ-AUTO,0.006147911569070574,False
2023-11-14,5257.9273036799295,5262.570730380709,5219.762398607419,5248.44677734375,93497.0,BAJAJ-AUTO,0.0,False
2023-11-15,5344.99545028107,5374.018050011103,5283.177407330709,5356.314453125,640468.0,BAJAJ-AUTO,0.02055230439734812,False
2023-11-16,5340.158573316914,5401.396072355182,5317.859730542416,5370.0517578125,324712.0,BAJAJ-AUTO,0.0025646934674430355,False
2023-11-17,5375.855768646068,5490.059975955749,5300.8325412687245,5448.025390625,531539.0,BAJAJ-AUTO,0.014520089624660004,False
2023-11-20,5427.274235665489,5491.027589844361,5423.35637372038,5466.06787109375,679425.0,BAJAJ-AUTO,0.0033117467660479516,False
2023-11-21,5456.732234427547,5521.404352636127,5456.248524451976,5500.70166015625,746193.0,BAJAJ-AUTO,0.006336143253115045,False
2023-11-22,5494.945353553653,5577.079213395369,5476.854411415807,5564.1640625,497403.0,BAJAJ-AUTO,0.011537146761372963,False
2023-11-23,5611.03572897768,5751.311622202122,5594.686426241988,5732.205078125,1118718.0,BAJAJ-AUTO,0.030200586060630696,False
2023-11-24,5746.47498356148,5765.823384179533,5707.778182325376,5737.0908203125,297211.0,BAJAJ-AUTO,0.0008523320643472054,False
2023-11-27,5746.47498356148,5765.823384179533,5707.778182325376,5737.0908203125,297211.0,BAJAJ-AUTO,0.0,False
2023-11-28,5775.304015903652,5842.878400758006,5719.387326056187,5802.73046875,380535.0,BAJAJ-AUTO,0.011441277555708007,False
2023-11-29,5814.193902982305,5897.778892237762,5778.689401846831,5872.19091796875,406974.0,BAJAJ-AUTO,0.01197030425466461,False
2023-11-30,5896.424836809331,5929.22027998326,5834.509957472858,5892.11962890625,501833.0,BAJAJ-AUTO,0.003393743700757179,False
2023-12-01,5852.8913223784575,5891.588124509885,5807.712616940787,5849.06982421875,439023.0,BAJAJ-AUTO,-0.00730633581781015,False
2023-12-04,5892.119812681347,6015.127646098149,5889.121188518394,5999.64892578125,359158.0,BAJAJ-AUTO,0.02574411078818195,False
2023-12-05,5992.247689881072,5992.247689881072,5912.000483932201,5940.0556640625,565826.0,BAJAJ-AUTO,-0.00993279147762638,False
2023-12-06,5890.668261126399,5897.392018732135,5792.765645551575,5872.19091796875,699201.0,BAJAJ-AUTO,-0.011424934366244033,False
2023-12-07,5872.191411501734,5953.938404196187,5865.564489808697,5895.07080078125,427407.0,BAJAJ-AUTO,0.003896311126821095,False
2023-12-08,5915.773323451499,5920.6104234706745,5851.0043652455215,5877.75390625,233266.0,BAJAJ-AUTO,-0.002937521043675173,False
2023-12-11,5886.75051264998,5944.79571080265,5822.223411754382,5938.41064453125,175955.0,BAJAJ-AUTO,0.010319713830950317,False
2023-12-12,5963.177001830489,6094.697942466742,5949.584939502015,6050.4384765625,810900.0,BAJAJ-AUTO,0.018864952044772787,False
2023-12-13,6055.952098492695,6122.800912041733,6021.560507947027,6110.3212890625,373989.0,BAJAJ-AUTO,0.00989726822807424,False
2023-12-14,6118.931268105277,6152.7909668220655,6079.460722550347,6128.46044921875,419212.0,BAJAJ-AUTO,0.002968609881238038,False
2023-12-15,6161.449527265577,6193.51940438208,6052.324272635819,6070.75390625,553522.0,BAJAJ-AUTO,-0.00941615654484751,False
2023-12-18,6070.753862699681,6275.411364291317,6058.128748921066,6255.04736328125,851061.0,BAJAJ-AUTO,0.030357589827766818,False
2023-12-19,6259.207069740468,6259.448924727707,6187.52115704828,6209.86865234375,377109.0,BAJAJ-AUTO,-0.007222760806370632,False
2023-12-20,6224.380554707798,6255.33799607408,6143.117271121312,6157.0966796875,385863.0,BAJAJ-AUTO,-0.00849808194193169,False
2023-12-21,6126.86476290941,6138.280130388645,6028.961666285585,6042.84423828125,397717.0,BAJAJ-AUTO,-0.018556220139140156,False
2023-12-22,6083.136472082391,6186.650403779722,6060.160248925274,6164.49658203125,237213.0,BAJAJ-AUTO,0.02013163651965999,False
2023-12-25,6083.136472082391,6186.650403779722,6060.160248925274,6164.49658203125,237213.0,BAJAJ-AUTO,0.0,False
2023-12-26,6171.994382379539,6264.0442979356,6162.513383261548,6253.9345703125,302139.0,BAJAJ-AUTO,0.01450856320400118,False
2023-12-27,6259.207214742817,6520.652462004679,6254.56378782947,6491.04931640625,1017894.0,BAJAJ-AUTO,0.0379144910180762,False
2023-12-28,6491.049461430038,6519.104641226485,6448.821673211028,6484.90625,406228.0,BAJAJ-AUTO,-0.0009463903456600198,False
2023-12-29,6510.688234935613,6611.299912107447,6448.8215387254495,6575.79541015625,345626.0,BAJAJ-AUTO,0.014015493308981997,False
2024-01-01,6549.432971192565,6574.102179577411,6464.348198814055,6482.77783203125,253274.0,BAJAJ-AUTO,-0.014145448926427218,False
2024-01-02,6492.355480745746,6517.314727261177,6347.19430180852,6447.90234375,361379.0,BAJAJ-AUTO,-0.005379713632778116,False
2024-01-03,6427.586247926963,6829.839741433946,6388.841268372486,6758.87939453125,1256275.0,BAJAJ-AUTO,0.04822918124414244,False
2024-01-04,6796.125709383861,6799.947207450818,6662.621745270698,6696.62646484375,619987.0,BAJAJ-AUTO,-0.009210540098980036,False
2024-01-05,6723.568668079861,6853.20294168025,6695.029779488731,6751.14013671875,659306.0,BAJAJ-AUTO,0.008140467765551662,False
2024-01-08,6790.272452716936,6820.165634722492,6734.693987593447,6756.31591796875,312733.0,BAJAJ-AUTO,0.0007666529127206001,False
2024-01-09,7101.829837020928,7157.940193995075,6845.366714376558,6862.7802734375,2125908.0,BAJAJ-AUTO,0.01575775271040869,False
2024-01-10,6892.867641256313,6907.330759501926,6791.288539174641,6823.93896484375,721432.0,BAJAJ-AUTO,-0.005659704528802378,False
2024-01-11,6859.007470876626,7086.254323497778,6844.496171572938,7061.05322265625,1031594.0,BAJAJ-AUTO,0.03474741773542944,False
2024-01-12,7120.211277033359,7121.130514992523,7015.729915902978,7064.052734375,434753.0,BAJAJ-AUTO,0.00042479664494332603,False
2024-01-15,7120.211277033359,7121.130514992523,7015.729915902978,7064.052734375,434753.0,BAJAJ-AUTO,0.0,False
2024-01-16,7099.8950684194215,7116.486226216705,7007.99017245269,7056.31298828125,272181.0,BAJAJ-AUTO,-0.0010956523662524198,False
2024-01-17,6880.291386143755,6975.098550913452,6850.301364634973,6932.48388671875,619338.0,BAJAJ-AUTO,-0.01754869742429921,False
2024-01-18,6915.118159773348,6955.0242347720405,6840.771838301176,6852.81640625,557084.0,BAJAJ-AUTO,-0.011491909937414668,False
2024-01-19,6906.217710626127,6946.07560359598,6873.519103558418,6904.041015625,327976.0,BAJAJ-AUTO,0.007474971798205665,False
2024-01-22,6906.217710626127,6946.07560359598,6873.519103558418,6904.041015625,327976.0,BAJAJ-AUTO,0.0,False
2024-01-23,6844.496348952063,6975.098046069876,6710.556863958691,6864.71533203125,953921.0,BAJAJ-AUTO,-0.005696038523634095,False
2024-01-24,6844.593363229098,7001.218567366714,6799.221459526356,6977.85546875,467134.0,BAJAJ-AUTO,0.016481402541315804,False
2024-01-25,7120.21090408029,7376.722211944935,6975.097910111262,7349.97314453125,2065788.0,BAJAJ-AUTO,0.05332837251326872,False
2024-01-26,7120.21090408029,7376.722211944935,6975.097910111262,7349.97314453125,2065788.0,BAJAJ-AUTO,0.0,False
2024-01-29,7346.587435968388,7391.08875570167,7236.301556629384,7302.85986328125,457853.0,BAJAJ-AUTO,-0.006409993658963886,False
2024-01-30,7328.109788890676,7410.4373267737,7297.877913373486,7319.88671875,266287.0,BAJAJ-AUTO,0.0023315325485513405,False
2024-01-31,7319.886770052245,7435.590299317168,7270.258311804621,7417.7412109375,336874.0,BAJAJ-AUTO,0.013368306907925787,False
2024-02-01,7429.785618652647,7512.016318859089,7387.557830021242,7406.32568359375,394564.0,BAJAJ-AUTO,-0.0015389492595020426,False
2024-02-02,7424.948224785797,7543.457170393127,7415.854571597473,7486.08935546875,197720.0,BAJAJ-AUTO,0.0107696684270433,False
2024-02-05,7545.875924248359,7582.637883879312,7384.800495865365,7408.744140625,252401.0,BAJAJ-AUTO,-0.010331858353687329,False
2024-02-06,7424.948367881132,7495.279989578876,7420.691814431481,7468.869140625,131992.0,BAJAJ-AUTO,0.008115410501263076,False
2024-02-07,7492.668065363589,7524.39925311468,7415.855010142931,7450.97216796875,159783.0,BAJAJ-AUTO,-0.002396209160889451,False
2024-02-08,7477.188940562659,7529.86514682506,7418.32134097313,7504.5185546875,282537.0,BAJAJ-AUTO,0.0071864966760903926,False
2024-02-09,7525.36655210363,7536.685555120613,7419.144024416915,7531.2197265625,173555.0,BAJAJ-AUTO,0.003558012640040964,False
2024-02-12,7521.690666809348,7617.658921886865,7513.032068668106,7574.8505859375,219911.0,BAJAJ-AUTO,0.005793332416144326,False
2024-02-13,7574.898756601594,7676.622877230004,7557.437014189812,7659.451171875,258767.0,BAJAJ-AUTO,0.011168614479942107,False
2024-02-14,7641.65048592542,7871.751424567311,7623.269506151704,7819.94580078125,513900.0,BAJAJ-AUTO,0.02095380273400993,False
2024-02-15,7856.030495184967,7891.09946817043,7783.183489945834,7858.400390625,394525.0,BAJAJ-AUTO,0.004917500814380027,False
2024-02-16,7919.155241265446,8179.971772344052,7871.993515432936,8053.81982421875,938756.0,BAJAJ-AUTO,0.024867584225777506,False
2024-02-19,8126.327939404629,8368.182937601196,8088.694923786809,8232.4541015625,1044959.0,BAJAJ-AUTO,0.022180068742856163,False
2024-02-20,8227.906905054399,8227.906905054399,7970.283154107553,8024.9423828125,547082.0,BAJAJ-AUTO,-0.025206544268569275,False
2024-02-21,8029.585671065019,8103.931517120975,7937.680774829937,7964.04296875,439817.0,BAJAJ-AUTO,-0.007588766517867107,False
2024-02-22,7990.888835085165,8271.440622273385,7952.192036852307,8221.5703125,548486.0,BAJAJ-AUTO,0.03233625744618762,False
2024-02-23,8220.651309801784,8253.059879249076,8127.343463443874,8162.07421875,340749.0,BAJAJ-AUTO,-0.007236585164216436,False
2024-02-26,8183.212596112693,8269.458472165534,8102.142984216864,8172.7646484375,345968.0,BAJAJ-AUTO,0.0013097687427225946,False
2024-02-27,8184.373307299359,8213.395907679853,8110.365676329099,8187.75927734375,392445.0,BAJAJ-AUTO,0.0018347070485036365,False
2024-02-28,8194.04697873122,8210.154898801524,7808.868820008442,7921.86328125,537728.0,BAJAJ-AUTO,-0.03247481845607103,False
2024-02-29,7736.844717413317,7878.184875785798,7632.943902492779,7651.66357421875,1042536.0,BAJAJ-AUTO,-0.03410810025853095,False
2024-03-01,7695.826098434703,7830.297478407353,7686.4419354873935,7778.10498046875,399007.0,BAJAJ-AUTO,0.016524694927261052,False
2024-03-04,7805.86991330305,7957.029284203574,7784.489837408274,7939.90576171875,410053.0,BAJAJ-AUTO,0.02080208246819648,False
2024-03-05,7894.195301291765,8114.718876984988,7894.195301291765,8079.64990234375,615117.0,BAJAJ-AUTO,0.017600226604547187,False
2024-03-06,8097.015367337159,8398.31851544966,8091.500884384952,8325.4228515625,959543.0,BAJAJ-AUTO,0.030418762222290896,False
2024-03-07,8356.574101804557,8680.514316403132,8223.118321590697,8589.7705078125,1243547.0,BAJAJ-AUTO,0.03175185945064496,False
2024-03-08,8356.574101804557,8680.514316403132,8223.118321590697,8589.7705078125,1243547.0,BAJAJ-AUTO,0.0,False
2024-03-11,8729.465397341319,8730.964709256312,8348.833843865037,8377.2763671875,631957.0,BAJAJ-AUTO,-0.02473804631121801,False
2024-03-12,8355.558804713686,8416.506267972494,8199.126793400184,8249.8681640625,324864.0,BAJAJ-AUTO,-0.015208785951486337,False
2024-03-13,8249.868096429867,8336.452190349624,8026.635921323899,8111.720703125,430048.0,BAJAJ-AUTO,-0.016745414373927625,False
2024-03-14,8059.092618484744,8126.328311058382,7934.827325778917,8110.4140625,392634.0,BAJAJ-AUTO,-0.00016108057375507912,False
2024-03-15,8111.622921014078,8157.381697466692,7845.776097438498,8078.63427734375,676870.0,BAJAJ-AUTO,-0.003918392441045637,False
2024-03-18,8071.184680764166,8268.68384238283,8023.974775931608,8244.1591796875,367524.0,BAJAJ-AUTO,0.020489218432372835,False
2024-03-19,8223.06968075397,8404.848269595177,8167.491214962486,8358.7021484375,673456.0,BAJAJ-AUTO,0.013893832743091528,False
2024-03-20,8358.508979114662,8497.817462099907,8283.050217497654,8354.251953125,790885.0,BAJAJ-AUTO,-0.0005324026665229908,False
2024-03-21,8327.744844773024,8484.273208286842,8305.300512330963,8465.5048828125,720691.0,BAJAJ-AUTO,0.01331692296470477,False
2024-03-22,8416.601911245592,8755.150718301962,8399.140169756645,8653.8134765625,851210.0,BAJAJ-AUTO,0.022244224810775703,False
2024-03-25,8416.601911245592,8755.150718301962,8399.140169756645,8653.8134765625,851210.0,BAJAJ-AUTO,0.0,False
2024-03-26,8653.812922186149,8726.127560226832,8562.681778007085,8668.6142578125,534067.0,BAJAJ-AUTO,0.0017103189582357015,False
2024-03-27,8667.115390411835,8985.202883164535,8635.867914765633,8863.9853515625,1034030.0,BAJAJ-AUTO,0.02253775377926459,False
2024-03-28,8863.985614514375,8942.44299741672,8687.479649263041,8850.103515625,847202.0,BAJAJ-AUTO,-0.0015660941875375034,False
2024-03-29,8863.985614514375,8942.44299741672,8687.479649263041,8850.103515625,847202.0,BAJAJ-AUTO,0.0,False
2024-04-01,8895.233721549366,8911.486189503645,8719.453308828266,8747.5576171875,419820.0,BAJAJ-AUTO,-0.011586971638970489,False
2024-04-02,8851.892511690514,9053.067678542024,8841.73460225087,8973.8837890625,803845.0,BAJAJ-AUTO,0.025873070150496336,False
2024-04-03,8947.619649584361,8947.619649584361,8769.856219585095,8784.609375,453210.0,BAJAJ-AUTO,-0.021091694355702573,False
2024-04-04,8841.251514308979,8882.608719937243,8695.219274141358,8848.1689453125,617929.0,BAJAJ-AUTO,0.007235332568501285,False
2024-04-05,8832.543826351699,8832.543826351699,8707.262947325133,8715.9697265625,356305.0,BAJAJ-AUTO,-0.014940856076220754,False
2024-04-08,8754.183402449511,8793.84762164505,8659.666281417269,8736.2861328125,376197.0,BAJAJ-AUTO,0.0023309404331779415,False
2024-04-09,8793.84815247204,8835.157177076992,8645.252812414528,8686.3681640625,237944.0,BAJAJ-AUTO,-0.005713866051446526,False
2024-04-10,8740.446450433194,8754.957751136113,8611.344056230326,8712.1494140625,319824.0,BAJAJ-AUTO,0.002968012581675117,False
2024-04-11,8740.446450433194,8754.957751136113,8611.344056230326,8712.1494140625,319824.0,BAJAJ-AUTO,0.0,False
2024-04-12,8657.489557162948,8821.902771221168,8639.06039554831,8769.5166015625,480474.0,BAJAJ-AUTO,0.006584734119389868,False
2024-04-15,8763.954002329723,8878.690579321321,8653.571760013781,8703.92578125,386707.0,BAJAJ-AUTO,-0.007479411157145566,False
2024-04-16,8656.474142169074,8735.270689955983,8497.913626597245,8628.564453125,487529.0,BAJAJ-AUTO,-0.008658314652377097,False
2024-04-17,8656.474142169074,8735.270689955983,8497.913626597245,8628.564453125,487529.0,BAJAJ-AUTO,0.0,False
2024-04-18,8675.726081715062,8831.577063765431,8658.40888604454,8727.3857421875,819240.0,BAJAJ-AUTO,0.011452807659877884,False
2024-04-19,8779.384706852688,8793.847824842765,8416.602205827821,8517.6494140625,1385007.0,BAJAJ-AUTO,-0.024031976392558274,False
2024-04-22,8594.559386369127,8594.559386369127,8460.088004704865,8509.1845703125,323734.0,BAJAJ-AUTO,-0.000993800441706938,False
2024-04-23,8556.829673564675,8572.792103142268,8475.566395715106,8509.232421875,295346.0,BAJAJ-AUTO,5.623519163888702e-06,False
2024-04-24,8532.547977863851,8580.04792164234,8397.205542885953,8413.748046875,319824.0,BAJAJ-AUTO,-0.011221267708534377,False
2024-04-25,8413.651786710503,8484.273447102578,8359.863612310322,8450.3173828125,524667.0,BAJAJ-AUTO,0.004346378775994086,False
2024-04-26,8462.312655345848,8701.89459279862,8449.978050523245,8681.9169921875,521344.0,BAJAJ-AUTO,0.02740720837847599,False
2024-04-29,8681.916859297107,8696.911868851928,8444.608929291659,8474.6953125,299443.0,BAJAJ-AUTO,-0.02386819407211227,False
2024-04-30,8512.715802400628,8673.887594163998,8508.45877656395,8613.5693359375,360403.0,BAJAJ-AUTO,0.0163869045808247,False
2024-05-01,8512.715802400628,8673.887594163998,8508.45877656395,8613.5693359375,360403.0,BAJAJ-AUTO,0.0,False
2024-05-02,8652.604278174604,8848.458641555442,8538.545084936643,8813.8251953125,638239.0,BAJAJ-AUTO,0.02324888226527566,False
2024-05-03,8871.241680996862,8956.954717813389,8769.033376860974,8808.939453125,396042.0,BAJAJ-AUTO,-0.0005543271030719055,False
2024-05-06,8822.870835230622,8886.478703368386,8523.502512513618,8757.6181640625,458431.0,BAJAJ-AUTO,-0.005826046294857168,False
2024-05-07,8760.134017458582,8779.28874544207,8360.975939174587,8395.1748046875,588285.0,BAJAJ-AUTO,-0.04138606554717261,False
2024-05-08,8369.15118848546,8499.123699521566,8312.847150366204,8464.345703125,451581.0,BAJAJ-AUTO,0.008239363687683854,False
2024-05-09,8513.295892097889,8713.987357503436,8500.090231366827,8558.619140625,645689.0,BAJAJ-AUTO,0.01113771114821005,False
2024-05-10,8658.409084212508,8753.168063083362,8616.326313803207,8689.1728515625,482797.0,BAJAJ-AUTO,0.01525406245942218,False
2024-05-13,8728.933694934525,8730.964898896245,8581.498519186609,8699.330078125,435605.0,BAJAJ-AUTO,0.001168952066671558,False
2024-05-14,8660.585835106502,8792.880522246698,8593.350144018797,8769.904296875,408162.0,BAJAJ-AUTO,0.008112603857561851,False
2024-05-15,8773.531175323518,8827.706690354737,8588.124771429884,8613.0849609375,274392.0,BAJAJ-AUTO,-0.01788153332452891,False
2024-05-16,8658.408937855802,8663.777929868049,8426.228139522238,8582.8046875,680474.0,BAJAJ-AUTO,-0.0035156129975297823,False
2024-05-17,8601.331237264967,8666.486596497312,8479.920027021264,8494.625,323961.0,BAJAJ-AUTO,-0.010273994423807054,False
2024-05-20,8601.331237264967,8666.486596497312,8479.920027021264,8494.625,323961.0,BAJAJ-AUTO,0.0,False
2024-05-21,8489.110008672116,8571.340703912814,8489.110008672116,8533.3212890625,417798.0,BAJAJ-AUTO,0.00455538520682186,False
2024-05-22,8561.667047249033,8561.667047249033,8451.381166640402,8518.6650390625,302838.0,BAJAJ-AUTO,-0.0017175317210644803,False
2024-05-23,8561.666911621229,8692.268610273079,8466.086005557092,8671.4208984375,731514.0,BAJAJ-AUTO,0.01793190114584098,False
2024-05-24,8687.430756250411,8729.997232116226,8581.110930678078,8656.6669921875,455920.0,BAJAJ-AUTO,-0.0017014404470504507,False
2024-05-27,8708.714757958209,8773.967425292703,8592.334322003806,8705.5224609375,301747.0,BAJAJ-AUTO,0.0056436811990216995,False
2024-05-28,8705.52187853839,8728.304428850392,8625.709734629701,8696.86328125,259094.0,BAJAJ-AUTO,-0.0009946766235288118,False
2024-05-29,8658.408319009117,8841.68621254338,8612.697727604293,8774.6923828125,339934.0,BAJAJ-AUTO,0.008949100272772625,False
2024-05-30,8772.564934736856,8831.481193152014,8636.738783036346,8676.306640625,305109.0,BAJAJ-AUTO,-0.011212443456161902,False
2024-05-31,8697.105512715334,8828.190918385291,8632.288374856387,8788.7685546875,560005.0,BAJAJ-AUTO,0.012961957053928996,False
2024-06-03,8880.916121040209,9136.315016024371,8825.337649830222,9031.3017578125,438422.0,BAJAJ-AUTO,0.027595811815483984,False
2024-06-04,8926.384665241334,9067.482499483933,8521.035670472058,8945.4912109375,738601.0,BAJAJ-AUTO,-0.009501459388262634,False
2024-06-05,8939.927746630021,9363.657684193484,8877.045449959645,9289.408203125,489543.0,BAJAJ-AUTO,0.038445847643000075,False
2024-06-06,9282.684942169932,9422.670805196349,9145.988685043763,9385.376953125,570095.0,BAJAJ-AUTO,0.010330986420395982,False
2024-06-07,9329.411148181134,9422.767178322025,9301.743314037818,9408.69140625,246783.0,BAJAJ-AUTO,0.002484125383716007,False
2024-06-10,9460.399423456824,9600.675312239036,9366.075980999822,9415.9462890625,201452.0,BAJAJ-AUTO,0.0007710830868234986,False
2024-06-11,9422.671302983968,9577.458511246536,9384.070865025027,9493.0029296875,457442.0,BAJAJ-AUTO,0.008183632134192154,False
2024-06-12,9532.95648194746,9620.024280138578,9476.556086068427,9581.5693359375,277175.0,BAJAJ-AUTO,0.009329651207946599,False
2024-06-13,9581.327377818488,9616.15449672009,9505.143055221237,9600.095703125,277783.0,BAJAJ-AUTO,0.0019335420470227849,False
2024-06-14,9583.125907573029,9747.94865114924,9570.495808630698,9715.5205078125,320933.0,BAJAJ-AUTO,0.012023297293789259,False
2024-06-17,9583.125907573029,9747.94865114924,9570.495808630698,9715.5205078125,320933.0,BAJAJ-AUTO,0.0,False
2024-06-18,9676.752757935838,9790.665561013457,9663.098803228006,9673.046875,206100.0,BAJAJ-AUTO,-0.004371730035292121,False
2024-06-19,9693.819974654823,9702.1098755336,9430.9813526749,9446.390625,279789.0,BAJAJ-AUTO,-0.0234317328272019,False
2024-06-20,9452.437847555677,9495.253129630191,9328.576971922206,9393.9208984375,324597.0,BAJAJ-AUTO,-0.0055544735174976045,False
2024-06-21,9435.858050847455,9488.474731445312,9334.52581959525,9364.90625,334018.0,BAJAJ-AUTO,-0.003088662205184889,False
2024-06-24,9343.206632317668,9517.7336314511,9275.473070161142,9504.3720703125,283754.0,BAJAJ-AUTO,0.014892388304741377,False
2024-06-25,9513.881078033508,9582.15085511832,9406.599999757374,9421.1806640625,282048.0,BAJAJ-AUTO,-0.008752961861610342,False
2024-06-26,9421.13202488552,9421.521566440117,9208.129940892855,9240.4609375,431217.0,BAJAJ-AUTO,-0.019182280120352946,False
2024-06-27,9328.235594138328,9328.235594138328,9134.154388091,9184.673828125,637626.0,BAJAJ-AUTO,-0.0060372647806563595,False
2024-06-28,9231.048485614649,9288.297756512138,9150.34386203466,9266.79296875,237516.0,BAJAJ-AUTO,0.008940888066546027,False
2024-07-01,9270.060081887656,9454.339899145025,9270.060081887656,9296.783203125,289355.0,BAJAJ-AUTO,0.0032363121174860954,False
2024-07-02,9284.688812990296,9296.782696195403,9149.22170133526,9168.8740234375,287884.0,BAJAJ-AUTO,-0.013758434169413025,False
2024-07-03,9239.826147754198,9318.775454416036,9152.635513711944,9189.501953125,318120.0,BAJAJ-AUTO,0.002249777850014123,False
2024-07-04,9245.58086996064,9264.208384574174,9187.502035666064,9227.0009765625,234656.0,BAJAJ-AUTO,0.004080637191088199,False
2024-07-05,9286.639994754263,9421.228980185484,9258.649196429717,9397.626953125,608628.0,BAJAJ-AUTO,0.018492029750067918,False
2024-07-08,9401.723285235885,9427.22730354056,9235.925260496248,9293.857421875,316215.0,BAJAJ-AUTO,-0.011042099432931107,False
2024-07-09,9328.57703967195,9328.57703967195,9246.848557294868,9298.4404296875,262913.0,BAJAJ-AUTO,0.0004931222424084947,False
2024-07-10,9313.948153547844,9411.476406464575,9218.321892047858,9306.5849609375,239607.0,BAJAJ-AUTO,0.0008759029335712043,False
2024-07-11,9306.584209279772,9332.96540907817,9151.075232079049,9232.8037109375,294900.0,BAJAJ-AUTO,-0.007927854342885343,False
2024-07-12,9265.135247817883,9318.190044772482,9179.358960796464,9197.6455078125,171581.0,BAJAJ-AUTO,-0.003807966055137779,False
2024-07-15,9197.644906976017,9497.788079059028,9171.507527966718,9434.248046875,504086.0,BAJAJ-AUTO,0.025724250718461406,False
2024-07-16,9474.868926975489,9665.000429587348,9395.530081263829,9478.1357421875,1041123.0,BAJAJ-AUTO,0.004651954781604184,False
2024-07-17,9474.868926975489,9665.000429587348,9395.530081263829,9478.1357421875,1041123.0,BAJAJ-AUTO,0.0,False
2024-07-18,9504.128019649335,9504.128019649335,9061.837403239795,9388.2646484375,1055384.0,BAJAJ-AUTO,-0.00948193781926765,False
2024-07-19,9396.846565220265,9435.85786388231,9109.138237587676,9154.0498046875,380782.0,BAJAJ-AUTO,-0.024947618385361636,False
2024-07-22,9118.89165342488,9201.790668456017,9034.237320325014,9177.1162109375,247040.0,BAJAJ-AUTO,0.002519803446796587,False
2024-07-23,9201.790220948242,9272.985842159604,8528.45481416584,9150.587890625,431989.0,BAJAJ-AUTO,-0.0028907033214728983,False
2024-07-24,9128.64452997091,9141.030808653495,9021.363451093046,9031.3115234375,283213.0,BAJAJ-AUTO,-0.013034831052735063,False
2024-07-25,9031.116133076684,9079.831685424098,8944.315988817092,9048.9150390625,262328.0,BAJAJ-AUTO,0.001949164922427471,False
2024-07-26,9088.65775533319,9270.060303084234,9039.357414695394,9258.259765625,250956.0,BAJAJ-AUTO,0.023134787503120258,False
2024-07-29,9313.167852066505,9383.241518816443,9273.961305028672,9321.4091796875,302363.0,BAJAJ-AUTO,0.006820873000017436,False
2024-07-30,9314.5817750965,9415.3768360164,9276.8867271792,9327.9423828125,301885.0,BAJAJ-AUTO,0.0007008814868074698,False
2024-07-31,9362.711869202349,9440.734468112369,9343.254793114302,9425.3251953125,315292.0,BAJAJ-AUTO,0.010439902874983087,False
2024-08-01,9600.680891430296,9600.680891430296,9423.179477143389,9489.986328125,308658.0,BAJAJ-AUTO,0.006860360939552335,False
2024-08-02,9474.674191785698,9489.498676194316,9344.91304631294,9378.51171875,230615.0,BAJAJ-AUTO,-0.011746551103517189,False
2024-08-05,9163.949075031884,9284.68885090651,9137.713596363716,9250.6025390625,310757.0,BAJAJ-AUTO,-0.013638537064657896,False
2024-08-06,9280.05709555901,9382.21794059827,9167.65578395257,9194.37890625,246541.0,BAJAJ-AUTO,-0.0060778346680753215,False
2024-08-07,9333.453079141274,9484.621859419947,9262.745101268993,9468.2373046875,270583.0,BAJAJ-AUTO,0.029785415766511614,False
2024-08-08,9494.375373948196,9536.020128220182,9372.61173176052,9402.9912109375,365016.0,BAJAJ-AUTO,-0.006891049690706197,False
2024-08-09,9519.732707900826,9533.386663224115,9376.366177006306,9524.560546875,161640.0,BAJAJ-AUTO,0.01292879395612867,False
2024-08-12,9500.226436180536,9509.93068713557,9377.340846306935,9470.8212890625,307698.0,BAJAJ-AUTO,-0.005642177142769267,False
2024-08-13,9460.240396586414,9547.869149599494,9411.476270830814,9432.5419921875,161706.0,BAJAJ-AUTO,-0.004041813873017275,False
2024-08-14,9464.141755019988,9543.139640650308,9432.54221979812,9508.6142578125,282934.0,BAJAJ-AUTO,0.008064874313626902,False
2024-08-15,9464.141755019988,9543.139640650308,9432.54221979812,9508.6142578125,282934.0,BAJAJ-AUTO,0.0,False
2024-08-16,9546.065308994172,9679.679014279442,9454.340178441964,9643.740234375,240190.0,BAJAJ-AUTO,0.01421090107335865,False
2024-08-19,9681.58099858102,9698.209375055596,9518.074503197764,9529.14453125,148301.0,BAJAJ-AUTO,-0.011882910607289632,False
2024-08-20,9530.656084185275,9632.524534437343,9513.92960790671,9537.970703125,132844.0,BAJAJ-AUTO,0.0009262291957117252,False
2024-08-21,9537.38492167543,9625.063201297167,9494.375343462149,9608.4833984375,134985.0,BAJAJ-AUTO,0.007392840417238533,False
2024-08-22,9655.296306463828,9763.552658990848,9597.851788882936,9669.1455078125,388874.0,BAJAJ-AUTO,0.006313390663178486,False
2024-08-23,9723.56628837377,10186.191150020912,9684.554989323122,10149.228515625,1229549.0,BAJAJ-AUTO,0.049651027324451924,False
2024-08-26,10118.653421774095,10257.193067452505,10084.08041793712,10174.68359375,309223.0,BAJAJ-AUTO,0.0025080801053805057,False
2024-08-27,10143.913328215063,10307.224574060916,10094.173920490908,10242.0263671875,262396.0,BAJAJ-AUTO,0.0066186602086444335,False
2024-08-28,10240.466264779365,10450.15200258199,10202.722641490029,10393.341796875,338792.0,BAJAJ-AUTO,0.014773973846842647,False
2024-08-29,10320.487467786344,10581.814590957563,10294.49676192763,10540.7060546875,693506.0,BAJAJ-AUTO,0.014178717557119969,False
2024-08-30,10567.18585589979,10651.401118553224,10440.399131278937,10622.337890625,498560.0,BAJAJ-AUTO,0.007744437186083752,False
2024-09-02,10655.936203637177,10878.397752747056,10642.428922477988,10851.08984375,787108.0,BAJAJ-AUTO,0.02153499121195246,False
2024-09-03,10831.4386187858,10843.873470370836,10742.736486994349,10770.6787109375,217394.0,BAJAJ-AUTO,-0.007410419964296477,False
2024-09-04,10739.811033017426,10757.21944490452,10639.259786898156,10692.705078125,324246.0,BAJAJ-AUTO,-0.0072394354065467015,False
2024-09-05,10692.997180713564,10743.565196662848,10557.969129988844,10587.4228515625,297298.0,BAJAJ-AUTO,-0.009846173236170652,False
2024-09-06,10587.422626213003,10644.18425619726,10529.393319508294,10562.40625,216847.0,BAJAJ-AUTO,-0.0023628603403526016,False
2024-09-09,10562.406189761394,10632.919873563387,10513.544919481934,10579.4736328125,193055.0,BAJAJ-AUTO,0.001615861235454652,False
2024-09-10,10526.61438569942,10762.92514202891,10513.593793031583,10716.16015625,466892.0,BAJAJ-AUTO,0.012919973921345473,False
2024-09-11,10794.182326696337,11217.015842045026,10715.037774977254,11138.45703125,1283385.0,BAJAJ-AUTO,0.03940748074334288,False
2024-09-12,11196.97477793168,11488.096609799162,11160.498830758112,11433.724609375,1409151.0,BAJAJ-AUTO,0.026508840254677812,False
2024-09-13,11433.72412259018,11599.961211330296,11399.492088606776,11447.037109375,417878.0,BAJAJ-AUTO,0.0011643187548076028,False
2024-09-16,11443.964408168858,11461.324245506175,11352.336430386622,11399.4423828125,172602.0,BAJAJ-AUTO,-0.004157820587785133,False
2024-09-17,11391.299306282115,11676.910398073076,11355.311001990323,11654.91796875,444755.0,BAJAJ-AUTO,0.02241123533574707,False
2024-09-18,11547.832217094345,11756.055026802518,11449.816327746936,11473.857421875,446416.0,BAJAJ-AUTO,-0.015535119797537189,False
2024-09-19,11519.256489987722,11742.644749059316,11519.256489987722,11574.65234375,500633.0,BAJAJ-AUTO,0.008784745893986257,False
2024-09-20,11630.24384172421,11718.01926694477,11574.896559710134,11646.53125,772831.0,BAJAJ-AUTO,0.006210027231514426,False
2024-09-23,11703.389727888652,12073.997069271792,11703.389727888652,12033.9619140625,735579.0,BAJAJ-AUTO,0.03326575576418955,False
2024-09-24,11928.240950712749,12169.08714974332,11928.240950712749,12136.07421875,503848.0,BAJAJ-AUTO,0.008485343847413507,False
2024-09-25,12083.750490752738,12123.444680024824,12005.727888713978,12090.8212890625,262012.0,BAJAJ-AUTO,-0.0037287947380533204,False
2024-09-26,12152.02000685516,12363.168669093053,12084.774087680677,12309.6748046875,641805.0,BAJAJ-AUTO,0.01810079815032717,False
2024-09-27,12309.6744684878,12458.258373030149,12241.355168969629,12353.318359375,480852.0,BAJAJ-AUTO,0.003545467721931983,False
2024-09-30,12243.30590033947,12338.445469293774,11978.078588801824,12040.7890625,479000.0,BAJAJ-AUTO,-0.025299218216765174,False
2024-10-01,12107.400593944412,12191.031067064474,11812.71861002161,11856.9482421875,670828.0,BAJAJ-AUTO,-0.01526817049598983,False
2024-10-02,12107.400593944412,12191.031067064474,11812.71861002161,11856.9482421875,670828.0,BAJAJ-AUTO,0.0,False
2024-10-03,11442.014052335831,11721.773450680172,11410.80501298408,11514.6240234375,670365.0,BAJAJ-AUTO,-0.028871191115770967,False
2024-10-04,11372.96404566392,11652.96725976349,11351.31258450495,11483.3662109375,650553.0,BAJAJ-AUTO,-0.002714618596002416,False
2024-10-07,11483.366544876004,11524.913198029668,11240.130710611144,11329.9052734375,341323.0,BAJAJ-AUTO,-0.013363758908414347,False
2024-10-08,11298.647449681044,11641.80020683565,11276.41119978155,11595.23046875,359432.0,BAJAJ-AUTO,0.023418130064559728,False
2024-10-09,11648.77379522637,11692.46625929829,11510.283684800872,11525.9853515625,193883.0,BAJAJ-AUTO,-0.005971862083648971,False
2024-10-10,11529.301526423642,11733.574626836122,11511.355948305838,11539.5419921875,251378.0,BAJAJ-AUTO,0.001176180622436851,False
2024-10-11,11596.109082250226,11635.75469738257,11416.266605841727,11583.3818359375,200855.0,BAJAJ-AUTO,0.0037990973800936523,False
2024-10-14,11633.949544313577,11693.734170301715,11568.410370680498,11605.1787109375,177045.0,BAJAJ-AUTO,0.0018817367249670536,False
2024-10-15,11654.625328529812,11654.625328529812,11183.563903117269,11236.716796875,476945.0,BAJAJ-AUTO,-0.03174978371640558,False
2024-10-16,11252.712700126896,11391.29996687054,11099.837163328357,11329.80859375,504602.0,BAJAJ-AUTO,0.008284608267504767,False
2024-10-17,10944.814996787343,11008.354077507096,9822.06964002356,9869.322265625,3668914.0,BAJAJ-AUTO,-0.12890653147756315,False
2024-10-18,9801.149887211628,9898.239067915994,9597.85206313165,9815.1943359375,1543331.0,BAJAJ-AUTO,-0.00548446268453795,False
2024-10-21,9814.267999049896,10562.163018564252,9637.1570743824,10240.9541015625,2110278.0,BAJAJ-AUTO,0.04337761954097208,False
2024-10-22,10240.9542807466,10352.575557601782,10064.915782801289,10112.0703125,1191148.0,BAJAJ-AUTO,-0.01258513491851665,False
2024-10-23,10111.729213403549,10469.755047156075,10086.81093538895,10325.072265625,1323887.0,BAJAJ-AUTO,0.02106412896098031,False
2024-10-24,10244.367074132491,10331.606281637642,9957.63402769352,10047.84765625,653421.0,BAJAJ-AUTO,-0.026849653178501853,False
2024-10-25,10045.409483414389,10111.923938634089,9679.678555620174,9953.830078125,644769.0,BAJAJ-AUTO,-0.009356986823592872,False
2024-10-28,9953.8302881213,10038.338897256212,9738.195709514295,9763.796875,340768.0,BAJAJ-AUTO,-0.019091465459373902,False
2024-10-29,9824.947427457802,9824.947427457802,9401.72339195838,9607.361328125,1100706.0,BAJAJ-AUTO,-0.016021999318272417,False
2024-10-30,9577.274167996664,9809.147582807376,9528.51004290503,9694.9423828125,604822.0,BAJAJ-AUTO,0.009116036307608377,False
2024-10-31,9694.30788242411,9782.961441111367,9562.644747200038,9593.1708984375,361801.0,BAJAJ-AUTO,-0.010497378979314353,False
2024-11-01,9660.172584758213,9704.060294633438,9595.608696634692,9631.8408203125,53757.0,BAJAJ-AUTO,0.004030984362146439,False
2024-11-04,9651.882778255807,9651.882778255807,9133.520155445423,9290.1015625,1125992.0,BAJAJ-AUTO,-0.03548016045819702,False
2024-11-05,9294.44180419678,9759.94392988644,9265.378577497471,9630.767578125,1019901.0,BAJAJ-AUTO,0.03666978378364738,False
2024-11-06,9639.107508662646,9805.490323352751,9605.362162472822,9772.818359375,514045.0,BAJAJ-AUTO,0.014749684290237708,False
2024-11-07,9821.679481888574,9830.652271298852,9547.96702199337,9613.0185546875,473407.0,BAJAJ-AUTO,-0.016351455517865543,False
2024-11-08,9613.018993356112,9744.09639479338,9535.58117899638,9665.4404296875,273163.0,BAJAJ-AUTO,0.005453216874780509,False
2024-11-11,9606.581082799856,9784.912057229054,9557.768384748324,9674.16796875,359768.0,BAJAJ-AUTO,0.0009029634113406626,False
2024-11-12,9655.296620750967,9751.849586958477,9423.179388858163,9439.466796875,316606.0,BAJAJ-AUTO,-0.02426060542189712,False
2024-11-13,9439.46665517822,9469.992806076494,9183.356906496492,9218.5166015625,494123.0,BAJAJ-AUTO,-0.023407063138952577,False
2024-11-14,9177.408612970174,9281.715270102986,9167.655787664147,9248.5556640625,275791.0,BAJAJ-AUTO,0.0032585570757563964,False
2024-11-15,9177.408612970174,9281.715270102986,9167.655787664147,9248.5556640625,275791.0,BAJAJ-AUTO,0.0,False
2024-11-18,9225.2452236581,9365.637322142791,9202.618480442465,9281.275390625,292519.0,BAJAJ-AUTO,0.0035378201473814652,False
2024-11-19,9323.700254849282,9458.87402192582,9265.622375232017,9309.75390625,365397.0,BAJAJ-AUTO,0.0030683838617444614,False
2024-11-20,9323.700254849282,9458.87402192582,9265.622375232017,9309.75390625,365397.0,BAJAJ-AUTO,0.0,False
2024-11-21,9239.339146851164,9317.849391356522,9181.65080361444,9270.060546875,282212.0,BAJAJ-AUTO,-0.004263631431584036,False
2024-11-22,9309.071853940744,9365.541094034968,9210.665464583088,9247.2880859375,619823.0,BAJAJ-AUTO,-0.0024565601079247212,False
2024-11-25,9323.700732233978,9398.163170396683,9159.853271667524,9188.087890625,1090141.0,BAJAJ-AUTO,-0.006401898022678321,False
2024-11-26,9231.048299468115,9249.57866583789,8894.673004765022,8911.5947265625,750430.0,BAJAJ-AUTO,-0.03009256848148112,False
2024-11-27,8948.21729399831,9028.141888542385,8877.996951200721,8963.1875,461513.0,BAJAJ-AUTO,0.005789398533095236,False
2024-11-28,8938.561433275045,9043.210009495697,8769.984230847738,8790.708984375,687966.0,BAJAJ-AUTO,-0.01924298868287644,False
2024-11-29,8835.181506348708,8866.196252460637,8770.715712670659,8810.361328125,423101.0,BAJAJ-AUTO,0.0022355812011216614,False
2024-12-02,8854.394301015096,8948.2166651443,8833.084760008418,8904.669921875,298320.0,BAJAJ-AUTO,0.010704282178409796,False
2024-12-03,8879.946919438655,8997.029389874018,8879.946919438655,8935.3427734375,398985.0,BAJAJ-AUTO,0.003444580409112108,False
2024-12-04,8935.342993930333,9011.61027570962,8729.753633969352,8776.7138671875,456462.0,BAJAJ-AUTO,-0.01775297381109575,False
2024-12-05,8820.601267266647,8820.601267266647,8530.308061232525,8672.1630859375,1803653.0,BAJAJ-AUTO,-0.011912292326273999,False
2024-12-06,8732.582387329687,8922.81104911484,8709.369901811526,8874.9736328125,746013.0,BAJAJ-AUTO,0.023386385249589026,False
2024-12-09,8871.169424491429,8944.315610379386,8803.290144957122,8853.078125,304202.0,BAJAJ-AUTO,-0.002467106801483654,False
2024-12-10,8850.785940610824,8870.097296281187,8758.036954721532,8790.513671875,393944.0,BAJAJ-AUTO,-0.007066971762999086,False
2024-12-11,8821.478225085668,8883.262938985692,8790.85492798793,8845.6650390625,254311.0,BAJAJ-AUTO,0.006273964098816531,False
2024-12-12,8870.194645714793,8870.194645714793,8722.926983097648,8741.701171875,599056.0,BAJAJ-AUTO,-0.011753086594212592,False
2024-12-13,8742.579138511748,8827.282043976595,8683.671693631268,8798.4140625,243931.0,BAJAJ-AUTO,0.006487626322375872,False
2024-12-16,8839.96029219768,8854.345708604335,8748.28374018239,8775.9326171875,228470.0,BAJAJ-AUTO,-0.0025551701878090416,False
2024-12-17,8767.594284312252,8767.789531293914,8632.615759979171,8675.1376953125,456493.0,BAJAJ-AUTO,-0.011485380103944176,False
2024-12-18,8606.867861747076,8783.637810748964,8582.48579981578,8735.361328125,303382.0,BAJAJ-AUTO,0.0069420953220189485,False
2024-12-19,8604.91783216213,8780.468688989647,8545.961812259351,8760.6220703125,516640.0,BAJAJ-AUTO,0.002891779886215806,False
2024-12-20,8728.778001330053,8842.642228330642,8542.88954575747,8570.05078125,316335.0,BAJAJ-AUTO,-0.021753168614395246,False
2024-12-23,8631.201342135737,8655.583404044704,8504.366046570143,8551.7158203125,514460.0,BAJAJ-AUTO,-0.0021394226715218956,False
2024-12-24,8528.84522973953,8635.151019338342,8515.19127511216,8561.078125,297827.0,BAJAJ-AUTO,0.0010947866935968609,False
2024-12-25,8528.84522973953,8635.151019338342,8515.19127511216,8561.078125,297827.0,BAJAJ-AUTO,0.0,False
2024-12-26,8592.239045473263,8678.698222286497,8580.145161193213,8659.0458984375,240675.0,BAJAJ-AUTO,0.011443392059630408,False
2024-12-27,8676.356645236536,8952.264436062922,8676.356645236536,8707.6142578125,713799.0,BAJAJ-AUTO,0.0056089735456610335,False
2024-12-30,8707.321763198035,8740.920434276772,8521.579029052667,8562.8828125,1065253.0,BAJAJ-AUTO,-0.01662125135856196,False
2024-12-31,8553.227419002891,8621.25337253487,8524.11561770839,8581.1201171875,294554.0,BAJAJ-AUTO,0.002129808977518355,False
2025-01-01,8537.67119597237,8550.30129426614,8339.640283708197,8524.5048828125,558535.0,BAJAJ-AUTO,-0.0065976508429945735,False
2025-01-02,8524.456392523593,8882.189810502516,8463.062170815196,8855.0771484375,734590.0,BAJAJ-AUTO,0.03877905757219002,False
2025-01-03,8875.071074364681,8884.775326079214,8723.90228133979,8744.0908203125,337802.0,BAJAJ-AUTO,-0.012533637625572136,False
2025-01-06,8782.370325689722,8869.121894419492,8577.609574636921,8605.74609375,238306.0,BAJAJ-AUTO,-0.01582151070996718,False
2025-01-07,8650.755805943129,8668.262317365612,8519.189815252801,8592.53125,270785.0,BAJAJ-AUTO,-0.0015355837374283476,False
2025-01-08,8559.078793499957,8612.670754689325,8399.132471470104,8428.634765625,415288.0,BAJAJ-AUTO,-0.019074295991067802,False
2025-01-09,8504.414552099859,8678.06340513997,8477.252363896227,8617.44921875,612457.0,BAJAJ-AUTO,0.02240154643965031,False
2025-01-10,8614.134255317073,8636.126685584315,8428.488656804204,8547.3759765625,350859.0,BAJAJ-AUTO,-0.008131552668164677,False
2025-01-13,8489.346794966465,8533.625002863824,8339.640926389595,8383.7724609375,341577.0,BAJAJ-AUTO,-0.01914078847983436,False
2025-01-14,8406.934834255306,8483.00686639822,8314.283000235091,8398.3525390625,355464.0,BAJAJ-AUTO,0.001739083234061134,False
2025-01-15,8410.739482393352,8581.511074273396,8349.686223900493,8365.9736328125,347402.0,BAJAJ-AUTO,-0.0038553878393886576,False
2025-01-16,8407.910764519054,8426.343985466689,8338.37331000796,8369.826171875,290855.0,BAJAJ-AUTO,0.0004605009807094884,False
2025-01-17,8354.122658707545,8452.382363961253,8320.426841088021,8369.2890625,183057.0,BAJAJ-AUTO,-6.417210632225778e-05,False
2025-01-20,8387.42942712161,8396.791758070533,8253.523331519982,8333.2041015625,294136.0,BAJAJ-AUTO,-0.0043115921397893775,False
2025-01-21,8370.313574565092,8396.011887752686,8204.17362741031,8259.228515625,343149.0,BAJAJ-AUTO,-0.008877207978576829,False
2025-01-22,8271.175826809864,8323.987756376018,8187.496776859409,8251.71875,344305.0,BAJAJ-AUTO,-0.0009092575185192242,False
2025-01-23,8230.555482266007,8292.046851847828,8168.625045085447,8192.32421875,347894.0,BAJAJ-AUTO,-0.007197837571717991,False
2025-01-24,8206.41746274084,8280.099865254622,8153.361713682081,8193.8359375,232317.0,BAJAJ-AUTO,0.00018452867704388254,False
2025-01-27,8170.965117642021,8210.85455168523,8085.43265442989,8177.35302734375,324406.0,BAJAJ-AUTO,-0.002011623161847109,False
2025-01-28,8218.169472119482,8279.17320245136,8154.678009455135,8190.81298828125,651069.0,BAJAJ-AUTO,0.0016460046291864039,False
2025-01-29,8212.024812604042,8589.312443294195,8212.024812604042,8412.6396484375,802600.0,BAJAJ-AUTO,0.027082373932065362,False
2025-01-30,8445.897984126503,8606.185284076986,8389.867813301715,8531.576171875,322587.0,BAJAJ-AUTO,0.014137836447040808,False
2025-01-31,8582.486178204394,8738.434234162183,8527.91893071151,8629.1044921875,315913.0,BAJAJ-AUTO,0.011431453971425531,False
2025-02-03,8923.835278078353,8923.835278078353,8666.896901362908,8705.908203125,667412.0,BAJAJ-AUTO,0.0089005424615074,False
2025-02-04,8728.778335861476,8835.7184424767,8658.167502208358,8691.1328125,440468.0,BAJAJ-AUTO,-0.0016971682081021733,False
2025-02-05,8709.272765119747,8746.33350029047,8675.137877462505,8707.126953125,329075.0,BAJAJ-AUTO,0.00184028261563296,False
2025-02-06,8701.469950860293,8740.140280670124,8593.213599756786,8627.689453125,580590.0,BAJAJ-AUTO,-0.009123273431942969,False
2025-02-07,8670.7978294379,8802.900037435582,8632.274169845756,8767.205078125,244178.0,BAJAJ-AUTO,0.016170682284984972,False
2025-02-10,8767.204994765923,8845.617137279913,8627.2024282221,8661.044921875,192650.0,BAJAJ-AUTO,-0.012108779856750407,False
2025-02-11,8611.744011115114,8658.021353732176,8516.702546124805,8545.4248046875,282926.0,BAJAJ-AUTO,-0.013349442039664372,False
2025-02-12,8516.166651458556,8601.406721541593,8433.26764030716,8496.2705078125,411042.0,BAJAJ-AUTO,-0.0057521185895915705,False
2025-02-13,8499.635870952385,8560.103388156429,8437.608282661202,8476.521484375,206920.0,BAJAJ-AUTO,-0.0023244343996980943,False
2025-02-14,8484.95739012079,8507.09649241665,8211.781154426955,8296.240234375,369356.0,BAJAJ-AUTO,-0.02126830567613347,False
2025-02-17,8284.048994502657,8340.663949312237,8175.45167644506,8326.1328125,224417.0,BAJAJ-AUTO,0.003603147604277712,False
2025-02-18,8299.75074770888,8338.664898203535,8183.058774710799,8237.8203125,206278.0,BAJAJ-AUTO,-0.01060666482132222,False
2025-02-19,8231.433116878201,8316.917011498968,8197.298228369518,8269.908203125,200819.0,BAJAJ-AUTO,0.0038951918599523516,False
2025-02-20,8250.840974953004,8426.440390050157,8250.792401315231,8416.8828125,188845.0,BAJAJ-AUTO,0.01777221775200144,False
2025-02-21,8338.66561540815,8401.083697207698,8241.137362596359,8295.8017578125,222132.0,BAJAJ-AUTO,-0.014385498454092871,False
2025-02-24,8241.625148488203,8278.637311564653,8135.416498342628,8238.1630859375,275998.0,BAJAJ-AUTO,-0.0069479326480673675,False
2025-02-25,8241.1372424138,8258.789474945572,8158.286802373545,8209.8310546875,237383.0,BAJAJ-AUTO,-0.003439119977894367,False
2025-02-26,8241.1372424138,8258.789474945572,8158.286802373545,8209.8310546875,237383.0,BAJAJ-AUTO,0.0,False
2025-02-27,8153.458545704139,8205.978077841162,7981.126420055571,8028.8662109375,350992.0,BAJAJ-AUTO,-0.022042456482301853,False
2025-02-28,8031.207655013034,8031.207655013034,7691.370273673645,7707.56005859375,580155.0,BAJAJ-AUTO,-0.040018869900465326,False
2025-03-03,7738.818202182401,7800.601968691989,7489.779716113691,7524.109375,497052.0,BAJAJ-AUTO,-0.023801395279328008,False
2025-03-04,7462.959413389173,7490.169700260969,7136.190721662859,7152.0390625,1078953.0,BAJAJ-AUTO,-0.049450412528060816,False
2025-03-05,7150.966663079642,7259.32016977054,7120.537658058217,7236.888671875,749464.0,BAJAJ-AUTO,0.011863694903442079,False
2025-03-06,7296.088304491985,7314.618671793862,7194.610351936825,7277.8017578125,917093.0,BAJAJ-AUTO,0.005653408224518097,False
2025-03-07,7277.80171663759,7435.553658433447,7266.927412182809,7387.52099609375,942308.0,BAJAJ-AUTO,0.015075876196197546,False
2025-03-10,7385.814540351055,7385.814540351055,7170.277102952721,7200.90087890625,495241.0,BAJAJ-AUTO,-0.025261534591397794,False
2025-03-11,7173.690562268056,7330.174832790434,7146.870293018873,7314.5703125,412703.0,BAJAJ-AUTO,0.015785446224752864,False
2025-03-12,7314.570002288933,7381.913066826451,7246.2026054234975,7329.29638671875,529286.0,BAJAJ-AUTO,0.002013252124131615,False
2025-03-13,7358.750150898272,7358.750150898272,7231.719607555838,7319.20263671875,454776.0,BAJAJ-AUTO,-0.0013771785813287973,False
2025-03-14,7358.750150898272,7358.750150898272,7231.719607555838,7319.20263671875,454776.0,BAJAJ-AUTO,0.0,False
2025-03-17,7314.618564608781,7422.87491936499,7249.274638764942,7301.01318359375,286383.0,BAJAJ-AUTO,-0.0024851686758537994,False
2025-03-18,7314.618564608781,7422.87491936499,7249.274638764942,7301.01318359375,286383.0,BAJAJ-AUTO,0.0,False
2025-03-19,7484.317988176434,7575.653100074049,7430.921270708013,7530.9853515625,409356.0,BAJAJ-AUTO,0.03149866493674125,False
2025-03-20,7543.761470774328,7755.397770662862,7531.131372070313,7724.2373046875,606109.0,BAJAJ-AUTO,0.02566091209895993,False
2025-03-21,7772.026333966735,7949.527751055698,7741.792576110923,7868.43310546875,703280.0,BAJAJ-AUTO,0.018667966181430407,False
2025-03-24,7917.148103578892,8010.921897107962,7870.529790472111,7924.70654296875,453508.0,BAJAJ-AUTO,0.00715179715525438,False
2025-03-25,7958.305323741569,7966.059010221992,7755.446560587372,7808.11181640625,824076.0,BAJAJ-AUTO,-0.01471281314081585,False
2025-03-26,7816.255543326521,7848.537489914551,7714.484717331428,7779.92626953125,391366.0,BAJAJ-AUTO,-0.0036097775669371446,False
2025-03-27,7705.706809522241,7840.393414117286,7658.161789023037,7777.19482421875,651971.0,BAJAJ-AUTO,-0.00035108884298773457,False
2025-03-28,7773.391413088225,7826.544308451572,7617.687659802979,7684.1044921875,392400.0,BAJAJ-AUTO,-0.011969654115049244,False
2025-03-31,7773.391413088225,7826.544308451572,7617.687659802979,7684.1044921875,392400.0,BAJAJ-AUTO,0.0,False
2025-04-01,7442.380613504189,7849.073408135462,7442.380613504189,7795.4814453125,283618.0,BAJAJ-AUTO,0.014494461031631989,False
2025-04-02,7765.198958689809,7883.988172019122,7748.619156843824,7873.40673828125,237191.0,BAJAJ-AUTO,0.009996213000494913,False
2025-04-03,7743.791607693089,7743.791607693089,7646.214784253895,7716.63037109375,470005.0,BAJAJ-AUTO,-0.019912138722014472,False
2025-04-04,7685.226016633114,7694.832644396336,7463.105429667607,7495.1435546875,461228.0,BAJAJ-AUTO,-0.028702530217843858,False
2025-04-07,7119.562117264753,7175.689433608468,6914.118957712413,7126.19384765625,469629.0,BAJAJ-AUTO,-0.049225168849568846,False
2025-04-08,7201.9736589058375,7343.731066264454,7164.181461833239,7312.716796875,259199.0,BAJAJ-AUTO,0.02617427384186244,False
2025-04-09,7339.439744346171,7442.673014091853,7276.094956658049,7385.13134765625,261256.0,BAJAJ-AUTO,0.009902550966037094,False
2025-04-10,7339.439744346171,7442.673014091853,7276.094956658049,7385.13134765625,261256.0,BAJAJ-AUTO,0.0,False
2025-04-11,7528.692957495959,7587.64897274675,7447.598316108321,7576.8232421875,290737.0,BAJAJ-AUTO,0.025956463806440677,False
2025-04-14,7528.692957495959,7587.64897274675,7447.598316108321,7576.8232421875,290737.0,BAJAJ-AUTO,0.0,False
2025-04-15,7802.25986492402,7841.27116424864,7634.998919069711,7797.87109375,387999.0,BAJAJ-AUTO,0.02917421252903374,False
2025-04-16,7801.284518598784,7801.772159836351,7670.109025693229,7764.71142578125,294161.0,BAJAJ-AUTO,-0.004252400119223232,False
2025-04-17,7796.408161836064,7855.90039324362,7670.10908040527,7819.81494140625,274331.0,BAJAJ-AUTO,0.007096659824605833,False
2025-04-18,7796.408161836064,7855.90039324362,7670.10908040527,7819.81494140625,274331.0,BAJAJ-AUTO,0.0,False
2025-04-21,7812.012979785541,8070.46284740641,7753.496028626098,8043.642578125,285132.0,BAJAJ-AUTO,0.028623137298757984,False
2025-04-22,7983.662615229817,7984.150256484107,7875.406256777519,7939.77490234375,394636.0,BAJAJ-AUTO,-0.0129130148154174,False
2025-04-23,7910.516370232497,8089.480709270552,7851.999420138311,8057.29638671875,598686.0,BAJAJ-AUTO,0.014801614128923113,False
2025-04-24,8055.833322220021,8122.152531168079,7967.082616127766,7998.779296875,322100.0,BAJAJ-AUTO,-0.007262620987879553,False
2025-04-25,8021.698387018744,8055.345632532683,7768.124942565872,7835.41943359375,508224.0,BAJAJ-AUTO,-0.0204230992277874,False
2025-04-28,7835.419691364756,7933.435583695122,7773.976893187511,7895.88720703125,282481.0,BAJAJ-AUTO,0.00771723504401689,False
2025-04-29,7935.3862102811,7967.570533385539,7821.7657968972435,7878.81982421875,228383.0,BAJAJ-AUTO,-0.002161553523371218,False
2025-04-30,7860.777029985212,7877.844473908877,7780.316222916505,7831.5185546875,447067.0,BAJAJ-AUTO,-0.006003598329009985,False
2025-05-01,7860.777029985212,7877.844473908877,7780.316222916505,7831.5185546875,447067.0,BAJAJ-AUTO,0.0,False
2025-05-02,7802.259985774567,7886.1342806216435,7610.129333624868,7627.19677734375,379515.0,BAJAJ-AUTO,-0.026089675446335336,False
2025-05-05,7674.98568979305,7767.637527969598,7655.96768090418,7724.72509765625,250175.0,BAJAJ-AUTO,0.012786915450012204,False
2025-05-06,7733.990055175689,7845.172257734331,7714.484405603997,7749.10693359375,270568.0,BAJAJ-AUTO,0.0031563370384399825,False
2025-05-07,7719.848472436775,7780.803627452541,7618.4190944905395,7654.9921875,459640.0,BAJAJ-AUTO,-0.012145237754527027,False
2025-05-08,7656.455421713936,7674.985789590194,7480.416926889483,7533.56982421875,461725.0,BAJAJ-AUTO,-0.01586185332488299,False
2025-05-09,7431.652753060934,7552.100143481278,7423.850492952733,7492.60791015625,248982.0,BAJAJ-AUTO,-0.00543725153124841,False
2025-05-12,7607.203531683407,7849.561233942808,7585.747316594044,7840.78369140625,296774.0,BAJAJ-AUTO,0.046469238137771374,False
2025-05-13,7840.783498437354,7908.565630801481,7753.49571647204,7863.70263671875,407395.0,BAJAJ-AUTO,0.002923042672076326,False
2025-05-14,7890.035531086085,8005.118867633447,7833.469145325517,7902.2265625,225717.0,BAJAJ-AUTO,0.004898955054755794,False
2025-05-15,7933.923189711633,8159.213448694226,7877.356804339381,8120.2021484375,497959.0,BAJAJ-AUTO,0.027584071933839827,False
2025-05-16,8143.609050342618,8285.02501588749,8075.339273872679,8272.833984375,483122.0,BAJAJ-AUTO,0.018796556187566038,False
2025-05-19,8289.901421361286,8642.46605239918,8282.099161200005,8632.2255859375,858221.0,BAJAJ-AUTO,0.04344238047581839,False
2025-05-20,8631.250444669438,8631.250444669438,8315.746544234347,8353.294921875,449936.0,BAJAJ-AUTO,-0.03231271718812556,False
2025-05-21,8395.231643884892,8548.350994267086,8324.52366361286,8472.7666015625,572628.0,BAJAJ-AUTO,0.014302341866876622,False
2025-05-22,8445.946617639693,8558.591748625533,8302.092446034398,8517.6298828125,916615.0,BAJAJ-AUTO,0.0052949978867264935,False
2025-05-23,8548.351115946938,8619.546738475647,8498.61170842688,8524.9443359375,321989.0,BAJAJ-AUTO,0.0008587427753534715,False
2025-05-26,8567.369202760472,8756.574009560578,8553.227606375927,8737.068359375,440577.0,BAJAJ-AUTO,0.02488274586653616,False
2025-05-27,8723.901946282635,8781.93125492476,8680.501875113314,8741.45703125,401273.0,BAJAJ-AUTO,0.0005023048572454503,False
2025-05-28,8767.789239735775,8784.369041412694,8558.10351264532,8630.2744140625,312080.0,BAJAJ-AUTO,-0.012719002883618935,False
2025-05-29,8686.841212445066,8719.02553488929,8584.436550122542,8655.14453125,330341.0,BAJAJ-AUTO,0.002881729594481408,False
2025-05-30,8569.807693433579,8645.87973168188,8372.800620021313,8394.2568359375,1434828.0,BAJAJ-AUTO,-0.030142500147807727,False
2025-06-02,8408.397890517175,8408.397890517175,8207.00205865592,8303.0673828125,457251.0,BAJAJ-AUTO,-0.010863314633714705,False
2025-06-03,8302.579626737124,8387.429201214527,8280.148130036201,8351.34375,566074.0,BAJAJ-AUTO,0.005814281031541801,False
2025-06-04,8339.15335823006,8426.92878682964,8316.23421854017,8351.83203125,431009.0,BAJAJ-AUTO,5.8467387359151246e-05,False
2025-06-05,8401.082950125987,8401.082950125987,8299.165935000821,8345.9794921875,381642.0,BAJAJ-AUTO,-0.0007007491339147132,False
2025-06-06,8395.231456958434,8470.328206747678,8329.887531817145,8423.5146484375,435024.0,BAJAJ-AUTO,0.009290120629050103,False
2025-06-09,8465.452032823168,8489.834095129687,8386.94179219618,8427.416015625,443544.0,BAJAJ-AUTO,0.0004631519443281107,False
2025-06-10,8431.317477457324,8449.847845539647,8362.072417781272,8412.787109375,350288.0,BAJAJ-AUTO,-0.0017358709031186637,False
2025-06-11,8422.052190931801,8553.227689707823,8397.18248670289,8503.48828125,462124.0,BAJAJ-AUTO,0.010781346383284207,False
2025-06-12,8516.654369772365,8539.573508356922,8328.912489877583,8355.2451171875,368162.0,BAJAJ-AUTO,-0.01743321789357588,False
2025-06-13,8250.89022207494,8275.759926645023,8143.609143537323,8254.3037109375,250910.0,BAJAJ-AUTO,-0.012081202266867597,False
2025-06-16,8276.734728552377,8382.55287714696,8242.1122006712,8318.671875,203598.0,BAJAJ-AUTO,0.0077981337150470065,False
2025-06-17,8280.148338171022,8342.566417516482,8246.013451028975,8284.537109375,286217.0,BAJAJ-AUTO,-0.004103391279031587,False
2025-06-18,8294.777836067586,8443.508420429762,8231.872113501287,8258.6923828125,561114.0,BAJAJ-AUTO,-0.00311963435268503,False
2025-06-19,8270.395480225989,8343.541666666666,8242.599929378532,8286.0,332303.0,BAJAJ-AUTO,0.0033065303708770255,False
2025-06-20,8315.0,8403.0,8250.0,8371.0,567646.0,BAJAJ-AUTO,0.010258266956311823,False
2025-06-23,8275.0,8328.5,8255.0,8286.5,271619.0,BAJAJ-AUTO,-0.010094373432086967,False
2025-06-24,8363.0,8424.5,8331.5,8377.0,214129.0,BAJAJ-AUTO,0.010921378145175797,False
2025-06-25,8407.0,8437.0,8371.0,8389.5,276176.0,BAJAJ-AUTO,0.0014921809717083345,False
2025-06-26,8370.0,8465.0,8361.0,8433.0,371685.0,BAJAJ-AUTO,0.005185052744502094,False
2025-06-27,8468.0,8507.0,8414.0,8436.0,504248.0,BAJAJ-AUTO,0.0003557452863749422,False
2025-06-30,8470.0,8496.0,8360.0,8376.0,303799.0,BAJAJ-AUTO,-0.007112375533428139,False
2025-07-01,8370.0,8409.0,8300.0,8399.0,363782.0,BAJAJ-AUTO,0.002745940783190015,False
2025-07-02,8350.0,8409.5,8314.5,8356.5,267604.0,BAJAJ-AUTO,-0.00506012620550067,False
2025-07-03,8378.0,8464.5,8350.0,8382.5,175619.0,BAJAJ-AUTO,0.003111350445760719,False
2025-07-04,8382.0,8450.0,8364.5,8433.0,183720.0,BAJAJ-AUTO,0.006024455711303389,False
2025-07-07,8433.0,8484.0,8404.0,8463.5,123117.0,BAJAJ-AUTO,0.003616743744812023,False
2025-07-08,8463.0,8474.0,8291.0,8339.5,253579.0,BAJAJ-AUTO,-0.014651149051810752,False
2025-07-09,8350.0,8376.0,8310.5,8361.0,157280.0,BAJAJ-AUTO,0.0025780922117633054,False
2025-07-10,8394.0,8394.0,8268.0,8285.0,229552.0,BAJAJ-AUTO,-0.009089821791651742,False
2025-07-11,8285.5,8300.0,8045.5,8067.0,539579.0,BAJAJ-AUTO,-0.02631261315630662,False
2025-07-14,8090.0,8120.0,8035.5,8087.5,248351.0,BAJAJ-AUTO,0.002541217305070065,False
2025-07-15,8128.0,8326.0,8090.0,8311.0,366546.0,BAJAJ-AUTO,0.02763523956723346,False
2025-07-16,8311.0,8345.0,8184.5,8302.5,275493.0,BAJAJ-AUTO,-0.0010227409457346237,False
2025-07-17,8278.5,8355.0,8262.5,8330.0,249880.0,BAJAJ-AUTO,0.0033122553447757497,False
2025-07-18,8305.0,8365.0,8305.0,8347.5,268313.0,BAJAJ-AUTO,0.0021008403361344463,False
2025-07-21,8306.0,8450.0,8306.0,8438.5,253964.0,BAJAJ-AUTO,0.010901467505241014,False
2025-07-22,8470.0,8470.0,8277.0,8295.0,302466.0,BAJAJ-AUTO,-0.017005391953546223,False
2025-07-23,8313.5,8405.0,8290.5,8397.0,194644.0,BAJAJ-AUTO,0.012296564195298343,False
2025-07-24,8409.5,8435.0,8276.0,8288.5,298692.0,BAJAJ-AUTO,-0.012921281410027352,False
2025-07-25,8275.0,8280.0,8044.5,8075.5,554118.0,BAJAJ-AUTO,-0.025698256620618976,False
2025-07-28,8075.5,8158.0,8075.0,8089.5,232171.0,BAJAJ-AUTO,0.0017336387839761436,False
2025-07-29,8089.5,8146.0,8056.0,8127.5,209998.0,BAJAJ-AUTO,0.004697447308239067,False
2025-07-30,8090.5,8132.5,8025.0,8043.5,222804.0,BAJAJ-AUTO,-0.010335281451860912,False
2025-07-31,7990.0,8094.0,7930.5,8008.0,297025.0,BAJAJ-AUTO,-0.0044135015851308745,False
2025-08-01,8008.0,8091.0,7951.5,8044.5,329818.0,BAJAJ-AUTO,0.0045579420579420216,False
2025-08-04,8044.5,8205.0,8044.5,8187.5,221221.0,BAJAJ-AUTO,0.017776120330660783,False
2025-08-05,8176.0,8236.5,8130.0,8230.5,194083.0,BAJAJ-AUTO,0.0052519083969466696,False
2025-08-06,8269.0,8269.0,8120.0,8178.5,515934.0,BAJAJ-AUTO,-0.006317963671708893,False
2025-08-07,8070.0,8249.0,7858.5,8229.0,456168.0,BAJAJ-AUTO,0.006174726416824594,False
2025-08-08,8229.0,8277.0,8185.0,8224.0,282679.0,BAJAJ-AUTO,-0.0006076072426783874,False
2025-08-11,8235.0,8300.0,8132.5,8275.0,180274.0,BAJAJ-AUTO,0.006201361867704369,False
2025-08-12,8275.5,8321.5,8180.0,8196.5,184529.0,BAJAJ-AUTO,-0.009486404833836892,False
2025-08-13,8214.5,8309.5,8189.0,8248.5,367519.0,BAJAJ-AUTO,0.006344171292624878,False
2025-08-14,8250.0,8280.0,8198.0,8213.5,364270.0,BAJAJ-AUTO,-0.004243195732557381,False
2025-08-15,8250.0,8280.0,8198.0,8213.5,364270.0,BAJAJ-AUTO,0.0,False
2025-08-18,8400.0,8629.5,8400.0,8588.5,995976.0,BAJAJ-AUTO,0.04565654106044925,False
2025-08-19,8609.0,8856.0,8586.0,8795.5,1052384.0,BAJAJ-AUTO,0.024101996856261243,False
2025-08-20,8794.5,8872.5,8763.5,8827.5,490202.0,BAJAJ-AUTO,0.0036382240918650943,False
2025-08-21,8835.0,8869.0,8630.0,8684.5,510564.0,BAJAJ-AUTO,-0.016199376947040545,False
2025-08-22,8684.5,8715.0,8581.0,8679.5,369875.0,BAJAJ-AUTO,-0.0005757383844781083,False
2025-08-25,8750.0,8764.0,8633.5,8750.5,360880.0,BAJAJ-AUTO,0.008180194711676858,False
2025-08-26,8730.0,8825.0,8646.0,8691.5,778390.0,BAJAJ-AUTO,-0.006742471858750876,False
2025-08-27,8730.0,8825.0,8646.0,8691.5,778390.0,BAJAJ-AUTO,0.0,False
2025-08-28,8798.0,8798.0,8661.0,8689.5,394657.0,BAJAJ-AUTO,-0.00023010987746652223,False
2025-08-29,8714.0,8730.0,8571.5,8631.5,344340.0,BAJAJ-AUTO,-0.006674722366074026,False
2025-09-01,8665.0,9037.5,8665.0,8967.0,658701.0,BAJAJ-AUTO,0.03886925795053009,False
2025-09-02,8970.0,9109.5,8926.0,9030.5,548186.0,BAJAJ-AUTO,0.007081521133043278,False
2025-09-03,9052.0,9129.5,8992.0,9116.0,322758.0,BAJAJ-AUTO,0.009467914290460122,False
2025-09-04,9350.0,9353.5,9046.5,9071.0,652617.0,BAJAJ-AUTO,-0.004936375603334819,False
2025-09-05,9117.0,9172.0,9053.0,9084.5,231190.0,BAJAJ-AUTO,0.0014882592878404655,False
2025-09-08,9102.0,9490.0,9073.0,9433.5,713087.0,BAJAJ-AUTO,0.03841708404425126,False
2025-09-09,9390.5,9428.5,9236.5,9383.0,505482.0,BAJAJ-AUTO,-0.005353262309853224,False
2025-09-10,9425.0,9440.0,9180.0,9244.0,454231.0,BAJAJ-AUTO,-0.014814025365021855,False
2025-09-11,9243.5,9243.5,9075.0,9113.5,472941.0,BAJAJ-AUTO,-0.014117265253137168,False
2025-09-12,9115.0,9205.0,8979.5,8999.5,481492.0,BAJAJ-AUTO,-0.0125089153453668,False
2025-09-15,9026.5,9091.5,8964.0,9025.0,325549.0,BAJAJ-AUTO,0.002833490749486023,False
2025-09-16,9032.0,9099.0,9020.0,9072.5,219134.0,BAJAJ-AUTO,0.0052631578947368585,False
2025-09-17,9076.5,9136.0,9070.0,9084.0,172732.0,BAJAJ-AUTO,0.0012675668228161463,False
2025-09-18,9099.5,9115.0,9025.0,9075.0,183574.0,BAJAJ-AUTO,-0.0009907529722589237,False
2025-09-19,9050.0,9063.5,8950.5,8971.5,467648.0,BAJAJ-AUTO,-0.011404958677685983,False
2025-09-22,8971.5,9195.0,8959.5,9054.5,525239.0,BAJAJ-AUTO,0.009251518698099481,False
2025-09-23,9079.0,9225.0,8950.0,8984.5,451186.0,BAJAJ-AUTO,-0.007730962504831851,False
2025-09-24,8990.0,8999.0,8804.0,8839.0,240914.0,BAJAJ-AUTO,-0.01619455729311592,False
2025-09-25,8821.0,8910.0,8758.0,8842.5,441002.0,BAJAJ-AUTO,0.0003959723950672789,False
2025-09-26,8830.0,8880.0,8668.0,8702.0,335841.0,BAJAJ-AUTO,-0.01588917161436243,False
2025-09-29,8745.0,8829.0,8675.5,8717.5,394174.0,BAJAJ-AUTO,0.0017811997242014321,False
2025-09-30,8721.0,8769.0,8640.0,8678.5,285609.0,BAJAJ-AUTO,-0.004473759678807032,False
2025-10-01,8720.0,8846.5,8586.5,8626.5,551282.0,BAJAJ-AUTO,-0.0059918188627067215,False
2025-10-02,8720.0,8846.5,8586.5,8626.5,551282.0,BAJAJ-AUTO,0.0,False
2025-10-03,8626.5,8698.5,8491.5,8679.5,915075.0,BAJAJ-AUTO,0.006143859039007715,False
2025-10-06,8698.0,8803.5,8651.0,8792.0,300715.0,BAJAJ-AUTO,0.012961576127657137,False
2025-10-07,8800.0,8915.0,8785.5,8904.0,490577.0,BAJAJ-AUTO,0.01273885350318471,False
2025-10-08,8903.0,8903.0,8750.5,8792.0,408647.0,BAJAJ-AUTO,-0.012578616352201255,False
2025-10-09,8775.0,8817.5,8701.5,8810.0,217161.0,BAJAJ-AUTO,0.0020473157415832333,False
2025-10-10,8816.0,8955.0,8781.5,8946.5,228686.0,BAJAJ-AUTO,0.01549375709421108,False
2025-10-13,8947.0,9084.0,8917.0,9066.0,374531.0,BAJAJ-AUTO,0.013357178784999757,False
2025-10-14,9100.0,9120.0,9032.5,9102.5,297332.0,BAJAJ-AUTO,0.00402603132583268,False
2025-10-15,9106.5,9180.0,8955.5,8998.0,300055.0,BAJAJ-AUTO,-0.0114803625377643,False
2025-10-16,9030.0,9177.0,9022.0,9151.5,334619.0,BAJAJ-AUTO,0.017059346521449248,False
2025-10-17,9150.0,9194.5,9090.5,9150.5,466036.0,BAJAJ-AUTO,-0.00010927170409225084,False
2025-10-20,9194.5,9236.5,9100.5,9124.5,303686.0,BAJAJ-AUTO,-0.0028413747882629625,False
2025-10-21,9159.5,9165.0,9081.0,9118.0,27642.0,BAJAJ-AUTO,-0.0007123678009753887,False
2025-10-22,9159.5,9165.0,9081.0,9118.0,27642.0,BAJAJ-AUTO,0.0,False
2025-10-23,9136.0,9157.0,9017.0,9047.0,249420.0,BAJAJ-AUTO,-0.007786795349857378,False
2025-10-24,9070.0,9099.0,9012.0,9076.5,332130.0,BAJAJ-AUTO,0.0032607494196972286,False
2025-10-27,9099.5,9115.0,9055.0,9095.5,310061.0,BAJAJ-AUTO,0.0020933179088855614,False
2025-10-28,9100.0,9130.0,9019.0,9057.5,459991.0,BAJAJ-AUTO,-0.004177890165466436,False
2025-10-29,9090.0,9090.0,8960.0,9034.0,226605.0,BAJAJ-AUTO,-0.0025945349158156272,False
2025-10-30,9034.0,9065.0,8904.5,8923.0,250532.0,BAJAJ-AUTO,-0.012286916094753186,False
2025-10-31,8939.5,9051.0,8802.0,8892.5,261013.0,BAJAJ-AUTO,-0.003418132914938976,False
2025-11-03,8900.0,8957.5,8855.0,8922.5,206987.0,BAJAJ-AUTO,0.0033736294630306585,False
2025-11-04,8920.0,8920.0,8713.0,8751.0,517334.0,BAJAJ-AUTO,-0.019221070327822942,False
2025-11-05,8920.0,8920.0,8713.0,8751.0,517334.0,BAJAJ-AUTO,0.0,False
2025-11-06,8755.0,8820.5,8702.5,8720.5,326774.0,BAJAJ-AUTO,-0.00348531596388979,False
2025-11-07,8720.0,8749.5,8605.0,8721.5,290120.0,BAJAJ-AUTO,0.00011467232383455261,False
2025-11-10,8795.0,8838.0,8685.5,8772.0,992874.0,BAJAJ-AUTO,0.00579028836782669,False
2025-11-11,8819.0,8945.0,8726.0,8895.0,380748.0,BAJAJ-AUTO,0.014021887824897439,False
2025-11-12,8935.0,8935.0,8800.0,8868.0,439922.0,BAJAJ-AUTO,-0.0030354131534570117,False
2025-11-13,8888.0,8895.5,8842.0,8867.5,276001.0,BAJAJ-AUTO,-5.638249887229829e-05,False
2025-11-14,8867.5,8867.5,8781.5,8843.0,550371.0,BAJAJ-AUTO,-0.002762898223851118,False
2025-11-17,8850.0,9025.0,8850.0,8945.5,457995.0,BAJAJ-AUTO,0.01159108899694683,False
2025-11-18,8975.5,8999.0,8900.0,8921.0,276172.0,BAJAJ-AUTO,-0.0027388072215079884,False
2025-11-19,8950.0,8975.0,8863.5,8884.5,326292.0,BAJAJ-AUTO,-0.0040914695661921074,False
2025-11-20,8924.0,9005.0,8890.0,8979.5,189991.0,BAJAJ-AUTO,0.010692779559907661,False
2025-11-21,8950.0,8957.5,8862.0,8892.0,320271.0,BAJAJ-AUTO,-0.009744417840636954,False
2025-11-24,8905.0,9049.0,8857.5,9007.5,466198.0,BAJAJ-AUTO,0.012989203778677405,False
2025-11-25,9025.0,9145.0,9001.0,9048.0,482151.0,BAJAJ-AUTO,0.004496253122397986,False
2025-11-26,9054.0,9180.0,9028.0,9164.0,354143.0,BAJAJ-AUTO,0.012820512820512775,False
2025-11-27,9194.0,9254.5,8996.0,9022.5,602295.0,BAJAJ-AUTO,-0.015440855521606234,False
2025-11-28,9031.0,9106.0,8922.0,9073.5,432445.0,BAJAJ-AUTO,0.005652535328345865,False
2025-12-01,9129.0,9189.5,9055.5,9096.0,449503.0,BAJAJ-AUTO,0.002479748718796415,False
2025-12-02,9100.0,9142.0,8988.0,9085.5,319833.0,BAJAJ-AUTO,-0.001154353562005328,False
2025-12-03,9085.5,9105.0,8950.0,9000.5,412081.0,BAJAJ-AUTO,-0.009355566562104456,False
2025-12-04,9005.0,9095.0,8988.0,9085.0,275604.0,BAJAJ-AUTO,0.009388367312927137,False
2025-12-05,9054.0,9130.0,9045.5,9109.0,279893.0,BAJAJ-AUTO,0.002641717116125486,False
2025-12-08,9115.0,9124.5,8956.5,9026.0,299426.0,BAJAJ-AUTO,-0.009111867383906014,False
2025-12-09,8990.0,9034.5,8880.0,8961.0,373015.0,BAJAJ-AUTO,-0.007201418125415415,False
2025-12-10,8961.0,9001.5,8904.0,8991.0,307300.0,BAJAJ-AUTO,0.0033478406427853713,False
2025-12-11,8991.0,9084.0,8961.0,9053.5,136142.0,BAJAJ-AUTO,0.006951395840284702,False
2025-12-12,9065.0,9089.5,8960.0,9015.0,356060.0,BAJAJ-AUTO,-0.004252499033522983,False
2025-12-15,9040.0,9042.5,8884.0,8940.0,507849.0,BAJAJ-AUTO,-0.008319467554076532,False
2025-12-16,8940.0,9028.0,8891.0,9008.0,278902.0,BAJAJ-AUTO,0.0076062639821028455,False
2025-12-17,9008.0,9009.0,8859.0,8895.0,256364.0,BAJAJ-AUTO,-0.01254440497335707,False
2025-12-18,8891.0,8891.0,8735.0,8831.0,338487.0,BAJAJ-AUTO,-0.007195053400786966,False
2025-12-19,8830.5,9011.0,8827.0,9002.0,215196.0,BAJAJ-AUTO,0.019363605480692936,False
2025-12-22,9010.0,9185.0,8997.5,9164.0,377385.0,BAJAJ-AUTO,0.017996000888691466,False
2025-12-23,9184.0,9184.0,9080.0,9099.0,215559.0,BAJAJ-AUTO,-0.007092972501091199,False
2025-12-24,9100.0,9194.5,9070.0,9170.0,167717.0,BAJAJ-AUTO,0.007803055280800164,False
2025-12-25,9100.0,9194.5,9070.0,9170.0,167717.0,BAJAJ-AUTO,0.0,False
2025-12-26,9182.5,9185.5,9052.0,9064.5,105815.0,BAJAJ-AUTO,-0.011504907306434053,False
2025-12-29,9069.5,9127.0,9055.5,9087.0,263943.0,BAJAJ-AUTO,0.002482210822439157,False
2025-12-30,9087.0,9299.0,9025.5,9282.0,464922.0,BAJAJ-AUTO,0.02145922746781115,False
2025-12-31,9320.0,9398.0,9296.5,9343.0,319864.0,BAJAJ-AUTO,0.00657185951303596,False
2026-01-01,9365.0,9585.0,9318.5,9558.0,306936.0,BAJAJ-AUTO,0.023011880552285202,False
2026-01-02,9550.0,9633.0,9310.5,9502.5,733651.0,BAJAJ-AUTO,-0.005806654111738863,False
2026-01-05,9520.0,9684.0,9465.0,9497.5,304245.0,BAJAJ-AUTO,-0.000526177321757415,False
2026-01-06,9575.0,9783.5,9543.0,9661.0,503002.0,BAJAJ-AUTO,0.017215056593840483,False
2026-01-07,9668.0,9807.0,9608.0,9789.5,334802.0,BAJAJ-AUTO,0.013300900527895676,False
2026-01-08,9799.5,9888.0,9725.0,9760.5,534086.0,BAJAJ-AUTO,-0.002962357628070844,False
2026-01-09,9760.5,9830.0,9538.0,9562.5,250994.0,BAJAJ-AUTO,-0.02028584601198713,False
2026-01-12,9562.5,9588.5,9360.0,9491.0,332453.0,BAJAJ-AUTO,-0.0074771241830065005,False
2026-01-13,9506.0,9576.5,9458.5,9554.0,229215.0,BAJAJ-AUTO,0.006637867453376911,False
2026-01-14,9576.0,9610.0,9494.0,9579.5,335206.0,BAJAJ-AUTO,0.002669039145907437,False
2026-01-15,9576.0,9610.0,9494.0,9579.5,335206.0,BAJAJ-AUTO,0.0,False
2026-01-16,9540.0,9616.5,9389.5,9489.0,528450.0,BAJAJ-AUTO,-0.009447257163735068,False
2026-01-19,9489.0,9489.0,9393.5,9429.5,403445.0,BAJAJ-AUTO,-0.006270418379175857,False
2026-01-20,9468.0,9468.0,9155.0,9180.0,385253.0,BAJAJ-AUTO,-0.026459515350760965,False
2026-01-21,9150.0,9255.0,9072.0,9179.0,323092.0,BAJAJ-AUTO,-0.00010893246187360095,False
2026-01-22,9225.0,9391.5,9185.5,9370.0,193757.0,BAJAJ-AUTO,0.02080836692450161,False
2026-01-23,9390.0,9548.0,9335.0,9413.5,204212.0,BAJAJ-AUTO,0.004642475987193251,False
2026-01-26,9390.0,9548.0,9335.0,9413.5,204212.0,BAJAJ-AUTO,0.0,False
2026-01-27,9422.0,9506.0,9330.0,9492.0,302065.0,BAJAJ-AUTO,0.008339087480745633,False
2026-01-28,9500.0,9533.5,9250.0,9433.5,342407.0,BAJAJ-AUTO,-0.006163084702907717,False
2026-01-29,9475.0,9533.0,9381.5,9512.0,390096.0,BAJAJ-AUTO,0.008321407748979714,False
2026-01-30,9497.0,9626.0,9382.5,9597.5,283660.0,BAJAJ-AUTO,0.008988645920942062,False
2026-02-02,9454.5,9523.0,9250.5,9496.5,327240.0,BAJAJ-AUTO,-0.010523573847356027,False
2026-02-03,9933.0,9941.0,9515.0,9595.5,573385.0,BAJAJ-AUTO,0.010424893381772327,False
2026-02-04,9594.0,9725.0,9529.5,9639.0,201083.0,BAJAJ-AUTO,0.004533375019540431,False
2026-02-05,9640.0,9679.0,9600.0,9647.0,155663.0,BAJAJ-AUTO,0.0008299616142752875,False
2026-02-06,9620.0,9668.0,9471.5,9518.5,198790.0,BAJAJ-AUTO,-0.01332020317197058,False
2026-02-09,9598.0,9626.5,9505.0,9590.0,171033.0,BAJAJ-AUTO,0.007511687765929587,False
2026-02-10,9605.0,9833.5,9582.5,9774.0,347018.0,BAJAJ-AUTO,0.01918665276329512,False
2026-02-11,9818.0,9905.5,9796.0,9869.5,324008.0,BAJAJ-AUTO,0.009770820544301229,False
2026-02-12,9876.5,9930.0,9809.5,9840.0,372062.0,BAJAJ-AUTO,-0.0029890065352854434,False
2026-02-13,9800.5,9900.5,9720.0,9760.0,120688.0,BAJAJ-AUTO,-0.008130081300813052,False
2026-02-16,9710.0,9774.5,9643.0,9697.5,88321.0,BAJAJ-AUTO,-0.006403688524590168,False
2026-02-17,9651.0,9869.0,9632.5,9826.5,159113.0,BAJAJ-AUTO,0.013302397525135401,False
2026-02-18,9826.5,10009.0,9804.5,9980.0,334455.0,BAJAJ-AUTO,0.01562102477993177,False
2026-02-19,9991.0,10059.5,9701.0,9729.0,310761.0,BAJAJ-AUTO,-0.02515030060120238,False
2026-02-20,9725.0,9823.0,9670.5,9807.0,291070.0,BAJAJ-AUTO,0.00801726796176383,False
2026-02-23,9851.0,9930.0,9814.0,9905.5,145464.0,BAJAJ-AUTO,0.01004384623228316,False
2026-02-24,9875.0,9875.0,9660.0,9829.0,259761.0,BAJAJ-AUTO,-0.007722982181616267,False
2026-02-25,9859.5,10160.0,9839.5,10097.0,334366.0,BAJAJ-AUTO,0.02726625292501783,False
2026-02-26,10146.5,10187.0,10029.5,10110.0,177814.0,BAJAJ-AUTO,0.0012875111419232699,False
2026-02-27,10072.5,10091.5,9940.0,9972.5,231926.0,BAJAJ-AUTO,-0.013600395647873409,False
2026-03-02,9725.5,9941.5,9565.0,9776.0,330330.0,BAJAJ-AUTO,-0.019704186512910504,False
2026-03-03,9725.5,9941.5,9565.0,9776.0,330330.0,BAJAJ-AUTO,0.0,False
2026-03-04,9516.5,9704.5,9516.5,9652.5,319652.0,BAJAJ-AUTO,-0.012632978723404298,False
2026-03-05,9674.5,9853.0,9641.0,9804.5,300749.0,BAJAJ-AUTO,0.015747215747215826,False
2026-03-06,9780.0,9884.5,9690.0,9816.0,386552.0,BAJAJ-AUTO,0.0011729307970829161,False
2026-03-09,9600.0,9645.5,9351.0,9383.0,334501.0,BAJAJ-AUTO,-0.04411165444172782,False
2026-03-10,9449.5,9637.5,9349.0,9610.0,463535.0,BAJAJ-AUTO,0.02419268890546733,False
2026-03-11,9575.0,9666.0,9270.0,9327.5,489382.0,BAJAJ-AUTO,-0.029396462018730474,False
2026-03-12,9280.0,9280.0,9080.0,9162.0,390062.0,BAJAJ-AUTO,-0.017743232377378737,False
2026-03-13,9075.0,9119.5,8832.5,8875.0,435631.0,BAJAJ-AUTO,-0.03132503820126609,False
2026-03-16,8866.0,9103.5,8742.5,9073.0,580318.0,BAJAJ-AUTO,0.022309859154929557,False
2026-03-17,9100.0,9250.0,9006.5,9110.0,245258.0,BAJAJ-AUTO,0.004078033726440999,False
2026-03-18,9150.0,9288.0,9136.5,9271.0,247437.0,BAJAJ-AUTO,0.01767288693743141,False
2026-03-19,9113.5,9150.0,8811.0,8868.5,288162.0,BAJAJ-AUTO,-0.04341494984359828,False
2026-03-20,8957.5,9110.0,8931.5,9051.0,356410.0,BAJAJ-AUTO,0.02057845182387097,False
2026-03-23,8989.5,8989.5,8752.0,8776.0,375189.0,BAJAJ-AUTO,-0.03038338305159649,False
2026-03-24,8900.0,9022.5,8792.0,8898.0,438132.0,BAJAJ-AUTO,0.013901549680948033,False
2026-03-25,9020.0,9149.5,8981.0,9048.5,438761.0,BAJAJ-AUTO,0.01691391323892999,False
2026-03-26,9020.0,9149.5,8981.0,9048.5,438761.0,BAJAJ-AUTO,0.0,False
2026-03-27,8971.5,9004.0,8840.0,8901.0,326675.0,BAJAJ-AUTO,-0.01630104437199531,False
2026-03-30,8810.0,8889.0,8745.0,8781.5,325094.0,BAJAJ-AUTO,-0.013425457813728836,False
2026-03-31,8810.0,8889.0,8745.0,8781.5,325094.0,BAJAJ-AUTO,0.0,False
2026-04-01,8993.5,9170.0,8870.0,8895.5,416423.0,BAJAJ-AUTO,0.01298183681603371,False
2026-04-02,8835.5,8835.5,8624.0,8758.5,254975.0,BAJAJ-AUTO,-0.01540104547242993,False
2026-04-03,8835.5,8835.5,8624.0,8758.5,254975.0,BAJAJ-AUTO,0.0,False
2026-04-06,8778.5,8984.5,8755.0,8942.5,313792.0,BAJAJ-AUTO,0.021008163498315913,False
2026-04-07,8900.0,9088.0,8800.5,9049.5,376810.0,BAJAJ-AUTO,0.011965334078837042,False
2026-04-08,9365.0,9501.0,9262.0,9366.0,474100.0,BAJAJ-AUTO,0.0349743079728162,False
2026-04-09,9455.0,9625.0,9366.0,9517.0,539407.0,BAJAJ-AUTO,0.016122143924834464,False
2026-04-10,9400.0,9844.0,9399.5,9813.5,738971.0,BAJAJ-AUTO,0.03115477566460023,False
2026-04-13,9701.5,9851.0,9700.0,9816.0,363886.0,BAJAJ-AUTO,0.000254751108167417,False
2026-04-14,9701.5,9851.0,9700.0,9816.0,363886.0,BAJAJ-AUTO,0.0,False
2026-04-15,9901.5,9976.0,9830.0,9865.0,551624.0,BAJAJ-AUTO,0.004991850040749757,False
2026-04-16,9871.0,9918.5,9746.0,9825.0,479220.0,BAJAJ-AUTO,-0.0040547389761783625,False
2026-04-17,9810.0,9830.0,9722.0,9773.5,264575.0,BAJAJ-AUTO,-0.005241730279898271,False
2026-04-20,9773.5,9862.5,9690.0,9803.0,349985.0,BAJAJ-AUTO,0.003018365989665872,False
2026-04-21,9803.0,9874.0,9741.0,9793.0,291287.0,BAJAJ-AUTO,-0.001020095889013528,False
2026-04-22,9770.5,9790.5,9585.0,9602.0,301870.0,BAJAJ-AUTO,-0.0195037271520474,False
2026-04-23,9575.0,9591.0,9477.0,9550.5,444028.0,BAJAJ-AUTO,-0.005363465944594914,False
2026-04-24,9600.0,9663.0,9528.0,9576.0,190469.0,BAJAJ-AUTO,0.002670017276582337,False
2026-04-27,9642.5,9715.0,9617.0,9662.0,147736.0,BAJAJ-AUTO,0.008980785296574867,False
2026-04-28,9622.0,9662.5,9475.0,9495.5,256811.0,BAJAJ-AUTO,-0.017232457048230176,False
2026-04-29,9510.0,9709.5,9496.0,9543.5,261656.0,BAJAJ-AUTO,0.0050550260649782075,False
2026-04-30,9515.0,10045.0,9355.0,9994.0,1209264.0,BAJAJ-AUTO,0.047204903861266745,False
