Date,Open,High,Low,Close,Volume,Symbol,Daily_Return,Is_Outlier
2018-01-01,171.36353074629776,171.41223037486228,167.55544865257022,168.0667724609375,5353190.0,BAJFINANCE,,False
2018-01-02,169.43514974321548,169.43514974321548,166.54256712531364,167.96937561035156,5762080.0,BAJFINANCE,-0.0005795128279063588,False
2018-01-03,168.19824630123594,169.30366989988323,166.63996223096063,167.05874633789062,4161360.0,BAJFINANCE,-0.00542140059253049,False
2018-01-04,168.00348046553052,171.24180545012155,166.93214797901487,170.827880859375,7301470.0,BAJFINANCE,0.02256173115211202,False
2018-01-05,171.9965724519235,177.35320391167036,171.32455630920734,176.7201385498047,9843270.0,BAJFINANCE,0.03449236541943734,False
2018-01-08,177.25579125401438,179.49583993987142,177.25579125401438,178.89686584472656,8250220.0,BAJFINANCE,0.012317369784702992,False
2018-01-09,179.49587150928878,179.49587150928878,176.28188933918415,177.20712280273438,5127210.0,BAJFINANCE,-0.009445347373825963,False
2018-01-10,177.2558164501971,177.34834127953502,174.72358455649294,175.522216796875,4067910.0,BAJFINANCE,-0.009508116712300563,False
2018-01-11,175.11318700793345,175.11318700793345,172.68321364230815,173.39419555664062,8184710.0,BAJFINANCE,-0.01212394236506853,False
2018-01-12,173.65227127863915,174.4216718736129,170.55029679406118,172.39588928222656,6063160.0,BAJFINANCE,-0.005757437676672139,False
2018-01-15,172.4835689504016,174.811268613353,168.78261996225478,169.28419494628906,8470370.0,BAJFINANCE,-0.01804970146848106,False
2018-01-16,170.0292334885806,170.0292334885806,164.0687679838532,164.3365936279297,10765810.0,BAJFINANCE,-0.029226599210452897,False
2018-01-17,165.0914012885138,166.52795861510072,162.22805033885066,165.6855010986328,11995010.0,BAJFINANCE,0.008208199043952202,False
2018-01-18,166.73735592971036,167.2486797611918,161.088540564797,161.7410888671875,9616920.0,BAJFINANCE,-0.02380662282028645,False
2018-01-19,161.76054569685095,166.66430244275108,159.00431322886303,165.75367736816406,9745970.0,BAJFINANCE,0.024808714526903364,False
2018-01-22,166.93213099703885,168.10086263108525,163.4259806780197,166.18707275390625,9244980.0,BAJFINANCE,0.002614695448231563,False
2018-01-23,166.54255538600353,167.3217048161576,164.828438528496,166.4159393310547,12454930.0,BAJFINANCE,0.001377162334927018,False
2018-01-24,167.02953452948768,170.13150922155455,165.2813263158421,169.38157653808594,14413130.0,BAJFINANCE,0.01782063195960837,False
2018-01-25,169.56177463462654,169.64942505523754,165.8997763224391,166.57179260253906,8808910.0,BAJFINANCE,-0.01658848614456654,False
2018-01-26,169.56177463462654,169.64942505523754,165.8997763224391,166.57179260253906,8808910.0,BAJFINANCE,0.0,False
2018-01-29,166.63996223096063,169.0017381503979,166.54256297486344,167.05874633789062,6431370.0,BAJFINANCE,0.002923386533478123,False
2018-01-30,167.02951858446727,167.41422630148162,162.744219095812,163.4649200439453,6801040.0,BAJFINANCE,-0.0215123504319642,False
2018-01-31,161.42454500720712,164.5947021623764,160.21200299237228,163.411376953125,13322250.0,BAJFINANCE,-0.00032755095592329475,False
2018-02-01,163.7960538626812,171.41221747706308,160.1876449758926,168.43685913085938,19398120.0,BAJFINANCE,0.030753563622292646,False
2018-02-02,166.35262484623445,166.83473180388134,157.79663443142218,158.64395141601562,16450450.0,BAJFINANCE,-0.05813993306082488,False
2018-02-05,155.82930919739118,158.5514506591082,150.61876072668704,156.3114013671875,14721640.0,BAJFINANCE,-0.014703050623792291,False
2018-02-06,149.011770790703,163.985992855455,147.18077172741502,161.88229370117188,21094160.0,BAJFINANCE,0.03563970564692154,False
2018-02-07,163.62075143346553,164.30250159223053,157.83558677287323,159.88571166992188,14669830.0,BAJFINANCE,-0.012333541770390366,False
2018-02-08,161.08853581233075,163.52336866838797,159.535111261283,161.88229370117188,7507460.0,BAJFINANCE,0.012487557583455988,False
2018-02-09,158.65858629207813,161.18594412755357,157.5142118132241,159.66661071777344,7037200.0,BAJFINANCE,-0.013687000182296072,False
2018-02-12,160.21199050423994,161.28332282892717,159.26727423457191,160.09512329101562,4721150.0,BAJFINANCE,0.0026837957624066267,False
2018-02-13,160.21199050423994,161.28332282892717,159.26727423457191,160.09512329101562,4721150.0,BAJFINANCE,0.0,False
2018-02-14,161.08854315161486,165.27159926661912,160.849934276383,162.6419677734375,10660360.0,BAJFINANCE,0.01590832019156707,False
2018-02-15,163.50389158000223,166.72273330276036,156.0045949130647,163.3334503173828,11771160.0,BAJFINANCE,0.004251562824845845,False
2018-02-16,164.59469940480474,165.95334028583508,162.79779158632468,163.15814208984375,9476850.0,BAJFINANCE,-0.0010733149100714545,False
2018-02-19,163.13379102268252,163.13379102268252,158.12290116122313,159.9879913330078,6953100.0,BAJFINANCE,-0.01942992679513522,False
2018-02-20,161.1713196284157,161.4488941285316,158.3615279852304,159.60328674316406,5839550.0,BAJFINANCE,-0.002404584160588641,False
2018-02-21,161.47812380285137,161.47812380285137,154.59240910457797,155.4835662841797,16897440.0,BAJFINANCE,-0.025812253262765705,False
2018-02-22,154.6605649410915,157.53366434802874,153.53567350356363,155.86337280273438,10506250.0,BAJFINANCE,0.002442743806509551,False
2018-02-23,156.49156399139903,159.5302453808808,156.0581714879318,159.0822296142578,7114740.0,BAJFINANCE,0.020651784660128847,False
2018-02-26,159.72503004477016,163.60127966159476,159.38414751184405,163.12892150878906,10366590.0,BAJFINANCE,0.02543773685058137,False
2018-02-27,163.23120129118527,163.615894184088,160.79636842503416,161.36123657226562,6052440.0,BAJFINANCE,-0.01083612225333197,False
2018-02-28,160.1145993103939,161.63394746396867,158.65369962741207,159.74937438964844,17563490.0,BAJFINANCE,-0.00998915363353281,False
2018-03-01,159.23806387219673,162.25726246495407,158.556313665747,161.60958862304688,12383900.0,BAJFINANCE,0.01164457914471173,False
2018-03-02,159.23806387219673,162.25726246495407,158.556313665747,161.60958862304688,12383900.0,BAJFINANCE,0.0,False
2018-03-05,161.67290254696252,161.67290254696252,157.87456921467296,159.42799377441406,7437790.0,BAJFINANCE,-0.01349916714237398,False
2018-03-06,161.18594587911593,162.82702095637234,158.51736353996412,159.5059051513672,9441760.0,BAJFINANCE,0.0004886932031733515,False
2018-03-07,159.8224127494569,160.56747090703155,156.41364721735667,157.616455078125,6445770.0,BAJFINANCE,-0.011845643403917583,False
2018-03-08,159.23320403097287,159.52051254210352,155.2644292068876,158.56118774414062,6631960.0,BAJFINANCE,0.00599387078936231,False
2018-03-09,159.23806713701225,162.3741330120189,157.43142533761937,161.10801696777344,8397180.0,BAJFINANCE,0.016062122514763466,False
2018-03-12,161.96509330809127,163.80582645228353,161.1908182013559,162.18421936035156,4861870.0,BAJFINANCE,0.0066800052091349205,False
2018-03-13,162.2085670545799,165.4566257465955,162.02351738065224,163.68894958496094,8208020.0,BAJFINANCE,0.009277907743083569,False
2018-03-14,162.84162410497385,167.60415674263402,162.47639916386174,166.55230712890625,8486590.0,BAJFINANCE,0.01749267468088389,False
2018-03-15,167.03927278754173,169.4546377512719,166.93213954430337,168.12521362304688,7391870.0,BAJFINANCE,0.00944391897809771,False
2018-03-16,166.73734965716463,167.9693744778875,163.72302541695018,164.39016723632812,10176990.0,BAJFINANCE,-0.022215861061108177,False
2018-03-19,165.4614977918305,165.4614977918305,158.4589162546239,158.9312744140625,8489840.0,BAJFINANCE,-0.03320693028079891,False
2018-03-20,158.45889630495864,161.97479503333116,157.30966249697207,161.409912109375,13187580.0,BAJFINANCE,0.015595657333338453,False
2018-03-21,163.0851058624207,166.7373552391293,162.20857195642694,166.01177978515625,11310980.0,BAJFINANCE,0.028510440379045043,False
2018-03-22,166.34778868394844,167.51650551767756,164.60931440596693,165.14010620117188,11537160.0,BAJFINANCE,-0.005250673085442803,False
2018-03-23,161.18593146519325,165.08166394773568,161.18593146519325,164.13694763183594,10884260.0,BAJFINANCE,-0.006074590796943613,False
2018-03-26,165.4614949534721,170.24351007548253,164.20512778430202,169.6201934814453,12889840.0,BAJFINANCE,0.03340652990518911,False
2018-03-27,170.43829601905247,175.11317796778306,170.41881319555907,172.62477111816406,16702390.0,BAJFINANCE,0.017713560956687635,False
2018-03-28,173.0679115561305,174.62621048448202,171.49014466542857,172.14755249023438,9869600.0,BAJFINANCE,-0.0027644852174953938,False
2018-03-29,173.0679115561305,174.62621048448202,171.49014466542857,172.14755249023438,9869600.0,BAJFINANCE,0.0,False
2018-03-30,173.0679115561305,174.62621048448202,171.49014466542857,172.14755249023438,9869600.0,BAJFINANCE,0.0,False
2018-04-02,172.28876154464734,177.7427929155119,172.28876154464734,177.11947631835938,6332030.0,BAJFINANCE,0.028881757284391574,False
2018-04-03,177.25581915758508,179.20368530217394,175.46378587121276,178.6436767578125,10494570.0,BAJFINANCE,0.008605493145844134,False
2018-04-04,179.203681902336,182.0865302804916,178.8822822112517,180.1970977783203,17934410.0,BAJFINANCE,0.008695639547398049,False
2018-04-05,181.73590521728892,187.1996699860114,181.73590521728892,186.5666046142578,13859590.0,BAJFINANCE,0.03534744407356283,False
2018-04-06,186.8977429982542,189.2838908167857,185.90920156467692,188.70925903320312,16120010.0,BAJFINANCE,0.011484662131121759,False
2018-04-09,189.19624156638469,191.64568275612223,187.9934335749406,189.35694885253903,11317920.0,BAJFINANCE,0.003432210070953401,False
2018-04-10,189.91697049433947,190.1555793684018,186.37672872766333,187.5843963623047,10138110.0,BAJFINANCE,-0.009360905427424848,False
2018-04-11,187.57953431213613,190.40393455809567,184.20971900820908,187.4480438232422,11889760.0,BAJFINANCE,-0.0007268863599888542,False
2018-04-12,187.360376828864,189.14755057489987,186.12347765245048,187.90577697753903,5353540.0,BAJFINANCE,0.0024419201447014593,False
2018-04-13,188.0664922278856,189.80495156019623,185.78747742286168,186.44488525390625,5928860.0,BAJFINANCE,-0.007774597179135201,False
2018-04-16,186.40594333668335,189.91696825539037,184.80869353143865,189.26443481445312,7727230.0,BAJFINANCE,0.015122697287764941,False
2018-04-17,190.8811619536184,190.8811619536184,186.80037970866857,188.4609375,6962030.0,BAJFINANCE,-0.004245368736291333,False
2018-04-18,189.5274134651543,189.9705400093385,187.1217971859512,187.66232299804688,4629050.0,BAJFINANCE,-0.004237559849521233,False
2018-04-19,188.45603845058497,188.50473807355507,185.84103068240887,186.3426055908203,6325890.0,BAJFINANCE,-0.007032404726442065,False
2018-04-20,185.80694864285556,185.80694864285556,180.19222512690828,183.13836669921875,12261960.0,BAJFINANCE,-0.017195417448640726,False
2018-04-23,183.0994352315872,186.97082551135225,181.2294853359512,184.98399353027344,7621250.0,BAJFINANCE,0.01007777269350596,False
2018-04-24,185.8264335373973,188.2856086054402,184.91093406984444,186.7808837890625,7848950.0,BAJFINANCE,0.00971376076652275,False
2018-04-25,187.5746503628316,188.84076639055056,183.941883987726,185.03268432617188,6776750.0,BAJFINANCE,-0.009359627320667974,False
2018-04-26,185.9238275639029,186.5081933831487,182.76829375088812,184.27789306640625,10983390.0,BAJFINANCE,-0.004079232069265637,False
2018-04-27,186.2160108782437,186.55201899588428,184.3168442531276,185.1593017578125,6415910.0,BAJFINANCE,0.004783040856065179,False
2018-04-30,187.47239211183745,187.47239211183745,184.54084390186165,185.79722595214844,6472100.0,BAJFINANCE,0.0034452721968585287,False
2018-05-01,187.47239211183745,187.47239211183745,184.54084390186165,185.79722595214844,6472100.0,BAJFINANCE,0.0,False
2018-05-02,185.92383969664056,188.62651321071905,185.0473057716125,185.54400634765625,6870830.0,BAJFINANCE,-0.0013628815134053562,False
2018-05-03,185.53912178628912,185.70468862266063,181.40476585366216,182.5442657470703,4717500.0,BAJFINANCE,-0.016167272980865177,False
2018-05-04,183.0994449280876,184.3899034693352,180.3383377170425,180.8983612060547,5621770.0,BAJFINANCE,-0.009016468056554316,False
2018-05-07,181.63853184598543,185.24208151629824,180.76685751866276,184.60415649414065,4855190.0,BAJFINANCE,0.020485510556200293,False
2018-05-08,184.90118280018663,184.90118280018663,181.15153487054772,181.9696350097656,6697570.0,BAJFINANCE,-0.014271192666556631,False
2018-05-09,182.62219833484428,182.62219833484428,179.69066492373247,180.08998107910156,6455530.0,BAJFINANCE,-0.01032949222854218,False
2018-05-10,180.37241932934103,181.29279330429807,177.06105251012198,178.9504852294922,5887920.0,BAJFINANCE,-0.00632736947819923,False
2018-05-11,179.6906391690956,183.1724466848528,178.04469001520062,181.2976226806641,4832490.0,BAJFINANCE,0.013116127895165253,False
2018-05-14,181.45349369525363,183.48415097380507,179.49101887459605,181.58984375,6429710.0,BAJFINANCE,0.001611830673867276,False
2018-05-15,181.6628655791444,188.30997087716156,180.61589046858688,185.2372131347656,15703020.0,BAJFINANCE,0.020085756501817542,False
2018-05-16,184.31682351574207,187.87167308431196,182.40790826306292,186.99026489257807,9528360.0,BAJFINANCE,0.009463820623003327,False
2018-05-17,187.96907963028025,203.33774205054644,185.64138022308256,201.2632598876953,55812030.0,BAJFINANCE,0.07633015014614153,False
2018-05-18,201.59443358103127,211.5139406072616,201.18050900875448,209.36154174804688,83167340.0,BAJFINANCE,0.040237258727054304,False
2018-05-21,206.9607730733337,209.2982064483346,202.63163353386577,205.0567321777344,23768230.0,BAJFINANCE,-0.020561606178335468,False
2018-05-22,205.5973175562613,212.11291859588133,205.4999182856427,209.3274688720703,19633730.0,BAJFINANCE,0.020827098183902715,False
2018-05-23,209.20082176659605,209.20082176659605,201.23404170301737,202.4222412109375,14438270.0,BAJFINANCE,-0.032987680490958016,False
2018-05-24,204.08769045007287,205.48040769326292,201.40937434143947,204.0146484375,8409320.0,BAJFINANCE,0.007866760179298105,False
2018-05-25,205.2076950938633,209.5806599327632,204.86682743562628,206.0842437744141,13421450.0,BAJFINANCE,0.010144346755317057,False
2018-05-28,206.9608079747323,208.22692412513896,203.1868167704872,204.0341339111328,8061900.0,BAJFINANCE,-0.009947921421520123,False
2018-05-29,205.01292115479592,205.2077048060129,201.12206310741468,202.295654296875,7272590.0,BAJFINANCE,-0.008520533211442971,False
2018-05-30,200.9516227958216,207.44775493462808,200.2649981616568,206.34234619140625,12515080.0,BAJFINANCE,0.020003849853307276,False
2018-05-31,208.66515926555027,208.9086425319045,204.62334298848623,205.4901428222656,13233970.0,BAJFINANCE,-0.004130045940013427,False
2018-06-01,206.47382468434824,206.47382468434824,201.19510887432796,202.3248748779297,6045740.0,BAJFINANCE,-0.015403502576148531,False
2018-06-04,203.57151419571355,204.40422289023212,200.17248210178693,200.9078063964844,5131520.0,BAJFINANCE,-0.007003926147490569,False
2018-06-05,201.1171967048686,206.43000385393225,200.1432635489128,204.5843963623047,8168790.0,BAJFINANCE,0.018299886060995973,False
2018-06-06,206.6686044804849,211.625920479972,205.20770480480613,210.432861328125,18029770.0,BAJFINANCE,0.02858705292197894,False
2018-06-07,211.53827509624008,213.99259077083272,210.38416670277675,211.28993225097656,14894130.0,BAJFINANCE,0.004072894876979927,False
2018-06-08,210.84678267359308,216.2082742964177,209.10830851928284,212.98455810546875,30395950.0,BAJFINANCE,0.00802038145612749,False
2018-06-11,215.23920503220663,219.96278629067749,213.89517266154093,219.1641540527344,20595810.0,BAJFINANCE,0.02901429099947017,False
2018-06-12,219.6219283694915,221.7645783569857,217.77146130325576,220.2306365966797,16551670.0,BAJFINANCE,0.00486613583573825,False
2018-06-13,221.08282621736384,221.2386590888364,216.76830947338172,217.2893524169922,10953720.0,BAJFINANCE,-0.013355472359070752,False
2018-06-14,217.6740624321704,219.32974584087808,213.97311343203276,218.47755432128903,13213410.0,BAJFINANCE,0.005468293273830582,False
2018-06-15,219.13496310688612,223.18165423671005,217.29423001123,222.40737915039065,16375000.0,BAJFINANCE,0.017987316094368655,False
2018-06-18,221.27761103114463,223.61505953231148,217.59614487437352,218.4678192138672,11268770.0,BAJFINANCE,-0.017713260915949935,False
2018-06-19,217.6740511003451,222.15414937165855,216.89977605760828,221.1412506103516,11515820.0,BAJFINANCE,0.012237186264340671,False
2018-06-20,221.5649194336243,224.20915925687763,220.2209017786052,220.8685607910156,11272730.0,BAJFINANCE,-0.0012331024563864146,False
2018-06-21,221.76454498180524,222.83587724483905,219.14466278850855,219.86050415039065,7170230.0,BAJFINANCE,-0.004564056726836574,False
2018-06-22,220.79064812324955,228.09514694643408,219.1885238869396,227.51565551757807,17142240.0,BAJFINANCE,0.03481821983793454,False
2018-06-25,228.0951449038802,233.64656098758027,227.31599539750948,232.82846069335935,23935350.0,BAJFINANCE,0.023351382847457858,False
2018-06-26,232.2830631212469,235.609038387668,228.34350519670832,230.56407165527344,23379420.0,BAJFINANCE,-0.009725568048436162,False
2018-06-27,231.7766140221973,231.7766140221973,226.20085548315615,227.46209716796875,10691260.0,BAJFINANCE,-0.013453850224950048,False
2018-06-28,227.60814108358608,228.67947333720716,219.50502618169745,221.54054260253903,17130030.0,BAJFINANCE,-0.026033148551589114,False
2018-06-29,222.26128135395095,225.9524812983729,221.14124936192565,223.6491241455078,13784210.0,BAJFINANCE,0.009517813390715224,False
2018-07-02,224.00459485594573,225.43627758586467,222.1638620404841,223.9607696533203,8403760.0,BAJFINANCE,0.0013934573140099715,False
2018-07-03,224.4915680251356,227.3159679257217,222.6167439316767,226.05960083007807,8106670.0,BAJFINANCE,0.00937142330778129,False
2018-07-04,227.21859226004577,228.3873089927046,224.64253508281095,227.0627593994141,9163790.0,BAJFINANCE,0.004437584449642928,False
2018-07-05,228.19447680276863,229.17008382610084,226.57498045783933,227.33106994628903,6887850.0,BAJFINANCE,0.0011816580912900054,False
2018-07-06,228.1749428815996,229.75542127058347,226.73103397438555,228.84811401367188,6906170.0,BAJFINANCE,0.006673280813490612,False
2018-07-09,230.14568342513817,230.5554514619109,227.99935102036247,229.077392578125,5516950.0,BAJFINANCE,0.0010018809437923881,False
2018-07-10,230.24324213310052,232.3895744638048,229.26763517490943,230.8627471923828,7841340.0,BAJFINANCE,0.007793674417910568,False
2018-07-11,230.8188694364717,232.3895973895785,228.7798542654781,229.81399536132807,5948050.0,BAJFINANCE,-0.004542750373583648,False
2018-07-12,231.70665717273025,236.97492889697253,230.27739652337056,235.6090850830078,13961500.0,BAJFINANCE,0.025216435198249565,False
2018-07-13,237.4480930119308,241.4627209846425,236.31151746122995,240.8383331298828,13904850.0,BAJFINANCE,0.022194594257826106,False
2018-07-16,241.4627436319103,243.84322720350835,239.99933306444424,241.19932556152344,11726440.0,BAJFINANCE,0.001498899394250186,False
2018-07-17,241.46273494188324,243.14566298853504,237.61884094115737,240.8919982910156,9446860.0,BAJFINANCE,-0.0012741630590896724,False
2018-07-18,241.7749561433447,246.1505396500424,241.10665278209237,242.80421447753903,14054780.0,BAJFINANCE,0.007938064361163732,False
2018-07-19,244.2822381132177,247.5114949275216,229.99935211298987,245.8724822998047,48898170.0,BAJFINANCE,0.012636798042685804,False
2018-07-20,245.9505359344921,267.80412724899406,242.61882962148425,265.496826171875,73612740.0,BAJFINANCE,0.07981512891768583,False
2018-07-23,265.3650675704483,272.877252348434,265.07239741989144,268.85772705078125,35518880.0,BAJFINANCE,0.01265891169911959,False
2018-07-24,268.1943498200436,269.07239013749995,262.1699886958102,264.71630859375,27788370.0,BAJFINANCE,-0.01540375462688126,False
2018-07-25,266.048111810576,271.05295204678066,262.6334863993014,263.9066467285156,18841050.0,BAJFINANCE,-0.0030586021297120958,False
2018-07-26,262.9260535542994,266.18457695321365,259.0041246240716,261.6236267089844,21859050.0,BAJFINANCE,-0.008650862143232851,False
2018-07-27,261.9504705332238,265.80412996057504,260.19924292797805,264.7504577636719,9587030.0,BAJFINANCE,0.01195163867277782,False
2018-07-30,264.93095672506814,265.6187763459831,260.09683704928847,261.2675476074219,8221620.0,BAJFINANCE,-0.013155445265968124,False
2018-07-31,260.68216616809946,264.282157880847,260.2967824017051,263.208984375,7111740.0,BAJFINANCE,0.007430837795803447,False
2018-08-01,264.8773028706003,270.4041249115499,263.6772955315219,265.6382751464844,15845410.0,BAJFINANCE,0.009229513108197418,False
2018-08-02,264.8090247814305,265.9748823972874,261.46269961475656,261.8383178710937,7811730.0,BAJFINANCE,-0.014305006585723423,False
2018-08-03,263.4138883716568,264.2919287115965,259.5358446159971,261.5895080566406,7418520.0,BAJFINANCE,-0.0009502421818015083,False
2018-08-06,262.8187813164462,264.18950794641347,260.1407151195494,263.04803466796875,6229050.0,BAJFINANCE,0.00557563115647719,False
2018-08-07,263.90170470121905,268.7309714654608,261.6578204152433,268.03338623046875,11664830.0,BAJFINANCE,0.018952247899486352,False
2018-08-08,268.7992551804924,275.08705003191005,268.4870835387616,274.4529113769531,21139340.0,BAJFINANCE,0.023950468397860414,False
2018-08-09,275.5113706968424,277.66260049132853,273.16992019267974,276.11138916015625,11470830.0,BAJFINANCE,0.006042850028015412,False
2018-08-10,274.7309117109571,276.81869501555644,272.3162786549512,273.99432373046875,8775080.0,BAJFINANCE,-0.007667432466755386,False
2018-08-13,273.9455648532103,273.9455648532103,268.7016775308845,269.3065490722656,8093650.0,BAJFINANCE,-0.017109021071599062,False
2018-08-14,269.58948880400214,276.8285063703371,269.58948880400214,276.1163024902344,10516580.0,BAJFINANCE,0.025286252567669365,False
2018-08-15,269.58948880400214,276.8285063703371,269.58948880400214,276.1163024902344,10516580.0,BAJFINANCE,0.0,False
2018-08-16,276.29193994265165,283.7065300120207,275.3211858781317,278.6919250488281,22297270.0,BAJFINANCE,0.00932803509015856,False
2018-08-17,279.60897869217683,281.46262608088443,277.2187295770252,278.1650695800781,6881330.0,BAJFINANCE,-0.0018904583211648562,False
2018-08-20,280.7747991128392,280.7747991128392,276.7113880635114,277.0479736328125,6654800.0,BAJFINANCE,-0.004015946175240481,False
2018-08-21,277.1552697121545,281.26744910213307,275.5894397384528,280.1747741699219,9515490.0,BAJFINANCE,0.011286133935971332,False
2018-08-22,277.1552697121545,281.26744910213307,275.5894397384528,280.1747741699219,9515490.0,BAJFINANCE,0.0,False
2018-08-23,281.8528953796887,283.8041096499159,280.1260814688777,282.3260803222656,16759200.0,BAJFINANCE,0.007678443424171455,False
2018-08-24,282.14554741867323,287.16015175861503,282.0528635656672,284.5455322265625,13277100.0,BAJFINANCE,0.007861306691055336,False
2018-08-27,286.76993478657096,288.68211624226456,285.3699410705784,287.87725830078125,9760040.0,BAJFINANCE,0.01170893827834174,False
2018-08-28,290.9260381390225,290.9260381390225,285.44310143469073,286.1065368652344,12337420.0,BAJFINANCE,-0.006150959773615683,False
2018-08-29,285.8528491490139,292.0967279539503,285.8528491490139,291.2674560546875,14025830.0,BAJFINANCE,0.018038452549876904,False
2018-08-30,292.0870250197941,292.0870250197941,284.9699580992808,285.5357971191406,14529960.0,BAJFINANCE,-0.019678336238397764,False
2018-08-31,286.34068106567304,288.2772468492226,277.17971619463304,278.6919250488281,13572060.0,BAJFINANCE,-0.023968525625726933,False
2018-09-03,280.9748479946656,280.9748479946656,264.906597684044,265.76025390625,25168400.0,BAJFINANCE,-0.04640131263334035,False
2018-09-04,265.7553547957375,270.989506871246,261.8041581475913,267.93096923828125,26069920.0,BAJFINANCE,0.008167945733514426,False
2018-09-05,267.3309506384523,269.7358181789192,260.29192034798047,265.0626525878906,17284550.0,BAJFINANCE,-0.010705431546585098,False
2018-09-06,266.24316770290216,266.4870694742997,260.62369113565575,261.8627014160156,11478790.0,BAJFINANCE,-0.012072433217704792,False
2018-09-07,263.2577476748308,268.42848182101267,260.74069511307687,267.7260437011719,12644360.0,BAJFINANCE,0.022390902764885423,False
2018-09-10,266.53584354636723,267.1211839261615,253.267582429712,255.1846466064453,15701790.0,BAJFINANCE,-0.046844143070088884,False
2018-09-11,255.70661640848851,260.37001696486993,249.97492493036412,253.73101806640625,33576600.0,BAJFINANCE,-0.005696379305612731,False
2018-09-12,255.4090465399992,257.2626938772005,245.47247678404588,253.07244873046875,26823400.0,BAJFINANCE,-0.002595541297852444,False
2018-09-13,255.4090465399992,257.2626938772005,245.47247678404588,253.07244873046875,26823400.0,BAJFINANCE,0.0,False
2018-09-14,256.63342662874084,261.8041619389482,256.21880553523675,260.70172119140625,17951310.0,BAJFINANCE,0.030146594381212033,False
2018-09-17,259.51145358278086,259.51145358278086,252.51148549408904,254.1065826416016,14553200.0,BAJFINANCE,-0.02529764099624998,False
2018-09-18,254.6334147285777,256.3358440978273,249.65781331373185,250.77001953125,14492900.0,BAJFINANCE,-0.013130565433078778,False
2018-09-19,252.1943775768722,253.4333875916979,242.5846438886536,243.8578186035156,18945570.0,BAJFINANCE,-0.027563904730936284,False
2018-09-20,252.1943775768722,253.4333875916979,242.5846438886536,243.8578186035156,18945570.0,BAJFINANCE,0.0,False
2018-09-21,246.82858013358785,249.4627161537445,207.28234535244852,232.1359405517578,57508800.0,BAJFINANCE,-0.04806849384155365,False
2018-09-24,236.3066448360524,236.3359118549901,211.5701336340417,220.5652313232422,77981720.0,BAJFINANCE,-0.04984454023368168,False
2018-09-25,218.0481589605866,227.3505750420425,212.7408546335632,224.31155395507807,55373960.0,BAJFINANCE,0.016985100549893994,False
2018-09-26,227.218869884006,229.65301953121568,223.91156266885105,225.90667724609372,27287560.0,BAJFINANCE,0.007111195401620307,False
2018-09-27,226.672506539578,226.672506539578,213.86766580950703,215.04327392578125,27962940.0,BAJFINANCE,-0.04808801339005275,False
2018-09-28,217.75547540999588,219.3164525358636,206.5359951167428,211.5115966796875,38310960.0,BAJFINANCE,-0.0164231002514994,False
2018-10-01,211.5116179382116,217.8872137793007,200.21408616451927,215.46282958984372,48217720.0,BAJFINANCE,0.018680928006703734,False
2018-10-02,211.5116179382116,217.8872137793007,200.21408616451927,215.46282958984372,48217720.0,BAJFINANCE,0.0,False
2018-10-03,214.63355323069757,227.3115622135045,211.3213630932808,217.77500915527344,55677010.0,BAJFINANCE,0.010731222502884608,False
2018-10-04,211.60915522892256,215.8042683634048,206.6872196332421,212.59939575195312,40027180.0,BAJFINANCE,-0.023765873886980815,False
2018-10-05,210.7310910890045,216.05791133051625,191.5360222914285,197.39454650878903,34704410.0,BAJFINANCE,-0.07151877920153682,False
2018-10-08,194.34088682986555,203.90183719729384,186.5555481233021,192.667724609375,59666690.0,BAJFINANCE,-0.023946061241380656,False
2018-10-09,192.68240503267185,206.4238377847187,190.01411898017375,201.05799865722656,48590160.0,BAJFINANCE,0.04354789607269427,False
2018-10-10,204.87746338112376,224.94570586834791,204.87746338112376,221.5554656982422,72359570.0,BAJFINANCE,0.10194803080657677,False
2018-10-11,204.87744872998337,217.56033841326808,200.97502113512652,210.93597412109372,54670860.0,BAJFINANCE,-0.047931526056830265,False
2018-10-12,217.29207898421691,226.3408281192661,217.29207898421691,223.1554718017578,36655770.0,BAJFINANCE,0.057929889539131585,False
2018-10-15,226.31641914236263,226.31641914236263,220.59447924996377,224.9944610595703,24354130.0,BAJFINANCE,0.008240843224521788,False
2018-10-16,226.82863193521183,230.43837492847732,222.95058807975133,225.2530212402344,25284840.0,BAJFINANCE,0.0011491846485751633,False
2018-10-17,228.29204065954585,231.1456941451065,208.0823449918874,209.8042907714844,38119850.0,BAJFINANCE,-0.06858389904690243,False
2018-10-18,228.29204065954585,231.1456941451065,208.0823449918874,209.8042907714844,38119850.0,BAJFINANCE,0.0,False
2018-10-19,209.7554979579741,214.438414378073,200.3847972058152,208.82867431640625,42867900.0,BAJFINANCE,-0.004650126322443882,False
2018-10-22,213.4628147839768,216.48231964282655,203.99942985213124,206.37503051757807,36819460.0,BAJFINANCE,-0.011749554063205658,False
2018-10-23,204.3896885203241,210.27748097243656,194.88240204474403,203.25311279296875,90647750.0,BAJFINANCE,-0.015127400426203197,False
2018-10-24,212.1945064001375,228.19445403153875,210.73109601117105,225.54080200195312,103572950.0,BAJFINANCE,0.10965484809911064,False
2018-10-25,222.92620977038237,229.07253713086467,220.17499075807248,227.8042449951172,52011590.0,BAJFINANCE,0.010035625363895129,False
2018-10-26,227.3115504584773,231.8822669170111,222.29206311197288,228.18472290039065,37958310.0,BAJFINANCE,0.0016701967308889731,False
2018-10-29,228.18472679914808,233.36519772725003,225.8530266016184,232.2383728027344,22011450.0,BAJFINANCE,0.017764773429259195,False
2018-10-30,233.6578568341096,236.4773602313419,229.30177551852012,229.8871307373047,22022300.0,BAJFINANCE,-0.010124261710302673,False
2018-10-31,231.00421110704696,233.36517812613533,225.06276838835464,232.4432373046875,28088120.0,BAJFINANCE,0.011118963289440176,False
2018-11-01,233.3115434002615,237.56030777560284,231.45788114275345,235.9115295410156,25521340.0,BAJFINANCE,0.014921028791996305,False
2018-11-02,238.34077780598045,241.45296631842456,230.7310407162469,232.5164031982422,23671170.0,BAJFINANCE,-0.014391523590978728,False
2018-11-05,233.1700625459012,235.023709808161,227.57983885477967,230.1847076416016,16259990.0,BAJFINANCE,-0.01002809059734422,False
2018-11-06,231.21885964757823,233.16032294218505,227.54569987775403,228.2676544189453,13686820.0,BAJFINANCE,-0.008328325727185781,False
2018-11-07,230.24326476234583,230.6822849593644,228.6530205004928,229.11155700683597,1714670.0,BAJFINANCE,0.0036969871620173844,False
2018-11-08,230.24326476234583,230.6822849593644,228.6530205004928,229.11155700683597,1714670.0,BAJFINANCE,0.0,False
2018-11-09,229.23349705296343,232.570071233803,228.12130565935024,231.7408142089844,13278460.0,BAJFINANCE,0.011475882039726049,False
2018-11-12,231.7408059880711,232.68226314457684,221.46278295102283,222.2042388916016,14796780.0,BAJFINANCE,-0.04115190217974596,False
2018-11-13,221.46278277841645,225.20424206840295,217.8627906676985,222.9261932373047,22977100.0,BAJFINANCE,0.0032490574856012255,False
2018-11-14,224.29203357327685,225.8530106598998,220.97497587242896,223.7993621826172,14561460.0,BAJFINANCE,0.003916852177092478,False
2018-11-15,223.12133023401435,229.0725392170212,222.9359625119332,228.41888427734372,15771150.0,BAJFINANCE,0.020641355049783705,False
2018-11-16,228.4871480376845,235.82371657669063,228.29202962216124,234.35055541992188,19188730.0,BAJFINANCE,0.025968392067688972,False
2018-11-19,236.0968956851936,236.3212811285524,229.29691365573072,230.3359375,13577950.0,BAJFINANCE,-0.017130823149653973,False
2018-11-20,230.73106237806704,233.45788223796347,228.8530158697664,232.2042236328125,12377020.0,BAJFINANCE,0.008111136078418069,False
2018-11-21,233.07251364690535,237.56031194212864,230.40911062171088,237.12615966796875,15147250.0,BAJFINANCE,0.02119658272426328,False
2018-11-22,237.26762346496443,239.4920062719343,230.243255922608,232.3408050537109,16042790.0,BAJFINANCE,-0.020180627143620233,False
2018-11-23,237.26762346496443,239.4920062719343,230.243255922608,232.3408050537109,16042790.0,BAJFINANCE,0.0,False
2018-11-26,234.1456719197316,235.3066465915199,228.970084108898,233.6188507080078,13914340.0,BAJFINANCE,0.005500736962676278,False
2018-11-27,233.6578587823481,238.03833923935724,231.7066449303034,237.60418701171875,15949550.0,BAJFINANCE,0.017059138385592254,False
2018-11-28,238.62861068648436,238.9261636950414,233.7798423940515,235.37008666992188,13962600.0,BAJFINANCE,-0.009402613522491055,False
2018-11-29,237.56030457432516,245.61881303767703,235.7895754869181,244.535888671875,28612840.0,BAJFINANCE,0.038942085341571175,False
2018-11-30,247.60905522656705,250.18465706584777,244.5895504236964,247.5797882080078,27373410.0,BAJFINANCE,0.012447659738882733,False
2018-12-03,248.5846623428696,249.32123549244727,242.99930640837923,244.7456512451172,11155920.0,BAJFINANCE,-0.011447368072346364,False
2018-12-04,244.7798037974705,248.6822320119321,243.41395987704183,248.1505279541016,13295870.0,BAJFINANCE,0.013911898706524317,False
2018-12-05,247.79443866778223,247.79443866778223,241.004207085882,243.3261566162109,13270310.0,BAJFINANCE,-0.019441309989003952,False
2018-12-06,242.04809101240508,243.3163681421373,235.90176423071983,237.306640625,13174720.0,BAJFINANCE,-0.02473846657063372,False
2018-12-07,238.34080488259232,243.68224454021072,235.5749523505009,242.57005310058597,14787200.0,BAJFINANCE,0.022179794302104705,False
2018-12-10,235.1651770584329,238.4285835190639,232.42372389234268,233.7115173339844,13998940.0,BAJFINANCE,-0.03651949469182092,False
2018-12-11,230.2432375757744,238.68223164245768,227.52130076639352,236.7554168701172,21892780.0,BAJFINANCE,0.013024174293400081,False
2018-12-12,238.5358928598633,245.35539061613017,237.4968691042037,243.31149291992188,16831970.0,BAJFINANCE,0.027691345509536225,False
2018-12-13,244.89687980877676,246.72614298233265,241.4627389093782,242.83834838867188,17131610.0,BAJFINANCE,-0.0019446041186624852,False
2018-12-14,242.75542082162045,245.07248756138725,240.41396986027843,242.57005310058597,12043790.0,BAJFINANCE,-0.00110483080562096,False
2018-12-17,243.7651571349495,244.867597770302,240.6090680042856,241.40419006347656,10196020.0,BAJFINANCE,-0.00480629419092371,False
2018-12-18,240.94565408173847,247.62856776727767,238.6920043674754,247.04319763183597,16531070.0,BAJFINANCE,0.02335919507808315,False
2018-12-19,248.85778349257689,256.4967864972486,248.79436666893787,253.35533142089844,29463140.0,BAJFINANCE,0.025550728980076265,False
2018-12-20,249.75539680857327,254.62366630489055,246.98467644800775,252.81881713867188,14670280.0,BAJFINANCE,-0.0021176356511529715,False
2018-12-21,255.12126616769172,255.9895708102048,247.0920236033917,252.80419921875,30424640.0,BAJFINANCE,-5.7819746517751014e-05,False
2018-12-24,253.07244888710773,254.130974141614,249.0724691342025,250.23342895507807,10500170.0,BAJFINANCE,-0.010169017253734203,False
2018-12-25,253.07244888710773,254.130974141614,249.0724691342025,250.23342895507807,10500170.0,BAJFINANCE,0.0,False
2018-12-26,249.75537058996372,251.99440156321663,244.26269888711164,250.4773101806641,16620680.0,BAJFINANCE,0.0009746148890035222,False
2018-12-27,253.54561749976392,256.26753940819407,250.73098196854212,252.40414428710935,16263010.0,BAJFINANCE,0.007692649306459964,False
2018-12-28,253.9504950510656,257.93098836021903,252.2870981844217,257.0529479980469,19015810.0,BAJFINANCE,0.018418095804518586,False
2018-12-31,259.2139227987232,260.1261130103916,257.13099221551533,258.0627136230469,14533270.0,BAJFINANCE,0.003928239815431667,False
2019-01-01,258.0480705989433,259.9017180815049,254.8383149948937,259.20416259765625,9178720.0,BAJFINANCE,0.004423145671004214,False
2019-01-02,257.0821972865478,259.70658236762307,253.84317506239495,255.02853393554688,13049150.0,BAJFINANCE,-0.01610941977267122,False
2019-01-03,254.8285912169747,258.3407530244283,251.2480999925116,252.3115081787109,12824780.0,BAJFINANCE,-0.010653810830134947,False
2019-01-04,253.75540871663344,254.8188168663087,250.11150077278012,251.3212738037109,10510210.0,BAJFINANCE,-0.003924650057177015,False
2019-01-07,253.7553791057008,254.14561593945916,248.3261239303619,249.1309967041016,10243280.0,BAJFINANCE,-0.008715048537116576,False
2019-01-08,249.75540432858716,251.90175174380164,246.3456624589793,247.51638793945312,12333790.0,BAJFINANCE,-0.006480962971324611,False
2019-01-09,248.3895719615071,249.7358996276704,244.87738047024888,246.27737426757807,10939920.0,BAJFINANCE,-0.00500578439346866,False
2019-01-10,246.43833237555097,248.04319516062657,244.3602847168467,245.3310089111328,9108390.0,BAJFINANCE,-0.0038426808766324205,False
2019-01-11,245.46272637546488,246.8285702164968,242.7310238068198,245.287109375,8182180.0,BAJFINANCE,-0.000178940022003915,False
2019-01-14,245.457855235702,249.06271551946293,242.35541709716588,248.27247619628903,10215040.0,BAJFINANCE,0.012170907916424278,False
2019-01-15,248.8773748255566,254.92612092480783,248.8773748255566,254.06761169433597,14663030.0,BAJFINANCE,0.02334183630353448,False
2019-01-16,253.50172311529732,254.8431827604486,250.02856452497693,250.7163543701172,9525970.0,BAJFINANCE,-0.013190415346016726,False
2019-01-17,251.12123508152823,252.34562662651004,246.54076797148304,247.4041748046875,9941830.0,BAJFINANCE,-0.013210863622163727,False
2019-01-18,248.2919964591976,249.26760351797637,246.3505330530582,248.0871124267578,7537750.0,BAJFINANCE,0.00276041268345395,False
2019-01-21,248.58465054942064,254.24317376189452,246.49685229949807,253.0919647216797,13321590.0,BAJFINANCE,0.020173769793863983,False
2019-01-22,252.19438075703707,257.07241520108033,251.2187738682284,255.79437255859372,14747130.0,BAJFINANCE,0.010677572636040855,False
2019-01-23,255.51147285306467,258.8285307699332,254.73099914550627,257.009033203125,9925040.0,BAJFINANCE,0.004748582356920439,False
2019-01-24,257.46265371367343,258.8772956211148,253.96022853234416,257.1358337402344,7538560.0,BAJFINANCE,0.0004933699626392674,False
2019-01-25,258.4382595660969,259.6089997449903,252.19438141603777,253.61387634277344,9169270.0,BAJFINANCE,-0.01369687509605877,False
2019-01-28,254.63342133385336,254.63342133385336,229.7554433874424,239.8529815673828,23640470.0,BAJFINANCE,-0.05425923444658842,False
2019-01-29,240.779806892272,250.7407607599192,231.37982406372308,245.41880798339844,61188330.0,BAJFINANCE,0.023205158341765175,False
2019-01-30,251.7065864355914,255.96998393050407,248.38952884804905,253.21876525878903,38797070.0,BAJFINANCE,0.03178223111538481,False
2019-01-31,254.4382559281456,254.4382559281456,246.4382975793614,251.20411682128903,20834180.0,BAJFINANCE,-0.007956157733574942,False
2019-02-01,251.21882017583025,262.2334323173072,251.21882017583025,256.4285583496094,21177680.0,BAJFINANCE,0.020797595176503814,False
2019-02-04,254.63339455394544,255.95535258883672,250.9456017547802,253.1163330078125,9421130.0,BAJFINANCE,-0.012916756866374723,False
2019-02-05,253.6578137241434,257.7651107560374,253.0675607854085,254.00901794433597,10108170.0,BAJFINANCE,0.0035267772960976274,False
2019-02-06,255.51146369088747,265.3651002045873,254.83829248866252,264.5114440917969,17984610.0,BAJFINANCE,0.04134666647844143,False
2019-02-07,265.8529041097782,266.438274256946,261.8626751034421,263.0821838378906,17605800.0,BAJFINANCE,-0.005403396661394444,False
2019-02-08,260.48710379651686,267.0675691268458,260.48710379651686,264.1114807128906,15107850.0,BAJFINANCE,0.003912453743482036,False
2019-02-11,265.8236281956524,265.8236281956524,257.0724326191701,259.23828125,11947020.0,BAJFINANCE,-0.018451297345109197,False
2019-02-12,260.29192152334974,261.18461021624734,255.2480502808529,255.7846221923828,12003700.0,BAJFINANCE,-0.013322334344157305,False
2019-02-13,260.29192152334974,261.18461021624734,255.2480502808529,255.7846221923828,12003700.0,BAJFINANCE,0.0,False
2019-02-14,251.7016909138796,255.80413449560365,249.45292421290264,254.55535888671875,12141260.0,BAJFINANCE,-0.004805853045925068,False
2019-02-15,254.6334185194559,254.6334185194559,244.48711201201036,249.86268615722656,16406960.0,BAJFINANCE,-0.018434782712944187,False
2019-02-18,248.58953598196797,249.85296015474515,245.11637742296816,248.72613525390625,11545200.0,BAJFINANCE,-0.00454870201229296,False
2019-02-19,248.8773615488616,254.33588412179404,248.29199137095733,249.7358856201172,11483390.0,BAJFINANCE,0.004059687435661541,False
2019-02-20,252.19439805724517,255.10171750367067,250.82855427384985,254.2577972412109,10381270.0,BAJFINANCE,0.018106775523531127,False
2019-02-21,254.6334203977712,259.5114552712917,252.9797594300888,258.994384765625,11398230.0,BAJFINANCE,0.018629074804421997,False
2019-02-22,258.78463258194995,260.8772988222745,256.8187702387549,257.5992736816406,8256720.0,BAJFINANCE,-0.005386646066658396,False
2019-02-25,257.46269842358174,260.9748898111877,254.99929653981008,259.2919616699219,10240400.0,BAJFINANCE,0.006571012270683685,False
2019-02-26,257.2968618955526,261.26756002133624,253.65783682582733,259.2919616699219,16189960.0,BAJFINANCE,0.0,False
2019-02-27,260.487058676221,263.0870595646618,256.09682735021727,257.75537109375,11478390.0,BAJFINANCE,-0.005926101859370259,False
2019-02-28,260.1554020587441,260.19443468061087,256.58467637369137,258.4383239746094,11368430.0,BAJFINANCE,0.0026496164869866945,False
2019-03-01,259.8333800012944,260.9065535765912,257.5602289595316,259.5846252441406,7070940.0,BAJFINANCE,0.004435492584466294,False
2019-03-04,259.8333800012944,260.9065535765912,257.5602289595316,259.5846252441406,7070940.0,BAJFINANCE,0.0,False
2019-03-05,259.02365846765224,264.22851347551665,258.0090188512934,262.94073486328125,8473070.0,BAJFINANCE,0.012928768859034712,False
2019-03-06,264.877272341713,270.6528782679178,263.4138619972837,269.9211730957031,15434240.0,BAJFINANCE,0.026547572539688202,False
2019-03-07,270.7260677352903,271.4431543836151,265.852915389382,266.8090209960937,8598510.0,BAJFINANCE,-0.011529855416366308,False
2019-03-08,265.8431096959744,271.1211464993253,265.03336908426525,270.0772399902344,11780870.0,BAJFINANCE,0.012249282209196855,False
2019-03-11,270.14552321296867,273.945530841671,270.14552321296867,272.2967529296875,11690750.0,BAJFINANCE,0.008218067318569222,False
2019-03-12,274.0284673286387,274.7943223081163,267.8528590577058,268.5894470214844,13853350.0,BAJFINANCE,-0.013614947179191761,False
2019-03-13,269.26752633620083,276.87239584143094,268.1797340814937,275.9162902832031,15492960.0,BAJFINANCE,0.027278969233413886,False
2019-03-14,276.29198170315783,276.58465196528164,271.9114849589044,273.96026611328125,8960550.0,BAJFINANCE,-0.007089194218703798,False
2019-03-15,275.0040929231527,282.82844997492515,274.6333575169728,279.0967712402344,20915620.0,BAJFINANCE,0.018749087960183264,False
2019-03-18,280.19436620653573,286.93578495111586,277.56021517260865,285.8089599609375,18199860.0,BAJFINANCE,0.024049682448406218,False
2019-03-19,285.8528327415409,289.0625879030078,283.9065016645662,284.96502685546875,14805650.0,BAJFINANCE,-0.0029527874339002613,False
2019-03-20,285.34554621537114,286.2967392222977,278.8089674029669,279.86260986328125,14068620.0,BAJFINANCE,-0.017905414739807335,False
2019-03-21,285.34554621537114,286.2967392222977,278.8089674029669,279.86260986328125,14068620.0,BAJFINANCE,0.0,False
2019-03-22,279.80405187248834,282.4869708941056,274.7309137682356,276.7455444335937,12508760.0,BAJFINANCE,-0.011137841640261659,False
2019-03-25,273.5601764997422,279.2187145427947,273.26750633077427,278.0284729003906,10667570.0,BAJFINANCE,0.00463576918436992,False
2019-03-26,279.02364591018585,287.0236364784162,278.9260792401992,286.2772827148437,15706370.0,BAJFINANCE,0.029668939042111653,False
2019-03-27,287.8040870397301,294.06261476048707,286.096774658986,287.3406677246094,24196560.0,BAJFINANCE,0.00371452809556283,False
2019-03-28,286.838230389789,292.6821069307608,286.8333475909673,292.2772216796875,13669450.0,BAJFINANCE,0.01718014367464815,False
2019-03-29,286.838230389789,292.6821069307608,286.8333475909673,292.2772216796875,13669450.0,BAJFINANCE,0.0,False
2019-04-01,295.6284174410259,297.20892576385484,291.8040547384285,292.82354736328125,11090000.0,BAJFINANCE,0.001869203766390326,False
2019-04-02,295.10161996526915,300.19428976327373,292.52112036145587,298.06744384765625,11362380.0,BAJFINANCE,0.01790804234015142,False
2019-04-03,299.80401233327353,301.36498945220166,296.40403630715986,297.1698913574219,10527520.0,BAJFINANCE,-0.00301123959949523,False
2019-04-04,298.5356876282046,299.0234910393618,294.38447583555165,296.53082275390625,7727760.0,BAJFINANCE,-0.0021505159913626226,False
2019-04-05,297.36500396444126,304.8771898311459,297.1796362511709,303.82354736328125,12444080.0,BAJFINANCE,0.024593479158917964,False
2019-04-08,304.682031713888,305.36496847277186,294.43815896959376,295.0332946777344,16421890.0,BAJFINANCE,-0.028932098126799866,False
2019-04-09,294.29670828693867,297.47231361867887,290.6772149007177,293.5308532714844,17333240.0,BAJFINANCE,-0.0050924469656590254,False
2019-04-10,293.76501114146987,296.29185948615407,291.3162578033617,292.5211181640625,9948990.0,BAJFINANCE,-0.0034399624304161103,False
2019-04-11,293.4625630780065,298.0479277214473,291.9016157529866,297.3503723144531,10167120.0,BAJFINANCE,0.016509078663107246,False
2019-04-12,297.7552789502411,298.73088598510674,292.80894413791333,293.5406494140625,10481380.0,BAJFINANCE,-0.01281223517810759,False
2019-04-15,295.4723344642316,295.90160394458684,292.87236313384574,294.85284423828125,6516340.0,BAJFINANCE,0.004470232067817603,False
2019-04-16,294.4381717046122,298.2723297251992,294.4381717046122,295.8528137207031,10214780.0,BAJFINANCE,0.003391418810984037,False
2019-04-17,294.4381717046122,298.2723297251992,294.4381717046122,295.8528137207031,10214780.0,BAJFINANCE,0.0,False
2019-04-18,296.4577237281059,297.16992762707883,292.19432547898055,294.0918884277344,6588260.0,BAJFINANCE,-0.0059520315890290165,False
2019-04-19,296.4577237281059,297.16992762707883,292.19432547898055,294.0918884277344,6588260.0,BAJFINANCE,0.0,False
2019-04-22,293.6576932149107,293.6576932149107,290.2430688752024,291.82843017578125,6621570.0,BAJFINANCE,-0.007696432105128603,False
2019-04-23,291.9015821459954,298.38936175979376,291.4186317446066,296.1015625,9919680.0,BAJFINANCE,0.014642618341348168,False
2019-04-24,296.09671010426325,302.3405886460636,295.8040399277576,301.7601013183594,9905800.0,BAJFINANCE,0.019110128195825915,False
2019-04-25,302.41864897866367,303.84302676986454,299.7698797181093,300.5845031738281,12405640.0,BAJFINANCE,-0.003895803783850793,False
2019-04-26,301.3649434065968,302.925920287023,297.0722793152931,302.1307983398437,6138070.0,BAJFINANCE,0.005144294365439617,False
2019-04-29,301.3649434065968,302.925920287023,297.0722793152931,302.1307983398437,6138070.0,BAJFINANCE,0.0,False
2019-04-30,301.6576757647396,304.38936326943167,296.58450780098474,302.04302978515625,9009680.0,BAJFINANCE,-0.00029049853629525835,False
2019-05-01,301.6576757647396,304.38936326943167,296.58450780098474,302.04302978515625,9009680.0,BAJFINANCE,0.0,False
2019-05-02,301.950391965869,307.21378145643376,298.53576717788667,305.5357360839844,8958300.0,BAJFINANCE,0.01156360503108611,False
2019-05-03,305.37476352347585,308.7796225032878,302.66257719288853,303.5942687988281,7307280.0,BAJFINANCE,-0.006354305097137969,False
2019-05-06,299.12109901961986,301.8527865904008,295.2186711909834,296.0284118652344,9664870.0,BAJFINANCE,-0.02492094782792864,False
2019-05-07,297.8430619464974,299.4918401172754,293.4235635375243,294.3454895019531,9702640.0,BAJFINANCE,-0.005685002843738518,False
2019-05-08,293.8528523537214,294.3406558737155,282.92604159658754,285.00408935546875,11550230.0,BAJFINANCE,-0.031736175615568185,False
2019-05-09,282.92602798535825,291.88209303602537,281.4626174957788,289.8869934082031,17452340.0,BAJFINANCE,0.017132750845003653,False
2019-05-10,289.76502210938,292.2918404704996,282.9260080427289,285.1552734375,16300890.0,BAJFINANCE,-0.01632263633173836,False
2019-05-13,285.84310518916203,288.57970564119825,283.51141977980325,286.0333557128906,13562290.0,BAJFINANCE,0.0030793127716191027,False
2019-05-14,285.65286775578375,287.0187116159288,277.86263029445337,281.1553039550781,18617600.0,BAJFINANCE,-0.017054136031284806,False
2019-05-15,284.9748626813219,294.9504520321568,280.07729559236896,292.950439453125,24536700.0,BAJFINANCE,0.041952384792752984,False
2019-05-16,294.04795436569657,305.2674352671026,293.68210172760723,303.4186706542969,36446720.0,BAJFINANCE,0.03573379586224146,False
2019-05-17,306.04796128434526,323.5113225398297,304.5894036503535,322.0576477050781,58487160.0,BAJFINANCE,0.061429894905899785,False
2019-05-20,330.73070690479733,336.05262892604094,326.1453430118987,332.4429016113281,27248590.0,BAJFINANCE,0.032246568216135696,False
2019-05-21,333.4673444355676,340.29171065622387,329.2673634342103,334.95513916015625,28849970.0,BAJFINANCE,0.007556899355201985,False
2019-05-22,335.8039101494398,337.51607526610826,331.516098727489,336.4770812988281,15668120.0,BAJFINANCE,0.004543719324587414,False
2019-05-23,340.9747055779837,343.2185901574986,327.3796220593244,329.53570556640625,24062050.0,BAJFINANCE,-0.020629564740717643,False
2019-05-24,331.7063997680316,339.0234527040911,330.857626391155,338.3307800292969,15685230.0,BAJFINANCE,0.026689291370638024,False
2019-05-27,339.5112653575578,339.99418610061,335.6088370201146,336.48687744140625,9320000.0,BAJFINANCE,-0.0054499995174277505,False
2019-05-28,338.3405165662434,338.3551649632654,330.4137092021618,332.6625061035156,16277680.0,BAJFINANCE,-0.011365588361039625,False
2019-05-29,331.9990712698795,334.925892455708,330.194222023817,332.6088256835937,9212780.0,BAJFINANCE,-0.00016136600589800043,False
2019-05-30,332.5747057867368,340.457597750596,331.7112840091154,339.6722412109375,11751110.0,BAJFINANCE,0.02123640439434138,False
2019-05-31,341.2136562851126,344.4868284005225,336.4575722878775,338.252685546875,21728660.0,BAJFINANCE,-0.004179192444462854,False
2019-06-03,337.5600125128107,344.3794957237357,337.5600125128107,342.5404968261719,12411330.0,BAJFINANCE,0.012676355465927713,False
2019-06-04,342.8771005850368,346.3404936118903,342.3941500985713,344.50146484375,10514000.0,BAJFINANCE,0.005724777174516804,False
2019-06-05,342.8771005850368,346.3404936118903,342.3941500985713,344.50146484375,10514000.0,BAJFINANCE,0.0,False
2019-06-06,344.68196293621514,344.68196293621514,336.14054812180655,336.87225341796875,13149160.0,BAJFINANCE,-0.02214565743353658,False
2019-06-07,336.89175737017206,343.31612158222293,333.6527347559499,342.3844299316406,12850440.0,BAJFINANCE,0.016362809515311216,False
2019-06-10,346.0429036800757,347.0965460536225,342.0477921512284,343.3746032714844,9832740.0,BAJFINANCE,0.0028919928982793497,False
2019-06-11,345.07223388041024,347.7063551155276,342.5600337563416,346.52099609375,9031550.0,BAJFINANCE,0.009163149494134215,False
2019-06-12,345.3600576872799,345.3600576872799,339.70643077234047,342.0332336425781,12144700.0,BAJFINANCE,-0.012950910628104384,False
2019-06-13,341.9502648731108,346.43806317700546,341.46246135688665,345.8039245605469,8803180.0,BAJFINANCE,0.011024340757217477,False
2019-06-14,346.7258441498629,348.27220270429984,341.56002168180214,343.257568359375,8646410.0,BAJFINANCE,-0.007363583870275137,False
2019-06-17,344.29172750986186,344.3697927480854,337.1698078399529,338.1941833496094,9534600.0,BAJFINANCE,-0.014750978496895106,False
2019-06-18,338.9258595217446,344.3892645744418,338.4429388294609,342.3697509765625,10835270.0,BAJFINANCE,0.01234665713524885,False
2019-06-19,345.2673318304323,346.1453722278947,341.47223585731,343.95025634765625,8739410.0,BAJFINANCE,0.004616369777369567,False
2019-06-20,343.3160597221972,350.14530797379655,342.18435215343874,349.5160522460937,11070050.0,BAJFINANCE,0.016181979212748887,False
2019-06-21,350.935582147449,351.12094985746063,346.3404815595806,347.8868103027344,10582660.0,BAJFINANCE,-0.004661422366410095,False
2019-06-24,347.511234856425,349.2575499977242,344.6868334590061,345.8868408203125,5437030.0,BAJFINANCE,-0.005748908619678583,False
2019-06-25,345.8868287680064,349.85267357562446,344.42341827879426,349.2526550292969,8278690.0,BAJFINANCE,0.009730969241275478,False
2019-06-26,348.2770391428005,354.6331328297527,347.6087507516456,353.9453430175781,9788060.0,BAJFINANCE,0.013436370262919217,False
2019-06-27,354.6331635380047,356.97461450906974,353.1795185573798,355.3356018066406,11351420.0,BAJFINANCE,0.003927891174410725,False
2019-06-28,356.3355717591387,360.3160649676221,354.1160718024255,359.13067626953125,12000360.0,BAJFINANCE,0.010680253944708173,False
2019-07-01,359.8721401666593,362.5355579272073,359.5111703495529,360.87701416015625,9138840.0,BAJFINANCE,0.004862680929307084,False
2019-07-02,360.8770189978943,362.9257996278452,358.052647485258,362.0574951171875,7064780.0,BAJFINANCE,0.0032711447687476802,False
2019-07-03,362.3404209973973,363.930665114716,360.48677371775705,362.4770202636719,6050400.0,BAJFINANCE,0.0011587252084053201,False
2019-07-04,363.9013924518848,365.8428407555168,361.4770234715735,364.1452941894531,7436160.0,BAJFINANCE,0.004602426726438402,False
2019-07-05,364.29162701126046,367.0233443189292,361.60382511627176,362.8428649902344,7762800.0,BAJFINANCE,-0.0035766745307468373,False
2019-07-08,363.4087051016719,363.4087051016719,329.26734474171457,333.00390625,38571320.0,BAJFINANCE,-0.08223658674130874,False
2019-07-09,332.6819673814002,353.6575166444504,325.5015145759571,351.5209350585937,51961250.0,BAJFINANCE,0.055606040833323434,False
2019-07-10,351.2136479093108,351.2136479093108,332.877130458227,334.54052734375,29095840.0,BAJFINANCE,-0.04830553751233424,False
2019-07-11,338.1516654741904,344.5677536516576,329.01863736251664,337.2769775390625,27122410.0,BAJFINANCE,0.008179727033492457,False
2019-07-12,339.1290821722046,339.1290821722046,328.9649888445064,330.0888977050781,26966780.0,BAJFINANCE,-0.021312097512353523,False
2019-07-15,332.14120006361526,336.197059790789,327.75302629848073,333.4703369140625,16180730.0,BAJFINANCE,0.010244025874525331,False
2019-07-16,335.55206922352744,338.63061230409124,332.87912111436026,337.04736328125,16858560.0,BAJFINANCE,0.01072667032483099,False
2019-07-17,336.19707696346165,340.2773638598402,336.19707696346165,338.4742126464844,9155470.0,BAJFINANCE,0.004233379402062587,False
2019-07-18,338.1516911858666,344.01559334515906,336.5879779783188,338.8993530273437,13204640.0,BAJFINANCE,0.0012560495452083043,False
2019-07-19,339.71540239604394,342.1831219085007,318.9083146720596,324.772216796875,30339090.0,BAJFINANCE,-0.041685344348618036,False
2019-07-22,324.0783594935277,324.0783594935277,309.2866554962995,317.2957763671875,36920230.0,BAJFINANCE,-0.02302056654791862,False
2019-07-23,318.3121980351202,322.2556463695096,313.5379943579932,320.2570495605469,22236910.0,BAJFINANCE,0.009332847815574086,False
2019-07-24,319.9833794180217,321.9282308064396,306.38889565230187,310.1564636230469,27679890.0,BAJFINANCE,-0.03153899641353686,False
2019-07-25,312.63398772595644,316.9830310132569,292.8237506221124,297.7396545410156,102905770.0,BAJFINANCE,-0.04003401682165875,False
2019-07-26,297.7396481073383,320.36453297363613,292.60873333996545,319.054931640625,69450800.0,BAJFINANCE,0.07159031984660635,False
2019-07-29,319.8514107873833,322.51460554062925,310.7868017027882,317.88702392578125,34784730.0,BAJFINANCE,-0.003660522370985464,False
2019-07-30,318.6053467995864,322.4168771919351,315.8004517393881,317.6231384277344,22849050.0,BAJFINANCE,-0.0008301235287555553,False
2019-07-31,315.9714727631687,319.35301113486184,308.8419617870863,317.828369140625,24381300.0,BAJFINANCE,0.0006461453466726219,False
2019-08-01,315.7711632112501,318.7031145320132,310.2004437716599,314.9013366699219,18925160.0,BAJFINANCE,-0.009209475159871694,False
2019-08-02,311.66640092031537,321.29787117407795,304.9229192481662,316.44549560546875,33560190.0,BAJFINANCE,0.00490362775806652,False
2019-08-05,312.72193863334354,312.72193863334354,307.17075479834585,308.83709716796875,20133710.0,BAJFINANCE,-0.02404331407196214,False
2019-08-06,308.8371126224672,321.24416107471166,308.1627613988675,319.8026123046875,20051390.0,BAJFINANCE,0.035505822445788926,False
2019-08-07,320.07132495989066,324.95791007378216,317.85282605530944,319.17218017578125,23989100.0,BAJFINANCE,-0.0019713163828243285,False
2019-08-08,321.53730594771093,328.3785252231942,318.70309249865204,325.9059143066406,15877420.0,BAJFINANCE,0.02109749705363062,False
2019-08-09,328.3736590426919,337.13530339322966,326.4239161717462,334.213134765625,21017570.0,BAJFINANCE,0.025489627816843496,False
2019-08-12,328.3736590426919,337.13530339322966,326.4239161717462,334.213134765625,21017570.0,BAJFINANCE,0.0,False
2019-08-13,334.2131135474496,334.6333527218288,313.5281897856969,314.8768920898437,19006940.0,BAJFINANCE,-0.05785602259271261,False
2019-08-14,319.5777756191837,325.4367864083612,317.1393744153801,321.53240966796875,27702370.0,BAJFINANCE,0.021136887924522618,False
2019-08-15,319.5777756191837,325.4367864083612,317.1393744153801,321.53240966796875,27702370.0,BAJFINANCE,0.0,False
2019-08-16,320.6186201090996,328.2710290997081,317.95542525693844,326.1502380371094,17581540.0,BAJFINANCE,0.014361937491493393,False
2019-08-19,328.85742310869284,330.2354438057488,323.5896994220639,325.2560119628906,14328420.0,BAJFINANCE,-0.002741761219003047,False
2019-08-20,325.1533694797721,325.876574497088,316.18646833984525,321.93798828125,16887170.0,BAJFINANCE,-0.010201267800145075,False
2019-08-21,321.5275386154994,324.659856578681,317.256667721251,318.7470703125,15528010.0,BAJFINANCE,-0.009911591936650699,False
2019-08-22,318.5076283292748,318.5076283292748,302.81680987031154,304.3463134765625,25061940.0,BAJFINANCE,-0.045179260226043794,False
2019-08-23,304.7274882597312,312.74150115702133,292.99968196634285,310.23468017578125,31437870.0,BAJFINANCE,0.019347586740761313,False
2019-08-26,319.9736308123466,326.306656718434,311.0849300882066,324.8846435546875,29500170.0,BAJFINANCE,0.04722219762988922,False
2019-08-27,327.59669095592227,332.0923255786932,326.4336812666703,328.1586303710937,22259370.0,BAJFINANCE,0.010077382484392716,False
2019-08-28,327.28397704893825,328.6375708668313,322.1970245019569,325.08990478515625,12509150.0,BAJFINANCE,-0.009351348104016721,False
2019-08-29,324.8308534265108,325.4465679216616,320.16906197448816,322.4461975097656,15299260.0,BAJFINANCE,-0.008132234303423802,False
2019-08-30,323.5066286040175,327.10803966949686,318.6053691157164,325.69091796875,21189530.0,BAJFINANCE,0.010062827485773251,False
2019-09-02,323.5066286040175,327.10803966949686,318.6053691157164,325.69091796875,21189530.0,BAJFINANCE,0.0,False
2019-09-03,322.80781378447574,323.9806061895098,316.08389744837643,318.4587707519531,11997260.0,BAJFINANCE,-0.0222055538481144,False
2019-09-04,319.28945908710017,320.00777272826593,313.523265229192,317.6524353027344,18793490.0,BAJFINANCE,-0.0025319932225914554,False
2019-09-05,321.1464227052422,323.0033193324003,316.92440544272193,321.8012084960937,15012260.0,BAJFINANCE,0.013060731580431195,False
2019-09-06,325.44656609829,331.11499285694964,322.31913971915804,329.6490173339844,17008940.0,BAJFINANCE,0.02438713289663097,False
2019-09-09,329.74675438703383,337.1743696546405,327.61131909858227,335.93804931640625,18025510.0,BAJFINANCE,0.01907796368781578,False
2019-09-10,329.74675438703383,337.1743696546405,327.61131909858227,335.93804931640625,18025510.0,BAJFINANCE,0.0,False
2019-09-11,336.7199164627223,337.7607614546425,330.8511231006351,333.8905944824219,13011120.0,BAJFINANCE,-0.006094739307293984,False
2019-09-12,332.53211327075985,335.1219973870054,329.4144696170355,330.56280517578125,11640860.0,BAJFINANCE,-0.009966705746231597,False
2019-09-13,331.2127215755912,335.8061233535942,329.6001545089638,334.9607238769531,13283630.0,BAJFINANCE,0.013304336217842883,False
2019-09-16,331.79915509286536,337.1695077795288,330.55797311432764,334.13006591796875,11797670.0,BAJFINANCE,-0.002479866741897485,False
2019-09-17,334.72622050002127,335.6106912960033,327.7921543767005,329.1994934082031,13618720.0,BAJFINANCE,-0.01475644670353049,False
2019-09-18,332.9719890643743,338.5915630841038,331.16394624078174,333.6414489746094,18536680.0,BAJFINANCE,0.013493202922090441,False
2019-09-19,334.8287877898608,334.8678888183452,326.4531745014845,328.5788269042969,12376920.0,BAJFINANCE,-0.01517384031831659,False
2019-09-20,330.8511742472845,366.4939319709095,320.81902919198416,361.8223571777344,56480860.0,BAJFINANCE,0.10117368360780032,False
2019-09-23,373.33509108515847,397.76801589439657,367.8523570741322,393.2479248046875,40110020.0,BAJFINANCE,0.08685358160860202,False
2019-09-24,393.37007934609073,393.37007934609073,383.7923849964986,387.18853759765625,21896040.0,BAJFINANCE,-0.015408567534185291,False
2019-09-25,387.0175803890031,390.8193583105082,380.17636053364185,384.173583984375,24147290.0,BAJFINANCE,-0.007786784267911906,False
2019-09-26,386.5289057722451,392.3928082618367,385.5613714055746,391.0050048828125,23881650.0,BAJFINANCE,0.017782120331093276,False
2019-09-27,391.5132268294846,399.2340257691296,389.9495135419406,396.53662109375,20244780.0,BAJFINANCE,0.014147174951367525,False
2019-09-30,397.3673281549167,401.8483183920779,393.9565012599828,395.4273681640625,22563610.0,BAJFINANCE,-0.0027973530581560935,False
2019-10-01,398.74538964719954,399.6347518158961,385.67866437125815,390.18408203125,16155060.0,BAJFINANCE,-0.013259795742405656,False
2019-10-02,398.74538964719954,399.6347518158961,385.67866437125815,390.18408203125,16155060.0,BAJFINANCE,0.0,False
2019-10-03,389.4608445873225,391.4105873308293,384.2664020783796,386.9980163574219,12458400.0,BAJFINANCE,-0.008165544983900541,False
2019-10-04,388.8744419657157,391.3177345513578,380.4011199809046,381.5396728515625,14782660.0,BAJFINANCE,-0.014104319079553562,False
2019-10-07,379.1990185933563,386.8465365041482,373.28137096385575,381.2416076660156,14061520.0,BAJFINANCE,-0.0007812167560955485,False
2019-10-08,379.1990185933563,386.8465365041482,373.28137096385575,381.2416076660156,14061520.0,BAJFINANCE,0.0,False
2019-10-09,382.6196072645166,394.3474113186014,379.2038891058201,393.2626037597656,13566000.0,BAJFINANCE,0.03153117564303454,False
2019-10-10,392.2608432153994,392.3927905595747,384.18333340957497,385.9327392578125,11027880.0,BAJFINANCE,-0.01863860034459508,False
2019-10-11,388.8744785150686,392.3928261341437,383.59697199913177,388.3076477050781,16238660.0,BAJFINANCE,0.006153684841127438,False
2019-10-14,389.7540568852597,391.5425639232946,376.5651670769152,379.52154541015625,17683520.0,BAJFINANCE,-0.02262665272458131,False
2019-10-15,380.6650457804962,382.71741784605234,375.5829844586767,379.1453247070313,13948940.0,BAJFINANCE,-0.0009913026221431975,False
2019-10-16,382.1309648854869,394.0542447736904,381.153647839744,392.5296325683594,23817690.0,BAJFINANCE,0.035301260464362105,False
2019-10-17,392.8863195511301,402.3809504867803,391.02453188665686,401.3645324707031,21035930.0,BAJFINANCE,0.022507599858222482,False
2019-10-18,400.6999951026135,410.3754280436799,398.74536098016176,404.3796081542969,18362130.0,BAJFINANCE,0.007512063074018194,False
2019-10-21,400.6999951026135,410.3754280436799,398.74536098016176,404.3796081542969,18362130.0,BAJFINANCE,0.0,False
2019-10-22,407.0525277698495,412.4130971627284,390.9365800920524,394.2643432617188,50347550.0,BAJFINANCE,-0.02501428036578557,False
2019-10-23,399.7177640164871,401.6772893851785,387.7993759726317,394.6748046875,24422490.0,BAJFINANCE,0.001041081783824227,False
2019-10-24,396.98615511577,398.7453136871927,392.15331566312034,393.4824523925781,12675570.0,BAJFINANCE,-0.003021100614380434,False
2019-10-25,394.6210862575932,397.1670079680434,381.15365819440495,389.6807556152344,17580980.0,BAJFINANCE,-0.00966166789453371,False
2019-10-28,394.6210862575932,397.1670079680434,381.15365819440495,389.6807556152344,17580980.0,BAJFINANCE,0.0,False
2019-10-29,389.9495011660735,396.7907204847765,387.2569879335852,395.5446472167969,13355150.0,BAJFINANCE,0.015047937361711616,False
2019-10-30,398.25181746405065,398.25181746405065,389.460855129728,390.1449890136719,13385540.0,BAJFINANCE,-0.013651197762677536,False
2019-10-31,391.3372968249764,395.81339568262905,390.4381520375563,393.6193237304688,12512200.0,BAJFINANCE,0.008905239884229754,False
2019-11-01,393.76105543046384,401.67732994183297,392.9792136770192,397.7533874511719,18756120.0,BAJFINANCE,0.010502695044346533,False
2019-11-04,399.4294890400264,408.2741963852585,398.3690785697772,401.9704895019531,18631580.0,BAJFINANCE,0.010602303296031401,False
2019-11-05,407.7366479586813,415.8483668028401,404.12056327373534,413.1900634765625,29346520.0,BAJFINANCE,0.02791143695277376,False
2019-11-06,416.3370534104066,418.29168746397664,408.1911243432514,409.3150329589844,20766950.0,BAJFINANCE,-0.009378324553533046,False
2019-11-07,410.9325260945018,414.3042820513508,409.3199588294072,412.9995422363281,11416030.0,BAJFINANCE,0.009001646606302316,False
2019-11-08,412.4278101491113,414.3824443204341,405.391115202209,406.5101623535156,15096930.0,BAJFINANCE,-0.015712801635743956,False
2019-11-11,406.56389351901225,409.300369333712,404.89268971165455,407.4483642578125,7693020.0,BAJFINANCE,0.0023079420668479234,False
2019-11-12,406.56389351901225,409.300369333712,404.89268971165455,407.4483642578125,7693020.0,BAJFINANCE,0.0,False
2019-11-13,407.2382436750007,408.0298680989372,403.82741671692025,405.0539245605469,8990150.0,BAJFINANCE,-0.005876670290791863,False
2019-11-14,406.36840570454257,412.5255208366409,402.6937139840807,411.5042114257813,13836290.0,BAJFINANCE,0.01592451393288563,False
2019-11-15,412.44732475975206,415.09098404409775,408.0836077734332,409.2612915039063,11931710.0,BAJFINANCE,-0.005450539410286281,False
2019-11-18,410.3754012248835,411.406463499011,405.11256947535577,406.0654296875,9273640.0,BAJFINANCE,-0.007808854349900862,False
2019-11-19,407.0525798504224,408.7286751295878,403.2654760162798,404.1939392089844,8295350.0,BAJFINANCE,-0.004608839713235113,False
2019-11-20,404.6092600500502,408.7140036038861,403.3778310188295,404.4675598144531,8138790.0,BAJFINANCE,0.0006769537564175199,False
2019-11-21,404.6092755263767,406.5639097076635,401.87279960271536,403.0113525390625,7028530.0,BAJFINANCE,-0.003600306724372726,False
2019-11-22,403.63193530749135,404.9806375873543,394.93381966423993,398.5791931152344,12226150.0,BAJFINANCE,-0.010997604399738403,False
2019-11-25,400.6999958663446,405.5035175825232,397.0155212756263,404.7754211425781,13893040.0,BAJFINANCE,0.015545788978383435,False
2019-11-26,405.0979500833726,407.9272724354893,399.429522663734,400.5387573242188,15027270.0,BAJFINANCE,-0.010466702267643346,False
2019-11-27,402.7524115692462,403.133549756218,400.2113809631398,402.493408203125,4850640.0,BAJFINANCE,0.004880054284794211,False
2019-11-28,402.6545961763324,404.51638383214345,397.2793527807745,400.9002990722656,9697080.0,BAJFINANCE,-0.003958099930062464,False
2019-11-29,400.2113035107199,404.1205714326805,397.0203492532528,398.1784973144531,8319830.0,BAJFINANCE,-0.006789223565338065,False
2019-12-02,398.2566678138424,398.48632298708986,383.1180373961463,386.0841979980469,20654040.0,BAJFINANCE,-0.030374064390662037,False
2019-12-03,385.0580276382897,390.4381627886981,379.8342667954495,387.4622192382813,19843820.0,BAJFINANCE,0.00356922465975007,False
2019-12-04,386.82210246927633,391.3275498818985,384.57428503327577,390.0325927734375,14308300.0,BAJFINANCE,0.006633868820060229,False
2019-12-05,390.0325927734375,394.2497185137695,387.7994195849899,390.0325927734375,12553040.0,BAJFINANCE,0.0,False
2019-12-06,391.9041443096474,393.6437674978583,383.8314957829976,386.2015075683594,11713550.0,BAJFINANCE,-0.009822474521516522,False
2019-12-09,387.9557613756122,388.1365626408324,379.2234360648743,385.5368957519531,12689420.0,BAJFINANCE,-0.001720893894461617,False
2019-12-10,386.0402514981886,390.4381784139907,385.6004468764681,389.64166259765625,11594800.0,BAJFINANCE,0.010646884619686547,False
2019-12-11,391.0733876474368,396.3020395098621,389.3679742716633,394.5233154296875,13659810.0,BAJFINANCE,0.012528569967303671,False
2019-12-12,395.8133984140322,397.2793739637138,391.9090216387693,396.5121765136719,10870560.0,BAJFINANCE,0.005041175023631439,False
2019-12-13,397.768034183704,399.6493575503792,394.94357362972096,397.9586181640625,8616560.0,BAJFINANCE,0.0036479123115673584,False
2019-12-16,399.52231147497935,399.52231147497935,394.01022934314864,394.7823181152344,8260690.0,BAJFINANCE,-0.007981483259444477,False
2019-12-17,396.4926755432395,406.075262731934,395.5153584247511,404.1939392089844,13794840.0,BAJFINANCE,0.023840026925934454,False
2019-12-18,404.6532494470099,406.4515092326648,400.8026178996203,402.5910949707031,11097750.0,BAJFINANCE,-0.003965532589177534,False
2019-12-19,401.9754109406068,405.0979462975346,399.26336189729193,399.9035034179688,7361040.0,BAJFINANCE,-0.00667573522193754,False
2019-12-20,401.3841173384277,405.0979101332735,398.8430870878416,404.1792297363281,10542340.0,BAJFINANCE,0.010691895124235629,False
2019-12-23,404.4723702276197,408.9093974397536,403.63189198420594,406.5638427734375,11378790.0,BAJFINANCE,0.005899890102381011,False
2019-12-24,406.3684375764104,408.5869664779584,403.2068310793184,404.5604248046875,7519790.0,BAJFINANCE,-0.0049276835713756295,False
2019-12-25,406.3684375764104,408.5869664779584,403.2068310793184,404.5604248046875,7519790.0,BAJFINANCE,0.0,False
2019-12-26,405.5816731823955,410.1261913742149,403.94957045620254,409.21240234375,12650200.0,BAJFINANCE,0.011498844804971542,False
2019-12-27,410.2777101704224,416.33708817255786,409.6913437656716,415.6187744140625,11266480.0,BAJFINANCE,0.0156553712292693,False
2019-12-30,417.7883595984332,418.4431751369294,413.40510699995576,414.7049255371094,8319100.0,BAJFINANCE,-0.002198767075047181,False
2019-12-31,415.0665736298397,416.9625711411264,412.2909668908845,413.8693542480469,7796080.0,BAJFINANCE,-0.0020148574024779764,False
2020-01-01,414.1674156407626,415.5552189661532,412.5255301652141,413.53216552734375,4070420.0,BAJFINANCE,-0.0008147226105101879,False
2020-01-02,414.3824368020112,419.83099138585686,413.89377826804656,414.9737243652344,8638440.0,BAJFINANCE,0.0034859654412910945,False
2020-01-03,412.42781402387305,413.8742540613674,407.8344117479692,409.8330383300781,11768500.0,BAJFINANCE,-0.012387979607672017,False
2020-01-06,406.9548356412446,410.86410405244834,389.3435921858979,390.6043395996094,28667350.0,BAJFINANCE,-0.04691837146370326,False
2020-01-07,396.3020816358607,399.918166813973,390.555452350811,391.6744995117188,21490420.0,BAJFINANCE,0.002739754282316431,False
2020-01-08,386.0402531076321,396.824950846276,386.0402531076321,395.80853271484375,16305760.0,BAJFINANCE,0.010554767308769586,False
2020-01-09,401.27661754755394,405.39111411606655,398.7453698815148,403.0651245117188,14193880.0,BAJFINANCE,0.01833359111058619,False
2020-01-10,403.641763542318,409.095180087476,402.45918832278494,405.0832824707031,11066240.0,BAJFINANCE,0.005007026994531261,False
2020-01-13,407.3457297301602,408.7384244052783,405.1956501405984,407.0036926269531,6451520.0,BAJFINANCE,0.004740778598753659,False
2020-01-14,407.54121467097127,410.7077124063173,405.6305729387733,409.7890319824219,7034340.0,BAJFINANCE,0.00684352355009632,False
2020-01-15,409.4909325094532,412.4277748727234,407.5460812194492,411.18170166015625,6169760.0,BAJFINANCE,0.003398504032665617,False
2020-01-16,409.4958314517082,413.4002081752362,409.3003561175346,412.45220947265625,5787280.0,BAJFINANCE,0.003089893853180481,False
2020-01-17,412.1346225318176,414.57791521975736,410.66864691905374,413.5761413574219,6711290.0,BAJFINANCE,0.00272499906401924,False
2020-01-20,413.3073541094202,415.648047417029,403.1579373266379,405.8406677246094,8486390.0,BAJFINANCE,-0.018703868185972916,False
2020-01-21,405.581707084878,409.1146988741861,402.3663254593805,404.4724426269531,8979220.0,BAJFINANCE,-0.003371335616332738,False
2020-01-22,409.1049025031715,409.1537564230727,402.9819971769443,404.8242492675781,7979010.0,BAJFINANCE,0.0008697913715458583,False
2020-01-23,402.94781847620646,406.9401802056367,399.2340255178088,403.2214660644531,11545220.0,BAJFINANCE,-0.003959207498129946,False
2020-01-24,402.6546446304706,411.0253679661589,401.775065206785,409.9356689453125,8648920.0,BAJFINANCE,0.01665140238289342,False
2020-01-27,407.9321516119967,411.2550237872284,405.9775174118191,406.9890441894531,7821550.0,BAJFINANCE,-0.00718801748440312,False
2020-01-28,405.60121100113,415.2619688344947,405.60121100113,411.7436218261719,10527640.0,BAJFINANCE,0.011682323405505457,False
2020-01-29,414.8612808618983,434.319665773795,411.9488953106477,431.8763732910156,45814130.0,BAJFINANCE,0.04889632868033433,False
2020-01-30,436.2743395638736,438.32671140172766,424.6295981774319,426.5304870605469,35777740.0,BAJFINANCE,-0.012378278973058099,False
2020-01-31,427.0875932577674,431.98396170856535,423.5497099575283,426.6868896484375,17369270.0,BAJFINANCE,0.0003666856007609187,False
2020-02-03,415.3792980444682,427.76191867377,415.3792980444682,426.0467224121094,10941810.0,BAJFINANCE,-0.0015003208485162567,False
2020-02-04,428.8418629716012,444.6792731937314,427.7863438187472,441.6740112304688,19583230.0,BAJFINANCE,0.036679753642708146,False
2020-02-05,441.2586404130043,443.6970416383581,437.608375610805,442.5487060546875,12856310.0,BAJFINANCE,0.0019804081788328265,False
2020-02-06,442.5487164882544,457.17426265331824,442.23596787222766,456.0503540039063,18464770.0,BAJFINANCE,0.03050884064171311,False
2020-02-07,455.8157574848714,458.0587131525834,452.1166090120802,454.8726501464844,9503260.0,BAJFINANCE,-0.0025823987353200684,False
2020-02-10,455.4297097444906,462.6618493848058,453.47507579708935,461.4646301269531,11608790.0,BAJFINANCE,0.01449192423054213,False
2020-02-11,462.9551065957726,467.6462165875136,462.8573689239967,464.1620788574219,11674290.0,BAJFINANCE,0.005845407327808916,False
2020-02-12,466.1802481313927,467.3725761644912,461.4891380677578,466.0531921386719,8829640.0,BAJFINANCE,0.004074252006766921,False
2020-02-13,465.7892614815223,469.1707697567093,462.7595729900137,468.6576843261719,6810390.0,BAJFINANCE,0.0055884011341027495,False
2020-02-14,469.11222899872985,470.5782047143509,465.9848022085974,467.32861328125,7311180.0,BAJFINANCE,-0.0028359100669239634,False
2020-02-17,467.3285811054901,468.9167213547355,464.23050267531227,466.8301696777344,7164840.0,BAJFINANCE,-0.00106658053744213,False
2020-02-18,466.1216020561969,466.370822679127,459.49539356714666,465.0074462890625,7286110.0,BAJFINANCE,-0.0039044678494754015,False
2020-02-19,467.64618477247245,477.61483010841977,467.1673089863048,476.7401123046875,11720490.0,BAJFINANCE,0.025231135779128167,False
2020-02-20,475.7481937275357,481.1722916370372,474.3652816966009,476.9747314453125,16346430.0,BAJFINANCE,0.000492132158737002,False
2020-02-21,475.7481937275357,481.1722916370372,474.3652816966009,476.9747314453125,16346430.0,BAJFINANCE,0.0,False
2020-02-24,473.0214995531263,476.5398472504101,464.34291850827697,469.4982604980469,12633890.0,BAJFINANCE,-0.015674773639707706,False
2020-02-25,473.9889483210225,473.9889483210225,467.5484330598175,471.6482849121094,9593090.0,BAJFINANCE,0.004579408689995512,False
2020-02-26,470.578166588924,472.8015569457436,465.9114835706874,470.0895080566406,8513460.0,BAJFINANCE,-0.003304956055886432,False
2020-02-27,470.5781595050251,470.5781595050251,460.5215587109227,465.1833801269531,11748700.0,BAJFINANCE,-0.010436582492490687,False
2020-02-28,453.4750927260555,453.4750927260555,421.39464993657833,436.4551086425781,49414100.0,BAJFINANCE,-0.06175687419558018,False
2020-03-02,449.56583055888086,451.32012773823686,420.7985063742552,426.18353271484375,22382160.0,BAJFINANCE,-0.02353409485726965,False
2020-03-03,431.0079008879292,438.3497238711662,423.1762961991378,436.3073425292969,20235030.0,BAJFINANCE,0.023754577634577112,False
2020-03-04,437.4730160353986,440.4900581238514,413.8655323531598,419.8800659179688,24729910.0,BAJFINANCE,-0.037650699426918344,False
2020-03-05,422.19177923107856,427.82917076462417,418.5820908883294,424.219482421875,18332950.0,BAJFINANCE,0.01033489526210074,False
2020-03-06,404.0699029736197,415.13895744903294,395.4007608946779,413.9487915039063,33122380.0,BAJFINANCE,-0.024210794985966122,False
2020-03-09,398.6822823583871,404.314771605465,386.4524483161955,394.4505615234375,35456270.0,BAJFINANCE,-0.04710300013107971,False
2020-03-10,398.6822823583871,404.314771605465,386.4524483161955,394.4505615234375,35456270.0,BAJFINANCE,0.0,False
2020-03-11,393.19671643191054,403.4723561371624,390.3559887410569,394.8276977539063,27936830.0,BAJFINANCE,0.0009561051935438325,False
2020-03-12,378.1114695950336,379.0861303877788,355.39539212603734,365.8032531738281,52726190.0,BAJFINANCE,-0.07351167292769045,False
2020-03-13,336.9698106413081,396.0864679927716,321.39966111199794,387.1773376464844,48499170.0,BAJFINANCE,0.05843054780734658,False
2020-03-16,375.5107419366661,375.5107419366661,352.6428326096013,359.7201843261719,31404670.0,BAJFINANCE,-0.07091622016726218,False
2020-03-17,362.6441270321377,365.83751300998415,333.2474522317465,337.4448547363281,25585480.0,BAJFINANCE,-0.061924046968812485,False
2020-03-18,341.8675696550602,345.78582260239614,295.7203599168821,299.87860107421875,54435800.0,BAJFINANCE,-0.1113256081248084,False
2020-03-19,274.2777554281752,299.0656004004598,243.39212223589428,268.9978942871094,83247130.0,BAJFINANCE,-0.1029773604268166,False
2020-03-20,274.2630401002862,298.17908852408567,256.8072432925787,289.1573181152344,61101890.0,BAJFINANCE,0.07494268266133064,False
2020-03-23,260.2455114953476,264.48213543722795,217.95287086956748,221.98377990722656,48442350.0,BAJFINANCE,-0.2323079306650574,False
2020-03-24,242.1480660263192,251.61553957521423,206.16380444424988,242.3635711669922,62572210.0,BAJFINANCE,0.09180756931106826,False
2020-03-25,239.99303215794544,264.48211707202154,235.09521517513025,253.27590942382807,62263550.0,BAJFINANCE,0.04502466358410406,False
2020-03-26,258.34025844499416,287.6487777476392,251.2629071148657,273.6606140136719,50961240.0,BAJFINANCE,0.08048418278791902,False
2020-03-27,289.46099582641534,297.7872850464645,244.89085941321093,249.03440856933597,71706090.0,BAJFINANCE,-0.08998812464516948,False
2020-03-30,234.12053673634023,236.50577103571888,218.05080162242007,219.62789916992188,76983550.0,BAJFINANCE,-0.11808211390686907,False
2020-03-31,225.79912875341117,229.2178100187812,205.70829104249592,217.0516357421875,110431110.0,BAJFINANCE,-0.011730128264538786,False
2020-04-01,213.54480426315175,224.0163385701367,208.9065713341452,217.39938354492188,64083010.0,BAJFINANCE,0.0016021432022168547,False
2020-04-02,213.54480426315175,224.0163385701367,208.9065713341452,217.39938354492188,64083010.0,BAJFINANCE,0.0,False
2020-04-03,222.24334526823105,229.5802654458098,213.8435772957696,216.23861694335935,61726720.0,BAJFINANCE,-0.005339327934766991,False
2020-04-06,222.24334526823105,229.5802654458098,213.8435772957696,216.23861694335935,61726720.0,BAJFINANCE,0.0,False
2020-04-07,219.91199264197763,223.92820873136912,203.89612439283457,220.7299346923828,111614780.0,BAJFINANCE,0.02077019272741598,False
2020-04-08,213.9366404481387,232.5483450365612,210.03307970368888,228.5223388671875,91093390.0,BAJFINANCE,0.03530288805487336,False
2020-04-09,234.2136105271236,251.37064761158868,231.8724546428998,249.96987915039065,71932460.0,BAJFINANCE,0.09385314534028133,False
2020-04-10,234.2136105271236,251.37064761158868,231.8724546428998,249.96987915039065,71932460.0,BAJFINANCE,0.0,False
2020-04-13,246.84998748169536,246.84998748169536,221.9641794235925,224.0555419921875,81831990.0,BAJFINANCE,-0.10366983912734618,False
2020-04-14,246.84998748169536,246.84998748169536,221.9641794235925,224.0555419921875,81831990.0,BAJFINANCE,0.0,False
2020-04-15,229.70759644335163,231.96059504817748,212.40850478278048,213.7847900390625,93336280.0,BAJFINANCE,-0.04584020489653018,False
2020-04-16,210.1163482666016,220.4017639160156,207.86334946829203,217.46307373046875,72467400.0,BAJFINANCE,0.01720554437354571,False
2020-04-17,230.68716752479656,232.73445132660203,218.95200284817173,226.0979156494141,101915460.0,BAJFINANCE,0.03970716393739404,False
2020-04-20,227.7484834254149,229.756591322427,221.87110320798485,226.1077117919922,54031770.0,BAJFINANCE,4.332699198017487e-05,False
2020-04-21,216.48350270425195,216.48350270425195,204.2389606960929,205.68382263183597,73839850.0,BAJFINANCE,-0.09032814050564175,False
2020-04-22,201.7851462617652,212.56524564537628,198.10199346927283,210.4346923828125,90627230.0,BAJFINANCE,0.023097926177112926,False
2020-04-23,211.58568521934671,217.374908249422,206.88377811397112,212.80523681640625,71440060.0,BAJFINANCE,0.011264988708617363,False
2020-04-24,207.03072547093083,207.03072547093083,192.97888764818208,193.58621215820312,104944510.0,BAJFINANCE,-0.09031274298378278,False
2020-04-27,195.91265557201663,204.2389434338274,187.6500417147788,200.2276306152344,144952470.0,BAJFINANCE,0.03430729070520666,False
2020-04-28,203.84716072581816,219.82383826666612,199.3411628593085,218.25653076171875,147563440.0,BAJFINANCE,0.09004201913136267,False
2020-04-29,215.50885259613293,232.64630965484088,215.50885259613293,224.95184326171875,150601540.0,BAJFINANCE,0.030676344376194598,False
2020-04-30,231.67162776237484,236.9514734589037,224.43265542599184,227.07257080078125,88833050.0,BAJFINANCE,0.009427473490826843,False
2020-05-01,231.67162776237484,236.9514734589037,224.43265542599184,227.07257080078125,88833050.0,BAJFINANCE,0.0,False
2020-05-04,215.503938090543,215.7194432243896,198.7093201846588,203.7148895263672,73127450.0,BAJFINANCE,-0.10286438908954165,False
2020-05-05,208.6469936104893,209.13677528563124,195.61879806232213,196.1428680419922,115212090.0,BAJFINANCE,-0.037169700761587876,False
2020-05-06,196.89222908359608,208.8331084528645,191.2450470910913,206.32052612304688,131496960.0,BAJFINANCE,0.051889004084898716,False
2020-05-07,205.60546799370124,212.5505690463845,200.6488794856147,201.84393310546875,77702040.0,BAJFINANCE,-0.021697274147645107,False
2020-05-08,208.64700554499808,208.64700554499808,197.3820263723808,198.2783203125,69663750.0,BAJFINANCE,-0.017665196759248714,False
2020-05-11,202.76964427534745,204.99325760303063,195.45230374269823,197.38694763183597,76549900.0,BAJFINANCE,-0.004495563000832203,False
2020-05-12,194.9037126497489,203.74916812801192,193.66946826218316,202.7402191162109,103365270.0,BAJFINANCE,0.0271206964219326,False
2020-05-13,217.46305216598836,219.41727616256415,210.1163274306509,211.6885223388672,94411850.0,BAJFINANCE,0.04413679368437062,False
2020-05-14,211.4877340969917,221.27848053723804,205.394848495162,206.8837890625,143075310.0,BAJFINANCE,-0.022697183688947797,False
2020-05-15,207.6625249160148,209.29350624297527,201.3982281355404,204.3809967041016,80267260.0,BAJFINANCE,-0.012097575985725584,False
2020-05-18,204.72873578815708,205.0666863324629,188.66390316920615,189.8981475830078,108205710.0,BAJFINANCE,-0.0708620143489257,False
2020-05-19,191.99442997303203,196.26042447427616,188.29168144787968,192.47930908203125,94135140.0,BAJFINANCE,0.01359234690741351,False
2020-05-20,192.97400373805976,201.7900749748239,189.54553159042925,200.105224609375,163185080.0,BAJFINANCE,0.03961940409965692,False
2020-05-21,201.6920990739394,203.50919995168803,193.41479129258911,194.9527130126953,98795420.0,BAJFINANCE,-0.02574901083536374,False
2020-05-22,193.46376808443867,196.59836791970773,182.7130539804597,185.6566467285156,161950940.0,BAJFINANCE,-0.04768369796205074,False
2020-05-25,193.46376808443867,196.59836791970773,182.7130539804597,185.6566467285156,161950940.0,BAJFINANCE,0.0,False
2020-05-26,187.8802631213016,189.4230724870092,178.43236994255628,179.16213989257812,98692950.0,BAJFINANCE,-0.03498127834568909,False
2020-05-27,179.26008991295134,190.6230305528803,174.6561452379104,189.6875457763672,173352460.0,BAJFINANCE,0.05874793575305515,False
2020-05-28,191.40666550491216,194.24740808261492,188.7618475474958,190.78955078125,90517750.0,BAJFINANCE,0.005809580172343232,False
2020-05-29,187.4884258263882,193.95355014327788,185.2354419994564,191.37240600585935,103618470.0,BAJFINANCE,0.003054964080698719,False
2020-06-01,195.62370754598948,218.0899913838169,195.62370754598948,211.66896057128903,189159830.0,BAJFINANCE,0.10605789512208075,False
2020-06-02,212.09994943403825,232.6462967811772,211.6689541133348,229.8251495361328,234424700.0,BAJFINANCE,0.08577634111227606,False
2020-06-03,236.7604514288452,244.582265136072,234.89928709982772,236.2608795166016,187051760.0,BAJFINANCE,0.028002722911127487,False
2020-06-04,236.46658944655803,240.35056953391856,223.02697893333868,226.5778961181641,163153500.0,BAJFINANCE,-0.04098428575331314,False
2020-06-05,229.60964709227477,235.9768089735113,222.85066584328084,234.14993286132807,158500390.0,BAJFINANCE,0.03341913254951856,False
2020-06-08,245.3806207084752,249.56336042426085,242.4957994501606,245.6010284423828,149925030.0,BAJFINANCE,0.04890497059350629,False
2020-06-09,248.31932850088396,248.31932850088396,236.5939530954411,239.3661193847656,123730770.0,BAJFINANCE,-0.025386331226540104,False
2020-06-10,239.0134642453244,241.95215437948823,235.19317304969184,238.5873565673828,89614430.0,BAJFINANCE,-0.0032534379526409918,False
2020-06-11,236.0747730900173,240.8746276429427,227.2684929784957,229.11007690429688,100427670.0,BAJFINANCE,-0.03972247230296688,False
2020-06-12,215.50392989408,241.9521394719898,215.40596758352996,240.00770568847656,168024570.0,BAJFINANCE,0.04756503481395025,False
2020-06-15,237.05433910864505,238.02899989344343,228.33623096318192,230.33453369140625,120703460.0,BAJFINANCE,-0.04030358929236144,False
2020-06-16,240.1889151424646,240.5219630729978,223.83021122809444,231.66671752929688,129143510.0,BAJFINANCE,0.005783691296917803,False
2020-06-17,229.903515021139,237.5441121327367,228.4390725974067,234.7033843994141,96502790.0,BAJFINANCE,0.013107911669414385,False
2020-06-18,232.64630499238072,248.9756249007381,232.45039530388263,247.4328155517578,127382680.0,BAJFINANCE,0.054236248807903786,False
2020-06-19,250.96410272004795,265.9073141610165,250.76817812333056,264.34490966796875,186038260.0,BAJFINANCE,0.0683502472317512,False
2020-06-22,268.4003532788695,280.50774172734043,267.22486532154784,278.2253723144531,139393260.0,BAJFINANCE,0.0525089083951682,False
2020-06-23,284.0684715258324,304.57072545629575,277.5102876624298,296.36688232421875,161869530.0,BAJFINANCE,0.06520436960458764,False
2020-06-24,306.1135720411173,306.1135720411173,285.15092060652233,287.447998046875,201088070.0,BAJFINANCE,-0.030094065191760166,False
2020-06-25,281.92324378701034,298.3750246299065,279.2735378810655,294.3930969238281,159821300.0,BAJFINANCE,0.024161235855330476,False
2020-06-26,298.03218603288207,299.62887927353574,281.335513517426,284.416259765625,125724990.0,BAJFINANCE,-0.03388950781269351,False
2020-06-29,277.608272138805,283.5297462703188,271.3390721191646,279.954345703125,116139990.0,BAJFINANCE,-0.01568797109622655,False
2020-06-30,285.05293662422986,287.66348133852074,275.8450470556982,277.3143920898437,97030570.0,BAJFINANCE,-0.009429943323976175,False
2020-07-01,277.3143986646453,290.80297563609514,274.86549021634204,289.3532409667969,127048960.0,BAJFINANCE,0.04341227581528795,False
2020-07-02,291.90988972387623,295.43632390066324,286.5222910880329,290.3670654296875,116197340.0,BAJFINANCE,0.003503760522962196,False
2020-07-03,291.9098849159879,292.83557947725456,286.1304669987806,287.15899658203125,85435970.0,BAJFINANCE,-0.01104832203648487,False
2020-07-06,290.9303276870056,307.0588353635977,289.46098259767723,304.52667236328125,114375830.0,BAJFINANCE,0.06048104356113626,False
2020-07-07,308.5624386020337,334.97635932239706,306.14291606231893,328.3447265625,228764010.0,BAJFINANCE,0.07821335981632926,False
2020-07-08,328.3447087262084,333.913523376482,311.5109167706521,314.248779296875,191261830.0,BAJFINANCE,-0.04293032939251984,False
2020-07-09,316.8886990475583,331.0825604218486,312.9802513981501,326.1945495605469,187577860.0,BAJFINANCE,0.03801373641100625,False
2020-07-10,320.8070295356078,332.56179092317205,320.5180451648457,324.6420288085937,161504130.0,BAJFINANCE,-0.004759493235079404,False
2020-07-13,329.1332809454204,330.89648299292486,315.0471553886012,316.8495483398437,131364670.0,BAJFINANCE,-0.02400330141278284,False
2020-07-14,315.3998107504232,315.3998107504232,305.8539410191075,312.5737609863281,124044220.0,BAJFINANCE,-0.013494692909991057,False
2020-07-15,316.3989380454136,323.03057065997984,305.8441497287156,308.48895263671875,109802620.0,BAJFINANCE,-0.013068302140012422,False
2020-07-16,311.5011833083861,314.9296554517174,303.8899859119963,313.9305114746094,99999250.0,BAJFINANCE,0.017639396131953866,False
2020-07-17,314.4398516320475,325.5089061026551,313.9500699316861,323.3832702636719,84256260.0,BAJFINANCE,0.030110990947202154,False
2020-07-20,327.6590465405997,338.3362813559344,324.8721875412421,337.1167297363281,105554950.0,BAJFINANCE,0.04246805798413322,False
2020-07-21,342.84716879698203,344.7573292664112,315.28714467635353,322.5163269042969,259600480.0,BAJFINANCE,-0.04330963593367432,False
2020-07-22,325.2150334492557,327.17416015678134,312.83333830862114,318.6519470214844,170696590.0,BAJFINANCE,-0.011981966680276623,False
2020-07-23,318.6519506369832,325.2150371392209,315.03248672312725,323.0404052734375,87180350.0,BAJFINANCE,0.01377194865110054,False
2020-07-24,317.8682776818559,322.2763123492468,315.41936953330537,318.5392761230469,66376830.0,BAJFINANCE,-0.013933641355423187,False
2020-07-27,319.6315031170836,321.296772738226,308.77795455716944,310.6342163085937,70898670.0,BAJFINANCE,-0.02481659376723011,False
2020-07-28,311.011384179825,319.3376732051116,309.65958188445984,317.33935546875,82116970.0,BAJFINANCE,0.02158532063800478,False
2020-07-29,317.8682694764738,326.0965946644196,317.33929695975013,321.7130432128906,80700220.0,BAJFINANCE,0.01378236789345011,False
2020-07-30,322.8053238170731,325.6068607278709,313.95496511339513,315.2528686523437,65082780.0,BAJFINANCE,-0.020080549100621847,False
2020-07-31,316.9867427295924,320.6111096077676,311.6236267887884,318.4854736328125,72353970.0,BAJFINANCE,0.010254006551273287,False
2020-08-03,317.77034979781394,317.77034979781394,310.4236245563699,310.96240234375,44639200.0,BAJFINANCE,-0.02362139535989005,False
2020-08-04,313.6562215151206,319.3376774383645,307.862095469834,316.9475402832031,66791450.0,BAJFINANCE,0.01924714336634481,False
2020-08-05,318.94582640877,326.1945890761261,318.15728510220623,319.5482482910156,69853800.0,BAJFINANCE,0.008205484117304263,False
2020-08-06,322.47227822717906,330.9748812325341,318.8478817459318,327.6835327148437,81729060.0,BAJFINANCE,0.02545870449090737,False
2020-08-07,326.4884564534023,341.0300757516508,324.2354726793541,339.3501281738281,101512670.0,BAJFINANCE,0.035603239999054015,False
2020-08-10,342.25941004476726,348.41596895461106,334.3445517571264,337.2587585449219,71292450.0,BAJFINANCE,-0.006162866771734277,False
2020-08-11,339.15423122540614,342.3132991307372,333.5119367335271,338.6742248535156,55718180.0,BAJFINANCE,0.004196974200761039,False
2020-08-12,335.50045723914513,337.9493656861462,329.32921991026325,334.8392639160156,56625270.0,BAJFINANCE,-0.011323450844712868,False
2020-08-13,337.9493885552187,340.104440091973,333.1495336530703,334.9764099121094,46633590.0,BAJFINANCE,0.00040958755699604943,False
2020-08-14,335.50042060042426,337.8317859703941,323.86320414810695,326.30230712890625,55313350.0,BAJFINANCE,-0.025894667584141273,False
2020-08-17,328.1537307620838,333.0025814279201,324.4705629044966,331.5626220703125,46705720.0,BAJFINANCE,0.016120986050301322,False
2020-08-18,332.9536010457505,336.76901970524057,329.77982512559925,335.0008850097656,47062980.0,BAJFINANCE,0.010369874981637661,False
2020-08-19,337.655482864126,339.4186848538589,333.149485686709,334.02618408203125,41988490.0,BAJFINANCE,-0.0029095473216614876,False
2020-08-20,330.89648703657707,334.47191717232727,328.45248126604776,332.4442138671875,36774590.0,BAJFINANCE,-0.004736066482905588,False
2020-08-21,335.99021732103324,336.969780636838,331.09240074200943,332.0033874511719,26273800.0,BAJFINANCE,-0.0013260162085171334,False
2020-08-24,333.3454096190201,344.3165315432507,333.15441747735895,342.06842041015625,62055750.0,BAJFINANCE,0.03031605501454293,False
2020-08-25,345.2960636019521,358.5201681654311,343.8267186504544,356.8451232910156,98540590.0,BAJFINANCE,0.04319809137347841,False
2020-08-26,359.00993299869793,363.12411062772935,355.6794239100954,357.10467529296875,66650850.0,BAJFINANCE,0.000727351965915668,False
2020-08-27,358.22142505398085,359.3430143235468,352.2901761674278,355.8263854980469,46110620.0,BAJFINANCE,-0.0035795941172519496,False
2020-08-28,357.5406462513916,361.2629752685024,354.3129716476679,359.578125,42513280.0,BAJFINANCE,0.010543736088322486,False
2020-08-31,363.9077473244621,367.3215109011669,339.4186660778629,341.6520690917969,85297660.0,BAJFINANCE,-0.04985302125429103,False
2020-09-01,344.5124137093606,359.891539098308,342.8667246978651,356.93817138671875,60651820.0,BAJFINANCE,0.04474172316753844,False
2020-09-02,356.8255246303188,360.4793066250344,350.0420605053291,359.36749267578125,42810110.0,BAJFINANCE,0.006806000265044521,False
2020-09-03,359.30381802082366,360.1609359358484,353.1325809902055,354.5725402832031,32213660.0,BAJFINANCE,-0.0133427549522519,False
2020-09-04,346.9123614634566,357.52104949981856,344.8797854073011,352.329345703125,49146490.0,BAJFINANCE,-0.006326475756657457,False
2020-09-07,353.3285355551274,355.48355713060886,340.6529825804366,343.3516845703125,46651680.0,BAJFINANCE,-0.025480878167829735,False
2020-09-08,344.80629464285715,350.1840877972331,340.3982596261161,342.84716796875,44487030.0,BAJFINANCE,-0.0014693872907420857,False
2020-09-09,340.594200043415,342.2055710457783,332.3119749040208,335.28985595703125,45632470.0,BAJFINANCE,-0.02204280133475567,False
2020-09-10,338.58608980875204,345.14427407369107,334.814764666708,342.7198486328125,47622820.0,BAJFINANCE,0.022159908937815942,False
2020-09-11,341.8675845015063,348.4992171410643,338.6056519345066,347.1964111328125,46083840.0,BAJFINANCE,0.013061871140110481,False
2020-09-14,348.4306553057348,350.1987597737168,335.0106270033064,337.038330078125,45315090.0,BAJFINANCE,-0.029257448317349555,False
2020-09-15,340.39824011012524,345.21770460543166,338.4391135483404,344.1597595214844,38936370.0,BAJFINANCE,0.021129434867863894,False
2020-09-16,344.60552119365707,349.4494395117119,341.0497012507059,344.9532470703125,39077180.0,BAJFINANCE,0.00230557910062279,False
2020-09-17,341.7500797402666,344.5124556701901,338.55669352791944,340.0995178222656,27811560.0,BAJFINANCE,-0.014070687228688539,False
2020-09-18,342.0048020816194,343.21945121061594,335.8923057399845,340.37872314453125,37690870.0,BAJFINANCE,0.0008209518321384834,False
2020-09-21,339.20324476043464,339.614674580328,324.6518183272667,326.2093505859375,36274190.0,BAJFINANCE,-0.041628255807802605,False
2020-09-22,326.0966449501902,328.5259729072604,315.1304256784779,323.5497741699219,42249680.0,BAJFINANCE,-0.008152974190465345,False
2020-09-23,326.1945738856806,327.5659565058196,313.47983168533,317.7556457519531,42443280.0,BAJFINANCE,-0.017907997101323292,False
2020-09-24,312.57866437013126,312.9460006186326,294.544899889774,296.699951171875,59637770.0,BAJFINANCE,-0.0662637937722581,False
2020-09-25,301.70555598927484,310.2424482476118,296.69019568572475,307.4800720214844,62325930.0,BAJFINANCE,0.03633340958443432,False
2020-09-28,311.3052317786108,328.15373395726084,309.811403595347,326.6990966796875,55886950.0,BAJFINANCE,0.06250494391994366,False
2020-09-29,328.93732728388204,330.30873974854785,318.7988715648464,322.7416076660156,46434460.0,BAJFINANCE,-0.012113559706447563,False
2020-09-30,322.6583674702123,327.55128133632803,319.33763355746026,321.1596069335937,36035360.0,BAJFINANCE,-0.004901756373659305,False
2020-10-01,325.7047946848994,338.9288991307525,324.7301339920993,337.2440490722656,53821060.0,BAJFINANCE,0.050082394521044904,False
2020-10-02,325.7047946848994,338.9288991307525,324.7301339920993,337.2440490722656,53821060.0,BAJFINANCE,0.0,False
2020-10-05,339.41870212655977,344.7083382588428,330.13733336957125,331.3764953613281,42071900.0,BAJFINANCE,-0.017398538912928863,False
2020-10-06,336.960011356978,340.8880702381272,332.1895422835091,340.3297119140625,47587570.0,BAJFINANCE,0.027018260733827626,False
2020-10-07,333.0515545216752,333.0515545216752,321.8159611777908,326.3072509765625,65710800.0,BAJFINANCE,-0.041202576344673836,False
2020-10-08,328.54553402535385,331.87604335967467,323.4518226593044,325.8468322753906,44618100.0,BAJFINANCE,-0.0014109974565197358,False
2020-10-09,325.694984218499,334.8588094314272,323.74566286442496,325.0093078613281,56840990.0,BAJFINANCE,-0.0025703009239466112,False
2020-10-12,328.1537218429895,331.0336404799296,323.7456867734568,325.9203186035156,32046520.0,BAJFINANCE,0.002803029698386972,False
2020-10-13,325.21014831168503,327.1741777244626,317.7360747381287,320.5719299316406,37776570.0,BAJFINANCE,-0.01641011120384106,False
2020-10-14,320.12130379397354,331.322608763596,316.66344622411486,330.31365966796875,53044470.0,BAJFINANCE,0.030388592470979914,False
2020-10-15,329.9364890529466,330.1128032570056,313.55819091221406,314.90509033203125,52680190.0,BAJFINANCE,-0.046648295899800796,False
2020-10-16,317.0209706031664,320.2633226573506,310.53136389539094,316.5311889648437,50762360.0,BAJFINANCE,0.005163773729722543,False
2020-10-19,318.85767495171524,322.7367374392376,313.12722338752707,320.0429382324219,42066370.0,BAJFINANCE,0.011094481018008695,False
2020-10-20,318.8478640969341,322.22736954492257,316.0854883302217,319.5482482910156,32520900.0,BAJFINANCE,-0.0015456986619932778,False
2020-10-21,320.31723611383427,322.7661446468146,303.7969087163975,316.6781616210937,75364600.0,BAJFINANCE,-0.008981700526513703,False
2020-10-22,309.541994274818,327.6639148257171,308.5624310017964,324.6713562011719,70857690.0,BAJFINANCE,0.02524075085935995,False
2020-10-23,326.33172514779864,328.81979435310046,323.5497391285291,324.9113464355469,32047770.0,BAJFINANCE,0.0007391789567856577,False
2020-10-26,326.1946264272079,326.1946264272079,317.0504100596692,322.6584167480469,35462450.0,BAJFINANCE,-0.006933982799356975,False
2020-10-27,325.8027809241876,339.4187057083091,321.1008588395065,338.2677307128906,60209460.0,BAJFINANCE,0.048377209936638854,False
2020-10-28,337.8464511826179,341.8577638258068,327.94798382477086,330.191162109375,46491050.0,BAJFINANCE,-0.023876260932411353,False
2020-10-29,329.8973494536087,336.18615942137075,326.5619373856285,331.0973205566406,37803490.0,BAJFINANCE,0.0027443449469597425,False
2020-10-30,329.61817044192185,332.1699437751197,318.6372734666025,324.13751220703125,42876230.0,BAJFINANCE,-0.02102043090505401,False
2020-11-02,325.75868625588544,337.69466341497304,320.7727123369942,334.9910888671875,42885510.0,BAJFINANCE,0.0334844818986082,False
2020-11-03,335.9901915024435,344.8062606672306,334.6041011467995,341.9459228515625,44460450.0,BAJFINANCE,0.0207612507183208,False
2020-11-04,339.81051879641785,349.6992119714348,339.12484239046194,348.8665771484375,43711430.0,BAJFINANCE,0.020239031479486913,False
2020-11-05,353.62234846437025,367.3362345544012,351.43303885549767,366.0530090332031,63321410.0,BAJFINANCE,0.04926362400561257,False
2020-11-06,365.7787478693844,374.9082853101408,362.840057869528,370.3484191894531,57440500.0,BAJFINANCE,0.01173439379065555,False
2020-11-09,373.21359841172784,379.9431931591204,370.8675551887645,378.6011962890625,41498980.0,BAJFINANCE,0.02228381889052322,False
2020-11-10,381.92681883966975,415.721752401913,380.3448336896879,412.2541198730469,114214480.0,BAJFINANCE,0.08888752574962888,False
2020-11-11,412.49416102048633,433.9025003743453,404.946608149299,418.1560363769531,138966540.0,BAJFINANCE,0.014316209879779329,False
2020-11-12,417.2939704866333,423.661132008143,411.4214932202034,421.0456848144531,55900380.0,BAJFINANCE,0.006910454916630782,False
2020-11-13,417.2939911674381,431.98744156065777,416.3144278078901,428.6618347167969,60884590.0,BAJFINANCE,0.018088654454919917,False
2020-11-16,417.2939911674381,431.98744156065777,416.3144278078901,428.6618347167969,60884590.0,BAJFINANCE,0.0,False
2020-11-17,430.8804977547359,441.19039535931006,425.6202476928561,439.62799072265625,58515230.0,BAJFINANCE,0.02558230082018942,False
2020-11-18,438.3546230122507,458.23974814329006,437.2770972897529,455.86431884765625,75130190.0,BAJFINANCE,0.03693197081994448,False
2020-11-19,453.4301028500832,468.7210727121638,442.03287347002,444.3838195800781,83510050.0,BAJFINANCE,-0.025184026897737466,False
2020-11-20,447.8514862169452,466.48277092290937,442.2973487049401,461.9473876953125,87364100.0,BAJFINANCE,0.03952341948865534,False
2020-11-23,467.1537094569204,476.9787276904369,463.6811744650236,471.31195068359375,73250390.0,BAJFINANCE,0.020271925413414937,False
2020-11-24,473.6188769297857,476.2637099167368,467.2517151923636,471.233642578125,42973850.0,BAJFINANCE,-0.0001661492040572199,False
2020-11-25,472.345447511184,472.6393045512724,457.9458546688494,459.3907165527344,47633210.0,BAJFINANCE,-0.025131749848329665,False
2020-11-26,455.9867616850754,475.4800673229072,454.5174165883458,472.2720031738281,62732080.0,BAJFINANCE,0.028039936718257774,False
2020-11-27,475.9698470335248,485.86344328895535,468.73579169869913,480.84808349609375,123647070.0,BAJFINANCE,0.018159196955634505,False
2020-11-30,475.9698470335248,485.86344328895535,468.73579169869913,480.84808349609375,123647070.0,BAJFINANCE,0.0,False
2020-12-01,485.0013815868161,485.11892440107033,472.6637804934026,476.1755065917969,40174270.0,BAJFINANCE,-0.009717366180029385,False
2020-12-02,476.4596452279412,478.418772083232,468.72110012832326,472.5316162109375,36549700.0,BAJFINANCE,-0.007652410362180007,False
2020-12-03,476.5575581548447,479.00646647013167,471.85566614705385,476.7975463867188,28768440.0,BAJFINANCE,0.009027819577424934,False
2020-12-04,477.0473411645936,485.6674865011781,471.6597428557532,477.5714111328125,36793780.0,BAJFINANCE,0.001623046829746011,False
2020-12-07,477.04731723734295,482.4300126765352,471.6597191987282,473.0751953125,31151240.0,BAJFINANCE,-0.009414750790143311,False
2020-12-08,475.0881944418352,476.5575393730986,467.7414697855182,469.4214172363281,29710760.0,BAJFINANCE,-0.007723461539255516,False
2020-12-09,472.1495438475312,475.3674131018931,469.3283965618495,474.5151977539063,19659920.0,BAJFINANCE,0.010851188996802374,False
2020-12-10,475.0882090246564,476.067772342233,468.7210474604084,469.6810302734375,19259630.0,BAJFINANCE,-0.01018759252253898,False
2020-12-11,470.6801960934779,478.9085223669041,470.6801960934779,474.4858093261719,26700190.0,BAJFINANCE,0.010229876752606115,False
2020-12-14,475.822896669029,481.42600021979655,474.89229953012926,479.8537902832031,17863480.0,BAJFINANCE,0.011313259219816185,False
2020-12-15,479.0015612289549,504.47511016711655,476.9346969713229,501.78131103515625,59367960.0,BAJFINANCE,0.04569625414235401,False
2020-12-16,509.2749907950132,511.82183149594965,501.53641670033727,504.14202880859375,32691840.0,BAJFINANCE,0.004704674569420364,False
2020-12-17,503.48089706076144,519.4771846717476,499.7340848636511,517.8657836914062,37331520.0,BAJFINANCE,0.02722200113972839,False
2020-12-18,514.2707341742027,517.6943031358243,505.9444460970967,514.515625,32550430.0,BAJFINANCE,-0.006469164012972484,False
2020-12-21,512.1157274583896,512.7720181879816,480.4954224790369,493.8811645507813,35515700.0,BAJFINANCE,-0.04010463326399216,False
2020-12-22,496.6386340445941,502.0262326387663,472.7715818384602,490.8984069824219,54735210.0,BAJFINANCE,-0.006039423615339601,False
2020-12-23,489.7817179748644,506.042447096507,486.8773159745419,498.4900512695313,34314570.0,BAJFINANCE,0.015464797153805554,False
2020-12-24,503.3926733762682,511.2291793433498,500.1649993277614,507.8937377929688,26255590.0,BAJFINANCE,0.01886434142364246,False
2020-12-25,503.3926733762682,511.2291793433498,500.1649993277614,507.8937377929688,26255590.0,BAJFINANCE,0.0,False
2020-12-28,507.8937912433674,513.761366137672,506.9240330939317,509.7745361328125,19326060.0,BAJFINANCE,0.0037031335491881645,False
2020-12-29,511.8218783313043,513.9769297765761,506.1893887611512,509.42193603515625,19695290.0,BAJFINANCE,-0.0006916785219032162,False
2020-12-30,509.4218790527772,523.8704376383025,506.8260721965314,522.5137329101562,38647000.0,BAJFINANCE,0.02569931906916656,False
2020-12-31,522.59706845223,526.2704311639374,516.4258310541226,518.6984252929688,28692120.0,BAJFINANCE,-0.007301832233074568,False
2021-01-01,520.1676521589416,522.8908066740032,514.2706627605278,517.2240600585938,14471870.0,BAJFINANCE,-0.0028424324472207108,False
2021-01-04,521.5195295165423,521.5195295165423,509.0006817320233,510.9598083496094,23336590.0,BAJFINANCE,-0.012111292170504884,False
2021-01-05,511.136147819818,511.7434723182464,495.903949573204,501.4384765625,39534000.0,BAJFINANCE,-0.018634208858546275,False
2021-01-06,502.5160037558043,506.27265076558,488.831502418784,492.749755859375,36079230.0,BAJFINANCE,-0.017327590739922072,False
2021-01-07,496.14887905110936,502.6679023989807,491.8681916298825,497.7161865234375,30357500.0,BAJFINANCE,0.010079011922392134,False
2021-01-08,502.5160096580146,503.373127608211,493.89586394502845,497.8141174316406,29984510.0,BAJFINANCE,0.00019676054517581143,False
2021-01-11,500.3609577964068,500.6499421440802,485.6920202352836,488.2388610839844,29241640.0,BAJFINANCE,-0.019234601857130218,False
2021-01-12,488.2388529984949,499.4793484699185,484.9818227811939,493.9154357910156,33359080.0,BAJFINANCE,0.011626634337193353,False
2021-01-13,496.2468180593069,497.0304568117034,472.7617798664905,480.2701416015625,32693730.0,BAJFINANCE,-0.02762678223975712,False
2021-01-14,480.270141156347,486.5295356515001,473.5209350740224,477.767333984375,26808110.0,BAJFINANCE,-0.005211249670531992,False
2021-01-15,477.7330616095541,482.6308783990968,474.34375086758166,478.3795471191406,25449160.0,BAJFINANCE,0.0012814043389279828,False
2021-01-18,477.047329743352,478.0268930487798,459.0233709022599,462.3391723632813,37034130.0,BAJFINANCE,-0.03353064497104108,False
2021-01-19,466.771697047813,489.286944155518,465.48847157296086,485.7801208496094,47674650.0,BAJFINANCE,0.0507007623137532,False
2021-01-20,486.6470398568085,492.97504035529727,480.0839836241543,488.0135498046875,33147070.0,BAJFINANCE,0.00459761291007954,False
2021-01-21,489.0959758063111,511.8218578141858,488.8021187546004,501.3699035644531,70618090.0,BAJFINANCE,0.027368817454169303,False
2021-01-22,503.0058066280874,503.201731265932,484.4528734137203,487.0928039550781,30847960.0,BAJFINANCE,-0.028476179977842686,False
2021-01-25,494.5815608306376,505.7485777507031,479.0065085557645,480.8382873535156,36730600.0,BAJFINANCE,-0.01284050298172612,False
2021-01-26,494.5815608306376,505.7485777507031,479.0065085557645,480.8382873535156,36730600.0,BAJFINANCE,0.0,False
2021-01-27,482.072522954998,484.45285475422446,471.26794024927096,474.5984497070313,28004930.0,BAJFINANCE,-0.01297699831855681,False
2021-01-28,468.18722164890943,480.867677306075,462.65759690013607,471.1944885253906,34773290.0,BAJFINANCE,-0.007172297304683495,False
2021-01-29,478.6832266929616,484.88384943238674,461.0902477232812,463.7791442871094,42607950.0,BAJFINANCE,-0.015737332288176087,False
2021-02-01,467.74153762483394,497.6182222270485,457.11326843510153,495.5219421386719,42907450.0,BAJFINANCE,0.06844378028329712,False
2021-02-02,499.577300401344,522.8859931961518,499.0777135348945,506.7477111816406,43479930.0,BAJFINANCE,0.02265443381683241,False
2021-02-03,511.1949047462702,516.2298746086028,503.4955513260376,513.790771484375,26507830.0,BAJFINANCE,0.013898553752342169,False
2021-02-04,510.7443043159458,542.971899485054,509.9655084821604,539.23486328125,53258880.0,BAJFINANCE,0.049522282627547654,False
2021-02-05,541.30671491825,551.2003412039212,535.8211837529038,542.5360717773438,44379870.0,BAJFINANCE,0.006122023483433381,False
2021-02-08,542.8740042341601,554.9226211199818,536.3403336263412,538.5345458984375,28008090.0,BAJFINANCE,-0.0073755941532095415,False
2021-02-09,542.4332335124955,542.5801919378241,527.2598059912151,528.99365234375,22639040.0,BAJFINANCE,-0.01771640023347143,False
2021-02-10,532.3633135480115,538.990074562578,528.4744753929433,536.399169921875,26380120.0,BAJFINANCE,0.013999256031361096,False
2021-02-11,535.821200946601,547.3800375652185,534.4253350040731,545.327880859375,20289470.0,BAJFINANCE,0.016645646447962292,False
2021-02-12,545.6167877021182,550.3186798396569,541.8993615175152,546.3465576171875,16252680.0,BAJFINANCE,0.0018680078418276125,False
2021-02-15,549.0795200589034,568.0488146906741,548.5554799694943,566.1729125976562,31688260.0,BAJFINANCE,0.03628897208932469,False
2021-02-16,567.3042595624163,570.321271243348,557.4008897226779,564.2529296875,21268100.0,BAJFINANCE,-0.0033911599573832607,False
2021-02-17,561.28985266148,568.0488643311654,555.4124720053388,558.8556518554688,23463950.0,BAJFINANCE,-0.009565351898164542,False
2021-02-18,558.2532347074958,559.7959993127606,540.9345002784513,544.9654541015625,23175130.0,BAJFINANCE,-0.02485471464373512,False
2021-02-19,544.6372283880232,550.7056305803003,531.4131230224867,538.5590209960938,27444560.0,BAJFINANCE,-0.011755668285488796,False
2021-02-22,536.8007318520345,542.5507641054544,522.5725498526962,526.696533203125,20005630.0,BAJFINANCE,-0.022026346845009592,False
2021-02-23,530.9233737090243,539.2154043670371,524.0664297681328,527.3675537109375,21902450.0,BAJFINANCE,0.0012740173240397556,False
2021-02-24,533.2743020651174,546.488601852933,527.2989298648927,544.9212646484375,19087950.0,BAJFINANCE,0.033285534564990726,False
2021-02-25,548.6533816456417,550.5096732354016,539.8716301226096,541.693603515625,15845950.0,BAJFINANCE,-0.005923169716811949,False
2021-02-26,531.9028857135835,534.2538616097582,511.4299882967802,515.7302856445312,37133260.0,BAJFINANCE,-0.047929895613664675,False
2021-03-01,520.6378224327495,526.015614644983,508.8830644474381,515.9163208007812,20318810.0,BAJFINANCE,0.0003607217986383304,False
2021-03-02,519.1685049274267,529.943700312713,515.4510792600853,520.7651977539062,22086340.0,BAJFINANCE,0.009398572515788572,False
2021-03-03,525.4524629847098,545.9449717085294,523.0966441722534,542.962158203125,22524130.0,BAJFINANCE,0.042623740113501674,False
2021-03-04,531.9028769042263,545.3376139967542,529.0621193923805,537.378662109375,22346980.0,BAJFINANCE,-0.010283398224708695,False
2021-03-05,532.8825112734959,540.6945057911047,529.1699873601093,533.3624877929688,20757600.0,BAJFINANCE,-0.007473639352633676,False
2021-03-08,535.7232509084538,538.1672568245488,520.246101256131,521.19140625,17210420.0,BAJFINANCE,-0.02281953047229135,False
2021-03-09,526.1234711454158,533.3722641229988,522.5970668679887,530.4384765625,18114960.0,BAJFINANCE,0.017742177253138536,False
2021-03-10,532.8824725564418,544.7351654022267,532.8824725564418,543.1727905273438,21912500.0,BAJFINANCE,0.02400714602637488,False
2021-03-11,532.8824725564418,544.7351654022267,532.8824725564418,543.1727905273438,21912500.0,BAJFINANCE,0.0,False
2021-03-12,548.5554604166207,555.4124036718284,540.8168862563375,544.4265747070312,25080130.0,BAJFINANCE,0.002308260283933272,False
2021-03-15,545.7196170068006,547.1498010110238,524.1202572537092,532.7894287109375,20870080.0,BAJFINANCE,-0.02137505135996709,False
2021-03-16,537.6283436299242,539.4454740480679,530.9232621264862,534.4447631835938,15613050.0,BAJFINANCE,0.0031069206396630022,False
2021-03-17,534.8416736738251,534.8808346904088,523.5228245492763,525.0264282226562,11347580.0,BAJFINANCE,-0.01762265365803961,False
2021-03-18,531.2172445673435,543.1679305606858,519.6584078673468,526.206787109375,23390580.0,BAJFINANCE,0.002248189468698758,False
2021-03-19,520.735757465258,536.7026849728801,508.3981880323108,534.1802978515625,32203100.0,BAJFINANCE,0.015152808624891767,False
2021-03-22,533.5192518778964,538.4660352957355,522.793020244961,527.9210205078125,19384610.0,BAJFINANCE,-0.011717536885812563,False
2021-03-23,529.9438676961896,533.3723400380318,524.0664865387457,526.8876342773438,18490380.0,BAJFINANCE,-0.0019574636931007916,False
2021-03-24,526.4174062699032,526.4174062699032,515.2503593573028,516.2593383789062,17376430.0,BAJFINANCE,-0.02017184539359096,False
2021-03-25,517.2094928011828,519.1686196678539,499.8859158741555,501.751953125,23432710.0,BAJFINANCE,-0.02810096433211373,False
2021-03-26,506.43426242556296,514.0748447560475,503.0057906296452,507.7125854492188,23474600.0,BAJFINANCE,0.011879639505327111,False
2021-03-29,506.43426242556296,514.0748447560475,503.0057906296452,507.7125854492188,23474600.0,BAJFINANCE,0.0,False
2021-03-30,512.7866901613398,515.2503062599246,504.475109741181,508.7410888671875,18452800.0,BAJFINANCE,0.0020257591547758746,False
2021-03-31,507.9035982340296,511.21452714826114,501.8253908916279,504.4604187011719,18459750.0,BAJFINANCE,-0.008414241074074402,False
2021-04-01,510.3524785158785,518.0420264939444,505.645684041146,516.4404907226562,21482340.0,BAJFINANCE,0.02374828941451801,False
2021-04-02,510.3524785158785,518.0420264939444,505.645684041146,516.4404907226562,21482340.0,BAJFINANCE,0.0,False
2021-04-05,515.1523514546735,515.1523514546735,482.00390384372895,486.1082763671875,37396800.0,BAJFINANCE,-0.058733222704952515,False
2021-04-06,494.6794917791215,495.60518631946223,485.1385543156081,489.1057739257813,20709060.0,BAJFINANCE,0.006166316650674686,False
2021-04-07,487.8225246310237,500.4588852541318,483.904271421136,497.3340759277344,24027820.0,BAJFINANCE,0.01682315450073113,False
2021-04-08,499.5772962087819,501.0466411976312,491.2510079386355,492.67138671875,14078790.0,BAJFINANCE,-0.00937536644816972,False
2021-04-09,489.7816881131521,490.7612514893784,474.5984557816444,477.2726745605469,29026460.0,BAJFINANCE,-0.03125554390475238,False
2021-04-12,464.3130697564446,464.3130697564446,431.00791285408354,441.8810729980469,45000460.0,BAJFINANCE,-0.07415384003512693,False
2021-04-13,444.241793939732,467.7317044437641,442.179802282012,463.2110290527344,31750190.0,BAJFINANCE,0.048270807142676064,False
2021-04-14,444.241793939732,467.7317044437641,442.179802282012,463.2110290527344,31750190.0,BAJFINANCE,0.0,False
2021-04-15,461.18823216694886,465.29260511728506,447.2784202248292,456.50592041015625,28971850.0,BAJFINANCE,-0.014475278484387677,False
2021-04-16,456.5744833918658,459.4152111279493,449.61957762841945,452.2252197265625,21426480.0,BAJFINANCE,-0.009377097847378835,False
2021-04-19,435.9057070447333,441.1953433536867,427.2855612000613,438.8052062988281,34265070.0,BAJFINANCE,-0.029675508667669548,False
2021-04-20,446.9747276906794,460.296794724064,446.21066950242135,451.9362182617188,33945970.0,BAJFINANCE,0.029924467108415342,False
2021-04-21,446.9747276906794,460.296794724064,446.21066950242135,451.9362182617188,33945970.0,BAJFINANCE,0.0,False
2021-04-22,445.701303546514,461.76613576149856,441.36674788167096,459.287841796875,25635390.0,BAJFINANCE,0.016266949268710418,False
2021-04-23,452.6659961630756,466.2525646636287,451.6276614245907,457.2405700683594,27295250.0,BAJFINANCE,-0.004457491669071945,False
2021-04-26,459.41520104051824,473.03112532711816,459.41520104051824,463.9750671386719,29039890.0,BAJFINANCE,0.014728564154544932,False
2021-04-27,464.9987611574631,478.9917981167241,464.95466765084063,476.5625,26449970.0,BAJFINANCE,0.027129545858907145,False
2021-04-28,481.4553601055544,520.1481103073232,481.4553601055544,517.297607421875,85764540.0,BAJFINANCE,0.08547694672131145,False
2021-04-29,524.0663602176538,541.2087177948669,522.107233637401,537.2757568359375,72584860.0,BAJFINANCE,0.03862022388549269,False
2021-04-30,524.0664035941993,541.1745041789126,521.8819964085112,534.0481567382812,41248880.0,BAJFINANCE,-0.006007343634233275,False
2021-05-03,520.7652927136289,546.5963746689941,518.3114816249669,543.7703247070312,40335910.0,BAJFINANCE,0.01820466533978604,False
2021-05-04,549.5350667248497,563.2440517079826,544.6372497308671,550.0983276367188,48383470.0,BAJFINANCE,0.011637271550441586,False
2021-05-05,556.6857781500789,558.3510476180779,534.0970521940945,540.2438354492188,43786930.0,BAJFINANCE,-0.017914055892218284,False
2021-05-06,545.4208652715618,550.5048014863842,536.1493315778504,541.5809936523438,22231110.0,BAJFINANCE,0.0024751012698056574,False
2021-05-07,547.575921654404,549.8436132384563,534.6456732642171,538.1525268554688,18510330.0,BAJFINANCE,-0.006330478427158059,False
2021-05-10,546.1065696032821,546.1065696032821,533.3722460071517,538.5149536132812,19973390.0,BAJFINANCE,0.0006734647515831416,False
2021-05-11,530.0662439546535,534.6554960846059,527.9846717330713,531.3837280273438,16172480.0,BAJFINANCE,-0.013242391020136024,False
2021-05-12,530.2473420473856,532.8823693904789,522.0484030219561,524.88916015625,15393360.0,BAJFINANCE,-0.01222199237301369,False
2021-05-13,530.2473420473856,532.8823693904789,522.0484030219561,524.88916015625,15393360.0,BAJFINANCE,0.0,False
2021-05-14,529.4540074737397,529.4540074737397,515.9360447723966,522.1415405273438,15257620.0,BAJFINANCE,-0.005234666359062001,False
2021-05-17,524.0663473638919,537.7802330893021,520.6427785318936,531.9126586914062,24115830.0,BAJFINANCE,0.018713542987202292,False
2021-05-18,538.8577591978805,558.8408748699633,538.8577591978805,557.2490844726562,31478830.0,BAJFINANCE,0.047632680605086186,False
2021-05-19,555.8972838792772,560.5942732781933,548.0656798853868,551.6116943359375,22509060.0,BAJFINANCE,-0.010116463703217393,False
2021-05-20,551.2983270343439,554.2370175406974,543.1679619243283,547.4535522460938,14888270.0,BAJFINANCE,-0.007538168846926929,False
2021-05-21,554.4328668538914,557.8613386453907,547.213489607387,551.6655883789062,18569660.0,BAJFINANCE,0.00769386939865746,False
2021-05-24,551.8859647170389,557.1755704494911,547.5758624569993,548.8394775390625,12150600.0,BAJFINANCE,-0.005122869541579367,False
2021-05-25,552.473701431173,554.3152852189675,546.7922462463555,550.38232421875,13155460.0,BAJFINANCE,0.0028111073325218783,False
2021-05-26,552.4738345665548,567.6374589789408,547.1939727559304,565.32080078125,29167460.0,BAJFINANCE,0.027141999125253058,False
2021-05-27,566.1827389993853,566.3982740356734,553.5512499046165,556.6074829101562,21525900.0,BAJFINANCE,-0.015413050181511623,False
2021-05-28,560.7021497105823,563.2489907973248,547.7817052519104,549.6085815429688,15263750.0,BAJFINANCE,-0.012574213574338966,False
2021-05-31,550.5145378947867,554.8931568557015,544.6371584866573,551.2932739257812,17958110.0,BAJFINANCE,0.003065258511944835,False
2021-06-01,552.8655672428237,569.9099333083112,551.0435340107047,566.6577758789062,28534510.0,BAJFINANCE,0.027869924557057946,False
2021-06-02,563.8855690121925,572.5546792482252,562.5190592427147,568.9939575195312,20131950.0,BAJFINANCE,0.004122738167673612,False
2021-06-03,572.0650167369633,579.4117421231401,566.2023442278673,578.08935546875,22303780.0,BAJFINANCE,0.015985051913150583,False
2021-06-04,579.4117286348175,588.7175805740072,577.9423835917875,587.0963745117188,24453670.0,BAJFINANCE,0.015580669247343693,False
2021-06-07,568.1467766810381,572.4421717914772,556.6320040361419,561.2653198242188,28358050.0,BAJFINANCE,-0.043997980244697255,False
2021-06-08,563.3468217939512,569.8119753534322,560.324907321205,563.77783203125,17890070.0,BAJFINANCE,0.004476514258565212,False
2021-06-09,567.656998670876,567.656998670876,551.2297010785354,555.853271484375,15381120.0,BAJFINANCE,-0.014056176203884108,False
2021-06-10,559.820478335348,599.003014001864,556.0981494045899,596.2014770507812,52961200.0,BAJFINANCE,0.0725878710017458,False
2021-06-11,598.0577111709863,610.2679951985676,592.1656827876965,599.4927978515625,37027210.0,BAJFINANCE,0.005520484144156068,False
2021-06-14,594.565492417057,612.1291145536817,585.3478283045667,606.7561645507812,26336010.0,BAJFINANCE,0.012115853143271904,False
2021-06-15,609.190427660631,611.2278762355272,602.4314171144714,603.5236206054688,15236610.0,BAJFINANCE,-0.005327583194322805,False
2021-06-16,601.4518772556619,603.4991908969264,593.8896771387999,595.731201171875,14816580.0,BAJFINANCE,-0.012911540108034525,False
2021-06-17,579.9015028150671,599.0029881273878,579.9015028150671,592.6603393554688,18718570.0,BAJFINANCE,-0.0051547775412223995,False
2021-06-18,596.5442249082939,602.2354851028605,584.3143918585374,596.2650756835938,27096150.0,BAJFINANCE,0.006082297209300647,False
2021-06-21,587.7380406117328,600.9621465254968,586.4744253480275,599.1009521484375,12719620.0,BAJFINANCE,0.004756066689957539,False
2021-06-22,602.4314579386636,606.251778904127,587.7380077450376,589.3836669921875,15406110.0,BAJFINANCE,-0.01621977918980566,False
2021-06-23,592.7337459392389,599.0029751544218,587.8359292985649,589.26611328125,12382150.0,BAJFINANCE,-0.00019945193177373088,False
2021-06-24,590.3828622255011,598.3173017037266,588.8155249417871,592.0089111328125,10824210.0,BAJFINANCE,0.004654599661754855,False
2021-06-25,593.3215629986836,598.2193799958862,590.6963402627197,595.1631469726562,9619940.0,BAJFINANCE,0.0053280208803074824,False
2021-06-28,597.5336441244217,599.2674903878302,589.2073556407207,591.3673095703125,8284810.0,BAJFINANCE,-0.006377809885661723,False
2021-06-29,591.6563225702614,601.221773988704,587.9437986260888,592.8709716796875,13100790.0,BAJFINANCE,0.0025426872352269925,False
2021-06-30,592.6358367873605,599.9825620367906,587.7380199544072,589.2906494140625,12257940.0,BAJFINANCE,-0.006038956934392381,False
2021-07-01,591.6562339444093,591.6562339444093,581.8606009320847,584.5201416015625,11206010.0,BAJFINANCE,-0.008095339400418733,False
2021-07-02,587.7379559433601,590.676645723077,584.3094845336906,587.517578125,8112980.0,BAJFINANCE,0.005128029489667618,False
2021-07-05,590.5787491128987,597.136872922257,588.3306082479202,594.8594360351562,8631790.0,BAJFINANCE,0.012496405526430499,False
2021-07-06,593.1256371769686,621.3175004547238,592.9297125399106,607.5643920898438,34913930.0,BAJFINANCE,0.021357912953971603,False
2021-07-07,609.2884798872287,615.7535748905225,603.4502600675918,607.1921997070312,19479250.0,BAJFINANCE,-0.0006125974261464995,False
2021-07-08,606.3483672812151,610.361281692137,596.5761293180999,600.2456665039062,11305600.0,BAJFINANCE,-0.011440419041082395,False
2021-07-09,596.831226019797,605.4653006685446,594.6776029082972,602.0460205078125,14475440.0,BAJFINANCE,0.0029993619352428613,False
2021-07-12,605.8577791225242,608.2027329151924,598.8523808750673,603.3607788085938,9787400.0,BAJFINANCE,0.0021838169442134348,False
2021-07-13,606.8389081646163,610.7634928576776,602.4237503849223,603.8267822265625,10021270.0,BAJFINANCE,0.0007723462219220156,False
2021-07-14,603.4048872900925,606.5445669731992,600.4614488155066,601.8252563476562,7765740.0,BAJFINANCE,-0.0033147351820430604,False
2021-07-15,601.8252714862396,606.0735913413147,598.6954127674904,601.4131469726562,8709900.0,BAJFINANCE,-0.000684765836350909,False
2021-07-16,600.952081006487,607.3295316620661,598.2244656738894,600.9962158203125,9631210.0,BAJFINANCE,-0.0006932524745134616,False
2021-07-19,597.3218004976309,600.7558122316335,582.3102754658732,590.1986694335938,12905320.0,BAJFINANCE,-0.017966080488511782,False
2021-07-20,590.650020898546,591.4300153711338,575.7365864670824,582.9823608398438,14018370.0,BAJFINANCE,-0.012226914372198472,False
2021-07-21,590.650020898546,591.4300153711338,575.7365864670824,582.9823608398438,14018370.0,BAJFINANCE,0.0,False
2021-07-22,581.8196934248165,612.6277078904516,580.9513694610494,607.8740234375,34885910.0,BAJFINANCE,0.04269711104431595,False
2021-07-23,607.2314326029256,610.7635351173082,602.4237920675137,606.4367065429688,9537390.0,BAJFINANCE,-0.002364497970160473,False
2021-07-26,603.4049425556709,608.1438957014271,601.4426500595549,604.62646484375,7335020.0,BAJFINANCE,-0.0029850463860245924,False
2021-07-27,606.3484065206029,620.7712689438503,605.8578333761689,611.3964233398438,20685280.0,BAJFINANCE,0.011196927176919447,False
2021-07-28,613.9913733366313,616.5522100737511,604.0916430941271,614.3936767578125,11491530.0,BAJFINANCE,0.004902307739381051,False
2021-07-29,617.1360801050557,630.8770381131886,614.5949448553929,627.9434204101562,14846640.0,BAJFINANCE,0.02205384619816808,False
2021-07-30,629.5868232879578,629.5868232879578,609.5076391158815,611.0676879882812,14068850.0,BAJFINANCE,-0.026874606649835098,False
2021-08-02,615.1787198593076,616.5474380880366,605.3672570226361,608.3597412109375,10124350.0,BAJFINANCE,-0.004431500520439391,False
2021-08-03,609.7824117749973,622.2429814824396,608.8993561710336,621.2520141601562,10917100.0,BAJFINANCE,0.021191857507790957,False
2021-08-04,622.3410565268675,635.5325750893696,619.5938589943536,623.9255981445312,16320910.0,BAJFINANCE,0.004303541756704554,False
2021-08-05,623.4203726978926,623.5675087098167,611.4503760583112,613.0447387695312,8665670.0,BAJFINANCE,-0.01743935399887131,False
2021-08-06,616.6504504901159,618.0731246041684,609.3899439052798,610.6948852539062,7297890.0,BAJFINANCE,-0.0038330865057931707,False
2021-08-09,610.763559346505,615.1738070846875,602.0362440222272,607.6386108398438,8811790.0,BAJFINANCE,-0.0050045849209819915,False
2021-08-10,610.7634355291257,613.0641943449582,602.624845553443,605.376953125,7310090.0,BAJFINANCE,-0.003722044113881773,False
2021-08-11,605.9656142795309,608.3056572548189,594.2801908509081,605.1513061523438,7919290.0,BAJFINANCE,-0.0003727379634976824,False
2021-08-12,606.4465011379876,613.6971866321181,603.5276148633968,608.2616577148438,7946020.0,BAJFINANCE,0.00513979153788191,False
2021-08-13,609.2917436808087,611.1412137081082,601.5406653388359,604.0475463867188,6679320.0,BAJFINANCE,-0.006928122584541674,False
2021-08-16,603.3068571843237,627.4430311448067,598.8769674631684,625.6917114257812,14233350.0,BAJFINANCE,0.0358318896724823,False
2021-08-17,628.9098289810236,631.5491147605857,618.6127039884947,628.924560546875,16027760.0,BAJFINANCE,0.0051668402538480596,False
2021-08-18,631.2694693565315,651.4810564927536,628.5271226962366,642.0718383789062,21537300.0,BAJFINANCE,0.02090437972496928,False
2021-08-19,631.2694693565315,651.4810564927536,628.5271226962366,642.0718383789062,21537300.0,BAJFINANCE,0.0,False
2021-08-20,634.9929703417349,660.5763714274376,633.3936971234696,653.5513305664062,21647320.0,BAJFINANCE,0.01787882835117527,False
2021-08-23,661.2925323453259,669.0926565360735,657.0736157033876,662.489501953125,17383400.0,BAJFINANCE,0.013676311207219793,False
2021-08-24,664.72653581663,691.6099650565574,660.1102262799659,684.849853515625,26229900.0,BAJFINANCE,0.033752008894598395,False
2021-08-25,687.292972311371,692.1006130593215,679.051319567575,681.4011840820312,15096670.0,BAJFINANCE,-0.005035657693274298,False
2021-08-26,676.9909019805488,686.1401025965164,672.5757439241538,680.1256713867188,12345880.0,BAJFINANCE,-0.0018718967989920232,False
2021-08-27,681.8966531415549,689.1914732153977,674.2437242630364,683.5253295898438,9359060.0,BAJFINANCE,0.004998573566842968,False
2021-08-30,686.4049925468738,706.1309789269268,684.8400929986528,703.0403442382812,15043820.0,BAJFINANCE,0.028550536174201113,False
2021-08-31,702.5006969015036,745.5533980330919,699.5572582273353,738.2634887695312,29464380.0,BAJFINANCE,0.05010117103508893,False
2021-09-01,738.3125122310161,752.980659832953,734.2260598844975,737.78271484375,22277890.0,BAJFINANCE,-0.0006512226773973673,False
2021-09-02,735.8596869795678,744.3368049458319,730.4682931303839,735.7075805664062,11833780.0,BAJFINANCE,-0.0028126631806265623,False
2021-09-03,735.8596092481312,741.2559130492841,732.1067132640841,738.155517578125,8802470.0,BAJFINANCE,0.0033273233501742716,False
2021-09-06,740.7653594726601,747.1428095873254,734.3977304012152,736.482666015625,8970710.0,BAJFINANCE,-0.0022662589693681623,False
2021-09-07,738.6951450045036,742.3597115310639,726.7545531491426,731.6701049804688,8360130.0,BAJFINANCE,-0.006534520440504399,False
2021-09-08,731.6407175973226,737.233262794047,727.132319765293,732.2490234375,8592560.0,BAJFINANCE,0.000791228797091037,False
2021-09-09,728.9916430220618,731.935081688369,724.0859119115499,729.055419921875,7004360.0,BAJFINANCE,-0.004361362614910491,False
2021-09-10,728.9916430220618,731.935081688369,724.0859119115499,729.055419921875,7004360.0,BAJFINANCE,0.0,False
2021-09-13,729.05537475037,735.3690479030337,721.3386697731598,730.5172729492188,8025650.0,BAJFINANCE,0.002005132925972042,False
2021-09-14,733.897333594231,738.8030644337646,726.8330692084206,727.7700805664062,7192580.0,BAJFINANCE,-0.0037606124927362927,False
2021-09-15,730.4633811690342,733.897393034839,724.0859305611111,727.4365234375,6572830.0,BAJFINANCE,-0.00045832761996300597,False
2021-09-16,730.4633294139292,730.4633294139292,719.2291937005938,727.176513671875,5771290.0,BAJFINANCE,-0.00035743292678835914,False
2021-09-17,730.5124599428204,753.5154419515379,722.1236711206797,728.8739624023438,34749690.0,BAJFINANCE,0.002334300817689261,False
2021-09-20,722.1235892931684,743.8068959418213,718.2726025092139,730.213134765625,10838060.0,BAJFINANCE,0.0018373167822696157,False
2021-09-21,734.0101999689997,769.9152772829464,726.1462985879955,766.6529541015625,19931330.0,BAJFINANCE,0.0499029907858799,False
2021-09-22,770.1997276083952,774.6148852825834,762.4486490710568,764.6709594726562,15005410.0,BAJFINANCE,-0.002585256625312171,False
2021-09-23,771.5340618940803,784.8188189146512,765.7502461380499,775.0122680664062,21091470.0,BAJFINANCE,0.013523867312656535,False
2021-09-24,779.99641326094,779.99641326094,757.9991345984254,764.6464233398438,11293460.0,BAJFINANCE,-0.013375071793927162,False
2021-09-27,770.101673820094,771.1809106828066,759.4120668429739,764.8475952148438,6507740.0,BAJFINANCE,0.00026309136989266513,False
2021-09-28,766.7656945662748,767.7468406885605,728.5059063184965,740.1079711914062,15723010.0,BAJFINANCE,-0.03234582180583079,False
2021-09-29,738.70494868879,749.1884927415392,731.5572655630122,737.3705444335938,9458790.0,BAJFINANCE,-0.003698685684206171,False
2021-09-30,740.2748147299121,755.4825809702219,734.966840088081,752.3527221679688,14907070.0,BAJFINANCE,0.02031838381323392,False
2021-10-01,747.6333580900514,749.5171419097306,733.4067390712775,738.0917358398438,9377400.0,BAJFINANCE,-0.018955186720173933,False
2021-10-04,744.4937608913225,762.2525439080473,741.761294940204,754.9969482421875,10901980.0,BAJFINANCE,0.022903944837030288,False
2021-10-05,753.8146160268622,761.8600268708936,749.0167967204131,757.85693359375,7732430.0,BAJFINANCE,0.0037880753799353073,False
2021-10-06,766.2752005599186,773.2020905025101,754.0108727660659,758.9313354492188,17646310.0,BAJFINANCE,0.0014176842723783167,False
2021-10-07,769.7974699411094,773.6337249675224,759.2108648523752,760.1821899414062,9405500.0,BAJFINANCE,0.0016481787399740266,False
2021-10-08,760.3883147059353,768.1393937386381,756.6599710752273,758.641845703125,7565710.0,BAJFINANCE,-0.002026282986714034,False
2021-10-11,762.7332430750138,775.5371887443208,760.584530545909,766.9718017578125,9086480.0,BAJFINANCE,0.010980090410076304,False
2021-10-12,766.2752209817199,777.5584028527695,760.388343483781,770.7639770507812,10994490.0,BAJFINANCE,0.0049443477377884015,False
2021-10-13,775.8806183058591,785.8981430357779,771.3085031487009,777.9802856445312,10524380.0,BAJFINANCE,0.00936254003639636,False
2021-10-14,781.8753993426126,781.8753993426126,766.5057064106599,771.4653930664062,11348490.0,BAJFINANCE,-0.008374110113507083,False
2021-10-15,781.8753993426126,781.8753993426126,766.5057064106599,771.4653930664062,11348490.0,BAJFINANCE,0.0,False
2021-10-18,789.8227132214788,789.8227132214788,765.3725659972148,771.7254638671875,8550980.0,BAJFINANCE,0.0003371127248463779,False
2021-10-19,774.1243197493642,776.5477220185119,752.637194905219,759.3384399414062,12449890.0,BAJFINANCE,-0.01605107581096099,False
2021-10-20,759.5052869741248,768.5858002943156,743.2182832035618,761.501953125,11028990.0,BAJFINANCE,0.0028492080339836967,False
2021-10-21,768.2375178988501,768.2375178988501,754.0108971970196,759.1422729492188,6394610.0,BAJFINANCE,-0.0030987184814139646,False
2021-10-22,760.9769437337493,778.5394840897907,752.0485375612157,756.4833374023438,15173760.0,BAJFINANCE,-0.0035025523431138073,False
2021-10-25,760.3882750460938,768.9978565657019,721.1914739232874,750.2481079101562,11697290.0,BAJFINANCE,-0.00824238840950331,False
2021-10-26,754.9919738223966,774.6099865970485,750.6847277866162,770.7540893554688,16605750.0,BAJFINANCE,0.02733226679162537,False
2021-10-27,772.1621309831219,777.0629519156985,732.0332237292156,734.1083984375,31122330.0,BAJFINANCE,-0.04754524357906831,False
2021-10-28,739.784233083881,745.2786278373707,721.4760713834926,734.3143310546875,15723020.0,BAJFINANCE,0.0002805207209533034,False
2021-10-29,733.897399048933,740.7359597046425,717.5171551286829,726.06787109375,9483340.0,BAJFINANCE,-0.011230149831194525,False
2021-11-01,728.9915905272538,735.8792556734427,708.3875213468065,727.4168701171875,10373140.0,BAJFINANCE,0.0018579516835048882,False
2021-11-02,732.5923702139444,741.2559073815509,726.0726948472538,731.478759765625,6871160.0,BAJFINANCE,0.005583991539518607,False
2021-11-03,734.4860492060808,739.6665300829585,731.0520373759185,737.4540405273438,6687040.0,BAJFINANCE,0.008168768651099834,False
2021-11-04,741.8446079357357,742.6295727927572,737.3313594299157,738.3223266601562,940330.0,BAJFINANCE,0.0011774105030215587,False
2021-11-05,741.8446079357357,742.6295727927572,737.3313594299157,738.3223266601562,940330.0,BAJFINANCE,0.0,False
2021-11-08,740.1668692686719,756.7727561227949,734.4859946512751,752.897216796875,9003010.0,BAJFINANCE,0.019740551802962747,False
2021-11-09,755.4825414080543,760.8199789011707,740.7653490429623,743.4635009765625,8002470.0,BAJFINANCE,-0.012529885367948745,False
2021-11-10,740.2747165628355,746.652166075968,736.3501322470617,743.8510131835938,4649890.0,BAJFINANCE,0.000521225596848085,False
2021-11-11,742.7472783080879,745.7642548145409,727.0292978078546,731.2188110351562,6344000.0,BAJFINANCE,-0.01698216702612687,False
2021-11-12,735.8595829772862,745.6955966901784,731.248184280414,743.6204223632812,4971280.0,BAJFINANCE,0.016960191861815632,False
2021-11-15,743.6107581214236,748.3643829024918,734.8785326449082,739.2200927734375,4025180.0,BAJFINANCE,-0.0059174404810712344,False
2021-11-16,738.3124591706176,750.5767857349135,735.9331917940256,741.3245849609375,5980490.0,BAJFINANCE,0.0028469088003333365,False
2021-11-17,738.6068965770484,754.6977192825208,737.9446348248216,746.4217529296875,6455740.0,BAJFINANCE,0.006875757356703094,False
2021-11-18,747.633379383858,755.2569042657833,729.9727483747905,734.3829956054688,7725390.0,BAJFINANCE,-0.01612862604414589,False
2021-11-19,747.633379383858,755.2569042657833,729.9727483747905,734.3829956054688,7725390.0,BAJFINANCE,0.0,False
2021-11-22,735.074703396238,737.2822822212428,685.8260654896144,692.5223999023438,19352430.0,BAJFINANCE,-0.05700104162762187,False
2021-11-23,686.8023516332993,704.266742312235,679.3554255000196,698.016845703125,11875890.0,BAJFINANCE,0.00793396112754774,False
2021-11-24,702.5006952801905,718.179392752063,693.2778968353166,704.1980590820312,10993800.0,BAJFINANCE,0.008855392841815801,False
2021-11-25,701.5195597636676,706.915864069542,695.3187083569695,699.1452026367188,6154860.0,BAJFINANCE,-0.007175334240340336,False
2021-11-26,688.8627374511036,691.5020231795938,664.7265643808555,667.8711547851562,16890820.0,BAJFINANCE,-0.0447318350088326,False
2021-11-29,663.9415902832862,684.8399906278568,655.2388290040258,677.5549926757812,14918150.0,BAJFINANCE,0.014499560014296753,False
2021-11-30,677.9719944376862,706.4055909024672,672.011519557463,686.532470703125,21955390.0,BAJFINANCE,0.013249814589794573,False
2021-12-01,689.9615352771476,697.3692362781047,681.9946336945661,690.5993041992188,11367680.0,BAJFINANCE,0.005923730733272681,False
2021-12-02,695.6326627045311,707.406417221392,689.0001047451934,704.5120239257812,8477040.0,BAJFINANCE,0.020145864095092003,False
2021-12-03,702.5007159656851,709.7415800913918,692.1986803265236,693.5968017578125,8164110.0,BAJFINANCE,-0.015493308555821983,False
2021-12-06,693.5967041354256,696.2114968532685,680.7289824416004,682.0682373046875,8582530.0,BAJFINANCE,-0.016621421009883064,False
2021-12-07,691.5118160050537,703.4818113834392,682.6815003809937,696.9228515625,10796080.0,BAJFINANCE,0.021778780253003838,False
2021-12-08,698.5761078483672,724.7089469699592,698.5761078483672,722.2708129882812,14026910.0,BAJFINANCE,0.03637125884013015,False
2021-12-09,726.0482709536556,732.7298749436766,719.8670611643122,730.0023193359375,10769500.0,BAJFINANCE,0.010704442445442774,False
2021-12-10,723.4973052869764,732.6219538964758,722.1236765137537,731.1992797851562,6791450.0,BAJFINANCE,0.0016396666387410441,False
2021-12-13,732.9161269784903,733.6029412162613,706.3270919749334,708.2648315429688,12985990.0,BAJFINANCE,-0.031365523566880715,False
2021-12-14,704.4629793575427,704.4629793575427,690.2363593008794,693.2681274414062,12764810.0,BAJFINANCE,-0.021173865245986967,False
2021-12-15,693.9155866755852,693.9155866755852,670.2208841524125,671.8152465820312,18175280.0,BAJFINANCE,-0.03094456532791945,False
2021-12-16,681.4060746688888,693.0277233245898,680.2188661409538,689.6329956054688,17683180.0,BAJFINANCE,0.026521799131663304,False
2021-12-17,686.8023665838194,689.2552321787616,673.5568923711315,677.0988159179688,16805110.0,BAJFINANCE,-0.018175144993599845,False
2021-12-20,672.0851044000533,673.5420920424438,637.0189510162186,650.9070434570312,22263190.0,BAJFINANCE,-0.03868234863980424,False
2021-12-21,659.8355482321066,662.2736821563791,641.6696120448473,645.3538208007812,13755910.0,BAJFINANCE,-0.008531514157161801,False
2021-12-22,650.9904925069862,666.2718562861236,649.8916135726331,664.3536987304688,12678980.0,BAJFINANCE,0.029441024934371063,False
2021-12-23,671.1039863801458,686.1645562727782,670.9322977757171,678.732421875,13393990.0,BAJFINANCE,0.021643174670372023,False
2021-12-24,685.320845415729,685.6200878405801,663.019409963662,672.2814331054688,9807740.0,BAJFINANCE,-0.009504465326277467,False
2021-12-27,662.3717592524117,677.8542746492667,652.8595997774089,676.0833129882812,9123600.0,BAJFINANCE,0.0056551909596112004,False
2021-12-28,684.8399777126872,684.8399777126872,673.2379131047852,677.6432495117188,8624640.0,BAJFINANCE,0.0023073140446887574,False
2021-12-29,675.5093569497349,681.8917179537746,672.3844086088595,678.1339111328125,5323790.0,BAJFINANCE,0.0007240706986268997,False
2021-12-30,676.9811015406589,681.4011702535057,672.7621845796946,674.1553955078125,6589920.0,BAJFINANCE,-0.005866858388417606,False
2021-12-31,675.2247817205606,686.7042034707654,674.5919233008157,684.5750732421875,7699070.0,BAJFINANCE,0.015455899046133537,False
2022-01-03,684.3495291451824,710.7374774642668,684.3495291451824,708.348388671875,12697250.0,BAJFINANCE,0.0347271122757884,False
2022-01-04,711.3309799513264,723.5953071918666,709.9083060145417,720.4556274414062,9591730.0,BAJFINANCE,0.017092209092522737,False
2022-01-05,732.9063620015487,754.6142208367072,727.5198791534488,752.6176147460938,25832620.0,BAJFINANCE,0.04464117716576954,False
2022-01-06,738.3125722297586,763.2680253488854,737.9200897658368,760.2166748046875,15359860.0,BAJFINANCE,0.010096840559807196,False
2022-01-07,761.7570123252189,763.8223058839617,744.1993821618304,751.4942016601562,11659510.0,BAJFINANCE,-0.011473667223587558,False
2022-01-10,754.108967705008,761.2713830847077,752.5146050827786,758.5535888671875,6390600.0,BAJFINANCE,0.009393801298048787,False
2022-01-11,759.3090784537357,761.3645510261545,742.8257741621774,752.5244140625,10379120.0,BAJFINANCE,-0.00794825163729218,False
2022-01-12,758.0335799796156,772.0640194691406,754.6780765227476,762.7921752929688,14584040.0,BAJFINANCE,0.013644422743759543,False
2022-01-13,768.0412611024661,770.1556599842944,762.7431073618976,766.1133422851562,6163740.0,BAJFINANCE,0.00435396048853276,False
2022-01-14,762.8411199229193,769.8170545701496,758.278766441643,768.4532470703125,5696350.0,BAJFINANCE,0.003054254058775241,False
2022-01-17,767.2072426289255,776.0866032940299,765.446102060387,770.454833984375,6797740.0,BAJFINANCE,0.0026046957595577958,False
2022-01-18,775.1006296950549,779.5206983575522,757.0573357220459,759.7996826171875,11300240.0,BAJFINANCE,-0.013829689810737955,False
2022-01-19,770.1997922396085,789.3321437665796,733.2105673105815,742.904296875,50003170.0,BAJFINANCE,-0.02223663174481738,False
2022-01-20,746.6523153439878,750.5769004443504,726.1463342408266,738.8276977539062,29103830.0,BAJFINANCE,-0.005487381265987801,False
2022-01-21,726.2935127585515,735.7615980404094,716.8107557950747,723.4727172851562,13704500.0,BAJFINANCE,-0.02078289771137487,False
2022-01-24,721.1424059162213,721.1424059162213,668.9160165528092,680.10595703125,25025820.0,BAJFINANCE,-0.05994249571240329,False
2022-01-25,676.9908596484586,686.4098389593688,662.4894904610371,683.2456665039062,25259340.0,BAJFINANCE,0.004616500473487273,False
2022-01-26,676.9908596484586,686.4098389593688,662.4894904610371,683.2456665039062,25259340.0,BAJFINANCE,0.0,False
2022-01-27,669.4949300796791,677.2214566749645,658.162703050143,670.8096923828125,17610280.0,BAJFINANCE,-0.018201321619392474,False
2022-01-28,682.9807438686804,691.2763516052539,671.5945615894054,673.777587890625,14675220.0,BAJFINANCE,0.004424347980527932,False
2022-01-31,684.8302990683478,694.2493395163107,679.944209638006,686.8269653320312,12512490.0,BAJFINANCE,0.019367485170083354,False
2022-02-01,694.2492945250598,698.164058442362,675.6172771188002,688.23486328125,13834490.0,BAJFINANCE,0.0020498582907824137,False
2022-02-02,696.613814361901,714.2744462753012,696.1232412531954,711.080810546875,13398210.0,BAJFINANCE,0.03319498689256162,False
2022-02-03,711.6253547735344,714.9661864599876,696.6138293020766,697.6587524414062,8398560.0,BAJFINANCE,-0.018875573502182053,False
2022-02-04,695.6326229248632,705.2871274257388,692.1986113871523,702.3436889648438,8232080.0,BAJFINANCE,0.006715226472889357,False
2022-02-07,702.9912958456094,702.9912958456094,675.1267180858206,679.9932250976562,11830120.0,BAJFINANCE,-0.031822687693156215,False
2022-02-08,686.8023045767629,701.2251649497566,678.4330991779043,692.1986083984375,16405420.0,BAJFINANCE,0.01794927191962592,False
2022-02-09,699.4149800664749,702.2946418703233,693.6703880245597,698.3161010742188,6491660.0,BAJFINANCE,0.008837770838539427,False
2022-02-10,700.0477773479955,710.3498119130327,693.1797543046375,700.2440185546875,12442000.0,BAJFINANCE,0.002760809148611987,False
2022-02-11,690.7269111897356,694.6465853907483,679.0561582076874,687.9404296875,12764610.0,BAJFINANCE,-0.017570430508756396,False
2022-02-14,668.1605887696638,679.9343436378517,661.6899580678743,665.8009033203125,11697660.0,BAJFINANCE,-0.03218233063761711,False
2022-02-15,667.1793811666589,705.9346540432516,665.8008420831146,700.739501953125,13468200.0,BAJFINANCE,0.052476045704617835,False
2022-02-16,704.9536387180804,708.8733135190856,691.7081632515611,693.5330810546875,10540410.0,BAJFINANCE,-0.010284022633734069,False
2022-02-17,698.5760542632012,699.3609592012219,685.0362494580152,694.891845703125,9036160.0,BAJFINANCE,0.0019591922657404837,False
2022-02-18,688.7645870210024,698.1835659666718,687.7834408856448,689.7555541992188,7625170.0,BAJFINANCE,-0.007391497735462882,False
2022-02-21,686.8023166066218,694.7398154434014,678.0700917702882,687.4253540039062,8166640.0,BAJFINANCE,-0.0033782985597234916,False
2022-02-22,667.1793607532986,690.3491167661894,666.100123976431,687.9158935546875,12587320.0,BAJFINANCE,0.0007135895525587355,False
2022-02-23,692.689193904135,698.316052799639,689.4955583397874,691.17333984375,7952280.0,BAJFINANCE,0.004735239176158812,False
2022-02-24,667.1794277698806,677.0105320303253,646.8157332388865,650.2841186523438,19300400.0,BAJFINANCE,-0.05915914117962051,False
2022-02-25,667.1794890208268,685.8163583388243,663.1568131143215,683.8001098632812,14132810.0,BAJFINANCE,0.05154053474409981,False
2022-02-28,673.066263455575,689.255175040148,667.8269166299733,687.0279541015625,15808910.0,BAJFINANCE,0.004720450014152,False
2022-03-01,673.066263455575,689.255175040148,667.8269166299733,687.0279541015625,15808910.0,BAJFINANCE,0.0,False
2022-03-02,678.7569933940636,680.5574183997734,663.4511351798819,670.2750244140625,16080090.0,BAJFINANCE,-0.024384640519333867,False
2022-03-03,678.9531067570497,681.3372846134349,659.8207576504566,662.1117553710938,13339990.0,BAJFINANCE,-0.012178984365566747,False
2022-03-04,656.2298604472932,657.1717224871776,637.7450394171977,641.4635620117188,19965090.0,BAJFINANCE,-0.03118535986089288,False
2022-03-07,623.02781509088,624.990107421875,598.4991609534438,600.9520263671875,28435880.0,BAJFINANCE,-0.0631548509434916,False
2022-03-08,601.2463764655789,610.012915324663,580.1419122244822,604.5675659179688,28857830.0,BAJFINANCE,0.006016353040087852,False
2022-03-09,610.2239468815809,640.1979540562988,600.6430389899955,635.0469360351562,22801310.0,BAJFINANCE,0.05041515925669615,False
2022-03-10,666.5908147070551,666.5908147070551,637.8431804452803,646.0750122070312,20915610.0,BAJFINANCE,0.017365765498732255,False
2022-03-11,642.6507823007253,655.8962564397478,636.7688154275197,650.3037109375,12647710.0,BAJFINANCE,0.006545213250119808,False
2022-03-14,647.6545938248279,656.2887284411167,637.7450409878585,653.9780883789062,12668460.0,BAJFINANCE,0.00565024830645533,False
2022-03-15,655.130861668977,662.2736342016224,648.0470153928468,654.0859985351562,14792700.0,BAJFINANCE,0.0001650057672688554,False
2022-03-16,665.2171589395412,676.932047585269,661.6212794838989,671.1629028320312,16335960.0,BAJFINANCE,0.026108041351013744,False
2022-03-17,681.6710541340539,692.3851552786518,679.9442270135785,686.2529907226562,16706780.0,BAJFINANCE,0.022483495179711266,False
2022-03-18,681.6710541340539,692.3851552786518,679.9442270135785,686.2529907226562,16706780.0,BAJFINANCE,0.0,False
2022-03-21,686.8023463498258,688.6419954918343,672.0851532137582,674.086669921875,9620190.0,BAJFINANCE,-0.01772862335793912,False
2022-03-22,674.047429062949,687.7834756522959,663.9416353348117,685.4091186523438,12737960.0,BAJFINANCE,0.016796725459325534,False
2022-03-23,691.7080542743083,697.0062675799606,683.8588848641034,687.2732543945312,11767500.0,BAJFINANCE,0.0027197416717372747,False
2022-03-24,683.7607974998208,690.2902941945507,675.1512158076915,686.5619506835938,7837160.0,BAJFINANCE,-0.0010349649231791158,False
2022-03-25,692.5911801094206,693.4202199680337,680.9155154724805,684.2023315429688,7023730.0,BAJFINANCE,-0.003436862672444363,False
2022-03-28,685.8211762539825,690.2363340410252,674.0474221552016,686.939697265625,9369730.0,BAJFINANCE,0.004000813204601439,False
2022-03-29,690.726923870947,692.6892162683076,685.2815744451535,690.6631469726562,7159500.0,BAJFINANCE,0.005420344350242745,False
2022-03-30,696.6138093972014,713.7299122240833,696.5157187299244,711.5125122070312,12722540.0,BAJFINANCE,0.03018745871379247,False
2022-03-31,715.0543871674117,730.4633041248112,710.4135850698309,712.3071899414062,16330110.0,BAJFINANCE,0.001116885115498567,False
2022-04-01,709.3637740047765,730.8558097127109,708.4170014811692,726.8428955078125,8715130.0,BAJFINANCE,0.020406512487403106,False
2022-04-04,730.8558084885368,744.7782750838709,728.9916068053916,734.9422607421875,10497590.0,BAJFINANCE,0.011143213044293887,False
2022-04-05,729.48211976206,733.8923666570245,719.1800857909751,724.9148559570312,10720820.0,BAJFINANCE,-0.013643799412255908,False
2022-04-06,721.1424430826893,728.5010394406759,716.2367121773649,720.8432006835938,7670310.0,BAJFINANCE,-0.005616735869017453,False
2022-04-07,717.2177965925737,721.7310446830329,713.2932122062941,715.275146484375,7182660.0,BAJFINANCE,-0.007724362515923566,False
2022-04-08,719.0133714137547,728.5010382008705,712.3121262408512,722.7711181640625,8819730.0,BAJFINANCE,0.01047984361896348,False
2022-04-11,720.6567696952686,724.4783531761578,715.7461283420049,719.8325805664062,5975080.0,BAJFINANCE,-0.004065654428915932,False
2022-04-12,716.2318637609428,716.2318637609428,708.3876041538977,713.73486328125,8055980.0,BAJFINANCE,-0.008471021526086253,False
2022-04-13,717.5121611161284,724.0858522393564,714.4755425534886,719.0280151367188,6723170.0,BAJFINANCE,0.007416131854810271,False
2022-04-14,717.5121611161284,724.0858522393564,714.4755425534886,719.0280151367188,6723170.0,BAJFINANCE,0.0,False
2022-04-15,717.5121611161284,724.0858522393564,714.4755425534886,719.0280151367188,6723170.0,BAJFINANCE,0.0,False
2022-04-18,712.8518008675269,723.5953643558631,709.5257006848723,712.4544677734375,7582220.0,BAJFINANCE,-0.009142268764077754,False
2022-04-19,716.2367249767888,730.2965667703382,701.617622663909,712.2680053710938,11911100.0,BAJFINANCE,-0.00026171834240362735,False
2022-04-20,713.7789113737174,715.7166510601506,682.8777182667526,689.9910278320312,15581810.0,BAJFINANCE,-0.03127611709507594,False
2022-04-21,696.5157343265954,705.1498091947344,691.4431651883674,700.3519897460938,8753430.0,BAJFINANCE,0.015016082088222138,False
2022-04-22,694.6515424171475,707.1121117226996,693.8077710175444,697.6685791015625,8079870.0,BAJFINANCE,-0.0038315171282715665,False
2022-04-25,686.8023005431959,694.1559860989736,681.8965698250303,687.3419189453125,6849530.0,BAJFINANCE,-0.01480167011326261,False
2022-04-26,699.655395257208,712.6016277364089,696.3195338027548,710.4038696289062,10124190.0,BAJFINANCE,0.033552370440291135,False
2022-04-27,696.6138654652053,696.6138654652053,656.2740453585403,658.7514038085938,39843570.0,BAJFINANCE,-0.07270859299695853,False
2022-04-28,662.0774166328578,667.6699617204027,645.5941731256796,660.080810546875,24990940.0,BAJFINANCE,0.002018070444472997,False
2022-04-29,667.1793749142926,669.494865431443,652.5602734807898,654.60107421875,13375170.0,BAJFINANCE,-0.008301614348681152,False
2022-05-02,642.6507735059253,652.4475041313099,640.2469532922647,650.1221923828125,12387410.0,BAJFINANCE,-0.00684215472955485,False
2022-05-03,642.6507735059253,652.4475041313099,640.2469532922647,650.1221923828125,12387410.0,BAJFINANCE,0.0,False
2022-05-04,650.4901279311225,654.2087104601861,617.140977232603,622.0221557617188,16491150.0,BAJFINANCE,-0.04322270020979002,False
2022-05-05,627.9335264379265,637.4947907333263,617.1409189522745,619.0492553710938,14860280.0,BAJFINANCE,-0.004779412377979408,False
2022-05-06,608.4087770278741,608.8061700110609,586.2348953177392,588.7172241210938,30648650.0,BAJFINANCE,-0.04899776711922099,False
2022-05-09,584.8612129520544,601.9577330170796,572.2584190358513,592.3130493164062,19356480.0,BAJFINANCE,0.006107898746602336,False
2022-05-10,588.6877324935665,599.7795833338365,578.8762702853404,581.6676025390625,11779330.0,BAJFINANCE,-0.01797266967126543,False
2022-05-11,584.4687793095468,588.3540797759327,562.8835637961698,569.7515869140625,18613390.0,BAJFINANCE,-0.02048595378698226,False
2022-05-12,564.1590965610084,565.6062633332033,540.2093428283175,548.7943725585938,24940440.0,BAJFINANCE,-0.03678307324948227,False
2022-05-13,559.253326738228,564.0609670095665,539.630402993027,541.1757202148438,21053150.0,BAJFINANCE,-0.01388252636088494,False
2022-05-16,546.9889927187891,560.4257967753825,538.453009016968,553.896240234375,14149550.0,BAJFINANCE,0.023505341323297513,False
2022-05-17,555.3287832743193,573.8724715459028,554.5438782430408,572.7244873046875,14017700.0,BAJFINANCE,0.03399237204127892,False
2022-05-18,577.8901961701582,584.4393350203867,568.0836447785932,570.55615234375,16550940.0,BAJFINANCE,-0.0037860000907975477,False
2022-05-19,554.445730530906,563.6685293778874,550.5211454699634,559.940185546875,10650250.0,BAJFINANCE,-0.01860634882871104,False
2022-05-20,572.9894012565227,573.1807319584829,560.4307414250434,566.0821533203125,10986100.0,BAJFINANCE,0.010968971207949263,False
2022-05-23,571.5177258980142,579.4895396712698,566.2391539564774,568.4761962890625,9680210.0,BAJFINANCE,0.0042291440468629204,False
2022-05-24,567.396793834531,572.3025244744359,561.7061582691226,568.947021484375,10840690.0,BAJFINANCE,0.0008282232367617937,False
2022-05-25,572.891275891945,576.6883068007996,569.2413809787857,571.7531127929688,8675980.0,BAJFINANCE,0.004932078388024008,False
2022-05-26,573.970541395594,576.4675417695853,554.6812329689453,570.811279296875,12595460.0,BAJFINANCE,-0.0016472730537363534,False
2022-05-27,578.8762942030093,596.2425950059826,575.0547103519951,588.0499877929688,16258050.0,BAJFINANCE,0.03020036415070204,False
2022-05-30,597.3217562369372,601.148250125053,592.7201784589676,599.5980224609375,8174840.0,BAJFINANCE,0.01963784526432888,False
2022-05-31,599.4803909083747,605.2887602523214,590.3017864102627,596.7479248046875,15489660.0,BAJFINANCE,-0.00475334732518351,False
2022-06-01,594.5746546928362,601.4426787569449,586.455645148998,589.6836547851562,8876200.0,BAJFINANCE,-0.011837946519618558,False
2022-06-02,589.3745571665372,596.5369127273347,583.7035031661567,594.3636474609375,7508090.0,BAJFINANCE,0.00793644632643975,False
2022-06-03,600.9520783613557,605.170995261132,590.0613789358382,591.45458984375,10434650.0,BAJFINANCE,-0.004894407034506054,False
2022-06-06,589.4922719037529,593.5934558672517,579.9554996216608,590.7481079101562,7376570.0,BAJFINANCE,-0.001194482122085505,False
2022-06-07,586.7253864352149,587.7016220449691,572.3663032241456,576.7765502929688,8969820.0,BAJFINANCE,-0.023650617632299475,False
2022-06-08,578.8763013779371,593.9859779439412,569.2855726004938,584.2039184570312,13341460.0,BAJFINANCE,0.012877375406974867,False
2022-06-09,579.3668061887067,581.9766286193499,574.4610753996405,578.7339477539062,12376740.0,BAJFINANCE,-0.009363118819147975,False
2022-06-10,571.5176896413728,572.4988358896842,554.5830958140123,556.0646362304688,21518910.0,BAJFINANCE,-0.039170523193633566,False
2022-06-13,542.0881671088961,544.928604421808,522.4603332719365,525.72265625,19327850.0,BAJFINANCE,-0.05456556307222726,False
2022-06-14,524.6189018506501,535.8039329567721,518.4572747735951,527.439697265625,18845410.0,BAJFINANCE,0.0032660586246608947,False
2022-06-15,531.5849669616244,539.6205562479317,529.4411650399453,538.1537475585938,16599430.0,BAJFINANCE,0.020313317993531754,False
2022-06-16,546.007797550277,550.9086174652994,515.5775372822035,518.4277954101562,21796860.0,BAJFINANCE,-0.036654863480793165,False
2022-06-17,512.1583318045123,537.1775606570316,512.1583318045123,531.7371215820312,19379390.0,BAJFINANCE,0.02567247799926564,False
2022-06-20,532.5661790452154,540.6115903706269,525.1094914076626,536.7311401367188,11194560.0,BAJFINANCE,0.009391893761017123,False
2022-06-21,542.0832513448764,545.9097453081333,535.2152282509143,544.4526977539062,10023590.0,BAJFINANCE,0.01438626723841785,False
2022-06-22,542.7210202385364,542.7210202385364,530.3094974092375,533.7042846679688,8983460.0,BAJFINANCE,-0.01974168395212139,False
2022-06-23,534.2929547919035,539.1398192566664,524.2263855278258,534.5431518554688,11018570.0,BAJFINANCE,0.0015717827486092517,False
2022-06-24,540.6114944123246,551.0753958809942,535.2151909290801,548.2399291992188,13049330.0,BAJFINANCE,0.025623333300981876,False
2022-06-27,559.2533363656881,561.7062018760639,548.2399941778655,553.4841918945312,10490080.0,BAJFINANCE,0.009565634343657647,False
2022-06-28,550.1286697518168,551.3060571332466,542.0832591771918,547.1116333007812,7395000.0,BAJFINANCE,-0.011513533154284383,False
2022-06-29,538.1586763958879,544.9286089497097,535.7058109610845,540.8862915039062,7559820.0,BAJFINANCE,-0.0113785586303784,False
2022-06-30,542.8557337077725,545.0614938977994,529.4832374276629,531.7973022460938,11982750.0,BAJFINANCE,-0.016803881704121282,False
2022-07-01,528.203138829888,554.785615534977,525.3523589384246,552.8604736328125,12218900.0,BAJFINANCE,0.039607518311500556,False
2022-07-04,552.712747441166,556.2626992882776,545.6326174565455,554.4262084960938,7898180.0,BAJFINANCE,0.002832061501870209,False
2022-07-05,557.3507407861828,566.7055677075056,554.0470290378064,557.4590454101562,12284530.0,BAJFINANCE,0.005470226456806948,False
2022-07-06,559.3202048995447,584.8096573043618,555.9623406778878,582.6284790039062,22229520.0,BAJFINANCE,0.045150282879043324,False
2022-07-07,584.4305889782634,589.5412817897708,572.7124115946639,577.1141357421875,13352470.0,BAJFINANCE,-0.009464596154218796,False
2022-07-08,583.7412097280683,583.7412097280683,571.2352707234224,578.344970703125,8032820.0,BAJFINANCE,0.002132740968741942,False
2022-07-11,576.0604205849503,581.3729970297981,572.4957438161939,577.19287109375,7613370.0,BAJFINANCE,-0.001992062986169496,False
2022-07-12,576.0406877735147,586.8480108523121,569.5612824300628,578.37939453125,9754460.0,BAJFINANCE,0.0020556793004937735,False
2022-07-13,583.9332193749682,588.763293105838,577.6950052150438,578.90625,8869340.0,BAJFINANCE,0.0009109167334306889,False
2022-07-14,583.4457248385761,583.6377521628422,570.6148136355666,574.1746215820312,6929200.0,BAJFINANCE,-0.008173393218623537,False
2022-07-15,576.5527486352939,583.765824505065,572.4021332312084,582.4807739257812,5698590.0,BAJFINANCE,0.014466247778182728,False
2022-07-18,587.8671765608831,597.5371209048901,584.0711054023504,596.7197875976562,9664320.0,BAJFINANCE,0.024445465514522313,False
2022-07-19,594.770062379936,600.4962037124106,591.0330719458227,597.3253784179688,9785600.0,BAJFINANCE,0.0010148663290530102,False
2022-07-20,605.5035549042611,605.5626356223806,594.9719811566224,598.1575317382812,8270920.0,BAJFINANCE,0.0013931323703615384,False
2022-07-21,598.6105002153198,618.713510115035,594.3761618758284,617.1133422851562,13254930.0,BAJFINANCE,0.03169033162850643,False
2022-07-22,617.517138128833,622.8346437129817,612.2686301757466,616.2616577148438,9532950.0,BAJFINANCE,-0.0013801104464193914,False
2022-07-25,614.4644484189229,623.7208279328833,609.0484957485637,613.184326171875,7240230.0,BAJFINANCE,-0.0049935469851877246,False
2022-07-26,620.3727378351322,628.6148279724597,611.7564498096442,616.8720703125,15304060.0,BAJFINANCE,0.006014087417478109,False
2022-07-27,618.304875526415,633.1150226526149,610.0332146762623,629.8605346679688,14449890.0,BAJFINANCE,0.02105536136348163,False
2022-07-28,642.2335477032382,700.1300667998286,642.2335477032382,696.8460083007812,64857820.0,BAJFINANCE,0.1063496916315354,False
2022-07-29,706.5355687633352,714.9056765465941,701.6119759496534,709.8934326171875,26067620.0,BAJFINANCE,0.018723540295827457,False
2022-08-01,714.0244211447485,719.8293570117132,708.2096885770227,715.0042114257812,12270770.0,BAJFINANCE,0.0071993605994518095,False
2022-08-02,709.1402245778991,724.359007892677,707.2445931130192,722.9705810546875,12491240.0,BAJFINANCE,0.011141710078910627,False
2022-08-03,721.4048867445554,726.3679073973515,710.7699369352849,718.4852294921875,12186210.0,BAJFINANCE,-0.006204058201035867,False
2022-08-04,722.6800942619888,727.2147042956642,709.489769052168,720.484130859375,9494810.0,BAJFINANCE,0.0027821050247620605,False
2022-08-05,722.7785915122473,725.5357918293016,716.4862246458998,719.3074340820312,7580780.0,BAJFINANCE,-0.0016332029075230015,False
2022-08-08,718.8445773958266,728.494807647225,715.2996144797875,723.0000610351562,9574820.0,BAJFINANCE,0.005133586528043521,False
2022-08-09,718.8445773958266,728.494807647225,715.2996144797875,723.0000610351562,9574820.0,BAJFINANCE,0.0,False
2022-08-10,725.6392142046711,725.6392142046711,699.6426171954135,704.0147705078125,19065230.0,BAJFINANCE,-0.026259044155766076,False
2022-08-11,713.330292113819,721.3064900101473,710.7059781589907,720.7107543945312,10270510.0,BAJFINANCE,0.023715388634070633,False
2022-08-12,719.0415814758921,723.0789039629386,716.0923538812965,719.770263671875,10369410.0,BAJFINANCE,-0.001304948922881466,False
2022-08-15,719.0415814758921,723.0789039629386,716.0923538812965,719.770263671875,10369410.0,BAJFINANCE,0.0,False
2022-08-16,722.6850301217966,727.1162639784033,716.0972600508763,717.475830078125,8044640.0,BAJFINANCE,-0.0031877304600568257,False
2022-08-17,718.8446580678004,752.1281384345573,718.4507465429435,741.2076416015625,23444140.0,BAJFINANCE,0.0330768097384595,False
2022-08-18,737.5542717517491,747.2832968602224,733.8517199967891,737.3819580078125,8353540.0,BAJFINANCE,-0.0051614195254161555,False
2022-08-19,739.5237309210277,742.3498687329952,715.9889303567252,719.0120239257812,11004270.0,BAJFINANCE,-0.024912372594064203,False
2022-08-22,715.0042200003065,716.8554959540722,698.0523213326999,699.3668823242188,10608620.0,BAJFINANCE,-0.027322410401846575,False
2022-08-23,697.6731592748505,713.9210169008703,694.2266440208464,709.7556762695312,10886030.0,BAJFINANCE,0.014854569479737512,False
2022-08-24,705.5508997091754,712.5818051650606,703.08910312959,706.7227172851562,9530960.0,BAJFINANCE,-0.004273243717212938,False
2022-08-25,710.257912116801,712.8378702275278,691.7747234228714,693.946044921875,13542960.0,BAJFINANCE,-0.0180787627888378,False
2022-08-26,701.1197125113813,703.2368817516622,691.83382240769,695.418212890625,7591390.0,BAJFINANCE,0.0021214444257200427,False
2022-08-29,677.584889788876,690.8293678622837,675.6499512682612,685.7925415039062,9967350.0,BAJFINANCE,-0.013841557796865911,False
2022-08-30,689.3030735404192,722.2911492027106,689.3030735404192,719.4600830078125,17313810.0,BAJFINANCE,0.04909289539672623,False
2022-08-31,689.3030735404192,722.2911492027106,689.3030735404192,719.4600830078125,17313810.0,BAJFINANCE,0.0,False
2022-09-01,711.8137058208464,722.177893608036,703.2860687939886,707.156005859375,14625790.0,BAJFINANCE,-0.017101820433175985,False
2022-09-02,710.6812895037593,720.1247073142091,706.3829422859927,708.047119140625,9063700.0,BAJFINANCE,0.0012601367645419526,False
2022-09-05,708.0815857550465,714.3148711002551,704.8615368146748,708.6231689453125,7070250.0,BAJFINANCE,0.0008135755221865271,False
2022-09-06,711.8284884112204,714.4133748467445,699.6425952151785,701.0556640625,7919050.0,BAJFINANCE,-0.010679166607092005,False
2022-09-07,696.983812731072,709.7802261238456,696.196049871934,705.6986083984375,7919940.0,BAJFINANCE,0.006622789849571209,False
2022-09-08,710.9668364150369,716.8209957637405,706.5356026700679,714.67431640625,7722510.0,BAJFINANCE,0.01271889713398,False
2022-09-09,718.8446107996414,721.2079595884584,705.5509090930726,707.1166381835938,6496070.0,BAJFINANCE,-0.010574996259359315,False
2022-09-12,710.6566675999901,720.8041859485594,707.8009595098563,717.5546264648438,8347160.0,BAJFINANCE,0.014761338819664349,False
2022-09-13,721.7987645645292,733.0245811239777,720.0656501382678,729.031494140625,13827000.0,BAJFINANCE,0.01599441666528434,False
2022-09-14,716.1021911841809,744.447290749998,716.1021911841809,736.9092407226562,14933880.0,BAJFINANCE,0.010805769908908358,False
2022-09-15,737.5493111882815,741.7737323923046,725.708045850819,727.3427124023438,7174200.0,BAJFINANCE,-0.012981962759662236,False
2022-09-16,727.2147460728141,736.5843587491073,708.441082011467,716.294189453125,11870360.0,BAJFINANCE,-0.015190257303502097,False
2022-09-19,716.3827930540051,740.946606139471,708.1062042383404,738.1549072265625,16481170.0,BAJFINANCE,0.03051918903618045,False
2022-09-20,745.4271034575453,759.71045254859,744.9396725249621,751.8720703125,16134500.0,BAJFINANCE,0.018583041244657483,False
2022-09-21,752.3250805274548,761.6799080994584,747.0125039524615,757.3126831054688,12392620.0,BAJFINANCE,0.007236088435506716,False
2022-09-22,755.2792105227578,765.9141600063678,748.3861799182476,760.1585083007812,12810390.0,BAJFINANCE,0.0037577941830351236,False
2022-09-23,759.6907405384765,761.335263991665,736.0772060572135,739.2431030273438,14123310.0,BAJFINANCE,-0.027514531568147205,False
2022-09-26,732.3353246769528,734.600165714293,702.0060000969086,714.8565673828125,18752050.0,BAJFINANCE,-0.03298851966919092,False
2022-09-27,721.3064708046097,726.7174954258617,709.9871337945145,713.2169799804688,11428290.0,BAJFINANCE,-0.002293589339672053,False
2022-09-28,706.9295874114501,718.5984801080896,705.0684546211121,709.24365234375,8690690.0,BAJFINANCE,-0.00557099416902207,False
2022-09-29,720.0755355991389,720.5088142229482,697.9735175881805,699.6179809570312,9696320.0,BAJFINANCE,-0.013571741326002695,False
2022-09-30,697.2793056693307,724.94993792465,691.9421470044033,722.3650512695312,16186650.0,BAJFINANCE,0.032513558730127956,False
2022-10-03,722.4880914844904,728.4948512580509,703.5421141186192,706.2205200195312,8201980.0,BAJFINANCE,-0.022349546426182365,False
2022-10-04,722.2910885182965,739.0313046121084,719.4698793635848,737.4262084960938,11914950.0,BAJFINANCE,0.04418689006048626,False
2022-10-05,722.2910885182965,739.0313046121084,719.4698793635848,737.4262084960938,11914950.0,BAJFINANCE,0.0,False
2022-10-06,743.4626697691419,748.2878157728676,723.4630339970665,729.1005249023438,15100600.0,BAJFINANCE,-0.01129019215458782,False
2022-10-07,727.259095776919,729.4550594693203,716.1120722627115,723.2907104492188,9911960.0,BAJFINANCE,-0.007968468345161517,False
2022-10-10,715.398135630198,722.5865701205119,711.0653493087284,718.1947631835938,6531130.0,BAJFINANCE,-0.007045503546506238,False
2022-10-11,719.5339450848548,724.0144030184387,706.2993237394878,709.273193359375,7322060.0,BAJFINANCE,-0.012422215089221034,False
2022-10-12,709.4897329730901,714.7579533060247,703.5814215257083,711.5773315429688,7407310.0,BAJFINANCE,0.0032485905362933387,False
2022-10-13,711.0161259974053,711.5577092624335,700.5977853127102,704.236328125,6086550.0,BAJFINANCE,-0.010316522312551313,False
2022-10-14,718.8446340760893,723.2758681217638,711.0653324882551,716.1366577148438,8390120.0,BAJFINANCE,0.016898204643216674,False
2022-10-17,714.4084450289922,725.9641038465883,710.6714546183025,724.2802734375,6174010.0,BAJFINANCE,0.011371594562191722,False
2022-10-18,728.6918115154639,731.6459675080941,720.9125100272212,727.7464599609375,9069750.0,BAJFINANCE,0.004785697816932943,False
2022-10-19,730.3658839444104,732.6307249715453,723.7682565243089,726.7617797851562,6271770.0,BAJFINANCE,-0.001353053886148925,False
2022-10-20,725.7327001622386,733.5169297628352,715.0041714814201,731.8822631835938,10260540.0,BAJFINANCE,0.007045614589076488,False
2022-10-21,737.5542451921583,737.5542451921583,704.3741441324008,708.2835083007812,23869600.0,BAJFINANCE,-0.03224392237647755,False
2022-10-24,719.8293880053832,719.8293880053832,708.0127633048844,709.6375732421875,2278840.0,BAJFINANCE,0.0019117555689736054,False
2022-10-25,713.187413461906,713.187413461906,698.1655255890258,699.435791015625,9098990.0,BAJFINANCE,-0.014376045760870149,False
2022-10-26,713.187413461906,713.187413461906,698.1655255890258,699.435791015625,9098990.0,BAJFINANCE,0.0,False
2022-10-27,707.6187459400635,709.9820945676774,682.5084222070874,686.4571533203125,16414580.0,BAJFINANCE,-0.018555867260476755,False
2022-10-28,689.3030702116189,698.1655382571969,687.3336328681571,689.9776000976562,8396690.0,BAJFINANCE,0.005128429007281499,False
2022-10-31,698.5594080866111,704.0344411706632,693.8327106623598,703.4927978515625,8189860.0,BAJFINANCE,0.0195878790151931,False
2022-11-01,708.697095649987,712.5423907229299,705.0585530278627,709.9329223632812,7627420.0,BAJFINANCE,0.009154499564724139,False
2022-11-02,709.6867750027657,712.936334673465,703.0940761321297,704.6843872070312,5859140.0,BAJFINANCE,-0.00739300149481481,False
2022-11-03,699.6426151323416,708.5050831635746,698.3723496847497,701.2772216796875,6323130.0,BAJFINANCE,-0.004835023436304375,False
2022-11-04,701.2772426734904,711.449403669213,701.2772426734904,710.1791381835938,9219250.0,BAJFINANCE,0.012693862325350525,False
2022-11-07,713.7339237224849,713.985031786931,700.2334093672391,708.0176391601562,7224940.0,BAJFINANCE,-0.0030435969000243146,False
2022-11-08,713.7339237224849,713.985031786931,700.2334093672391,708.0176391601562,7224940.0,BAJFINANCE,0.0,False
2022-11-09,712.4440097721177,712.4440097721177,700.5929461583105,703.4830932617188,6896340.0,BAJFINANCE,-0.0064045662814506965,False
2022-11-10,704.8616182519513,705.5509333475907,685.8122642600858,686.8511352539062,10081820.0,BAJFINANCE,-0.023642299533735756,False
2022-11-11,703.9753809582971,704.8468064700963,688.8106898358674,694.3694458007812,12333420.0,BAJFINANCE,0.01094605535462323,False
2022-11-14,694.7091326814872,699.839538351273,689.40641327293,691.8436279296875,8550600.0,BAJFINANCE,-0.003637570584893557,False
2022-11-15,692.7642608555416,695.4475947692957,687.43197162855,691.838623046875,7195210.0,BAJFINANCE,-7.234124317245794e-06,False
2022-11-16,690.3862288436708,692.734792465384,674.7883189185437,678.9684448242188,13362040.0,BAJFINANCE,-0.01860286169912817,False
2022-11-17,676.5017197714407,684.3794690555331,672.7598008819882,678.9684448242188,7339440.0,BAJFINANCE,0.0,False
2022-11-18,680.4307642552582,682.2131026964798,664.685121873493,668.771728515625,13276890.0,BAJFINANCE,-0.015017953170465281,False
2022-11-21,664.3896468540382,664.3896468540382,650.9334288123596,657.703369140625,10717480.0,BAJFINANCE,-0.01655028001791703,False
2022-11-22,657.8167219409515,662.4941356829894,655.8522129774923,658.2893676757812,9587690.0,BAJFINANCE,0.0008909769398353085,False
2022-11-23,661.5831929723248,670.1010332329471,658.7767688946975,667.6441650390625,8936670.0,BAJFINANCE,0.014210767821315695,False
2022-11-24,670.9824480887287,673.5328359794047,663.4345404471524,666.7875366210938,7546110.0,BAJFINANCE,-0.0012830613413937764,False
2022-11-25,666.6545207534908,667.4422836467409,657.2996936528141,664.4389038085938,8590580.0,BAJFINANCE,-0.003522310606466239,False
2022-11-28,662.6171896491579,672.8385738287511,662.5728340370748,667.3881225585938,6040540.0,BAJFINANCE,0.0044386605496682385,False
2022-11-29,667.146864776057,670.4850753210754,661.8293601892585,663.124267578125,6818600.0,BAJFINANCE,-0.006388868540426307,False
2022-11-30,663.208021465356,665.0986644751437,657.5951130493893,661.824462890625,14828310.0,BAJFINANCE,-0.001960122334607295,False
2022-12-01,665.1380918939528,666.6545370029834,660.450821426549,664.4635620117188,9816160.0,BAJFINANCE,0.003987611925928336,False
2022-12-02,662.7353967090388,663.8924291575591,654.5425299374402,657.3735961914062,14386020.0,BAJFINANCE,-0.010670210114828604,False
2022-12-05,657.2554303703021,659.6630747807742,653.0654475341939,655.866943359375,10292500.0,BAJFINANCE,-0.002291927818154349,False
2022-12-06,657.2406393991919,663.2080322069331,653.0654418046611,659.6187133789062,8409800.0,BAJFINANCE,0.005720321869424616,False
2022-12-07,662.2184193411691,662.2184193411691,650.0128114165228,652.3958740234375,9610270.0,BAJFINANCE,-0.010950021897452977,False
2022-12-08,657.7919991038465,657.7919991038465,645.975376365454,648.1368408203125,11377840.0,BAJFINANCE,-0.006528295736848877,False
2022-12-09,650.1604984786748,651.6868003887276,639.0824134989169,641.7854614257812,11312920.0,BAJFINANCE,-0.009799442022910831,False
2022-12-12,640.8647428945579,643.9075499714252,629.4321737803,640.7072143554688,11000480.0,BAJFINANCE,-0.0016800740046636342,False
2022-12-13,640.7564499796543,654.6409591724566,640.7564499796543,651.8936157226562,9586360.0,BAJFINANCE,0.017459459042365566,False
2022-12-14,655.6257266156628,658.6340351611526,652.5336953401894,655.3500366210938,6782830.0,BAJFINANCE,0.005302124173445,False
2022-12-15,653.0654753645289,661.1401809909034,650.3082749342321,652.41552734375,8577060.0,BAJFINANCE,-0.004477773881685798,False
2022-12-16,648.9295505581281,659.2986661559809,645.9753947892747,649.6090087890625,8802330.0,BAJFINANCE,-0.004301734764213805,False
2022-12-19,649.9242369037544,660.2539270559158,649.6189764929575,658.4814453125,6595590.0,BAJFINANCE,0.013658118042384704,False
2022-12-20,655.8226079590064,659.6482494551601,648.4372182297383,654.1337890625,6077160.0,BAJFINANCE,-0.006602549367107358,False
2022-12-21,659.1607531504029,659.1607531504029,640.5594056396759,642.6962280273438,6223900.0,BAJFINANCE,-0.017485048512091872,False
2022-12-22,646.9601017689865,647.4524610549599,630.9092010667456,639.1463623046875,8497060.0,BAJFINANCE,-0.005523395918398344,False
2022-12-23,635.1435067207511,636.7190324638829,624.3165303562427,627.71875,9943030.0,BAJFINANCE,-0.017879492051681045,False
2022-12-26,627.7237800730697,637.1031903393214,620.3728279758589,633.5385131835938,5305350.0,BAJFINANCE,0.009271290977995728,False
2022-12-27,636.7190508841862,643.0212742439455,633.1740878083567,640.5299072265625,7810350.0,BAJFINANCE,0.01103546808517808,False
2022-12-28,637.6053184212307,646.9601454868704,636.5270803612648,637.713623046875,7559340.0,BAJFINANCE,-0.004396803565163365,False
2022-12-29,634.1587607695516,642.0857332586806,630.4562093200949,641.1404418945312,5218800.0,BAJFINANCE,0.005373601447125287,False
2022-12-30,644.9907187615337,661.7210790867565,641.5442034704415,647.4722290039062,15202660.0,BAJFINANCE,0.009875819236523142,False
2023-01-02,646.4677938329976,650.8990277587379,638.5654026244448,645.3599853515625,5793400.0,BAJFINANCE,-0.0032622922771425866,False
2023-01-03,646.4678205564096,655.8226481196783,643.0213051383632,650.52978515625,7420810.0,BAJFINANCE,0.008010722576596185,False
2023-01-04,649.4220037830466,653.6562823103436,644.9907694888484,647.0586547851562,6712530.0,BAJFINANCE,-0.005335851563291638,False
2023-01-05,639.082451415914,639.082451415914,593.2979591846919,600.683349609375,51023000.0,BAJFINANCE,-0.07167094487157322,False
2023-01-06,603.6325357687522,604.6123260226925,585.0804098556723,588.901123046875,29319220.0,BAJFINANCE,-0.019614704769429725,False
2023-01-09,592.8006452463744,598.5120015687879,586.3999738276012,590.1763916015625,14005480.0,BAJFINANCE,0.0021655053875420105,False
2023-01-10,590.7328032338178,592.3083291956806,578.5222666707604,581.3927001953125,11203750.0,BAJFINANCE,-0.014883162951357054,False
2023-01-11,583.9382013556052,585.8091909658572,577.5916819886103,580.5655517578125,11088910.0,BAJFINANCE,-0.0014227017938513997,False
2023-01-12,581.6289640380263,587.3747583120893,576.7496667937663,580.826416015625,14769490.0,BAJFINANCE,0.0004493278270174539,False
2023-01-13,582.9533785282215,589.3540490694942,578.2267415336179,588.6450805664062,11084900.0,BAJFINANCE,0.013461275753289703,False
2023-01-16,590.8311712760601,597.9408108545704,588.3250792199182,591.904541015625,9083390.0,BAJFINANCE,0.005537225327836737,False
2023-01-17,592.7956360030755,592.7956360030755,584.9228160398264,589.34912109375,8170050.0,BAJFINANCE,-0.004317283860485799,False
2023-01-18,591.220171920138,595.6563342377351,589.3541108493245,590.6982421875,7962810.0,BAJFINANCE,0.002289171300105197,False
2023-01-19,589.1571254215723,593.7508761488294,586.9562937786649,592.05712890625,5481420.0,BAJFINANCE,0.0023004753048150306,False
2023-01-20,592.0620643535365,592.7759613049145,574.7999182684042,577.08447265625,8330900.0,BAJFINANCE,-0.0252892086236004,False
2023-01-23,579.113057855538,584.4305630089885,575.1741829574152,577.340576171875,8560640.0,BAJFINANCE,0.00044378860939753295,False
2023-01-24,580.2306594285279,583.0518686477257,575.3366367548841,576.5576782226562,6081450.0,BAJFINANCE,-0.0013560417915017275,False
2023-01-25,576.0652613640332,576.5576206229761,568.8718998031705,570.7330322265625,8278370.0,BAJFINANCE,-0.010102451525837441,False
2023-01-26,576.0652613640332,576.5576206229761,568.8718998031705,570.7330322265625,8278370.0,BAJFINANCE,0.0,False
2023-01-27,572.6138604378252,577.1977543262772,559.3201594646341,567.266845703125,16213520.0,BAJFINANCE,-0.006073218698968708,False
2023-01-30,568.1876237823079,597.3500587477088,568.1876237823079,592.9779052734375,24481600.0,BAJFINANCE,0.04532445314769595,False
2023-01-31,595.7547573804902,595.7547573804902,578.4237339340394,579.644775390625,19967880.0,BAJFINANCE,-0.022485036565846883,False
2023-02-01,585.3167907681543,588.9011209834347,562.1660456440967,572.8305053710938,26348660.0,BAJFINANCE,-0.011755941412460946,False
2023-02-02,573.0077816271294,573.0077816271294,555.8736538191793,563.0276489257812,20250440.0,BAJFINANCE,-0.01711301397777687,False
2023-02-03,568.182693649431,593.7853800183829,565.9227810467066,592.2344360351562,14868920.0,BAJFINANCE,0.051874516580312946,False
2023-02-06,590.831107832812,603.0416414356694,586.4589552307513,601.0918579101562,10738200.0,BAJFINANCE,0.014955938621701748,False
2023-02-07,602.9383172267305,608.7531099766406,600.678404647769,606.640869140625,14721930.0,BAJFINANCE,0.009231552810848642,False
2023-02-08,607.0790492577603,627.9550967109597,606.8624400033925,625.4588012695312,19032080.0,BAJFINANCE,0.031019888514211003,False
2023-02-09,627.7483188344424,638.8658315007258,623.843942819029,635.6359252929688,18381540.0,BAJFINANCE,0.016271453855602358,False
2023-02-10,635.5325354708132,642.784978975521,632.1893962996505,633.7156982421875,12912820.0,BAJFINANCE,-0.0030209542512817933,False
2023-02-13,633.6615260296352,637.4231585036655,620.0822774153853,624.8532104492188,7365570.0,BAJFINANCE,-0.013984958582455298,False
2023-02-14,625.6705548834475,637.3443755120701,621.3574822900994,636.000244140625,10340900.0,BAJFINANCE,0.01783944373654167,False
2023-02-15,635.1435075491383,639.6731891433907,629.9540212081607,639.0774536132812,6189790.0,BAJFINANCE,0.004838377816684947,False
2023-02-16,640.5594474361687,642.5042426245285,632.1893393605231,633.8928833007812,5290480.0,BAJFINANCE,-0.008112585232332825,False
2023-02-17,631.2046352362918,637.6841005826934,627.0195811025098,631.8643798828125,6160440.0,BAJFINANCE,-0.003200072869419257,False
2023-02-20,632.6818164520586,634.508450557042,624.6071104317106,627.0098266601562,4657320.0,BAJFINANCE,-0.007682903764185234,False
2023-02-21,629.7276408295902,631.0324051942566,625.4933622237071,628.1766967773438,4485090.0,BAJFINANCE,0.0018610077028664573,False
2023-02-22,623.4253765550069,626.2810847876322,609.0485077691045,610.3926391601562,9347000.0,BAJFINANCE,-0.028310597493384937,False
2023-02-23,611.9041937016673,616.6751267160316,602.9087792094288,610.7569580078125,8097680.0,BAJFINANCE,0.0005968598313332851,False
2023-02-24,615.818411405972,618.9941049373014,610.525548785453,614.0951538085938,6077610.0,BAJFINANCE,0.005465669702183762,False
2023-02-27,612.0026088599851,614.5628531746529,604.1248600733722,609.9839477539062,5950040.0,BAJFINANCE,-0.00669473782554697,False
2023-02-28,612.4949650316829,615.1142900447776,599.6936233188021,601.869873046875,9778520.0,BAJFINANCE,-0.013302111861974497,False
2023-03-01,600.6882788670343,610.9145924393763,600.6882788670343,606.07958984375,5448040.0,BAJFINANCE,0.00699439693760362,False
2023-03-02,607.0987519269909,611.4709050693656,597.729139692784,599.0043334960938,5822980.0,BAJFINANCE,-0.011673807312139073,False
2023-03-03,602.8251008120409,604.7157439320706,598.0196686341835,600.683349609375,7120370.0,BAJFINANCE,0.002803011630118979,False
2023-03-06,604.6172519519292,608.8515301324042,602.6527430506077,604.110107421875,6084770.0,BAJFINANCE,0.005704765771730624,False
2023-03-07,604.6172519519292,608.8515301324042,602.6527430506077,604.110107421875,6084770.0,BAJFINANCE,0.0,False
2023-03-08,603.5340793855903,603.5340793855903,589.3541069077302,590.52099609375,13427950.0,BAJFINANCE,-0.022494428020942148,False
2023-03-09,590.8312294633503,594.7701043264393,580.009180393407,581.112060546875,9408580.0,BAJFINANCE,-0.01593327859485838,False
2023-03-10,577.5375415865432,579.7433019499513,569.2658801213009,578.4385375976562,7708610.0,BAJFINANCE,-0.0046007011912688744,False
2023-03-13,577.9313613790486,585.6613782276635,572.2199455060475,574.4404907226562,7933560.0,BAJFINANCE,-0.006911792031707442,False
2023-03-14,575.0756678080952,576.0603864173556,562.879918216012,564.3964233398438,13725650.0,BAJFINANCE,-0.017484957180119554,False
2023-03-15,571.1368254781421,573.1062628073771,561.3880866574459,563.135986328125,6794730.0,BAJFINANCE,-0.002233247695405338,False
2023-03-16,564.2142622091911,566.7056294467311,557.8431608715432,562.776611328125,8849630.0,BAJFINANCE,-0.000638167349849672,False
2023-03-17,565.2334723719929,572.7862481082019,560.117851421152,564.4752197265625,10471510.0,BAJFINANCE,0.003018264022075945,False
2023-03-20,565.1300688343298,565.2728121718287,540.1871280909953,546.59765625,17127560.0,BAJFINANCE,-0.03167112187001331,False
2023-03-21,551.6196603774727,562.7666821870683,550.0785733581116,562.2841796875,11301140.0,BAJFINANCE,0.028698482801992498,False
2023-03-22,566.1934891003622,576.7497038892943,564.7361247853146,574.5045166015625,12425340.0,BAJFINANCE,0.021733382078887864,False
2023-03-23,572.0723032332304,580.9839948627526,568.428832261905,574.3912963867188,10544190.0,BAJFINANCE,-0.00019707454262241075,False
2023-03-24,571.5208757687667,574.0663350315745,554.1208538255656,556.2921752929688,12780420.0,BAJFINANCE,-0.03151008938959354,False
2023-03-27,561.0926740513187,563.7514264235016,549.9210698301491,550.758056640625,11187430.0,BAJFINANCE,-0.009948223070779694,False
2023-03-28,553.5152467613651,553.845149139584,543.8305774925232,544.9876098632812,9481360.0,BAJFINANCE,-0.01047728073655585,False
2023-03-29,547.7153063645889,555.9721216986222,547.0112060898874,553.9239501953125,11096120.0,BAJFINANCE,0.016397327517726712,False
2023-03-30,547.7153063645889,555.9721216986222,547.0112060898874,553.9239501953125,11096120.0,BAJFINANCE,0.0,False
2023-03-31,560.6987839734904,560.6987839734904,550.0834888228162,553.091796875,12678280.0,BAJFINANCE,-0.0015022880307289377,False
2023-04-03,556.8583664636167,564.6376674189438,554.613179213843,562.7716064453125,7453860.0,BAJFINANCE,0.01750127126275225,False
2023-04-04,556.8583664636167,564.6376674189438,554.613179213843,562.7716064453125,7453860.0,BAJFINANCE,0.0,False
2023-04-05,574.2879571826086,585.6171506209325,565.5387219270425,567.3259887695312,24333290.0,BAJFINANCE,0.008092772044748342,False
2023-04-06,567.2964062016387,586.7938841027408,561.8361579622914,584.15478515625,17405020.0,BAJFINANCE,0.02966336236987588,False
2023-04-07,567.2964062016387,586.7938841027408,561.8361579622914,584.15478515625,17405020.0,BAJFINANCE,0.0,False
2023-04-10,585.4102751620987,587.8671432435414,572.2199503755209,573.9727783203125,9282570.0,BAJFINANCE,-0.017430323425689287,False
2023-04-11,576.8481450843242,579.0145380294148,572.2347408376268,574.8541259765625,8116200.0,BAJFINANCE,0.0015355216998778065,False
2023-04-12,574.7803030617737,578.6945357569375,569.7582017539212,576.7448120117188,10230690.0,BAJFINANCE,0.003288984021719177,False
2023-04-13,576.7448273764676,584.6275053941237,576.099807777481,581.4222412109375,8330060.0,BAJFINANCE,0.00811004989000863,False
2023-04-14,576.7448273764676,584.6275053941237,576.099807777481,581.4222412109375,8330060.0,BAJFINANCE,0.0,False
2023-04-17,590.6342104824885,590.6342104824885,580.9839801213035,587.0350952148438,6728570.0,BAJFINANCE,0.009653662357697712,False
2023-04-18,588.369326533777,590.2403157972075,578.0544238878259,582.5250244140625,6408890.0,BAJFINANCE,-0.00768279586270848,False
2023-04-19,582.5250667820625,586.8922914122146,579.0145425341982,585.68603515625,5549280.0,BAJFINANCE,0.005426394763670572,False
2023-04-20,586.8923191521164,587.4781979034328,579.620162258981,582.234619140625,4367310.0,BAJFINANCE,-0.005892945722539289,False
2023-04-21,582.2641246356035,585.4152363302019,573.8940161262567,584.716064453125,6431010.0,BAJFINANCE,0.004261933644829741,False
2023-04-24,584.9228221442489,587.3550481278946,578.7191072632093,584.307373046875,5448920.0,BAJFINANCE,-0.0006989570341842111,False
2023-04-25,586.8824478601811,599.9595401421169,583.8101305365852,598.2412109375,14944750.0,BAJFINANCE,0.02384676034116584,False
2023-04-26,600.6783515291369,602.6280751422986,592.1408580172377,596.3406372070312,9740070.0,BAJFINANCE,-0.003176935483081067,False
2023-04-27,598.2166055237158,615.8873896679007,597.330334659734,610.530517578125,28271360.0,BAJFINANCE,0.02379492438676034,False
2023-04-28,614.8485310781757,619.9788771026875,601.7615809286756,618.4132080078125,14896680.0,BAJFINANCE,0.012911214431928553,False
2023-05-01,614.8485310781757,619.9788771026875,601.7615809286756,618.4132080078125,14896680.0,BAJFINANCE,0.0,False
2023-05-02,623.3268891949851,623.7848098003745,612.9676300343461,615.3654174804688,9912540.0,BAJFINANCE,-0.0049284046457579445,False
2023-05-03,614.2724534912477,615.9415589327853,606.1878911687692,608.580810546875,6682510.0,BAJFINANCE,-0.011025330219843088,False
2023-05-04,610.230186906588,630.1215165528652,608.7678940700747,629.2598876953125,12451410.0,BAJFINANCE,0.03397918039817127,False
2023-05-05,628.2455970956864,634.9466005824656,623.4893889846277,629.220458984375,11600400.0,BAJFINANCE,-6.265886592882186e-05,False
2023-05-08,629.673415517007,659.2789837175087,629.0382527638926,655.6207275390625,22247350.0,BAJFINANCE,0.041957104505629284,False
2023-05-09,654.8378675732911,663.6855497504256,644.2029187369524,645.2122192382812,21307700.0,BAJFINANCE,-0.015875807251931495,False
2023-05-10,649.0230874379074,656.3149576394034,642.5288970138196,653.0161743164062,8353210.0,BAJFINANCE,0.012095175580118633,False
2023-05-11,655.7242065841472,657.7920918138354,652.3761389620748,656.162353515625,5674940.0,BAJFINANCE,0.004817919253703451,False
2023-05-12,654.8378533230954,663.075014598504,650.3770493227098,661.179443359375,9120780.0,BAJFINANCE,0.007646110473831902,False
2023-05-15,661.1794687958885,664.6850646587312,658.3631879835532,660.97265625,7390760.0,BAJFINANCE,-0.00031275489801130263,False
2023-05-16,661.7309201270361,674.4338145097428,659.7614828647534,668.0922241210938,12651330.0,BAJFINANCE,0.010771350075941655,False
2023-05-17,668.1316099306416,670.6377020883552,656.0195824490743,660.2587890625,7407850.0,BAJFINANCE,-0.011725080424186962,False
2023-05-18,665.650152309137,672.6269061945728,664.2075730174507,668.56494140625,11067180.0,BAJFINANCE,0.01258014657486628,False
2023-05-19,669.6086676725536,671.5781049304139,660.9431557584586,668.0527954101562,5928340.0,BAJFINANCE,-0.0007660377689211462,False
2023-05-22,668.0528307571432,671.3811847072285,665.8569273312282,668.92431640625,4197920.0,BAJFINANCE,0.0013045690431676693,False
2023-05-23,670.5982912492378,676.8906574926212,665.3842231200972,667.693359375,7901960.0,BAJFINANCE,-0.0018402037436211494,False
2023-05-24,666.5561133817886,674.3895073819222,662.6910443947199,668.2251586914062,5539360.0,BAJFINANCE,0.0007964723760380821,False
2023-05-25,667.4423266070188,674.3353575459279,664.301071532189,673.6608276367188,5302600.0,BAJFINANCE,0.008134487118020672,False
2023-05-26,674.1974880340262,681.4253498372087,673.6657615655477,679.8990478515625,6940730.0,BAJFINANCE,0.009260179542765146,False
2023-05-29,683.414425508619,686.535966657936,679.6330796201527,682.6118774414062,6407280.0,BAJFINANCE,0.003990047637831173,False
2023-05-30,684.1825039141377,691.1494003621441,682.414950771463,689.8742065429688,8819230.0,BAJFINANCE,0.010639031258558695,False
2023-05-31,689.7855953248534,691.8633373656315,682.1441685656824,688.3035888671875,21476270.0,BAJFINANCE,-0.0022766725598450943,False
2023-06-01,691.6664489134719,694.9455189580734,684.487811021188,693.2911987304688,5900260.0,BAJFINANCE,0.0072462354460332,False
2023-06-02,696.7623190323002,699.1502497662922,689.7954224806869,691.6565551757812,6642090.0,BAJFINANCE,-0.0023578022592538606,False
2023-06-05,696.196106721051,698.3230726246503,690.5881266264698,693.5570678710938,5771620.0,BAJFINANCE,0.0027477693677455672,False
2023-06-06,691.7648946471262,702.3013968779019,691.7648946471262,700.5239868164062,6905860.0,BAJFINANCE,0.010045199260527715,False
2023-06-07,701.1196450970233,703.187530121637,695.4082892220608,697.1758422851562,5344830.0,BAJFINANCE,-0.004779485919484294,False
2023-06-08,697.1807809393324,700.233384611503,688.8254578974381,690.297607421875,4553600.0,BAJFINANCE,-0.009865853700174454,False
2023-06-09,690.5585878269096,697.4269762951523,690.4896503098628,692.9613037109375,4473610.0,BAJFINANCE,0.0038587650607841972,False
2023-06-12,694.2414857831197,700.1350129230075,693.3995104042349,698.923828125,5132550.0,BAJFINANCE,0.008604411793460942,False
2023-06-13,699.1502207928239,708.9974070011735,699.1502207928239,705.7232055664062,8001340.0,BAJFINANCE,0.009728352601236834,False
2023-06-14,707.2249820419386,707.2249820419386,697.3827234480685,698.840087890625,4015200.0,BAJFINANCE,-0.009753282337169211,False
2023-06-15,698.6579076826313,703.2565271173365,694.8174807664366,701.7695922851562,4370180.0,BAJFINANCE,0.004191952415571354,False
2023-06-16,706.0432270779445,710.8289449875243,702.2028005465812,709.3125,14148580.0,BAJFINANCE,0.010748410586275181,False
2023-06-19,710.1741752560579,728.578569261232,709.2189669105896,727.3328857421875,11845900.0,BAJFINANCE,0.025405425312802876,False
2023-06-20,726.343171861735,726.343171861735,709.0958118387119,713.8027954101562,8638260.0,BAJFINANCE,-0.018602335460502162,False
2023-06-21,716.3828249321817,717.4561947163365,706.7325940876074,709.60302734375,5468040.0,BAJFINANCE,-0.005883653150998147,False
2023-06-22,709.0072757883652,709.4060555832675,691.2724835109575,692.2572021484375,8271940.0,BAJFINANCE,-0.024444406980960842,False
2023-06-23,691.3659884883805,694.7189842281282,684.9801026823255,688.2838745117188,8152260.0,BAJFINANCE,-0.005739669626242172,False
2023-06-26,688.3183483958289,692.7495823983772,683.8871143932806,689.175048828125,5635390.0,BAJFINANCE,0.0012947772705533822,False
2023-06-27,692.2571929401386,692.2571929401386,684.7733554358218,691.1986083984375,7097890.0,BAJFINANCE,0.002936205502148459,False
2023-06-28,694.655003675572,701.6120433941683,693.241934806308,698.1852416992188,7097820.0,BAJFINANCE,0.01010799676951013,False
2023-06-29,694.655003675572,701.6120433941683,693.241934806308,698.1852416992188,7097820.0,BAJFINANCE,0.0,False
2023-06-30,702.1210812170924,711.5156590643634,701.2508418089282,708.1138305664062,8879080.0,BAJFINANCE,0.014220565366038995,False
2023-07-03,708.1138590569371,727.3381352290382,708.0545272929863,725.1625366210938,12092270.0,BAJFINANCE,0.024076222379459278,False
2023-07-04,756.5106994484865,783.2110770760802,752.8171616958847,777.3221435546875,41622080.0,BAJFINANCE,0.07192815996346447,False
2023-07-05,779.2506060527949,791.1124925782018,769.3665255055513,775.1763305664062,19786660.0,BAJFINANCE,-0.0027605195684615724,False
2023-07-06,768.970870050489,773.7176522515389,764.9163923080888,768.0067138671875,10459840.0,BAJFINANCE,-0.009249013955289431,False
2023-07-07,763.4330800487938,766.2910240700928,752.1200278472285,753.7764282226562,10949150.0,BAJFINANCE,-0.018528855786789533,False
2023-07-10,753.7763690621692,754.5279449050445,734.9822650786477,744.9652709960938,14515180.0,BAJFINANCE,-0.011689350975512047,False
2023-07-11,748.3028368660752,759.4774275699498,729.9092067024096,736.1393432617188,16750430.0,BAJFINANCE,-0.011847435146304042,False
2023-07-12,738.7006237969854,742.4683417182324,731.6052570214027,734.94775390625,11317550.0,BAJFINANCE,-0.001618700815784413,False
2023-07-13,738.705538853855,743.9417629643731,733.3703882356988,739.1654052734375,7470520.0,BAJFINANCE,0.005738709105199247,False
2023-07-14,739.106067385201,743.5462318437566,731.778262939339,739.9317626953125,7266000.0,BAJFINANCE,0.0010367874584058523,False
2023-07-17,743.6549958800384,745.8305943757243,735.941565175192,742.760009765625,5067440.0,BAJFINANCE,0.003822307965277938,False
2023-07-18,743.6549588843498,747.1161189323487,729.127973297149,733.7659301757812,13097090.0,BAJFINANCE,-0.012108998157671191,False
2023-07-19,735.9365489007421,751.4672847479007,734.7548027758135,750.0531005859375,9759430.0,BAJFINANCE,0.022196683901982928,False
2023-07-20,746.72058547891,755.2400350033565,741.8749972900309,751.22998046875,6494360.0,BAJFINANCE,0.001569062086261841,False
2023-07-21,751.2299809896789,757.2722238262216,744.9504714625906,749.761474609375,6733940.0,BAJFINANCE,-0.0019548019881457934,False
2023-07-24,749.7515924098436,755.9965170288039,747.6452242722853,749.7466430664062,5843420.0,BAJFINANCE,-1.978168186955731e-05,False
2023-07-25,756.451361440595,756.451361440595,745.7365771486303,752.2040405273438,8508690.0,BAJFINANCE,0.0032776371640517166,False
2023-07-26,755.0273473940453,764.8175100299142,724.9646757580742,735.0663452148438,22288660.0,BAJFINANCE,-0.022783306641752876,False
2023-07-27,749.3806926718662,749.3806926718662,718.7049663380766,720.3267211914062,21471720.0,BAJFINANCE,-0.020052100221143232,False
2023-07-28,723.7780246794346,731.2541278588557,712.9989594024746,729.968505859375,10070500.0,BAJFINANCE,0.01338529362345664,False
2023-07-31,726.3492001211957,728.8115587529832,720.0251465864335,721.9288330078125,7493150.0,BAJFINANCE,-0.01101372564299552,False
2023-08-01,721.9288107688683,724.8658234007877,716.3612826309005,718.9027099609375,7527650.0,BAJFINANCE,-0.004191719333700883,False
2023-08-02,720.9102412174343,720.9102412174343,706.5711486280615,712.3512573242188,8985360.0,BAJFINANCE,-0.00911312830782729,False
2023-08-03,709.5378547010682,714.4131389196965,694.0170159187077,702.9468383789062,10818980.0,BAJFINANCE,-0.013201940543543067,False
2023-08-04,705.9778048769389,712.5045398777197,699.2829129254101,706.93701171875,7313490.0,BAJFINANCE,0.005676351499134258,False
2023-08-07,708.2522871085881,710.3042727499725,699.3125660356488,704.3115234375,7184090.0,BAJFINANCE,-0.003713892804772967,False
2023-08-08,705.5822024097894,712.5045225455547,700.65253605613,709.3993530273438,8073620.0,BAJFINANCE,0.007223834085536174,False
2023-08-09,712.0101166909211,713.3946049498472,701.1321843525876,704.6279296875,5115720.0,BAJFINANCE,-0.006726004639674099,False
2023-08-10,702.1259979941526,709.4389541463732,701.3299384143273,706.4573974609375,6161300.0,BAJFINANCE,0.002596360002716347,False
2023-08-11,706.4573595967904,707.9555618737905,695.3025066753116,698.2247314453125,6303960.0,BAJFINANCE,-0.011653450080944538,False
2023-08-14,696.1876780306222,698.0567190953092,686.3530309325464,694.0170288085938,6937850.0,BAJFINANCE,-0.006026287020811871,False
2023-08-15,696.1876780306222,698.0567190953092,686.3530309325464,694.0170288085938,6937850.0,BAJFINANCE,0.0,False
2023-08-16,691.6387776674246,691.6387776674246,684.3208713737565,690.4026489257812,5987950.0,BAJFINANCE,-0.005207912389436964,False
2023-08-17,694.209835394404,694.209835394404,682.6396593995953,684.6422119140625,7101180.0,BAJFINANCE,-0.008343590541956325,False
2023-08-18,681.7002020625492,683.9054966119958,676.9040470556215,678.5950927734375,7455330.0,BAJFINANCE,-0.008832524544052034,False
2023-08-21,672.5528834699409,698.4621532675251,672.5528834699409,696.9985961914062,12308310.0,BAJFINANCE,0.02712000663422587,False
2023-08-22,697.2803730605823,707.4116786323672,697.176557568646,699.1494140625,12487800.0,BAJFINANCE,0.0030858281248289376,False
2023-08-23,702.121099091632,706.9667477214593,692.528728342332,703.7478637695312,8032480.0,BAJFINANCE,0.006577205979922507,False
2023-08-24,707.0655408013581,710.620617590687,704.1976983808458,705.824462890625,9103600.0,BAJFINANCE,0.002950771473707592,False
2023-08-25,703.6044018944215,719.733405516507,702.2199137138255,713.1473388671875,13032760.0,BAJFINANCE,0.01037492515713101,False
2023-08-28,714.4774555576948,718.0424314953203,705.8888355684554,715.5306396484375,7036260.0,BAJFINANCE,0.003341947240574239,False
2023-08-29,716.9546003259571,722.9819345114156,715.5701121270181,721.2415161132812,14183050.0,BAJFINANCE,0.007981316450193843,False
2023-08-30,724.4702328383768,724.9548459549089,717.7457052601033,718.7445068359375,4602680.0,BAJFINANCE,-0.003462098647343481,False
2023-08-31,719.9213112563809,720.4157627064197,705.5822192052581,708.3511352539062,14129800.0,BAJFINANCE,-0.014460453587026412,False
2023-09-01,708.899933520938,724.8064575987127,707.5599894731322,723.9362182617188,6760760.0,BAJFINANCE,0.02200191717378419,False
2023-09-04,728.821435581415,728.821435581415,717.7853058008894,718.9571533203125,5813630.0,BAJFINANCE,-0.006877767427304171,False
2023-09-05,720.2179611617435,727.6792165505018,719.9213023669519,726.3590698242188,12213530.0,BAJFINANCE,0.010295351356784499,False
2023-09-06,723.4122403613612,731.4915609689252,720.9795172532095,730.581787109375,6051570.0,BAJFINANCE,0.005813539694875969,False
2023-09-07,729.8103364368986,730.5817096666859,722.2650025201771,728.1489868164062,5496220.0,BAJFINANCE,-0.0033299492758974703,False
2023-09-08,730.7992826156731,736.7277509931089,728.8214767087295,732.8413696289062,6246420.0,BAJFINANCE,0.006444261953883812,False
2023-09-11,734.2604152981893,736.1393549821572,728.030338997531,730.96240234375,4068490.0,BAJFINANCE,-0.00256394816535499,False
2023-09-12,733.8648238845564,737.6227032212357,722.4430073687112,734.8834228515625,9635170.0,BAJFINANCE,0.005364189040695022,False
2023-09-13,734.6856239997034,742.4930317070101,729.8746210501239,739.2939453125,5798460.0,BAJFINANCE,0.006001662745124037,False
2023-09-14,739.2939777757487,742.8342068543316,734.4631772415403,741.113525390625,6503720.0,BAJFINANCE,0.002461240335677184,False
2023-09-15,741.5783298598583,748.119913071407,737.2815152515639,740.9058227539062,7874940.0,BAJFINANCE,-0.0002802575173745936,False
2023-09-18,740.5795491959524,747.6106347271459,738.2160566452571,746.4882202148438,7066180.0,BAJFINANCE,0.007534557415391996,False
2023-09-19,740.5795491959524,747.6106347271459,738.2160566452571,746.4882202148438,7066180.0,BAJFINANCE,0.0,False
2023-09-20,740.5547755441771,756.2140750115316,739.9960429800516,745.533935546875,8441900.0,BAJFINANCE,-0.0012783653407070217,False
2023-09-21,744.643938609928,749.9493934023966,734.2604573942517,740.11474609375,6757250.0,BAJFINANCE,-0.007268870261619709,False
2023-09-22,741.0788631813796,749.2916940255817,737.0886064211315,738.8439331054688,5263040.0,BAJFINANCE,-0.001717048599542803,False
2023-09-25,749.0939769788454,776.2789091396079,742.6661078694559,773.3072509765625,23475330.0,BAJFINANCE,0.046644922326477545,False
2023-09-26,773.3122378818231,781.2284111289094,768.8720731232289,778.3309326171875,12468200.0,BAJFINANCE,0.006496359156442644,False
2023-09-27,776.7832479638334,776.7832479638334,765.6828367684684,775.0576171875,7441100.0,BAJFINANCE,-0.00420555742103268,False
2023-09-28,771.8140002825958,774.2121382056094,763.240228667118,765.31201171875,7775050.0,BAJFINANCE,-0.012574039984426522,False
2023-09-29,765.3120428351385,776.0910491372183,763.9275545155309,772.4074096679688,5730050.0,BAJFINANCE,0.009271248641823604,False
2023-10-02,765.3120428351385,776.0910491372183,763.9275545155309,772.4074096679688,5730050.0,BAJFINANCE,0.0,False
2023-10-03,769.445575239037,788.6994854777103,766.8941888903087,787.9182739257812,9445550.0,BAJFINANCE,0.020081195575894384,False
2023-10-04,793.5946599553811,795.3746732893186,773.3221483926579,776.6893920898438,11763840.0,BAJFINANCE,-0.01425132809776053,False
2023-10-05,782.7018006462241,782.7018006462241,774.004416503966,776.3778076171875,7950610.0,BAJFINANCE,-0.0004011699861354856,False
2023-10-06,776.2887410418556,810.109230748623,775.7942896144405,807.7902221679688,21450340.0,BAJFINANCE,0.04046021697501945,False
2023-10-09,801.2141242531701,804.4725425437314,792.9023660618836,793.8616333007812,7478000.0,BAJFINANCE,-0.017242829245698976,False
2023-10-10,796.5612785852189,804.4725017120741,793.1989846131686,799.3895263671875,9650240.0,BAJFINANCE,0.006963295408825676,False
2023-10-11,804.9471333779061,808.2302981270986,800.5613515933562,801.2041625976562,7123720.0,BAJFINANCE,0.002270027528025409,False
2023-10-12,803.4836621307327,803.6814547960573,791.4190338400925,792.5364990234375,7640920.0,BAJFINANCE,-0.010818295733907024,False
2023-10-13,791.077834997058,799.3203020262785,786.7760711742726,796.22998046875,6622820.0,BAJFINANCE,0.0046603297764375995,False
2023-10-16,795.5032404798982,797.9458622988026,789.4066751567602,794.6824340820312,4382460.0,BAJFINANCE,-0.001943592209134981,False
2023-10-17,799.0335301194888,806.8458870447345,796.8134479739599,800.319091796875,8382830.0,BAJFINANCE,0.007092968805023192,False
2023-10-18,796.0668716495471,799.4884975720454,776.288812726577,777.9254760742188,15446420.0,BAJFINANCE,-0.027980859075069864,False
2023-10-19,775.6262319718718,783.5077591488215,764.5208113112154,775.4531860351562,10614530.0,BAJFINANCE,-0.0031780551159461545,False
2023-10-20,772.333202844484,774.5433864486874,763.6803020443698,768.2984619140625,7711530.0,BAJFINANCE,-0.009226506834894121,False
2023-10-23,771.3442995063751,779.7400758783622,767.5221992692816,771.2355346679688,8822300.0,BAJFINANCE,0.003822827845560317,False
2023-10-24,771.3442995063751,779.7400758783622,767.5221992692816,771.2355346679688,8822300.0,BAJFINANCE,0.0,False
2023-10-25,771.235531600071,776.976105947928,759.0818757874298,760.9064331054688,7087740.0,BAJFINANCE,-0.01339292744977949,False
2023-10-26,754.0483204970762,757.1039964978623,731.9067712382689,733.9439086914062,13246300.0,BAJFINANCE,-0.03543474367015276,False
2023-10-27,742.6611325983672,746.5228274156469,733.4297022478072,742.38916015625,9119440.0,BAJFINANCE,0.01150667151104412,False
2023-10-30,742.2507321976938,744.3323534221029,727.0908343181081,741.978759765625,7992760.0,BAJFINANCE,-0.0005528103219322178,False
2023-10-31,748.5796691627569,749.5586733388831,737.7709681240304,740.9503173828125,7494100.0,BAJFINANCE,-0.0013860806246493995,False
2023-11-01,743.6549971038137,746.5228397198252,737.4892018730178,738.8983764648438,4627780.0,BAJFINANCE,-0.0027693367150669612,False
2023-11-02,744.6439282549496,753.049603407894,732.8957562713833,736.6436767578125,8550300.0,BAJFINANCE,-0.003051434106295603,False
2023-11-03,744.4460977124863,745.430051278167,729.0637202082291,732.9254150390625,11387550.0,BAJFINANCE,-0.005047571622572189,False
2023-11-06,737.3260580917039,748.7924198473041,736.000961862332,747.8134155273438,6340430.0,BAJFINANCE,0.02031311806466385,False
2023-11-07,755.5218259149593,755.5218259149593,736.3370852498974,741.2420654296875,15630070.0,BAJFINANCE,-0.00878741937655969,False
2023-11-08,744.3472861953861,745.237262663966,732.4458050134579,737.7166748046875,9167170.0,BAJFINANCE,-0.004756058498860849,False
2023-11-09,740.1938329594809,740.1938329594809,728.495094557734,730.472900390625,7717910.0,BAJFINANCE,-0.009819182162285167,False
2023-11-10,728.8214096917744,737.1282178802444,726.4925627650024,736.2183837890625,4962610.0,BAJFINANCE,0.007865429908987753,False
2023-11-13,736.5151440897621,736.7326737599126,723.7780696798894,727.9166259765625,7322400.0,BAJFINANCE,-0.01127621639896259,False
2023-11-14,736.5151440897621,736.7326737599126,723.7780696798894,727.9166259765625,7322400.0,BAJFINANCE,0.0,False
2023-11-15,735.6844589667159,739.3236145596386,704.0148180250579,714.4131469726562,19234400.0,BAJFINANCE,-0.01855085942815249,False
2023-11-16,686.7485975995427,729.8795890110422,685.4333398092524,728.0748291015625,45570430.0,BAJFINANCE,0.01912294333719644,False
2023-11-17,706.1261353615141,717.9435376183999,702.9171501356352,714.0867919921875,20800340.0,BAJFINANCE,-0.019212361903289676,False
2023-11-20,707.1644808897621,715.8668752035733,697.1864838472223,699.0159301757812,19029400.0,BAJFINANCE,-0.021105084123403173,False
2023-11-21,700.6376949992529,704.974043813278,695.1987291241705,702.4325561523438,16662250.0,BAJFINANCE,0.004887765541628397,False
2023-11-22,700.7811160100655,709.8196426586155,698.709333045161,704.9246215820312,10414040.0,BAJFINANCE,0.0035477647040422777,False
2023-11-23,705.5821874653781,708.0544446043598,697.7698307630598,699.5152587890625,6061580.0,BAJFINANCE,-0.0076736754928899975,False
2023-11-24,702.9122062348217,703.7824456612401,693.3198355285142,694.2890014648438,7264990.0,BAJFINANCE,-0.007471255642465868,False
2023-11-27,702.9122062348217,703.7824456612401,693.3198355285142,694.2890014648438,7264990.0,BAJFINANCE,0.0,False
2023-11-28,695.693218478721,705.5822478814035,695.1888683219288,704.8455200195312,7281580.0,BAJFINANCE,0.015204790126899459,False
2023-11-29,705.4833428613379,708.9049082171309,703.5104864328264,705.09765625,6824300.0,BAJFINANCE,0.00035771842667275955,False
2023-11-30,705.2856058499068,708.4105126580453,700.7020309554631,704.2868041992188,12719340.0,BAJFINANCE,-0.0011499854574665846,False
2023-12-01,708.054523904592,719.9065114703799,706.2745106367365,717.8792724609375,9004770.0,BAJFINANCE,0.01929962080884584,False
2023-12-04,725.8547350703577,733.7659583408794,723.3874271414912,732.544677734375,11014260.0,BAJFINANCE,0.020428790516772377,False
2023-12-05,734.7548733124773,735.7437762375278,723.8818904801752,726.8238525390625,15222420.0,BAJFINANCE,-0.007809523936486595,False
2023-12-06,730.7992272052545,737.6226812099829,728.3319193520455,734.4680786132812,7018000.0,BAJFINANCE,0.010517302159958941,False
2023-12-07,730.7992441952933,735.743758702704,724.4702414826704,730.9179077148438,6688620.0,BAJFINANCE,-0.00483366262171725,False
2023-12-08,730.8536284894523,731.6002550106168,719.3279965291479,722.6506958007812,11443880.0,BAJFINANCE,-0.011310725632525886,False
2023-12-11,724.3713776658078,727.1106580262348,718.9373610333108,721.1821899414062,5900550.0,BAJFINANCE,-0.0020321102130091973,False
2023-12-12,719.9213361571722,727.2392420139957,719.9213361571722,723.3380126953125,6333120.0,BAJFINANCE,0.0029892900628638586,False
2023-12-13,721.8842838465323,722.3441502619597,712.7023467882705,717.7457275390625,6829550.0,BAJFINANCE,-0.007731219786738408,False
2023-12-14,728.6730824926539,742.7896956257157,721.90902041276,739.1257934570312,17295670.0,BAJFINANCE,0.02978779963104028,False
2023-12-15,744.5302182637156,744.5351676071671,736.2382572471354,743.16552734375,11739380.0,BAJFINANCE,0.005465556637963109,False
2023-12-18,746.4239493671085,752.5551598500715,744.2483507624639,750.3400268554688,10827980.0,BAJFINANCE,0.009653972429752189,False
2023-12-19,755.6206781987596,755.6800099581673,745.1383316511178,754.7949829101562,7914080.0,BAJFINANCE,0.005937249640482811,False
2023-12-20,756.5106668074052,760.960729553331,737.7363610196413,741.078857421875,8745460.0,BAJFINANCE,-0.018171988154184526,False
2023-12-21,734.4185863232649,739.4026954676187,722.4429869320222,728.5396118164062,9130820.0,BAJFINANCE,-0.01692025818830034,False
2023-12-22,733.6621002724912,735.7437214602321,716.2623232155908,721.434326171875,11294850.0,BAJFINANCE,-0.009752778749828384,False
2023-12-25,733.6621002724912,735.7437214602321,716.2623232155908,721.434326171875,11294850.0,BAJFINANCE,0.0,False
2023-12-26,724.3713912620949,726.2503309593596,706.5958853602687,708.2819213867188,12258440.0,BAJFINANCE,-0.018230910712200843,False
2023-12-27,713.978060692493,724.2132428622983,711.1102782337936,715.2537841796875,16052790.0,BAJFINANCE,0.009843344270765497,False
2023-12-28,719.4268634656994,720.9102178233607,712.0100916773932,717.8099975585938,18560640.0,BAJFINANCE,0.0035738550923403167,False
2023-12-29,715.13996851463,726.1514123416264,712.5194119543202,724.6433715820312,9128020.0,BAJFINANCE,0.009519753203046877,False
2024-01-01,725.5531572687302,725.5531572687302,719.2291035878752,721.8052368164062,3314890.0,BAJFINANCE,-0.003916595220389341,False
2024-01-02,724.272530397351,736.2481303990959,719.9262827035571,734.7598266601562,11129900.0,BAJFINANCE,0.01794748663903789,False
2024-01-03,736.2332384017828,740.2778777031901,728.6434209354853,730.2849731445312,5534050.0,BAJFINANCE,-0.006090226157253853,False
2024-01-04,747.6106144641175,764.8126002318069,747.6106144641175,762.0040893554688,29118790.0,BAJFINANCE,0.04343388865631215,False
2024-01-05,764.9114550934808,770.256504318614,758.7950929810448,762.557861328125,10526010.0,BAJFINANCE,0.0007267309721719073,False
2024-01-08,759.1807678976411,774.3109701860294,754.6614744046998,765.0152587890625,11212090.0,BAJFINANCE,0.0032225718015121974,False
2024-01-09,768.7732109732386,772.3332376052322,761.2575120110265,763.9720458984375,12470830.0,BAJFINANCE,-0.0013636497816740256,False
2024-01-10,763.0375044660354,764.9411909619719,757.499671999258,759.5318603515625,5590720.0,BAJFINANCE,-0.005811973842123064,False
2024-01-11,759.4774558061606,770.6817429853727,756.6145624883184,758.4638061523438,6517410.0,BAJFINANCE,-0.0014062006546037287,False
2024-01-12,759.8729690380136,763.3291796471891,753.2473079154362,757.6033935546875,8086380.0,BAJFINANCE,-0.0011344148404669463,False
2024-01-15,761.2525016758187,761.2525016758187,737.1282561355011,739.5015869140625,9972200.0,BAJFINANCE,-0.02389351314239896,False
2024-01-16,739.2049173383755,753.0001248572622,734.5471629531456,737.3902587890625,11947230.0,BAJFINANCE,-0.0028550690929691758,False
2024-01-17,722.2254627379597,739.5213645833167,722.116637548373,727.7188110351562,13802710.0,BAJFINANCE,-0.013115779112391146,False
2024-01-18,721.5035018761598,727.0166473873628,715.3723524358429,718.4923095703125,16869960.0,BAJFINANCE,-0.012678662863914947,False
2024-01-19,727.8326036705821,730.6806491222688,718.0671866036704,723.7879638671875,8308100.0,BAJFINANCE,0.007370509365705047,False
2024-01-22,727.8326036705821,730.6806491222688,718.0671866036704,723.7879638671875,8308100.0,BAJFINANCE,0.0,False
2024-01-23,727.1303822856321,727.3380736207916,696.4447570783,699.2235717773438,25332970.0,BAJFINANCE,-0.033938657888971546,False
2024-01-24,702.516635830037,702.516635830037,691.9155654838189,697.70068359375,20636750.0,BAJFINANCE,-0.002177970316021738,False
2024-01-25,697.7006880911647,704.6724414254495,695.7920523899799,700.6871337890625,11683490.0,BAJFINANCE,0.004280417470611919,False
2024-01-26,697.7006880911647,704.6724414254495,695.7920523899799,700.6871337890625,11683490.0,BAJFINANCE,0.0,False
2024-01-29,700.6871316368151,714.4773897004653,700.6475972499821,711.184326171875,18603610.0,BAJFINANCE,0.014981283195607542,False
2024-01-30,691.0948200189839,691.0948200189839,672.9484745686839,674.1549072265625,41531470.0,BAJFINANCE,-0.05206725961556613,False
2024-01-31,674.4317616899417,684.4196565982251,673.6406514604074,678.6741333007812,18105120.0,BAJFINANCE,0.006703542503028848,False
2024-02-01,678.9708833006581,680.3602605190216,665.8283248474089,666.846923828125,19111370.0,BAJFINANCE,-0.017426934212349865,False
2024-02-02,668.0039265150391,683.3319218680859,667.8061338582696,677.2304077148438,13675080.0,BAJFINANCE,0.015571015649455067,False
2024-02-05,681.7497416377995,681.8486077931074,652.6759697511978,653.4868774414062,17712220.0,BAJFINANCE,-0.03505975219505353,False
2024-02-06,657.4227090114159,662.4661505773942,646.2481170693912,652.4930419921875,24395330.0,BAJFINANCE,-0.0015208192903733986,False
2024-02-07,656.7304062751721,666.2832423008938,655.1729324594918,663.4747314453125,15382370.0,BAJFINANCE,0.016830354879487697,False
2024-02-08,665.7146654443156,666.2733980551434,646.4162088611463,650.2680053710938,21932090.0,BAJFINANCE,-0.019905394204613125,False
2024-02-09,650.6980912033707,660.3596915985137,649.9069809756037,658.0654296875,12098740.0,BAJFINANCE,0.01199109329076764,False
2024-02-12,659.5439090235501,659.7812360828563,647.8798152077181,649.6251831054688,5447840.0,BAJFINANCE,-0.012825847098577037,False
2024-02-13,652.6759253268659,656.532670846935,648.0379682310628,653.036865234375,9480140.0,BAJFINANCE,0.005251770124730992,False
2024-02-14,649.101055869035,658.2137625195079,647.7314156611072,657.2743530273438,6361260.0,BAJFINANCE,0.006488895219487922,False
2024-02-15,657.2248766772686,660.3300464273348,651.2568739291971,654.5944213867188,8808590.0,BAJFINANCE,-0.004077340958583697,False
2024-02-16,657.6253721096629,658.6093256579569,652.8737009595312,654.5745849609375,10294310.0,BAJFINANCE,-3.030338348930517e-05,False
2024-02-19,657.5117061219723,673.1363608792772,655.1779096131629,663.830810546875,13158810.0,BAJFINANCE,0.0141408264216214,False
2024-02-20,663.7417588779348,671.6628809910871,660.7107689882996,668.8543701171875,11067090.0,BAJFINANCE,0.0075675299948401165,False
2024-02-21,671.4650283376205,671.4650283376205,659.1086921808595,661.4573364257812,8549440.0,BAJFINANCE,-0.011059258968600605,False
2024-02-22,661.6798878153451,663.2423713736378,648.8192001458722,660.0877685546875,10223740.0,BAJFINANCE,-0.002070530925689429,False
2024-02-23,659.9938730501269,664.4439364604978,655.8998002267024,662.3523559570312,12803110.0,BAJFINANCE,0.0034307368053527743,False
2024-02-26,661.5760509563269,663.356064133968,655.0690528673524,656.9529418945312,8920560.0,BAJFINANCE,-0.008151875680578513,False
2024-02-27,655.7415126068917,656.8293420510138,641.9067701918608,648.3494873046875,11503060.0,BAJFINANCE,-0.013095998268967235,False
2024-02-28,649.9070003795892,652.3545109230957,640.314630142184,642.6583251953125,5353210.0,BAJFINANCE,-0.00877792335894989,False
2024-02-29,642.6880877001036,646.6436997238424,629.5554268095229,642.3270874023438,16990980.0,BAJFINANCE,-0.0005154181934359237,False
2024-03-01,643.9488790194872,653.5363005506429,642.9946214544225,649.8526611328125,9190800.0,BAJFINANCE,0.01171610831625225,False
2024-03-04,651.4892409079214,656.6265988934682,648.4681496872132,652.918212890625,3971180.0,BAJFINANCE,0.004717302769013276,False
2024-03-05,652.9182080522155,656.260704773303,620.2399277375183,625.4069213867188,17175580.0,BAJFINANCE,-0.04213589230741044,False
2024-03-06,626.2227565367214,627.5479129698282,611.9133606571849,624.121337890625,21047920.0,BAJFINANCE,-0.002055595248679376,False
2024-03-07,627.9533562326668,639.6817304159486,625.5206333127682,634.9794921875,14694210.0,BAJFINANCE,0.017397505320957185,False
2024-03-08,627.9533562326668,639.6817304159486,625.5206333127682,634.9794921875,14694210.0,BAJFINANCE,0.0,False
2024-03-11,647.7314089783794,647.9292016328424,633.2934505702432,636.2354125976562,12039710.0,BAJFINANCE,0.0019778912950867422,False
2024-03-12,633.3923054097442,641.3035285842609,627.0979481287742,636.4628295898438,10946770.0,BAJFINANCE,0.0003574415816607335,False
2024-03-13,636.7793131416424,644.2653156353725,632.0622871643352,638.4505615234375,11321830.0,BAJFINANCE,0.0031230919406159963,False
2024-03-14,638.450546203969,639.8201863993431,622.7913071643128,632.6456909179688,12198650.0,BAJFINANCE,-0.009092122327557295,False
2024-03-15,630.430582741197,650.5003512995228,628.9422789662733,644.2059936523438,19705000.0,BAJFINANCE,0.01827294945706659,False
2024-03-18,644.2059719984294,648.2258647870518,638.4456004113996,643.2467651367188,6764250.0,BAJFINANCE,-0.0014890089894796787,False
2024-03-19,643.746070424422,659.3212905812494,643.2813150486486,652.3050537109375,14080870.0,BAJFINANCE,0.014082136226978959,False
2024-03-20,653.6648054287006,665.6305061655747,653.2692201325056,657.5709838867188,14908310.0,BAJFINANCE,0.008072802971283988,False
2024-03-21,663.3065796092641,669.6503695959744,658.327480369721,664.1224365234375,18060920.0,BAJFINANCE,0.00996311089944224,False
2024-03-22,663.0594084585088,672.7506450116877,661.2101648250671,668.58740234375,11252380.0,BAJFINANCE,0.006723106425504666,False
2024-03-25,663.0594084585088,672.7506450116877,661.2101648250671,668.58740234375,11252380.0,BAJFINANCE,0.0,False
2024-03-26,667.9544702939183,686.7930583099001,667.0150004752018,683.341796875,18503210.0,BAJFINANCE,0.022068011571154456,False
2024-03-27,686.8672470858751,697.0776816482081,682.8374556777577,694.4818115234375,15512750.0,BAJFINANCE,0.016302258546721404,False
2024-03-28,695.406396567942,726.7743660744383,695.406396567942,716.48486328125,35745180.0,BAJFINANCE,0.03168268973026933,False
2024-03-29,695.406396567942,726.7743660744383,695.406396567942,716.48486328125,35745180.0,BAJFINANCE,0.0,False
2024-04-01,718.0671830350213,726.1959366345027,713.992907548133,717.048583984375,11252380.0,BAJFINANCE,0.0007867866189710249,False
2024-04-02,717.0485352348928,717.4490698900564,705.5822348264029,712.7418823242188,9676150.0,BAJFINANCE,-0.0060061504287833856,False
2024-04-03,711.713491921012,724.2082908208656,710.6405104511324,722.8139038085938,9589430.0,BAJFINANCE,0.0141313731298216,False
2024-04-04,726.349183696506,726.8436351489883,717.4490575518245,720.257568359375,10405890.0,BAJFINANCE,-0.003536643990588839,False
2024-04-05,715.4465013976555,717.8446392163069,707.658891060555,709.6021118164062,12004940.0,BAJFINANCE,-0.014793952901099083,False
2024-04-08,713.4934866243086,714.6752329060805,706.3536362150252,709.888916015625,5182100.0,BAJFINANCE,0.00040417607902076824,False
2024-04-09,713.9879154868058,715.5058549269611,704.5439045765202,711.377197265625,7102810.0,BAJFINANCE,0.002096498785124412,False
2024-04-10,715.5603195008678,717.3502314444465,708.0545194757877,715.0015869140625,5679860.0,BAJFINANCE,0.005094891517986255,False
2024-04-11,715.5603195008678,717.3502314444465,708.0545194757877,715.0015869140625,5679860.0,BAJFINANCE,0.0,False
2024-04-12,714.3834781458953,718.339089740595,707.6885862073565,714.9323120117188,10925880.0,BAJFINANCE,-9.688776026739454e-05,False
2024-04-15,706.5761181685301,711.891471607907,698.5066361699376,699.7724609375,7584480.0,BAJFINANCE,-0.021204596322637936,False
2024-04-16,693.2159598796806,695.623935944621,685.4085524363373,687.707763671875,9632930.0,BAJFINANCE,-0.017240886058107585,False
2024-04-17,693.2159598796806,695.623935944621,685.4085524363373,687.707763671875,9632930.0,BAJFINANCE,0.0,False
2024-04-18,685.1218549228721,691.7376181166,678.9807458337842,681.6705932617188,13851330.0,BAJFINANCE,-0.00877868584458319,False
2024-04-19,676.4145394281749,707.0655802789108,673.4478306997319,704.0494384765625,12183750.0,BAJFINANCE,0.03282941267535611,False
2024-04-22,708.776298980304,722.4923762673258,708.776298980304,721.127685546875,11652720.0,BAJFINANCE,0.024257170217004687,False
2024-04-23,722.7891407017154,725.8448168071468,715.6492305065625,717.93359375,10815670.0,BAJFINANCE,-0.004429301302518618,False
2024-04-24,720.2179611113195,733.7115603298254,716.9545936531564,724.78173828125,8869290.0,BAJFINANCE,0.009538687966222481,False
2024-04-25,724.8657729390751,728.3120848088455,704.6031636501879,721.3947143554688,11733540.0,BAJFINANCE,-0.0046731639980516215,False
2024-04-26,692.231981471833,692.231981471833,661.7243532886741,665.6502685546875,58147230.0,BAJFINANCE,-0.07727315530802881,False
2024-04-29,671.4601650123005,676.3700947991734,663.8554987844434,675.08447265625,16810300.0,BAJFINANCE,0.01417291413709898,False
2024-04-30,675.4157579770705,689.7597999355404,674.624647697459,684.671875,17986750.0,BAJFINANCE,0.014201781750402986,False
2024-05-01,675.4157579770705,689.7597999355404,674.624647697459,684.671875,17986750.0,BAJFINANCE,0.0,False
2024-05-02,686.0860171647952,689.2604174119629,678.8818856206508,680.6322631835938,11395720.0,BAJFINANCE,-0.005900069747141634,False
2024-05-03,724.7669590979696,731.7881455404229,683.0302953294849,685.4580688476562,68186010.0,BAJFINANCE,0.007090180593982254,False
2024-05-06,693.0182085002732,694.2049040819707,676.9040522358486,678.37255859375,12299880.0,BAJFINANCE,-0.010336898164781894,False
2024-05-07,681.3491604221108,686.6051818399118,671.26728794106,679.6284790039062,12981260.0,BAJFINANCE,0.001851372662773576,False
2024-05-08,679.524659543034,680.3207191435722,670.970625218409,672.3995971679688,7259250.0,BAJFINANCE,-0.010636519891768614,False
2024-05-09,672.4441023656302,675.6877329895308,651.192587783747,653.1852416992188,13811150.0,BAJFINANCE,-0.028575798602018088,False
2024-05-10,656.5227482362066,662.3671377062071,652.7945650598544,660.9974975585938,8249080.0,BAJFINANCE,0.011960245517874668,False
2024-05-13,660.9827757419764,666.945829323192,654.6537725290698,664.419189453125,5122560.0,BAJFINANCE,0.00517655801598238,False
2024-05-14,663.5538560253485,666.7035093955961,658.3720144075322,660.1619262695312,7558400.0,BAJFINANCE,-0.006407495826690202,False
2024-05-15,661.7738537924241,665.7245161749065,657.1309472863635,660.587158203125,5950590.0,BAJFINANCE,0.0006441327751156578,False
2024-05-16,662.5995423460143,668.7060661715958,654.9553420785269,667.2276611328125,10598510.0,BAJFINANCE,0.010052425099740692,False
2024-05-17,667.2128075714031,670.4761751132173,662.6687672994169,665.2745361328125,4801580.0,BAJFINANCE,-0.002927224265079187,False
2024-05-20,667.2128075714031,670.4761751132173,662.6687672994169,665.2745361328125,4801580.0,BAJFINANCE,0.0,False
2024-05-21,663.0593972293242,670.9706204624854,663.0593972293242,666.8023681640625,7616240.0,BAJFINANCE,0.0022965436797433014,False
2024-05-22,670.2240501533721,670.2240501533721,665.2597378436934,666.9705810546875,4160460.0,BAJFINANCE,0.0002522679862222432,False
2024-05-23,668.4539162807214,677.7446185334336,665.5366404812819,675.0894165039062,7093170.0,BAJFINANCE,0.012172703984005384,False
2024-05-24,674.4318399096842,683.3319668293134,671.7617897622256,676.1030883789062,7420430.0,BAJFINANCE,0.001501537204137371,False
2024-05-27,678.2885507373569,688.2319625568224,673.4429021878743,681.8980102539062,6554710.0,BAJFINANCE,0.008571062571085752,False
2024-05-28,683.7225570003151,686.7930812672806,678.0808489141865,679.6779174804688,7528670.0,BAJFINANCE,-0.0032557548783737067,False
2024-05-29,680.167398577747,683.1341072604279,671.0051987768518,673.1165161132812,7213310.0,BAJFINANCE,-0.009653692136284642,False
2024-05-30,670.4662621390049,672.3501511201675,652.087540518856,654.3026733398438,11555750.0,BAJFINANCE,-0.027950350827925963,False
2024-05-31,659.098843225669,669.6801164832647,656.8688623246592,662.3375244140625,28417330.0,BAJFINANCE,0.012280021772195227,False
2024-06-03,687.1738008596595,691.1145644276157,675.7123896989492,683.8807373046875,11482120.0,BAJFINANCE,0.032526034078596444,False
2024-06-04,683.9202275712877,683.9202275712877,630.4947880961173,643.7312622070312,32993870.0,BAJFINANCE,-0.05870829942643718,False
2024-06-05,653.0715270320783,678.5852108638021,646.3024550080901,676.0783081054688,12185170.0,BAJFINANCE,0.05024930090785973,False
2024-06-06,677.3985080589265,693.5126644270805,674.6592276242362,684.8944091796875,14657160.0,BAJFINANCE,0.013040059070854593,False
2024-06-07,691.7375999266702,721.80027315883,686.3974999585087,711.15966796875,29840520.0,BAJFINANCE,0.03834935493271274,False
2024-06-10,716.9545929818677,716.9545929818677,699.6735391769244,701.0184326171875,8723180.0,BAJFINANCE,-0.01426013848694263,False
2024-06-11,700.4399291754343,708.9445305386997,697.275427746262,705.8887939453125,12052130.0,BAJFINANCE,0.006947551022220555,False
2024-06-12,706.8678076904008,719.624679727956,703.6044400680491,713.7654418945312,12685080.0,BAJFINANCE,0.011158482776295386,False
2024-06-13,717.1721351798792,724.3713772938959,715.1894403862633,721.3997192382812,13454950.0,BAJFINANCE,0.010695778887090057,False
2024-06-14,721.5085000408552,728.821456493451,716.657962574695,726.008056640625,11874880.0,BAJFINANCE,0.006388049897232628,False
2024-06-17,721.5085000408552,728.821456493451,716.657962574695,726.008056640625,11874880.0,BAJFINANCE,0.0,False
2024-06-18,728.3270323916475,734.7005192323682,721.899163130893,725.3306274414062,9469040.0,BAJFINANCE,-0.0009330877157939232,False
2024-06-19,725.3305800576533,726.7398149744196,709.8245898506901,715.367431640625,5204000.0,BAJFINANCE,-0.013736074865508319,False
2024-06-20,713.9879433741869,718.4281080462251,703.2088768726288,712.7122802734375,9001580.0,BAJFINANCE,-0.003711591064606057,False
2024-06-21,719.4903860910783,722.0446324694118,703.1611527489454,709.0498046875,14998180.0,BAJFINANCE,-0.005138785576323079,False
2024-06-24,703.2604847306948,706.3365356007052,697.7495074783413,703.8419189453125,6356540.0,BAJFINANCE,-0.007344880017959743,False
2024-06-25,705.7451926619771,709.6212996555279,695.5083709195645,703.1065063476562,15608110.0,BAJFINANCE,-0.0010448547860835156,False
2024-06-26,702.6641976740269,713.5221860504696,699.1856620419774,711.4301147460938,9125520.0,BAJFINANCE,0.011838332206133506,False
2024-06-27,710.6151305701421,719.460573942277,703.9611816136837,712.2798461914062,11376060.0,BAJFINANCE,0.0011943990389213788,False
2024-06-28,712.1059655688822,718.1685322186668,706.1726065291518,707.1912841796875,8295840.0,BAJFINANCE,-0.007144048843902517,False
2024-07-01,703.1611409512669,725.9207272336754,703.1611409512669,723.21240234375,7727450.0,BAJFINANCE,0.022654575250664166,False
2024-07-02,723.0384996523459,723.1328879337183,707.8323412763633,712.1655883789062,12810270.0,BAJFINANCE,-0.015274646741460507,False
2024-07-03,714.5856196463048,723.9975745885878,712.6028592214226,721.4284057617188,8363930.0,BAJFINANCE,0.013006550069201372,False
2024-07-04,725.6275490567873,728.0078809253473,705.6458641051147,706.3465576171875,18979770.0,BAJFINANCE,-0.020905536882217857,False
2024-07-05,709.0249748175675,710.6051898962447,703.3599189257211,709.4224853515625,9310790.0,BAJFINANCE,0.0043547005378654635,False
2024-07-08,710.1132674990514,710.3816311026244,700.3783535151017,705.471923828125,6777050.0,BAJFINANCE,-0.005568700746043764,False
2024-07-09,706.6247561509977,709.8597991954725,699.8813929400646,702.4703979492188,9735030.0,BAJFINANCE,-0.004254635482329294,False
2024-07-10,702.4654466729166,708.5628327082638,697.7942578905146,701.16845703125,8097140.0,BAJFINANCE,-0.0018533747781680487,False
2024-07-11,704.4432026593713,704.4432026593713,688.7500593640043,690.7676391601562,9718010.0,BAJFINANCE,-0.014833550720651179,False
2024-07-12,695.4039825477894,700.1795076092436,687.2642069952807,696.1344604492188,10688330.0,BAJFINANCE,0.007769358297657902,False
2024-07-15,697.699834439601,704.1549978450303,695.2350628917839,702.0430297851562,5333730.0,BAJFINANCE,0.008487684020303643,False
2024-07-16,703.6580810261163,704.6519483721984,696.2239726888939,701.5808715820312,5582000.0,BAJFINANCE,-0.0006583046672601345,False
2024-07-17,703.6580810261163,704.6519483721984,696.2239726888939,701.5808715820312,5582000.0,BAJFINANCE,0.0,False
2024-07-18,700.3882449748814,707.4247817645261,692.8397913076371,706.6396484375,8646050.0,BAJFINANCE,0.00721053988268161,False
2024-07-19,706.6396797641813,706.6396797641813,686.7623329353718,688.9786376953125,9385980.0,BAJFINANCE,-0.024992951897390703,False
2024-07-22,688.9488659071203,691.5925263932671,680.739511809894,684.203125,5751930.0,BAJFINANCE,-0.006931292835561598,False
2024-07-23,689.1476517995588,690.225959062389,657.9401924261825,668.5845336914062,19322120.0,BAJFINANCE,-0.022827418843773595,False
2024-07-24,658.9340461175844,661.3888693290506,650.0935767208703,656.6630859375,31006260.0,BAJFINANCE,-0.017830875757901876,False
2024-07-25,651.9769710331029,662.5119405080181,651.1272338740966,660.6981811523438,9509650.0,BAJFINANCE,0.006144848555150517,False
2024-07-26,663.4114061836091,676.6646486516896,662.6212986541362,674.81103515625,11101840.0,BAJFINANCE,0.021360515900454846,False
2024-07-29,678.2001619771381,681.2960489782841,672.4257952648938,677.067138671875,7485650.0,BAJFINANCE,0.0033433115318017848,False
2024-07-30,677.0671406076982,685.6690914182183,674.1401940578238,678.17529296875,11794130.0,BAJFINANCE,0.0016366978008248712,False
2024-07-31,678.5082424088558,681.2960329009433,675.1340435200711,676.5205078125,8896590.0,BAJFINANCE,-0.002440055209039116,False
2024-08-01,678.9605496192615,680.2028838894711,670.8605059131542,673.01220703125,8395230.0,BAJFINANCE,-0.005185801081764585,False
2024-08-02,668.3757934570312,670.8604618341949,663.2176194796054,668.3757934570312,6222180.0,BAJFINANCE,-0.006889048260611208,False
2024-08-05,660.9217805867173,660.9217805867173,649.2537877299146,655.6244506835938,9440410.0,BAJFINANCE,-0.019078103812652958,False
2024-08-06,658.5364572427102,665.5929515605886,647.1567250390367,649.8252563476562,8918280.0,BAJFINANCE,-0.008845299057853806,False
2024-08-07,655.9524096570016,661.8510095810441,654.0739859252901,659.6446533203125,4642840.0,BAJFINANCE,0.015110826913447672,False
2024-08-08,658.4420438172821,663.7095282421375,653.1049814038815,654.1832885742188,6903890.0,BAJFINANCE,-0.00827925265308227,False
2024-08-09,665.8910572919083,665.8910572919083,655.0578800059565,657.76123046875,6994900.0,BAJFINANCE,0.00546932634480668,False
2024-08-12,657.8507067960495,660.4248499070777,652.3795228768091,656.762451171875,6748870.0,BAJFINANCE,-0.0015184526703758694,False
2024-08-13,660.4198862613507,660.4198862613507,641.2630686408131,642.5402221679688,10723270.0,BAJFINANCE,-0.02165505804804957,False
2024-08-14,644.2744658986547,645.0148921712703,639.1510509400183,641.88916015625,7742760.0,BAJFINANCE,-0.001013262655405467,False
2024-08-15,644.2744658986547,645.0148921712703,639.1510509400183,641.88916015625,7742760.0,BAJFINANCE,0.0,False
2024-08-16,646.5106877500282,655.9524272329264,638.5597492381139,655.0480346679688,7534190.0,BAJFINANCE,0.02050022858855516,False
2024-08-19,659.7291546528827,661.5181038045527,655.3163810596429,657.5774536132812,5287300.0,BAJFINANCE,0.0038614251344095685,False
2024-08-20,660.6583906747377,673.2358109601968,657.577426189841,668.0974731445312,9571590.0,BAJFINANCE,0.01599814512107156,False
2024-08-21,668.0726706662808,670.59209770796,665.3941908785135,669.4044189453125,6331110.0,BAJFINANCE,0.001956220242279594,False
2024-08-22,670.8604548909493,672.351255901818,668.2664756906412,670.224365234375,7282600.0,BAJFINANCE,0.0012248892685147172,False
2024-08-23,671.3573967401463,672.0531160191972,666.3830857870794,669.4541625976562,6180450.0,BAJFINANCE,-0.0011491713471941667,False
2024-08-26,673.4444956552076,677.7181738114756,671.4617351343454,673.6781005859375,8983430.0,BAJFINANCE,0.006309525318195508,False
2024-08-27,673.6780743587665,683.1198138660923,668.872704045291,682.1507568359375,20359020.0,BAJFINANCE,0.012576713184873967,False
2024-08-28,683.3831268480939,687.4580191485584,680.9978817398458,685.7684326171875,8489860.0,BAJFINANCE,0.005303337634674943,False
2024-08-29,684.6801960962405,711.4102164531832,683.9347956052668,702.0231323242188,26391590.0,BAJFINANCE,0.0237028987248602,False
2024-08-30,702.7685046603781,717.0802177780471,702.7685046603781,715.599365234375,20443670.0,BAJFINANCE,0.019338725869628925,False
2024-09-02,722.9391132945083,740.431153873352,718.4667103516491,739.4422607421875,22963780.0,BAJFINANCE,0.03331877677113848,False
2024-09-03,741.4250446488375,741.4250446488375,716.1907380210192,730.8701782226562,18986560.0,BAJFINANCE,-0.011592632683621984,False
2024-09-04,721.0457538886551,733.1759213026271,720.0817317222834,725.4734497070312,8867460.0,BAJFINANCE,-0.007383976903735268,False
2024-09-05,727.5108894288851,728.1717893689445,714.8887621385913,720.0469360351562,6734470.0,BAJFINANCE,-0.007479961774019994,False
2024-09-06,721.1054044009206,734.9648916174853,721.1054044009206,727.2276611328125,18428270.0,BAJFINANCE,0.009972579200455911,False
2024-09-09,727.9084848454536,733.2703580483353,721.8260214040064,730.2390747070312,8789380.0,BAJFINANCE,0.004140950262436105,False
2024-09-10,732.4752739711433,732.4752739711433,714.8887836644249,719.7438354492188,13089320.0,BAJFINANCE,-0.014372333145857952,False
2024-09-11,720.5538365804458,738.642234679187,716.2106410666152,730.0502319335938,11048900.0,BAJFINANCE,0.014319534224204178,False
2024-09-12,737.449548240598,739.4372828719743,725.1851988742337,738.2744750976562,14467640.0,BAJFINANCE,0.011265311350261431,False
2024-09-13,738.2744828356314,761.3023717964473,730.6912702845822,755.1900634765625,22084380.0,BAJFINANCE,0.02291232996599102,False
2024-09-16,763.290133829076,763.290133829076,727.7096944103594,730.0701293945312,26795550.0,BAJFINANCE,-0.03326306223679654,False
2024-09-17,729.2501426335814,740.9280835888721,724.146624263555,732.032958984375,15677860.0,BAJFINANCE,0.0026885493746628963,False
2024-09-18,734.1946492042462,762.5447402196661,733.3250152548266,758.4301147460938,29749930.0,BAJFINANCE,0.03606006456094857,False
2024-09-19,762.7931795993721,770.0483990125776,751.3637052470688,754.3800659179688,17206440.0,BAJFINANCE,-0.005340042212697349,False
2024-09-20,758.8176872075103,760.8054218170912,744.1332735148928,753.5949096679688,16450040.0,BAJFINANCE,-0.0010407966560523896,False
2024-09-23,757.898378593347,758.912082003566,748.5510273942898,754.8521728515625,5734970.0,BAJFINANCE,0.0016683541349127307,False
2024-09-24,755.0410126782717,755.682015848209,743.8003757520975,750.7872314453125,10695400.0,BAJFINANCE,-0.005385082738642799,False
2024-09-25,749.872910675352,759.3146504386599,745.206696218289,757.7145385742188,12720380.0,BAJFINANCE,0.009226724748063075,False
2024-09-26,759.3146444535706,773.1691575392751,754.1018151308377,772.075927734375,16681650.0,BAJFINANCE,0.018953561571063204,False
2024-09-27,773.2288118053768,776.2104139074542,766.3711027062591,770.843505859375,11781310.0,BAJFINANCE,-0.001596244398677893,False
2024-09-30,769.8496061373972,777.6018198056745,762.907457426757,765.5759887695312,9619520.0,BAJFINANCE,-0.006833445504572655,False
2024-10-01,761.3123197806568,776.6725562826821,760.4078665442956,765.5759887695312,7882880.0,BAJFINANCE,0.0,False
2024-10-02,761.3123197806568,776.6725562826821,760.4078665442956,765.5759887695312,7882880.0,BAJFINANCE,0.0,False
2024-10-03,756.3330750056242,765.2778814117354,733.5734877746232,738.8261108398438,10406620.0,BAJFINANCE,-0.034940852798532984,False
2024-10-04,737.449556481905,738.4434238087,711.112072321837,716.7125244140625,17681110.0,BAJFINANCE,-0.02993070507571005,False
2024-10-07,716.7125409082319,727.9084711608403,714.6204695486533,722.48193359375,9362270.0,BAJFINANCE,0.0080498233017543,False
2024-10-08,722.0296801140275,725.0659374750487,711.6139700883193,714.2874755859375,9038050.0,BAJFINANCE,-0.011342094005107994,False
2024-10-09,717.174654060494,738.1253947416064,716.1907350916989,725.56787109375,10543750.0,BAJFINANCE,0.015792514769433774,False
2024-10-10,727.510863202596,732.2814141078209,722.8396747629785,727.4810180664062,5594270.0,BAJFINANCE,0.0026367581157809017,False
2024-10-11,728.0078677424524,728.5048014405701,718.1735304452302,725.7219848632812,3615870.0,BAJFINANCE,-0.00241797814573963,False
2024-10-14,724.7976681440238,726.8996879020932,715.5844983167241,716.4591064453125,4451810.0,BAJFINANCE,-0.01276367343303475,False
2024-10-15,720.0469431204706,721.1650438836688,693.6200443852651,697.3867797851562,14855670.0,BAJFINANCE,-0.026620258558486265,False
2024-10-16,696.7009849013151,701.605717653894,687.7561791037233,691.368896484375,11256980.0,BAJFINANCE,-0.008629190393650954,False
2024-10-17,693.8137578410425,695.5878449266954,682.8861918223154,685.71875,6897550.0,BAJFINANCE,-0.008172404794468013,False
2024-10-18,685.0727426604419,689.6097494762975,677.8871012317123,685.7237548828125,7449290.0,BAJFINANCE,7.298739917116492e-06,False
2024-10-21,686.6679307028929,690.8123404474528,667.605502099843,673.9315185546875,22099660.0,BAJFINANCE,-0.017196773838089152,False
2024-10-22,675.8297830258117,679.1095330759733,660.2906576471223,663.6946411132812,17006190.0,BAJFINANCE,-0.015189788813201988,False
2024-10-23,656.5239332596005,705.5315295930252,656.0518098744292,695.2897338867188,26373910.0,BAJFINANCE,0.04760486346618675,False
2024-10-24,696.9494847393045,707.9167843431449,694.7729127990322,699.7720947265625,8951250.0,BAJFINANCE,0.006446752513929788,False
2024-10-25,699.7721108512147,701.6653966680313,685.1026186045988,686.7772827148438,10223240.0,BAJFINANCE,-0.018570063181494123,False
2024-10-28,687.7561698816168,700.1795111005765,683.2837670427912,686.896484375,7149810.0,BAJFINANCE,0.0001735666906235167,False
2024-10-29,686.6728767279247,701.670362006052,676.048432134572,697.943359375,14097500.0,BAJFINANCE,0.016082299518611398,False
2024-10-30,695.6077818107597,697.7395860249301,688.9488584404686,691.2347412109375,5660440.0,BAJFINANCE,-0.009611980791779384,False
2024-10-31,690.638468631654,692.8050922470427,683.7558884764892,684.749755859375,7301530.0,BAJFINANCE,-0.009381741056882942,False
2024-11-01,688.7500422704345,690.196136184048,685.9672259489859,688.1139526367188,450110.0,BAJFINANCE,0.004913030999363466,False
2024-11-04,693.222456410658,693.222456410658,671.148641372924,680.1729736328125,7162390.0,BAJFINANCE,-0.011540209253827705,False
2024-11-05,680.3022197005025,697.1929909233248,667.0837957157746,688.7848510742188,12234300.0,BAJFINANCE,0.0126613049551354,False
2024-11-06,689.2469728959719,698.1023038526447,685.0031401113711,696.3233032226562,6962620.0,BAJFINANCE,0.010944567286403917,False
2024-11-07,696.3233118281388,699.578251541837,682.7868438809219,686.2156982421875,4590470.0,BAJFINANCE,-0.014515678182375535,False
2024-11-08,686.2157035701208,690.8918662981018,679.9046096884491,685.3659057617188,4248400.0,BAJFINANCE,-0.0012383751678161081,False
2024-11-11,681.7930378072579,686.1859147392864,671.0742045669085,673.7228393554688,7623160.0,BAJFINANCE,-0.016988102717642284,False
2024-11-12,677.7181618894114,679.4921883965568,657.4432439345728,659.7490234375,10572330.0,BAJFINANCE,-0.020741193710067884,False
2024-11-13,659.4309507931689,666.1146840933884,648.6574026154368,652.5732421875,8673470.0,BAJFINANCE,-0.010876531825105173,False
2024-11-14,653.1993647207028,659.8732101118493,648.9953255912069,650.8985595703125,5277030.0,BAJFINANCE,-0.0025662753372690528,False
2024-11-15,653.1993647207028,659.8732101118493,648.9953255912069,650.8985595703125,5277030.0,BAJFINANCE,0.0,False
2024-11-18,659.2322018151576,661.6175077220023,651.480048609186,652.76708984375,5965350.0,BAJFINANCE,0.0028706935143181234,False
2024-11-19,655.390902622179,660.4049463345118,652.0763332271422,655.4853515625,8040460.0,BAJFINANCE,0.0041642137923967315,False
2024-11-20,655.390902622179,660.4049463345118,652.0763332271422,655.4853515625,8040460.0,BAJFINANCE,0.0,False
2024-11-21,657.3438352373082,657.3438352373082,641.1437502422596,642.5997924804688,11010800.0,BAJFINANCE,-0.01965804277901184,False
2024-11-22,643.0321489831416,668.1173501589124,641.6456846754861,664.2959594726562,9698550.0,BAJFINANCE,0.03376310924166215,False
2024-11-25,674.8259895279239,682.0911575081203,662.641165980151,664.4400634765625,11327510.0,BAJFINANCE,0.00021692741292689277,False
2024-11-26,668.0776074763448,669.8466597168655,656.7922030982386,657.7363891601562,6632780.0,BAJFINANCE,-0.010089208470257627,False
2024-11-27,660.9217917675545,669.2007238284175,657.1699182341583,666.407958984375,6420100.0,BAJFINANCE,0.013183959359905906,False
2024-11-28,667.2825453255184,668.5000085325825,645.5168266744654,646.947998046875,15768820.0,BAJFINANCE,-0.02920127329685185,False
2024-11-29,647.9021433840127,656.8469494464103,647.0423971795695,653.5572509765625,7096430.0,BAJFINANCE,0.010216049743782651,False
2024-12-02,655.4555149510046,662.4125863758068,645.1192702841018,660.9863891601562,9202490.0,BAJFINANCE,0.011367233968398338,False
2024-12-03,665.5084845957932,668.1173864237712,659.0135880691056,663.451171875,13136660.0,BAJFINANCE,0.003728946246496001,False
2024-12-04,666.0650224975843,672.2916158482277,662.5964352385603,669.8665771484375,11304410.0,BAJFINANCE,0.009669747443970422,False
2024-12-05,671.8543281869296,684.7646553497561,664.4450301121973,680.8388671875,13482430.0,BAJFINANCE,0.01637981415011125,False
2024-12-06,683.3781910090415,689.2470068245896,673.707881110631,680.8289794921875,8332070.0,BAJFINANCE,-1.452281264924249e-05,False
2024-12-09,680.8090438283174,688.2531001443601,678.6026268950453,682.6228637695312,8409100.0,BAJFINANCE,0.002634852997417614,False
2024-12-10,684.2577791941579,691.6173960970307,680.2078182391663,689.3662719726562,12045630.0,BAJFINANCE,0.00987867321918734,False
2024-12-11,691.7217649211524,712.1059950863745,685.0827379406123,707.1466064453125,19931040.0,BAJFINANCE,0.0257922895208913,False
2024-12-12,707.8174249530981,710.456171917063,703.1611587874203,708.2100219726562,9667960.0,BAJFINANCE,0.0015038119643808745,False
2024-12-13,705.546447885423,717.298880634839,693.7790319064774,713.8750610351562,12504360.0,BAJFINANCE,0.007999094741303558,False
2024-12-16,713.8750745502272,720.3550484707322,711.2214050303072,716.4193725585938,7960740.0,BAJFINANCE,0.003564085177241161,False
2024-12-17,715.5844571636095,721.2892457691507,706.6396514490644,710.8934326171875,10318560.0,BAJFINANCE,-0.007713275426474153,False
2024-12-18,710.5158045496859,713.4775098902775,701.7100935805659,703.1065063476562,7275140.0,BAJFINANCE,-0.010953718113365207,False
2024-12-19,690.7377927037467,698.1371422372633,684.5608805717452,687.612060546875,9076750.0,BAJFINANCE,-0.022037124761180804,False
2024-12-20,687.095330523432,698.0924755661163,676.296910429089,680.625244140625,27000190.0,BAJFINANCE,-0.01016098583363012,False
2024-12-23,685.4703094309058,693.411299689527,681.3904427930831,682.4588623046875,5829280.0,BAJFINANCE,0.002694020211339243,False
2024-12-24,683.9795212743992,686.7623377176409,675.2335007409897,676.644775390625,6014270.0,BAJFINANCE,-0.00851932216753426,False
2024-12-25,683.9795212743992,686.7623377176409,675.2335007409897,676.644775390625,6014270.0,BAJFINANCE,0.0,False
2024-12-26,678.8511232785883,681.5942068314215,675.83476260489,677.3951416015625,3290960.0,BAJFINANCE,0.0011089514590640892,False
2024-12-27,680.4860783453122,693.3914315964618,678.8511471088848,686.5387573242188,5554180.0,BAJFINANCE,0.013498200918651504,False
2024-12-30,685.7684289042008,695.210168142737,682.2898933952665,684.6006469726562,4908760.0,BAJFINANCE,-0.002823016662768296,False
2024-12-31,682.7818759768597,683.4825694238581,675.0346971874478,678.1156616210938,6153980.0,BAJFINANCE,-0.00947265443034484,False
2025-01-01,678.1156838285779,690.5340515699199,676.4260971937944,689.27685546875,4187210.0,BAJFINANCE,0.0164591300265422,False
2025-01-02,693.7193937288879,738.4434234105497,692.8248888709156,734.388427734375,31716510.0,BAJFINANCE,0.06544768173732796,False
2025-01-03,734.4430442828274,745.400455239181,731.4117612303569,736.1823120117188,15059280.0,BAJFINANCE,0.0024426913736617095,False
2025-01-06,745.400531924833,755.3292573043357,727.1879001292994,730.4279174804688,19059760.0,BAJFINANCE,-0.007816534623774518,False
2025-01-07,730.9844943110259,740.1231122808318,725.6673280159109,730.8851318359375,10425380.0,BAJFINANCE,0.0006259541078958986,False
2025-01-08,731.6701775735115,734.3138378347966,721.2196486160832,731.0291137695312,8444660.0,BAJFINANCE,0.0001969966651695909,False
2025-01-09,729.3445489309191,731.0291613513496,719.1623828865226,723.281982421875,6681410.0,BAJFINANCE,-0.010597568826921755,False
2025-01-10,723.2820132551371,732.1870868381571,720.0618926423277,724.3355102539062,8089630.0,BAJFINANCE,0.0014565934969146266,False
2025-01-13,719.5599514378315,721.0607008212897,709.0249819380257,710.7095336914062,6642740.0,BAJFINANCE,-0.018811692053760543,False
2025-01-14,718.5661016983001,734.2691938632714,714.7049172967165,729.001708984375,9980110.0,BAJFINANCE,0.02573790617097771,False
2025-01-15,729.5483537950854,730.4925399584946,706.1626853860436,713.33837890625,6817500.0,BAJFINANCE,-0.02148599912055993,False
2025-01-16,715.5844939800952,724.429937683911,714.9931720224164,721.5228271484375,8608490.0,BAJFINANCE,0.011473444418813594,False
2025-01-17,717.6715787903673,724.0273798131597,711.2412862460816,713.8054809570312,6652740.0,BAJFINANCE,-0.010695914115297356,False
2025-01-20,713.8054998204258,742.4189193313131,713.8054998204258,739.447265625,10679710.0,BAJFINANCE,0.035922650290650227,False
2025-01-21,740.4312104015196,743.909746289312,723.2969461913872,724.6932983398438,10032060.0,BAJFINANCE,-0.019952697063103986,False
2025-01-22,729.3992479941143,737.474419942342,721.5824305931181,735.1785888671875,7273680.0,BAJFINANCE,0.014468590438691642,False
2025-01-23,729.597985062582,747.7858057894387,728.0078215937472,739.7603149414062,10302950.0,BAJFINANCE,0.006232126647320646,False
2025-01-24,739.7603317495092,745.8974505394998,729.329698703094,739.2981567382812,6796870.0,BAJFINANCE,-0.0006247404649729615,False
2025-01-27,733.4840364742133,742.8661464773663,721.54768015869,725.0709228515625,6928100.0,BAJFINANCE,-0.01924424368848432,False
2025-01-28,734.4679769227307,765.9536875174641,729.9955738156234,755.9951171875,24789330.0,BAJFINANCE,0.04264988894371702,False
2025-01-29,761.029046289582,773.924511450252,752.2532413343686,771.206298828125,15149200.0,BAJFINANCE,0.020120740590514163,False
2025-01-30,780.1858499375447,820.0051467305362,780.1858499375447,785.3191528320312,56488830.0,BAJFINANCE,0.018299713092788883,False
2025-01-31,787.6398985815254,793.1707729771786,774.3220514263428,783.6743774414062,18335460.0,BAJFINANCE,-0.002094403765263597,False
2025-02-03,787.3615741954295,838.7544774391274,787.2472891542758,837.4127807617188,43369260.0,BAJFINANCE,0.06857236228108077,False
2025-02-04,837.33318519866,843.7933225325369,825.2079922244451,842.3372802734375,19663000.0,BAJFINANCE,0.005880611837855376,False
2025-02-05,844.7872285257307,853.6028268693608,839.3706394577197,845.7264404296875,18674930.0,BAJFINANCE,0.004023519124251251,False
2025-02-06,848.191174922836,860.9673801111533,841.010508058519,845.5126953125,17094730.0,BAJFINANCE,-0.00025273552648885644,False
2025-02-07,853.2351203824257,853.2351203824257,833.2484625229857,842.22802734375,9665400.0,BAJFINANCE,-0.003884823949965588,False
2025-02-10,842.6802260548585,843.5945670019648,816.9589350238671,823.5979614257812,12438380.0,BAJFINANCE,-0.02211997857245973,False
2025-02-11,824.8105377995666,830.3861190729097,808.9434188704632,814.0966186523438,9630590.0,BAJFINANCE,-0.011536384520657528,False
2025-02-12,809.9671067816488,823.3197117935968,797.578523952474,816.3676147460938,14837310.0,BAJFINANCE,0.002789590377502593,False
2025-02-13,814.6780171593816,844.5884246202698,814.6780171593816,835.7430419921875,18003130.0,BAJFINANCE,0.02373370390509666,False
2025-02-14,835.6982863489014,840.3744490767868,823.1209269518953,834.083251953125,8633150.0,BAJFINANCE,-0.0019860052141218443,False
2025-02-17,816.9837868378191,843.5945472454296,816.9837868378191,837.4921875,8627990.0,BAJFINANCE,0.004087044715131771,False
2025-02-18,837.8301220767972,842.7994585066715,830.9426290642929,841.3981323242188,8689770.0,BAJFINANCE,0.004663858221625183,False
2025-02-19,840.7272987914766,847.6695085089755,834.8485951055148,838.7694091796875,8961980.0,BAJFINANCE,-0.00312423220773006,False
2025-02-20,830.46063736798,840.3744395125794,829.446873301159,834.7938842773438,7900700.0,BAJFINANCE,-0.004739711366240407,False
2025-02-21,830.8730927103885,836.8661418623368,823.7172357606174,834.5205688476562,6086470.0,BAJFINANCE,-0.00032740468615688467,False
2025-02-24,827.6927359711995,834.7492307148926,826.0081234949291,830.3712158203125,3552600.0,BAJFINANCE,-0.004972139911510354,False
2025-02-25,830.3711488473276,847.4358332776582,828.6915106962595,843.674072265625,10985410.0,BAJFINANCE,0.016020372806601735,False
2025-02-26,830.3711488473276,847.4358332776582,828.6915106962595,843.674072265625,10985410.0,BAJFINANCE,0.0,False
2025-02-27,849.0211644154252,868.5407344705976,849.0211644154252,865.2012939453125,18382830.0,BAJFINANCE,0.025516040361270864,False
2025-02-28,861.186070321473,861.6830040031357,845.7861003796137,847.7987060546875,17545800.0,BAJFINANCE,-0.02011391801238449,False
2025-03-03,848.365105661526,859.7747435504854,838.635166602085,857.4937744140625,8749960.0,BAJFINANCE,0.01143557815096452,False
2025-03-04,846.9935637177676,856.6440370663474,846.1438265853014,853.3294677734375,7655060.0,BAJFINANCE,-0.004856369532794003,False
2025-03-05,840.3148523637177,844.7872554809699,817.0583318896664,824.7807006835938,16300920.0,BAJFINANCE,-0.03345573798633139,False
2025-03-06,831.3700372857354,840.7918803410525,822.4798865712621,835.9269409179688,8814220.0,BAJFINANCE,0.013514186528778893,False
2025-03-07,835.8324428661109,841.8055949872813,831.514118606434,835.2957763671875,4729460.0,BAJFINANCE,-0.0007550475046158578,False
2025-03-10,838.600399647079,858.4926074197267,827.4988583053935,829.1437377929688,10164530.0,BAJFINANCE,-0.007365101977379496,False
2025-03-11,825.4068110389812,832.3638822939756,816.0893048938993,828.9300537109375,8135670.0,BAJFINANCE,-0.00025771657227979805,False
2025-03-12,828.9946504740712,847.2222036981539,822.1817094501092,843.2417602539062,20882230.0,BAJFINANCE,0.017265276459573764,False
2025-03-13,844.7872128755555,850.7504167311477,834.1528205342469,836.8809814453125,12173510.0,BAJFINANCE,-0.0075432445455244634,False
2025-03-14,844.7872128755555,850.7504167311477,834.1528205342469,836.8809814453125,12173510.0,BAJFINANCE,0.0,False
2025-03-17,834.7690517894611,857.7025531372367,833.4571396016174,852.77294921875,11020850.0,BAJFINANCE,0.018989519568232582,False
2025-03-18,834.7690517894611,857.7025531372367,833.4571396016174,852.77294921875,11020850.0,BAJFINANCE,0.0,False
2025-03-19,864.6645816925422,882.4548312583717,862.9352622348928,867.80517578125,12898200.0,BAJFINANCE,0.017627466462522667,False
2025-03-20,867.1492515262393,871.4278431326916,848.8769908298905,862.64208984375,7924330.0,BAJFINANCE,-0.005949591085178674,False
2025-03-21,898.4510853028386,903.3260336366492,877.684208188832,886.1420288085938,27448010.0,BAJFINANCE,0.027241818178730837,False
2025-03-24,904.0167066294846,905.9100529720466,887.2253596781331,903.4303588867188,14332170.0,BAJFINANCE,0.019509660433744358,False
2025-03-25,906.9039145835608,920.3260973722652,892.1996648110484,901.164306640625,17482600.0,BAJFINANCE,-0.002508275512111635,False
2025-03-26,904.6230299913868,907.0927757475704,879.5676127668488,881.167724609375,8862110.0,BAJFINANCE,-0.02218971821664084,False
2025-03-27,880.6657918389074,899.9865746118563,876.8145560445273,894.8632202148438,20920440.0,BAJFINANCE,0.015542438996548613,False
2025-03-28,894.2420355740359,897.3528450203148,880.6657745285638,889.0739135742188,9770990.0,BAJFINANCE,-0.006469487749463099,False
2025-03-31,894.2420355740359,897.3528450203148,880.6657745285638,889.0739135742188,9770990.0,BAJFINANCE,0.0,False
2025-04-01,872.9435387462231,887.0266223080821,861.7823669999043,864.4857177734375,11834240.0,BAJFINANCE,-0.027655963610418777,False
2025-04-02,867.6462158906634,870.6128954379398,855.9185930314133,861.6084594726562,6464950.0,BAJFINANCE,-0.003328288994978279,False
2025-04-03,859.6952119722814,871.1246858886759,840.8316300852158,854.189208984375,13966330.0,BAJFINANCE,-0.008610930413591955,False
2025-04-04,860.2915347763417,874.3051004964104,853.1158417860235,866.5380249023438,18496580.0,BAJFINANCE,0.014456768814313792,False
2025-04-07,828.88536880857,854.7756011098094,825.6205412588924,851.5455322265625,13981240.0,BAJFINANCE,-0.017301598135258778,False
2025-04-08,859.6952348126595,881.8584639941574,859.6952348126595,876.8145751953125,14775630.0,BAJFINANCE,0.02967432980674367,False
2025-04-09,876.0940686738069,878.777522649901,857.2105890313766,868.22265625,10487740.0,BAJFINANCE,-0.00979901473854794,False
2025-04-10,876.0940686738069,878.777522649901,857.2105890313766,868.22265625,10487740.0,BAJFINANCE,0.0,False
2025-04-11,877.0929006731593,891.8468322003135,875.6667034684273,886.6389770507812,10097220.0,BAJFINANCE,0.021211518345218616,False
2025-04-14,877.0929006731593,891.8468322003135,875.6667034684273,886.6389770507812,10097220.0,BAJFINANCE,0.0,False
2025-04-15,919.8739341683756,923.3027887344896,901.9843214695372,908.494140625,12633610.0,BAJFINANCE,0.024649450497783665,False
2025-04-16,909.338962713677,911.5254830608088,890.9027351242372,900.0960083007812,7198220.0,BAJFINANCE,-0.009244013746132929,False
2025-04-17,898.4560458944406,913.3640555055208,889.7100257214428,910.6309204101562,11415130.0,BAJFINANCE,0.01170420934236005,False
2025-04-18,898.4560458944406,913.3640555055208,889.7100257214428,910.6309204101562,11415130.0,BAJFINANCE,0.0,False
2025-04-21,911.3763392226596,925.78741546991,908.5438416039184,921.662841796875,7824150.0,BAJFINANCE,0.01211459125696046,False
2025-04-22,923.7997041075168,933.5395920294122,917.3395663165552,920.370849609375,11293580.0,BAJFINANCE,-0.001401805659194344,False
2025-04-23,922.5076268883136,929.1168079429252,909.3885665824954,926.5824584960938,10818710.0,BAJFINANCE,0.006749028274151803,False
2025-04-24,956.1003887587163,960.0758581506444,921.61317965157,924.39599609375,18496710.0,BAJFINANCE,-0.002359706232613723,False
2025-04-25,925.340181044901,928.7193542881377,893.486744714233,905.6119384765624,10893540.0,BAJFINANCE,-0.020320358046296172,False
2025-04-28,902.4315563508616,906.9039594385034,894.5302987638576,903.7235717773438,9946560.0,BAJFINANCE,-0.0020851830889014877,False
2025-04-29,907.400893114908,908.9910566150634,890.5051481171497,903.7235717773438,11768180.0,BAJFINANCE,0.0,False
2025-04-30,878.5787472966435,883.3492984982109,850.3528899743571,858.15478515625,39690570.0,BAJFINANCE,-0.05042336843275441,False
2025-05-01,878.5787472966435,883.3492984982109,850.3528899743571,858.15478515625,39690570.0,BAJFINANCE,0.0,False
2025-05-02,852.2908939871758,886.0327010732856,851.3467079166783,881.4111938476562,18933030.0,BAJFINANCE,0.027100482446382745,False
2025-05-05,882.3057617507878,897.7603872927656,881.1627900057229,887.7223510742188,8930610.0,BAJFINANCE,0.007160287128884946,False
2025-05-06,885.6351674724266,891.8965802788989,869.6339274712942,874.3547973632812,12040870.0,BAJFINANCE,-0.015058259707848576,False
2025-05-07,869.633928985005,894.232145833438,866.9504750148244,893.138916015625,11635570.0,BAJFINANCE,0.02148340548824046,False
2025-05-08,892.1947079369587,901.8849143356404,872.1185758813663,877.8333129882812,12018090.0,BAJFINANCE,-0.01713686723631247,False
2025-05-09,860.8648380276228,873.9021887339279,856.3863504309473,859.9691162109375,12151340.0,BAJFINANCE,-0.020350329057952088,False
2025-05-12,880.6697141980056,898.683161916931,878.3309120482104,897.5386352539062,10638220.0,BAJFINANCE,0.043687056121854306,False
2025-05-13,896.0956196341344,911.9693213122264,894.8017857507431,899.87744140625,13363000.0,BAJFINANCE,0.002605799973927736,False
2025-05-14,900.1760232176907,906.6946986887788,896.8918110693861,903.7587890625,7594000.0,BAJFINANCE,0.0043131958616327015,False
2025-05-15,905.5999805101644,917.0947533876722,898.484136910891,914.4573974609376,10385000.0,BAJFINANCE,0.011837902466802719,False
2025-05-16,914.457373373886,924.1607630754636,908.9836663627398,912.3176879882812,6251920.0,BAJFINANCE,-0.0023398678589046096,False
2025-05-19,912.3176982188572,924.5091366985775,912.3176982188572,921.1253662109376,7162740.0,BAJFINANCE,0.009654178953910186,False
2025-05-20,925.3550226969596,926.5492981730328,902.5645339784704,903.5597534179688,8106160.0,BAJFINANCE,-0.0190697308285247,False
2025-05-21,905.649698749448,923.5636488346016,898.5338553904952,915.3530883789062,7321500.0,BAJFINANCE,0.013052080857216097,False
2025-05-22,915.3530762980172,915.5023835107728,902.7137773116312,909.5310668945312,6159740.0,BAJFINANCE,-0.006360410598150512,False
2025-05-23,909.5310964586228,924.2105836173696,906.7444333524312,919.9310913085938,4251690.0,BAJFINANCE,0.011434490577185041,False
2025-05-26,921.0755964137836,929.1866591884672,920.577986691248,922.5186767578124,5476790.0,BAJFINANCE,0.002812803560686028,False
2025-05-27,922.5684564101424,924.5588953667984,909.9291568867004,912.7157592773438,7150000.0,BAJFINANCE,-0.010626253676425224,False
2025-05-28,920.0803973123589,925.0067458230632,909.7300905574116,922.3196411132812,6507400.0,BAJFINANCE,0.010522314026375046,False
2025-05-29,920.5779851422768,923.5138946489728,911.6210101517032,916.0,7081750.0,BAJFINANCE,-0.006851899093955227,False
2025-05-30,917.0,920.3499755859376,912.0999755859376,918.0499877929688,15041740.0,BAJFINANCE,0.0022379779399221977,False
2025-06-02,913.0,916.5,904.0,911.8499755859376,6619630.0,BAJFINANCE,-0.0067534581879753475,False
2025-06-03,910.5999755859376,912.7999877929688,897.0,897.9000244140625,9080270.0,BAJFINANCE,-0.015298515704747495,False
2025-06-04,897.5,903.9500122070312,896.4500122070312,898.7000122070312,5544930.0,BAJFINANCE,0.000890954194472604,False
2025-06-05,898.7000122070312,898.7000122070312,886.9500122070312,893.4000244140625,7853320.0,BAJFINANCE,-0.005897393703103493,False
2025-06-06,894.5,943.4000244140624,887.5999755859375,937.1500244140624,19783860.0,BAJFINANCE,0.048970224764313564,False
2025-06-09,955.0,978.7999877929688,940.2999877929688,960.75,23496010.0,BAJFINANCE,0.025182708180254476,False
2025-06-10,970.0,970.0,948.5499877929688,949.75,9044040.0,BAJFINANCE,-0.011449388498568802,False
2025-06-11,949.0,957.0,940.4000244140624,942.5,11860810.0,BAJFINANCE,-0.007633587786259555,False
2025-06-12,944.9000244140624,953.2999877929688,935.5,936.8499755859376,12388330.0,BAJFINANCE,-0.005994720863726655,False
2025-06-13,915.0,936.5499877929688,914.7000122070312,933.0999755859376,10182020.0,BAJFINANCE,-0.004002775361823141,False
2025-06-16,956.0,956.0,925.0,938.0,7016290.0,BAJFINANCE,0.005251339130070587,False
2025-06-17,941.5,943.5,917.5,923.0,6110175.0,BAJFINANCE,-0.015991471215351827,False
2025-06-18,927.0,932.5,915.0,919.0,5002923.0,BAJFINANCE,-0.004333694474539573,False
2025-06-19,919.0,922.5,894.0,900.5,6585940.0,BAJFINANCE,-0.020130576713819348,False
2025-06-20,897.0,907.5,886.0,905.0,14320241.0,BAJFINANCE,0.0049972237645752315,False
2025-06-23,899.0,918.0,890.5,915.5,5870597.0,BAJFINANCE,0.011602209944751474,False
2025-06-24,920.0,936.0,914.5,916.5,11555634.0,BAJFINANCE,0.0010922992900055384,False
2025-06-25,918.0,930.0,916.0,928.0,6623799.0,BAJFINANCE,0.012547735951991212,False
2025-06-26,930.0,953.5,928.5,951.5,11677790.0,BAJFINANCE,0.02532327586206895,False
2025-06-27,950.0,959.5,936.0,947.0,21637194.0,BAJFINANCE,-0.004729374671571196,False
2025-06-30,956.0,956.0,934.0,936.5,6086081.0,BAJFINANCE,-0.011087645195353768,False
2025-07-01,932.5,941.7999877929688,928.0,936.6500244140624,5381327.0,BAJFINANCE,0.00016019691837954042,False
2025-07-02,933.0,939.8499755859376,914.0,923.0,9394493.0,BAJFINANCE,-0.01457323873193872,False
2025-07-03,922.0,924.5,905.2000122070312,910.1500244140624,7606558.0,BAJFINANCE,-0.013921967048686423,False
2025-07-04,922.0,940.7000122070312,919.0,925.2999877929688,10613046.0,BAJFINANCE,0.01664556718400312,False
2025-07-07,925.0,929.2999877929688,918.0999755859376,924.6500244140624,3383973.0,BAJFINANCE,-0.0007024353047454523,False
2025-07-08,918.7999877929688,929.5,918.7999877929688,927.6500244140624,3851432.0,BAJFINANCE,0.0032444707952081764,False
2025-07-09,926.5,946.0,924.0,940.5999755859376,5341529.0,BAJFINANCE,0.013959953464190322,False
2025-07-10,943.0,951.7000122070312,942.25,947.6500244140624,5409906.0,BAJFINANCE,0.007495267925913929,False
2025-07-11,938.7000122070312,947.1500244140624,931.5499877929688,933.5,4278038.0,BAJFINANCE,-0.014931698464115462,False
2025-07-14,932.0,932.0,911.2999877929688,918.8499755859376,6657978.0,BAJFINANCE,-0.015693652291443372,False
2025-07-15,919.0,930.5999755859376,918.0,928.4000244140624,3892075.0,BAJFINANCE,0.01039347998244744,False
2025-07-16,924.0,927.0,919.4000244140624,921.75,3952491.0,BAJFINANCE,-0.007162886944406699,False
2025-07-17,925.9500122070312,926.25,916.0,923.2999877929688,4583882.0,BAJFINANCE,0.0016815707002644231,False
2025-07-18,920.5,944.9000244140624,920.0,942.0,7893820.0,BAJFINANCE,0.02025345224116304,False
2025-07-21,938.9000244140624,951.0,937.3499755859376,948.4500122070312,4660232.0,BAJFINANCE,0.006847146716593588,False
2025-07-22,955.0,962.0,940.0,952.5499877929688,6237382.0,BAJFINANCE,0.004322816735904622,False
2025-07-23,954.0,970.9500122070312,953.6500244140624,968.2999877929688,9694991.0,BAJFINANCE,0.016534565326584483,False
2025-07-24,970.0,970.0,954.0,958.9500122070312,5189112.0,BAJFINANCE,-0.00965607322504336,False
2025-07-25,906.4000244140624,924.9000244140624,898.0,913.75,24415481.0,BAJFINANCE,-0.04713489924568959,False
2025-07-28,909.25,913.75,879.0,880.5,14011284.0,BAJFINANCE,-0.036388508891928906,False
2025-07-29,875.0499877929688,894.0,873.5,886.5499877929688,11323854.0,BAJFINANCE,0.006871082104450643,False
2025-07-30,890.9500122070312,892.5999755859375,875.0,884.8499755859375,5054496.0,BAJFINANCE,-0.0019175593372500188,False
2025-07-31,872.0,887.8499755859375,868.0,881.2000122070312,6999179.0,BAJFINANCE,-0.004124951663686538,False
2025-08-01,884.7999877929688,895.8499755859375,873.0,875.5999755859375,5300299.0,BAJFINANCE,-0.006355011964954471,False
2025-08-04,874.0,886.75,873.7000122070312,885.2999877929688,3969985.0,BAJFINANCE,0.011078132112258388,False
2025-08-05,889.0,893.5999755859375,882.4000244140625,891.9000244140625,4446791.0,BAJFINANCE,0.007455141434653756,False
2025-08-06,888.0,895.5,874.5999755859375,876.6500244140625,4212648.0,BAJFINANCE,-0.017098328941092422,False
2025-08-07,871.0,882.0,867.25,879.0999755859375,5998002.0,BAJFINANCE,0.002794674161461952,False
2025-08-08,877.0,888.2999877929688,876.0,877.1500244140625,3736916.0,BAJFINANCE,-0.002218122200009498,False
2025-08-11,877.1500244140625,888.2999877929688,872.75,877.7999877929688,5367926.0,BAJFINANCE,0.0007409945400622675,False
2025-08-12,877.2000122070312,884.9000244140625,851.5,853.0,8257312.0,BAJFINANCE,-0.02825243579157799,False
2025-08-13,854.5499877929688,864.0,849.0,860.0,10117225.0,BAJFINANCE,0.008206330597889888,False
2025-08-14,860.0,866.9000244140625,855.4500122070312,861.4500122070312,5379250.0,BAJFINANCE,0.0016860607058502008,False
2025-08-15,860.0,866.9000244140625,855.4500122070312,861.4500122070312,5379250.0,BAJFINANCE,0.0,False
2025-08-18,875.0,919.6500244140624,875.0,905.2000122070312,16277779.0,BAJFINANCE,0.05078646396198039,False
2025-08-19,905.9500122070312,909.9000244140624,890.5,902.2999877929688,5764382.0,BAJFINANCE,-0.0032037388145761403,False
2025-08-20,900.5499877929688,902.0,886.0499877929688,887.7999877929688,5561646.0,BAJFINANCE,-0.016070043440283177,False
2025-08-21,888.0,901.2999877929688,884.0,895.5999755859375,6697533.0,BAJFINANCE,0.008785748930183246,False
2025-08-22,895.0,903.9000244140624,892.0,894.5,6424895.0,BAJFINANCE,-0.0012281996604766032,False
2025-08-25,902.0999755859376,908.0,898.1500244140625,900.7999877929688,5837876.0,BAJFINANCE,0.00704302715815408,False
2025-08-26,899.9500122070312,901.9000244140624,873.5,876.25,6712926.0,BAJFINANCE,-0.027253539215867595,False
2025-08-27,899.9500122070312,901.9000244140624,873.5,876.25,6712926.0,BAJFINANCE,0.0,False
2025-08-28,870.2000122070312,884.5,869.7000122070312,876.8499755859375,8349342.0,BAJFINANCE,0.0006847082293153228,False
2025-08-29,870.8499755859375,888.0,870.8499755859375,877.8499755859375,5672446.0,BAJFINANCE,0.0011404459461059613,False
2025-09-01,877.8499755859375,894.7999877929688,877.8499755859375,889.3499755859375,4101526.0,BAJFINANCE,0.013100188323550421,False
2025-09-02,895.0,899.5499877929688,886.1500244140625,890.0999755859375,6103185.0,BAJFINANCE,0.0008433125547744336,False
2025-09-03,892.7000122070312,898.8499755859375,880.0499877929688,896.2999877929688,5493809.0,BAJFINANCE,0.006965523398593465,False
2025-09-04,915.0,948.0,912.25,934.75,21738706.0,BAJFINANCE,0.042898597267316596,False
2025-09-05,942.0,942.3499755859376,932.0,937.5999755859376,5467260.0,BAJFINANCE,0.00304891744951874,False
2025-09-08,937.5999755859376,949.6500244140624,935.6500244140624,944.2999877929688,5657331.0,BAJFINANCE,0.007145917642376265,False
2025-09-09,944.0,949.4000244140624,940.0,948.4000244140624,5417393.0,BAJFINANCE,0.004341879354119449,False
2025-09-10,951.0499877929688,969.6500244140624,947.7000122070312,967.9500122070312,6836239.0,BAJFINANCE,0.020613651718373927,False
2025-09-11,968.0,975.9000244140624,965.5999755859376,970.25,5982627.0,BAJFINANCE,0.0023761431519842002,False
2025-09-12,972.25,1004.5999755859376,970.8499755859376,1003.25,11412561.0,BAJFINANCE,0.03401185261530526,False
2025-09-15,999.0,1025.699951171875,998.0999755859376,1009.8499755859376,9989753.0,BAJFINANCE,0.006578595151694566,False
2025-09-16,1005.8499755859376,1015.2999877929688,1000.0,1003.25,7602155.0,BAJFINANCE,-0.00653560008466425,False
2025-09-17,1010.0,1011.7999877929688,1000.3499755859376,1007.5,6995023.0,BAJFINANCE,0.0042362322452031975,False
2025-09-18,1007.0,1009.7999877929688,990.0,996.5,9738376.0,BAJFINANCE,-0.010918114143920632,False
2025-09-19,991.0,996.0,988.5999755859376,992.4500122070312,6736440.0,BAJFINANCE,-0.004064212536847744,False
2025-09-22,989.9500122070312,1010.9000244140624,989.0,1006.5,4250045.0,BAJFINANCE,0.014156872003783905,False
2025-09-23,999.0,1028.800048828125,999.0,1025.5,10230040.0,BAJFINANCE,0.018877297565822238,False
2025-09-24,1021.5,1036.0,1020.4000244140624,1029.75,6433184.0,BAJFINANCE,0.004144319843978561,False
2025-09-25,1020.0,1031.0999755859375,1008.0,1012.75,16731453.0,BAJFINANCE,-0.016508861374119888,False
2025-09-26,1008.0499877929688,1010.5,981.0499877929688,985.0999755859376,9109737.0,BAJFINANCE,-0.02730192487194505,False
2025-09-29,990.0,997.7999877929688,981.0999755859376,990.9500122070312,5804877.0,BAJFINANCE,0.005938520724877661,False
2025-09-30,990.0,1002.2999877929688,989.4500122070312,998.9000244140624,7182200.0,BAJFINANCE,0.00802261679105798,False
2025-10-01,991.5,1000.0,977.75,987.7000122070312,6932272.0,BAJFINANCE,-0.011212345513356925,False
2025-10-02,991.5,1000.0,977.75,987.7000122070312,6932272.0,BAJFINANCE,0.0,False
2025-10-03,975.0,992.2000122070312,972.0,989.75,7692197.0,BAJFINANCE,0.0020755166220844945,False
2025-10-06,993.0,1023.0,992.0999755859376,1008.9000244140624,9299635.0,BAJFINANCE,0.019348344949797758,False
2025-10-07,1008.9000244140624,1029.5,1008.9000244140624,1016.5499877929688,7991437.0,BAJFINANCE,0.0075824791295344696,False
2025-10-08,1012.0499877929688,1028.0,1012.0499877929688,1023.1500244140624,4448915.0,BAJFINANCE,0.00649258442806433,False
2025-10-09,1023.0,1029.0,1014.9500122070312,1024.0999755859375,4444154.0,BAJFINANCE,0.0009284573612937663,False
2025-10-10,1018.0999755859376,1027.5,1017.0,1023.8499755859376,3714548.0,BAJFINANCE,-0.00024411679128966135,False
2025-10-13,1023.8499755859376,1040.0,1021.5,1036.75,7684523.0,BAJFINANCE,0.012599526025949048,False
2025-10-14,1040.0,1042.0999755859375,1011.3499755859376,1019.1500244140624,7668358.0,BAJFINANCE,-0.016976103772305406,False
2025-10-15,1026.0,1063.0,1018.4000244140624,1059.9000244140625,10205158.0,BAJFINANCE,0.03998429968485584,False
2025-10-16,1062.0,1081.0999755859375,1058.8499755859375,1065.75,9901992.0,BAJFINANCE,0.005519365460125769,False
2025-10-17,1056.0999755859375,1076.449951171875,1056.0999755859375,1070.0999755859375,5761670.0,BAJFINANCE,0.004081609745191228,False
2025-10-20,1081.5,1086.5,1072.199951171875,1081.0,5700858.0,BAJFINANCE,0.010185986975744132,False
2025-10-21,1084.9000244140625,1089.0,1081.0,1086.5,911624.0,BAJFINANCE,0.005087881591119281,False
2025-10-22,1084.9000244140625,1089.0,1081.0,1086.5,911624.0,BAJFINANCE,0.0,False
2025-10-23,1090.0,1102.5,1083.9000244140625,1094.1500244140625,11143407.0,BAJFINANCE,0.007040979672399805,False
2025-10-24,1093.5,1098.5999755859375,1087.4000244140625,1089.75,6440277.0,BAJFINANCE,-0.004021408687916228,False
2025-10-27,1090.949951171875,1094.0,1075.75,1084.4000244140625,7366175.0,BAJFINANCE,-0.004909360482622138,False
2025-10-28,1078.0,1092.4000244140625,1063.050048828125,1072.75,12324341.0,BAJFINANCE,-0.010743290438745001,False
2025-10-29,1072.0,1079.1500244140625,1061.25,1062.949951171875,5386803.0,BAJFINANCE,-0.009135445190515012,False
2025-10-30,1063.0,1066.800048828125,1045.0,1052.300048828125,4271927.0,BAJFINANCE,-0.010019194536872389,False
2025-10-31,1052.0,1069.449951171875,1041.4000244140625,1042.800048828125,5315632.0,BAJFINANCE,-0.00902784335188378,False
2025-11-03,1037.0,1048.0,1031.0,1043.0999755859375,4135617.0,BAJFINANCE,0.0002876167469971769,False
2025-11-04,1040.0,1060.4000244140625,1035.0,1057.0,6202540.0,BAJFINANCE,0.013325687603678249,False
2025-11-05,1040.0,1060.4000244140625,1035.0,1057.0,6202540.0,BAJFINANCE,0.0,False
2025-11-06,1037.0,1052.800048828125,1035.0,1041.9000244140625,5776277.0,BAJFINANCE,-0.014285691188209548,False
2025-11-07,1039.0,1076.9000244140625,1034.199951171875,1066.5999755859375,6940923.0,BAJFINANCE,0.02370664228150443,False
2025-11-10,1066.5999755859375,1088.0,1062.9000244140625,1085.0,5692236.0,BAJFINANCE,0.017251101476872366,False
2025-11-11,1043.699951171875,1043.699951171875,997.0,1005.2000122070312,23762890.0,BAJFINANCE,-0.07354837584605411,False
2025-11-12,1011.0,1018.4000244140624,1008.7999877929688,1013.2000122070312,11131278.0,BAJFINANCE,0.00795861510430651,False
2025-11-13,1012.5,1019.4000244140624,1003.5,1005.4000244140624,8503994.0,BAJFINANCE,-0.007698369225221713,False
2025-11-14,1004.9000244140624,1019.9000244140624,1002.5999755859376,1018.5,4381122.0,BAJFINANCE,0.013029615344968937,False
2025-11-17,1021.0,1033.0,1017.0,1026.800048828125,6011603.0,BAJFINANCE,0.008149287018286655,False
2025-11-18,1021.2000122070312,1024.0999755859375,1011.7000122070312,1013.5999755859376,4562185.0,BAJFINANCE,-0.012855544034354627,False
2025-11-19,1009.0,1016.0999755859376,1004.5999755859376,1005.5999755859376,5158832.0,BAJFINANCE,-0.007892660016467934,False
2025-11-20,1015.0,1031.699951171875,1007.2999877929688,1028.5999755859375,5459073.0,BAJFINANCE,0.022871917818612086,False
2025-11-21,1020.0,1027.5999755859375,1001.5,1004.0999755859376,6304584.0,BAJFINANCE,-0.023818783376932884,False
2025-11-24,1005.0,1009.2999877929688,990.0,994.0,9574900.0,BAJFINANCE,-0.010058735017938636,False
2025-11-25,995.0,996.9000244140624,984.5,986.2000122070312,6376983.0,BAJFINANCE,-0.007847070214254237,False
2025-11-26,986.2000122070312,1012.7999877929688,981.2999877929688,1010.7000122070312,9772235.0,BAJFINANCE,0.024842830761248047,False
2025-11-27,1015.5999755859376,1044.9000244140625,1010.9000244140624,1033.800048828125,12076038.0,BAJFINANCE,0.022855482677447414,False
2025-11-28,1038.0,1043.5,1031.0,1037.5,4983147.0,BAJFINANCE,0.0035789814249564955,False
2025-12-01,1041.9000244140625,1042.0,1018.7999877929688,1021.0999755859376,6459837.0,BAJFINANCE,-0.01580725244728909,False
2025-12-02,1014.5,1036.0,1013.9000244140624,1025.5,6706145.0,BAJFINANCE,0.004309102457413561,False
2025-12-03,1021.0,1026.300048828125,1014.2000122070312,1021.4000244140624,5895670.0,BAJFINANCE,-0.003998025924853876,False
2025-12-04,1018.0,1032.300048828125,1016.0,1029.0999755859375,5404918.0,BAJFINANCE,0.007538624425128981,False
2025-12-05,1028.9000244140625,1061.0,1026.5,1048.0,13123572.0,BAJFINANCE,0.01836558630107965,False
2025-12-08,1048.0,1049.800048828125,1023.0,1026.4000244140625,5189635.0,BAJFINANCE,-0.02061066372703957,False
2025-12-09,1025.0,1026.0,1013.7000122070312,1016.7000122070312,5968501.0,BAJFINANCE,-0.009450518293360965,False
2025-12-10,1016.0,1021.7000122070312,1007.2999877929688,1010.2999877929688,4990527.0,BAJFINANCE,-0.0062948995153147,False
2025-12-11,1011.9000244140624,1020.5,1000.0999755859376,1006.4000244140624,4670539.0,BAJFINANCE,-0.0038602033317113316,False
2025-12-12,1000.0,1020.7999877929688,1000.0,1017.2999877929688,4381711.0,BAJFINANCE,0.01083064697385372,False
2025-12-15,1015.0,1016.5,1008.0,1012.7000122070312,3958977.0,BAJFINANCE,-0.004521749376914075,False
2025-12-16,1007.5,1010.5999755859376,996.5,998.4000244140624,3861617.0,BAJFINANCE,-0.014120655298309082,False
2025-12-17,1000.0,1011.2000122070312,995.2999877929688,999.5999755859376,4695550.0,BAJFINANCE,0.0012018741411583544,False
2025-12-18,1002.0999755859376,1009.7000122070312,995.0,1000.2999877929688,3103997.0,BAJFINANCE,0.0007002923410646122,False
2025-12-19,1003.2000122070312,1014.0,1002.5,1008.2999877929688,5126009.0,BAJFINANCE,0.007997600817381656,False
2025-12-22,1008.2999877929688,1015.4000244140624,1005.0,1007.7999877929688,3921237.0,BAJFINANCE,-0.0004958841674633785,False
2025-12-23,1013.5,1018.0,1005.7000122070312,1011.4000244140624,4712043.0,BAJFINANCE,0.003572173709763149,False
2025-12-24,1011.0,1037.4000244140625,1006.0,1011.7000122070312,5984816.0,BAJFINANCE,0.00029660647194740264,False
2025-12-25,1011.0,1037.4000244140625,1006.0,1011.7000122070312,5984816.0,BAJFINANCE,0.0,False
2025-12-26,1011.7000122070312,1011.7000122070312,998.0,1000.0,5211460.0,BAJFINANCE,-0.011564705017159782,False
2025-12-29,1003.0,1003.9000244140624,989.5999755859376,998.0,6715489.0,BAJFINANCE,-0.0020000000000000018,False
2025-12-30,994.0999755859376,997.5999755859376,987.0999755859376,989.2999877929688,7473887.0,BAJFINANCE,-0.008717447101233677,False
2025-12-31,990.0,994.2000122070312,978.4000244140624,986.7999877929688,9895270.0,BAJFINANCE,-0.0025270393519131185,False
2026-01-01,988.2000122070312,989.0,969.0,973.0999755859376,7118751.0,BAJFINANCE,-0.013883271561111354,False
2026-01-02,972.9000244140624,994.2000122070312,960.5999755859376,990.4500122070312,6206869.0,BAJFINANCE,0.017829654769692782,False
2026-01-05,979.7000122070312,999.1500244140624,975.0,978.75,10564157.0,BAJFINANCE,-0.011812824537161593,False
2026-01-06,978.0,987.0,973.2999877929688,977.3499755859376,8380183.0,BAJFINANCE,-0.001430420857279624,False
2026-01-07,973.0499877929688,976.4500122070312,965.0499877929688,968.7999877929688,7048491.0,BAJFINANCE,-0.00874813322407153,False
2026-01-08,968.5,978.3499755859376,965.2999877929688,971.9500122070312,4410256.0,BAJFINANCE,0.00325147032798645,False
2026-01-09,970.0999755859376,983.0,953.7000122070312,959.5999755859376,7598970.0,BAJFINANCE,-0.012706452457416084,False
2026-01-12,958.7999877929688,961.4000244140624,939.8499755859376,951.9000244140624,5640136.0,BAJFINANCE,-0.00802412606062608,False
2026-01-13,950.0,955.8499755859376,939.0,949.0,6765116.0,BAJFINANCE,-0.0030465640715237052,False
2026-01-14,947.0,953.9000244140624,943.1500244140624,945.9500122070312,4452202.0,BAJFINANCE,-0.003213896515246284,False
2026-01-15,947.0,953.9000244140624,943.1500244140624,945.9500122070312,4452202.0,BAJFINANCE,0.0,False
2026-01-16,940.2000122070312,963.0,936.7999877929688,950.25,10710080.0,BAJFINANCE,0.004545681840984583,False
2026-01-19,950.5,972.9000244140624,948.8499755859376,969.4500122070312,7000442.0,BAJFINANCE,0.020205222001611345,False
2026-01-20,975.7000122070312,975.7000122070312,927.9000244140624,933.2000122070312,9001207.0,BAJFINANCE,-0.0373923353897061,False
2026-01-21,925.0,947.2999877929688,921.0,936.25,5375254.0,BAJFINANCE,0.0032683109227094054,False
2026-01-22,947.0,947.0,934.25,942.8499755859376,5518756.0,BAJFINANCE,0.00704937312249676,False
2026-01-23,942.8499755859376,951.4000244140624,926.2999877929688,927.8499755859376,6535035.0,BAJFINANCE,-0.015909211845371418,False
2026-01-26,942.8499755859376,951.4000244140624,926.2999877929688,927.8499755859376,6535035.0,BAJFINANCE,0.0,False
2026-01-27,930.0,931.9500122070312,907.7000122070312,914.7000122070312,15312488.0,BAJFINANCE,-0.014172510346408318,False
2026-01-28,914.7000122070312,936.9000244140624,914.7000122070312,935.1500244140624,6046468.0,BAJFINANCE,0.022357070005594837,False
2026-01-29,935.1500244140624,939.7999877929688,923.7000122070312,935.1500244140624,6430445.0,BAJFINANCE,0.0,False
2026-01-30,928.3499755859376,938.0,925.1500244140624,929.8499755859376,10151379.0,BAJFINANCE,-0.00566759203310252,False
2026-02-02,887.0,909.4000244140624,887.0,903.7000122070312,11874989.0,BAJFINANCE,-0.028122776862394616,False
2026-02-03,960.0,972.7999877929688,941.9000244140624,964.4000244140624,15261370.0,BAJFINANCE,0.06716832066737344,False
2026-02-04,965.0,975.7000122070312,944.1500244140624,963.2999877929688,17489015.0,BAJFINANCE,-0.001140643501914007,False
2026-02-05,964.0,968.5,953.0,964.75,6020258.0,BAJFINANCE,0.0015052550871026416,False
2026-02-06,973.9500122070312,986.5,966.0999755859376,981.7000122070312,13742927.0,BAJFINANCE,0.01756933112934056,False
2026-02-09,988.0,988.0,971.5999755859376,983.1500244140624,4852548.0,BAJFINANCE,0.0014770420586744937,False
2026-02-10,983.1500244140624,985.1500244140624,961.2999877929688,965.5999755859376,6166752.0,BAJFINANCE,-0.017850834961413153,False
2026-02-11,965.2999877929688,974.5,961.4000244140624,968.9500122070312,3597342.0,BAJFINANCE,0.0034693834981311955,False
2026-02-12,968.2999877929688,1002.0,965.0,999.0999755859376,10346853.0,BAJFINANCE,0.03111611847780682,False
2026-02-13,995.0,1032.0,992.7999877929688,1024.75,21613987.0,BAJFINANCE,0.025673130858620663,False
2026-02-16,1023.0499877929688,1029.300048828125,1003.2999877929688,1012.75,4460636.0,BAJFINANCE,-0.011710173212978736,False
2026-02-17,1012.75,1016.3499755859376,1004.0,1014.1500244140624,2913899.0,BAJFINANCE,0.0013823988289927147,False
2026-02-18,1014.5499877929688,1025.699951171875,1007.0499877929688,1023.7999877929688,4929647.0,BAJFINANCE,0.00951532134950317,False
2026-02-19,1024.0,1024.5,1007.0,1017.0499877929688,9866245.0,BAJFINANCE,-0.006593084665444393,False
2026-02-20,1015.9000244140624,1036.5999755859375,1008.75,1030.199951171875,6922705.0,BAJFINANCE,0.01292951530085773,False
2026-02-23,1032.449951171875,1046.0,1029.050048828125,1031.0,9452225.0,BAJFINANCE,0.000776595676611036,False
2026-02-24,1026.300048828125,1028.75,1010.2999877929688,1023.5499877929688,6610984.0,BAJFINANCE,-0.007226006020398912,False
2026-02-25,1028.0,1034.0,1013.4000244140624,1021.0499877929688,3182612.0,BAJFINANCE,-0.002442479634424677,False
2026-02-26,1020.75,1031.199951171875,1006.0499877929688,1012.9500122070312,4336261.0,BAJFINANCE,-0.007932986320724478,False
2026-02-27,1008.9500122070312,1014.9000244140624,993.0999755859376,995.9000244140624,8145772.0,BAJFINANCE,-0.016832013018905134,False
2026-03-02,971.0,990.4000244140624,968.0,978.25,8493269.0,BAJFINANCE,-0.01772268699807167,False
2026-03-03,971.0,990.4000244140624,968.0,978.25,8493269.0,BAJFINANCE,0.0,False
2026-03-04,967.0,967.0,941.2999877929688,945.0999755859376,8964293.0,BAJFINANCE,-0.033887068146243204,False
2026-03-05,958.0,968.25,945.9000244140624,962.4000244140624,6181254.0,BAJFINANCE,0.018304993413420734,False
2026-03-06,960.0,961.5,946.5999755859376,950.2000122070312,6560051.0,BAJFINANCE,-0.012676654091378303,False
2026-03-09,921.7999877929688,941.0999755859376,909.0499877929688,938.0499877929688,9182152.0,BAJFINANCE,-0.012786807259496435,False
2026-03-10,950.0,952.1500244140624,931.8499755859376,939.7999877929688,8474956.0,BAJFINANCE,0.0018655722219211857,False
2026-03-11,932.2000122070312,941.25,890.0,893.6500244140625,11172537.0,BAJFINANCE,-0.04910615447791722,False
2026-03-12,880.0999755859375,888.2000122070312,858.3499755859375,863.0999755859375,15508258.0,BAJFINANCE,-0.03418569685392858,False
2026-03-13,861.0,868.3499755859375,848.7999877929688,855.0499877929688,6668639.0,BAJFINANCE,-0.009326831213850806,False
2026-03-16,850.0999755859375,881.9000244140625,850.0999755859375,878.1500244140625,8982957.0,BAJFINANCE,0.027016007193589875,False
2026-03-17,878.1500244140625,881.0499877929688,859.5499877929688,868.5999755859375,7941385.0,BAJFINANCE,-0.010875190528517265,False
2026-03-18,876.0999755859375,893.9500122070312,858.2000122070312,880.0999755859375,12375517.0,BAJFINANCE,0.013239696434762527,False
2026-03-19,868.2000122070312,869.9000244140625,826.7000122070312,832.2000122070312,11585591.0,BAJFINANCE,-0.05442559335036479,False
2026-03-20,836.7000122070312,841.9500122070312,819.25,830.5499877929688,14881843.0,BAJFINANCE,-0.001982725774885008,False
2026-03-23,818.0999755859375,818.7999877929688,787.9000244140625,812.5999755859375,15835828.0,BAJFINANCE,-0.021612199712060742,False
2026-03-24,830.0,854.0,817.5999755859375,849.0,18828248.0,BAJFINANCE,0.044794518222592394,False
2026-03-25,862.0499877929688,888.7999877929688,853.2999877929688,882.75,15995501.0,BAJFINANCE,0.039752650176678506,False
2026-03-26,862.0499877929688,888.7999877929688,853.2999877929688,882.75,15995501.0,BAJFINANCE,0.0,False
2026-03-27,875.0,875.1500244140625,841.25,843.7999877929688,11282824.0,BAJFINANCE,-0.04412349159675022,False
2026-03-30,831.0,834.9000244140625,799.0,801.5499877929688,20377282.0,BAJFINANCE,-0.0500711076217345,False
2026-03-31,831.0,834.9000244140625,799.0,801.5499877929688,20377282.0,BAJFINANCE,0.0,False
2026-04-01,832.7999877929688,842.0499877929688,814.7999877929688,817.2999877929688,15094026.0,BAJFINANCE,0.01964942953011195,False
2026-04-02,809.0,830.0499877929688,792.4500122070312,826.8499755859375,9113618.0,BAJFINANCE,0.011684801095809938,False
2026-04-03,809.0,830.0499877929688,792.4500122070312,826.8499755859375,9113618.0,BAJFINANCE,0.0,False
2026-04-06,828.9000244140625,853.0,814.25,850.8499755859375,12504591.0,BAJFINANCE,0.029025821743530633,False
2026-04-07,848.0,862.7999877929688,844.4500122070312,855.0999755859375,11569047.0,BAJFINANCE,0.0049950051383302885,False
2026-04-08,890.0,926.0,881.0,915.0499877929688,13826150.0,BAJFINANCE,0.07010877548669314,False
2026-04-09,902.0,913.4000244140624,891.4000244140625,903.25,9457820.0,BAJFINANCE,-0.012895457024626023,False
2026-04-10,915.75,927.2999877929688,912.2999877929688,924.5499877929688,9491544.0,BAJFINANCE,0.023581497694955766,False
2026-04-13,896.1500244140625,905.9000244140624,881.0999755859375,898.9500122070312,10723313.0,BAJFINANCE,-0.027689120030219505,False
2026-04-14,896.1500244140625,905.9000244140624,881.0999755859375,898.9500122070312,10723313.0,BAJFINANCE,0.0,False
2026-04-15,925.0,925.0,911.0999755859376,913.1500244140624,5975197.0,BAJFINANCE,0.01579622005028769,False
2026-04-16,919.0,932.5999755859376,904.0,905.9000244140624,11805227.0,BAJFINANCE,-0.007939549697380865,False
2026-04-17,902.1500244140624,910.4500122070312,895.7999877929688,908.25,6035241.0,BAJFINANCE,0.00259407828966296,False
2026-04-20,908.25,920.9000244140624,898.0,917.75,6184179.0,BAJFINANCE,0.010459675199559593,False
2026-04-21,919.5,945.9500122070312,919.0,938.8499755859376,6713975.0,BAJFINANCE,0.022990984021724392,False
2026-04-22,938.0,946.3499755859376,930.1500244140624,934.75,5759028.0,BAJFINANCE,-0.00436701889817781,False
2026-04-23,926.0999755859376,929.8499755859376,909.3499755859376,918.3499755859376,9143598.0,BAJFINANCE,-0.017544824192631592,False
2026-04-24,920.0,924.7000122070312,909.7999877929688,921.5499877929688,3982355.0,BAJFINANCE,0.0034845236479583708,False
2026-04-27,923.0499877929688,928.9500122070312,908.2999877929688,921.7999877929688,7813458.0,BAJFINANCE,0.0002712820826993312,False
2026-04-28,921.7999877929688,929.9000244140624,914.3499755859376,923.6500244140624,7119135.0,BAJFINANCE,0.0020069826921165212,False
2026-04-29,925.0,937.0,916.5999755859376,930.0,5438997.0,BAJFINANCE,0.0068748718866389336,False
2026-04-30,945.0,975.0,933.9000244140624,937.0,27364272.0,BAJFINANCE,0.007526881720430145,False
