Date,Open,High,Low,Close,Volume,Symbol,Daily_Return,Is_Outlier
2018-01-01,1035.2381295636835,1058.8263859873157,1030.6055340301398,1039.067138671875,429620.0,DIVISLAB,,False
2018-01-02,1039.9654568918113,1048.8996594264154,1014.8644262917742,1021.9078979492188,413942.0,DIVISLAB,-0.016514082761378668,False
2018-01-03,1021.5294335011604,1055.044628816523,1021.15124126323,1039.39794921875,768114.0,DIVISLAB,0.017115095503841937,False
2018-01-04,1046.4888339819104,1051.5468243959256,1032.4020069591825,1046.157958984375,450896.0,DIVISLAB,0.006503774392383699,False
2018-01-05,1045.4489882628015,1062.1829322199824,1041.9036513728818,1047.197998046875,568810.0,DIVISLAB,0.0009941510778255225,False
2018-01-08,1047.198072630447,1073.4335674843994,1047.198072630447,1055.2813720703125,468360.0,DIVISLAB,0.007719050302343655,False
2018-01-09,1055.2812778081948,1066.3427979493688,1024.4605060847002,1029.8494873046875,639168.0,DIVISLAB,-0.024099624459144264,False
2018-01-10,1025.784006810512,1054.1466982430609,1015.9989013479,1020.3951416015624,807750.0,DIVISLAB,-0.009180317919921466,False
2018-01-11,1025.7839888039516,1046.5832954893772,1016.377075807186,1041.4307861328125,459962.0,DIVISLAB,0.02061519471587614,False
2018-01-12,1046.4887784175894,1049.4195667385757,1024.3658563614836,1034.103759765625,276559.0,DIVISLAB,-0.007035538477209058,False
2018-01-15,1034.103865882471,1034.103865882471,964.3315927167824,1019.4970092773438,279071.0,DIVISLAB,-0.014125033731230086,False
2018-01-16,1020.1115164668412,1042.612632224064,1016.329824098104,1033.111083984375,804279.0,DIVISLAB,0.01335371715968181,False
2018-01-17,1031.4565951912532,1051.215960930523,1019.355133429072,1047.1033935546875,840913.0,DIVISLAB,0.013543857758595124,False
2018-01-18,1047.1033100718766,1058.6374247317983,1022.0968019932192,1030.8892822265625,582399.0,DIVISLAB,-0.015484728086957666,False
2018-01-19,1030.5112181756383,1043.368949742816,1023.515063888056,1038.3582763671875,322347.0,DIVISLAB,0.007245195259468762,False
2018-01-22,1036.136303349386,1043.4633316889297,1009.0027090810188,1019.024169921875,690857.0,DIVISLAB,-0.018619879944478335,False
2018-01-23,1020.1113966025582,1047.1977880925738,1020.1113966025582,1041.2415771484375,1019038.0,DIVISLAB,0.021802630283308977,False
2018-01-24,1044.645201417908,1064.6409229350588,1027.202191499085,1042.7071533203125,821655.0,DIVISLAB,0.0014075275171863133,False
2018-01-25,1039.965456816226,1064.5464585227912,1035.3328603360612,1059.1575927734375,2015896.0,DIVISLAB,0.01577666308391734,False
2018-01-26,1039.965456816226,1064.5464585227912,1035.3328603360612,1059.1575927734375,2015896.0,DIVISLAB,0.0,False
2018-01-29,1054.1467824478336,1054.1467824478336,1022.9478193798708,1040.3436279296875,909205.0,DIVISLAB,-0.017763140227777696,False
2018-01-30,1039.9653209090422,1047.76506081586,1009.9481400555312,1020.9623413085938,662548.0,DIVISLAB,-0.018629697054677097,False
2018-01-31,1020.9622991456056,1020.9622991456056,953.9317867844856,982.6726684570312,960918.0,DIVISLAB,-0.037503511444394344,False
2018-02-01,992.6942184424634,1000.824833721422,966.6950841499226,986.8326416015624,763908.0,DIVISLAB,0.004233325376865382,False
2018-02-02,969.0586615965194,993.8760175642352,951.851949918094,972.1312866210938,1850108.0,DIVISLAB,-0.014897515911724724,False
2018-02-05,950.1501896033355,991.3706125582404,945.4230742321746,978.1820068359376,545693.0,DIVISLAB,0.006224180106243482,False
2018-02-06,928.7836371866036,960.5498289196516,924.9546276305292,948.4484252929688,659453.0,DIVISLAB,-0.03039677824288156,False
2018-02-07,954.8773261126018,967.8768936710654,950.8120183442188,957.949951171875,382513.0,DIVISLAB,0.010017967899489388,False
2018-02-08,960.5498196562,992.5996841613857,960.5498196562,973.6912231445312,424810.0,DIVISLAB,0.016432248838678554,False
2018-02-09,950.1501388008696,971.8948683455662,950.1501388008696,961.0697631835938,472189.0,DIVISLAB,-0.01296248714266579,False
2018-02-12,966.2223955035728,986.0762803426873,961.9679916094768,979.9310302734376,488773.0,DIVISLAB,0.01962528404531727,False
2018-02-13,966.2223955035728,986.0762803426873,961.9679916094768,979.9310302734376,488773.0,DIVISLAB,0.0,False
2018-02-14,983.240097340245,1007.632061302888,975.0149619199664,993.3560791015624,365498.0,DIVISLAB,0.0136999935846287,False
2018-02-15,997.4213303928996,1002.053926478238,980.451032593526,990.8978881835938,260354.0,DIVISLAB,-0.002474632178414704,False
2018-02-16,995.1050459239142,1009.948141175571,979.0328545829502,988.5816040039062,632838.0,DIVISLAB,-0.0023375609205641412,False
2018-02-19,985.1309500048952,987.9672195346598,952.2774946184556,961.3062744140624,502939.0,DIVISLAB,-0.027590367329692,False
2018-02-20,961.306145346568,973.5493853803858,947.692088053988,958.564453125,396055.0,DIVISLAB,-0.0028521828703693686,False
2018-02-21,962.4406971691084,968.7749856532522,942.8704278371396,951.8046875,628446.0,DIVISLAB,-0.007051967765925982,False
2018-02-22,942.6340931349775,969.6732284983188,942.6340931349775,963.6224975585938,775993.0,DIVISLAB,0.01241621334061116,False
2018-02-23,961.4951581061094,995.0103561462824,961.4006388909592,992.7886352539062,806228.0,DIVISLAB,0.030267182189298136,False
2018-02-26,1002.1485141872624,1004.9847835670377,975.9130224243412,978.8438110351562,240854.0,DIVISLAB,-0.014046115883652899,False
2018-02-27,979.2691926648112,987.9670381291268,969.7203280081028,979.0328369140624,338955.0,DIVISLAB,0.00019311137974731274,False
2018-02-28,973.7857573850516,977.9928438629456,961.0225460018494,969.9095458984376,362857.0,DIVISLAB,-0.009318677241083817,False
2018-03-01,970.8549249486292,976.1019534789876,961.7315696993068,962.8660888671876,272425.0,DIVISLAB,-0.00726197309948684,False
2018-03-02,970.8549249486292,976.1019534789876,961.7315696993068,962.8660888671876,272425.0,DIVISLAB,0.0,False
2018-03-05,962.4406287302696,964.2369555393788,952.9863985855716,956.8626098632812,472011.0,DIVISLAB,-0.006235009284592641,False
2018-03-06,956.76807453743,967.829535161329,954.404517041043,958.3753051757812,409750.0,DIVISLAB,0.0015808908164109958,False
2018-03-07,956.4845237773168,960.7389275581452,931.2417164702582,936.7251586914062,571021.0,DIVISLAB,-0.022590467813028647,False
2018-03-08,938.001506326594,952.0410156001524,926.9873046633064,947.9757080078124,405968.0,DIVISLAB,0.012010512594882172,False
2018-03-09,945.6122264923632,958.8008907012136,942.3977647676372,944.194091796875,371889.0,DIVISLAB,-0.003989148855812474,False
2018-03-12,950.1502585866588,962.6298556133828,942.634133060014,958.469970703125,244331.0,DIVISLAB,0.015119644393327913,False
2018-03-13,958.6589545466228,992.6941837021242,952.9864163540392,978.938232421875,839762.0,DIVISLAB,0.021355141365289265,False
2018-03-14,972.8403172497384,1003.9919605455696,972.6512788032064,997.2794799804688,411421.0,DIVISLAB,0.01873585784183529,False
2018-03-15,1000.2574946812664,1045.6851142088024,998.3666487555932,1025.3585205078125,1000506.0,DIVISLAB,0.0281556385055608,False
2018-03-16,1025.3586954198631,1039.020013400056,1005.930204056105,1027.8167724609375,629875.0,DIVISLAB,0.0023974560155870517,False
2018-03-19,1030.5113298752728,1051.216121878242,1013.0683172897106,1028.6204833984375,614731.0,DIVISLAB,0.0007819593521281032,False
2018-03-20,1021.1514245792312,1044.69248186764,1011.6026747496604,1034.6710205078125,545426.0,DIVISLAB,0.0058821860997602116,False
2018-03-21,1044.692360204503,1049.372157645809,1022.1440459188082,1026.6820068359375,498066.0,DIVISLAB,-0.007721308042390129,False
2018-03-22,1023.8930999667642,1037.0345026324412,1007.91542832611,1010.4681396484376,422829.0,DIVISLAB,-0.01579249181298925,False
2018-03-23,1002.0540148292567,1003.992063032348,968.7278489559628,981.0655517578124,710829.0,DIVISLAB,-0.02909798610855263,False
2018-03-26,970.0514214585512,1003.4721050839051,970.0514214585512,997.6104125976562,341662.0,DIVISLAB,0.016864174682517108,False
2018-03-27,1006.8755730200204,1039.5871882731374,990.8033807746305,1028.2894287109375,855115.0,DIVISLAB,0.03075250190442258,False
2018-03-28,1023.420362553995,1063.4118002516684,1022.9476510701364,1030.7000732421875,1588702.0,DIVISLAB,0.002344324918590157,False
2018-03-29,1023.420362553995,1063.4118002516684,1022.9476510701364,1030.7000732421875,1588702.0,DIVISLAB,0.0,False
2018-03-30,1023.420362553995,1063.4118002516684,1022.9476510701364,1030.7000732421875,1588702.0,DIVISLAB,0.0,False
2018-04-02,1032.4966536860138,1042.1872414864608,1020.3479886470744,1030.8421630859375,279687.0,DIVISLAB,0.00013785760517426304,False
2018-04-03,1025.8785354299257,1055.3284867187451,1025.8785354299257,1048.6632080078125,405008.0,DIVISLAB,0.017287850225805368,False
2018-04-04,1063.6009005878518,1079.4840535331973,1028.572931431925,1036.8927001953125,619642.0,DIVISLAB,-0.011224297489048851,False
2018-04-05,1049.845034818694,1065.2081601876491,1041.0998711471348,1057.644775390625,783319.0,DIVISLAB,0.020013715200621673,False
2018-04-06,1057.9758214206472,1062.4665813799634,1042.329022136001,1053.437744140625,225924.0,DIVISLAB,-0.003977735576149555,False
2018-04-09,1054.2412884042053,1079.1059623964063,1054.2412884042053,1068.186279296875,465413.0,DIVISLAB,0.014000386105665452,False
2018-04-10,1070.0771155237132,1104.254183762007,1069.7462405194444,1081.233154296875,1402585.0,DIVISLAB,0.012214044734395912,False
2018-04-11,1087.2364462703072,1087.2364462703072,1049.4195264000357,1061.379150390625,385766.0,DIVISLAB,-0.01836237062038759,False
2018-04-12,1054.1940662375291,1074.6151819690622,1050.8377680934268,1059.6302490234375,320269.0,DIVISLAB,-0.0016477630699113233,False
2018-04-13,1060.7647345420942,1090.923754978341,1058.8738883129638,1082.982177734375,665920.0,DIVISLAB,0.022037808690775762,False
2018-04-16,1084.8730065577222,1112.7629879899253,1071.4952466196405,1109.2176513671875,798396.0,DIVISLAB,0.024225212724827694,False
2018-04-17,1112.762964599766,1125.0534646335782,1109.8793780439814,1116.1192626953125,523489.0,DIVISLAB,0.006222053281984996,False
2018-04-18,1117.4900686051974,1137.7221453823747,1107.0904148364518,1110.777587890625,879419.0,DIVISLAB,-0.004785935502795602,False
2018-04-19,1108.0357646614748,1124.9588595753785,1099.7633133468094,1115.36279296875,561972.0,DIVISLAB,0.004127923652863963,False
2018-04-20,1111.533888596582,1133.5622929123274,1103.87598459514,1129.071533203125,258462.0,DIVISLAB,0.012290835162150682,False
2018-04-23,1134.4603854029076,1134.4603854029076,1110.919442897932,1114.1337890625,335330.0,DIVISLAB,-0.013230113151686096,False
2018-04-24,1124.7697498444006,1142.7801050048156,1107.9412888976617,1113.9447021484375,729547.0,DIVISLAB,-0.00016971652410036064,False
2018-04-25,1113.944893720432,1121.9336736568607,1093.8073332467757,1097.4945068359375,435624.0,DIVISLAB,-0.014767515192426472,False
2018-04-26,1094.8473644309008,1111.8176644210246,1084.7312671169018,1107.326904296875,502965.0,DIVISLAB,0.008958949133407668,False
2018-04-27,1115.504687170023,1129.7805522380245,1101.4178605500404,1123.8243408203125,480121.0,DIVISLAB,0.014898433750160756,False
2018-04-30,1129.7803636523029,1135.831093284021,1119.4280290774611,1132.1439208984375,174054.0,DIVISLAB,0.007402918566483674,False
2018-05-01,1129.7803636523029,1135.831093284021,1119.4280290774611,1132.1439208984375,174054.0,DIVISLAB,0.0,False
2018-05-02,1138.998396492327,1138.998396492327,1116.9699937088224,1123.9189453125,509127.0,DIVISLAB,-0.007264955836542741,False
2018-05-03,1124.1078287273058,1137.343749334692,1113.1409461627995,1132.947509765625,408993.0,DIVISLAB,0.00803310994158446,False
2018-05-04,1138.7150076329012,1138.7150076329012,1114.7485508990626,1126.897216796875,284847.0,DIVISLAB,-0.005340311811975806,False
2018-05-07,1125.0537361899435,1147.55485707699,1115.9303781887963,1142.5440673828125,373131.0,DIVISLAB,0.013884895936128627,False
2018-05-08,1148.689013218363,1154.2197150152042,1137.1075807805646,1145.1436767578125,570345.0,DIVISLAB,0.002275281496104453,False
2018-05-09,1143.8673623247344,1143.8673623247344,1126.6133917972636,1130.064208984375,167176.0,DIVISLAB,-0.013168188481057053,False
2018-05-10,1128.8351774977957,1138.951158469589,1119.380946530477,1125.337158203125,260948.0,DIVISLAB,-0.004182993093373333,False
2018-05-11,1128.8351451901733,1156.2524142107052,1118.5773279658335,1135.16943359375,608254.0,DIVISLAB,0.008737181847193742,False
2018-05-14,1130.7259963176436,1136.3985347607088,1096.690765659253,1108.650390625,541698.0,DIVISLAB,-0.023361308174758788,False
2018-05-15,1091.9636786006497,1115.5992560595382,1066.957283812383,1087.0947265625,358690.0,DIVISLAB,-0.019443157414437917,False
2018-05-16,1085.345663955518,1107.0903941567176,1076.8841738013298,1101.5596923828125,531175.0,DIVISLAB,0.013306076707824799,False
2018-05-17,1122.1228078991694,1146.7983300898866,1097.6363241833126,1102.2689208984375,994750.0,DIVISLAB,0.0006438402934758614,False
2018-05-18,1104.2542482113488,1109.879469836514,1088.4184103196194,1093.42919921875,165721.0,DIVISLAB,-0.00801956901087475,False
2018-05-21,1096.6907780227773,1099.857922274242,1064.451873922864,1076.4114990234375,208137.0,DIVISLAB,-0.015563605039513817,False
2018-05-22,1071.448116933114,1076.2697519834326,1055.848634741547,1060.3865966796875,577110.0,DIVISLAB,-0.014887338493028368,False
2018-05-23,1063.6008839393603,1063.6008839393603,1022.4749830937052,1033.67822265625,513617.0,DIVISLAB,-0.02518739307632467,False
2018-05-24,1033.4419599905475,1071.8734318068505,1029.754786845823,1067.0989990234375,449315.0,DIVISLAB,0.032331895588654236,False
2018-05-25,1068.1863733646385,1091.7747513153774,1053.0124003357814,1086.1494140625,240092.0,DIVISLAB,0.017852528262604084,False
2018-05-28,1096.6908847574236,1103.9233951393842,1021.057030636222,1032.5439453125,918222.0,DIVISLAB,-0.04935367828400394,False
2018-05-29,1030.6056342293962,1032.4019610894657,998.6976065858344,1008.530029296875,753542.0,DIVISLAB,-0.02325704017213248,False
2018-05-30,1002.1958870605494,1006.8756856333504,985.3199909889448,994.1597900390624,605331.0,DIVISLAB,-0.014248697451112347,False
2018-05-31,995.5304079149628,1010.8935314938972,987.3052740697804,990.2832641601562,2300110.0,DIVISLAB,-0.003899298601438894,False
2018-06-01,992.0797334679326,1003.0939359594744,970.3823189051864,995.7669067382812,543631.0,DIVISLAB,0.005537448502449971,False
2018-06-04,1000.1630535028462,1006.5446589999096,978.9855544013448,989.999755859375,400870.0,DIVISLAB,-0.005791667547776824,False
2018-06-05,994.5850518456916,996.9486094784048,959.8407546448084,978.8910522460938,536791.0,DIVISLAB,-0.01122091550784099,False
2018-06-06,982.8617966986244,1002.1484503338368,973.31304681008,996.9013061523438,273602.0,DIVISLAB,0.01839862961759131,False
2018-06-07,998.1778136252526,1013.7299783681976,995.5778999479268,1001.5339965820312,268495.0,DIVISLAB,0.00464709033993338,False
2018-06-08,997.4213153497068,1020.9623723196728,987.9670848724584,994.6795654296876,547755.0,DIVISLAB,-0.0068439325831534115,False
2018-06-11,994.5850968657618,999.6430873471012,962.7715866077812,968.6804809570312,458526.0,DIVISLAB,-0.026138150793743486,False
2018-06-12,967.451452975979,1017.2752622105584,964.3315682665144,1006.072021484375,1371537.0,DIVISLAB,0.03860048928662407,False
2018-06-13,1006.828205881617,1013.588003602532,981.4436207023724,983.5236206054688,499228.0,DIVISLAB,-0.022412312833864467,False
2018-06-14,987.494566450363,1035.191122371773,982.3420559959384,1025.5478515625,1978196.0,DIVISLAB,0.04272823761076583,False
2018-06-15,1027.6747986635298,1050.6013063614052,1005.8355504947988,1040.8634033203125,1940627.0,DIVISLAB,0.01493401964079788,False
2018-06-18,1040.5799837105055,1055.9431094636689,1023.0896559299808,1040.3436279296875,1278580.0,DIVISLAB,-0.0004993694551724825,False
2018-06-19,1030.5111222788248,1046.677833317361,1021.2459302455602,1032.2601318359375,957879.0,DIVISLAB,-0.007770025092417199,False
2018-06-20,1030.51113482274,1047.0560383634722,1011.980865938738,1023.9404907226562,516618.0,DIVISLAB,-0.0080596361873283,False
2018-06-21,1026.9657796464728,1030.5111160549186,993.639617407082,998.6030883789062,463272.0,DIVISLAB,-0.024744995020040572,False
2018-06-22,993.1195722076206,997.6576488988948,976.621986555374,987.2579956054688,493344.0,DIVISLAB,-0.011360963034727556,False
2018-06-25,990.8034076392132,1003.0465906066322,972.88768607844,976.480224609375,319767.0,DIVISLAB,-0.010916873850673525,False
2018-06-26,978.3238706834763,995.9087172733656,973.5494378621146,986.0762939453124,518815.0,DIVISLAB,0.009827202941847801,False
2018-06-27,985.1307730730636,994.774041579068,957.6662462666812,964.0478515625,722523.0,DIVISLAB,-0.02233949088733911,False
2018-06-28,966.2223507972254,970.94946601639,940.648669002354,945.5648803710938,1136478.0,DIVISLAB,-0.019172254947147693,False
2018-06-29,948.7320550113296,985.6035549071362,948.259343474204,981.9163818359376,374782.0,DIVISLAB,0.038444217017215676,False
2018-07-02,985.0364129103184,999.3122795363606,969.295094223892,993.072509765625,559319.0,DIVISLAB,0.01136158652209085,False
2018-07-03,993.6396366041836,1037.08178007174,979.9310022266758,1026.5404052734375,1241172.0,DIVISLAB,0.033701361359515625,False
2018-07-04,1026.729330162584,1045.5904719705725,1013.4934087792724,1042.1397705078125,1347815.0,DIVISLAB,0.01519605575605154,False
2018-07-05,1035.2383251499964,1046.914277699064,1015.33712214255,1018.6934204101562,1060147.0,DIVISLAB,-0.02249827783295455,False
2018-07-06,1021.0568765821404,1028.3365877797237,1011.697165465187,1015.3843383789062,374934.0,DIVISLAB,-0.00324835908915333,False
2018-07-09,1018.8824451474968,1044.5035038973942,1015.8098200229168,1035.8055419921875,1196862.0,DIVISLAB,0.020111796923994563,False
2018-07-10,1039.9655873279185,1044.6453863076488,1019.3553140703564,1031.31494140625,415562.0,DIVISLAB,-0.004335370302518959,False
2018-07-11,1031.4565813871372,1065.4918123036698,1021.0569274959746,1060.9537353515625,1147280.0,DIVISLAB,0.02873883888940698,False
2018-07-12,1060.953805818049,1077.4987108346882,1042.2344968155105,1045.9688720703125,1044297.0,DIVISLAB,-0.014123955439286462,False
2018-07-13,1053.7683509392518,1068.233367605368,1031.5509125851424,1047.812255859375,660138.0,DIVISLAB,0.0017623696443411774,False
2018-07-16,1047.576101862342,1047.576101862342,1005.9774858695972,1011.6500244140624,513097.0,DIVISLAB,-0.03451212871685083,False
2018-07-17,1011.318866527846,1021.056768913117,983.2398515459646,1015.998779296875,951853.0,DIVISLAB,0.004298675211648728,False
2018-07-18,1017.2752978135557,1033.8202027501145,1006.8756432820044,1025.97314453125,572307.0,DIVISLAB,0.009817300411795626,False
2018-07-19,1021.056849082276,1032.4019251831903,1013.493465015,1019.3550415039062,197820.0,DIVISLAB,-0.006450561657115772,False
2018-07-20,1022.0022098241644,1038.3580730363842,1014.4861435284656,1031.0782470703125,344871.0,DIVISLAB,0.01150061076767761,False
2018-07-23,1031.0784006536317,1037.838198840428,1016.2825061879524,1021.7186889648438,399079.0,DIVISLAB,-0.009077446965894964,False
2018-07-24,1022.002530747974,1032.7330615275816,1016.3299912618612,1024.3660888671875,614412.0,DIVISLAB,0.0025911240842877437,False
2018-07-25,1025.6423118049067,1044.6926119275593,1017.889887906785,1037.0819091796875,696780.0,DIVISLAB,0.012413355391881487,False
2018-07-26,1044.6924572980847,1049.4195724894787,1009.0972568252704,1016.9915161132812,524569.0,DIVISLAB,-0.01937204080851951,False
2018-07-27,1021.0095880342038,1046.346972219099,1018.3151553933689,1042.8016357421875,343379.0,DIVISLAB,0.02537889374686908,False
2018-07-30,1041.856240937208,1099.9524434178836,1031.6929427610962,1093.476318359375,2177271.0,DIVISLAB,0.048594747917825254,False
2018-07-31,1082.5093444406048,1100.9924104150286,1069.3207396388188,1086.7164306640625,565352.0,DIVISLAB,-0.006182015633822702,False
2018-08-01,1086.716488088829,1109.879353014816,1082.6039208672612,1100.236083984375,482301.0,DIVISLAB,0.012440829032143164,False
2018-08-02,1101.937929436849,1141.5983819251735,1095.7926793478105,1134.7913818359375,1309397.0,DIVISLAB,0.03140716647505748,False
2018-08-03,1135.2640085428216,1150.579815303097,1121.6498939736414,1142.16552734375,1039224.0,DIVISLAB,0.006498238906152087,False
2018-08-06,1139.2348293318382,1155.212502716949,1096.6907900621843,1127.6060791015625,2336944.0,DIVISLAB,-0.012747231372012502,False
2018-08-07,1130.7261197916666,1134.4132932639122,1088.7493076475462,1099.054443359375,859756.0,DIVISLAB,-0.025320576282221285,False
2018-08-08,1105.672440513434,1106.0978347933135,1062.7030019213662,1070.1717529296875,1567894.0,DIVISLAB,-0.026279581147413023,False
2018-08-09,1068.3281517725077,1079.0114794534722,1050.4124293728364,1054.0994873046875,839082.0,DIVISLAB,-0.015018398290742363,False
2018-08-10,1054.1466071663945,1073.0550664877649,1039.9652626753668,1062.9390869140625,962927.0,DIVISLAB,0.008385925347499823,False
2018-08-13,1056.5102701108178,1072.1097506090985,1050.2231836768628,1059.0628662109375,325959.0,DIVISLAB,-0.0036467006913618594,False
2018-08-14,1058.77915845315,1094.421556618439,1021.056760604749,1091.5380859375,466382.0,DIVISLAB,0.030664109528030892,False
2018-08-15,1058.77915845315,1094.421556618439,1021.056760604749,1091.5380859375,466382.0,DIVISLAB,0.0,False
2018-08-16,1091.3964767734756,1103.1197465856726,1078.822303068569,1100.8507080078125,451485.0,DIVISLAB,0.008531651062192669,False
2018-08-17,1102.3634115553175,1121.2245575537654,1085.960342706848,1110.6358642578125,959814.0,DIVISLAB,0.008888722311591213,False
2018-08-20,1113.708183890948,1188.2547569891317,1113.708183890948,1178.65869140625,2795952.0,DIVISLAB,0.06124674102244487,False
2018-08-21,1189.3420281733245,1190.3347683982236,1161.9720809219125,1179.6041259765625,1794448.0,DIVISLAB,0.0008021275176655074,False
2018-08-22,1189.3420281733245,1190.3347683982236,1161.9720809219125,1179.6041259765625,1794448.0,DIVISLAB,0.0,False
2018-08-23,1186.5057141431491,1243.1365677245033,1177.146004551562,1223.51904296875,2201914.0,DIVISLAB,0.03722852101405749,False
2018-08-24,1227.1590922397436,1237.369707121151,1206.170747148954,1229.995361328125,849165.0,DIVISLAB,0.005293189670068976,False
2018-08-27,1238.50425684948,1247.013064720965,1220.9194103300297,1227.1591796875,631476.0,DIVISLAB,-0.002305847428207053,False
2018-08-28,1223.3773274388116,1229.0498652785589,1197.4727148890172,1210.9923095703125,635318.0,DIVISLAB,-0.01317422416324543,False
2018-08-29,1202.5782099018504,1241.7659521037313,1199.0328731981303,1207.0689697265625,1565025.0,DIVISLAB,-0.003239772715932565,False
2018-08-30,1210.2359879099197,1235.6678902944598,1197.614613642316,1229.853515625,1028865.0,DIVISLAB,0.018875927117568914,False
2018-08-31,1236.6657792678268,1265.248193272476,1233.8075378673618,1244.1925048828125,1235827.0,DIVISLAB,0.011659103361204348,False
2018-09-03,1252.7671774591065,1264.2953940388222,1217.6107864217142,1226.28076171875,873820.0,DIVISLAB,-0.01439627958998968,False
2018-09-04,1229.0437044844573,1236.094055972159,1194.7924942795607,1203.9388427734375,716718.0,DIVISLAB,-0.01821925259106094,False
2018-09-05,1209.893777917881,1232.1404033473082,1199.556493328849,1217.65869140625,811104.0,DIVISLAB,0.011395801967155617,False
2018-09-06,1229.0437723563853,1261.437174108414,1220.659551264417,1254.7679443359375,1723420.0,DIVISLAB,0.030475906911838102,False
2018-09-07,1256.6735813821908,1268.4876701537198,1239.3811961034994,1251.4334716796875,1139483.0,DIVISLAB,-0.002657441697727414,False
2018-09-10,1250.861574635816,1266.2007782602593,1208.1308944312505,1218.3729248046875,826691.0,DIVISLAB,-0.026418141773550063,False
2018-09-11,1218.3730057870407,1229.2819132727543,1174.546640345811,1185.836669921875,837631.0,DIVISLAB,-0.026704676557079865,False
2018-09-12,1184.2647202938251,1229.758397199722,1174.8325001461003,1211.4656982421875,1186268.0,DIVISLAB,0.02161261240302248,False
2018-09-13,1184.2647202938251,1229.758397199722,1174.8325001461003,1211.4656982421875,1186268.0,DIVISLAB,0.0,False
2018-09-14,1219.563875781624,1270.9645312557095,1215.181146425247,1266.724853515625,1525334.0,DIVISLAB,0.04561347081771894,False
2018-09-17,1265.248096581441,1336.751810006237,1254.8155627878605,1300.2138671875,4137410.0,DIVISLAB,0.02643748054593753,False
2018-09-18,1301.4526285281445,1327.1768020056404,1289.1621668284672,1314.6005859375,1408422.0,DIVISLAB,0.011064886410664165,False
2018-09-19,1314.5527230282878,1341.4678267974846,1305.2634394265297,1325.4140625,1346458.0,DIVISLAB,0.008225674534283245,False
2018-09-20,1314.5527230282878,1341.4678267974846,1305.2634394265297,1325.4140625,1346458.0,DIVISLAB,0.0,False
2018-09-21,1341.3727318133804,1341.3727318133804,1242.429963836346,1322.3653564453125,1484382.0,DIVISLAB,-0.0023001914201340457,False
2018-09-24,1322.3178038244864,1335.3703933679906,1284.922477873669,1297.4034423828125,890761.0,DIVISLAB,-0.01887671507789712,False
2018-09-25,1300.499882492819,1330.0350446593227,1291.0676622824424,1322.794189453125,1029316.0,DIVISLAB,0.01957043294388039,False
2018-09-26,1333.8459519946937,1357.6646297088844,1306.2639697225152,1319.88818359375,1804070.0,DIVISLAB,-0.002196869235248422,False
2018-09-27,1320.6028687665532,1329.7969024938038,1296.7841888006965,1301.357421875,645479.0,DIVISLAB,-0.014039645137435053,False
2018-09-28,1301.5002017463505,1318.316094751808,1234.617286610339,1248.9561767578125,1189157.0,DIVISLAB,-0.04026660488222189,False
2018-10-01,1252.005007857049,1266.6296533643344,1220.46910041967,1257.2451171875,842259.0,DIVISLAB,0.006636694372419871,False
2018-10-02,1252.005007857049,1266.6296533643344,1220.46910041967,1257.2451171875,842259.0,DIVISLAB,0.0,False
2018-10-03,1243.430267995425,1263.2474550098236,1222.8509530510212,1247.2889404296875,937244.0,DIVISLAB,-0.007919041897004764,False
2018-10-04,1242.3822495944696,1244.0018731842815,1200.699562922876,1223.2320556640625,1197193.0,DIVISLAB,-0.01928733911272995,False
2018-10-05,1214.7527086865125,1252.8625975864811,1208.4646002784475,1221.0885009765625,876772.0,DIVISLAB,-0.0017523696158667779,False
2018-10-08,1213.7046094139114,1233.5216802182238,1190.9816133009504,1217.0867919921875,707482.0,DIVISLAB,-0.0032771653988835636,False
2018-10-09,1217.6109035716458,1235.9036030199386,1177.071464291027,1189.076171875,1206742.0,DIVISLAB,-0.02301448039817966,False
2018-10-10,1188.075811801676,1243.335151885475,1188.0281279186734,1236.427734375,868523.0,DIVISLAB,0.039822143963522016,False
2018-10-11,1200.461397402872,1230.9493059083418,1176.9285895460691,1191.8389892578125,675008.0,DIVISLAB,-0.03606255657127155,False
2018-10-12,1200.366083497645,1235.4747905489423,1200.366083497645,1221.7076416015625,825580.0,DIVISLAB,0.025060979388121796,False
2018-10-15,1225.1851724618718,1250.623591593319,1216.6581318410092,1238.3331298828125,791699.0,DIVISLAB,0.013608401646285184,False
2018-10-16,1245.0021999916169,1262.1039629139252,1220.4689636037965,1245.81201171875,815814.0,DIVISLAB,0.0060394748839880386,False
2018-10-17,1252.8624340138265,1257.1021120795583,1230.6633801070234,1239.7144775390625,693098.0,DIVISLAB,-0.004894425581332462,False
2018-10-18,1252.8624340138265,1257.1021120795583,1230.6633801070234,1239.7144775390625,693098.0,DIVISLAB,0.0,False
2018-10-19,1248.098678781791,1277.3004001373797,1217.9918942181685,1224.5181884765625,1205785.0,DIVISLAB,-0.012257894327947105,False
2018-10-22,1226.1855288226889,1243.3349767782508,1216.6580577362654,1230.9969482421875,503682.0,DIVISLAB,0.005290864461299005,False
2018-10-23,1224.2800923307568,1249.909014022078,1182.8355911506883,1190.6480712890625,962440.0,DIVISLAB,-0.032777398035585326,False
2018-10-24,1195.9833372000674,1209.9886713635049,1155.2057197072832,1182.3590087890625,1237155.0,DIVISLAB,-0.0069618073550699044,False
2018-10-25,1179.50090778226,1205.2250794382544,1167.3056984022676,1193.7921142578125,1084503.0,DIVISLAB,0.009669741071672844,False
2018-10-26,1201.4140772007695,1217.99189978181,1178.3099603315245,1196.4598388671875,858836.0,DIVISLAB,0.0022346642916413195,False
2018-10-29,1267.153638897179,1384.0080935942522,1262.2469680876388,1372.0987548828125,5731814.0,DIVISLAB,0.1467988396350357,False
2018-10-30,1376.0048236362304,1429.5968411744252,1368.6210345531902,1415.5438232421875,3338430.0,DIVISLAB,0.03166322263960186,False
2018-10-31,1414.8294008793996,1440.5535718044798,1394.440590293169,1414.35302734375,1801064.0,DIVISLAB,-0.0008412285645174045,False
2018-11-01,1408.160218060357,1445.2696711967765,1400.347738337575,1434.408447265625,953639.0,DIVISLAB,0.014179925049929265,False
2018-11-02,1440.5536537800149,1451.938935409074,1415.9251638458572,1428.4061279296875,924743.0,DIVISLAB,-0.004184525925917115,False
2018-11-05,1428.644220736962,1430.597398736648,1385.7706029089104,1397.1558837890625,835508.0,DIVISLAB,-0.02187770237720743,False
2018-11-06,1396.7271430409928,1413.876589544907,1375.5285216680993,1407.9696044921875,873983.0,DIVISLAB,0.007739809729604641,False
2018-11-07,1419.59316634495,1433.88437271755,1410.9231910726662,1426.73876953125,138777.0,DIVISLAB,0.01333066067561317,False
2018-11-08,1419.59316634495,1433.88437271755,1410.9231910726662,1426.73876953125,138777.0,DIVISLAB,0.0,False
2018-11-09,1433.789128546755,1489.0007762589676,1432.931632899619,1475.757568359375,1937340.0,DIVISLAB,0.03435723474748631,False
2018-11-12,1473.89964007527,1489.095908524814,1426.4052243843362,1440.3153076171875,1464492.0,DIVISLAB,-0.024016316434405494,False
2018-11-13,1438.6482120319731,1464.372385359697,1415.448841939436,1458.2747802734375,953328.0,DIVISLAB,0.012469125726339403,False
2018-11-14,1470.4220812842336,1481.235736636295,1414.2100074395871,1432.78857421875,2290976.0,DIVISLAB,-0.01747695729189569,False
2018-11-15,1437.6953983767871,1474.852535909388,1415.9727176061035,1458.46533203125,1004108.0,DIVISLAB,0.01792082814905238,False
2018-11-16,1458.465203766559,1500.5765760791676,1455.4163434815025,1485.0467529296875,1664868.0,DIVISLAB,0.01822561038281023,False
2018-11-19,1491.0493761033017,1503.435089770613,1471.9944319997448,1488.4293212890625,755395.0,DIVISLAB,0.002277752099522745,False
2018-11-20,1481.5218689876813,1494.8603295444834,1457.7984408797963,1461.800048828125,508270.0,DIVISLAB,-0.01789085452702255,False
2018-11-21,1473.8045763101986,1479.139937041676,1452.7012038675011,1465.896728515625,841267.0,DIVISLAB,0.0028024897733340826,False
2018-11-22,1471.0414681451011,1498.6711330260648,1438.743319385893,1457.0361328125,1282102.0,DIVISLAB,-0.006044488353621813,False
2018-11-23,1471.0414681451011,1498.6711330260648,1438.743319385893,1457.0361328125,1282102.0,DIVISLAB,0.0,False
2018-11-26,1461.5141239411803,1481.5218140342477,1428.3109091185906,1434.8848876953125,1535951.0,DIVISLAB,-0.015202948381540238,False
2018-11-27,1442.41141477653,1457.7030521384445,1425.404902428675,1451.1767578125,1263798.0,DIVISLAB,0.011354130395334616,False
2018-11-28,1448.1755193143017,1453.5585634195472,1397.679925548737,1410.160888671875,772057.0,DIVISLAB,-0.028263868560334582,False
2018-11-29,1414.8296107008532,1420.1649718309448,1377.1008443425935,1387.7239990234375,1613812.0,DIVISLAB,-0.015910872176840174,False
2018-11-30,1391.9635463192535,1411.1137402258464,1352.9009142870227,1371.3365478515625,12273274.0,DIVISLAB,-0.01180886918681745,False
2018-12-03,1357.37871625306,1400.4429539836494,1352.9485353796276,1387.914306640625,952050.0,DIVISLAB,0.012088760279184818,False
2018-12-04,1393.2022103563716,1429.0254801002618,1382.7695592347325,1422.5467529296875,1136996.0,DIVISLAB,0.024952870738027544,False
2018-12-05,1419.68833142865,1431.78828853598,1393.9165939524682,1410.3990478515625,838036.0,DIVISLAB,-0.008539406562988017,False
2018-12-06,1410.0657769435666,1419.5932484094014,1377.862876868188,1390.439208984375,679445.0,DIVISLAB,-0.014151908920806533,False
2018-12-07,1402.4436672283853,1427.119839253224,1386.4374701576437,1421.30810546875,839928.0,DIVISLAB,0.022200824232310623,False
2018-12-10,1395.8698228654132,1414.8295143654868,1384.2939217601763,1403.0631103515625,569332.0,DIVISLAB,-0.012836762871460738,False
2018-12-11,1387.19988609359,1435.265934527005,1386.247138919075,1408.2080078125,648455.0,DIVISLAB,0.0036669038070913373,False
2018-12-12,1414.8295279210784,1462.466885763539,1413.352723307105,1456.6551513671875,845326.0,DIVISLAB,0.03440340012690668,False
2018-12-13,1463.4195137976346,1479.7591494679764,1444.1263854419042,1450.0810546875,773320.0,DIVISLAB,-0.0045131455262539255,False
2018-12-14,1446.3651779186337,1457.083581523972,1407.44548675434,1420.9268798828125,793454.0,DIVISLAB,-0.020105203574961816,False
2018-12-17,1428.0727387302543,1445.2221875783812,1405.7784319672614,1413.019287109375,594795.0,DIVISLAB,-0.005565094788051117,False
2018-12-18,1413.7815780971555,1430.502221495586,1406.1596005793351,1425.69091796875,545698.0,DIVISLAB,0.008967769212335108,False
2018-12-19,1433.8844147174857,1453.7968527736575,1414.829472329213,1444.507568359375,650629.0,DIVISLAB,0.013198267698467214,False
2018-12-20,1429.6922789093592,1451.8913329209215,1429.6922789093592,1441.125244140625,451924.0,DIVISLAB,-0.002341506747930433,False
2018-12-21,1443.3640272967575,1447.2226991840955,1400.728598864573,1405.111328125,552808.0,DIVISLAB,-0.02499013611901646,False
2018-12-24,1419.116885095326,1419.5932586720617,1365.8107283794704,1378.76806640625,849081.0,DIVISLAB,-0.018748166918490905,False
2018-12-25,1419.116885095326,1419.5932586720617,1365.8107283794704,1378.76806640625,849081.0,DIVISLAB,0.0,False
2018-12-26,1370.4314545117345,1390.0580215487048,1360.570545268372,1387.00927734375,345177.0,DIVISLAB,0.00597722788792221,False
2018-12-27,1395.7743716820444,1410.0655768528504,1379.7206078005977,1401.6337890625,434791.0,DIVISLAB,0.010543917735544861,False
2018-12-28,1405.397085939427,1411.9710635442889,1392.963807286658,1397.870361328125,305371.0,DIVISLAB,-0.0026850292592419667,False
2018-12-31,1405.3019158201032,1422.9277364592028,1395.7744452043737,1412.5904541015625,420785.0,DIVISLAB,0.010530370469727934,False
2019-01-01,1414.8294945447487,1420.593661228565,1399.6332242723463,1405.730712890625,254899.0,DIVISLAB,-0.0048561429754956364,False
2019-01-02,1407.1122346318632,1413.4955937689326,1392.344654378456,1401.395751953125,247208.0,DIVISLAB,-0.003083777638027141,False
2019-01-03,1409.684585667608,1412.733446168388,1364.429098425055,1369.955078125,536515.0,DIVISLAB,-0.022435256981695684,False
2019-01-04,1369.9551207511872,1401.681530381853,1360.7610876912004,1391.4871826171875,391849.0,DIVISLAB,0.015717379960850764,False
2019-01-07,1400.5380310633625,1424.3567050610386,1392.2967465997424,1415.781982421875,456830.0,DIVISLAB,0.017459592950753944,False
2019-01-08,1418.4500081513588,1419.5932582142984,1386.3423593084476,1389.9151611328125,345960.0,DIVISLAB,-0.018270342192668654,False
2019-01-09,1391.820556435392,1407.2074451249098,1391.0107446732352,1403.6346435546875,248643.0,DIVISLAB,0.009870733700532597,False
2019-01-10,1401.2050809221787,1453.463351185787,1397.9181500243346,1448.604248046875,1072651.0,DIVISLAB,0.032037969922359855,False
2019-01-11,1448.1279312741324,1461.2282041085552,1427.0722432879602,1434.02734375,1149372.0,DIVISLAB,-0.010062723698711196,False
2019-01-14,1433.7890958913276,1466.134812554619,1433.1697870323828,1458.1317138671875,965710.0,DIVISLAB,0.01680886366793688,False
2019-01-15,1458.6558275464474,1462.4668159920293,1443.888247319818,1450.2716064453125,383535.0,DIVISLAB,-0.005390533205692938,False
2019-01-16,1453.9398994445305,1453.9398994445305,1441.1730638062777,1447.9852294921875,362391.0,DIVISLAB,-0.0015765163869745358,False
2019-01-17,1453.8921473679447,1474.852584617024,1428.3584772891188,1434.2178955078125,927211.0,DIVISLAB,-0.009507924324064554,False
2019-01-18,1441.2681230105386,1448.175539233858,1413.3525874768227,1437.8382568359375,454592.0,DIVISLAB,0.0025242756623415907,False
2019-01-21,1443.4118253947677,1446.41300195552,1423.070698508542,1426.452880859375,351617.0,DIVISLAB,-0.00791839827771501,False
2019-01-22,1421.4986179869445,1449.890526985016,1414.8293885459868,1432.59814453125,710962.0,DIVISLAB,0.004308073371601884,False
2019-01-23,1436.7426353837106,1441.0776812354643,1425.3573539915446,1432.2647705078125,302963.0,DIVISLAB,-0.0002327058880469135,False
2019-01-24,1437.0285885504857,1446.2701894854972,1419.2121468697403,1422.689697265625,365424.0,DIVISLAB,-0.006685267584144117,False
2019-01-25,1429.596855796538,1436.74245820805,1416.734771455816,1424.690185546875,195017.0,DIVISLAB,0.0014061311367439266,False
2019-01-28,1428.5489286000711,1428.5489286000711,1391.1059235759196,1403.8250732421875,211598.0,DIVISLAB,-0.014645368176435025,False
2019-01-29,1405.301938247415,1443.3165698712803,1396.727214556414,1433.69384765625,424613.0,DIVISLAB,0.021276706751703456,False
2019-01-30,1434.7896928651355,1441.4589236999589,1421.5465989634258,1432.1220703125,218871.0,DIVISLAB,-0.0010963130980295999,False
2019-01-31,1437.6003193348429,1448.0805388701458,1423.8807359554703,1435.02783203125,512854.0,DIVISLAB,0.002028990250890983,False
2019-02-01,1439.7912714983872,1474.900092748804,1418.3068956594063,1459.94189453125,609053.0,DIVISLAB,0.017361379301427782,False
2019-02-04,1490.0489284282746,1543.4027713242442,1473.1853496052292,1533.39892578125,2399611.0,DIVISLAB,0.050315037554001574,False
2019-02-05,1539.44878834277,1559.6469800485684,1534.1133116185504,1539.7822265625,1031235.0,DIVISLAB,0.00416284417181112,False
2019-02-06,1539.7821367459076,1581.512386904404,1533.9227192473631,1575.1290283203125,916887.0,DIVISLAB,0.022955714871915944,False
2019-02-07,1567.2690982496615,1595.851513415309,1562.5530462681877,1591.230712890625,753538.0,DIVISLAB,0.010222454339174458,False
2019-02-08,1588.2294217781814,1619.6700761985055,1577.7492036380736,1605.47412109375,1045291.0,DIVISLAB,0.00895118984804566,False
2019-02-11,1597.852208565654,1600.615198537844,1549.166852870556,1557.7415771484375,880642.0,DIVISLAB,-0.029731120120948473,False
2019-02-12,1560.599694842844,1573.175909599113,1536.971521074065,1560.6949462890625,795159.0,DIVISLAB,0.0018959300977452465,False
2019-02-13,1560.599694842844,1573.175909599113,1536.971521074065,1560.6949462890625,795159.0,DIVISLAB,0.0,False
2019-02-14,1562.5053574663468,1571.0323981097108,1538.734362115994,1560.0758056640625,469510.0,DIVISLAB,-0.0003967082910546482,False
2019-02-15,1540.592145413161,1552.406233363214,1458.3224520647914,1544.736572265625,2159194.0,DIVISLAB,-0.009832364134323757,False
2019-02-18,1541.4494363307044,1544.4506127224552,1485.332613249623,1500.33837890625,890862.0,DIVISLAB,-0.02874159527035558,False
2019-02-19,1495.8607501274312,1541.2590600199226,1452.9394433298453,1512.819580078125,1840314.0,DIVISLAB,0.008318924148946971,False
2019-02-20,1519.536285991744,1519.536285991744,1480.044851178042,1486.8094482421875,775963.0,DIVISLAB,-0.017193148593829255,False
2019-02-21,1479.7115494934783,1486.904836870874,1467.2305853074597,1476.758056640625,799999.0,DIVISLAB,-0.006760376464815976,False
2019-02-22,1476.8532394489257,1499.0998607174083,1473.613876085788,1491.0491943359375,611185.0,DIVISLAB,0.009677372424717001,False
2019-02-25,1498.6711832618505,1529.0638389101052,1487.2382181002852,1519.3934326171875,599083.0,DIVISLAB,0.019009592969112976,False
2019-02-26,1495.813111998433,1552.8826928440258,1495.813111998433,1544.8319091796875,857201.0,DIVISLAB,0.016742521072163452,False
2019-02-27,1551.0721603983611,1572.0325949983394,1541.544690125644,1561.0283203125,556471.0,DIVISLAB,0.010484254653577718,False
2019-02-28,1572.032733955862,1584.799568510234,1557.7415272835358,1576.0819091796875,578587.0,DIVISLAB,0.009643379733286217,False
2019-03-01,1572.080581456815,1595.8515778417168,1572.080581456815,1590.8973388671875,480280.0,DIVISLAB,0.009400164801847799,False
2019-03-04,1572.080581456815,1595.8515778417168,1572.080581456815,1590.8973388671875,480280.0,DIVISLAB,0.0,False
2019-03-05,1594.8985461181023,1603.4255856114426,1580.845527267898,1585.085205078125,529749.0,DIVISLAB,-0.003653368226262166,False
2019-03-06,1591.0876164861254,1643.488705651836,1573.9858529974422,1625.291259765625,692075.0,DIVISLAB,0.025365232454818365,False
2019-03-07,1626.3392232560172,1633.437142296534,1564.4106646668895,1572.89013671875,800855.0,DIVISLAB,-0.03224106616707667,False
2019-03-08,1579.654760501296,1587.1814861790706,1558.6943233896986,1569.5556640625,428683.0,DIVISLAB,-0.0021199653926281536,False
2019-03-11,1572.128020145237,1615.239827892711,1572.128020145237,1610.761962890625,637436.0,DIVISLAB,0.026253480377669502,False
2019-03-12,1619.670120400776,1648.1572828376643,1612.6674522582946,1619.6224365234375,885899.0,DIVISLAB,0.005500796416195275,False
2019-03-13,1619.6700235148282,1631.3411751548615,1582.8940097707416,1588.2293701171875,639516.0,DIVISLAB,-0.019382953519485713,False
2019-03-14,1597.4234194747992,1623.4810289263055,1592.3738134156183,1614.429931640625,672355.0,DIVISLAB,0.01649671137960662,False
2019-03-15,1616.8117744392198,1645.0130643923471,1614.9062803031688,1627.2919921875,830304.0,DIVISLAB,0.007966936374751432,False
2019-03-18,1636.8196676747966,1641.1547138975882,1604.5215147670008,1609.5234375,464384.0,DIVISLAB,-0.010919094282283326,False
2019-03-19,1617.764625117464,1632.3892702878682,1602.091981365539,1615.859130859375,283112.0,DIVISLAB,0.003936378440823507,False
2019-03-20,1613.953570947418,1630.1502714823096,1592.2785746433722,1596.184814453125,426057.0,DIVISLAB,-0.012175762125864575,False
2019-03-21,1613.953570947418,1630.1502714823096,1592.2785746433722,1596.184814453125,426057.0,DIVISLAB,0.0,False
2019-03-22,1600.710362838064,1611.6669543743608,1577.320491557076,1585.0377197265625,459571.0,DIVISLAB,-0.006983586503033878,False
2019-03-25,1581.369752845054,1629.1976128535837,1573.0807829281985,1625.1484375,684585.0,DIVISLAB,0.02530584431792393,False
2019-03-26,1629.197599520882,1691.0784793677926,1606.950977197209,1627.149169921875,509657.0,DIVISLAB,0.0012311074949884482,False
2019-03-27,1625.386656445168,1638.7251166973558,1582.560718084894,1587.1815185546875,460961.0,DIVISLAB,-0.024562991584297422,False
2019-03-28,1590.9923197168273,1618.7172355706484,1563.934280276174,1576.36767578125,1681103.0,DIVISLAB,-0.006813236323016669,False
2019-03-29,1590.9923197168273,1618.7172355706484,1563.934280276174,1576.36767578125,1681103.0,DIVISLAB,0.0,False
2019-04-01,1628.2448104357825,1659.6854650550808,1628.2448104357825,1641.869140625,888473.0,DIVISLAB,0.04155214919088435,False
2019-04-02,1643.9652530157807,1652.4447261468797,1613.667846282867,1618.76513671875,508894.0,DIVISLAB,-0.014071769384407351,False
2019-04-03,1626.8633680898,1626.8633680898,1586.752621867772,1596.6136474609375,393202.0,DIVISLAB,-0.013684189729162188,False
2019-04-04,1600.567354431082,1633.0084378889935,1596.6135472293556,1620.67041015625,590246.0,DIVISLAB,0.015067366318438635,False
2019-04-05,1626.3392519326735,1641.202082995709,1611.2382341016337,1637.772216796875,464487.0,DIVISLAB,0.010552303869715285,False
2019-04-08,1633.6754591130973,1637.7723182975246,1597.9474416982298,1604.8548583984375,461738.0,DIVISLAB,-0.020098862381984106,False
2019-04-09,1613.0008697914514,1638.4868551824268,1605.617079631449,1634.7711181640625,392667.0,DIVISLAB,0.0186410999157145,False
2019-04-10,1632.8655715785408,1650.6343280091671,1625.386530207007,1641.154541015625,484391.0,DIVISLAB,0.003904780785906947,False
2019-04-11,1634.4375718052816,1642.488237894021,1623.5286645533731,1637.2005615234375,357943.0,DIVISLAB,-0.002409267008907423,False
2019-04-12,1635.8668373626074,1654.683593354402,1632.0558488073073,1650.2532958984375,370739.0,DIVISLAB,0.007972593390057403,False
2019-04-15,1648.2526066701175,1666.3548029283445,1639.011005627565,1662.40087890625,422148.0,DIVISLAB,0.007361041506782184,False
2019-04-16,1665.687848146699,1671.0232087958432,1630.4362044584554,1633.5802001953125,530087.0,DIVISLAB,-0.017336780241538174,False
2019-04-17,1665.687848146699,1671.0232087958432,1630.4362044584554,1633.5802001953125,530087.0,DIVISLAB,0.0,False
2019-04-18,1634.913848522658,1649.919613740742,1632.0556075287373,1642.8692626953125,334997.0,DIVISLAB,0.005686321674864381,False
2019-04-19,1634.913848522658,1649.919613740742,1632.0556075287373,1642.8692626953125,334997.0,DIVISLAB,0.0,False
2019-04-22,1639.6778122158987,1655.6840105352596,1614.9063868134504,1621.0992431640625,324129.0,DIVISLAB,-0.013251218478294358,False
2019-04-23,1622.528208775227,1632.1509306167566,1602.7110238265866,1607.236572265625,340440.0,DIVISLAB,-0.008551401746003107,False
2019-04-24,1607.2844470915857,1667.3075177298606,1607.2844470915857,1660.3524169921875,573966.0,DIVISLAB,0.03304793186213306,False
2019-04-25,1654.2073334468948,1660.1620034737016,1629.721776817525,1635.2000732421875,334093.0,DIVISLAB,-0.015148798226562454,False
2019-04-26,1652.0158326593355,1657.7323154155174,1635.0570035972803,1640.9639892578125,333124.0,DIVISLAB,0.003524899558129624,False
2019-04-29,1652.0158326593355,1657.7323154155174,1635.0570035972803,1640.9639892578125,333124.0,DIVISLAB,0.0,False
2019-04-30,1640.9639700988523,1667.3074510864458,1626.387009022065,1664.3062744140625,557187.0,DIVISLAB,0.014224739426980104,False
2019-05-01,1640.9639700988523,1667.3074510864458,1626.387009022065,1664.3062744140625,557187.0,DIVISLAB,0.0,False
2019-05-02,1659.1138572735751,1687.743838435266,1626.434584551588,1633.29443359375,686686.0,DIVISLAB,-0.018633493904978815,False
2019-05-03,1636.819552050231,1643.488781889784,1616.0973021916209,1621.4803466796875,344975.0,DIVISLAB,-0.007233286706345932,False
2019-05-06,1617.7169938937689,1633.1038837890785,1610.1903843710527,1614.572998046875,246788.0,DIVISLAB,-0.004259902777703495,False
2019-05-07,1591.087754399868,1625.6725227678603,1591.087754399868,1609.3328857421875,559625.0,DIVISLAB,-0.0032455096864782984,False
2019-05-08,1606.903392337881,1615.7639877530032,1575.9391085676066,1589.65869140625,443167.0,DIVISLAB,-0.012225062018082267,False
2019-05-09,1582.9893723248426,1586.085800528307,1538.6866303368165,1548.7381591796875,553836.0,DIVISLAB,-0.025741709492597575,False
2019-05-10,1533.160524046455,1579.4641242529449,1527.253538789084,1572.3660888671875,637110.0,DIVISLAB,0.015256245574794214,False
2019-05-13,1574.7004135016962,1574.7004135016962,1537.638528990329,1548.35693359375,255768.0,DIVISLAB,-0.015269443575150476,False
2019-05-14,1557.5984883814072,1557.5984883814072,1518.67879472556,1540.9254150390625,422106.0,DIVISLAB,-0.004799615898279264,False
2019-05-15,1534.3992044127867,1575.8437032590805,1526.3008540635108,1532.8271484375,639846.0,DIVISLAB,-0.005255456573384665,False
2019-05-16,1536.0188507488272,1570.4606821821235,1522.3946367992105,1562.7911376953125,494855.0,DIVISLAB,0.019548185383039707,False
2019-05-17,1558.694282904369,1574.890983888094,1545.4510747219542,1555.5501708984375,363216.0,DIVISLAB,-0.004633355425571084,False
2019-05-20,1600.614980793986,1610.1424509177596,1562.505100298891,1581.274169921875,482091.0,DIVISLAB,0.01653691375867372,False
2019-05-21,1579.654566703277,1633.9611471026055,1579.654566703277,1616.3353271484375,494321.0,DIVISLAB,0.022172724941364796,False
2019-05-22,1624.3385877013054,1625.5770891756813,1591.0876899620305,1600.8056640625,342013.0,DIVISLAB,-0.009607946337060635,False
2019-05-23,1629.1975440082356,1661.5909454680484,1612.04809617657,1650.586669921875,543073.0,DIVISLAB,0.03109746984093098,False
2019-05-24,1659.7807758225497,1690.1734329677988,1654.9217886499812,1682.218017578125,572794.0,DIVISLAB,0.019163699933277156,False
2019-05-27,1647.7762041520991,1648.3002616080726,1503.48269408502,1518.1549072265625,3084161.0,DIVISLAB,-0.09752785229810035,False
2019-05-28,1524.395343181805,1552.025008776975,1510.6757618327415,1541.40185546875,1231843.0,DIVISLAB,0.015312632545947613,False
2019-05-29,1541.5446658207038,1547.6422699595296,1510.2945172980494,1514.01025390625,474654.0,DIVISLAB,-0.017770577779776975,False
2019-05-30,1523.4427297000018,1549.9291476315288,1506.1027776714288,1510.532958984375,925477.0,DIVISLAB,-0.002296744630958303,False
2019-05-31,1520.536637860817,1533.7322778047983,1508.1986098412756,1517.0592041015625,787381.0,DIVISLAB,0.004320491703521334,False
2019-06-03,1521.7752471994634,1544.4029899579466,1492.5259588704032,1539.87744140625,765932.0,DIVISLAB,0.015041098754086546,False
2019-06-04,1533.9228736614762,1533.9228736614762,1505.7215819775688,1511.390380859375,803652.0,DIVISLAB,-0.018499563524263296,False
2019-06-05,1533.9228736614762,1533.9228736614762,1505.7215819775688,1511.390380859375,803652.0,DIVISLAB,0.0,False
2019-06-06,1522.4897139529533,1522.4897139529533,1480.9975353653629,1505.6737060546875,925968.0,DIVISLAB,-0.003782394593140781,False
2019-06-07,1500.5765264926677,1505.9595703084472,1479.6637763427148,1492.239990234375,632011.0,DIVISLAB,-0.008922063104570555,False
2019-06-10,1488.1907075956892,1504.3874054376397,1482.5219098718528,1487.28564453125,363052.0,DIVISLAB,-0.0033200730013587254,False
2019-06-11,1492.9547791412458,1497.5755795431244,1478.6635719382346,1482.2840576171875,475514.0,DIVISLAB,-0.003362895979298508,False
2019-06-12,1482.2840852562551,1486.2855768268544,1458.417722261351,1462.0382080078125,500761.0,DIVISLAB,-0.013658549119067498,False
2019-06-13,1467.1827239048814,1480.9499880967885,1445.3172263617878,1473.470947265625,597842.0,DIVISLAB,0.007819726731622678,False
2019-06-14,1469.1360145339283,1476.757991263028,1424.4045851258795,1450.366943359375,993176.0,DIVISLAB,-0.015679986055459727,False
2019-06-17,1466.5636591792727,1508.1034095249695,1459.989680921546,1467.7069091796875,1053764.0,DIVISLAB,0.011955571588076364,False
2019-06-18,1471.9943615066024,1478.663591623461,1452.9394183155785,1470.0888671875,548508.0,DIVISLAB,0.0016229112181149752,False
2019-06-19,1476.758043473799,1481.378843768757,1460.8472130101304,1467.6116943359375,420314.0,DIVISLAB,-0.0016850497319265134,False
2019-06-20,1475.1383222803538,1538.6865047804652,1466.372979530666,1527.2535400390625,758268.0,DIVISLAB,0.040638709771327886,False
2019-06-21,1524.395393619602,1524.395393619602,1467.230566358867,1472.7088623046875,1014804.0,DIVISLAB,-0.035714225768289865,False
2019-06-24,1468.8025971798345,1509.4848520285243,1463.467236654092,1501.8153076171875,512756.0,DIVISLAB,0.019763882772424246,False
2019-06-25,1492.7642326579676,1532.97011456128,1491.0492413228112,1526.6820068359375,457699.0,DIVISLAB,0.016557761192489195,False
2019-06-26,1512.0097259779411,1534.8756575617288,1505.530998841678,1522.4422607421875,461263.0,DIVISLAB,-0.0027770983575924335,False
2019-06-27,1519.6317463126277,1532.0174596054578,1503.4350443143112,1526.1104736328125,511835.0,DIVISLAB,0.002409426606981402,False
2019-06-28,1523.9667375641309,1557.2175197794654,1516.8687015746798,1521.489501953125,551806.0,DIVISLAB,-0.0030279404797527443,False
2019-07-01,1523.2043738502366,1545.3557431650252,1522.4898135497597,1534.11328125,273406.0,DIVISLAB,0.00829698744596663,False
2019-07-02,1534.1132868255634,1546.9753722808962,1515.3442160523384,1540.8302001953125,300935.0,DIVISLAB,0.004378372201979452,False
2019-07-03,1543.4502209370876,1562.505161936311,1524.3952799378644,1553.54931640625,598945.0,DIVISLAB,0.008254716327162681,False
2019-07-04,1554.31160848484,1561.5047791525265,1535.7806080105263,1543.259765625,214179.0,DIVISLAB,-0.0066232533931090964,False
2019-07-05,1543.2599051533157,1543.2599051533157,1508.1987629430675,1534.6851806640625,607948.0,DIVISLAB,-0.005556151434729428,False
2019-07-08,1524.4905418623975,1528.4444654073432,1490.5727699110416,1501.1959228515625,329224.0,DIVISLAB,-0.02182158154287328,False
2019-07-09,1495.9560482833613,1539.49654906279,1493.8599346495414,1529.2545166015625,548646.0,DIVISLAB,0.018690827308338154,False
2019-07-10,1532.9701549750507,1556.550646793343,1522.0612466951216,1546.7373046875,685813.0,DIVISLAB,0.011432229165351249,False
2019-07-11,1559.6470770623994,1565.2683084808411,1529.1591684087666,1532.63671875,672371.0,DIVISLAB,-0.009116341795576521,False
2019-07-12,1538.6389473364677,1544.4031140547525,1512.1049627459245,1536.924072265625,548484.0,DIVISLAB,0.002797371003300686,False
2019-07-15,1538.6866152520593,1553.9305693350518,1524.4906597518443,1538.114990234375,331641.0,DIVISLAB,0.0007748710494164257,False
2019-07-16,1543.545680032589,1575.8438326317214,1537.7339455064075,1570.698974609375,399507.0,DIVISLAB,0.021184361755706593,False
2019-07-17,1574.4146824590434,1577.987484310312,1558.3132321888977,1573.890625,325110.0,DIVISLAB,0.0020319936806596495,False
2019-07-18,1574.5098996305987,1582.9893724334029,1558.2656306818265,1564.3155517578125,769446.0,DIVISLAB,-0.006083696725868393,False
2019-07-19,1566.4115279320383,1581.464979056532,1543.4980293134809,1547.6424560546875,464691.0,DIVISLAB,-0.010658396692655447,False
2019-07-22,1541.5449389017554,1554.2165229302736,1525.3482368242958,1548.547607421875,248393.0,DIVISLAB,0.0005848581910159467,False
2019-07-23,1552.9777398663582,1566.744888646774,1533.0653026407738,1542.5927734375,298001.0,DIVISLAB,-0.0038454316521072673,False
2019-07-24,1537.7338555141332,1552.1679976785506,1519.6316601889978,1528.3016357421875,321561.0,DIVISLAB,-0.009264361885649386,False
2019-07-25,1528.2064031092966,1571.9850874007047,1527.2536559751884,1564.172607421875,382130.0,DIVISLAB,0.0234711334731168,False
2019-07-26,1567.2689167242706,1595.7560771336668,1548.118724041744,1587.9434814453125,586809.0,DIVISLAB,0.015197091363604365,False
2019-07-29,1591.0875410826686,1599.3763937279368,1565.3156873844007,1575.1290283203125,461396.0,DIVISLAB,-0.00806984207859629,False
2019-07-30,1575.1768195232828,1593.9458907839248,1562.5052366321795,1580.0833740234375,863878.0,DIVISLAB,0.0031453586430365554,False
2019-07-31,1573.8429198180252,1573.8429198180252,1491.239678457628,1556.550537109375,1115866.0,DIVISLAB,-0.014893414677315309,False
2019-08-01,1543.7363099472896,1569.6509868512285,1521.82312469838,1539.0201416015625,470130.0,DIVISLAB,-0.011262336229935554,False
2019-08-02,1533.9227959506377,1547.2612550458605,1504.4353204002657,1523.2520751953125,432681.0,DIVISLAB,-0.010245523096170217,False
2019-08-05,1513.4388826684228,1532.5415099872046,1492.049755178638,1503.00634765625,571020.0,DIVISLAB,-0.01329112093050433,False
2019-08-06,1494.8124855641497,1545.4034485849595,1492.7641723825973,1539.6392822265625,634515.0,DIVISLAB,0.02437310702475548,False
2019-08-07,1525.3957630438424,1578.7019157918817,1525.3957630438424,1556.6934814453125,591808.0,DIVISLAB,0.011076749869675329,False
2019-08-08,1566.3163654366672,1577.7016477278332,1549.214600059966,1572.985595703125,678997.0,DIVISLAB,0.010465846007581492,False
2019-08-09,1574.891084933431,1603.902189977136,1564.7443042292384,1586.2763671875,374284.0,DIVISLAB,0.008449391730401823,False
2019-08-12,1574.891084933431,1603.902189977136,1564.7443042292384,1586.2763671875,374284.0,DIVISLAB,0.0,False
2019-08-13,1538.6866675181586,1543.4504033309083,1440.744212687167,1452.3677978515625,2698990.0,DIVISLAB,-0.08441692261567268,False
2019-08-14,1464.499749428754,1487.4157031073742,1411.5428222633489,1474.994873046875,1340125.0,DIVISLAB,0.015579438781818222,False
2019-08-15,1464.499749428754,1487.4157031073742,1411.5428222633489,1474.994873046875,1340125.0,DIVISLAB,0.0,False
2019-08-16,1465.9439145525655,1465.9439145525655,1434.8919005989892,1451.30859375,913721.0,DIVISLAB,-0.016058550256480952,False
2019-08-19,1449.3829472075006,1483.9012104019475,1444.2797783098235,1461.7073974609375,512242.0,DIVISLAB,0.007165122397620571,False
2019-08-20,1461.7074530998746,1484.6714789419534,1459.8780084705545,1465.6070556640625,382353.0,DIVISLAB,0.0026678788175382717,False
2019-08-21,1467.388206292541,1483.756709906041,1459.8298325428764,1476.150146484375,461174.0,DIVISLAB,0.007193668166079803,False
2019-08-22,1480.482922729296,1517.7454087160029,1474.609542248391,1510.235107421875,604653.0,DIVISLAB,0.023090443081740242,False
2019-08-23,1506.8170953713527,1518.8527605873792,1483.3235708983032,1513.2200927734375,469022.0,DIVISLAB,0.001976503748915004,False
2019-08-26,1516.4937779971292,1564.6364376160857,1509.8019953244102,1559.870361328125,635005.0,DIVISLAB,0.030828475499017793,False
2019-08-27,1564.780997885685,1568.0065327972366,1528.770262480081,1534.3548583984375,645617.0,DIVISLAB,-0.016357450953784824,False
2019-08-28,1534.3546387208091,1555.9706442833287,1511.6794006960558,1518.0823974609375,419022.0,DIVISLAB,-0.010605409073677574,False
2019-08-29,1522.3670677273635,1573.3020220588237,1513.6051277089784,1555.0078125,479265.0,DIVISLAB,0.024323722546827575,False
2019-08-30,1551.734064307915,1582.3046508604891,1541.9610816351328,1565.021484375,357258.0,DIVISLAB,0.00643962801633835,False
2019-09-02,1551.734064307915,1582.3046508604891,1541.9610816351328,1565.021484375,357258.0,DIVISLAB,0.0,False
2019-09-03,1565.1176849952203,1597.3732632464294,1565.1176849952203,1578.5494384765625,697815.0,DIVISLAB,0.00864394146446168,False
2019-09-04,1586.7820463841515,1608.927669604319,1532.910457782452,1601.6580810546875,817587.0,DIVISLAB,0.014639163028322244,False
2019-09-05,1598.6252760358016,1604.3060161041517,1572.917024092368,1578.116455078125,312286.0,DIVISLAB,-0.014698284393545702,False
2019-09-06,1583.8933248126625,1593.3293320598996,1560.736661104282,1576.7681884765625,426978.0,DIVISLAB,-0.0008543517794418198,False
2019-09-09,1575.2278926627505,1592.2222757698466,1556.9336811953956,1566.7066650390625,405327.0,DIVISLAB,-0.006381105041966428,False
2019-09-10,1575.2278926627505,1592.2222757698466,1556.9336811953956,1566.7066650390625,405327.0,DIVISLAB,0.0,False
2019-09-11,1568.487718362416,1578.0680598058732,1546.727261553433,1556.500244140625,464103.0,DIVISLAB,-0.006514570420993904,False
2019-09-12,1564.6363278246924,1594.4847746939636,1553.08209032691,1584.037841796875,426448.0,DIVISLAB,0.017691997004121385,False
2019-09-13,1593.5219990070052,1593.5219990070052,1550.2417959576555,1567.8619384765625,455745.0,DIVISLAB,-0.010211816216437852,False
2019-09-16,1558.233511187511,1597.8549453615135,1555.2968793387852,1583.7010498046875,363401.0,DIVISLAB,0.010102363568768924,False
2019-09-17,1584.9043778995556,1585.819041321951,1538.6392398497137,1541.9129638671875,486724.0,DIVISLAB,-0.026386347311352476,False
2019-09-18,1552.600796661445,1565.599314959076,1545.379397607206,1556.115234375,457444.0,DIVISLAB,0.009210812050112427,False
2019-09-19,1560.7848807002626,1569.5468204345457,1512.1607989757945,1523.6187744140625,400672.0,DIVISLAB,-0.020883067810842038,False
2019-09-20,1536.7137020883606,1598.817733281781,1516.5900467681406,1577.1053466796875,592869.0,DIVISLAB,0.035104957462994246,False
2019-09-23,1580.042214198148,1596.4107197687565,1543.5019796592564,1551.83056640625,944775.0,DIVISLAB,-0.016026057058679655,False
2019-09-24,1551.8303630285227,1583.8934196937803,1528.721887604419,1569.1136474609375,692476.0,DIVISLAB,0.011137221697283595,False
2019-09-25,1559.9664632426295,1591.788687467487,1559.9664632426295,1572.7723388671875,450237.0,DIVISLAB,0.00233169306262182,False
2019-09-26,1574.26483437922,1641.6645520590644,1570.4134219403718,1612.8271484375,999909.0,DIVISLAB,0.025467646257793852,False
2019-09-27,1608.9278022579242,1633.8657252734504,1593.7628633677014,1598.7696533203125,659001.0,DIVISLAB,-0.00871605809141196,False
2019-09-30,1602.9578857826991,1609.794119276538,1589.6222763366436,1603.6318359375,269573.0,DIVISLAB,0.0030412027192845414,False
2019-10-01,1609.7942464905768,1626.210822599804,1547.7864785249394,1562.2774658203125,412172.0,DIVISLAB,-0.025787945331611217,False
2019-10-02,1609.7942464905768,1626.210822599804,1547.7864785249394,1562.2774658203125,412172.0,DIVISLAB,0.0,False
2019-10-03,1550.1936062847603,1586.685764995764,1535.798998383574,1567.8619384765625,348048.0,DIVISLAB,0.0035745715971891023,False
2019-10-04,1575.228002436816,1588.707948667938,1558.9076859784575,1561.98876953125,282510.0,DIVISLAB,-0.0037459732908748933,False
2019-10-07,1570.4133813791125,1594.4365188316374,1556.5002013174403,1585.4820556640625,476604.0,DIVISLAB,0.015040624229240018,False
2019-10-08,1570.4133813791125,1594.4365188316374,1556.5002013174403,1585.4820556640625,476604.0,DIVISLAB,0.0,False
2019-10-09,1589.237328254157,1593.5219777964555,1560.9774940150594,1589.285400390625,248324.0,DIVISLAB,0.0023988569993429465,False
2019-10-10,1583.893481673125,1617.5933429853192,1580.0420689517314,1605.220703125,566891.0,DIVISLAB,0.010026709318828653,False
2019-10-11,1615.2342993187287,1632.0360392572416,1590.34445212503,1627.173583984375,598374.0,DIVISLAB,0.013675926815943651,False
2019-10-14,1632.9990251485008,1655.818598945517,1608.0130316542063,1621.1558837890625,571690.0,DIVISLAB,-0.0036982533729298384,False
2019-10-15,1622.4076994205068,1638.583680767326,1616.678769692064,1630.206787109375,545212.0,DIVISLAB,0.00558299384458838,False
2019-10-16,1632.9990481041632,1660.7292676334566,1628.040330553528,1656.300048828125,306125.0,DIVISLAB,0.016006105437100793,False
2019-10-17,1658.99594357708,1669.8762309642432,1641.7608490368243,1658.94775390625,348490.0,DIVISLAB,0.0015985660810662328,False
2019-10-18,1656.1074853684192,1677.867943936451,1653.2671154746904,1673.4388427734375,271062.0,DIVISLAB,0.008735108645263834,False
2019-10-21,1656.1074853684192,1677.867943936451,1653.2671154746904,1673.4388427734375,271062.0,DIVISLAB,0.0,False
2019-10-22,1668.0468366142618,1707.668267625089,1662.1252661776375,1676.4718017578125,814403.0,DIVISLAB,0.0018124110106996216,False
2019-10-23,1674.4017668980705,1687.3040236866752,1661.6439616011185,1670.8873291015625,228759.0,DIVISLAB,-0.0033310865416253943,False
2019-10-24,1671.5131608684685,1712.9640382833536,1670.8872827791877,1698.521240234375,283296.0,DIVISLAB,0.016538464713638845,False
2019-10-25,1695.584477561067,1708.101569104675,1682.634149093727,1693.80322265625,199141.0,DIVISLAB,-0.002777720682182294,False
2019-10-28,1695.584477561067,1708.101569104675,1682.634149093727,1693.80322265625,199141.0,DIVISLAB,0.0,False
2019-10-29,1691.7329808334264,1696.0658199989075,1672.042680973498,1689.181396484375,343418.0,DIVISLAB,-0.002728667716564437,False
2019-10-30,1675.412734327684,1695.5362718986328,1664.7731596016288,1672.0908203125,335535.0,DIVISLAB,-0.010117667769397043,False
2019-10-31,1679.2158944229718,1694.043856447396,1673.9202020953765,1689.85546875,334257.0,DIVISLAB,0.010624212645446995,False
2019-11-01,1687.8815407827165,1706.0312988179182,1674.209073319497,1678.3974609375,339865.0,DIVISLAB,-0.006780466154881037,False
2019-11-04,1689.8071906071814,1689.8071906071814,1652.6891565855155,1670.694580078125,515116.0,DIVISLAB,-0.004589425948650083,False
2019-11-05,1670.5501931842598,1673.6794658804265,1614.512187608761,1624.7664794921875,587695.0,DIVISLAB,-0.027490422925649183,False
2019-11-06,1589.6707783631575,1657.9851721270718,1580.71619577114,1642.0018310546875,1000255.0,DIVISLAB,0.010607894599035994,False
2019-11-07,1639.7389650000682,1659.5256448568684,1618.6524568578538,1654.1817626953125,362279.0,DIVISLAB,0.007417733287667261,False
2019-11-08,1650.3302574538686,1663.6176776028742,1632.0360480655236,1636.8021240234375,469867.0,DIVISLAB,-0.010506486689562333,False
2019-11-11,1636.8503969149406,1655.1446072334018,1629.099381844646,1647.008544921875,207500.0,DIVISLAB,0.006235586298818374,False
2019-11-12,1636.8503969149406,1655.1446072334018,1629.099381844646,1647.008544921875,207500.0,DIVISLAB,0.0,False
2019-11-13,1646.4788177900784,1655.1444957784474,1598.3361622991406,1610.371826171875,878362.0,DIVISLAB,-0.022244401137419656,False
2019-11-14,1606.5205468691047,1631.7472534226465,1582.4010274549858,1594.96630859375,892696.0,DIVISLAB,-0.009566435110049398,False
2019-11-15,1583.8935834891254,1693.6106634283549,1566.5622251287582,1682.778564453125,2475371.0,DIVISLAB,0.05505586882070079,False
2019-11-18,1685.4744038036406,1697.943304820894,1656.5406202373142,1671.46484375,546681.0,DIVISLAB,-0.006723237948304761,False
2019-11-19,1673.4388623359357,1681.623114539535,1653.6521820529176,1668.335693359375,385992.0,DIVISLAB,-0.001872100632164475,False
2019-11-20,1667.66163293894,1731.017416354744,1662.5103921642124,1698.0877685546875,1047192.0,DIVISLAB,0.017833386478355306,False
2019-11-21,1698.0397875709768,1713.8304858335357,1675.4608097794774,1682.1527099609375,429107.0,DIVISLAB,-0.009384119530707724,False
2019-11-22,1680.178688094308,1683.0672474434673,1653.5557759190672,1668.96142578125,376747.0,DIVISLAB,-0.007841906446171443,False
2019-11-25,1670.550307665203,1703.1910547630532,1661.884628835816,1698.521240234375,608852.0,DIVISLAB,0.017711502492808062,False
2019-11-26,1699.4357803086032,1738.4313322080357,1696.1139840129647,1717.970703125,1008355.0,DIVISLAB,0.011450821120106314,False
2019-11-27,1718.69280879254,1750.4669615601333,1707.908900928154,1744.06396484375,795959.0,DIVISLAB,0.01518842065891235,False
2019-11-28,1756.2442005368098,1757.2070537169286,1721.2925830841796,1726.395751953125,633764.0,DIVISLAB,-0.010130484458583444,False
2019-11-29,1728.6104470744576,1735.8799184236734,1715.611928497723,1719.848388671875,258455.0,DIVISLAB,-0.003792504281734277,False
2019-12-02,1707.234923026177,1728.3214308427812,1707.234923026177,1718.7410888671875,401926.0,DIVISLAB,-0.0006438357078338841,False
2019-12-03,1728.3213688358028,1733.0393726812854,1713.8303822109167,1728.4658203125,263215.0,DIVISLAB,0.005658054903267651,False
2019-12-04,1731.2100952565356,1755.281425835742,1718.8855269856642,1742.1866455078125,1107902.0,DIVISLAB,0.00793815245524021,False
2019-12-05,1738.9129176207327,1738.9129176207327,1724.5183089770048,1734.580078125,196491.0,DIVISLAB,-0.004366103598845705,False
2019-12-06,1735.0615028132936,1756.244273657851,1706.7055224925102,1717.585693359375,541954.0,DIVISLAB,-0.009797405712162366,False
2019-12-09,1717.7299882883328,1754.3184073213802,1713.9267654294738,1739.20166015625,574599.0,DIVISLAB,0.012585087824408259,False
2019-12-10,1742.86051073361,1753.9333222599173,1728.706616057776,1746.2786865234375,418388.0,DIVISLAB,0.004069123511848405,False
2019-12-11,1743.7272365139377,1770.1094390826554,1737.9501170114067,1754.1260986328125,580804.0,DIVISLAB,0.004493791380457024,False
2019-12-12,1756.9181137765402,1771.6498141366649,1745.7490406293575,1761.202880859375,438783.0,DIVISLAB,0.004034363454302525,False
2019-12-13,1765.5837115769991,1779.3043684783058,1750.466964671977,1773.575439453125,534166.0,DIVISLAB,0.007025061523697307,False
2019-12-16,1770.6869208975331,1800.4871785062642,1762.021242654968,1791.53271484375,686055.0,DIVISLAB,0.010124900802732206,False
2019-12-17,1792.8327052650243,1798.9949894132662,1765.583911978419,1776.849365234375,466589.0,DIVISLAB,-0.008195970683491316,False
2019-12-18,1772.7088624957023,1776.0307762938592,1753.6444411683544,1769.57958984375,461114.0,DIVISLAB,-0.004091385309787365,False
2019-12-19,1764.9580740850924,1786.0926544372992,1758.1699121307322,1761.0584716796875,380436.0,DIVISLAB,-0.004815334790798986,False
2019-12-20,1765.872691541615,1765.872691541615,1728.3214183845143,1750.467041015625,725073.0,DIVISLAB,-0.006014241340868365,False
2019-12-23,1752.8742174142442,1769.675958421834,1736.987139915021,1740.934814453125,328818.0,DIVISLAB,-0.005445533300055372,False
2019-12-24,1743.8233635492506,1756.2441930268285,1739.009097669243,1749.407958984375,219970.0,DIVISLAB,0.004867008495037517,False
2019-12-25,1743.8233635492506,1756.2441930268285,1739.009097669243,1749.407958984375,219970.0,DIVISLAB,0.0,False
2019-12-26,1747.5785286521073,1764.9098859610538,1741.5606962531674,1748.5413818359375,291471.0,DIVISLAB,-0.0004953545249334335,False
2019-12-27,1757.1588644251965,1769.098267368421,1750.9485084263963,1762.165771484375,266306.0,DIVISLAB,0.007791859998264483,False
2019-12-30,1767.7502519827035,1788.9812116541636,1762.0213225657262,1780.508056640625,361262.0,DIVISLAB,0.010408944182816127,False
2019-12-31,1783.2038949806472,1788.2106839565631,1766.931654505256,1777.2342529296875,287988.0,DIVISLAB,-0.0018386907594871715,False
2020-01-01,1776.464281018702,1780.8933825482284,1748.4452744024777,1751.28564453125,157063.0,DIVISLAB,-0.014600556091951544,False
2020-01-02,1752.8741778271406,1765.680171869799,1752.8741778271406,1758.0736083984375,102841.0,DIVISLAB,0.00387598898465491,False
2020-01-03,1749.5042327420672,1779.208229917404,1749.5042327420672,1766.64306640625,281177.0,DIVISLAB,0.004874345401054692,False
2020-01-06,1760.3845530852288,1776.4641545155791,1733.135760503004,1770.0611572265625,500000.0,DIVISLAB,0.0019347942350718128,False
2020-01-07,1769.7240502610057,1782.9632807784642,1764.52461985972,1775.4049072265625,302472.0,DIVISLAB,0.0030189634850656955,False
2020-01-08,1754.3185361972314,1777.4270130735947,1754.3185361972314,1765.8245849609375,147762.0,DIVISLAB,-0.005396133708220341,False
2020-01-09,1776.4641255725646,1786.0926574184864,1758.795793142456,1774.923583984375,221553.0,DIVISLAB,0.005152832903636773,False
2020-01-10,1775.4531588340426,1814.4969041575068,1772.612788832035,1796.9730224609375,499335.0,DIVISLAB,0.012422753675437548,False
2020-01-13,1800.728058771595,1811.8972502374647,1790.9070028669648,1809.0567626953125,208532.0,DIVISLAB,0.006724497298143284,False
2020-01-14,1808.71974128378,1816.9039935067835,1788.0183974255945,1804.0499267578125,328250.0,DIVISLAB,-0.002767649993491772,False
2020-01-15,1808.815895455816,1808.815895455816,1783.2522149667116,1796.9246826171875,277859.0,DIVISLAB,-0.003949582566947218,False
2020-01-16,1800.5353885628538,1831.442951137444,1799.6687972216291,1828.4581298828125,381703.0,DIVISLAB,0.017548563704794296,False
2020-01-17,1828.8913336549083,1842.75644225598,1821.7663145102724,1832.646484375,362279.0,DIVISLAB,0.0022906482919879956,False
2020-01-20,1834.2352304599756,1854.8403111492023,1817.0001357584704,1821.7181396484373,420979.0,DIVISLAB,-0.005963149368815479,False
2020-01-21,1821.7182266475284,1830.2876435041385,1798.6097501995682,1801.3057861328125,393410.0,DIVISLAB,-0.011205000966595158,False
2020-01-22,1802.5573745695783,1820.418347674552,1775.453034649911,1786.237060546875,460611.0,DIVISLAB,-0.00836544561281194,False
2020-01-23,1786.092747577669,1831.732014338295,1784.1670411112775,1826.9658203125,294035.0,DIVISLAB,0.02280143026097292,False
2020-01-24,1826.051061299296,1843.5749422130832,1815.0745115075024,1839.531005859375,200949.0,DIVISLAB,0.006877624861490794,False
2020-01-27,1839.0495550050737,1863.120884259067,1823.3550013171557,1847.08935546875,434503.0,DIVISLAB,0.00410884599677841,False
2020-01-28,1847.089273840637,1879.296781480611,1832.4539533153,1874.434326171875,527383.0,DIVISLAB,0.014804357256547274,False
2020-01-29,1883.3409226506303,1920.314510283446,1864.1320476777908,1888.444091796875,829522.0,DIVISLAB,0.007474129890489012,False
2020-01-30,1888.6365829173092,1901.6351013314736,1863.8431126088103,1886.3739013671875,350522.0,DIVISLAB,-0.001096241312454005,False
2020-01-31,1895.8580446040896,1910.300843318697,1875.63812640364,1879.7784423828125,322232.0,DIVISLAB,-0.0034963688691805883,False
2020-02-03,1920.795849565672,1946.8891474712093,1889.5031209342108,1899.4686279296875,910769.0,DIVISLAB,0.010474737396134692,False
2020-02-04,1905.4865469967267,1922.7697155046883,1881.6077398179225,1888.444091796875,565885.0,DIVISLAB,-0.005804010643138957,False
2020-02-05,1889.1660860263105,1916.0777847831969,1873.9047694404887,1889.7437744140625,519051.0,DIVISLAB,0.0006882293327259426,False
2020-02-06,1877.563766200414,2002.1568779904128,1858.306701931692,1947.85205078125,1730330.0,DIVISLAB,0.030749288424143373,False
2020-02-07,1947.8519416024085,2017.177369084056,1936.2977036888003,2008.4635009765625,890175.0,DIVISLAB,0.031117070811924386,False
2020-02-10,2007.54882783396,2033.979099919906,1999.0274833850292,2011.35205078125,628865.0,DIVISLAB,0.0014381888459924497,False
2020-02-11,2007.548895789282,2079.7628848464506,2007.548895789282,2067.1494140625,1068378.0,DIVISLAB,0.027741221761539592,False
2020-02-12,2078.7997766167414,2098.971501404247,2033.545682359684,2042.981689453125,984894.0,DIVISLAB,-0.011691329347054302,False
2020-02-13,2055.7397900619208,2093.0503518956457,2042.981985047808,2075.718994140625,591980.0,DIVISLAB,0.016024277092891337,False
2020-02-14,2088.6691629438096,2108.648365493578,2056.3653932526427,2066.716064453125,660382.0,DIVISLAB,-0.004337258421257206,False
2020-02-17,2077.8370926051857,2089.391330376855,2054.3435698314192,2074.80419921875,243414.0,DIVISLAB,0.003913520054708242,False
2020-02-18,2074.804179070037,2099.212365082716,2062.912848783545,2094.4462890625,532206.0,DIVISLAB,0.0094669607142428,False
2020-02-19,2089.391029528745,2113.4623547537303,2075.670374150503,2104.65234375,365113.0,DIVISLAB,0.004872913065757434,False
2020-02-20,2117.7955541390406,2153.324742196217,2076.7299603367865,2088.765625,578488.0,DIVISLAB,-0.00754838146888126,False
2020-02-21,2117.7955541390406,2153.324742196217,2076.7299603367865,2088.765625,578488.0,DIVISLAB,0.0,False
2020-02-24,2091.220666496359,2103.641613198297,2067.5346200035424,2080.196044921875,419664.0,DIVISLAB,-0.004102700645566726,False
2020-02-25,2087.5199706108224,2100.130453704661,2030.2877781080165,2052.5986328125,572634.0,DIVISLAB,-0.013266736169768811,False
2020-02-26,2052.598441630437,2098.141634735359,2028.4446132998453,2077.91650390625,578955.0,DIVISLAB,0.01233454543378465,False
2020-02-27,2083.6397290277428,2106.920619854868,2053.6171275970223,2091.93359375,569625.0,DIVISLAB,0.0067457425827262,False
2020-02-28,2075.8794769495994,2085.288789830491,2024.7100178799308,2043.8197021484373,1076121.0,DIVISLAB,-0.022999722240376608,False
2020-03-02,2066.178928079997,2100.033126584554,2023.497297640786,2046.0506591796875,557614.0,DIVISLAB,0.0010915625428726816,False
2020-03-03,2061.2316422523973,2143.7818903155435,2001.7200110576875,2117.68798828125,1399046.0,DIVISLAB,0.0350124904191198,False
2020-03-04,2117.591220614413,2144.655163930549,2093.09778116388,2109.636962890625,634747.0,DIVISLAB,-0.003801799620707702,False
2020-03-05,2109.8305672296583,2171.9129379435426,2109.8305672296583,2157.119873046875,1094422.0,DIVISLAB,0.022507621449326942,False
2020-03-06,2114.680865742549,2181.6134252545844,2106.387001220531,2172.931640625,968953.0,DIVISLAB,0.007330036580577737,False
2020-03-09,2172.883329036324,2191.265486619993,2073.018046613792,2116.378662109375,879424.0,DIVISLAB,-0.026026119486832422,False
2020-03-10,2172.883329036324,2191.265486619993,2073.018046613792,2116.378662109375,879424.0,DIVISLAB,0.0,False
2020-03-11,2115.4572260958744,2128.9891980096154,2061.3776508417286,2084.803955078125,573237.0,DIVISLAB,-0.014919214409287118,False
2020-03-12,2065.2092101456874,2065.2092101456874,1772.112444872946,1855.53564453125,1552639.0,DIVISLAB,-0.10997116059206802,False
2020-03-13,1746.0669624748375,1933.6721809032936,1577.2804894356032,1903.8919677734373,962602.0,DIVISLAB,0.02606057360563563,False
2020-03-16,1891.5725158233613,1926.4938545770235,1815.4731458211036,1835.21337890625,682663.0,DIVISLAB,-0.03607273418328749,False
2020-03-17,1835.3103046199424,1904.279922934476,1816.152070731864,1838.511474609375,1300859.0,DIVISLAB,0.0017971183847245165,False
2020-03-18,1870.231474388935,1876.0031476009256,1734.0867950473692,1751.159423828125,1076620.0,DIVISLAB,-0.04751237726150692,False
2020-03-19,1668.4638159169592,1888.1286703625613,1582.179063034486,1814.890869140625,1743757.0,DIVISLAB,0.03639385680441354,False
2020-03-20,1819.353283323661,1956.710524556328,1808.5373450662207,1935.127197265625,1881347.0,DIVISLAB,0.06624989423299787,False
2020-03-23,1794.5202431236828,1867.3215812270064,1673.8477120332846,1796.266357421875,1203381.0,DIVISLAB,-0.07175799091654711,False
2020-03-24,1867.3214643351475,1915.8233205516449,1804.7540698158664,1862.4227294921875,1285829.0,DIVISLAB,0.036829934378587836,False
2020-03-25,1843.070682574396,1914.853435474662,1824.7369557862387,1870.2802734375,676624.0,DIVISLAB,0.004218990576567494,False
2020-03-26,1879.3014074335135,1920.673514651354,1817.849579018504,1826.8709716796875,596430.0,DIVISLAB,-0.023210051656069708,False
2020-03-27,1872.171631818304,1872.171631818304,1770.0752254717358,1806.74267578125,538787.0,DIVISLAB,-0.011017907783564374,False
2020-03-30,1795.5388235990226,1872.0747809293089,1777.7870958061235,1837.1534423828125,606185.0,DIVISLAB,0.016831819499925516,False
2020-03-31,1884.7822548108547,1974.025676037102,1838.2204698232476,1929.4525146484373,937675.0,DIVISLAB,0.050240263081080316,False
2020-04-01,1940.074207303876,1940.4622458278832,1788.9909284100866,1820.7596435546875,1165088.0,DIVISLAB,-0.05633352998767871,False
2020-04-02,1940.074207303876,1940.4622458278832,1788.9909284100866,1820.7596435546875,1165088.0,DIVISLAB,0.0,False
2020-04-03,1852.7710188178537,1881.8721342966685,1768.3292347050638,1844.0892333984373,1219731.0,DIVISLAB,0.012813107938949742,False
2020-04-06,1852.7710188178537,1881.8721342966685,1768.3292347050638,1844.0892333984373,1219731.0,DIVISLAB,0.0,False
2020-04-07,1901.27287478952,2085.579939182381,1863.683934025186,2005.8914794921875,2241715.0,DIVISLAB,0.08774100686850606,False
2020-04-08,2003.126605199741,2148.244249633501,1978.9726578031643,2103.9619140625,1228880.0,DIVISLAB,0.04889119654426177,False
2020-04-09,2158.3325973229366,2393.663697945504,2134.3241785437262,2241.65869140625,2527934.0,DIVISLAB,0.06544642107036713,False
2020-04-10,2158.3325973229366,2393.663697945504,2134.3241785437262,2241.65869140625,2527934.0,DIVISLAB,0.0,False
2020-04-13,2313.53870174372,2348.460040637965,2216.53498259304,2271.051025390625,1782628.0,DIVISLAB,0.013111868500345292,False
2020-04-14,2313.53870174372,2348.460040637965,2216.53498259304,2271.051025390625,1782628.0,DIVISLAB,0.0,False
2020-04-15,2299.9581752025606,2345.549923087217,2260.1866504521154,2323.675537109375,1136701.0,DIVISLAB,0.023171875545904275,False
2020-04-16,2323.6269543418493,2375.13602306625,2283.2735499558007,2321.492919921875,1350131.0,DIVISLAB,-0.0009392951608963029,False
2020-04-17,2357.190235714732,2376.1545090502887,2250.631561810361,2262.320556640625,1326979.0,DIVISLAB,-0.025488926876951812,False
2020-04-20,2265.036767782672,2303.8382541686706,2227.2538677794014,2272.360595703125,817776.0,DIVISLAB,0.004437938307650269,False
2020-04-21,2226.235216487374,2400.3083323460964,2226.235216487374,2334.491455078125,1365316.0,DIVISLAB,0.027341989423899093,False
2020-04-22,2334.830998783368,2340.6512220023337,2292.8283405213965,2313.0537109375,596850.0,DIVISLAB,-0.009183046737649136,False
2020-04-23,2316.448954936144,2380.7624720299987,2304.8085079264147,2344.87109375,993530.0,DIVISLAB,0.013755574573149021,False
2020-04-24,2337.7897924371764,2386.2916553508107,2318.971164356888,2352.728271484375,894214.0,DIVISLAB,0.003350793037330435,False
2020-04-27,2376.590851588149,2398.319587501057,2322.4627350317846,2353.16455078125,924358.0,DIVISLAB,0.0001854354802306446,False
2020-04-28,2371.740790712502,2371.740790712502,2278.61722592379,2292.537353515625,855492.0,DIVISLAB,-0.025764112945478757,False
2020-04-29,2316.4488540426782,2336.8196354224506,2281.527514534497,2298.8427734375,635110.0,DIVISLAB,0.0027504109855420733,False
2020-04-30,2294.137550627604,2301.606788311069,2231.764122921984,2262.999267578125,843162.0,DIVISLAB,-0.015591977961058046,False
2020-05-01,2294.137550627604,2301.606788311069,2231.764122921984,2262.999267578125,843162.0,DIVISLAB,0.0,False
2020-05-04,2159.302447031788,2273.7182683223136,2159.302447031788,2218.6201171875,936799.0,DIVISLAB,-0.019610766572682015,False
2020-05-05,2205.088658070217,2256.3066729027582,2205.088658070217,2215.8076171875,609756.0,DIVISLAB,-0.0012676798421739077,False
2020-05-06,2240.785677069737,2244.520414595038,2174.532096482193,2222.694580078125,762810.0,DIVISLAB,0.0031081050706769364,False
2020-05-07,2212.024255242496,2240.785761301305,2160.272679834635,2191.16845703125,498471.0,DIVISLAB,-0.014183740460539052,False
2020-05-08,2202.954176202083,2245.49039626316,2185.590607456256,2231.861328125,641799.0,DIVISLAB,0.018571311102608457,False
2020-05-11,2249.5162442862656,2285.407620327056,2240.834458798253,2257.179443359375,654101.0,DIVISLAB,0.011343946380237169,False
2020-05-12,2260.1866502580647,2303.2078943182782,2234.044195380907,2292.7314453125,676613.0,DIVISLAB,0.01575063163795809,False
2020-05-13,2316.4486560629944,2325.0818917511315,2244.66590876456,2269.40185546875,538167.0,DIVISLAB,-0.010175456829646379,False
2020-05-14,2259.216691249912,2306.65141670096,2233.0256862418623,2295.690185546875,413755.0,DIVISLAB,0.011583814481677557,False
2020-05-15,2304.8082761080814,2340.6996507781146,2257.6160633329446,2265.230712890625,600190.0,DIVISLAB,-0.013268111197240695,False
2020-05-18,2271.827101453937,2307.718477523021,2248.9341290148127,2260.380615234375,600640.0,DIVISLAB,-0.0021411053755583387,False
2020-05-19,2279.587388410884,2287.3476859033462,2238.6518665032404,2252.183837890625,322942.0,DIVISLAB,-0.0036262819139865066,False
2020-05-20,2255.336212217856,2305.487081915845,2241.852791528758,2301.60693359375,600994.0,DIVISLAB,0.021944521078445467,False
2020-05-21,2303.8383469836385,2318.8739235639528,2263.387843161697,2286.71728515625,317110.0,DIVISLAB,-0.006469240346895888,False
2020-05-22,2280.557234244511,2303.983535604076,2235.93552740689,2250.486083984375,479501.0,DIVISLAB,-0.015844197884479327,False
2020-05-25,2280.557234244511,2303.983535604076,2235.93552740689,2250.486083984375,479501.0,DIVISLAB,0.0,False
2020-05-26,2269.8382030068306,2274.6398391560624,2218.862707424023,2226.9140625,404978.0,DIVISLAB,-0.010474191176797598,False
2020-05-27,2235.93534035895,2250.485895719203,2192.283674278189,2221.772705078125,720014.0,DIVISLAB,-0.0023087363398761607,False
2020-05-28,2226.7203721352125,2231.0855394950945,2187.7734736433517,2216.632080078125,392876.0,DIVISLAB,-0.0023137492814860883,False
2020-05-29,2216.5348427197555,2335.9465081890257,2194.515047227196,2318.48583984375,1000264.0,DIVISLAB,0.045949781509087906,False
2020-06-01,2330.1263728765525,2418.205558153144,2289.2877134280047,2405.74072265625,1128386.0,DIVISLAB,0.037634425586304365,False
2020-06-02,2425.0928260932965,2461.905687828298,2328.0891130495643,2338.759521484375,1305076.0,DIVISLAB,-0.027842236090146466,False
2020-06-03,2347.4902103419827,2368.8310304360007,2296.2721947512377,2310.82275390625,888450.0,DIVISLAB,-0.01194512189966157,False
2020-06-04,2320.328979139924,2365.920727475868,2313.5387187494644,2348.60546875,704299.0,DIVISLAB,0.016350330106400968,False
2020-06-05,2356.6566134049363,2401.811888314884,2343.3671523411467,2386.33984375,770517.0,DIVISLAB,0.016066715121839215,False
2020-06-08,2397.931685952836,2397.931685952836,2266.9766788316256,2340.748046875,1943064.0,DIVISLAB,-0.019105324413204672,False
2020-06-09,2328.08922614843,2383.2842468215063,2328.08922614843,2349.236083984375,1215283.0,DIVISLAB,0.003626207066884879,False
2020-06-10,2339.7296536896724,2370.770843125025,2304.8083155749014,2322.8994140625,702873.0,DIVISLAB,-0.011210737865564924,False
2020-06-11,2322.899515461273,2344.919549638575,2276.6773370302044,2285.69873046875,470891.0,DIVISLAB,-0.016014763002023424,False
2020-06-12,2240.7856861084183,2328.3800830213854,2233.898328014004,2323.3359375,589371.0,DIVISLAB,0.016466390136871345,False
2020-06-15,2336.770852903769,2376.203003590315,2252.8626427403133,2265.085205078125,1261564.0,DIVISLAB,-0.025072023155013556,False
2020-06-16,2281.5275106022063,2294.1379942917592,2216.5350177406635,2250.825927734375,660650.0,DIVISLAB,-0.006295249870416297,False
2020-06-17,2259.265393456528,2267.8017689578246,2223.616523115032,2231.182861328125,699526.0,DIVISLAB,-0.008727048220038114,False
2020-06-18,2236.8086954631376,2262.1267612345955,2227.738989694991,2241.222412109375,304464.0,DIVISLAB,0.004499653952735105,False
2020-06-19,2249.225086074083,2260.186553203642,2217.504918722543,2235.693115234375,728257.0,DIVISLAB,-0.002467089765444519,False
2020-06-22,2265.037076015783,2298.0183439320726,2247.5764047659827,2278.860107421875,445228.0,DIVISLAB,0.019308102661028448,False
2020-06-23,2289.2875254457394,2329.107595234369,2252.426116137715,2308.73681640625,838016.0,DIVISLAB,0.013110374299445393,False
2020-06-24,2323.238930592471,2339.7295618325847,2261.641572724988,2271.196533203125,501579.0,DIVISLAB,-0.016260096402655244,False
2020-06-25,2270.4205168983,2306.7483610903246,2255.675999465846,2260.623046875,316334.0,DIVISLAB,-0.004655469561329784,False
2020-06-26,2273.766946885303,2310.531257994261,2262.6600695311813,2280.314697265625,497117.0,DIVISLAB,0.008710718232235237,False
2020-06-29,2288.851033391345,2297.047799330452,2238.94267312318,2247.18798828125,519075.0,DIVISLAB,-0.014527253200664836,False
2020-06-30,2264.9880579486653,2264.9880579486653,2199.074084989524,2210.617431640625,684233.0,DIVISLAB,-0.01627391959699631,False
2020-07-01,2215.564790156163,2215.564790156163,2166.0928968558283,2174.095703125,788450.0,DIVISLAB,-0.016521053345951442,False
2020-07-02,2037.0780345336773,2174.823311154526,2027.4262121637205,2130.83203125,4392566.0,DIVISLAB,-0.019899617028272365,False
2020-07-03,2139.9017505745323,2181.1283255516028,2115.7479225534416,2124.817626953125,1516409.0,DIVISLAB,-0.0028225614260861676,False
2020-07-06,2153.385157170379,2153.385157170379,2092.369921325063,2096.34716796875,932519.0,DIVISLAB,-0.013399012989740777,False
2020-07-07,2114.1957132728458,2140.8717316784446,2082.669509702592,2119.0458984375,1348625.0,DIVISLAB,0.01082775353986043,False
2020-07-08,2108.860682650364,2146.692130039216,2076.89800715744,2098.67529296875,1586276.0,DIVISLAB,-0.009613102521172645,False
2020-07-09,2105.950587537145,2128.116030459513,2088.4899193770034,2111.140380859375,819353.0,DIVISLAB,0.00593950285324607,False
2020-07-10,2118.900671243796,2159.8847394369423,2095.280172714718,2137.0888671875,1011412.0,DIVISLAB,0.012291217847655522,False
2020-07-13,2153.4824985303394,2172.8832417603426,2131.36560388304,2168.178466796875,600585.0,DIVISLAB,0.014547640056864042,False
2020-07-14,2176.2785268066564,2188.986109257455,2145.0433753470734,2151.68798828125,811086.0,DIVISLAB,-0.007605683188979806,False
2020-07-15,2152.5124977111477,2177.7334643359736,2147.8077226682462,2158.623779296875,1234453.0,DIVISLAB,0.0032234185687698425,False
2020-07-16,2171.913305104793,2174.82341672396,2127.5341029125,2138.447021484375,833354.0,DIVISLAB,-0.009347046950011872,False
2020-07-17,2134.081769530981,2206.3980877681383,2111.8194638911973,2195.58203125,1233698.0,DIVISLAB,0.026717991697528864,False
2020-07-20,2211.6843648042413,2244.6656228758834,2174.3864894383105,2229.87255859375,1650713.0,DIVISLAB,0.015617966833253671,False
2020-07-21,2235.935531684741,2257.276348039216,2208.774492688137,2213.8671875,549204.0,DIVISLAB,-0.007177706650573601,False
2020-07-22,2224.2953526764745,2237.875873800535,2178.4610938827705,2193.981689453125,314826.0,DIVISLAB,-0.008982245258050248,False
2020-07-23,2216.534850210617,2336.6740439336218,2206.494871147964,2325.615478515625,2533883.0,DIVISLAB,0.0599976698507958,False
2020-07-24,2318.388780028589,2360.2943373903704,2258.246476948349,2278.71435546875,1234340.0,DIVISLAB,-0.02016718734466394,False
2020-07-27,2279.587268053993,2323.2389391443885,2250.6801140557027,2291.130615234375,915026.0,DIVISLAB,0.005448800432501288,False
2020-07-28,2292.197875318176,2319.5043274310656,2262.126722489203,2271.390625,1049978.0,DIVISLAB,-0.00861582927796356,False
2020-07-29,2285.504695501604,2362.0405343060074,2272.118135046806,2351.030517578125,937679.0,DIVISLAB,0.03506217367526787,False
2020-07-30,2361.9920679558627,2499.9313124853165,2357.6754497166658,2485.574951171875,3392829.0,DIVISLAB,0.057227855014127416,False
2020-07-31,2492.9953601572174,2566.330260034441,2480.384877790664,2538.150634765625,2698997.0,DIVISLAB,0.021152322752915564,False
2020-08-03,2543.049548808928,2649.171520860935,2527.5772664310284,2562.595703125,2802784.0,DIVISLAB,0.009631054999079014,False
2020-08-04,2594.849468168076,2625.599599547251,2524.0853029339723,2609.93359375,1260214.0,DIVISLAB,0.01847263326293458,False
2020-08-05,2619.1001019117234,2635.2028120832897,2561.867914499578,2587.81640625,1237767.0,DIVISLAB,-0.008474233809229514,False
2020-08-06,2601.639863672512,2670.512507341695,2582.9180976762123,2656.010498046875,1340401.0,DIVISLAB,0.026351982170054633,False
2020-08-07,2665.661996506278,2735.504668903822,2640.828951590297,2701.407958984375,1448742.0,DIVISLAB,0.01709234996280462,False
2020-08-10,2971.514811921465,3194.332295134047,2971.514811921465,3024.3818359375,6015324.0,DIVISLAB,0.11955760916413039,False
2020-08-11,3045.8678737514724,3073.804988945082,2994.50445786934,3037.62255859375,2731072.0,DIVISLAB,0.004377993049328621,False
2020-08-12,3028.456143038679,3037.186477852051,2921.8491493255847,3023.60595703125,2244001.0,DIVISLAB,-0.004614332851474723,False
2020-08-13,3016.815498582727,3084.7180982292834,3000.955296649377,3031.85107421875,1916602.0,DIVISLAB,0.0027269152477777947,False
2020-08-14,3041.06658074573,3089.5684400877667,2968.410890181552,2997.220947265625,1959949.0,DIVISLAB,-0.011422106859931613,False
2020-08-17,3026.5161264805297,3044.9468336610203,2979.323910456472,3035.780029296875,1194516.0,DIVISLAB,0.012864944797088551,False
2020-08-18,3036.070870230075,3065.317395587532,3002.2649808048764,3056.441650390625,1416520.0,DIVISLAB,0.006806033669882083,False
2020-08-19,3071.767771053058,3094.418231206017,3046.35284736561,3064.92919921875,1002926.0,DIVISLAB,0.0027769379556257245,False
2020-08-20,3036.313350556231,3110.909111988152,3027.5830162849825,3093.739501953125,1018936.0,DIVISLAB,0.009399989644693463,False
2020-08-21,3158.4407749527745,3235.073705303287,3126.089943169557,3150.050048828125,3851456.0,DIVISLAB,0.018201450652018503,False
2020-08-24,3171.536639403719,3181.722030048692,3115.614089306992,3143.114501953125,842857.0,DIVISLAB,-0.0022017259305388004,False
2020-08-25,3157.228478370324,3171.0029588162297,3124.150116150331,3148.6435546875,887308.0,DIVISLAB,0.0017591000044507865,False
2020-08-26,3151.5534392488385,3164.406430822978,3087.38557981832,3101.0146484375,700169.0,DIVISLAB,-0.015126801564785963,False
2020-08-27,3104.118827829186,3179.7817242575225,3089.5682708237364,3170.517822265625,1013525.0,DIVISLAB,0.022413042732044364,False
2020-08-28,3181.7220482732805,3199.0856195992096,3161.3512668666526,3174.786376953125,636688.0,DIVISLAB,0.0013463272962930262,False
2020-08-31,3186.572162246406,3195.2539477130003,3002.1196856977103,3029.232177734375,1472451.0,DIVISLAB,-0.0458469269855063,False
2020-09-01,3020.6956651307414,3162.709008221728,3008.376240772278,3134.287109375,981942.0,DIVISLAB,0.03468038284183206,False
2020-09-02,3150.001586821033,3239.923980470802,3142.9202684806583,3230.902587890625,992629.0,DIVISLAB,0.03082534405563475,False
2020-09-03,3230.2234900097583,3249.0421147108623,3174.300946842326,3184.146728515625,829828.0,DIVISLAB,-0.014471454370131864,False
2020-09-04,3143.8904534472067,3221.444877465358,3112.8492641505973,3126.5751953125,867200.0,DIVISLAB,-0.01808067847110917,False
2020-09-07,3146.1214430075147,3151.2626871157117,3075.0176746481898,3103.245849609375,582355.0,DIVISLAB,-0.0074616294973814945,False
2020-09-08,3112.8491304951444,3119.639390362226,3002.264898374095,3019.337646484375,687872.0,DIVISLAB,-0.027038851316134704,False
2020-09-09,2997.414806748368,3074.4842112914143,2987.714435205493,3062.50439453125,904326.0,DIVISLAB,0.014296760780344364,False
2020-09-10,3065.317283807101,3089.568211685322,3031.414533998442,3061.970703125,503343.0,DIVISLAB,-0.00017426633156936155,False
2020-09-11,3062.9895283400647,3077.297576904084,3024.5759608549456,3052.367431640625,464651.0,DIVISLAB,-0.00313630416991717,False
2020-09-14,3074.629858517506,3130.940325855412,3039.8053825883085,3069.9736328125,773804.0,DIVISLAB,0.005768047774776575,False
2020-09-15,3079.8679531073994,3152.620739401275,3071.3801280397806,3089.519775390625,1365374.0,DIVISLAB,0.006366876369624741,False
2020-09-16,3085.785526081786,3175.901889989343,3083.748353169249,3147.140380859375,1064745.0,DIVISLAB,0.01865034363195317,False
2020-09-17,3146.848933319261,3166.3950863509704,3104.1187512687343,3114.9345703125,688789.0,DIVISLAB,-0.010233356841260699,False
2020-09-18,3133.220219609769,3287.4561375410244,3131.280145170382,3244.1923828125,3362844.0,DIVISLAB,0.0414961565266625,False
2020-09-21,3250.54585930298,3273.147771698995,3026.564381688114,3064.1533203125,1585478.0,DIVISLAB,-0.05549580334811033,False
2020-09-22,3065.317374505492,3175.707648838538,2951.386559327653,3139.622314453125,1855832.0,DIVISLAB,0.024629640312165746,False
2020-09-23,3156.258376469329,3191.810143282773,3035.2462420199863,3053.240478515625,1499849.0,DIVISLAB,-0.027513448206761937,False
2020-09-24,2997.414613422517,3057.36295305606,2895.560718791655,2929.948486328125,6257683.0,DIVISLAB,-0.04038070144001238,False
2020-09-25,2968.3134878093606,3014.875268010292,2914.6218402849777,2969.041015625,1594964.0,DIVISLAB,0.01334239474833443,False
2020-09-28,3007.115531022331,3036.2166490644827,2931.11301633871,3004.350830078125,1269287.0,DIVISLAB,0.011892666442565814,False
2020-09-29,3007.115002286003,3044.946449088956,2957.303502598596,2970.156494140625,1187338.0,DIVISLAB,-0.011381605501981529,False
2020-09-30,2996.4445817713517,3041.0662880716045,2948.9127641906466,2956.62451171875,1416088.0,DIVISLAB,-0.0045559829754998615,False
2020-10-01,2968.313563271129,3004.883915035226,2960.6986772103287,2973.066650390625,740845.0,DIVISLAB,0.005561118297810808,False
2020-10-02,2968.313563271129,3004.883915035226,2960.6986772103287,2973.066650390625,740845.0,DIVISLAB,0.0,False
2020-10-05,2987.7146017759587,3050.767020319932,2957.691997542042,3032.5302734375,1059411.0,DIVISLAB,0.020000770261595857,False
2020-10-06,3065.317652217344,3089.374622928959,3047.323414203944,3067.83984375,1403318.0,DIVISLAB,0.011643600270633048,False
2020-10-07,3094.4186753657737,3121.48261858,3056.7326353258727,3086.561279296875,1304014.0,DIVISLAB,0.006102481387682435,False
2020-10-08,3092.478639385453,3157.471132747694,3077.2491024850706,3134.626708984375,1003283.0,DIVISLAB,0.015572485150351367,False
2020-10-09,3157.471119847791,3171.9245795525358,3084.815427519124,3094.418701171875,952505.0,DIVISLAB,-0.012827048176823452,False
2020-10-12,3096.649846480506,3118.6696438793456,3057.605848606122,3111.15185546875,1176234.0,DIVISLAB,0.005407527523840994,False
2020-10-13,3117.6991668506,3150.68042748312,3027.582817087808,3045.091796875,1080242.0,DIVISLAB,-0.021233312182312947,False
2020-10-14,3061.437329257733,3067.257552317158,3010.025358899476,3036.65283203125,792943.0,DIVISLAB,-0.002771333479145155,False
2020-10-15,3045.916742033729,3055.617113823645,2953.763210029524,3018.173583984375,992780.0,DIVISLAB,-0.006085400297311527,False
2020-10-16,3021.568383901812,3136.032758513701,3021.568383901812,3126.138427734375,1664500.0,DIVISLAB,0.03577158196695662,False
2020-10-19,3138.0702487955155,3149.613596402469,2992.564673117207,3000.712890625,1329702.0,DIVISLAB,-0.040121555717631874,False
2020-10-20,3009.0550951197038,3035.003587638869,2978.9839449105766,2993.2919921875,1348612.0,DIVISLAB,-0.002473045142267649,False
2020-10-21,3005.174809987076,3031.3658105905783,2924.66173405779,2986.695556640625,1234195.0,DIVISLAB,-0.0022037394160314694,False
2020-10-22,2986.695970060869,3012.984072739307,2940.182733989868,3000.81005859375,899754.0,DIVISLAB,0.004725791995016992,False
2020-10-23,3015.8455795182344,3049.7968806707395,2970.8842616903667,2976.898681640625,1214597.0,DIVISLAB,-0.007968307385749829,False
2020-10-26,2988.58722892061,2989.072247474223,2929.609162261677,2950.998291015625,772978.0,DIVISLAB,-0.008700460914150332,False
2020-10-27,2968.3137673855017,3083.3117223073145,2952.793172523355,3062.261962890625,1602501.0,DIVISLAB,0.037703739854321405,False
2020-10-28,3065.0746552486708,3114.691957026429,3016.8153106490595,3037.62255859375,1412166.0,DIVISLAB,-0.008046145168330576,False
2020-10-29,3027.9224212904583,3064.977793138434,2998.966954393331,3014.487548828125,729760.0,DIVISLAB,-0.0076161568198042096,False
2020-10-30,3017.785572575628,3065.3173929087056,2962.202396535321,3047.9052734375,1330322.0,DIVISLAB,0.011085706631087655,False
2020-11-02,3027.631405461603,3040.9694164920365,2949.204042697943,2957.3037109375,977309.0,DIVISLAB,-0.029725845907874082,False
2020-11-03,2968.313853335472,3024.090992736384,2966.8587975250134,2997.31787109375,724215.0,DIVISLAB,0.013530622508692192,False
2020-11-04,3027.243601715905,3113.916520547139,3012.1109266166413,3100.432861328125,1479510.0,DIVISLAB,0.034402420653751875,False
2020-11-05,3114.691852608177,3144.860099433478,3073.174456548564,3112.848876953125,1169897.0,DIVISLAB,0.004004607156589568,False
2020-11-06,3113.819173868397,3166.9772557281917,3091.023301411728,3140.252685546875,1234138.0,DIVISLAB,0.008803449726275447,False
2020-11-09,3312.7252753009843,3359.626427409509,3245.404557864568,3321.16455078125,7053871.0,DIVISLAB,0.057610607600792285,False
2020-11-10,3321.01953764308,3321.01953764308,3142.0959820636044,3165.619384765625,2531351.0,DIVISLAB,-0.04683452555189882,False
2020-11-11,3201.1225525323016,3271.1591864680654,3183.710433285895,3252.679931640625,2007813.0,DIVISLAB,0.02750189972110184,False
2020-11-12,3236.0438738907337,3306.61407527729,3204.178059359193,3266.16357421875,1258544.0,DIVISLAB,0.004145394831800653,False
2020-11-13,3269.0250781520963,3346.6280473663896,3267.278963979681,3330.0888671875,1346031.0,DIVISLAB,0.0195719814749451,False
2020-11-16,3269.0250781520963,3346.6280473663896,3267.278963979681,3330.0888671875,1346031.0,DIVISLAB,0.0,False
2020-11-17,3356.328362942716,3385.429475916208,3293.2759515001503,3324.317138671875,1652851.0,DIVISLAB,-0.0017332055527093937,False
2020-11-18,3336.9275385854007,3358.268354239144,3308.2143464301803,3348.3740234375,817107.0,DIVISLAB,0.007236639514855758,False
2020-11-19,3333.0477086474625,3394.160050220452,3304.23765212815,3332.126220703125,1130621.0,DIVISLAB,-0.004852445581242093,False
2020-11-20,3338.86790409808,3385.429687769408,3322.377272381152,3365.156005859375,1058905.0,DIVISLAB,0.00991252520718744,False
2020-11-23,3381.9375983911773,3528.8013725248406,3366.514101645744,3440.04296875,2306539.0,DIVISLAB,0.022253637798732795,False
2020-11-24,3501.7856843289123,3501.7856843289123,3388.339883047459,3431.070068359375,1608159.0,DIVISLAB,-0.002608368695431018,False
2020-11-25,3461.044021131921,3461.965509064426,3346.628186021303,3365.495361328125,736967.0,DIVISLAB,-0.019112027946023735,False
2020-11-26,3381.0643102478098,3458.182259656704,3361.1785497084097,3438.1025390625,963570.0,DIVISLAB,0.021573994297743537,False
2020-11-27,3440.722041256927,3550.2391493623386,3404.5881545817588,3497.081298828125,5745633.0,DIVISLAB,0.017154450484105466,False
2020-11-30,3440.722041256927,3550.2391493623386,3404.5881545817588,3497.081298828125,5745633.0,DIVISLAB,0.0,False
2020-12-01,3657.040259754971,3657.040259754971,3488.835903280522,3512.26220703125,2077864.0,DIVISLAB,0.004341022385785598,False
2020-12-02,3513.474579840064,3545.340395152184,3506.6843197465023,3530.498779296875,755137.0,DIVISLAB,0.005192258205869882,False
2020-12-03,3545.4855726042533,3613.291070630577,3527.151966288687,3581.716552734375,940122.0,DIVISLAB,0.014507234427567406,False
2020-12-04,3599.662349307837,3626.968799565013,3555.186052528958,3600.729248046875,1043566.0,DIVISLAB,0.005308263519061995,False
2020-12-07,3593.017570467361,3629.8304326053,3553.68251703249,3606.16162109375,1086712.0,DIVISLAB,0.0015086868999720782,False
2020-12-08,3606.161582030416,3636.669202421028,3566.4386088996075,3579.43701171875,750038.0,DIVISLAB,-0.007410818533112318,False
2020-12-09,3598.837889545992,3624.058855887824,3584.869449071477,3613.7763671875,653837.0,DIVISLAB,0.009593507402512191,False
2020-12-10,3613.291274816131,3650.2497848540384,3595.685195324929,3620.421142578125,638946.0,DIVISLAB,0.0018387345301602576,False
2020-12-11,3618.238833219534,3627.939205426557,3513.8627335417705,3532.97265625,1322763.0,DIVISLAB,-0.02415423037383224,False
2020-12-14,3540.6355136776874,3559.793746936628,3477.195180299788,3491.939697265625,858167.0,DIVISLAB,-0.011614287167432735,False
2020-12-15,3511.5344000501686,3542.672686559807,3498.390349613064,3519.6826171875,678172.0,DIVISLAB,0.007944845079541185,False
2020-12-16,3542.7698238594035,3615.328653976704,3527.0552685428747,3606.501220703125,1097589.0,DIVISLAB,0.024666600076855838,False
2020-12-17,3600.0989551314897,3738.7171704058296,3600.0989551314897,3710.10107421875,2080618.0,DIVISLAB,0.028725861208894088,False
2020-12-18,3722.323970038592,3743.3737309037615,3668.680862989901,3718.0556640625,1336810.0,DIVISLAB,0.00214403588598322,False
2020-12-21,3675.470849038237,3689.972857411626,3437.617781548708,3525.260498046875,1845053.0,DIVISLAB,-0.051853759985123316,False
2020-12-22,3549.317412982515,3627.066033315237,3493.9767457366256,3609.459716796875,1501765.0,DIVISLAB,0.023884538120416687,False
2020-12-23,3598.450127102689,3603.688233303809,3550.336186781142,3578.079345703125,915202.0,DIVISLAB,-0.008693924729986424,False
2020-12-24,3593.9877123615133,3644.4296451665873,3581.4257783838075,3637.25146484375,656706.0,DIVISLAB,0.016537397140643062,False
2020-12-25,3593.9877123615133,3644.4296451665873,3581.4257783838075,3637.25146484375,656706.0,DIVISLAB,0.0,False
2020-12-28,3647.339689201076,3669.990151416065,3625.998871870644,3653.159912109375,387691.0,DIVISLAB,0.004373755133344481,False
2020-12-29,3669.650699999477,3714.95138953366,3652.190030530804,3670.814697265625,834002.0,DIVISLAB,0.004832743592123823,False
2020-12-30,3676.44078470166,3705.541899092439,3648.164296615477,3685.85009765625,407940.0,DIVISLAB,0.004095930094707434,False
2020-12-31,3673.5309401972063,3734.643284858528,3673.385529344876,3726.785888671875,646191.0,DIVISLAB,0.01110620072195978,False
2021-01-01,3723.972271592733,3752.0062478833984,3703.456082513541,3733.72119140625,344329.0,DIVISLAB,0.0018609340438515698,False
2021-01-04,3737.553522628892,3797.647282875226,3733.673373630575,3746.5263671875,578164.0,DIVISLAB,0.0034296014953454357,False
2021-01-05,3742.645741181968,3764.229067234272,3690.0697763207777,3726.979736328125,621125.0,DIVISLAB,-0.00521726766173769,False
2021-01-06,3731.732818537484,3772.7654362753706,3701.2251983322617,3763.5986328125,486212.0,DIVISLAB,0.009825354328449443,False
2021-01-07,3773.444786587759,3787.0253076705935,3677.411101787711,3689.10009765625,731225.0,DIVISLAB,-0.019794495222403174,False
2021-01-08,3704.572143314533,3752.782945785185,3695.9389067864167,3743.51904296875,594069.0,DIVISLAB,0.014751279139070705,False
2021-01-11,3768.49719435968,3772.425892145845,3691.476340094082,3707.869873046875,581207.0,DIVISLAB,-0.0095229033197608,False
2021-01-12,3708.4032555092544,3717.036727728018,3628.908763141797,3654.61474609375,758091.0,DIVISLAB,-0.014362728136778857,False
2021-01-13,3674.9854673178834,3678.574557138769,3565.613786853296,3607.955810546875,1142472.0,DIVISLAB,-0.012767128353746937,False
2021-01-14,3626.3868740187977,3627.939028226306,3573.616946520244,3613.097412109375,826368.0,DIVISLAB,0.0014250733192102683,False
2021-01-15,3647.340040100205,3650.056191750485,3524.145310022352,3535.591796875,1048279.0,DIVISLAB,-0.0214512941097611,False
2021-01-18,3530.935363371538,3549.366069938588,3444.6020536627293,3458.4736328125,952462.0,DIVISLAB,-0.021811953554893515,False
2021-01-19,3468.852774339504,3522.2048164504304,3448.6759546851868,3491.60009765625,834021.0,DIVISLAB,0.009578348242837764,False
2021-01-20,3521.235037271106,3556.2534749339434,3489.2723588846666,3497.6630859375,730498.0,DIVISLAB,0.0017364497971346093,False
2021-01-21,3540.6355384104595,3540.6355384104595,3482.4333103817944,3496.595947265625,706058.0,DIVISLAB,-0.0003051004758478637,False
2021-01-22,3496.596339729284,3505.4720857696943,3424.231466694437,3438.490966796875,720287.0,DIVISLAB,-0.016617585029859883,False
2021-01-25,3455.272518476001,3481.8514431186977,3377.378483678668,3462.111328125,926197.0,DIVISLAB,0.006869397522404563,False
2021-01-26,3455.272518476001,3481.8514431186977,3377.378483678668,3462.111328125,926197.0,DIVISLAB,0.0,False
2021-01-27,3487.1865028780776,3492.133787140051,3365.9318574912704,3378.68798828125,944951.0,DIVISLAB,-0.024096088177768205,False
2021-01-28,3356.3284866107224,3391.928802094938,3307.8266298677927,3326.98486328125,717703.0,DIVISLAB,-0.015302722589161433,False
2021-01-29,3346.628267989364,3354.3885654223827,3259.4220203160085,3268.8798828125,1015705.0,DIVISLAB,-0.01746475648567991,False
2021-02-01,3315.587011572502,3414.530801853484,3212.1809556270887,3359.82080078125,998291.0,DIVISLAB,0.027820207908803907,False
2021-02-02,3433.9315115597,3460.801493253984,3342.845117890044,3442.27392578125,1624774.0,DIVISLAB,0.024540929379575083,False
2021-02-03,3482.4331564495446,3605.53076855876,3454.5445900852205,3569.97900390625,1693164.0,DIVISLAB,0.03709904582797452,False
2021-02-04,3602.6695281723696,3613.145977054935,3541.605735211106,3568.669677734375,908879.0,DIVISLAB,-0.0003667601883491356,False
2021-02-05,3588.1674182166103,3744.149439317642,3555.2347043358404,3707.91845703125,2152555.0,DIVISLAB,0.03901980061804977,False
2021-02-08,3685.170953692912,3771.50425584576,3540.635425369605,3668.534912109375,2744564.0,DIVISLAB,-0.010621470072296968,False
2021-02-09,3669.698850130028,3726.154961240483,3594.035957327748,3611.20556640625,1319497.0,DIVISLAB,-0.015627313648805097,False
2021-02-10,3627.93902444264,3647.339767888857,3565.274528381165,3637.97900390625,953446.0,DIVISLAB,0.007413988765708535,False
2021-02-11,3608.1502512947054,3651.898784342195,3600.7778742788164,3641.3740234375,422563.0,DIVISLAB,0.0009332158122969947,False
2021-02-12,3641.373777319925,3641.373777319925,3584.4324114225624,3607.955810546875,561226.0,DIVISLAB,-0.00917736345553366,False
2021-02-15,3609.5080228816746,3637.396589304101,3591.077318115549,3599.856201171875,426787.0,DIVISLAB,-0.002244930315200344,False
2021-02-16,3599.856451842899,3608.004669260917,3556.1562303972264,3576.0419921875,392393.0,DIVISLAB,-0.006615322294435733,False
2021-02-17,3561.9763653101445,3564.886476719712,3482.4333201153104,3506.9267578125,691346.0,DIVISLAB,-0.019327299434960366,False
2021-02-18,3488.2537138106845,3538.695647380805,3465.9428585777464,3480.15380859375,884937.0,DIVISLAB,-0.007634305210140746,False
2021-02-19,3480.493218951084,3496.9838501445533,3385.4295803063774,3417.634765625,745416.0,DIVISLAB,-0.017964448242019704,False
2021-02-22,3404.830216952917,3456.242183191808,3370.878918493273,3391.880126953125,846786.0,DIVISLAB,-0.007535807784646353,False
2021-02-23,3380.5797767238137,3413.5610428381924,3337.752727367253,3344.930908203125,511326.0,DIVISLAB,-0.013841650351061774,False
2021-02-24,3392.1225705946645,3404.6361910229466,3310.1544373280717,3375.777587890625,409153.0,DIVISLAB,0.009221918339733515,False
2021-02-25,3373.061652683786,3408.225499088212,3329.167471999642,3336.976318359375,876984.0,DIVISLAB,-0.011494024271751613,False
2021-02-26,3317.042031735449,3381.452403713033,3226.731478413485,3262.33203125,1701176.0,DIVISLAB,-0.022368839328795076,False
2021-03-01,3294.9250294536323,3380.579354288945,3280.035101796163,3357.83203125,660836.0,DIVISLAB,0.029273537789900494,False
2021-03-02,3366.0287915035256,3416.422172299414,3351.963253325773,3411.5234375,724413.0,DIVISLAB,0.015989902338864992,False
2021-03-03,3453.332284223344,3466.1367273503124,3395.663622516227,3458.327880859375,725617.0,DIVISLAB,0.013719513940573691,False
2021-03-04,3443.6319347717968,3464.0027152310104,3389.35840277056,3446.978515625,640664.0,DIVISLAB,-0.003281749338224893,False
2021-03-05,3412.590681254923,3443.6318699417216,3385.429641153974,3392.122802734375,390702.0,DIVISLAB,-0.015914144124184793,False
2021-03-08,3416.810552001268,3442.6133988660217,3396.100163500513,3402.599365234375,372681.0,DIVISLAB,0.003088497412757185,False
2021-03-09,3460.898626112888,3460.898626112888,3357.783628660655,3398.234130859375,442271.0,DIVISLAB,-0.0012829116526621442,False
2021-03-10,3404.8301734581,3437.666023564796,3377.911644308965,3422.387939453125,421799.0,DIVISLAB,0.007107752928030786,False
2021-03-11,3404.8301734581,3437.666023564796,3377.911644308965,3422.387939453125,421799.0,DIVISLAB,0.0,False
2021-03-12,3426.6563045672065,3458.0371017610223,3398.573775848164,3406.819091796875,600323.0,DIVISLAB,-0.004549118314955747,False
2021-03-15,3420.351152521255,3420.351152521255,3269.99538716652,3308.796875,834264.0,DIVISLAB,-0.028772357485285394,False
2021-03-16,3327.1304013733857,3333.0477228525306,3260.343484179269,3277.028076171875,793917.0,DIVISLAB,-0.00960131432308764,False
2021-03-17,3288.425802837315,3290.705484775958,3244.871231329332,3277.076416015625,547364.0,DIVISLAB,1.4751122854761434e-05,False
2021-03-18,3297.107701975899,3297.107701975899,3157.5680009600164,3174.83447265625,622941.0,DIVISLAB,-0.03119913312356748,False
2021-03-19,3173.961465579708,3304.4800078084168,3058.8181064764917,3269.316162109375,1744235.0,DIVISLAB,0.029759563929037336,False
2021-03-22,3270.3348062740893,3340.807909756385,3250.157986399432,3303.89794921875,748535.0,DIVISLAB,0.010577682119022214,False
2021-03-23,3315.587304254344,3404.733632362346,3301.0852948030006,3391.20166015625,787152.0,DIVISLAB,0.026424457498193554,False
2021-03-24,3391.2013237330134,3438.7816932572823,3353.46697336653,3376.8447265625,762599.0,DIVISLAB,-0.004233582969255911,False
2021-03-25,3389.309694672785,3389.406793114898,3289.395871389644,3346.822021484375,738392.0,DIVISLAB,-0.008890756759398544,False
2021-03-26,3346.6283622225505,3404.7820453836093,3309.57298830159,3361.13037109375,504226.0,DIVISLAB,0.00427520481146737,False
2021-03-29,3346.6283622225505,3404.7820453836093,3309.57298830159,3361.13037109375,504226.0,DIVISLAB,0.0,False
2021-03-30,3395.1298432377766,3492.13355304457,3375.777650496414,3476.85546875,732578.0,DIVISLAB,0.034430410272539236,False
2021-03-31,3492.1338374197862,3531.565753937125,3473.7031310556263,3514.250732421875,883699.0,DIVISLAB,0.01075548408841942,False
2021-04-01,3509.5944407153715,3529.9652210511986,3495.043883332638,3507.75146484375,247000.0,DIVISLAB,-0.0018494034925180536,False
2021-04-02,3509.5944407153715,3529.9652210511986,3495.043883332638,3507.75146484375,247000.0,DIVISLAB,0.0,False
2021-04-05,3507.751029330944,3570.706338393688,3454.932323129065,3502.852294921875,880667.0,DIVISLAB,-0.0013966696246803245,False
2021-04-06,3496.983814802914,3587.4397761705623,3476.613035299208,3577.593994140625,490057.0,DIVISLAB,0.021337382488866075,False
2021-04-07,3590.107275746476,3622.118499766911,3580.989021816293,3588.11865234375,415385.0,DIVISLAB,0.0029418257690398963,False
2021-04-08,3587.731021172854,3686.044146221559,3571.191840065231,3603.83349609375,752343.0,DIVISLAB,0.004379688988193076,False
2021-04-09,3607.082851560604,3669.213773375731,3569.7364242955555,3639.918701171875,1247594.0,DIVISLAB,0.010013005627823368,False
2021-04-12,3647.3397433288856,3781.204872206382,3565.080544305734,3666.40087890625,1959252.0,DIVISLAB,0.007275486050237534,False
2021-04-13,3731.73274097549,3734.642852288962,3591.077360824347,3607.034423828125,606699.0,DIVISLAB,-0.016192025105512986,False
2021-04-14,3731.73274097549,3734.642852288962,3591.077360824347,3607.034423828125,606699.0,DIVISLAB,0.0,False
2021-04-15,3633.274259805537,3705.444931309366,3584.8209500014204,3670.03857421875,850076.0,DIVISLAB,0.017467022209274985,False
2021-04-16,3676.4408911852834,3729.792935780321,3621.536692380925,3707.336669921875,681099.0,DIVISLAB,0.010162862037782494,False
2021-04-19,3697.781651804214,3734.497653019397,3643.459570875296,3693.028564453125,777986.0,DIVISLAB,-0.0038594027849786494,False
2021-04-20,3700.691576111618,3733.5757394234192,3637.639163936715,3666.44921875,594570.0,DIVISLAB,-0.007197167646890601,False
2021-04-21,3700.691576111618,3733.5757394234192,3637.639163936715,3666.44921875,594570.0,DIVISLAB,0.0,False
2021-04-22,3657.039981265812,3697.8300899604087,3630.07290167812,3642.73193359375,619485.0,DIVISLAB,-0.0064687341188202074,False
2021-04-23,3638.6089932628233,3714.902312907508,3626.9685486029584,3666.49755859375,733544.0,DIVISLAB,0.006524121300508057,False
2021-04-26,3668.680279042918,3727.36752306251,3657.476303274085,3670.9599609375,568028.0,DIVISLAB,0.0012170749529862857,False
2021-04-27,3703.9414366926426,3807.395803737904,3672.560640242472,3791.82666015625,804123.0,DIVISLAB,0.032925093301176434,False
2021-04-28,3825.971706915152,3847.700679900952,3754.043551175146,3766.26611328125,911739.0,DIVISLAB,-0.00674095868980118,False
2021-04-29,3765.6840127394976,3828.978933355482,3740.46304820286,3793.669677734375,653122.0,DIVISLAB,0.007276056345697279,False
2021-04-30,3792.8451218091823,4011.103472808432,3792.457201693149,3940.63037109375,2499026.0,DIVISLAB,0.03873839997770756,False
2021-05-03,3940.096990477573,4023.0349309715375,3904.448124787637,3951.931396484375,1014865.0,DIVISLAB,0.0028678217255602156,False
2021-05-04,3976.133810680768,3979.57725296885,3843.33558791969,3865.9375,492286.0,DIVISLAB,-0.021759966926772734,False
2021-05-05,3879.178812069765,3942.7647987024734,3855.8979189740726,3914.53662109375,671260.0,DIVISLAB,0.012571108843262513,False
2021-05-06,3928.650537880899,3962.019721793448,3897.609348445791,3941.3095703125,423190.0,DIVISLAB,0.006839366139655523,False
2021-05-07,3946.693422288484,3965.172441374029,3898.8705412585823,3908.376953125,305011.0,DIVISLAB,-0.008355755009847865,False
2021-05-10,3930.5901249527274,4079.005793540527,3920.986852891932,4015.274169921875,1238763.0,DIVISLAB,0.02735079499212678,False
2021-05-11,3996.6501848265657,4046.21917827376,3933.597769628812,3951.54345703125,483699.0,DIVISLAB,-0.01587207004892144,False
2021-05-12,3956.6846702622456,3999.608816686751,3923.800503663837,3939.757568359375,567640.0,DIVISLAB,-0.002982603835699593,False
2021-05-13,3956.6846702622456,3999.608816686751,3923.800503663837,3939.757568359375,567640.0,DIVISLAB,0.0,False
2021-05-14,3967.452042190716,3984.912711325051,3886.4539381508807,3900.0830078125,481350.0,DIVISLAB,-0.010070305052652384,False
2021-05-17,3899.549419025923,3945.1411659647833,3899.549419025923,3922.102783203125,305324.0,DIVISLAB,0.00564597608474382,False
2021-05-18,3938.3509915818368,3952.756138584197,3897.609429599956,3903.381103515625,404311.0,DIVISLAB,-0.004773378139827922,False
2021-05-19,3914.099773691036,3937.380664538269,3882.08854877609,3918.6103515625,545721.0,DIVISLAB,0.003901552946792286,False
2021-05-20,3928.310516031013,3937.380457343151,3845.566543626048,3919.725830078125,382877.0,DIVISLAB,0.0002846617590290812,False
2021-05-21,3920.6960252051977,3986.852508516708,3920.6960252051977,3957.654296875,426797.0,DIVISLAB,0.00967630605840597,False
2021-05-24,3969.53755148782,4040.204854782456,3950.3310047838154,3974.4365234375,591556.0,DIVISLAB,0.0042404478268229795,False
2021-05-25,3993.8372084193297,4013.528773424327,3962.65037144414,3975.06689453125,235870.0,DIVISLAB,0.00015860640622444855,False
2021-05-26,3985.640460869178,3996.5533796850655,3933.5009598599368,3975.794677734375,344734.0,DIVISLAB,0.00018308703285629946,False
2021-05-27,3977.152406486724,4002.373372966884,3935.683317370308,3956.9755859375,781730.0,DIVISLAB,-0.004733416416664471,False
2021-05-28,3969.392104212806,4023.374578055302,3956.345151626372,3996.795654296875,483595.0,DIVISLAB,0.010063258540408793,False
2021-05-31,4064.4560326834094,4155.833730086237,3986.853053539096,4068.336181640625,3090619.0,DIVISLAB,0.017899470859071398,False
2021-06-01,4079.006639657563,4100.4445576306725,4030.553089519185,4093.654296875,652655.0,DIVISLAB,0.006223211186093591,False
2021-06-02,4089.579958924253,4127.993528861341,4075.126498589236,4087.9794921875,603352.0,DIVISLAB,-0.00138624423948841,False
2021-06-03,4104.227367469408,4116.83785099035,4081.9165120092816,4105.3916015625,382915.0,DIVISLAB,0.004259343621531464,False
2021-06-04,4106.749117738043,4149.721571351948,4091.1797382576,4133.91015625,389667.0,DIVISLAB,0.006946610081397742,False
2021-06-07,4136.383971945569,4170.189862607813,4093.556924913927,4103.208984375,429298.0,DIVISLAB,-0.0074266664524828,False
2021-06-08,4103.208664539403,4131.485151576981,4075.901740961279,4114.12158203125,366017.0,DIVISLAB,0.0026595276277190383,False
2021-06-09,4122.658110574939,4185.710528736674,4103.451563426063,4139.58544921875,480787.0,DIVISLAB,0.006189381300425234,False
2021-06-10,4146.9087123793215,4292.414281234736,4146.9087123793215,4241.53564453125,1275478.0,DIVISLAB,0.024628117129878557,False
2021-06-11,4241.001876748327,4265.252802393045,4195.410136536257,4204.62548828125,574413.0,DIVISLAB,-0.00870207381083532,False
2021-06-14,4204.771400439464,4277.863793777623,4181.830116774451,4256.5712890625,540274.0,DIVISLAB,0.012354441775142222,False
2021-06-15,4266.223201163439,4283.053439718133,4167.473613025258,4183.818359375,798680.0,DIVISLAB,-0.017091909132226357,False
2021-06-16,4190.172474182389,4200.503274868714,4154.52360971696,4171.8388671875,358040.0,DIVISLAB,-0.002863291653342648,False
2021-06-17,4171.838498453684,4194.876878214791,4143.028208828909,4173.43896484375,205565.0,DIVISLAB,0.0003835473294127034,False
2021-06-18,4173.585466527145,4233.194447833713,4022.259648333483,4071.537353515625,1586031.0,DIVISLAB,-0.024416700995635643,False
2021-06-21,4064.456213153909,4111.842629128162,4037.295169247392,4102.384765625,294121.0,DIVISLAB,0.007576354932059992,False
2021-06-22,4107.912891410732,4168.976915867049,4092.538182409537,4160.24658203125,377841.0,DIVISLAB,0.01410443430150421,False
2021-06-23,4171.159749426172,4181.054317827052,4094.769323782611,4098.01904296875,268303.0,DIVISLAB,-0.014957656435863775,False
2021-06-24,4108.107393382232,4132.067500815824,4069.354219183803,4122.99755859375,389303.0,DIVISLAB,0.006095265874339395,False
2021-06-25,4127.16794795586,4160.488814609996,4113.199509477741,4121.44482421875,215936.0,DIVISLAB,-0.00037660327296662466,False
2021-06-28,4123.627672862873,4218.691307758323,4123.627672862873,4185.1279296875,475081.0,DIVISLAB,0.015451645766195954,False
2021-06-29,4187.262175873324,4238.577042940034,4171.159465532016,4225.626953125,374334.0,DIVISLAB,0.009676890197362287,False
2021-06-30,4238.092543654831,4299.204887497874,4224.560335200623,4276.16650390625,636015.0,DIVISLAB,0.011960249056977013,False
2021-07-01,4284.653575052557,4320.447846842514,4280.628016095513,4302.79345703125,321217.0,DIVISLAB,0.006226827954588954,False
2021-07-02,4302.794177258679,4394.365593777703,4298.234812979737,4384.228515625,660211.0,DIVISLAB,0.018926090551866004,False
2021-07-05,4398.147663430911,4445.727787797491,4381.899544030279,4423.3203125,419343.0,DIVISLAB,0.008916459699963353,False
2021-07-06,4428.218921852771,4444.70955091553,4376.904059087654,4388.6416015625,262654.0,DIVISLAB,-0.007839972800409711,False
2021-07-07,4365.166831087747,4429.237590337013,4350.616274984121,4416.14208984375,337061.0,DIVISLAB,0.006266287106119428,False
2021-07-08,4397.1783748077405,4423.369377702029,4365.167149048055,4375.3525390625,207589.0,DIVISLAB,-0.009236467022892603,False
2021-07-09,4379.717550163022,4486.421632226795,4375.643204842032,4461.8798828125,530967.0,DIVISLAB,0.019776085007435773,False
2021-07-12,4471.871101198583,4485.403308416381,4438.5502315603335,4451.2578125,205249.0,DIVISLAB,-0.002380626684599263,False
2021-07-13,4462.171015319314,4480.359212392626,4430.062690022367,4468.03955078125,233256.0,DIVISLAB,0.003770111502893414,False
2021-07-14,4471.386083309024,4521.973424145507,4447.765584819519,4484.67578125,365170.0,DIVISLAB,0.003723384781999295,False
2021-07-15,4487.391837214848,4513.000723138024,4460.133698683158,4469.251953125,289805.0,DIVISLAB,-0.003439229250302933,False
2021-07-16,4486.421332951543,4629.01677856103,4481.5711477267305,4615.04833984375,1156272.0,DIVISLAB,0.03262210057698933,False
2021-07-19,4607.628137465481,4687.898711407822,4593.659223623032,4663.4052734375,493155.0,DIVISLAB,0.010478099043137457,False
2021-07-20,4662.968695276343,4702.740219409135,4620.28705962164,4644.392578125,361369.0,DIVISLAB,-0.004076998287237732,False
2021-07-21,4662.968695276343,4702.740219409135,4620.28705962164,4644.392578125,361369.0,DIVISLAB,0.0,False
2021-07-22,4644.392362011609,4710.888217732711,4626.49498752427,4698.13232421875,384993.0,DIVISLAB,0.01157088794493033,False
2021-07-23,4698.326406765592,4704.679960344448,4657.82735762242,4680.1865234375,177874.0,DIVISLAB,-0.003819773378612612,False
2021-07-26,4680.1867553404445,4792.613966676673,4680.1867553404445,4773.6982421875,619955.0,DIVISLAB,0.019980340159887033,False
2021-07-27,4782.283182137756,4796.591230197904,4529.491404392331,4647.8359375,935854.0,DIVISLAB,-0.026365785665963037,False
2021-07-28,4658.7002128318245,4766.713937293949,4625.379344134041,4744.0634765625,956834.0,DIVISLAB,0.020703729726367914,False
2021-07-29,4761.815037442851,4786.550983555098,4679.653179056648,4698.66552734375,658995.0,DIVISLAB,-0.009569422804528882,False
2021-07-30,4733.733231284022,4792.905500580067,4716.563383355761,4759.099609375,659061.0,DIVISLAB,0.0128619672286856,False
2021-08-02,4746.87615832994,4813.46910503623,4746.87615832994,4781.26416015625,359231.0,DIVISLAB,0.004657299195332643,False
2021-08-03,4782.865234218288,4869.489361667876,4753.182002898568,4856.83056640625,530586.0,DIVISLAB,0.01580469175489574,False
2021-08-04,4866.676788156412,4894.032027532298,4806.09777361721,4815.50732421875,381205.0,DIVISLAB,-0.008508273373447506,False
2021-08-05,4850.185403181258,4869.586144793983,4769.187306948132,4776.02587890625,413085.0,DIVISLAB,-0.008198813261883098,False
2021-08-06,4801.683899869368,4810.414234232767,4737.66144787111,4768.70263671875,314260.0,DIVISLAB,-0.001533333858144248,False
2021-08-09,4830.784996407838,4840.291170996614,4686.249461374752,4758.71142578125,955464.0,DIVISLAB,-0.002095163338675876,False
2021-08-10,4783.156216460786,4822.636918984806,4748.331976572195,4806.58251953125,356348.0,DIVISLAB,0.010059675711926674,False
2021-08-11,4806.049182192698,4810.3660370806265,4695.755765965674,4771.7099609375,354008.0,DIVISLAB,-0.0072551669407624475,False
2021-08-12,4782.234478623404,4782.234478623404,4726.020640534351,4761.7666015625,200081.0,DIVISLAB,-0.0020838147029889065,False
2021-08-13,4753.229683603497,4823.994073274055,4714.913221529432,4800.42236328125,314044.0,DIVISLAB,0.008117945492344347,False
2021-08-16,4797.366925429911,4805.903536340666,4724.080809923204,4752.16357421875,225012.0,DIVISLAB,-0.010053029798301694,False
2021-08-17,4766.335120635564,4811.626748940367,4748.315870664836,4780.79931640625,356466.0,DIVISLAB,0.006025832600303094,False
2021-08-18,4784.208250328386,4869.141941200627,4774.614122344705,4782.8447265625,506142.0,DIVISLAB,0.00042783853093997237,False
2021-08-19,4784.208250328386,4869.141941200627,4774.614122344705,4782.8447265625,506142.0,DIVISLAB,0.0,False
2021-08-20,4734.972090787275,4787.666321302375,4633.382663244939,4693.4794921875,549942.0,DIVISLAB,-0.01868453597891062,False
2021-08-23,4722.991259288152,4761.659783819596,4663.576438331959,4747.974609375,410817.0,DIVISLAB,0.011610813955448052,False
2021-08-24,4762.926126078005,4784.500430487642,4668.300807464718,4736.82275390625,425873.0,DIVISLAB,-0.002348760552916662,False
2021-08-25,4737.0664595088765,4748.316125939463,4692.894849249574,4730.296875,345800.0,DIVISLAB,-0.001377691175138085,False
2021-08-26,4728.835586732355,4750.458876871626,4703.511235495477,4720.75146484375,281990.0,DIVISLAB,-0.0020179304615527416,False
2021-08-27,4720.703009559425,4805.831704708175,4698.982696101264,4783.0888671875,349435.0,DIVISLAB,0.013204974421548554,False
2021-08-30,4804.419076581564,5000.536789572507,4801.88654636761,4971.6083984375,866739.0,DIVISLAB,0.0394137630482394,False
2021-08-31,5006.429301857679,5083.376367002962,4977.257407809263,5039.15625,896587.0,DIVISLAB,0.0135867200610027,False
2021-09-01,5041.493807570831,5134.658102462788,5016.169456914563,5067.451171875,581886.0,DIVISLAB,0.005615011813733695,False
2021-09-02,5079.432078830754,5107.921974753316,5019.2867429942335,5031.3154296875,414878.0,DIVISLAB,-0.007130950247346779,False
2021-09-03,5048.312237228777,5127.742852113501,5002.874600171575,5072.95458984375,547010.0,DIVISLAB,0.00827599873992324,False
2021-09-06,5102.808834998854,5111.1849716408,5048.507575787471,5069.83837890625,271793.0,DIVISLAB,-0.0006142792887874338,False
2021-09-07,5085.276639071346,5098.912829857253,5045.390590785532,5074.70849609375,285728.0,DIVISLAB,0.000960606004278608,False
2021-09-08,5087.272580986198,5087.272580986198,4916.8687265631725,4952.9072265625,670825.0,DIVISLAB,-0.024001628788137608,False
2021-09-09,4952.079898093193,4952.079898093193,4903.866227203204,4923.541015625,373656.0,DIVISLAB,-0.005929085604512996,False
2021-09-10,4952.079898093193,4952.079898093193,4903.866227203204,4923.541015625,373656.0,DIVISLAB,0.0,False
2021-09-13,4927.534852402759,4963.573355968463,4871.042063029491,4953.05419921875,351984.0,DIVISLAB,0.005994300341987335,False
2021-09-14,4991.819538974184,5056.493944809406,4940.001826888685,4962.453125,521157.0,DIVISLAB,0.0018976020457706078,False
2021-09-15,4989.822877341858,5030.779956645387,4957.826437290956,5024.83837890625,336784.0,DIVISLAB,0.012571454547744443,False
2021-09-16,5022.988219691318,5039.594961613627,4991.917280447191,5032.630859375,289942.0,DIVISLAB,0.0015507922605952906,False
2021-09-17,5043.442499609684,5063.555785645463,4928.070396649829,4989.6767578125,401270.0,DIVISLAB,-0.00853511866114387,False
2021-09-20,4967.469496158085,5099.545839056807,4947.64822373627,4977.30712890625,451356.0,DIVISLAB,-0.002479044135851538,False
2021-09-21,4986.462191706747,5053.620613825426,4947.988657851406,5044.8544921875,340766.0,DIVISLAB,0.013571065946274663,False
2021-09-22,5043.831552031569,5052.354170391017,4992.695841874884,5006.33203125,199338.0,DIVISLAB,-0.007635990492323663,False
2021-09-23,5035.503692128017,5088.928426703366,5007.987811277409,5076.65576171875,258292.0,DIVISLAB,0.01404695693968816,False
2021-09-24,5099.302082079328,5117.467340195425,4959.677140516769,4975.796875,350328.0,DIVISLAB,-0.0198671904207669,False
2021-09-27,4986.95015235805,5000.440337244185,4797.017480539726,4804.37109375,553003.0,DIVISLAB,-0.034451925099936886,False
2021-09-28,4835.976933544021,4835.976933544021,4578.8373745398685,4659.72900390625,1028992.0,DIVISLAB,-0.030106352532158653,False
2021-09-29,4664.551124028685,4786.5948377049535,4628.610117356292,4681.5478515625,877223.0,DIVISLAB,0.004682428449800158,False
2021-09-30,4672.343010161647,4718.949653755503,4641.759079739387,4673.9990234375,541396.0,DIVISLAB,-0.001612464160220095,False
2021-10-01,4675.265137851069,4747.342142059607,4655.784866443357,4706.7255859375,362529.0,DIVISLAB,0.00700183340559013,False
2021-10-04,4762.9262446275225,5177.369008858404,4762.9262446275225,5085.03271484375,2888637.0,DIVISLAB,0.08037586258194773,False
2021-10-05,5114.058284095957,5117.808331484496,5013.345375390926,5082.2568359375,575663.0,DIVISLAB,-0.0005458920447348747,False
2021-10-06,5089.221028562346,5091.997062423714,4984.855567085559,5003.0693359375,304090.0,DIVISLAB,-0.015581168476187957,False
2021-10-07,5016.169710787817,5027.906383660506,4930.651512557424,4965.375,314433.0,DIVISLAB,-0.00753424216345322,False
2021-10-08,4989.871338420042,4997.663446697879,4891.787985235746,4939.5146484375,314249.0,DIVISLAB,-0.005208136658862661,False
2021-10-11,4971.365350272658,5088.198470322619,4928.995759219198,5009.400390625,386696.0,DIVISLAB,0.014148301434758759,False
2021-10-12,5050.45510299081,5151.557516306953,4968.442974226086,5090.09716796875,505001.0,DIVISLAB,0.016109069160207712,False
2021-10-13,5162.2716981153135,5194.073144684251,5081.964092499125,5112.49951171875,363526.0,DIVISLAB,0.00440116229823162,False
2021-10-14,5112.5001802636925,5248.959588491826,5090.390355643608,5232.54736328125,549795.0,DIVISLAB,0.02348124460204426,False
2021-10-15,5112.5001802636925,5248.959588491826,5090.390355643608,5232.54736328125,549795.0,DIVISLAB,0.0,False
2021-10-18,5243.115158181363,5284.121225463993,5176.443737667998,5204.203125,544942.0,DIVISLAB,-0.005416910027447042,False
2021-10-19,5205.128342421503,5249.932965129472,5033.458456502381,5057.17578125,388226.0,DIVISLAB,-0.028251653561274126,False
2021-10-20,5047.436246617793,5154.480251970079,4956.950473367451,4983.443359375,623004.0,DIVISLAB,-0.014579762512580752,False
2021-10-21,5033.263697257044,5083.376886306191,4921.349631763068,5058.685546875,435607.0,DIVISLAB,0.015098433367051856,False
2021-10-22,5102.856791362501,5102.856791362501,4918.768237522549,4941.56005859375,372979.0,DIVISLAB,-0.023153344321550917,False
2021-10-25,4920.7168083211145,4938.249053481403,4748.170390653788,4866.12353515625,588823.0,DIVISLAB,-0.01526573036511214,False
2021-10-26,4865.197247572092,4942.144311147306,4842.892434388413,4888.47607421875,334367.0,DIVISLAB,0.0045935001240740014,False
2021-10-27,4877.713707827902,5091.168675905229,4870.262599508362,5015.53662109375,624281.0,DIVISLAB,0.02599185205080623,False
2021-10-28,5027.760879784979,5074.903044529172,4970.002061553861,4988.06982421875,410588.0,DIVISLAB,-0.005476342602999562,False
2021-10-29,4981.494932663881,5111.964241266982,4953.151042513992,5016.31591796875,442907.0,DIVISLAB,0.005662730223393364,False
2021-11-01,5041.104682190164,5147.710181102151,5017.143853467439,5092.337890625,307144.0,DIVISLAB,0.015154941175840708,False
2021-11-02,5094.09071052737,5139.723339066185,5056.883203819581,5070.1298828125,314359.0,DIVISLAB,-0.004361063285565736,False
2021-11-03,5049.286273132956,5075.925639001889,4961.673563554053,5006.57568359375,674471.0,DIVISLAB,-0.012535023892424446,False
2021-11-04,5039.545967283594,5089.220656949513,5035.747409662943,5072.7109375,36424.0,DIVISLAB,0.013209678248342627,False
2021-11-05,5039.545967283594,5089.220656949513,5035.747409662943,5072.7109375,36424.0,DIVISLAB,0.0,False
2021-11-08,4892.665358445614,4909.028596864797,4624.421629642864,4769.45263671875,2670018.0,DIVISLAB,-0.059782294815857506,False
2021-11-09,4838.899517980896,4960.894720200523,4787.715294033164,4822.63330078125,1441073.0,DIVISLAB,0.011150265683125937,False
2021-11-10,4799.938891861591,4818.299142846904,4739.550050283787,4778.26708984375,454790.0,DIVISLAB,-0.00919958208937699,False
2021-11-11,4772.666281827057,4772.666281827057,4689.875132040262,4707.65087890625,341815.0,DIVISLAB,-0.014778623632738186,False
2021-11-12,4768.234939365614,4768.234939365614,4685.005289260131,4717.9267578125,356046.0,DIVISLAB,0.002182803944169587,False
2021-11-15,4741.49813225068,4798.964933771385,4726.692935520183,4780.11767578125,292784.0,DIVISLAB,0.01318183201249723,False
2021-11-16,4787.276889252248,4787.276889252248,4716.17389578014,4726.49853515625,268910.0,DIVISLAB,-0.011217117289112899,False
2021-11-17,4719.0952977876495,4720.507807566823,4633.382111780361,4640.05419921875,372272.0,DIVISLAB,-0.01828929709689253,False
2021-11-18,4600.996425688678,4684.323093184958,4550.396232421329,4661.2392578125,631764.0,DIVISLAB,0.004565692055346515,False
2021-11-19,4600.996425688678,4684.323093184958,4550.396232421329,4661.2392578125,631764.0,DIVISLAB,0.0,False
2021-11-22,4675.26480243609,4712.569329268516,4545.1854896803225,4557.55517578125,456467.0,DIVISLAB,-0.02224388757935336,False
2021-11-23,4557.555409534477,4699.615380988142,4514.552806400008,4639.5185546875,507851.0,DIVISLAB,0.01798406727839552,False
2021-11-24,4664.453131414497,4664.453131414497,4533.545812795811,4561.01318359375,322715.0,DIVISLAB,-0.016921016732314387,False
2021-11-25,4555.461156216842,4690.800522775499,4534.617362358859,4675.06982421875,311013.0,DIVISLAB,0.025006864929763672,False
2021-11-26,4646.044604293213,4945.74876198118,4633.138924836842,4809.48388671875,1570555.0,DIVISLAB,0.028751241704173314,False
2021-11-29,4836.513029724423,4860.327852424738,4685.102901320565,4793.4619140625,551230.0,DIVISLAB,-0.0033313288979913702,False
2021-11-30,4801.886773550504,4821.075030610839,4714.371561473878,4752.01708984375,864073.0,DIVISLAB,-0.00864611526320136,False
2021-12-01,4753.527765987671,4848.445113901475,4602.214645436643,4628.7080078125,603122.0,DIVISLAB,-0.025948787577972365,False
2021-12-02,4651.888269618179,4699.517432536598,4630.55747003303,4653.154296875,289153.0,DIVISLAB,0.005281449817365669,False
2021-12-03,4672.635199292778,4672.684185327762,4591.110547266118,4633.43115234375,300986.0,DIVISLAB,-0.004238661190430704,False
2021-12-06,4650.915125454913,4650.915125454913,4514.553216017492,4526.04638671875,406673.0,DIVISLAB,-0.023176078826741886,False
2021-12-07,4531.209022215238,4545.429716705143,4480.706319055195,4504.6181640625,404320.0,DIVISLAB,-0.004734424003945081,False
2021-12-08,4529.163302738285,4530.137316351777,4465.852417861299,4485.2841796875,637075.0,DIVISLAB,-0.004292036232781071,False
2021-12-09,4519.422590737342,4519.422590737342,4398.498911148941,4458.01123046875,710302.0,DIVISLAB,-0.006080539855704337,False
2021-12-10,4431.761851772795,4449.050593062679,4373.321036145022,4389.34375,784691.0,DIVISLAB,-0.015403164532075353,False
2021-12-13,4422.995537201537,4471.501221827461,4373.320846076834,4412.6708984375,531695.0,DIVISLAB,0.005314495689133558,False
2021-12-14,4402.541399891379,4540.851328826019,4384.03514179449,4533.44873046875,883708.0,DIVISLAB,0.02737068655494257,False
2021-12-15,4532.913435968973,4532.913435968973,4417.1518206983055,4469.45654296875,1210492.0,DIVISLAB,-0.014115564398008207,False
2021-12-16,4497.994734591358,4516.8905030179,4453.190109690708,4481.875,835422.0,DIVISLAB,0.0027785161152951154,False
2021-12-17,4488.254690484823,4504.812921764824,4385.1552553081865,4394.2138671875,424694.0,DIVISLAB,-0.019559031167201257,False
2021-12-20,4373.320749856067,4381.112858096345,4242.802936831409,4293.89013671875,404674.0,DIVISLAB,-0.02283087111846971,False
2021-12-21,4332.656002566367,4332.656002566367,4247.673315841494,4291.2119140625,825709.0,DIVISLAB,-0.0006237287333803465,False
2021-12-22,4314.880315187767,4464.878411923414,4271.049702505273,4444.9111328125,843170.0,DIVISLAB,0.035817205448726686,False
2021-12-23,4441.453221794695,4451.2418676122725,4354.863037812839,4362.11962890625,703933.0,DIVISLAB,-0.01862613254404122,False
2021-12-24,4397.671552535098,4397.671552535098,4324.620530067738,4331.68212890625,295431.0,DIVISLAB,-0.006977685755865437,False
2021-12-27,4334.360701111241,4374.295260379906,4316.68244865107,4356.9580078125,242523.0,DIVISLAB,0.005835118587667942,False
2021-12-28,4378.726551419161,4417.736080583209,4359.879769154274,4407.75244140625,403732.0,DIVISLAB,0.011658233451566469,False
2021-12-29,4412.0867287047495,4505.592036713582,4399.863047946881,4501.50146484375,701459.0,DIVISLAB,0.02126912177662832,False
2021-12-30,4521.566375923614,4536.371098112413,4490.202946020227,4507.6376953125,434083.0,DIVISLAB,0.0013631519431178685,False
2021-12-31,4528.188985251364,4568.12354072465,4509.682727836915,4556.63037109375,293933.0,DIVISLAB,0.010868814020301043,False
2022-01-03,4567.149873605886,4586.386642640588,4521.371233371406,4530.380859375,203444.0,DIVISLAB,-0.005760728780036861,False
2022-01-04,4531.208549735942,4558.334922333676,4489.228470439531,4501.5986328125,259508.0,DIVISLAB,-0.006353158256648395,False
2022-01-05,4499.845528715393,4509.878154581675,4423.9699611363085,4439.99267578125,510511.0,DIVISLAB,-0.013685350928934303,False
2022-01-06,4417.151290562891,4438.579587893074,4353.840412087347,4372.49267578125,447726.0,DIVISLAB,-0.01520272778110443,False
2022-01-07,4383.060932074781,4431.5666161527215,4354.32753263118,4399.3271484375,269479.0,DIVISLAB,0.006137110944721025,False
2022-01-10,4402.541236248843,4416.712943132933,4346.243443420559,4349.74951171875,361423.0,DIVISLAB,-0.011269368029690252,False
2022-01-11,4358.710591710565,4421.875464901126,4319.019539953647,4399.1806640625,476123.0,DIVISLAB,0.011364137684383158,False
2022-01-12,4413.303538253226,4420.07312209944,4350.966676240365,4376.14501953125,496883.0,DIVISLAB,-0.0052363488318247775,False
2022-01-13,4376.242687190001,4499.114395986255,4349.944322499565,4470.7705078125,646137.0,DIVISLAB,0.02162302388493198,False
2022-01-14,4470.722490392972,4515.527116658348,4440.528068344566,4496.63134765625,399974.0,DIVISLAB,0.00578442570437443,False
2022-01-17,4495.072235379745,4546.694950108917,4442.475507165117,4510.0234375,315394.0,DIVISLAB,0.002978249451276449,False
2022-01-18,4514.553328049098,4519.764396264721,4394.798157945034,4409.505859375,340707.0,DIVISLAB,-0.022287595512079816,False
2022-01-19,4431.761428712136,4431.761428712136,4348.970281142788,4365.04150390625,365211.0,DIVISLAB,-0.010083750172190986,False
2022-01-20,4379.165111293954,4379.165111293954,4199.946610297939,4217.2353515625,805433.0,DIVISLAB,-0.03386133951108583,False
2022-01-21,4215.823015226516,4215.823015226516,4030.27341823906,4070.79248046875,1172704.0,DIVISLAB,-0.03472485144550741,False
2022-01-24,4080.1426448410593,4081.1166583633417,3690.488487692723,3951.183349609375,1397434.0,DIVISLAB,-0.02938227174026864,False
2022-01-25,3896.054167239706,3990.484970355199,3828.798484618476,3943.9755859375,561610.0,DIVISLAB,-0.0018242037977275194,False
2022-01-26,3896.054167239706,3990.484970355199,3828.798484618476,3943.9755859375,561610.0,DIVISLAB,0.0,False
2022-01-27,3924.251997298518,3939.4954526264896,3818.133264459097,3837.467529296875,864770.0,DIVISLAB,-0.02700525252245134,False
2022-01-28,3838.5874176411817,3964.235166150624,3828.019275458116,3838.295166015625,492149.0,DIVISLAB,0.00021567263108579482,False
2022-01-31,3915.534594824323,4002.1732930736944,3892.012261966466,3931.21630859375,454611.0,DIVISLAB,0.0242089621978141,False
2022-02-01,3949.673894767586,4016.832084903305,3927.807337014992,4001.5888671875,309874.0,DIVISLAB,0.017900963231128664,False
2022-02-02,4032.416011260561,4124.94729654311,4017.805808321211,4109.99609375,346003.0,DIVISLAB,0.027091045622258836,False
2022-02-03,4139.557910431963,4162.934237455579,4093.779270010716,4151.6845703125,504989.0,DIVISLAB,0.010143191285727715,False
2022-02-04,4159.037647510962,4260.919554790978,4122.463630800893,4192.64111328125,964227.0,DIVISLAB,0.009865042075117847,False
2022-02-07,4192.641515417438,4232.917072648281,4069.7697956515512,4092.318115234375,380821.0,DIVISLAB,-0.023928353354423004,False
2022-02-08,4092.318058993049,4176.959744030788,4059.93210743729,4166.3916015625,436195.0,DIVISLAB,0.018100617850888234,False
2022-02-09,4168.778196747972,4244.215740101388,4167.609190194096,4216.943359375,280094.0,DIVISLAB,0.012133222857290127,False
2022-02-10,4221.862150350442,4248.59901518135,4188.307189994686,4201.6513671875,559595.0,DIVISLAB,-0.003626321457105508,False
2022-02-11,4201.651145732823,4357.736824342776,4129.86615353914,4179.73583984375,2585446.0,DIVISLAB,-0.005215931886899949,False
2022-02-14,4129.281886669412,4241.828960823473,4083.1132644633344,4166.732421875,1147299.0,DIVISLAB,-0.003111062150098931,False
2022-02-15,4168.778547319758,4233.063450152259,4168.778547319758,4213.38818359375,371572.0,DIVISLAB,0.011197206106591029,False
2022-02-16,4227.218993185835,4381.1131408640285,4199.995123027251,4349.11669921875,1373620.0,DIVISLAB,0.032213627064675565,False
2022-02-17,4349.603515993883,4402.687254487859,4310.009960290739,4326.76318359375,601590.0,DIVISLAB,-0.005139782896378842,False
2022-02-18,4317.510067944629,4326.763196700967,4212.608618017325,4240.2705078125,580486.0,DIVISLAB,-0.019990157101551942,False
2022-02-21,4232.088764382242,4232.088764382242,4140.0444863076455,4147.6416015625,284980.0,DIVISLAB,-0.021845046460912232,False
2022-02-22,4042.156184591772,4134.882463689788,4028.227981228872,4115.01220703125,430407.0,DIVISLAB,-0.007866975420190103,False
2022-02-23,4122.025739390048,4147.9831078714205,4064.7049413501895,4072.935546875,379328.0,DIVISLAB,-0.010225160470813233,False
2022-02-24,3993.455804384354,4023.552729840344,3814.821803277483,3834.3505859375,723045.0,DIVISLAB,-0.058578133189600035,False
2022-02-25,3944.706380196864,4049.851102048653,3878.4247063437488,4030.809326171875,450834.0,DIVISLAB,0.05123650950304026,False
2022-02-28,4012.9359979484175,4173.063737311145,3972.709189050502,4154.16796875,611670.0,DIVISLAB,0.030603938960139576,False
2022-03-01,4012.9359979484175,4173.063737311145,3972.709189050502,4154.16796875,611670.0,DIVISLAB,0.0,False
2022-03-02,4120.077381707472,4198.826473589826,4027.8381068256017,4052.77294921875,576094.0,DIVISLAB,-0.024408021123363488,False
2022-03-03,4090.857253982759,4116.960629080659,4035.630490816954,4052.335205078125,421554.0,DIVISLAB,-0.00010801102013602293,False
2022-03-04,3993.4555322354527,4049.753324867508,3957.417031090889,3988.293212890625,429937.0,DIVISLAB,-0.015803725246432365,False
2022-03-07,3944.755049054895,3988.5369124721847,3870.778764274469,3969.056640625,540735.0,DIVISLAB,-0.004823259283808445,False
2022-03-08,3964.137615947268,4066.5065342390776,3960.339058255351,4056.035888671875,414138.0,DIVISLAB,0.021914337819371132,False
2022-03-09,4071.376247299435,4168.388082664593,4042.155843610683,4124.021484375,385251.0,DIVISLAB,0.016761586329401723,False
2022-03-10,4156.60280830127,4221.374709121898,4141.749101722103,4189.134765625,414284.0,DIVISLAB,0.015788783229355063,False
2022-03-11,4186.310211744203,4239.880956659496,4139.55756163631,4226.63427734375,352915.0,DIVISLAB,0.008951612640028195,False
2022-03-14,4227.218865984583,4290.0427408361975,4212.70615900559,4279.62060546875,492612.0,DIVISLAB,0.012536293572648516,False
2022-03-15,4251.667283553621,4361.828327794046,4251.667283553621,4272.267578125,403394.0,DIVISLAB,-0.0017181493458447994,False
2022-03-16,4307.087841489082,4341.373308076262,4256.439137789979,4287.85107421875,227588.0,DIVISLAB,0.003647593651095571,False
2022-03-17,4324.571476598755,4402.443571415223,4316.19486528914,4387.2978515625,438327.0,DIVISLAB,0.023192684545805697,False
2022-03-18,4324.571476598755,4402.443571415223,4316.19486528914,4387.2978515625,438327.0,DIVISLAB,0.0,False
2022-03-21,4407.411183489657,4424.407909671842,4312.444865171371,4340.44775390625,356749.0,DIVISLAB,-0.010678576937639406,False
2022-03-22,4340.448337546361,4376.9738495032725,4295.4002061328365,4332.9482421875,292831.0,DIVISLAB,-0.0017278198342557394,False
2022-03-23,4348.971006908887,4454.992489284303,4344.34444200792,4435.2197265625,574783.0,DIVISLAB,0.02360320932967519,False
2022-03-24,4425.9177635563465,4431.713334667751,4350.675213548704,4377.85009765625,467266.0,DIVISLAB,-0.012935013921106076,False
2022-03-25,4385.009480603094,4402.541726416256,4305.140360787577,4338.40283203125,270912.0,DIVISLAB,-0.009010647862547572,False
2022-03-28,4317.801519696755,4343.077358351557,4260.821734246211,4301.77880859375,316896.0,DIVISLAB,-0.00844182176147823,False
2022-03-29,4295.399517477602,4459.6667984639935,4295.399517477602,4443.06005859375,589480.0,DIVISLAB,0.03284251847578945,False
2022-03-30,4459.034736219363,4504.813380300252,4388.857239094116,4420.65869140625,360504.0,DIVISLAB,-0.005041878095744301,False
2022-03-31,4412.280974173297,4435.218800921234,4276.552103392312,4287.65576171875,611205.0,DIVISLAB,-0.030086676889590547,False
2022-04-01,4310.010322615458,4327.688574921905,4222.446592196547,4265.8876953125,348173.0,DIVISLAB,-0.005076915595836895,False
2022-04-04,4265.887525268679,4387.931238285175,4265.108029038412,4380.7236328125,334083.0,DIVISLAB,0.026919587598657424,False
2022-04-05,4383.06106755097,4399.473291333534,4324.620253316956,4345.26953125,336772.0,DIVISLAB,-0.008093206633018712,False
2022-04-06,4345.07489728552,4409.359798254101,4259.264199510452,4272.900390625,532706.0,DIVISLAB,-0.016654695434780487,False
2022-04-07,4272.90025060626,4353.840877473786,4272.90025060626,4332.85107421875,387968.0,DIVISLAB,0.014030442583048641,False
2022-04-08,4334.262701730189,4410.43074983223,4297.347684149409,4388.8564453125,241609.0,DIVISLAB,0.012925754920817045,False
2022-04-11,4384.035159222107,4402.541417392562,4326.129861183311,4386.76220703125,231619.0,DIVISLAB,-0.0004771717433333933,False
2022-04-12,4365.236452799469,4417.346174567345,4320.821342491895,4357.15185546875,378104.0,DIVISLAB,-0.0067499331317844025,False
2022-04-13,4354.8141977656,4402.979353799856,4315.025652640673,4382.330078125,306254.0,DIVISLAB,0.005778596544586456,False
2022-04-14,4354.8141977656,4402.979353799856,4315.025652640673,4382.330078125,306254.0,DIVISLAB,0.0,False
2022-04-15,4354.8141977656,4402.979353799856,4315.025652640673,4382.330078125,306254.0,DIVISLAB,0.0,False
2022-04-18,4373.320985929096,4449.489038326403,4334.603946020258,4407.31396484375,439474.0,DIVISLAB,0.0057010508732466825,False
2022-04-19,4408.385730020554,4460.008452886459,4235.741812511463,4296.763671875,421066.0,DIVISLAB,-0.025083371380071218,False
2022-04-20,4360.659055813858,4370.496688672766,4269.393787727868,4339.86376953125,390369.0,DIVISLAB,0.0100308280714545,False
2022-04-21,4326.276252396086,4431.761731504544,4317.850654564341,4411.35595703125,377100.0,DIVISLAB,0.016473371353709965,False
2022-04-22,4411.307353836255,4411.307353836255,4328.564712791464,4375.755859375,395984.0,DIVISLAB,-0.00807010316170631,False
2022-04-25,4324.620470699085,4358.662436938582,4271.04972162511,4295.49755859375,271185.0,DIVISLAB,-0.018341585627840162,False
2022-04-26,4300.367436724481,4411.112495017012,4300.367436724481,4402.15185546875,244626.0,DIVISLAB,0.024829323127334435,False
2022-04-27,4354.81394023216,4451.241267470582,4289.555042000097,4412.865234375,583807.0,DIVISLAB,0.002433668637064512,False
2022-04-28,4450.998985457358,4520.202466737735,4392.801668452909,4445.98291015625,799337.0,DIVISLAB,0.007504801081001267,False
2022-04-29,4433.709436560447,4499.601354487485,4371.372572777523,4388.3203125,383948.0,DIVISLAB,-0.0129695949852906,False
2022-05-02,4372.151683993625,4435.852548466649,4349.018862969526,4392.4599609375,300278.0,DIVISLAB,0.0009433332443187226,False
2022-05-03,4372.151683993625,4435.852548466649,4349.018862969526,4392.4599609375,300278.0,DIVISLAB,0.0,False
2022-05-04,4383.061350354548,4480.46271369576,4217.479032674487,4231.26123046875,389110.0,DIVISLAB,-0.03669896411175133,False
2022-05-05,4252.396642277156,4314.879508895828,4222.835239462271,4252.34765625,261002.0,DIVISLAB,0.004983484741950983,False
2022-05-06,4163.907716797467,4198.5337065211925,4014.396644393161,4057.59423828125,684913.0,DIVISLAB,-0.045799034724384735,False
2022-05-09,4022.676058386023,4143.45374149495,4017.805990518728,4121.14892578125,262555.0,DIVISLAB,0.015663145146548985,False
2022-05-10,4100.5969615606455,4200.4818588314765,4100.5969615606455,4184.703125,301378.0,DIVISLAB,0.015421475992086764,False
2022-05-11,4157.089393295338,4216.309220657296,4129.817016769502,4182.21875,366780.0,DIVISLAB,-0.0005936801072358167,False
2022-05-12,4175.693387266157,4183.92351601776,4032.464416176618,4123.388671875,481414.0,DIVISLAB,-0.014066714737243191,False
2022-05-13,4202.869066583422,4241.537600260415,4143.502742022327,4169.85009765625,436997.0,DIVISLAB,0.011267777422525382,False
2022-05-16,4179.492311952224,4197.75506675276,4100.597211213903,4108.48681640625,116360.0,DIVISLAB,-0.014715944173746331,False
2022-05-17,4108.4873043025045,4201.5056131328,4093.1465884482936,4191.52197265625,338343.0,DIVISLAB,0.020210642010196844,False
2022-05-18,4163.907866172903,4271.974858223228,4162.836356164851,4253.22509765625,451480.0,DIVISLAB,0.014720935593926399,False
2022-05-19,4169.751998846041,4224.248247091807,4081.116765981059,4090.077880859375,288480.0,DIVISLAB,-0.038358472230114904,False
2022-05-20,4149.297007904739,4212.607877743661,4110.3364726192485,4192.9326171875,396121.0,DIVISLAB,0.02514737844222026,False
2022-05-23,4210.6606880533,4323.451269890428,3773.669592402645,3796.607421875,2180936.0,DIVISLAB,-0.09452219520244609,False
2022-05-24,3792.808808024737,3810.828058910319,3555.1494990473266,3566.54541015625,4971455.0,DIVISLAB,-0.06059673444064728,False
2022-05-25,3590.214042787164,3609.0125523718657,3406.368980232612,3427.894775390625,1567485.0,DIVISLAB,-0.03887533139793975,False
2022-05-26,3457.748440362101,3475.1346790469493,3278.091671069308,3359.080810546875,2436609.0,DIVISLAB,-0.02007470163255176,False
2022-05-27,3413.9175943586824,3446.69305617317,3361.905364359149,3423.365478515625,900885.0,DIVISLAB,0.019137577091598468,False
2022-05-30,3482.098451136005,3518.039456114534,3438.560092886651,3473.8193359375,838443.0,DIVISLAB,0.014738086756588942,False
2022-05-31,3491.838520689886,3533.672354431505,3438.267776299944,3497.974853515625,1013666.0,DIVISLAB,0.006953590628110851,False
2022-06-01,3532.94188364832,3542.7307673369965,3444.1118958838733,3462.76416015625,502863.0,DIVISLAB,-0.010066022436949984,False
2022-06-02,3457.748246054341,3459.6475249964374,3413.9176344846383,3432.764892578125,291231.0,DIVISLAB,-0.00866338745309514,False
2022-06-03,3467.488236391966,3473.8680727007627,3381.872540505181,3387.911376953125,592744.0,DIVISLAB,-0.013066294089052355,False
2022-06-06,3379.827135331478,3433.397882433273,3379.827135331478,3408.70654296875,552885.0,DIVISLAB,0.006138048992983647,False
2022-06-07,3400.3300020711754,3424.4855853208087,3360.444195335229,3410.264892578125,414997.0,DIVISLAB,0.0004571674298539108,False
2022-06-08,3391.709810272297,3428.478820419084,3379.9243894328097,3404.469482421875,342198.0,DIVISLAB,-0.00169940175874983,False
2022-06-09,3384.697113729005,3425.6056831611254,3362.2948018971297,3416.060302734375,600724.0,DIVISLAB,0.003404589282514081,False
2022-06-10,3384.6969439881677,3450.7351074617795,3371.742516758398,3436.368408203125,376643.0,DIVISLAB,0.005944890800813507,False
2022-06-13,3372.0347276108323,3430.4755374481083,3366.190646627105,3383.868896484375,605558.0,DIVISLAB,-0.015277614470388556,False
2022-06-14,3383.8693046977846,3456.774318883196,3366.6780595152904,3434.031005859375,384679.0,DIVISLAB,0.01482389268305151,False
2022-06-15,3433.3977834750663,3496.6111681147204,3428.96597423785,3488.0400390625,410170.0,DIVISLAB,0.015727590435546723,False
2022-06-16,3533.721339585518,3533.721339585518,3441.3848027779945,3472.260986328125,521488.0,DIVISLAB,-0.004523759061726862,False
2022-06-17,3472.212421561098,3472.358428480248,3366.288444254723,3391.466552734375,740538.0,DIVISLAB,-0.023268537103597442,False
2022-06-20,3390.541126938821,3447.9591774643245,3362.343482563322,3441.7255859375,247790.0,DIVISLAB,0.014819262528950272,False
2022-06-21,3448.008105509446,3519.9876146274137,3448.008105509446,3505.9619140625,315204.0,DIVISLAB,0.01866398889773846,False
2022-06-22,3482.0984973374184,3530.799175621858,3453.365097149599,3506.059326171875,450929.0,DIVISLAB,2.778470267572608e-05,False
2022-06-23,3527.536272960945,3592.0646742104486,3511.319041576756,3571.026123046875,392345.0,DIVISLAB,0.018529862398516395,False
2022-06-24,3570.636293938839,3603.8015039540833,3543.753661762418,3585.343994140625,345510.0,DIVISLAB,0.004009455713959831,False
2022-06-27,3608.33065467704,3618.460300372493,3562.065011536341,3577.989990234375,272457.0,DIVISLAB,-0.0020511292412299653,False
2022-06-28,3585.830987958603,3585.830987958603,3489.8419022726803,3519.54931640625,560883.0,DIVISLAB,-0.016333381028910243,False
2022-06-29,3496.708784701816,3506.44892059235,3452.8781731944114,3490.231689453125,404647.0,DIVISLAB,-0.008329937818021715,False
2022-06-30,3468.46238994203,3540.53939551791,3458.7222540533976,3536.058837890625,576558.0,DIVISLAB,0.013130116426362637,False
2022-07-01,3497.049799321468,3554.760104716214,3487.99142534582,3543.023193359375,304397.0,DIVISLAB,0.0019695247698152674,False
2022-07-04,3564.792225186361,3583.834238335377,3501.724845547644,3544.97119140625,199015.0,DIVISLAB,0.0005498123891838347,False
2022-07-05,3574.629859878073,3582.908975357355,3511.5624801976637,3516.23779296875,342952.0,DIVISLAB,-0.00810539688084233,False
2022-07-06,3521.010316537684,3565.571437481939,3506.4488611872875,3550.084716796875,228612.0,DIVISLAB,0.00962589159806182,False
2022-07-07,3573.655967497059,3613.5905258691982,3506.4490277976047,3561.38330078125,284603.0,DIVISLAB,0.003182623764136361,False
2022-07-08,3589.240179230192,3596.0582745503034,3551.5946480455214,3575.896240234375,220051.0,DIVISLAB,0.004075084939591189,False
2022-07-11,3575.896108520596,3649.6288890644014,3539.2731027458717,3637.064208984375,391665.0,DIVISLAB,0.01710563300516532,False
2022-07-12,3613.687770308753,3642.810680362121,3584.369867308183,3591.626220703125,311547.0,DIVISLAB,-0.012493039899875269,False
2022-07-13,3605.798249059227,3688.540654567929,3594.11008617735,3680.6025390625,480781.0,DIVISLAB,0.024773267843544167,False
2022-07-14,3685.6674070831377,3728.4752566013926,3618.5092179303488,3636.77197265625,377282.0,DIVISLAB,-0.011908530177076493,False
2022-07-15,3649.6289119478697,3681.771360331718,3606.285307309044,3630.879150390625,214591.0,DIVISLAB,-0.0016203441705807675,False
2022-07-18,3667.1611335329626,3691.462724826733,3624.158529037803,3641.301025390625,194454.0,DIVISLAB,0.002870344775556255,False
2022-07-19,3637.9405615393744,3668.037484721151,3633.070493853244,3655.71630859375,167954.0,DIVISLAB,0.003958827655996533,False
2022-07-20,3691.511375133615,3691.511375133615,3639.742649780265,3644.417724609375,223231.0,DIVISLAB,-0.0030906621385841104,False
2022-07-21,3644.417818401466,3701.251605942812,3644.369307959468,3695.89453125,237218.0,DIVISLAB,0.014124837087972075,False
2022-07-22,3706.121549269112,3718.004466992664,3662.2909396194113,3698.0859375,214477.0,DIVISLAB,0.0005929298662261662,False
2022-07-25,3698.085794021074,3718.783581108175,3664.238824549228,3676.21923828125,111963.0,DIVISLAB,-0.005912977574970113,False
2022-07-26,3676.219169531035,3695.261180854309,3584.613153071205,3591.187744140625,247798.0,DIVISLAB,-0.023130147749398033,False
2022-07-27,3590.2138557003773,3708.994757599251,3571.756346947769,3688.053466796875,509519.0,DIVISLAB,0.026973171428950282,False
2022-07-28,3695.407326254682,3759.5947226491376,3676.998565688897,3749.611083984375,339914.0,DIVISLAB,0.016691085891703095,False
2022-07-29,3764.5625501212594,3783.361060091213,3720.731938282849,3732.0791015625,406169.0,DIVISLAB,-0.0046756802316803014,False
2022-08-01,3735.341958666307,3756.9650118847294,3683.9627439806095,3696.576171875,364990.0,DIVISLAB,-0.0095129092179842,False
2022-08-02,3696.576239172104,3740.2120945005327,3688.5893754878953,3725.50439453125,293036.0,DIVISLAB,0.007825680118902278,False
2022-08-03,3737.484793518194,3763.539656308464,3681.771265316576,3721.559814453125,253640.0,DIVISLAB,-0.001058804301483418,False
2022-08-04,3740.21193954839,3802.5488052075298,3712.696057441035,3787.110595703125,470197.0,DIVISLAB,0.01761379220493131,False
2022-08-05,3819.058262829341,3847.061151523069,3798.6527271491655,3810.53564453125,374417.0,DIVISLAB,0.006185467320311,False
2022-08-08,3808.3930096023114,3846.3795383425895,3774.302535091804,3835.27587890625,257202.0,DIVISLAB,0.006492587048885445,False
2022-08-09,3808.3930096023114,3846.3795383425895,3774.302535091804,3835.27587890625,257202.0,DIVISLAB,0.0,False
2022-08-10,3839.56147464942,3870.632412265895,3809.415802360782,3846.184814453125,342277.0,DIVISLAB,0.0028443678867726696,False
2022-08-11,3866.9921841979326,3881.763357088835,3832.689852213227,3874.89306640625,275719.0,DIVISLAB,0.007464085408804388,False
2022-08-12,3876.8559845170175,3884.854869919488,3631.439340108757,3657.15380859375,2107936.0,DIVISLAB,-0.05619232687998821,False
2022-08-15,3876.8559845170175,3884.854869919488,3631.439340108757,3657.15380859375,2107936.0,DIVISLAB,0.0,False
2022-08-16,3719.771453759295,3719.771453759295,3636.395621736237,3662.84619140625,916641.0,DIVISLAB,0.0015565062642768357,False
2022-08-17,3682.47552660165,3707.5030121902273,3670.6978863246727,3678.942138671875,671368.0,DIVISLAB,0.004394382516904161,False
2022-08-18,3685.420108249848,3688.364518456173,3646.16130549885,3674.2314453125,420941.0,DIVISLAB,-0.001280447797712747,False
2022-08-19,3674.4277891601705,3688.070127632407,3604.939658518848,3627.709716796875,596806.0,DIVISLAB,-0.012661621677365065,False
2022-08-22,3585.310238094816,3605.430374936027,3492.11970099021,3514.30078125,1050176.0,DIVISLAB,-0.031261855109788295,False
2022-08-23,3495.996292031801,3521.4653917160463,3463.607780623309,3466.8466796875,987698.0,DIVISLAB,-0.013503141738943847,False
2022-08-24,3484.2187011032743,3484.2187011032743,3382.145815211798,3431.857177734375,1864680.0,DIVISLAB,-0.010092601486570207,False
2022-08-25,3444.9599574448166,3495.996401258814,3437.3044429493734,3470.3310546875,1167223.0,DIVISLAB,0.011210803643793898,False
2022-08-26,3489.126148056402,3534.9607530484545,3474.4040967987803,3521.02392578125,580356.0,DIVISLAB,0.014607502942774575,False
2022-08-29,3459.6819755597,3547.032811254682,3446.4812511223963,3516.0673828125,423183.0,DIVISLAB,-0.0014076993150934358,False
2022-08-30,3518.5699162967608,3564.306513705344,3514.6931577572345,3559.64453125,502761.0,DIVISLAB,0.012393718234899875,False
2022-08-31,3518.5699162967608,3564.306513705344,3514.6931577572345,3559.64453125,502761.0,DIVISLAB,0.0,False
2022-09-01,3511.012738419947,3556.798218849134,3511.012738419947,3532.5068359375,313035.0,DIVISLAB,-0.00762370935475698,False
2022-09-02,3540.162179293802,3551.939818925497,3506.0560978603507,3531.47607421875,318073.0,DIVISLAB,-0.00029179326937567307,False
2022-09-05,3523.4772270871026,3534.1751540190457,3487.211959260896,3526.17626953125,278299.0,DIVISLAB,-0.0015007335675274458,False
2022-09-06,3528.2378764160508,3545.6589706494974,3509.73706922849,3519.06103515625,211744.0,DIVISLAB,-0.0020178328679938407,False
2022-09-07,3510.7182093167567,3535.2058380281533,3496.0452806593626,3524.40966796875,236704.0,DIVISLAB,0.0015199033944184315,False
2022-09-08,3541.143897243641,3543.008594469231,3499.136931692243,3502.277587890625,326405.0,DIVISLAB,-0.006279655931962225,False
2022-09-09,3504.8295308244647,3552.725316945576,3504.8295308244647,3536.236572265625,292875.0,DIVISLAB,0.009696257227701066,False
2022-09-12,3543.4994511323957,3619.6616245454393,3536.236668448269,3609.846923828125,469042.0,DIVISLAB,0.020816014443099995,False
2022-09-13,3611.809781201385,3639.241821154287,3582.3656797242,3599.6396484375,356054.0,DIVISLAB,-0.002827620008828635,False
2022-09-14,3538.4940404488884,3620.495911542427,3538.4940404488884,3600.572021484375,292682.0,DIVISLAB,0.0002590184401596307,False
2022-09-15,3602.093295235657,3612.153363161255,3523.4774490630807,3538.64111328125,388216.0,DIVISLAB,-0.017200297017692545,False
2022-09-16,3552.823360864073,3552.823360864073,3494.1316431921846,3507.4794921875,567321.0,DIVISLAB,-0.008806098187463585,False
2022-09-19,3507.7739716034557,3565.042845078305,3494.082512278933,3552.47998046875,386152.0,DIVISLAB,0.012829864973261662,False
2022-09-20,3570.244391827763,3585.162928115209,3548.7994152438,3564.257568359375,318797.0,DIVISLAB,0.0033153143593707135,False
2022-09-21,3566.367695564015,3576.476885066992,3501.8851607900738,3507.4794921875,370336.0,DIVISLAB,-0.015929846562129923,False
2022-09-22,3503.8480430766585,3529.2191394593456,3478.329822034644,3513.760986328125,347349.0,DIVISLAB,0.0017908854933055274,False
2022-09-23,3513.761147033377,3631.439314374109,3504.976798079555,3575.10302734375,761456.0,DIVISLAB,0.017457658974046275,False
2022-09-26,3567.4471772287293,3650.8721266044745,3523.477273634409,3601.994873046875,809605.0,DIVISLAB,0.007521977827616766,False
2022-09-27,3603.958096865358,3643.216899663456,3565.7790069908947,3612.006103515625,402344.0,DIVISLAB,0.0027793572233159036,False
2022-09-28,3582.3657706196923,3655.976026180371,3577.213052730445,3634.727294921875,454801.0,DIVISLAB,0.006290463181702677,False
2022-09-29,3652.9330702646594,3681.493942901107,3597.038402099431,3625.20654296875,795614.0,DIVISLAB,-0.002619385494594506,False
2022-09-30,3670.5999333168215,3670.5999333168215,3590.2176279259133,3636.54296875,433624.0,DIVISLAB,0.00312711169608737,False
2022-10-03,3631.439423765645,3726.642024875177,3631.439423765645,3657.7919921875,549563.0,DIVISLAB,0.005843193280018921,False
2022-10-04,3699.160518533206,3724.6787391439416,3668.538701723664,3710.054931640625,287021.0,DIVISLAB,0.014288111397463554,False
2022-10-05,3699.160518533206,3724.6787391439416,3668.538701723664,3710.054931640625,287021.0,DIVISLAB,0.0,False
2022-10-06,3728.604658959157,3736.0639270638258,3644.247357464878,3663.82763671875,354601.0,DIVISLAB,-0.012460002823039829,False
2022-10-07,3653.7183796992817,3680.4143162042687,3625.5993595948016,3666.526611328125,222557.0,DIVISLAB,0.0007366543617735033,False
2022-10-10,3614.557719637981,3670.305262878304,3582.4636989545343,3618.287353515625,290753.0,DIVISLAB,-0.013156663765499399,False
2022-10-11,3636.3957436080655,3636.3957436080655,3425.330556386468,3437.304443359375,1492286.0,DIVISLAB,-0.0500189433490964,False
2022-10-12,3444.95971762789,3474.60006385622,3407.6638574370468,3462.429931640625,445779.0,DIVISLAB,0.0073096487946509026,False
2022-10-13,3454.77471110991,3478.231750375588,3435.6360443864323,3458.553466796875,299017.0,DIVISLAB,-0.0011195792897715773,False
2022-10-14,3480.1458641670256,3520.974876724,3475.4347597444103,3506.596435546875,320044.0,DIVISLAB,0.01389105856284334,False
2022-10-17,3484.21848564523,3536.040149355068,3484.21848564523,3512.239501953125,211512.0,DIVISLAB,0.001609271699772874,False
2022-10-18,3521.5147950346422,3531.329496247113,3496.9780420034645,3506.056640625,300258.0,DIVISLAB,-0.0017603757729752756,False
2022-10-19,3518.569939736401,3545.069629659102,3496.0452512254446,3541.19287109375,230936.0,DIVISLAB,0.010021580958397225,False
2022-10-20,3515.6258063981304,3587.8129782914857,3498.450080096632,3584.23046875,329906.0,DIVISLAB,0.01215341813419979,False
2022-10-21,3599.0505533257306,3601.013493360269,3496.9776715297457,3505.221923828125,397013.0,DIVISLAB,-0.022043377402968467,False
2022-10-24,3562.6380792537343,3562.6380792537343,3518.570169353152,3545.511474609375,47320.0,DIVISLAB,0.011494151199775926,False
2022-10-25,3549.388171394512,3551.8418465045943,3501.2472574280578,3530.494873046875,211326.0,DIVISLAB,-0.004235383715449514,False
2022-10-26,3549.388171394512,3551.8418465045943,3501.2472574280578,3530.494873046875,211326.0,DIVISLAB,0.0,False
2022-10-27,3566.662137575689,3566.662137575689,3530.789359567485,3553.9521484375,391000.0,DIVISLAB,0.006644189053978344,False
2022-10-28,3571.7658958530837,3571.7658958530837,3474.404111059725,3481.76513671875,375361.0,DIVISLAB,-0.020311756800239222,False
2022-10-31,3501.3454560776554,3552.9217576934843,3501.3454560776554,3542.02734375,356104.0,DIVISLAB,0.017307947166143922,False
2022-11-01,3558.810278718493,3778.806687001639,3548.0632299645126,3765.360595703125,1860907.0,DIVISLAB,0.06305237940842057,False
2022-11-02,3765.360488018749,3831.6097122171855,3702.595530201496,3711.379638671875,740136.0,DIVISLAB,-0.014336198528462574,False
2022-11-03,3714.863905053058,3724.678604934308,3665.790405646809,3711.379638671875,432168.0,DIVISLAB,0.0,False
2022-11-04,3711.3799245494974,3722.912197798266,3642.039160394013,3676.88134765625,386100.0,DIVISLAB,-0.009295274095961314,False
2022-11-07,3679.5311705701065,3701.8104924979098,3341.9054776717026,3351.278564453125,2860839.0,DIVISLAB,-0.08855406319017434,False
2022-11-08,3679.5311705701065,3701.8104924979098,3341.9054776717026,3351.278564453125,2860839.0,DIVISLAB,0.0,False
2022-11-09,3355.646038908559,3366.442209258952,3215.295824353448,3237.624267578125,3218306.0,DIVISLAB,-0.033913712241210425,False
2022-11-10,3237.624320261395,3284.8820072174653,3200.672068807484,3225.8466796875,1188273.0,DIVISLAB,-0.003637725355769894,False
2022-11-11,3253.573443015767,3263.3881442013358,3205.4814072064846,3210.78125,900708.0,DIVISLAB,-0.004670224962135983,False
2022-11-14,3226.877103511486,3226.877103511486,3135.943764534872,3215.001220703125,1081953.0,DIVISLAB,0.0013143127402792665,False
2022-11-15,3219.221653348505,3268.295154161744,3218.24018333224,3264.958251953125,526764.0,DIVISLAB,0.015538728548001757,False
2022-11-16,3265.3509712526607,3270.209200247772,3204.4998260114025,3228.84033203125,830117.0,DIVISLAB,-0.011062291501053312,False
2022-11-17,3237.869607163635,3246.702837374145,3211.4681593811256,3229.036376953125,276727.0,DIVISLAB,6.071682143282686e-05,False
2022-11-18,3245.181725934423,3253.3770970194223,3199.886977200508,3226.435791015625,371863.0,DIVISLAB,-0.0008053752370401623,False
2022-11-21,3214.854092571708,3241.74627460916,3195.617184807913,3205.431884765625,465773.0,DIVISLAB,-0.0065099408791855495,False
2022-11-22,3221.479112592096,3273.1042921628937,3185.36096773069,3244.347412109375,551017.0,DIVISLAB,0.01214049424313246,False
2022-11-23,3260.590588859783,3260.983320644764,3233.9437731913995,3238.802001953125,321234.0,DIVISLAB,-0.0017092528795011885,False
2022-11-24,3254.554556870793,3254.554556870793,3232.0789894628474,3244.15087890625,310442.0,DIVISLAB,0.0016514985942022165,False
2022-11-25,3232.9620317548984,3284.9799393696558,3215.295572564981,3280.71044921875,385136.0,DIVISLAB,0.011269380394794082,False
2022-11-28,3289.8875534824942,3322.2760645997146,3275.6562379915945,3313.001220703125,498592.0,DIVISLAB,0.009842615489600526,False
2022-11-29,3315.062330550816,3331.0603408297266,3300.6838896791573,3310.2041015625,233990.0,DIVISLAB,-0.0008442855750084854,False
2022-11-30,3315.111392216669,3356.627623909418,3284.3424494341957,3341.611083984375,1028382.0,DIVISLAB,0.009487929281173368,False
2022-12-01,3346.7144768286344,3361.5347697624425,3326.2018495547204,3345.88037109375,266446.0,DIVISLAB,0.001277613403258382,False
2022-12-02,3332.090916705176,3332.090916705176,3270.2583017560078,3318.595703125,475542.0,DIVISLAB,-0.008154705172507604,False
2022-12-05,3332.041762134916,3332.0908835616983,3284.980320259501,3306.425537109375,379966.0,DIVISLAB,-0.003667263838184609,False
2022-12-06,3297.739210750424,3306.425316125419,3286.5505485606286,3293.715087890625,254786.0,DIVISLAB,-0.003844166177672914,False
2022-12-07,3293.813427050569,3296.610712488162,3266.332266157417,3276.392333984375,211120.0,DIVISLAB,-0.005259335869680193,False
2022-12-08,3279.0914608891903,3288.759036798659,3223.6384026610435,3226.53369140625,347880.0,DIVISLAB,-0.015217543412297196,False
2022-12-09,3238.851180070794,3246.4084515676163,3202.585909477889,3213.382080078125,384319.0,DIVISLAB,-0.004076080582438579,False
2022-12-12,3214.3145335987674,3287.3849336224243,3194.34152148987,3276.932373046875,396759.0,DIVISLAB,0.0197767621107805,False
2022-12-13,3285.765433395303,3302.6466700857727,3270.1110342494417,3293.371826171875,217843.0,DIVISLAB,0.005016720290054177,False
2022-12-14,3307.554002133628,3336.9981030428285,3288.4644579675028,3330.962158203125,334854.0,DIVISLAB,0.011413935023226296,False
2022-12-15,3330.9622724933797,3350.1009387410363,3288.9061844050475,3303.08837890625,234168.0,DIVISLAB,-0.008368086448604761,False
2022-12-16,3278.993266550064,3317.3688421985144,3251.0213695078573,3265.252685546875,367711.0,DIVISLAB,-0.011454641541230437,False
2022-12-19,3267.9026746738523,3287.9245672366114,3241.942600949621,3283.8515625,163186.0,DIVISLAB,0.005695999282214759,False
2022-12-20,3284.9803082019025,3292.8320687234486,3247.046586028868,3289.446044921875,143983.0,DIVISLAB,0.0017036343803602527,False
2022-12-21,3292.831892831372,3464.098410059114,3289.4458692106687,3453.547607421875,1455203.0,DIVISLAB,0.04988729417019444,False
2022-12-22,3468.514952155867,3468.514952155867,3402.2657276876944,3431.120849609375,594661.0,DIVISLAB,-0.006493831955379337,False
2022-12-23,3425.3306490158066,3572.551164016486,3409.725370272424,3433.6240234375,1625800.0,DIVISLAB,0.0007295498870025785,False
2022-12-26,3464.539999551216,3483.237051087749,3356.627420321246,3365.264404296875,654257.0,DIVISLAB,-0.019908883055922977,False
2022-12-27,3370.3679807378103,3434.850511828586,3365.2643846600326,3412.66943359375,362159.0,DIVISLAB,0.01408656901857297,False
2022-12-28,3405.700927654299,3434.8505389676543,3374.7846224032587,3382.4892578125,195450.0,DIVISLAB,-0.00884356846407719,False
2022-12-29,3387.0532550974785,3427.293528484612,3324.1409269552973,3348.97216796875,535637.0,DIVISLAB,-0.009909001119910665,False
2022-12-30,3384.6977977188776,3384.6977977188776,3322.2762050795586,3349.95361328125,243318.0,DIVISLAB,0.0002930586649501077,False
2023-01-02,3356.6274867033426,3356.6274867033426,3302.6466353089904,3310.15478515625,283161.0,DIVISLAB,-0.011880411706960192,False
2023-01-03,3310.154918023207,3338.9611602702257,3295.285742388972,3330.1279296875,244677.0,DIVISLAB,0.006033900475233223,False
2023-01-04,3327.3796426582408,3385.090128256704,3327.183396575884,3371.889404296875,365514.0,DIVISLAB,0.01254050159367126,False
2023-01-05,3371.889438503055,3406.58426059206,3341.905480905218,3397.7021484375,270647.0,DIVISLAB,0.007655276032402236,False
2023-01-06,3397.7020290027963,3420.6192098248857,3351.720063471305,3371.251220703125,353616.0,DIVISLAB,-0.0077849459954985045,False
2023-01-09,3410.6082930043176,3429.2562232394494,3382.145662645433,3395.3955078125,164412.0,DIVISLAB,0.007161817832234796,False
2023-01-10,3401.775140902779,3454.7745227864348,3388.7215415155,3436.9609375,244607.0,DIVISLAB,0.012241704859378366,False
2023-01-11,3435.1450577275987,3435.1450577275987,3342.8868761772005,3348.23583984375,239027.0,DIVISLAB,-0.025814985759130438,False
2023-01-12,3361.5348946475565,3362.957978285453,3220.4976975020363,3244.052978515625,929239.0,DIVISLAB,-0.031115747609041455,False
2023-01-13,3260.29628125589,3297.101406999932,3246.212090624488,3289.593017578125,273260.0,DIVISLAB,0.014038007197816338,False
2023-01-16,3299.89866758434,3305.296753044839,3255.045532681349,3271.43603515625,123326.0,DIVISLAB,-0.005519522422637757,False
2023-01-17,3278.110020093429,3290.034785547382,3258.529740202142,3285.372802734375,136458.0,DIVISLAB,0.004260137575167189,False
2023-01-18,3289.49503354381,3331.1092667812545,3285.372667743056,3325.711181640625,142704.0,DIVISLAB,0.012278173993732766,False
2023-01-19,3312.461252962605,3325.956465474675,3289.9365643658,3319.33154296875,104419.0,DIVISLAB,-0.0019182780233873986,False
2023-01-20,3319.3316223078,3336.9980827458667,3274.429368694381,3281.201416015625,168535.0,DIVISLAB,-0.011487290877554845,False
2023-01-23,3281.152653972771,3351.720255451701,3271.681324122184,3322.963134765625,220594.0,DIVISLAB,0.012727569403743422,False
2023-01-24,3327.1834084912966,3336.016638779327,3283.0172570511468,3293.862548828125,127508.0,DIVISLAB,-0.008757420638538793,False
2023-01-25,3287.9738397192605,3314.228163962344,3242.0409927463365,3273.8896484375,239083.0,DIVISLAB,-0.006063671478256039,False
2023-01-26,3287.9738397192605,3314.228163962344,3242.0409927463365,3273.8896484375,239083.0,DIVISLAB,0.0,False
2023-01-27,3297.3468670130883,3341.9055113173013,3253.6223284791186,3324.6806640625,326612.0,DIVISLAB,0.01551396689538409,False
2023-01-30,3336.949120766346,3341.954713976322,3290.329292382764,3304.020751953125,292148.0,DIVISLAB,-0.006214104209373961,False
2023-01-31,3312.461389322366,3318.4973342295584,3248.4204691288,3253.86767578125,512249.0,DIVISLAB,-0.015179407133634859,False
2023-02-01,3270.4054464366186,3355.646219127778,3239.145768013255,3294.64794921875,501235.0,DIVISLAB,0.012532861659074301,False
2023-02-02,3266.38144083192,3307.0633263939703,3194.5378812490926,3206.462646484375,334618.0,DIVISLAB,-0.026766229379769135,False
2023-02-03,3209.4071607132305,3209.4071607132305,2743.208872842042,2830.9033203125,4486682.0,DIVISLAB,-0.11712574496498351,False
2023-02-06,2757.9307218899053,2824.768925267085,2694.135171383555,2726.523681640625,2195618.0,DIVISLAB,-0.03687149537143242,False
2023-02-07,2738.448286342886,2767.6961387890087,2689.325907017263,2699.876708984375,1469217.0,DIVISLAB,-0.009773240861864041,False
2023-02-08,2706.8453223059364,2769.708527996166,2705.9129736659925,2747.183837890625,913575.0,DIVISLAB,0.01752195896532105,False
2023-02-09,2719.702710847642,2803.0785461510245,2719.702710847642,2770.837158203125,742365.0,DIVISLAB,0.008610024559063234,False
2023-02-10,2770.837112747759,2785.3137961782422,2743.9940502924514,2759.15771484375,380182.0,DIVISLAB,-0.004215131634422331,False
2023-02-13,2772.996551947196,2772.996551947196,2704.931506897554,2721.812744140625,473865.0,DIVISLAB,-0.013534917015513903,False
2023-02-14,2746.5458215874,2746.5458215874,2703.950115255473,2739.9208984375,213194.0,DIVISLAB,0.006652975791908267,False
2023-02-15,2738.3505149264506,2774.468660083073,2720.6349328981983,2770.248291015625,214098.0,DIVISLAB,0.011068710996518183,False
2023-02-16,2782.4676245914084,2832.522597732206,2774.223371920786,2823.296875,498759.0,DIVISLAB,0.01914939688129058,False
2023-02-17,2822.7078823566253,2822.7078823566253,2773.634379534014,2777.364013671875,282100.0,DIVISLAB,-0.01626922826814836,False
2023-02-20,2781.9767862725066,2864.9110033972293,2748.116070405016,2846.85205078125,740945.0,DIVISLAB,0.025019420129055003,False
2023-02-21,2856.813919026556,2874.03876615248,2829.7743715003003,2864.5185546875,419138.0,DIVISLAB,0.006205627686694193,False
2023-02-22,2861.574144272553,2882.185015111126,2850.532606323318,2866.432373046875,461368.0,DIVISLAB,0.0006681116993441094,False
2023-02-23,2866.4324197922106,2880.614614177168,2812.893180317466,2819.959716796875,432267.0,DIVISLAB,-0.01621271678584968,False
2023-02-24,2826.5845777702657,2916.928942364069,2826.5845777702657,2861.181396484375,890366.0,DIVISLAB,0.014617825723525879,False
2023-02-27,2862.948226301491,2862.948226301491,2792.282380468887,2805.5322265625,216200.0,DIVISLAB,-0.019449717515377718,False
2023-02-28,2813.9729515246413,2829.0874948525347,2764.310469818617,2773.241943359375,340040.0,DIVISLAB,-0.01150950357917968,False
2023-03-01,2783.93967616724,2804.0598113202204,2770.689831066497,2792.57666015625,154311.0,DIVISLAB,0.006971882436428878,False
2023-03-02,2806.022747833269,2818.094876833332,2774.95931798253,2808.1328125,236175.0,DIVISLAB,0.0055705372624863525,False
2023-03-03,2808.967179255789,2835.4668696261265,2788.3563089677486,2797.58203125,226069.0,DIVISLAB,-0.003757223021302547,False
2023-03-06,2807.0044294010554,2827.6153010854687,2789.3379679572727,2794.049072265625,196556.0,DIVISLAB,-0.0012628616229696243,False
2023-03-07,2807.0044294010554,2827.6153010854687,2789.3379679572727,2794.049072265625,196556.0,DIVISLAB,0.0,False
2023-03-08,2795.177530652128,2806.7098035320105,2769.0705715621625,2781.976806640625,225841.0,DIVISLAB,-0.004320706370132155,False
2023-03-09,2785.8534806958546,2813.874497190802,2751.305784530909,2758.126953125,291637.0,DIVISLAB,-0.008572987905109408,False
2023-03-10,2748.1162766255607,2780.308543789376,2727.5054045508687,2735.847900390625,329958.0,DIVISLAB,-0.008077602341376111,False
2023-03-13,2736.3386554283743,2755.1337121109,2706.992795106733,2715.727783203125,561906.0,DIVISLAB,-0.007354252838627229,False
2023-03-14,2728.5357240845165,2736.240119822012,2679.413102613267,2705.9619140625,379187.0,DIVISLAB,-0.0035960412531135244,False
2023-03-15,2706.8945304250947,2752.827378937234,2705.9621817552907,2724.36474609375,262757.0,DIVISLAB,0.006800846654793302,False
2023-03-16,2722.597854846133,2795.913617938296,2716.512788602191,2749.6865234375,477596.0,DIVISLAB,0.009294562110325755,False
2023-03-17,2763.476087822104,2781.927772935074,2733.394126229318,2739.773681640625,378313.0,DIVISLAB,-0.003605080692792084,False
2023-03-20,2773.241737718132,2777.510988463309,2735.504024390444,2748.312255859375,621061.0,DIVISLAB,0.003116525381628321,False
2023-03-21,2762.10182401605,2770.689686132117,2710.820018808681,2716.610595703125,403214.0,DIVISLAB,-0.011534955712787842,False
2023-03-22,2719.555418548041,2743.1107010719406,2718.181456247504,2738.939453125,209784.0,DIVISLAB,0.008219380965822864,False
2023-03-23,2738.93944109788,2765.242887724077,2734.1303334503914,2751.158935546875,193035.0,DIVISLAB,0.004461391947869986,False
2023-03-24,2764.997274340197,2775.744323065581,2743.2086879620147,2754.986328125,291918.0,DIVISLAB,0.0013911928273835361,False
2023-03-27,2757.881847144509,2806.906230495258,2755.9680283814773,2776.775146484375,435250.0,DIVISLAB,0.007908866238985679,False
2023-03-28,2785.559085405105,2790.8591673668247,2723.57934851002,2754.446533203125,353223.0,DIVISLAB,-0.008041203231568761,False
2023-03-29,2757.9306553192314,2787.3747548422125,2740.9511766709734,2767.99072265625,370527.0,DIVISLAB,0.0049172090617328745,False
2023-03-30,2757.9306553192314,2787.3747548422125,2740.9511766709734,2767.99072265625,370527.0,DIVISLAB,0.0,False
2023-03-31,2781.878499177619,2787.620194580076,2758.715950722628,2771.033447265625,362732.0,DIVISLAB,0.0010992539044549776,False
2023-04-03,2797.1896226262065,2829.578134046089,2772.407504039781,2821.431884765625,226841.0,DIVISLAB,0.018187596237689396,False
2023-04-04,2797.1896226262065,2829.578134046089,2772.407504039781,2821.431884765625,226841.0,DIVISLAB,0.0,False
2023-04-05,2833.504277107462,2841.356038180153,2814.071120529205,2836.25244140625,227189.0,DIVISLAB,0.005252849349526745,False
2023-04-06,2836.252483609387,2880.614886406854,2824.3274775327554,2867.31591796875,308340.0,DIVISLAB,0.010952296103480252,False
2023-04-07,2836.252483609387,2880.614886406854,2824.3274775327554,2867.31591796875,308340.0,DIVISLAB,0.0,False
2023-04-10,2892.147011485052,2892.147011485052,2848.9132057417646,2855.734375,156913.0,DIVISLAB,-0.004039158327888259,False
2023-04-11,2855.7833551684244,2887.484885691301,2847.4408597474944,2873.1064453125,137343.0,DIVISLAB,0.006083223448434261,False
2023-04-12,2886.503225261657,3167.694375903433,2886.503225261657,3152.579833984375,4323187.0,DIVISLAB,0.0972722013581635,False
2023-04-13,3150.469636484669,3171.27675294378,3085.4472477895083,3124.951416015625,1162380.0,DIVISLAB,-0.008763748873516053,False
2023-04-14,3150.469636484669,3171.27675294378,3085.4472477895083,3124.951416015625,1162380.0,DIVISLAB,0.0,False
2023-04-17,3124.951502464045,3134.1774646588715,3073.9641815396903,3104.046142578125,323709.0,DIVISLAB,-0.006689791505352316,False
2023-04-18,3115.185989526423,3221.822616352089,3094.624239566786,3209.99609375,823827.0,DIVISLAB,0.034132853155293796,False
2023-04-19,3200.573813789643,3302.1559633533434,3187.863824641971,3280.661865234375,1736594.0,DIVISLAB,0.02201428581859166,False
2023-04-20,3272.9081415229475,3275.1655705707467,3134.668228171342,3143.746826171875,1041887.0,DIVISLAB,-0.04173396853647349,False
2023-04-21,3147.7215619993967,3203.2728624464544,3147.7215619993967,3171.767578125,676213.0,DIVISLAB,0.008913170653517932,False
2023-04-24,3179.962984922519,3181.7296789485963,3125.8350071215264,3133.686767578125,296889.0,DIVISLAB,-0.012006179396469752,False
2023-04-25,3138.741044916897,3185.802483267405,3113.2719464626275,3166.663818359375,389268.0,DIVISLAB,0.010523403654263852,False
2023-04-26,3143.059770528019,3183.643655243868,3136.336844074264,3160.333740234375,279817.0,DIVISLAB,-0.001998973837481599,False
2023-04-27,3160.333575806628,3187.667612673877,3142.6671148238584,3178.441650390625,200579.0,DIVISLAB,0.00572974617386679,False
2023-04-28,3187.814788711034,3217.7496258587207,3156.407746457723,3207.345947265625,278679.0,DIVISLAB,0.009093857951253392,False
2023-05-01,3187.814788711034,3217.7496258587207,3156.407746457723,3207.345947265625,278679.0,DIVISLAB,0.0,False
2023-05-02,3207.493371307067,3223.49138167626,3184.870437839133,3193.4091796875,320408.0,DIVISLAB,-0.004345264841170815,False
2023-05-03,3192.7220227354205,3221.1355323153653,3176.4295243134507,3208.18017578125,205036.0,DIVISLAB,0.004625463027946752,False
2023-05-04,3208.1802745563978,3236.3484174949344,3194.439693648164,3221.724609375,180313.0,DIVISLAB,0.004221843179506468,False
2023-05-05,3230.999493512817,3256.3214694229864,3203.665456021436,3229.82177734375,222487.0,DIVISLAB,0.002513302330431344,False
2023-05-08,3237.86965083872,3249.647291278267,3214.3143699596267,3225.405029296875,239343.0,DIVISLAB,-0.0013674897103788108,False
2023-05-09,3242.678657921923,3331.7470609923853,3212.4004519980176,3320.50927734375,566809.0,DIVISLAB,0.029485986157715915,False
2023-05-10,3336.9981547879715,3372.331076426903,3286.943182466152,3361.7802734375,494159.0,DIVISLAB,0.01242911633325261,False
2023-05-11,3346.813086999556,3368.405429496327,3162.34582709253,3267.51025390625,818423.0,DIVISLAB,-0.02804169572773907,False
2023-05-12,3249.6473128550438,3291.850524710304,3130.8894376344274,3253.622314453125,957967.0,DIVISLAB,-0.004250312431773429,False
2023-05-15,3245.0833515887693,3274.527450874164,3204.499472227057,3215.786376953125,341458.0,DIVISLAB,-0.011628865874175554,False
2023-05-16,3217.2096797010463,3270.8471613238985,3211.41910229372,3218.681884765625,301995.0,DIVISLAB,0.000900404278484368,False
2023-05-17,3223.2949824486395,3235.1217452581686,3194.8814705416944,3207.4443359375,173719.0,DIVISLAB,-0.0034913511898500005,False
2023-05-18,3223.1477642649043,3224.0801129237925,3085.741952146425,3095.06591796875,766236.0,DIVISLAB,-0.0350367477027167,False
2023-05-19,3085.741804765198,3099.825995681341,3028.325807443708,3040.888671875,479974.0,DIVISLAB,-0.017504391676835707,False
2023-05-22,3042.5080740295725,3210.535700900449,2994.4651623666014,3204.499755859375,1538574.0,DIVISLAB,0.05380370728386219,False
2023-05-23,3180.993492291937,3351.7201562823016,3161.364091669493,3323.061279296875,1376245.0,DIVISLAB,0.036998449826907365,False
2023-05-24,3297.7395124129507,3343.8686067830126,3274.0859873254426,3320.46044921875,552635.0,DIVISLAB,-0.0007826608839049953,False
2023-05-25,3308.584726100987,3388.819904292062,3302.64678425647,3371.987548828125,641670.0,DIVISLAB,0.015518058533568357,False
2023-05-26,3371.9874682245977,3454.774562464428,3361.731154165624,3448.8857421875,829186.0,DIVISLAB,0.02280500513298156,False
2023-05-29,3459.681979441041,3469.398437238742,3401.8243670273487,3413.40576171875,360805.0,DIVISLAB,-0.010287374856972287,False
2023-05-30,3412.571270282452,3412.571270282452,3368.405119243421,3393.92333984375,327381.0,DIVISLAB,-0.0057076196722625205,False
2023-05-31,3364.4794979590906,3438.825857927119,3356.676858598662,3379.79052734375,1861153.0,DIVISLAB,-0.00416415195183828,False
2023-06-01,3387.59280351027,3495.9961163537105,3379.790164986386,3460.07421875,791714.0,DIVISLAB,0.023754043558831706,False
2023-06-02,3459.681876070062,3488.5861206999866,3430.237774997125,3446.5302734375,477154.0,DIVISLAB,-0.0039143510966053174,False
2023-06-05,3452.7625112123424,3459.4365554693795,3390.979019546551,3398.143798828125,633073.0,DIVISLAB,-0.014039184562599338,False
2023-06-06,3398.78164154998,3478.329836553647,3377.3855466636383,3472.3427734375,503263.0,DIVISLAB,0.021835148540495286,False
2023-06-07,3489.125955426503,3503.8480058713403,3460.6633245664834,3476.465087890625,392590.0,DIVISLAB,0.0011871853449088032,False
2023-06-08,3483.2371059154,3488.733433881869,3424.398026056372,3434.8505859375,434625.0,DIVISLAB,-0.011970349450100448,False
2023-06-09,3416.546262015177,3434.114479531488,3356.62746935381,3365.21533203125,325701.0,DIVISLAB,-0.020273153711937608,False
2023-06-12,3247.684582477953,3403.1984729328587,3247.6354610492817,3374.73583984375,799646.0,DIVISLAB,0.002829093200034105,False
2023-06-13,3374.7355987539217,3429.207185774407,3371.349575051666,3423.072998046875,367056.0,DIVISLAB,0.01432324202458557,False
2023-06-14,3430.237820615136,3442.407953373781,3397.89843042996,3421.35546875,208081.0,DIVISLAB,-0.0005017507069977611,False
2023-06-15,3435.096281336285,3524.459183237284,3422.729901656366,3514.693603515625,955066.0,DIVISLAB,0.02728103981540575,False
2023-06-16,3536.285688269345,3565.7789110008075,3503.848055407289,3513.270263671875,633543.0,DIVISLAB,-0.00040496839961423614,False
2023-06-19,3515.47853977719,3556.8474058947627,3506.252577680617,3518.32470703125,299174.0,DIVISLAB,0.0014386719438124196,False
2023-06-20,3518.5700928757174,3520.042297935498,3467.5827722286563,3500.118408203125,267277.0,DIVISLAB,-0.0051747068119495365,False
2023-06-21,3489.174951146736,3498.940529666645,3436.420938953305,3444.51806640625,621642.0,DIVISLAB,-0.01588527452858912,False
2023-06-22,3444.518147665618,3494.033262122639,3436.2247739415047,3478.1826171875,496166.0,DIVISLAB,0.009773370361901845,False
2023-06-23,3461.6449443230777,3472.2939904521304,3386.169991624699,3398.78173828125,455679.0,DIVISLAB,-0.02282826626580481,False
2023-06-26,3404.670599464617,3474.354975418305,3402.7567807244445,3468.85888671875,366126.0,DIVISLAB,0.020618313805857325,False
2023-06-27,3469.496320039855,3527.403047870789,3469.4471986183557,3516.9013671875,361257.0,DIVISLAB,0.013849649708349565,False
2023-06-28,3518.61897785253,3564.4044562882746,3518.61897785253,3534.813232421875,454010.0,DIVISLAB,0.005093081484027984,False
2023-06-29,3518.61897785253,3564.4044562882746,3518.61897785253,3534.813232421875,454010.0,DIVISLAB,0.0,False
2023-06-30,3548.0143538551065,3584.2305041100103,3504.829670156732,3517.1962890625,432628.0,DIVISLAB,-0.004983839937507728,False
2023-07-03,3520.336895494272,3584.328696143925,3509.9823383309727,3521.072998046875,574958.0,DIVISLAB,0.0011022157041478131,False
2023-07-04,3533.292153816636,3533.292153816636,3474.4530726785038,3484.31689453125,248033.0,DIVISLAB,-0.010438892785242904,False
2023-07-05,3510.1292595828468,3705.0493000633214,3497.124781907128,3678.50048828125,1611582.0,DIVISLAB,0.0557307499942894,False
2023-07-06,3677.274026300995,3678.7462314712343,3631.439419924216,3667.606689453125,594282.0,DIVISLAB,-0.0029614781519887723,False
2023-07-07,3648.1240935688857,3670.697904209748,3593.308896666023,3600.669921875,489065.0,DIVISLAB,-0.01825080311108984,False
2023-07-10,3616.716980784057,3616.716980784057,3524.213432496704,3572.501708984375,289377.0,DIVISLAB,-0.00782304779438292,False
2023-07-11,3593.161908792261,3628.494831140396,3565.1408905067165,3573.97412109375,257208.0,DIVISLAB,0.00041215154793960984,False
2023-07-12,3582.3656423623056,3601.995043142373,3530.102362785376,3566.17138671875,320760.0,DIVISLAB,-0.002183209533876518,False
2023-07-13,3578.4396807650032,3606.558700895809,3543.155881589194,3553.8046875,227125.0,DIVISLAB,-0.0034677803946289165,False
2023-07-14,3591.198816928456,3621.624387664936,3559.791776168218,3609.0615234375,295738.0,DIVISLAB,0.015548641750588565,False
2023-07-17,3615.7357255813713,3635.4142483412793,3582.561989404865,3595.026611328125,232501.0,DIVISLAB,-0.0038887982424880008,False
2023-07-18,3601.9950644769847,3614.7541750596006,3500.903649860873,3559.4482421875,385790.0,DIVISLAB,-0.009896552372801848,False
2023-07-19,3559.4480611786794,3606.902231279057,3557.828731533764,3570.636962890625,328518.0,DIVISLAB,0.0031433862615315444,False
2023-07-20,3582.365510248939,3610.97526498411,3552.970531588181,3598.60888671875,336955.0,DIVISLAB,0.007833875053340655,False
2023-07-21,3593.161874241136,3677.568299038933,3571.029676559766,3619.9560546875,629513.0,DIVISLAB,0.005932061149388934,False
2023-07-24,3619.906793868613,3641.2537667599954,3589.186734382041,3617.698486328125,304318.0,DIVISLAB,-0.0006236452391326086,False
2023-07-25,3626.531962113764,3673.642526168286,3612.8896237863296,3650.479736328125,323039.0,DIVISLAB,0.009061354926035436,False
2023-07-26,3673.642465537429,3673.642465537429,3605.479417219368,3612.25146484375,293630.0,DIVISLAB,-0.010472122637455672,False
2023-07-27,3625.550423825631,3725.562127704941,3617.011682174723,3672.562744140625,875566.0,DIVISLAB,0.016696312503117428,False
2023-07-28,3699.1606049670168,3705.049425245553,3641.25387222808,3669.765625,355259.0,DIVISLAB,-0.0007616259640730316,False
2023-07-31,3572.55110085268,3679.482218434253,3572.55110085268,3616.0302734375,389638.0,DIVISLAB,-0.014642720286121791,False
2023-08-01,3636.346592012875,3651.6576208785623,3557.8289867872263,3572.060302734375,369042.0,DIVISLAB,-0.012159735228468027,False
2023-08-02,3562.73619940016,3626.5317511800527,3510.767409373573,3622.21337890625,681092.0,DIVISLAB,0.014040377799188652,False
2023-08-03,3631.4392424780967,3695.038550648083,3621.8207879125134,3657.251953125,619764.0,DIVISLAB,0.009673249627643488,False
2023-08-04,3657.2518686855033,3690.2782397815367,3654.012969620677,3675.997802734375,280240.0,DIVISLAB,0.005125665349185793,False
2023-08-07,3693.1736887365705,3847.362735009268,3690.32752133542,3838.087890625,1124433.0,DIVISLAB,0.04409417431372109,False
2023-08-08,3852.319231325488,3861.790321863643,3763.0054529813674,3775.12646484375,532706.0,DIVISLAB,-0.0164043731085578,False
2023-08-09,3788.474512657696,3788.474512657696,3646.1613509127824,3668.440673828125,749561.0,DIVISLAB,-0.028260189958971504,False
2023-08-10,3674.4277401905215,3705.589415287879,3656.1231793948,3676.09619140625,600325.0,DIVISLAB,0.002086858766107813,False
2023-08-11,3693.361077568769,3703.1067124606657,3632.117639266055,3640.131591796875,339619.0,DIVISLAB,-0.009783367392140252,False
2023-08-14,3606.442840577796,3707.7072466452582,3563.552482249569,3690.986572265625,1295993.0,DIVISLAB,0.013970643419417339,False
2023-08-15,3606.442840577796,3707.7072466452582,3563.552482249569,3690.986572265625,1295993.0,DIVISLAB,0.0,False
2023-08-16,3691.431641021412,3700.33619335837,3614.258854101103,3672.732177734375,632601.0,DIVISLAB,-0.004945668095466704,False
2023-08-17,3660.760343987277,3674.710905702506,3597.538120072504,3615.990234375,453444.0,DIVISLAB,-0.015449518400325601,False
2023-08-18,3622.915877741313,3643.0994320816,3582.598045552344,3616.138427734375,436067.0,DIVISLAB,4.098278749942175e-05,False
2023-08-21,3611.340155194624,3644.435359435748,3607.58040704292,3626.37890625,242728.0,DIVISLAB,0.002831882329803692,False
2023-08-22,3626.37908458142,3642.407231120108,3600.209641919149,3614.50634765625,244583.0,DIVISLAB,-0.00327394320910257,False
2023-08-23,3632.068115839248,3689.255180519875,3621.234291671074,3664.866455078125,472425.0,DIVISLAB,0.013932776035800787,False
2023-08-24,3670.654457447807,3700.088950738662,3605.354405105069,3625.3896484375,414907.0,DIVISLAB,-0.010771690353389318,False
2023-08-25,3603.0786420365534,3615.198727149756,3577.700764522139,3597.933837890625,217537.0,DIVISLAB,-0.0075732026649074635,False
2023-08-28,3591.502728972425,3618.166867589357,3582.697212841525,3594.71826171875,196064.0,DIVISLAB,-0.0008937285444249321,False
2023-08-29,3586.605281455199,3634.838272756233,3586.605281455199,3618.3154296875,239552.0,DIVISLAB,0.006564399836294088,False
2023-08-30,3618.315563300138,3639.191647169942,3584.5771063903208,3592.29443359375,309108.0,DIVISLAB,-0.007191467023646814,False
2023-08-31,3606.3437670637104,3617.672288337201,3537.5808337822486,3554.0048828125,600001.0,DIVISLAB,-0.01065880079961734,False
2023-09-01,3547.9695681602484,3561.821094639401,3492.316113556508,3551.234619140625,586290.0,DIVISLAB,-0.0007794766082827032,False
2023-09-04,3551.976602045846,3599.41803108312,3548.9588998062536,3590.85986328125,336522.0,DIVISLAB,0.011158160017660013,False
2023-09-05,3590.859750229521,3628.407230775491,3581.6583312113758,3603.67236328125,449961.0,DIVISLAB,0.0035680868894427675,False
2023-09-06,3603.672551884385,3675.5024659161136,3593.778604368875,3668.626220703125,407338.0,DIVISLAB,0.01802435151533377,False
2023-09-07,3668.62622724847,3693.1632654410014,3621.827807106324,3654.82421875,556079.0,DIVISLAB,-0.0037621717566200807,False
2023-09-08,3653.5378377690818,3672.336337467272,3629.3471851519625,3659.5732421875,247373.0,DIVISLAB,0.0012993849097138188,False
2023-09-11,3660.760418409167,3709.141722994052,3652.6474301164944,3696.6259765625,379770.0,DIVISLAB,0.010124878482511646,False
2023-09-12,3709.2408308206295,3807.1909087750814,3685.742706058829,3747.62939453125,736438.0,DIVISLAB,0.013797289282746927,False
2023-09-13,3759.699943020729,3785.424205788766,3700.336259709876,3711.0712890625,319699.0,DIVISLAB,-0.009754994856774668,False
2023-09-14,3715.721537916649,3787.353621894781,3715.721537916649,3777.41015625,483608.0,DIVISLAB,0.01787593447288871,False
2023-09-15,3785.325253244997,3804.2227894699663,3765.042660999448,3775.03564453125,315409.0,DIVISLAB,-0.0006286083905453488,False
2023-09-18,3767.812803458953,3779.487709090515,3731.502066710701,3745.15576171875,185723.0,DIVISLAB,-0.007915126008355977,False
2023-09-19,3767.812803458953,3779.487709090515,3731.502066710701,3745.15576171875,185723.0,DIVISLAB,0.0,False
2023-09-20,3733.975650403243,3763.063758372452,3715.1771508384154,3739.516357421875,201038.0,DIVISLAB,-0.0015057863158906004,False
2023-09-21,3735.509307366829,3757.919001297993,3693.509549543721,3707.064208984375,262481.0,DIVISLAB,-0.00867816726435533,False
2023-09-22,3681.537632895874,3702.314921337372,3645.919424139021,3665.7568359375,190002.0,DIVISLAB,-0.011142880381398101,False
2023-09-25,3650.866313216609,3710.22999310631,3648.887523886952,3688.9580078125,206150.0,DIVISLAB,0.006329162820497558,False
2023-09-26,3680.498640024093,3724.477184624051,3667.686027407773,3713.98974609375,251701.0,DIVISLAB,0.006785585042778264,False
2023-09-27,3716.018257407784,3818.568923561436,3716.018257407784,3728.039306640625,803962.0,DIVISLAB,0.0037828754270665677,False
2023-09-28,3738.131024029945,3759.6503588516575,3612.280065934622,3626.131591796875,347090.0,DIVISLAB,-0.0273354722044441,False
2023-09-29,3647.898380656689,3743.869669759943,3647.898380656689,3725.219482421875,296674.0,DIVISLAB,0.0273260603253227,False
2023-10-02,3647.898380656689,3743.869669759943,3647.898380656689,3725.219482421875,296674.0,DIVISLAB,0.0,False
2023-10-03,3720.173721055984,3724.0817819483223,3665.757010639629,3684.951171875,210945.0,DIVISLAB,-0.010809647790388843,False
2023-10-04,3660.760413681647,3692.421044286461,3614.654523742809,3668.42822265625,241798.0,DIVISLAB,-0.0044838990933881995,False
2023-10-05,3626.131771622198,3666.2022591394416,3616.2873421350414,3657.990234375,344288.0,DIVISLAB,-0.002845357097839618,False
2023-10-06,3660.760492329919,3689.255108796722,3657.99013878219,3682.329345703125,244389.0,DIVISLAB,0.00665368406383493,False
2023-10-09,3660.760310284525,3756.2368967554594,3644.7816828480463,3666.004150390625,447464.0,DIVISLAB,-0.004433388157294993,False
2023-10-10,3667.6367286507607,3686.0395671619694,3646.1173933754258,3674.265625,147622.0,DIVISLAB,0.002253536622017993,False
2023-10-11,3689.452909543932,3727.049908890317,3679.311613667605,3710.7744140625,205216.0,DIVISLAB,0.009936349950883105,False
2023-10-12,3758.710579992698,3758.710579992698,3689.601261468331,3715.424560546875,323652.0,DIVISLAB,0.0012531471777839087,False
2023-10-13,3701.1277485172295,3722.548047188965,3690.442237428329,3695.735595703125,109845.0,DIVISLAB,-0.005299250334086181,False
2023-10-16,3671.6933388312914,3687.078475099868,3601.1494466994027,3616.435546875,274847.0,DIVISLAB,-0.021457175919274096,False
2023-10-17,3659.424805591949,3659.424805591949,3588.5347681788885,3607.927001953125,273198.0,DIVISLAB,-0.002352743415882874,False
2023-10-18,3621.1846533088415,3645.127957077809,3594.965693387344,3602.583984375,192368.0,DIVISLAB,-0.0014809106656626936,False
2023-10-19,3602.3861871472536,3618.068190130448,3562.31570085792,3599.170654296875,350687.0,DIVISLAB,-0.0009474671771509957,False
2023-10-20,3581.608897892923,3595.856085286062,3496.5209516998866,3516.605712890625,465355.0,DIVISLAB,-0.022939990719161862,False
2023-10-23,3498.6479338142444,3586.5557485757736,3453.976860214628,3463.8212890625,427540.0,DIVISLAB,-0.015010048932877496,False
2023-10-24,3498.6479338142444,3586.5557485757736,3453.976860214628,3463.8212890625,427540.0,DIVISLAB,0.0,False
2023-10-25,3462.8814712829094,3482.5210528191906,3385.065674270229,3406.93115234375,522676.0,DIVISLAB,-0.01642409696435221,False
2023-10-26,3394.316510586845,3397.334212875809,3344.154245218853,3370.274169921875,538755.0,DIVISLAB,-0.010759531315053805,False
2023-10-27,3370.8679251398908,3400.9454290254007,3360.429762180282,3375.765380859375,283983.0,DIVISLAB,0.0016293068933401766,False
2023-10-30,3392.6345097668445,3410.64144543957,3348.60644453365,3367.305908203125,244149.0,DIVISLAB,-0.0025059421203308396,False
2023-10-31,3364.3377848871883,3386.648684634956,3336.535937561157,3352.415771484375,220543.0,DIVISLAB,-0.004421973270226531,False
2023-11-01,3363.9420051379666,3372.5992088276603,3304.5783226943554,3310.564208984375,292897.0,DIVISLAB,-0.012484001195791183,False
2023-11-02,3324.959929050895,3371.6097925859726,3294.7338726227867,3308.239013671875,406645.0,DIVISLAB,-0.000702356204477117,False
2023-11-03,3332.281371655453,3351.970229695192,3304.6773559633257,3315.164794921875,352546.0,DIVISLAB,0.0020934948234931916,False
2023-11-06,3324.3661035867235,3493.453556699177,3260.352316509492,3469.51025390625,1821472.0,DIVISLAB,0.0465574016775272,False
2023-11-07,3399.1646738023023,3530.952005187147,3364.981037140158,3444.478759765625,1291049.0,DIVISLAB,-0.007214705335556348,False
2023-11-08,3448.0405974630185,3499.1427381046974,3444.7260285321104,3453.8779296875,480765.0,DIVISLAB,0.00272876408229461,False
2023-11-09,3472.7755003260327,3482.6694476204084,3434.288141971488,3461.3974609375,296978.0,DIVISLAB,0.002177127102659382,False
2023-11-10,3454.026462439945,3461.892102100992,3435.4257935181963,3456.153564453125,121439.0,DIVISLAB,-0.0015149651386624496,False
2023-11-13,3462.8814436431626,3525.114273538345,3450.2666612413195,3472.775390625,235202.0,DIVISLAB,0.0048093424849033894,False
2023-11-14,3462.8814436431626,3525.114273538345,3450.2666612413195,3472.775390625,235202.0,DIVISLAB,0.0,False
2023-11-15,3497.460825409195,3502.457317067278,3464.118271576782,3499.3408203125,256472.0,DIVISLAB,0.0076496250691062695,False
2023-11-16,3499.3406263174857,3532.5346241704856,3482.669229549778,3510.61962890625,249987.0,DIVISLAB,0.00322312377470646,False
2023-11-17,3512.35129074474,3580.61952710006,3512.35129074474,3562.662109375,297110.0,DIVISLAB,0.014824300542341629,False
2023-11-20,3571.66520669518,3717.155739845576,3565.8773928615733,3633.9970703125,1601236.0,DIVISLAB,0.02002293755273188,False
2023-11-21,3642.8524270492376,3694.6968567896633,3615.248410192976,3682.131591796875,388729.0,DIVISLAB,0.013245613728641636,False
2023-11-22,3670.6544072900415,3703.848648420973,3645.919539316389,3662.4423828125,317027.0,DIVISLAB,-0.005347231214723247,False
2023-11-23,3666.251552040473,3685.495230504228,3601.495717710089,3649.38232421875,252188.0,DIVISLAB,-0.00356594240363739,False
2023-11-24,3649.382425552123,3738.8731296862393,3647.848815425484,3724.873291015625,829615.0,DIVISLAB,0.02068595726347633,False
2023-11-27,3649.382425552123,3738.8731296862393,3647.848815425484,3724.873291015625,829615.0,DIVISLAB,0.0,False
2023-11-28,3730.018095553091,3746.19479585067,3703.749617418681,3720.2724609375,197926.0,DIVISLAB,-0.001235164183764903,False
2023-11-29,3721.113408106903,3735.9048103287073,3681.488102685559,3690.19482421875,329180.0,DIVISLAB,-0.008084794066714807,False
2023-11-30,3689.9969332441865,3768.604291325555,3689.9969332441865,3748.51953125,887438.0,DIVISLAB,0.015805319179482025,False
2023-12-01,3758.7105299493737,3779.190952281346,3731.996872589902,3752.477294921875,260031.0,DIVISLAB,0.0010558204749584466,False
2023-12-04,3769.593768548703,3794.378153841181,3749.805874750547,3757.820068359375,318936.0,DIVISLAB,0.0014237990046548354,False
2023-12-05,3748.866027907319,3769.593798515376,3684.5553725520695,3701.473876953125,449862.0,DIVISLAB,-0.014994382482727553,False
2023-12-06,3722.9441709713383,3741.4953227297337,3676.937314610519,3694.84521484375,298255.0,DIVISLAB,-0.0017908169366391835,False
2023-12-07,3694.84488828644,3732.8870651531256,3684.5057622638433,3694.74609375,281509.0,DIVISLAB,-2.6826859580442175e-05,False
2023-12-08,3699.346950700669,3707.707287983698,3623.559216630591,3642.7041015625,455037.0,DIVISLAB,-0.014085404211004904,False
2023-12-11,3639.983341833857,3654.379083980431,3603.128386823444,3631.573486328125,247368.0,DIVISLAB,-0.0030555913749900077,False
2023-12-12,3631.573302123012,3655.763954599239,3592.4922108728115,3608.916259765625,188686.0,DIVISLAB,-0.006238955826668002,False
2023-12-13,3630.8807460556473,3637.014944932133,3573.6936836493096,3617.22705078125,355453.0,DIVISLAB,0.002302849503126092,False
2023-12-14,3625.043062148984,3664.668367291805,3602.386020655575,3644.138427734375,448099.0,DIVISLAB,0.00743978096351805,False
2023-12-15,3660.760462987904,3680.84522410864,3640.032691919924,3657.841796875,338280.0,DIVISLAB,0.0037603865529183267,False
2023-12-18,3650.866522498738,3733.9261610620993,3648.145687014491,3673.672119140625,457133.0,DIVISLAB,0.00432777663570616,False
2023-12-19,3673.622432930657,3699.346694513257,3650.0747913255273,3684.40673828125,287231.0,DIVISLAB,0.002922040615626953,False
2023-12-20,3712.208736727383,3712.208736727383,3566.5698921681933,3581.608642578125,346170.0,DIVISLAB,-0.02790085433159306,False
2023-12-21,3576.661834415703,3611.0928182274206,3527.736314894219,3594.174072265625,353261.0,DIVISLAB,0.00350832012691793,False
2023-12-22,3611.29067234728,3722.993237893281,3605.304786073238,3655.763916015625,898967.0,DIVISLAB,0.01713602138117265,False
2023-12-25,3611.29067234728,3722.993237893281,3605.304786073238,3655.763916015625,898967.0,DIVISLAB,0.0,False
2023-12-26,3659.8204594776025,3855.671089149654,3654.823968005856,3822.5263671875,1249185.0,DIVISLAB,0.04561630756332513,False
2023-12-27,3852.7029948922327,3875.459073187693,3804.717351530067,3843.056396484375,598775.0,DIVISLAB,0.005370801225363486,False
2023-12-28,3858.639258125292,3910.087781566963,3820.399250303163,3898.16552734375,668311.0,DIVISLAB,0.014339922492365487,False
2023-12-29,3907.119846477637,3907.119846477637,3855.028309794331,3862.498046875,262845.0,DIVISLAB,-0.00914981167899609,False
2024-01-01,3868.533273364811,3898.1655962916784,3840.978534375128,3874.37060546875,240126.0,DIVISLAB,0.003073803131979691,False
2024-01-02,3883.374296051101,4009.1264622329777,3863.784232183662,3987.2607421875,1386959.0,DIVISLAB,0.029137671176681756,False
2024-01-03,4007.048653313658,4021.39487688725,3969.4516536035535,3987.8544921875,452402.0,DIVISLAB,0.0001489117563138187,False
2024-01-04,4007.0488280053823,4031.189963830066,3931.063261178841,3999.281982421875,485788.0,DIVISLAB,0.0028655735199873966,False
2024-01-05,4009.0273157769775,4026.935456429036,3937.790897530201,3972.17236328125,313459.0,DIVISLAB,-0.006778621577518296,False
2024-01-08,3956.5895920375706,3982.660240233593,3868.9786389073433,3892.42724609375,403753.0,DIVISLAB,-0.020075945828701647,False
2024-01-09,3907.070258125676,3961.5364861468506,3879.0210625514833,3942.3916015625,468363.0,DIVISLAB,0.012836297844459832,False
2024-01-10,3942.39159799372,3974.299577904456,3836.4275677791697,3861.26123046875,351976.0,DIVISLAB,-0.020578973195254258,False
2024-01-11,3861.261174862464,3901.084312007017,3840.533403963351,3863.7841796875,238212.0,DIVISLAB,0.0006534002928477722,False
2024-01-12,3870.462573262655,3883.57205312202,3819.558263930354,3842.759521484375,291344.0,DIVISLAB,-0.005441468059643406,False
2024-01-15,3858.639409376533,3902.123259025757,3830.689008526562,3868.1376953125,326872.0,DIVISLAB,0.00660415352202981,False
2024-01-16,3868.137676650316,3884.7100381362734,3760.095580467876,3774.046142578125,483779.0,DIVISLAB,-0.024324768181959278,False
2024-01-17,3769.692967017776,3779.388842155372,3677.926605575992,3689.255126953125,574671.0,DIVISLAB,-0.022466873064534765,False
2024-01-18,3689.255283263481,3716.7109882543496,3546.980266387895,3660.95849609375,651966.0,DIVISLAB,-0.007670011936188437,False
2024-01-19,3690.442260822264,3693.7568297146254,3625.3400407258887,3654.626220703125,324763.0,DIVISLAB,-0.001729676913131195,False
2024-01-22,3690.442260822264,3693.7568297146254,3625.3400407258887,3654.626220703125,324763.0,DIVISLAB,0.0,False
2024-01-23,3660.7604672838,3660.7604672838,3547.821156515068,3577.00830078125,387616.0,DIVISLAB,-0.02123826493723946,False
2024-01-24,3611.2907273200094,3633.007893109631,3570.725543807648,3604.9091796875,377660.0,DIVISLAB,0.007800059871305276,False
2024-01-25,3605.354271393464,3621.184586525817,3509.6303345775145,3540.944580078125,407761.0,DIVISLAB,-0.01774374787853039,False
2024-01-26,3605.354271393464,3621.184586525817,3509.6303345775145,3540.944580078125,407761.0,DIVISLAB,0.0,False
2024-01-29,3540.054334518185,3547.969492337119,3512.450318245232,3532.73291015625,765970.0,DIVISLAB,-0.0023190619723547634,False
2024-01-30,3537.0366305248003,3580.965901328836,3502.754199859225,3514.033203125,1052177.0,DIVISLAB,-0.0052932694055330964,False
2024-01-31,3546.980078455432,3641.862935676939,3522.2947284512265,3631.67236328125,840784.0,DIVISLAB,0.033476963180551156,False
2024-02-01,3656.802822344244,3656.802822344244,3597.48865820877,3616.63330078125,393645.0,DIVISLAB,-0.00414108460114837,False
2024-02-02,3626.1316661367296,3704.9863773874495,3626.1316661367296,3660.166748046875,423758.0,DIVISLAB,0.012037008909977498,False
2024-02-05,3660.166588911254,3702.314898972834,3625.686329184392,3660.265625,518516.0,DIVISLAB,2.7014330201691195e-05,False
2024-02-06,3658.781499873164,3704.689316068738,3650.76730640322,3686.979248046875,276514.0,DIVISLAB,0.007298274437903762,False
2024-02-07,3700.286614616876,3731.007367985758,3662.936965149504,3692.22314453125,226715.0,DIVISLAB,0.001422274477718588,False
2024-02-08,3706.222974812568,3725.0709918865846,3621.5802111355088,3645.32568359375,399402.0,DIVISLAB,-0.01270168651831416,False
2024-02-09,3658.286752394965,3658.286752394965,3575.177601022098,3613.566162109375,415749.0,DIVISLAB,-0.008712396159090141,False
2024-02-12,3611.2905422015406,3778.102580031752,3607.03609681414,3700.484375,1303179.0,DIVISLAB,0.024053306067014946,False
2024-02-13,3700.484487654866,3792.15205146816,3647.898256012073,3661.20556640625,814115.0,DIVISLAB,-0.010614504646773493,False
2024-02-14,3650.86669021664,3689.106701340467,3593.5313117794917,3680.2021484375,452222.0,DIVISLAB,0.005188613883239768,False
2024-02-15,3690.145335968369,3705.283123072518,3657.346998535579,3669.5166015625,288401.0,DIVISLAB,-0.0029035217208208675,False
2024-02-16,3669.368043592436,3738.823502616678,3668.675515618761,3689.650634765625,625808.0,DIVISLAB,0.005486835294477688,False
2024-02-19,3690.442498126875,3723.3398742831,3676.2941045824778,3683.9619140625,217681.0,DIVISLAB,-0.0015418047035464788,False
2024-02-20,3683.5165400136143,3699.346855522671,3636.2234241200185,3673.375244140625,328713.0,DIVISLAB,-0.002873718612959375,False
2024-02-21,3668.725161402037,3700.039407853788,3598.626448456826,3610.400390625,386150.0,DIVISLAB,-0.017143593923892086,False
2024-02-22,3620.887895097893,3620.887895097893,3558.902411027563,3606.739501953125,485941.0,DIVISLAB,-0.0010139841224759971,False
2024-02-23,3606.739329750359,3630.138659251824,3588.386251372708,3609.410888671875,326640.0,DIVISLAB,0.000740665278793573,False
2024-02-26,3610.3011645671622,3616.2375326097504,3518.6338446634427,3539.4111328125,404285.0,DIVISLAB,-0.019393678918371182,False
2024-02-27,3542.032894496808,3559.8419984356187,3472.6762319812,3502.25927734375,524599.0,DIVISLAB,-0.01049662050399558,False
2024-02-28,3502.4571634126382,3515.7644735339613,3469.807139007944,3481.036865234375,464435.0,DIVISLAB,-0.006059634775375855,False
2024-02-29,3471.984093885805,3491.9698200176545,3428.252893169234,3451.800537109375,807900.0,DIVISLAB,-0.008398741310954638,False
2024-03-01,3453.977153389218,3481.6802070400054,3437.157442244097,3445.46826171875,347396.0,DIVISLAB,-0.0018344847341404957,False
2024-03-04,3477.5244677077408,3504.435954679009,3441.1146951929964,3445.369140625,494795.0,DIVISLAB,-2.8768540651258334e-05,False
2024-03-05,3447.6448920275143,3459.41859241817,3415.3905279644,3447.496337890625,485056.0,DIVISLAB,0.0006174076503278059,False
2024-03-06,3448.040563511553,3522.2451667435093,3413.411748669974,3507.057861328125,642191.0,DIVISLAB,0.017276747413151217,False
2024-03-07,3507.057831255584,3581.608818617268,3498.9943610607647,3563.404052734375,624261.0,DIVISLAB,0.01606651319545427,False
2024-03-08,3507.057831255584,3581.608818617268,3498.9943610607647,3563.404052734375,624261.0,DIVISLAB,0.0,False
2024-03-11,3563.404255087709,3613.319172291264,3548.0191182989183,3566.520751953125,408279.0,DIVISLAB,0.000874640981664232,False
2024-03-12,3561.820916820977,3596.350695199582,3526.796441092813,3539.806884765625,415249.0,DIVISLAB,-0.007490175732994375,False
2024-03-13,3539.807166268828,3548.959067963465,3418.111608599604,3442.89599609375,402498.0,DIVISLAB,-0.027377450755563304,False
2024-03-14,3423.305935784053,3492.563570323037,3404.5074349806146,3480.591796875,385179.0,DIVISLAB,0.01094886421896546,False
2024-03-15,3479.800285333288,3487.3195403154778,3418.4082943117805,3448.436279296875,317079.0,DIVISLAB,-0.00923852018699678,False
2024-03-18,3448.436259792698,3482.6694137185777,3438.146651327289,3469.41162109375,171118.0,DIVISLAB,0.006082566154057556,False
2024-03-19,3472.5775189137626,3477.672804928554,3385.7581351752438,3410.591796875,525027.0,DIVISLAB,-0.0169538327078661,False
2024-03-20,3410.5918396745524,3423.305658175926,3361.1221047298136,3391.94189453125,517131.0,DIVISLAB,-0.005468230575361832,False
2024-03-21,3408.2669688518267,3440.521091689671,3394.860622128469,3428.549560546875,279116.0,DIVISLAB,0.010792539245630062,False
2024-03-22,3426.2740466726277,3439.4825633114247,3388.6770458717147,3395.05859375,409887.0,DIVISLAB,-0.009768260952754848,False
2024-03-25,3426.2740466726277,3439.4825633114247,3388.6770458717147,3395.05859375,409887.0,DIVISLAB,0.0,False
2024-03-26,3363.941905618733,3402.5282980655365,3339.207038665654,3355.037353515625,478462.0,DIVISLAB,-0.011788085280192373,False
2024-03-27,3354.04805275412,3367.305845191627,3314.472264521033,3332.133056640625,506472.0,DIVISLAB,-0.006826838112845235,False
2024-03-28,3331.341580964638,3432.9028535922043,3331.341580964638,3408.76171875,1145370.0,DIVISLAB,0.022996879418323735,False
2024-03-29,3331.341580964638,3432.9028535922043,3331.341580964638,3408.76171875,1145370.0,DIVISLAB,0.0,False
2024-04-01,3413.4117810315265,3551.9270417110665,3413.4117810315265,3530.11083984375,651461.0,DIVISLAB,0.035599179733293074,False
2024-04-02,3533.128448701152,3597.439103746118,3517.495964241472,3584.082275390625,675426.0,DIVISLAB,0.015288878450418153,False
2024-04-03,3624.944472695864,3686.4847768056793,3572.753900506787,3645.820556640625,799460.0,DIVISLAB,0.017225687499953235,False
2024-04-04,3668.6755633092894,3716.0674730216456,3649.1350179006167,3694.59765625,976430.0,DIVISLAB,0.01337890849304979,False
2024-04-05,3694.647168456547,3743.8695549145273,3687.177190141078,3708.399658203125,553607.0,DIVISLAB,0.003735725304155002,False
2024-04-08,3710.2302736175834,3772.562142214358,3681.092646845729,3755.742431640625,602786.0,DIVISLAB,0.012766362258926467,False
2024-04-09,3765.636324881337,3781.4666404877744,3732.046422264216,3764.597412109375,275295.0,DIVISLAB,0.0023577177162497076,False
2024-04-10,3723.0924830728695,3736.004133005297,3665.855899567949,3699.446044921875,1015345.0,DIVISLAB,-0.017306330546244086,False
2024-04-11,3723.0924830728695,3736.004133005297,3665.855899567949,3699.446044921875,1015345.0,DIVISLAB,0.0,False
2024-04-12,3699.346916940577,3768.604548442541,3688.463574847412,3739.615234375,573189.0,DIVISLAB,0.010858163348067773,False
2024-04-15,3730.018109452749,3730.018109452749,3647.106783271866,3677.135009765625,428141.0,DIVISLAB,-0.016707661268209884,False
2024-04-16,3660.710930523571,3740.901420551852,3647.1067531809135,3724.279541015625,318671.0,DIVISLAB,0.012820995455645523,False
2024-04-17,3660.710930523571,3740.901420551852,3647.1067531809135,3724.279541015625,318671.0,DIVISLAB,0.0,False
2024-04-18,3739.911977984754,3741.0004087788175,3656.011258845602,3669.56591796875,802591.0,DIVISLAB,-0.014691062377115371,False
2024-04-19,3622.174022990325,3671.495445763884,3602.386128846701,3632.760498046875,746223.0,DIVISLAB,-0.01002991109701834,False
2024-04-22,3650.6191947442,3704.986386694414,3636.025622517768,3697.86279296875,439590.0,DIVISLAB,0.01792088824927407,False
2024-04-23,3697.862581536227,3739.961373082465,3690.442121506389,3728.68212890625,307637.0,DIVISLAB,0.008334364378283832,False
2024-04-24,3739.565542043239,3783.3957751041794,3725.615221850304,3773.353515625,473558.0,DIVISLAB,0.011980475989744388,False
2024-04-25,3793.339527527748,3835.685671763492,3750.350373315587,3803.03564453125,835354.0,DIVISLAB,0.007866246505486396,False
2024-04-26,3809.16970549457,3996.165309218849,3795.367697339496,3973.755615234375,1155173.0,DIVISLAB,0.04489044717438273,False
2024-04-29,3982.313732193356,4056.518335898822,3928.985453617605,3946.94287109375,752787.0,DIVISLAB,-0.006747456747926761,False
2024-04-30,3970.441049894991,4022.8789705639256,3931.45899416923,3959.953369140625,360469.0,DIVISLAB,0.0032963482046217685,False
2024-05-01,3970.441049894991,4022.8789705639256,3931.45899416923,3959.953369140625,360469.0,DIVISLAB,0.0,False
2024-05-02,3959.953411204864,3966.4835131101854,3893.762999711932,3922.603759765625,868450.0,DIVISLAB,-0.00943183060337538,False
2024-05-03,3923.048907654263,3948.674133019458,3858.639217934324,3909.048828125,348122.0,DIVISLAB,-0.0034555954337419648,False
2024-05-06,3909.0489369752336,3946.695453575456,3859.777032663928,3920.97119140625,271254.0,DIVISLAB,0.0030499397181920074,False
2024-05-07,3927.451657841446,3927.451657841446,3832.172902877294,3869.918212890625,291924.0,DIVISLAB,-0.013020493144025092,False
2024-05-08,3861.6076047594415,3909.494212743105,3832.074075650503,3885.699462890625,308127.0,DIVISLAB,0.00407792855865341,False
2024-05-09,3892.2787007037978,3907.169139061261,3715.3748822649286,3749.75634765625,626179.0,DIVISLAB,-0.03498549399732653,False
2024-05-10,3754.505542204568,3790.7174848873847,3728.0392339486953,3753.268798828125,276308.0,DIVISLAB,0.0009367145078826855,False
2024-05-13,3736.053389438777,3891.487150469552,3684.505829415266,3870.017333984375,608329.0,DIVISLAB,0.031105828389563328,False
2024-05-14,3868.533334043494,3913.056096200005,3824.158884473594,3854.879638671875,262796.0,DIVISLAB,-0.003911531656349165,False
2024-05-15,3855.1763712232,3908.0594685671863,3826.533443543005,3851.268310546875,188401.0,DIVISLAB,-0.0009368199434222069,False
2024-05-16,3854.68185634198,3903.162197964351,3789.381804360828,3889.458984375,362920.0,DIVISLAB,0.009916388770820683,False
2024-05-17,3893.2682125191777,3912.7592401394168,3854.2861572787,3869.275390625,267526.0,DIVISLAB,-0.0051893062328418615,False
2024-05-20,3893.2682125191777,3912.7592401394168,3854.2861572787,3869.275390625,267526.0,DIVISLAB,0.0,False
2024-05-21,3820.74550173901,3996.066195969244,3809.169631947018,3973.953369140625,472233.0,DIVISLAB,0.027053638717278394,False
2024-05-22,4008.038078068815,4028.568018853788,3944.419948193522,4015.508056640625,398441.0,DIVISLAB,0.010456762734733838,False
2024-05-23,4016.9424523804096,4083.77587063145,3984.6880887776665,4069.38037109375,693482.0,DIVISLAB,0.013416064341854383,False
2024-05-24,4069.380450390427,4130.722922533439,4062.009266544991,4078.6806640625,612183.0,DIVISLAB,0.002285432208503524,False
2024-05-27,4253.160249281907,4312.771276910691,4170.892180801509,4210.12158203125,2534740.0,DIVISLAB,0.03222633218797544,False
2024-05-28,4197.754314470194,4354.9197573528845,4193.50011055096,4345.5205078125,2151413.0,DIVISLAB,0.032160336261815026,False
2024-05-29,4313.760902898775,4420.120833417494,4309.357903231498,4400.82763671875,1220726.0,DIVISLAB,0.01272738876892121,False
2024-05-30,4396.919562620415,4417.647575954803,4343.442969415809,4366.0009765625,768574.0,DIVISLAB,-0.00791366148168815,False
2024-05-31,4380.495707401102,4408.594419937523,4244.651526790941,4261.52099609375,970571.0,DIVISLAB,-0.02393036122291725,False
2024-06-03,4353.336765616521,4388.460278157291,4247.422254139667,4276.06494140625,515368.0,DIVISLAB,0.0034128531399544304,False
2024-06-04,4277.548969596489,4375.69711754198,4136.164562918177,4278.291015625,847809.0,DIVISLAB,0.0005205894319317839,False
2024-06-05,4288.383057859113,4477.011062697839,4261.075667242854,4454.94775390625,1077221.0,DIVISLAB,0.041291426327959346,False
2024-06-06,4452.275936807148,4452.275936807148,4320.290786767704,4401.7177734375,790310.0,DIVISLAB,-0.011948508357270016,False
2024-06-07,4403.597640601292,4492.2475003907975,4391.724904462595,4476.07080078125,432970.0,DIVISLAB,0.016891820687014336,False
2024-06-10,4476.071280235296,4531.032450359562,4467.166727177464,4488.14208984375,462274.0,DIVISLAB,0.0026968494467052295,False
2024-06-11,4511.639449680015,4536.374315083962,4414.975402440252,4427.986328125,264078.0,DIVISLAB,-0.013403265875845838,False
2024-06-12,4456.233978434624,4467.117320744301,4386.877309458744,4405.1318359375,296209.0,DIVISLAB,-0.0051613737021580786,False
2024-06-13,4453.562281109063,4568.035443999504,4449.159764445826,4544.78466796875,1275865.0,DIVISLAB,0.03170230477370706,False
2024-06-14,4546.268552766372,4578.869300700371,4510.749380389272,4539.9365234375,281968.0,DIVISLAB,-0.0010667490069263819,False
2024-06-17,4546.268552766372,4578.869300700371,4510.749380389272,4539.9365234375,281968.0,DIVISLAB,0.0,False
2024-06-18,4473.053614019368,4535.286446467981,4473.053614019368,4516.09228515625,241254.0,DIVISLAB,-0.005252108296702751,False
2024-06-19,4516.586576642506,4532.713516194194,4418.636506305681,4432.19140625,223028.0,DIVISLAB,-0.01857820292601642,False
2024-06-20,4438.424821238352,4474.290380705559,4392.61603783588,4456.283203125,412934.0,DIVISLAB,0.00543563999538188,False
2024-06-21,4452.276408990771,4527.421134068124,4442.135112725849,4474.19140625,583517.0,DIVISLAB,0.00401864116545414,False
2024-06-24,4464.743136525998,4507.138800947841,4440.898624876,4471.619140625,188506.0,DIVISLAB,-0.0005749118424854816,False
2024-06-25,4467.117081658596,4548.692868118521,4440.452701185838,4491.1591796875,353120.0,DIVISLAB,0.0043697905496864475,False
2024-06-26,4498.233938654276,4520.445560852389,4464.643793768035,4497.1455078125,203886.0,DIVISLAB,0.001332913817010617,False
2024-06-27,4497.145728725799,4507.7319631720775,4452.375614245559,4474.3896484375,531345.0,DIVISLAB,-0.0050600673995244705,False
2024-06-28,4474.389366952751,4599.152139392071,4474.389366952751,4547.70361328125,391476.0,DIVISLAB,0.016385243710134167,False
2024-07-01,4547.703473582657,4566.254624254677,4492.0500215666,4553.29345703125,507284.0,DIVISLAB,0.00122915744413854,False
2024-07-02,4558.834309107615,4571.844753239177,4516.834309408021,4522.96875,258530.0,DIVISLAB,-0.006659950059757835,False
2024-07-03,4528.410343952203,4546.31800185051,4457.223200811298,4510.798828125,573402.0,DIVISLAB,-0.00269069333609695,False
2024-07-04,4510.798843619781,4528.855297269998,4473.74630119655,4495.85888671875,242990.0,DIVISLAB,-0.0033120389482010903,False
2024-07-05,4501.745639408262,4620.4729969311165,4501.745639408262,4580.6005859375,1285879.0,DIVISLAB,0.018848834305962292,False
2024-07-08,4580.30366953907,4600.338911960277,4397.859385790734,4416.85595703125,890261.0,DIVISLAB,-0.035747414740536,False
2024-07-09,4443.7676372040105,4534.297259959711,4410.7219480318045,4503.67578125,769145.0,DIVISLAB,0.01965647624993072,False
2024-07-10,4523.512547077999,4602.515810121186,4488.685660561007,4587.77392578125,550188.0,DIVISLAB,0.018673223521411764,False
2024-07-11,4607.314649669316,4610.579459049372,4516.636235843249,4533.9013671875,559139.0,DIVISLAB,-0.011742635854615768,False
2024-07-12,4541.321684343956,4545.872996595901,4437.731865754042,4491.1591796875,661038.0,DIVISLAB,-0.00942724246480775,False
2024-07-15,4493.830778111416,4555.519634973131,4487.99344593612,4526.87646484375,616728.0,DIVISLAB,0.007952798760237911,False
2024-07-16,4526.876507647471,4550.177043177456,4503.428142632877,4522.3251953125,266585.0,DIVISLAB,-0.0010053884983598493,False
2024-07-17,4526.876507647471,4550.177043177456,4503.428142632877,4522.3251953125,266585.0,DIVISLAB,0.0,False
2024-07-18,4501.746014503172,4554.282971205096,4467.859245053341,4536.1767578125,432503.0,DIVISLAB,0.003062929334307407,False
2024-07-19,4531.427473518751,4538.600584694082,4448.7637441807465,4471.86572265625,279117.0,DIVISLAB,-0.014177365343069903,False
2024-07-22,4452.276287865002,4528.806066900328,4394.248383533741,4486.70703125,308095.0,DIVISLAB,0.003318818031265547,False
2024-07-23,4473.053377974342,4492.890548198882,4348.686272631583,4478.98974609375,499837.0,DIVISLAB,-0.0017200332231409599,False
2024-07-24,4458.410677921112,4530.735045428882,4453.711053003836,4503.3291015625,392515.0,DIVISLAB,0.005434117256012172,False
2024-07-25,4481.958121640986,4534.099417091963,4427.838036732331,4498.77783203125,232749.0,DIVISLAB,-0.0010106455532354897,False
2024-07-26,4522.4739803633365,4758.988594506107,4515.449181243592,4739.79443359375,1262221.0,DIVISLAB,0.05357379505306192,False
2024-07-29,4753.0522924084535,4898.493318008796,4721.095035806816,4871.63134765625,886247.0,DIVISLAB,0.027814901238773837,False
2024-07-30,4871.630968219011,4892.556568549871,4837.298780452351,4860.2529296875,515488.0,DIVISLAB,-0.002335648401274093,False
2024-07-31,4852.338094147831,4891.320149515299,4749.29273062742,4870.98828125,1167323.0,DIVISLAB,0.002208805121421964,False
2024-08-01,4877.715913219198,4954.888700487169,4848.034071962286,4865.744140625,622863.0,DIVISLAB,-0.0010766071117819243,False
2024-08-02,4839.663387065098,4987.290987744177,4817.165729707182,4968.6259765625,960970.0,DIVISLAB,0.02114411135565475,False
2024-08-05,4911.187219981084,4966.286429068991,4756.342484831969,4805.07080078125,1449786.0,DIVISLAB,-0.03291758658284116,False
2024-08-06,4808.106569532657,4936.521838159926,4793.224140485488,4805.66748046875,403211.0,DIVISLAB,0.0001241770854663038,False
2024-08-07,4819.056821367539,4934.630663047314,4819.056821367539,4924.07861328125,590493.0,DIVISLAB,0.024639893062461837,False
2024-08-08,4897.798519694999,5002.073714255054,4801.138552392796,4812.58642578125,722958.0,DIVISLAB,-0.022642243606607493,False
2024-08-09,4882.567462014982,4882.567462014982,4794.219745592448,4808.05712890625,222355.0,DIVISLAB,-0.0009411356959194705,False
2024-08-12,4807.06153275508,4882.766618933372,4755.894129789965,4868.830078125,431270.0,DIVISLAB,0.012639814292841889,False
2024-08-13,4877.789740368703,4897.649507310267,4781.278991792773,4839.7626953125,203334.0,DIVISLAB,-0.005970095966810529,False
2024-08-14,4826.025066361004,4826.025066361004,4621.00839866297,4640.8681640625,729449.0,DIVISLAB,-0.041095926344206335,False
2024-08-15,4826.025066361004,4826.025066361004,4621.00839866297,4640.8681640625,729449.0,DIVISLAB,0.0,False
2024-08-16,4643.854635932313,4688.4513734857765,4602.343457942766,4612.8955078125,522991.0,DIVISLAB,-0.006027461944860257,False
2024-08-19,4643.854729554875,4668.69183191399,4594.628679527144,4648.732421875,232374.0,DIVISLAB,0.007768854508368062,False
2024-08-20,4653.610270483877,4707.415568890415,4642.162396703933,4701.7412109375,255795.0,DIVISLAB,0.011402847970569896,False
2024-08-21,4714.532649426044,4940.852214090442,4713.487603295399,4878.58544921875,1371112.0,DIVISLAB,0.03761249935871902,False
2024-08-22,4905.165043768299,4907.604133042227,4846.930207632237,4889.18798828125,480842.0,DIVISLAB,0.002173281409716399,False
2024-08-23,4904.667207776864,4927.562954839756,4807.061837007692,4833.939453125,420463.0,DIVISLAB,-0.011300145400151007,False
2024-08-26,4837.970706594138,4911.635281138987,4837.970706594138,4903.92041015625,288510.0,DIVISLAB,0.014477003220636053,False
2024-08-27,4885.753390330188,4972.856776975236,4852.902970224057,4880.2783203125,400046.0,DIVISLAB,-0.0048210590438593215,False
2024-08-28,4859.970925295164,5072.901280167068,4836.925954880064,5007.8974609375,963990.0,DIVISLAB,0.02614997183538259,False
2024-08-29,5027.009900056925,5054.335670124247,4967.431088742724,4989.8291015625,430810.0,DIVISLAB,-0.003607973109660545,False
2024-08-30,4996.74788040651,5109.235680084951,4996.74788040651,5070.810546875,853203.0,DIVISLAB,0.01622930237974307,False
2024-09-02,5101.570588016132,5109.684035307344,5000.281790967739,5014.01953125,196235.0,DIVISLAB,-0.011199593260292184,False
2024-09-03,5014.019336130983,5075.340216198412,5013.72040431395,5043.037109375,288902.0,DIVISLAB,0.005787288610294983,False
2024-09-04,5037.562069852212,5086.837699228298,4992.517176331648,5073.49853515625,313543.0,DIVISLAB,0.006040293799270735,False
2024-09-05,5076.882820602573,5141.0408773411045,5064.090969615498,5097.68798828125,491284.0,DIVISLAB,0.004767805284141113,False
2024-09-06,5103.760379041902,5146.565469016312,5039.403521212575,5114.51123046875,432124.0,DIVISLAB,0.0033001710238393933,False
2024-09-09,5081.860298237109,5170.755329007283,5059.163839422425,5150.0498046875,354291.0,DIVISLAB,0.0069485768272510295,False
2024-09-10,5177.3756481554565,5422.658684176869,5174.438825306815,5401.853515625,1628691.0,DIVISLAB,0.0488934516144508,False
2024-09-11,5380.500686015746,5445.106415725812,5355.663582778904,5414.64501953125,595689.0,DIVISLAB,0.002367984224165065,False
2024-09-12,5425.296621875193,5488.01105988953,5371.74067717269,5457.94775390625,763771.0,DIVISLAB,0.007997335784488468,False
2024-09-13,5440.27827632223,5506.676138474155,5378.559304823989,5473.72607421875,401361.0,DIVISLAB,0.0028908888512551023,False
2024-09-16,5470.092637404873,5494.979319103712,5446.898444488756,5454.513671875,238494.0,DIVISLAB,-0.003509931275925582,False
2024-09-17,5454.214723615849,5534.797993141028,5411.360052286805,5427.48681640625,529121.0,DIVISLAB,-0.004954952374234267,False
2024-09-18,5427.237630689662,5457.848247288323,5367.608756168299,5444.359375,213575.0,DIVISLAB,0.003108724012511166,False
2024-09-19,5444.359444074373,5488.01077884508,5394.436860250587,5404.5908203125,341889.0,DIVISLAB,-0.007304542545467085,False
2024-09-20,5431.567617413495,5480.0470656274365,5402.749132932591,5426.04296875,630993.0,DIVISLAB,0.00396924561927503,False
2024-09-23,5465.114980128771,5557.643851678541,5340.18384533712,5348.49609375,588823.0,DIVISLAB,-0.014291607244287019,False
2024-09-24,5350.636437819299,5395.134018064267,5293.546294148225,5351.4326171875,515534.0,DIVISLAB,0.000549037222057791,False
2024-09-25,5351.43248923429,5423.803150587743,5330.22923186603,5369.8486328125,693122.0,DIVISLAB,0.0034413243971067597,False
2024-09-26,5385.47803238071,5394.039148277949,5268.261759125104,5354.9169921875,554676.0,DIVISLAB,-0.002780644603976423,False
2024-09-27,5347.351658622367,5498.264105922629,5291.5554272291365,5433.16064453125,6886792.0,DIVISLAB,0.01461155279491777,False
2024-09-30,5448.142685654981,5487.164710252435,5354.170188308474,5418.6767578125,820627.0,DIVISLAB,-0.0026658307505280643,False
2024-10-01,5415.888919469877,5439.282398838062,5338.441765180264,5399.21484375,686142.0,DIVISLAB,-0.003591635916359137,False
2024-10-02,5415.888919469877,5439.282398838062,5338.441765180264,5399.21484375,686142.0,DIVISLAB,0.0,False
2024-10-03,5375.523083997542,5468.798558604472,5217.940814684587,5405.685546875,602874.0,DIVISLAB,0.0011984526106587623,False
2024-10-04,5383.486775803792,5497.169327811753,5360.839896338271,5400.95703125,524300.0,DIVISLAB,-0.0008747300567147898,False
2024-10-07,5423.305563759807,5495.9746728189975,5352.328943448371,5379.853515625,383652.0,DIVISLAB,-0.003907365954384567,False
2024-10-08,5377.215478382152,5541.268281862244,5374.179011719415,5521.90625,396786.0,DIVISLAB,0.02640457290564302,False
2024-10-09,5630.263251395938,6002.6180764527135,5616.475932453127,5962.60009765625,3022787.0,DIVISLAB,0.07980828136230134,False
2024-10-10,5932.985008533202,5994.70398009848,5893.464762958554,5915.2158203125,640572.0,DIVISLAB,-0.007946915199356641,False
2024-10-11,5947.916794521933,6131.929012148482,5931.889674648619,6114.40869140625,1089288.0,DIVISLAB,0.03367465822797766,False
2024-10-14,6112.168867206531,6206.738255217056,6090.318166812694,6186.6796875,647056.0,DIVISLAB,0.01181978499332681,False
2024-10-15,6122.123556812997,6247.403206811135,5993.061325711017,6079.02001953125,1370567.0,DIVISLAB,-0.017401849361342148,False
2024-10-16,6074.042851414332,6114.906588525771,6029.545269903642,6095.89306640625,476603.0,DIVISLAB,0.0027756195605193046,False
2024-10-17,6095.892899155265,6142.978791496336,6018.196875090779,6049.8525390625,290563.0,DIVISLAB,-0.007552712431501463,False
2024-10-18,6049.902623258011,6064.286833356696,5977.432315933189,5994.95263671875,334347.0,DIVISLAB,-0.00907458520505644,False
2024-10-21,6002.618038745832,6080.712154170893,5882.5645891785925,5898.1435546875,566368.0,DIVISLAB,-0.016148431505246585,False
2024-10-22,5893.165847010725,5936.966403981751,5778.687118563726,5791.57861328125,569761.0,DIVISLAB,-0.018067539458506143,False
2024-10-23,5778.089872160132,5831.845102389989,5691.3350005860975,5701.63818359375,327730.0,DIVISLAB,-0.015529518926195474,False
2024-10-24,5734.886696856212,5745.1398148708895,5666.44832497479,5710.64697265625,560790.0,DIVISLAB,0.0015800352060961753,False
2024-10-25,5715.973006956007,5808.501883200789,5715.973006956007,5754.54736328125,1007972.0,DIVISLAB,0.007687463580782428,False
2024-10-28,5738.7688068265925,5823.483163391402,5681.927532069468,5788.04443359375,391605.0,DIVISLAB,0.0058209739529191395,False
2024-10-29,5773.710009397353,5818.605679270231,5719.954778275378,5777.044921875,274283.0,DIVISLAB,-0.0019003848095755504,False
2024-10-30,5817.261612543285,5907.052950919381,5770.723519642939,5859.91748046875,500928.0,DIVISLAB,0.014345146993742341,False
2024-10-31,5910.586818582287,5913.075486716427,5832.094128417915,5862.95361328125,423706.0,DIVISLAB,0.0005181186975105057,False
2024-11-01,5901.329184069454,5905.659077780581,5845.134863016078,5876.79052734375,34122.0,DIVISLAB,0.002360058594213621,False
2024-11-04,5877.487691639067,5914.369559959076,5815.221407663082,5874.9990234375,357941.0,DIVISLAB,-0.00030484392763607815,False
2024-11-05,5873.256900005377,5874.998967729955,5652.611676560302,5784.9091796875,397496.0,DIVISLAB,-0.015334444038305195,False
2024-11-06,5783.664628276349,5978.477760354779,5783.664628276349,5927.1611328125,619492.0,DIVISLAB,0.024590179155186798,False
2024-11-07,5972.803326370078,6022.576687423162,5854.890039608131,5932.93505859375,789818.0,DIVISLAB,0.0009741469232691369,False
2024-11-08,5952.894099468926,6034.522413207463,5853.347375397539,5922.880859375,447048.0,DIVISLAB,-0.0016946417109667822,False
2024-11-11,6127.100751810504,6127.100751810504,5755.990765851839,5873.20703125,1339441.0,DIVISLAB,-0.008386768078641027,False
2024-11-12,5888.188857453678,5922.880988764025,5755.841290482358,5784.36181640625,433122.0,DIVISLAB,-0.015127206374817792,False
2024-11-13,5783.266758007455,5805.266681922299,5684.665433119677,5743.94580078125,250370.0,DIVISLAB,-0.006987117491573214,False
2024-11-14,5743.945477121639,5799.542418318503,5697.208096928744,5724.0361328125,220287.0,DIVISLAB,-0.0034662005282226627,False
2024-11-15,5743.945477121639,5799.542418318503,5697.208096928744,5724.0361328125,220287.0,DIVISLAB,0.0,False
2024-11-18,5674.163434193058,5787.696281813176,5664.70649513607,5740.51123046875,390727.0,DIVISLAB,0.0028782308975667803,False
2024-11-19,5743.696817416867,5933.930706363499,5743.696817416867,5874.10302734375,427565.0,DIVISLAB,0.02327175951959437,False
2024-11-20,5743.696817416867,5933.930706363499,5743.696817416867,5874.10302734375,427565.0,DIVISLAB,0.0,False
2024-11-21,5853.447002152949,5977.283029320646,5853.447002152949,5950.00732421875,448388.0,DIVISLAB,0.012921853178547993,False
2024-11-22,5952.8942113883695,6029.495611428668,5952.8942113883695,5971.1611328125,309695.0,DIVISLAB,0.003555257572145587,False
2024-11-25,6002.61778274131,6156.9647814198825,5993.658577723885,6110.6259765625,839267.0,DIVISLAB,0.023356402657368935,False
2024-11-26,6121.277073513171,6131.132101640509,5978.875684099916,6044.974609375,218533.0,DIVISLAB,-0.010743803898210724,False
2024-11-27,6044.974879260435,6078.173809281499,5961.803784900114,5972.00732421875,149153.0,DIVISLAB,-0.012070734762572366,False
2024-11-28,5995.499952012881,5995.499952012881,5875.347346716153,5924.82177734375,318089.0,DIVISLAB,-0.00790112006119692,False
2024-11-29,5996.744112022342,6180.158947301486,5972.803319809298,6144.720703125,1027507.0,DIVISLAB,0.03711485915443635,False
2024-12-02,6156.964876238364,6253.525198468779,6141.5847129610665,6226.99609375,665882.0,DIVISLAB,0.013389606232738549,False
2024-12-03,6251.534320617184,6256.959811548738,6166.123425122572,6182.39892578125,742965.0,DIVISLAB,-0.007161907169575987,False
2024-12-04,6196.783407755934,6239.837364765644,6150.046027626873,6228.140625,556873.0,DIVISLAB,0.007398697458360859,False
2024-12-05,6156.815453515043,6156.815453515043,5839.510281227746,6068.5673828125,1426021.0,DIVISLAB,-0.025621329349399535,False
2024-12-06,6112.169009705174,6164.879195836591,6077.427299355467,6102.9609375,704328.0,DIVISLAB,0.005667491603522423,False
2024-12-09,5972.7538518194415,6014.164900084947,5910.735951222651,5932.63623046875,1123022.0,DIVISLAB,-0.027908536327781452,False
2024-12-10,5962.301393599372,6005.454509154257,5844.388105809358,5905.708984375,393478.0,DIVISLAB,-0.004538833167531342,False
2024-12-11,5929.002739109499,5943.437013742992,5877.238443872142,5901.080078125,355231.0,DIVISLAB,-0.000783801955403951,False
2024-12-12,5923.0301674892335,6027.554229268455,5901.3787546921085,5924.72265625,359123.0,DIVISLAB,0.004006483188160992,False
2024-12-13,5922.333032476389,5922.333032476389,5817.709814831263,5850.0625,445372.0,DIVISLAB,-0.012601460115814977,False
2024-12-16,5856.831491219367,5883.161794075686,5793.619321644721,5829.904296875,308602.0,DIVISLAB,-0.0034458098738261445,False
2024-12-17,5841.401741809824,5908.098046632806,5793.171159790488,5820.89501953125,393644.0,DIVISLAB,-0.0015453559586868781,False
2024-12-18,5821.492307363563,5878.034651079027,5812.981257052731,5823.234375,280887.0,DIVISLAB,0.0004018893075550256,False
2024-12-19,5820.845737985906,5842.397507536347,5753.800918991325,5794.3662109375,451008.0,DIVISLAB,-0.004957410642174254,False
2024-12-20,5763.755281379613,5930.247176165578,5763.755281379613,5820.248046875,497158.0,DIVISLAB,0.004466724227516927,False
2024-12-23,5820.248079183958,5908.098063019077,5810.54227360444,5822.93603515625,464380.0,DIVISLAB,0.00046183397332932863,False
2024-12-24,5833.438071285928,5906.156759300274,5713.434689007747,5756.14013671875,252658.0,DIVISLAB,-0.011471171593542606,False
2024-12-25,5833.438071285928,5906.156759300274,5713.434689007747,5756.14013671875,252658.0,DIVISLAB,0.0,False
2024-12-26,5765.746371618465,5895.157115456586,5690.588593466326,5860.06689453125,183602.0,DIVISLAB,0.01805493878607045,False
2024-12-27,5873.256877268172,5908.048652688682,5843.542082124664,5854.392578125,186225.0,DIVISLAB,-0.0009683023263002966,False
2024-12-30,5854.392557055818,6111.024309291634,5853.34751085608,6017.599609375,1928937.0,DIVISLAB,0.027877705342109316,False
2024-12-31,6002.069945736389,6107.440247953178,5948.563582780114,6071.1552734375,610044.0,DIVISLAB,0.008899838397201432,False
2025-01-01,6062.395599631566,6107.291270169202,6033.228603407008,6045.47265625,116675.0,DIVISLAB,-0.004230268545406313,False
2025-01-02,6045.472684856737,6126.852133561996,5982.758247322409,6116.8974609375,180792.0,DIVISLAB,0.011814593952990338,False
2025-01-03,6131.082694581493,6220.575101709977,6002.816644259141,6020.88427734375,427384.0,DIVISLAB,-0.015696385987649775,False
2025-01-06,6040.6943648628885,6040.6943648628885,5814.524018574686,5864.9443359375,334922.0,DIVISLAB,-0.025899840326286117,False
2025-01-07,5883.211411860441,5910.039448512619,5848.370058321505,5881.1708984375,303309.0,DIVISLAB,0.002766703581579044,False
2025-01-08,5903.120683367443,5938.808280833776,5795.809510228531,5841.7998046875,213589.0,DIVISLAB,-0.006694431165137571,False
2025-01-09,5835.130433804935,5878.781282816137,5785.406651432792,5798.1484375,98271.0,DIVISLAB,-0.007472246336218791,False
2025-01-10,5773.709980562154,5813.528670083272,5689.294553204578,5745.18994140625,384413.0,DIVISLAB,-0.009133690981630749,False
2025-01-13,5797.6013682948105,5860.8135398069535,5628.720443507858,5706.51611328125,770897.0,DIVISLAB,-0.006731514278801032,False
2025-01-14,5734.986651696949,5979.224646385423,5723.289911141294,5963.1474609375,439344.0,DIVISLAB,0.0449716328775398,False
2025-01-15,5973.152121721508,5973.201700657732,5742.352938307576,5850.2119140625,483267.0,DIVISLAB,-0.018938915667405798,False
2025-01-16,5813.528796053506,5925.817308508984,5729.611100496576,5889.23388671875,428736.0,DIVISLAB,0.00667018105146755,False
2025-01-17,5903.618583047143,5911.930831878388,5845.085302609968,5889.23388671875,177031.0,DIVISLAB,0.0,False
2025-01-20,5890.1797195739455,6000.676584348782,5813.578320242031,5973.40087890625,309737.0,DIVISLAB,0.014291670836390269,False
2025-01-21,5984.450795818965,6040.544987763409,5779.9814292168585,5792.5244140625,437884.0,DIVISLAB,-0.03028031577161938,False
2025-01-22,5812.085047432684,5820.397296082773,5728.913954133064,5786.1533203125,513868.0,DIVISLAB,-0.0010998820711972668,False
2025-01-23,5754.19869431549,5878.283587649969,5754.19869431549,5824.42919921875,449602.0,DIVISLAB,0.006615082039371778,False
2025-01-24,5823.483229895766,5873.654680508965,5681.42986334787,5736.4794921875,387486.0,DIVISLAB,-0.015100141837597891,False
2025-01-27,5699.547926248277,5722.941407388235,5520.861549030293,5551.47216796875,243092.0,DIVISLAB,-0.032251021636303445,False
2025-01-28,5555.105484672466,5559.68473135146,5327.392345496702,5385.67724609375,588891.0,DIVISLAB,-0.02986503703136878,False
2025-01-29,5349.740765056803,5622.399153714744,5337.197780212748,5594.67529296875,241519.0,DIVISLAB,0.03880627028412942,False
2025-01-30,5595.620946982514,5765.34810979506,5576.408137791683,5709.900390625,234255.0,DIVISLAB,0.020595493325781034,False
2025-01-31,5691.633677164911,5724.882672732184,5523.7482198238495,5552.41796875,429090.0,DIVISLAB,-0.0275805900455931,False
2025-02-03,5593.530256201394,5928.106882888078,5446.201109036809,5857.4287109375,1299208.0,DIVISLAB,0.054932957840017727,False
2025-02-04,6022.527248520389,6201.760931412754,5945.627403905359,6068.6171875,1307734.0,DIVISLAB,0.03605480953923523,False
2025-02-05,6033.07879507422,6179.06445487108,5980.269452348343,6095.74365234375,389786.0,DIVISLAB,0.004469958147899744,False
2025-02-06,6120.430911122844,6177.769920178685,6070.408683343801,6091.9609375,373619.0,DIVISLAB,-0.0006205501837820426,False
2025-02-07,6088.825094277036,6133.571542184915,6052.938693866003,6112.71630859375,153029.0,DIVISLAB,0.003407009878541256,False
2025-02-10,6114.16000411752,6150.99229329895,5894.808692819371,5911.880859375,284788.0,DIVISLAB,-0.03285535252738614,False
2025-02-11,5922.980611530686,5937.762911470981,5835.528715622552,5919.794921875,443166.0,DIVISLAB,0.0013386708372937761,False
2025-02-12,5919.794649227363,5972.803278322475,5778.687171776995,5942.7900390625,292103.0,DIVISLAB,0.0038844448990162928,False
2025-02-13,5972.505007586199,6127.100875876071,5957.622577887785,5983.255859375,667461.0,DIVISLAB,0.006809229342870093,False
2025-02-14,5990.024864864247,6032.531510695188,5739.913719309435,5817.26171875,294685.0,DIVISLAB,-0.027743112533773484,False
2025-02-17,5805.564808635789,5913.0752680549695,5734.140035827212,5896.89892578125,207670.0,DIVISLAB,0.013689809893642213,False
2025-02-18,5923.030315293703,5951.799222468671,5766.74195235234,5813.23046875,283564.0,DIVISLAB,-0.014188551997296628,False
2025-02-19,5783.664771785342,5929.251858338458,5713.982063691543,5907.99853515625,337225.0,DIVISLAB,0.016302134745163066,False
2025-02-20,5888.188777722946,5960.808307963312,5865.591476743879,5951.20166015625,292029.0,DIVISLAB,0.007312649917381453,False
2025-02-21,5932.984864514787,5971.11106611291,5658.38512386555,5730.95458984375,1003530.0,DIVISLAB,-0.037008840044368,False
2025-02-24,5654.652157440166,5724.633797841997,5638.774746197062,5676.70166015625,306309.0,DIVISLAB,-0.009466647979316734,False
2025-02-25,5675.15858934262,5748.12614173157,5639.122481753844,5700.443359375,188012.0,DIVISLAB,0.004182305261061892,False
2025-02-26,5675.15858934262,5748.12614173157,5639.122481753844,5700.443359375,188012.0,DIVISLAB,0.0,False
2025-02-27,5700.443500413702,5758.777977834928,5553.960593402855,5590.3447265625,257921.0,DIVISLAB,-0.01931404732430697,False
2025-02-28,5574.61637813056,5574.61637813056,5340.53236082319,5455.4091796875,564464.0,DIVISLAB,-0.02413724975382181,False
2025-03-03,5455.409174465594,5547.141380600752,5336.351199004459,5515.13720703125,308548.0,DIVISLAB,0.01094840467075131,False
2025-03-04,5475.069976327957,5531.762031691863,5433.111128177517,5492.68994140625,142095.0,DIVISLAB,-0.004070119161565411,False
2025-03-05,5435.25095739082,5537.833658780321,5435.25095739082,5491.54443359375,392202.0,DIVISLAB,-0.0002085513336306244,False
2025-03-06,5524.793485740122,5620.358338750697,5524.793485740122,5543.45849609375,280218.0,DIVISLAB,0.009453453965049041,False
2025-03-07,5528.128054823588,5594.326626587255,5503.341017647482,5553.462890625,187672.0,DIVISLAB,0.0018047207421683087,False
2025-03-10,5553.463009745524,5606.123130899038,5461.97966522117,5489.25537109375,281666.0,DIVISLAB,-0.011561708576398488,False
2025-03-11,5429.27849581643,5552.915725296877,5389.708671795766,5521.1103515625,211471.0,DIVISLAB,0.005803151486902358,False
2025-03-12,5499.956347070472,5651.367007250477,5456.852811212023,5641.4619140625,345394.0,DIVISLAB,0.02179843452430541,False
2025-03-13,5669.6837440648615,5732.149314241328,5578.598490341406,5594.97412109375,219553.0,DIVISLAB,-0.008240380539106251,False
2025-03-14,5669.6837440648615,5732.149314241328,5578.598490341406,5594.97412109375,219553.0,DIVISLAB,0.0,False
2025-03-17,5594.974056017716,5669.185944498752,5556.747725061699,5645.1455078125,133663.0,DIVISLAB,0.00896722408949091,False
2025-03-18,5594.974056017716,5669.185944498752,5556.747725061699,5645.1455078125,133663.0,DIVISLAB,0.0,False
2025-03-19,5753.80062841001,5823.48333498245,5716.022452348186,5791.72802734375,231264.0,DIVISLAB,0.02596611891197309,False
2025-03-20,5823.483399938996,5839.211588027873,5778.687373785619,5795.7099609375,252148.0,DIVISLAB,0.0006875208184760062,False
2025-03-21,5821.492585555446,5828.958590068384,5713.53396587115,5771.072265625,537097.0,DIVISLAB,-0.004251022821803674,False
2025-03-24,5769.628276348191,5908.097861779741,5749.221198645329,5883.908203125,322013.0,DIVISLAB,0.019551988314563173,False
2025-03-25,5913.324418008852,5913.324418008852,5789.090297825134,5814.17578125,330676.0,DIVISLAB,-0.011851378279145175,False
2025-03-26,5843.243395145592,5891.374332747787,5741.406806260676,5812.732421875,238411.0,DIVISLAB,-0.0002482483208805508,False
2025-03-27,5811.537918051828,5867.035218314141,5701.240339042895,5846.03076171875,385946.0,DIVISLAB,0.005728517576078174,False
2025-03-28,5823.483372931053,5858.324726444316,5711.991041688612,5749.271484375,291524.0,DIVISLAB,-0.01655127748854035,False
2025-03-31,5823.483372931053,5858.324726444316,5711.991041688612,5749.271484375,291524.0,DIVISLAB,0.0,False
2025-04-01,5723.439088682472,5792.126330550303,5495.974816699874,5524.544921875,341053.0,DIVISLAB,-0.03908783279946815,False
2025-04-02,5525.390495507489,5655.697546100347,5509.911174350015,5640.3173828125,316866.0,DIVISLAB,0.020956017658411374,False
2025-04-03,5863.252695201607,5942.939656469613,5703.38055295802,5736.8779296875,537669.0,DIVISLAB,0.01711970095322024,False
2025-04-04,5733.891202121103,5736.529093047371,5360.541414715739,5457.99755859375,681423.0,DIVISLAB,-0.04861187121493127,False
2025-04-07,4932.540321884288,5334.55987600868,4932.540321884288,5235.11279296875,565168.0,DIVISLAB,-0.040836362279800364,False
2025-04-08,5322.862880406852,5450.18304089751,5278.962678699451,5362.88037109375,369634.0,DIVISLAB,0.024405888311824775,False
2025-04-09,5275.976433334376,5404.989086351774,5207.886570540414,5361.73583984375,458062.0,DIVISLAB,-0.0002134172628890374,False
2025-04-10,5275.976433334376,5404.989086351774,5207.886570540414,5361.73583984375,458062.0,DIVISLAB,0.0,False
2025-04-11,5524.843175689877,5599.5032186046055,5361.73577138857,5563.96484375,794543.0,DIVISLAB,0.03771707707109706,False
2025-04-14,5524.843175689877,5599.5032186046055,5361.73577138857,5563.96484375,794543.0,DIVISLAB,0.0,False
2025-04-15,5612.941981765384,5741.357254559165,5579.593829528239,5708.5068359375,586197.0,DIVISLAB,0.025978236068451066,False
2025-04-16,5689.095234955439,5779.185019515976,5659.231217974046,5727.91845703125,280947.0,DIVISLAB,0.00340047260196763,False
2025-04-17,5723.936451580508,5771.718877611093,5570.634501399048,5614.43505859375,531948.0,DIVISLAB,-0.019812327861999268,False
2025-04-18,5723.936451580508,5771.718877611093,5570.634501399048,5614.43505859375,531948.0,DIVISLAB,0.0,False
2025-04-21,5823.483518529078,5893.166227297802,5772.714687854722,5864.79541015625,717346.0,DIVISLAB,0.044592260654842786,False
2025-04-22,5857.826974361084,5991.219584534316,5796.605739095011,5884.70458984375,666774.0,DIVISLAB,0.003394692959454826,False
2025-04-23,5900.134175846854,5947.916602106454,5864.795089759024,5897.6455078125,637067.0,DIVISLAB,0.00219907690712029,False
2025-04-24,5955.382792114032,6279.905113924174,5926.514242014357,6187.32666015625,2081063.0,DIVISLAB,0.04911810178485876,False
2025-04-25,6211.715371621622,6256.511395936201,5937.464156095699,5985.24658203125,964571.0,DIVISLAB,-0.032660321528893865,False
2025-04-28,5987.735719971169,6097.2371213339,5964.839972413507,5999.18359375,317230.0,DIVISLAB,0.002328560992055362,False
2025-04-29,6027.554200577752,6102.214244350391,5889.184252785793,6080.31396484375,640125.0,DIVISLAB,0.013523568636617966,False
2025-04-30,6087.779996447988,6108.1870751704455,5988.23327097259,6059.4091796875,489551.0,DIVISLAB,-0.003438109491898156,False
2025-05-01,6087.779996447988,6108.1870751704455,5988.23327097259,6059.4091796875,489551.0,DIVISLAB,0.0,False
2025-05-02,6052.441093017518,6125.11020482513,6018.097471683784,6051.943359375,957962.0,DIVISLAB,-0.0012321036739897373,False
2025-05-05,6177.372106189153,6179.860774348927,6068.368440791085,6096.7392578125,399200.0,DIVISLAB,0.0074019031206078445,False
2025-05-06,6082.304900692106,6150.494407352893,5942.939485618964,6133.07373046875,344379.0,DIVISLAB,0.005959656649198175,False
2025-05-07,6057.418374115566,6142.033092570755,6032.03395857901,6120.1328125,346799.0,DIVISLAB,-0.0021100215874562123,False
2025-05-08,6144.521474544658,6155.969347684758,5893.165999077259,5933.482421875,364862.0,DIVISLAB,-0.030497767996762737,False
2025-05-09,5815.022012039652,6028.052006146728,5815.022012039652,5998.18798828125,449984.0,DIVISLAB,0.010905158523382363,False
2025-05-12,6007.644860605646,6016.604065865869,5851.854235802865,5915.06640625,705516.0,DIVISLAB,-0.013857782082463244,False
2025-05-13,5928.505009734286,6119.634715362527,5928.00727612588,6048.95654296875,759310.0,DIVISLAB,0.02263544101166448,False
2025-05-14,6072.350193379958,6254.022965558948,6028.051900985628,6187.32666015625,576348.0,DIVISLAB,0.022875039059148117,False
2025-05-15,6170.403579126312,6231.12707970334,6135.562226336215,6186.3310546875,462230.0,DIVISLAB,-0.00016091044217225736,False
2025-05-16,6210.720197309325,6294.339446639984,6134.069218756221,6251.03662109375,556329.0,DIVISLAB,0.010459441280178616,False
2025-05-19,6370.990216565349,6674.607719073542,6304.79164634635,6550.17431640625,2712326.0,DIVISLAB,0.04785409419984488,False
2025-05-20,6550.174515994286,6565.106524769349,6403.840829998669,6423.25244140625,448280.0,DIVISLAB,-0.019376869815830422,False
2025-05-21,6424.745481311766,6566.59956112071,6424.745481311766,6522.30126953125,510445.0,DIVISLAB,0.015420354256435731,False
2025-05-22,6510.355680552634,6540.219697435903,6428.7273677383655,6508.36474609375,326992.0,DIVISLAB,-0.0021367494173573087,False
2025-05-23,6530.265236965911,6530.265236965911,6427.732109007452,6453.6142578125,224119.0,DIVISLAB,-0.008412326354958921,False
2025-05-26,6609.902566980852,6733.340506484711,6562.617872412841,6706.462890625,1467231.0,DIVISLAB,0.03917938425067957,False
2025-05-27,6694.517264219497,6729.856351636566,6653.703106920909,6667.6396484375,294304.0,DIVISLAB,-0.005788929696721512,False
2025-05-28,6699.494327961356,6719.403672175209,6589.992934785168,6605.92041015625,312692.0,DIVISLAB,-0.009256534776247771,False
2025-05-29,6614.879725537562,6640.264139834208,6573.070101990147,6601.44091796875,364770.0,DIVISLAB,-0.0006781026578238647,False
2025-05-30,6571.576891004282,6637.277727905938,6511.351123844431,6582.029296875,786589.0,DIVISLAB,-0.0029405127357744476,False
2025-06-02,6584.518128981519,6600.94333861614,6490.446473801422,6509.3603515625,283232.0,DIVISLAB,-0.011040507727153592,False
2025-06-03,6514.3374198411175,6570.083583580589,6484.971137156932,6500.40087890625,398776.0,DIVISLAB,-0.0013763983206275254,False
2025-06-04,6520.310666547437,6619.359660642318,6500.401321000727,6588.00244140625,407206.0,DIVISLAB,0.013476332326559426,False
2025-06-05,6597.956856224542,6648.725685383784,6578.047511456212,6598.45458984375,200706.0,DIVISLAB,0.001586542890726239,False
2025-06-06,6599.947899506504,6599.947899506504,6475.514492653063,6514.83544921875,361092.0,DIVISLAB,-0.012672534073918662,False
2025-06-09,6527.776306787264,6624.336627299405,6517.821634569518,6602.93408203125,254156.0,DIVISLAB,0.013522771756739438,False
2025-06-10,6614.382250800974,6666.644282280702,6581.034097380577,6643.74853515625,288574.0,DIVISLAB,0.00618126012132536,False
2025-06-11,6649.721210954941,6735.33139420975,6649.721210954941,6688.54443359375,539922.0,DIVISLAB,0.006742563810243185,False
2025-06-12,6688.544286492216,6831.393833316392,6675.603212563894,6694.51708984375,647651.0,DIVISLAB,0.0008929680155822517,False
2025-06-13,6669.630693270024,6690.037772256895,6581.034106448974,6636.7802734375,431430.0,DIVISLAB,-0.008624493093585817,False
2025-06-16,6601.938581191589,6667.639417494159,6585.015638507593,6657.18701171875,166374.0,DIVISLAB,0.003074794921706925,False
2025-06-17,6659.675764968979,6672.119105337008,6461.080052695241,6508.36474609375,341004.0,DIVISLAB,-0.02235512767825598,False
2025-06-18,6518.319474168289,6618.861665202345,6483.478120839656,6519.31494140625,447218.0,DIVISLAB,0.0016824802757209323,False
2025-06-19,6515.333144603443,6536.7356904566095,6450.627773419452,6463.56884765625,240502.0,DIVISLAB,-0.008550912826122081,False
2025-06-20,6470.537130115102,6572.572523320763,6426.238837455083,6562.1201171875,560932.0,DIVISLAB,0.015247191119034165,False
2025-06-23,6540.219574250536,6634.29122566099,6530.264902143611,6605.92041015625,478962.0,DIVISLAB,0.0066747167358347514,False
2025-06-24,6649.721234578478,6649.721234578478,6525.287828242804,6535.740234375,270144.0,DIVISLAB,-0.010623830053016037,False
2025-06-25,6555.151818661396,6577.549831709213,6490.4464476343655,6556.64501953125,234226.0,DIVISLAB,0.0031985336636086714,False
2025-06-26,6559.133615108614,6597.956837295476,6509.360253330586,6586.01123046875,404238.0,DIVISLAB,0.004478847161928368,False
2025-06-27,6521.305807437364,6663.657620971717,6521.305807437364,6627.82080078125,545217.0,DIVISLAB,0.006348238539144457,False
2025-06-30,6649.721267737169,6798.045888828911,6635.784726158079,6778.63427734375,599664.0,DIVISLAB,0.02275460986282596,False
2025-07-01,6797.548302954712,6843.837531348561,6665.648888714177,6825.42138671875,385716.0,DIVISLAB,0.006902143921730275,False
2025-07-02,6825.421313044125,6854.289863773838,6712.435778291626,6828.40771484375,437491.0,DIVISLAB,0.00043753022059722646,False
2025-07-03,6856.778615155978,6908.542913644379,6821.937260404168,6844.8330078125,302964.0,DIVISLAB,0.0024054353012701313,False
2025-07-04,6848.814454680373,6913.519823801627,6838.859782507873,6875.1943359375,243498.0,DIVISLAB,0.0044356565149721305,False
2025-07-07,6883.655759982104,6899.583235348657,6829.900530619987,6857.27587890625,85574.0,DIVISLAB,-0.0026062473518149165,False
2025-07-08,6970.261661603218,7039.446635250951,6879.674142150791,6906.5517578125,531444.0,DIVISLAB,0.0071859262739928376,False
2025-07-09,6898.588204003186,6977.727852230928,6888.633531270137,6951.845703125,382020.0,DIVISLAB,0.006558112774767144,False
2025-07-10,6928.4520531996495,6950.850066302665,6799.041310826668,6813.4755859375,183664.0,DIVISLAB,-0.019904083476032786,False
2025-07-11,6799.041218509968,6874.198994790714,6794.063882332434,6804.0185546875,224031.0,DIVISLAB,-0.0013879893060039228,False
2025-07-14,6619.857357908967,6794.561864121452,6515.333294363037,6747.77490234375,968781.0,DIVISLAB,-0.008266240294862559,False
2025-07-15,6769.1773287923415,6787.593472995674,6703.974223640004,6759.22265625,132235.0,DIVISLAB,0.0016965227903902313,False
2025-07-16,6759.222464826023,6828.40743703595,6720.39924301038,6800.03662109375,327289.0,DIVISLAB,0.006038263113882003,False
2025-07-17,6799.538903982068,6849.809999019195,6732.344866061157,6759.72021484375,291956.0,DIVISLAB,-0.005928851342496988,False
2025-07-18,6749.267954590823,6750.761155465732,6652.209897721707,6700.98779296875,196816.0,DIVISLAB,-0.00868858769421088,False
2025-07-21,6711.440290825219,6715.422159879402,6633.29611063688,6657.68505859375,152442.0,DIVISLAB,-0.006462141957703116,False
2025-07-22,6654.698544105243,6654.698544105243,6549.676749579722,6583.02490234375,272172.0,DIVISLAB,-0.011214131577706343,False
2025-07-23,6610.898142755148,6648.725899030513,6586.011460995041,6622.84375,206835.0,DIVISLAB,0.006048715939396487,False
2025-07-24,6622.843620155625,6653.205371307698,6570.083855858578,6588.5,183852.0,DIVISLAB,-0.005185650046477419,False
2025-07-25,6598.0,6652.0,6569.0,6616.5,179064.0,DIVISLAB,0.0042498292479320465,False
2025-07-28,6616.5,6713.5,6555.5,6584.0,155158.0,DIVISLAB,-0.004911962517947566,False
2025-07-29,6580.0,6688.0,6473.0,6676.5,207710.0,DIVISLAB,0.014049210206561469,False
2025-07-30,6643.5,6733.5,6601.5,6650.0,226974.0,DIVISLAB,-0.003969145510372196,False
2025-07-31,6556.0,6662.5,6552.0,6595.5,208301.0,DIVISLAB,-0.008195488721804534,False
2025-08-01,6598.0,6598.0,6335.5,6361.5,467222.0,DIVISLAB,-0.03547873550147829,False
2025-08-04,6372.0,6513.5,6343.0,6489.5,351237.0,DIVISLAB,0.020121040635070253,False
2025-08-05,6489.5,6530.5,6363.5,6409.0,377699.0,DIVISLAB,-0.012404653671315158,False
2025-08-06,6410.5,6449.0,6054.5,6133.5,984259.0,DIVISLAB,-0.042986425339366474,False
2025-08-07,6150.0,6174.5,5960.5,6131.5,1004420.0,DIVISLAB,-0.0003260780957039522,False
2025-08-08,6100.0,6118.0,5893.5,5914.5,541367.0,DIVISLAB,-0.03539101361820107,False
2025-08-11,5891.0,6016.0,5856.5,5992.0,677693.0,DIVISLAB,0.013103389973793123,False
2025-08-12,5992.0,6015.0,5947.0,5961.0,477759.0,DIVISLAB,-0.005173564753004012,False
2025-08-13,5971.0,6150.0,5970.0,6100.5,394932.0,DIVISLAB,0.023402113739305452,False
2025-08-14,6155.0,6205.0,6091.0,6132.5,407062.0,DIVISLAB,0.005245471682648883,False
2025-08-15,6155.0,6205.0,6091.0,6132.5,407062.0,DIVISLAB,0.0,False
2025-08-18,6148.0,6211.5,6092.5,6164.5,362833.0,DIVISLAB,0.005218100285364846,False
2025-08-19,6165.0,6170.5,6075.0,6079.5,246497.0,DIVISLAB,-0.013788628437018446,False
2025-08-20,6084.0,6096.0,5952.5,6005.0,544008.0,DIVISLAB,-0.012254297228390443,False
2025-08-21,6005.0,6060.0,5988.0,6028.0,219909.0,DIVISLAB,0.0038301415487094204,False
2025-08-22,6088.0,6188.0,6088.0,6151.5,681524.0,DIVISLAB,0.0204877239548773,False
2025-08-25,6255.0,6314.5,6204.0,6248.5,439686.0,DIVISLAB,0.015768511745102742,False
2025-08-26,6260.0,6260.0,6120.0,6190.5,546739.0,DIVISLAB,-0.009282227734656368,False
2025-08-27,6260.0,6260.0,6120.0,6190.5,546739.0,DIVISLAB,0.0,False
2025-08-28,6275.0,6275.0,6108.5,6132.0,415482.0,DIVISLAB,-0.009449963653985982,False
2025-08-29,6132.0,6177.5,6092.0,6131.5,283850.0,DIVISLAB,-8.153946510114363e-05,False
2025-09-01,6131.5,6135.0,6064.0,6093.0,192062.0,DIVISLAB,-0.006279050803229214,False
2025-09-02,6093.0,6148.5,6059.5,6120.5,307162.0,DIVISLAB,0.004513376005252034,False
2025-09-03,6145.0,6188.0,6097.0,6164.0,281110.0,DIVISLAB,0.007107262478555754,False
2025-09-04,6163.0,6197.5,6093.5,6133.5,294429.0,DIVISLAB,-0.004948085658663226,False
2025-09-05,6133.5,6177.5,6002.5,6009.0,213926.0,DIVISLAB,-0.020298361457569136,False
2025-09-08,6029.0,6066.0,5940.0,6027.5,519368.0,DIVISLAB,0.003078715260442566,False
2025-09-09,6025.0,6050.0,5997.5,6002.5,254569.0,DIVISLAB,-0.004147656574035707,False
2025-09-10,6015.0,6043.0,5896.5,6031.5,810989.0,DIVISLAB,0.004831320283215312,False
2025-09-11,6035.0,6075.0,5996.0,6015.5,258301.0,DIVISLAB,-0.00265273978280689,False
2025-09-12,6025.0,6083.5,6004.0,6026.5,487571.0,DIVISLAB,0.0018286094256503294,False
2025-09-15,6011.0,6065.5,5974.0,6057.0,152355.0,DIVISLAB,0.005060980668713189,False
2025-09-16,6125.0,6175.0,6060.5,6099.5,285215.0,DIVISLAB,0.007016674921578314,False
2025-09-17,6089.0,6138.5,6037.0,6051.5,413995.0,DIVISLAB,-0.007869497499795042,False
2025-09-18,6052.0,6129.5,6042.0,6112.0,480382.0,DIVISLAB,0.009997521275716847,False
2025-09-19,6187.0,6280.0,6156.5,6200.0,734989.0,DIVISLAB,0.014397905759162333,False
2025-09-22,6200.0,6201.0,6081.0,6092.5,290634.0,DIVISLAB,-0.01733870967741935,False
2025-09-23,6092.5,6128.0,6006.5,6051.0,264356.0,DIVISLAB,-0.006811653672548212,False
2025-09-24,6037.0,6078.5,5965.0,5984.0,253046.0,DIVISLAB,-0.011072549991736902,False
2025-09-25,5985.0,6011.0,5885.0,5897.0,210498.0,DIVISLAB,-0.014538770053475925,False
2025-09-26,5824.0,5824.0,5656.5,5689.5,672699.0,DIVISLAB,-0.035187383415295925,False
2025-09-29,5717.0,5735.0,5636.5,5697.5,467714.0,DIVISLAB,0.0014060989542139524,False
2025-09-30,5713.5,5736.5,5665.0,5689.5,281179.0,DIVISLAB,-0.0014041246160596543,False
2025-10-01,5692.5,5749.5,5675.0,5710.0,721666.0,DIVISLAB,0.0036031285701731974,False
2025-10-02,5692.5,5749.5,5675.0,5710.0,721666.0,DIVISLAB,0.0,False
2025-10-03,5759.5,5932.0,5746.0,5866.0,655087.0,DIVISLAB,0.02732049036777573,False
2025-10-06,5885.0,5898.0,5802.5,5826.5,196219.0,DIVISLAB,-0.006733719740879662,False
2025-10-07,5860.0,6120.0,5831.5,6104.5,1024126.0,DIVISLAB,0.04771303526988757,False
2025-10-08,6115.0,6267.5,6104.0,6120.5,874932.0,DIVISLAB,0.0026210172823326605,False
2025-10-09,6149.0,6218.5,6123.5,6132.0,336390.0,DIVISLAB,0.0018789314598479656,False
2025-10-10,6132.5,6507.5,6110.0,6474.5,1651908.0,DIVISLAB,0.055854533594259514,False
2025-10-13,6465.5,6620.0,6439.5,6556.0,905107.0,DIVISLAB,0.012587844621206212,False
2025-10-14,6570.0,6585.0,6495.0,6561.0,321275.0,DIVISLAB,0.0007626601586332438,False
2025-10-15,6580.0,6608.5,6527.0,6573.0,462127.0,DIVISLAB,0.0018289894833105613,False
2025-10-16,6573.0,6632.5,6538.5,6600.5,335444.0,DIVISLAB,0.004183782139053793,False
2025-10-17,6580.0,6647.0,6556.5,6621.5,302575.0,DIVISLAB,0.0031815771532459625,False
2025-10-20,6645.0,6669.0,6570.5,6604.0,368513.0,DIVISLAB,-0.0026429056860227673,False
2025-10-21,6648.0,6657.0,6553.0,6587.0,32977.0,DIVISLAB,-0.002574197456087224,False
2025-10-22,6648.0,6657.0,6553.0,6587.0,32977.0,DIVISLAB,0.0,False
2025-10-23,6600.0,6627.5,6548.5,6565.5,286780.0,DIVISLAB,-0.0032640048580537817,False
2025-10-24,6564.0,6675.0,6535.0,6593.0,250640.0,DIVISLAB,0.004188561419541603,False
2025-10-27,6610.0,6610.0,6468.5,6490.0,342190.0,DIVISLAB,-0.015622630062187115,False
2025-10-28,6495.0,6514.5,6383.0,6438.5,305957.0,DIVISLAB,-0.007935285053929153,False
2025-10-29,6450.0,6538.5,6450.0,6512.0,325673.0,DIVISLAB,0.01141570241515888,False
2025-10-30,6545.0,6695.0,6536.5,6655.0,537064.0,DIVISLAB,0.02195945945945943,False
2025-10-31,6642.0,6775.0,6608.5,6738.0,507645.0,DIVISLAB,0.012471825694966299,False
2025-11-03,6738.0,6861.5,6732.0,6804.0,499591.0,DIVISLAB,0.009795191451469343,False
2025-11-04,6803.0,6866.0,6757.0,6804.5,801413.0,DIVISLAB,7.348618459723788e-05,False
2025-11-05,6803.0,6866.0,6757.0,6804.5,801413.0,DIVISLAB,0.0,False
2025-11-06,6792.5,6904.5,6764.0,6883.5,721954.0,DIVISLAB,0.011609963994415384,False
2025-11-07,6874.5,6892.0,6601.5,6656.5,855609.0,DIVISLAB,-0.03297740974794794,False
2025-11-10,6700.0,6748.0,6636.5,6691.5,418569.0,DIVISLAB,0.005258018478179194,False
2025-11-11,6711.0,6725.0,6489.0,6539.5,388972.0,DIVISLAB,-0.02271538519016658,False
2025-11-12,6570.5,6574.5,6481.0,6520.0,476290.0,DIVISLAB,-0.002981879348574079,False
2025-11-13,6525.5,6645.0,6473.0,6593.5,397401.0,DIVISLAB,0.011273006134969288,False
2025-11-14,6584.0,6632.0,6481.0,6511.5,147365.0,DIVISLAB,-0.01243649048305151,False
2025-11-17,6528.0,6559.0,6476.0,6518.5,242726.0,DIVISLAB,0.0010750211164862744,False
2025-11-18,6485.0,6552.0,6456.0,6473.5,162830.0,DIVISLAB,-0.006903428702922487,False
2025-11-19,6510.0,6512.0,6434.0,6454.0,128134.0,DIVISLAB,-0.0030122808372595733,False
2025-11-20,6495.0,6497.5,6433.0,6462.5,114162.0,DIVISLAB,0.0013170127052990477,False
2025-11-21,6462.0,6462.0,6355.5,6373.0,130843.0,DIVISLAB,-0.01384912959381046,False
2025-11-24,6364.0,6382.5,6322.0,6359.0,393803.0,DIVISLAB,-0.002196767613368955,False
2025-11-25,6355.0,6443.0,6341.0,6412.0,179873.0,DIVISLAB,0.008334643811920062,False
2025-11-26,6417.5,6530.0,6411.5,6510.0,126970.0,DIVISLAB,0.015283842794759916,False
2025-11-27,6514.5,6542.0,6451.0,6490.5,95681.0,DIVISLAB,-0.002995391705069128,False
2025-11-28,6500.0,6568.0,6434.5,6477.0,250130.0,DIVISLAB,-0.002079963022879605,False
2025-12-01,6500.5,6524.5,6404.5,6422.5,100192.0,DIVISLAB,-0.00841438937779837,False
2025-12-02,6400.5,6453.5,6370.5,6417.5,151910.0,DIVISLAB,-0.0007785130400934648,False
2025-12-03,6419.5,6467.5,6342.5,6455.0,278865.0,DIVISLAB,0.005843396961433545,False
2025-12-04,6455.0,6492.5,6413.0,6469.0,200558.0,DIVISLAB,0.0021688613477923724,False
2025-12-05,6467.0,6486.5,6394.5,6473.5,148911.0,DIVISLAB,0.0006956252898437931,False
2025-12-08,6486.0,6486.0,6269.5,6328.5,179082.0,DIVISLAB,-0.02239901135398159,False
2025-12-09,6320.0,6341.5,6265.0,6294.0,236524.0,DIVISLAB,-0.00545152879829347,False
2025-12-10,6294.0,6407.0,6279.5,6294.5,270852.0,DIVISLAB,7.944073721000144e-05,False
2025-12-11,6300.5,6498.0,6274.0,6430.0,264850.0,DIVISLAB,0.021526729684645307,False
2025-12-12,6430.0,6519.0,6410.0,6426.5,128635.0,DIVISLAB,-0.0005443234836702837,False
2025-12-15,6410.0,6416.0,6330.5,6347.5,131176.0,DIVISLAB,-0.012292849918307036,False
2025-12-16,6348.0,6375.0,6283.0,6335.5,169831.0,DIVISLAB,-0.0018905080740448943,False
2025-12-17,6312.0,6374.5,6280.5,6293.0,194825.0,DIVISLAB,-0.006708231394522923,False
2025-12-18,6300.0,6437.0,6281.0,6380.0,396678.0,DIVISLAB,0.01382488479262678,False
2025-12-19,6410.0,6598.0,6408.5,6478.5,785205.0,DIVISLAB,0.01543887147335421,False
2025-12-22,6500.0,6543.0,6450.5,6511.5,255434.0,DIVISLAB,0.0050937717064134524,False
2025-12-23,6521.5,6552.0,6448.0,6476.5,192477.0,DIVISLAB,-0.005375105582431039,False
2025-12-24,6500.0,6580.0,6486.0,6496.5,252785.0,DIVISLAB,0.003088087701690778,False
2025-12-25,6500.0,6580.0,6486.0,6496.5,252785.0,DIVISLAB,0.0,False
2025-12-26,6495.0,6547.0,6402.0,6427.5,252704.0,DIVISLAB,-0.01062110367120761,False
2025-12-29,6450.0,6454.5,6371.0,6390.5,244981.0,DIVISLAB,-0.005756514974717963,False
2025-12-30,6410.0,6500.0,6285.0,6360.5,1927570.0,DIVISLAB,-0.004694468351459147,False
2025-12-31,6499.5,6499.5,6366.0,6392.5,273233.0,DIVISLAB,0.005031051018001831,False
2026-01-01,6398.0,6413.5,6300.0,6344.0,146473.0,DIVISLAB,-0.007587016034415361,False
2026-01-02,6351.0,6398.0,6332.5,6392.5,108528.0,DIVISLAB,0.007645018915510615,False
2026-01-05,6400.0,6447.0,6345.0,6363.5,145454.0,DIVISLAB,-0.004536566288619426,False
2026-01-06,6405.5,6660.0,6393.0,6642.5,732441.0,DIVISLAB,0.04384379665278537,False
2026-01-07,6680.0,6731.5,6613.0,6642.5,423884.0,DIVISLAB,0.0,False
2026-01-08,6645.0,6700.0,6580.5,6600.5,331547.0,DIVISLAB,-0.006322920587128356,False
2026-01-09,6600.0,6657.0,6529.5,6616.5,351042.0,DIVISLAB,0.0024240587834254423,False
2026-01-12,6635.0,6635.5,6340.0,6485.5,665870.0,DIVISLAB,-0.019798987380034716,False
2026-01-13,6461.0,6524.0,6372.0,6436.5,253726.0,DIVISLAB,-0.007555315704263377,False
2026-01-14,6405.0,6462.0,6345.5,6355.5,524643.0,DIVISLAB,-0.012584479142391025,False
2026-01-15,6405.0,6462.0,6345.5,6355.5,524643.0,DIVISLAB,0.0,False
2026-01-16,6355.5,6384.0,6227.5,6236.0,409423.0,DIVISLAB,-0.018802611910943234,False
2026-01-19,6236.0,6257.5,6100.0,6140.0,351743.0,DIVISLAB,-0.015394483643361156,False
2026-01-20,6142.5,6163.5,6000.0,6013.0,204440.0,DIVISLAB,-0.020684039087947914,False
2026-01-21,6005.0,6092.5,5955.0,6010.0,324388.0,DIVISLAB,-0.0004989190088142692,False
2026-01-22,6021.0,6135.0,6010.0,6071.0,372206.0,DIVISLAB,0.010149750415973324,False
2026-01-23,6099.5,6145.0,5987.0,6011.5,460503.0,DIVISLAB,-0.009800691813539819,False
2026-01-26,6099.5,6145.0,5987.0,6011.5,460503.0,DIVISLAB,0.0,False
2026-01-27,6065.5,6087.5,6000.0,6056.0,367912.0,DIVISLAB,0.007402478582716476,False
2026-01-28,6100.0,6256.0,6062.0,6188.0,335259.0,DIVISLAB,0.0217965653896961,False
2026-01-29,6181.5,6222.0,5991.5,6041.0,405502.0,DIVISLAB,-0.02375565610859731,False
2026-01-30,6041.0,6080.0,5974.5,6051.0,347165.0,DIVISLAB,0.0016553550736633227,False
2026-02-02,6056.0,6056.5,5890.0,5952.5,400656.0,DIVISLAB,-0.016278301107255033,False
2026-02-03,6150.0,6304.5,6150.0,6209.0,454227.0,DIVISLAB,0.04309113817723653,False
2026-02-04,6225.0,6225.0,6021.5,6054.5,327213.0,DIVISLAB,-0.024883234015139366,False
2026-02-05,6054.0,6173.0,5936.0,6141.5,370561.0,DIVISLAB,0.0143694772483276,False
2026-02-06,6081.5,6099.5,5939.0,6024.5,433945.0,DIVISLAB,-0.01905072050801926,False
2026-02-09,6079.0,6150.0,6041.0,6113.5,219396.0,DIVISLAB,0.014773010208316117,False
2026-02-10,6153.0,6228.0,6151.0,6175.5,237887.0,DIVISLAB,0.010141490144761622,False
2026-02-11,6194.0,6793.0,6126.0,6386.5,1263189.0,DIVISLAB,0.034167273904947004,False
2026-02-12,6448.0,6448.0,6131.5,6185.0,1200795.0,DIVISLAB,-0.03155092773819779,False
2026-02-13,6141.0,6200.0,6054.0,6168.5,299364.0,DIVISLAB,-0.002667744543249806,False
2026-02-16,6105.5,6222.0,6008.5,6149.5,175634.0,DIVISLAB,-0.0030801653562454456,False
2026-02-17,6125.5,6230.0,6102.5,6187.5,151261.0,DIVISLAB,0.006179364175949331,False
2026-02-18,6165.0,6299.0,6165.0,6283.5,438670.0,DIVISLAB,0.015515151515151482,False
2026-02-19,6255.0,6350.0,6251.0,6297.5,185828.0,DIVISLAB,0.0022280576112039263,False
2026-02-20,6297.5,6320.0,6251.5,6291.0,338573.0,DIVISLAB,-0.0010321556173084057,False
2026-02-23,6337.0,6343.5,6245.5,6293.5,97285.0,DIVISLAB,0.00039739310125574967,False
2026-02-24,6255.0,6293.5,6226.5,6255.5,92139.0,DIVISLAB,-0.006037975689203168,False
2026-02-25,6254.5,6418.0,6250.0,6395.5,348440.0,DIVISLAB,0.022380305331308525,False
2026-02-26,6442.0,6564.5,6376.0,6474.0,392374.0,DIVISLAB,0.01227425533578308,False
2026-02-27,6424.0,6475.0,6383.5,6408.5,466870.0,DIVISLAB,-0.010117392647513102,False
2026-03-02,6271.5,6419.0,6263.5,6403.5,300339.0,DIVISLAB,-0.0007802137785752894,False
2026-03-03,6271.5,6419.0,6263.5,6403.5,300339.0,DIVISLAB,0.0,False
2026-03-04,6340.0,6363.5,6238.5,6316.0,369392.0,DIVISLAB,-0.013664402280003096,False
2026-03-05,6316.5,6395.0,6300.0,6364.5,291293.0,DIVISLAB,0.00767891070297666,False
2026-03-06,6340.0,6428.0,6315.0,6329.0,269349.0,DIVISLAB,-0.00557781443946892,False
2026-03-09,6277.0,6364.0,6173.5,6330.0,260778.0,DIVISLAB,0.0001580028440510972,False
2026-03-10,6364.5,6479.0,6354.0,6372.0,298252.0,DIVISLAB,0.006635071090047351,False
2026-03-11,6373.0,6450.0,6330.0,6352.5,254117.0,DIVISLAB,-0.0030602636534839966,False
2026-03-12,6330.0,6330.5,6221.0,6282.0,153876.0,DIVISLAB,-0.011097992916174748,False
2026-03-13,6275.0,6326.0,6055.0,6071.0,200936.0,DIVISLAB,-0.033588029290035015,False
2026-03-16,6010.0,6130.0,5927.0,6071.0,282845.0,DIVISLAB,0.0,False
2026-03-17,6074.0,6147.0,6051.5,6086.5,183604.0,DIVISLAB,0.002553121396804414,False
2026-03-18,6086.5,6183.0,6086.5,6140.0,180112.0,DIVISLAB,0.008789944960157836,False
2026-03-19,6100.0,6117.0,5955.0,5972.5,122495.0,DIVISLAB,-0.027280130293159566,False
2026-03-20,6050.0,6180.0,6030.5,6100.0,283471.0,DIVISLAB,0.0213478442863122,False
2026-03-23,6036.5,6047.0,5982.0,6013.5,227221.0,DIVISLAB,-0.014180327868852483,False
2026-03-24,6090.0,6092.0,5946.0,6026.0,228968.0,DIVISLAB,0.00207865635653115,False
2026-03-25,6026.0,6137.5,5996.5,6014.5,250204.0,DIVISLAB,-0.001908396946564861,False
2026-03-26,6026.0,6137.5,5996.5,6014.5,250204.0,DIVISLAB,0.0,False
2026-03-27,6011.5,6060.0,5935.0,5997.5,540647.0,DIVISLAB,-0.002826502618671567,False
2026-03-30,5960.0,5990.0,5901.5,5947.0,492229.0,DIVISLAB,-0.008420175072947012,False
2026-03-31,5960.0,5990.0,5901.5,5947.0,492229.0,DIVISLAB,0.0,False
2026-04-01,6002.0,6123.0,5834.0,5906.5,546653.0,DIVISLAB,-0.006810156381368726,False
2026-04-02,5851.0,5869.5,5647.5,5856.5,513534.0,DIVISLAB,-0.008465250148141923,False
2026-04-03,5851.0,5869.5,5647.5,5856.5,513534.0,DIVISLAB,0.0,False
2026-04-06,5860.0,5903.5,5727.0,5821.0,346192.0,DIVISLAB,-0.006061640911807387,False
2026-04-07,5788.0,5907.0,5708.0,5850.0,347412.0,DIVISLAB,0.004981961862222883,False
2026-04-08,5920.0,5984.5,5870.0,5882.0,302280.0,DIVISLAB,0.0054700854700855395,False
2026-04-09,5852.0,5964.0,5852.0,5952.5,237284.0,DIVISLAB,0.011985719143148499,False
2026-04-10,5931.0,6130.0,5931.0,6116.5,334871.0,DIVISLAB,0.027551448971020687,False
2026-04-13,6009.0,6116.0,5970.0,6070.0,211392.0,DIVISLAB,-0.007602386986021448,False
2026-04-14,6009.0,6116.0,5970.0,6070.0,211392.0,DIVISLAB,0.0,False
2026-04-15,6124.0,6184.0,6101.0,6177.5,251355.0,DIVISLAB,0.017710049423393714,False
2026-04-16,6200.0,6313.0,6180.0,6293.5,350424.0,DIVISLAB,0.018777822743828443,False
2026-04-17,6305.5,6325.0,6212.0,6229.0,169295.0,DIVISLAB,-0.010248669261936905,False
2026-04-20,6269.5,6298.0,6187.5,6280.0,208547.0,DIVISLAB,0.008187510033713208,False
2026-04-21,6282.0,6305.0,6238.5,6286.0,242433.0,DIVISLAB,0.0009554140127387978,False
2026-04-22,6286.0,6323.5,6249.0,6285.5,226547.0,DIVISLAB,-7.954183900726886e-05,False
2026-04-23,6265.0,6469.5,6250.5,6378.5,405157.0,DIVISLAB,0.014795958953146116,False
2026-04-24,6408.5,6442.5,6320.0,6361.5,316970.0,DIVISLAB,-0.0026652034177314654,False
2026-04-27,6351.5,6507.5,6346.5,6477.0,289657.0,DIVISLAB,0.01815609526055173,False
2026-04-28,6505.0,6505.0,6416.5,6432.5,271770.0,DIVISLAB,-0.006870464721321579,False
2026-04-29,6470.0,6549.5,6454.0,6534.0,324770.0,DIVISLAB,0.0157792460163233,False
2026-04-30,6530.0,6547.0,6429.0,6502.5,379741.0,DIVISLAB,-0.004820936639118423,False
