Date,Open,High,Low,Close,Volume,Symbol,Daily_Return,Is_Outlier
2018-01-01,1574.641655276018,1578.406641747895,1542.329070192933,1547.809814453125,771099.0,INDUSINDBK,,False
2018-01-02,1550.1453391695834,1569.8759742717846,1549.9546347518512,1566.96875,1392045.0,INDUSINDBK,0.012378094109478432,False
2018-01-03,1571.7821485393345,1572.7353214614322,1547.9528254868883,1553.91015625,1120860.0,INDUSINDBK,-0.008333665716052097,False
2018-01-04,1561.2972429945792,1575.1182503348853,1554.6250325544315,1569.4945068359375,747232.0,INDUSINDBK,0.01002911945922702,False
2018-01-05,1567.969469338441,1623.2534992604044,1566.5397099439074,1618.67822265625,1134406.0,INDUSINDBK,0.03133729720371292,False
2018-01-08,1630.8790415163264,1643.270290808969,1620.4894323001306,1639.3623046875,1489032.0,INDUSINDBK,0.012778377902253668,False
2018-01-09,1644.22329090599,1648.941450329552,1626.827885074666,1644.27099609375,576106.0,INDUSINDBK,0.0029942688033111065,False
2018-01-10,1644.1756608885903,1660.9515981707182,1631.0219437724354,1652.897216796875,1223879.0,INDUSINDBK,0.005246228099636818,False
2018-01-11,1658.5210991453855,1669.9591756912162,1606.0965816436635,1620.68017578125,4145545.0,INDUSINDBK,-0.019491254923919565,False
2018-01-12,1629.9257649286212,1639.8863758393145,1608.9559597657967,1625.398193359375,2057925.0,INDUSINDBK,0.002911134256239567,False
2018-01-15,1627.1616128036503,1630.2118362307,1596.564782628286,1603.6182861328125,997313.0,INDUSINDBK,-0.013399736332638468,False
2018-01-16,1612.530651429853,1612.7689447136463,1582.2674043880927,1586.6519775390625,829183.0,INDUSINDBK,-0.010580016915786694,False
2018-01-17,1586.1750490345448,1600.1390557253994,1568.3507617908965,1579.83642578125,600044.0,INDUSINDBK,-0.004295555581371735,False
2018-01-18,1600.3774363112432,1627.0662797994592,1588.939360530579,1601.4259033203125,2327815.0,INDUSINDBK,0.013665641066850531,False
2018-01-19,1604.1901375596144,1613.006987691775,1592.5614736566847,1605.143310546875,497099.0,INDUSINDBK,0.002321310788625963,False
2018-01-22,1605.1432001133676,1616.390687130868,1598.0896972220935,1604.380615234375,820236.0,INDUSINDBK,-0.00047515714484092086,False
2018-01-23,1610.8624588043238,1648.9893809062012,1601.3307282788542,1642.6507568359375,1763797.0,INDUSINDBK,0.0238535302896139,False
2018-01-24,1644.223173498211,1657.37700542784,1625.1597164141738,1636.8837890625,968956.0,INDUSINDBK,-0.003510769254778001,False
2018-01-25,1642.3171323593012,1654.0887960209404,1623.920846319951,1649.179931640625,2169317.0,INDUSINDBK,0.007511921530585441,False
2018-01-26,1642.3171323593012,1654.0887960209404,1623.920846319951,1649.179931640625,2169317.0,INDUSINDBK,0.0,False
2018-01-29,1649.1798563765487,1669.053606248569,1643.2702303958931,1660.9039306640625,1232573.0,INDUSINDBK,0.007108987199337502,False
2018-01-30,1663.2869556865194,1665.050302540633,1640.6490959744538,1654.756103515625,653937.0,INDUSINDBK,-0.003701494731233157,False
2018-01-31,1653.755039465177,1678.5375357338196,1644.3186041536014,1671.0074462890625,1237098.0,INDUSINDBK,0.00982098977541801,False
2018-02-01,1671.8655352077456,1732.6780225397374,1652.659074916146,1711.37451171875,3720115.0,INDUSINDBK,0.024157322290414562,False
2018-02-02,1691.7866145823666,1696.1711866803157,1652.9924074853295,1678.823486328125,2192706.0,INDUSINDBK,-0.01902039861393856,False
2018-02-05,1640.410784630628,1657.6156043637864,1604.237914683766,1632.785400390625,1600927.0,INDUSINDBK,-0.02742282694543019,False
2018-02-06,1573.2598215604455,1622.2052343244045,1567.4930780760385,1604.0472412109375,1846944.0,INDUSINDBK,-0.01760069582494561,False
2018-02-07,1624.206863763728,1636.7411125383646,1580.932784380887,1583.935302734375,1423804.0,INDUSINDBK,-0.012538245732326092,False
2018-02-08,1601.330687338024,1606.0488472858503,1584.459571280936,1592.609130859375,801569.0,INDUSINDBK,0.005476125262203757,False
2018-02-09,1572.735284362015,1581.8381320949677,1559.0095713367598,1572.59228515625,1206481.0,INDUSINDBK,-0.01256858655100379,False
2018-02-12,1572.5922776098512,1620.3939215668972,1568.1600003770957,1608.7652587890625,864259.0,INDUSINDBK,0.02300213092373049,False
2018-02-13,1572.5922776098512,1620.3939215668972,1568.1600003770957,1608.7652587890625,864259.0,INDUSINDBK,0.0,False
2018-02-14,1622.3005068679097,1629.449304636129,1600.6635254977512,1615.10400390625,884974.0,INDUSINDBK,0.0039401305333748304,False
2018-02-15,1616.5814802220614,1623.8732772686533,1590.8458080722996,1607.1927490234375,872147.0,INDUSINDBK,-0.004898294390750402,False
2018-02-16,1614.6750998126597,1617.296325624044,1572.7354868305129,1581.21875,1088167.0,INDUSINDBK,-0.01616109768988183,False
2018-02-19,1580.1702040198063,1580.1702040198063,1540.3275271351806,1554.100830078125,1151645.0,INDUSINDBK,-0.01715001161090135,False
2018-02-20,1555.6261283199633,1571.830070227522,1542.5199988359084,1546.7138671875,859058.0,INDUSINDBK,-0.004753206965505408,False
2018-02-21,1559.3911677218912,1559.3911677218912,1515.5452057932805,1519.59619140625,1425276.0,INDUSINDBK,-0.01753244498322115,False
2018-02-22,1518.404422967956,1554.6249930073673,1511.9228007350475,1547.4761962890625,2073919.0,INDUSINDBK,0.018346982600036643,False
2018-02-23,1547.476335293985,1570.6860741201165,1543.1870568777094,1566.539794921875,616552.0,INDUSINDBK,0.012319154684594213,False
2018-02-26,1570.8290055741086,1620.3939984684373,1570.8290055741086,1612.1014404296875,1023854.0,INDUSINDBK,0.02908425668821568,False
2018-02-27,1620.537115682227,1624.1115144685357,1600.043895974057,1606.287109375,529068.0,INDUSINDBK,-0.003606678158626142,False
2018-02-28,1595.516441969348,1609.5280397044537,1583.268191161511,1602.045654296875,913679.0,INDUSINDBK,-0.0026405335966216414,False
2018-03-01,1596.3265762297472,1628.925048217461,1595.1351099092294,1620.727783203125,760617.0,INDUSINDBK,0.011661421043865028,False
2018-03-02,1596.3265762297472,1628.925048217461,1595.1351099092294,1620.727783203125,760617.0,INDUSINDBK,0.0,False
2018-03-05,1608.9559704250478,1618.2494068655951,1598.1374805061066,1610.0997314453125,789108.0,INDUSINDBK,-0.006557579790979928,False
2018-03-06,1625.1598069714616,1650.8954754689569,1620.4416476219,1630.211669921875,1674469.0,INDUSINDBK,0.012491113490534556,False
2018-03-07,1621.3472561415854,1633.6907998215895,1607.2402493466166,1624.445068359375,1138136.0,INDUSINDBK,-0.0035373330156422966,False
2018-03-08,1631.7368132010165,1637.7894382251022,1603.665799721598,1614.8179931640625,1112679.0,INDUSINDBK,-0.005926377802996763,False
2018-03-09,1622.300411107747,1628.2100370389935,1606.09647045626,1618.058837890625,1281268.0,INDUSINDBK,0.00200694117868494,False
2018-03-12,1625.1600694674532,1657.3773654800743,1625.1600694674532,1654.041259765625,858788.0,INDUSINDBK,0.02223801819339788,False
2018-03-13,1653.6598527577614,1669.0059147107186,1635.4542718190064,1648.5126953125,797998.0,INDUSINDBK,-0.0033424586118899757,False
2018-03-14,1643.270107481174,1655.2324741207835,1630.5452723210958,1652.1822509765625,685008.0,INDUSINDBK,0.0022259796205978954,False
2018-03-15,1651.8488230929067,1668.0527642311522,1643.2702660197178,1660.1890869140625,604484.0,INDUSINDBK,0.004846218347138942,False
2018-03-16,1659.4741439117508,1671.245806842713,1639.457511503855,1643.9373779296875,2412430.0,INDUSINDBK,-0.009789071083814549,False
2018-03-19,1649.9423842061417,1651.801024925731,1632.8329762148608,1638.313720703125,1392321.0,INDUSINDBK,-0.0034208463789811017,False
2018-03-20,1630.9743694406664,1656.6147475498651,1622.3958120597983,1636.2645263671875,779431.0,INDUSINDBK,-0.0012507948325416463,False
2018-03-21,1636.2645683848486,1662.1432404191655,1636.2645683848486,1650.3714599609375,1456002.0,INDUSINDBK,0.008621426038655233,False
2018-03-22,1656.4239702203706,1680.348587578121,1653.8503334876946,1671.0074462890625,1549193.0,INDUSINDBK,0.012503843424809036,False
2018-03-23,1649.9423505069528,1674.5342587719274,1644.223312896877,1667.5760498046875,1854651.0,INDUSINDBK,-0.0020534896430266514,False
2018-03-26,1669.6729806814026,1690.070904724375,1666.3368754149296,1677.3460693359375,1796664.0,INDUSINDBK,0.005858814974222248,False
2018-03-27,1689.0225115356516,1711.8986629334256,1676.440674808525,1704.4638671875,852040.0,INDUSINDBK,0.01616708581926596,False
2018-03-28,1689.165614114238,1722.3836710515732,1689.165614114238,1712.6136474609375,2380088.0,INDUSINDBK,0.004781433288395309,False
2018-03-29,1689.165614114238,1722.3836710515732,1689.165614114238,1712.6136474609375,2380088.0,INDUSINDBK,0.0,False
2018-03-30,1689.165614114238,1722.3836710515732,1689.165614114238,1712.6136474609375,2380088.0,INDUSINDBK,0.0,False
2018-04-02,1717.236306440243,1725.1476882042482,1703.7965915622394,1720.0958251953125,663945.0,INDUSINDBK,0.004368864948301576,False
2018-04-03,1710.9454528423764,1754.981996786142,1710.9454528423764,1744.0205078125,1152587.0,INDUSINDBK,0.0139089242975583,False
2018-04-04,1744.3065722993636,1753.3140105163086,1708.6578791902891,1715.091796875,732382.0,INDUSINDBK,-0.01658736855897691,False
2018-04-05,1746.8800451750603,1755.3633078283688,1727.1494113552008,1750.9310302734375,613812.0,INDUSINDBK,0.02089639368792895,False
2018-04-06,1751.8367198688038,1752.8374817291206,1729.055861379146,1738.7305908203125,498517.0,INDUSINDBK,-0.006967972605534167,False
2018-04-09,1744.211292314493,1781.6709213234922,1740.6844824094103,1772.9970703125,1148635.0,INDUSINDBK,0.019707756723841285,False
2018-04-10,1777.6675387752184,1782.4334034904336,1758.6040799143582,1761.4158935546875,610933.0,INDUSINDBK,-0.0065319773798449,False
2018-04-11,1763.3700852186616,1772.9971094401108,1751.9797141828194,1768.850830078125,470440.0,INDUSINDBK,0.004221000020860011,False
2018-04-12,1765.2764814314226,1777.1911445080384,1759.7957364161791,1770.804931640625,403510.0,INDUSINDBK,0.0011047294261741225,False
2018-04-13,1770.0421788891097,1784.2444792011013,1756.5547582939555,1774.140869140625,408479.0,INDUSINDBK,0.0018838537437939618,False
2018-04-16,1771.7580675132742,1785.0547846861448,1765.896030131745,1777.3341064453125,636242.0,INDUSINDBK,0.0017998781045127643,False
2018-04-17,1777.334096169725,1790.3925200105664,1768.755538984146,1779.4310302734375,405779.0,INDUSINDBK,0.0011798140937715473,False
2018-04-18,1783.3867396916764,1785.483673816685,1750.0256836311694,1757.269775390625,576214.0,INDUSINDBK,-0.012454124102470598,False
2018-04-19,1766.2294500372482,1781.4325118216095,1717.9512175681589,1747.1182861328125,2259972.0,INDUSINDBK,-0.0057768530478229385,False
2018-04-20,1757.6510801692589,1757.6510801692589,1716.7599336124993,1727.959716796875,1819822.0,INDUSINDBK,-0.010965811237855227,False
2018-04-23,1729.437181267672,1797.1124668815255,1724.099435532335,1786.6275634765625,1620444.0,INDUSINDBK,0.03395209165433566,False
2018-04-24,1790.9168200844877,1799.4953773101638,1768.7078420585854,1789.487060546875,1109545.0,INDUSINDBK,0.0016004998068810394,False
2018-04-25,1786.246255871795,1789.6776555044582,1758.8902364884093,1761.2254638671875,809675.0,INDUSINDBK,-0.015793127149547836,False
2018-04-26,1763.3701239416794,1811.0287759401035,1757.6510857018686,1793.7763671875,2077102.0,INDUSINDBK,0.018481962694792742,False
2018-04-27,1794.7771376018104,1807.59738486283,1776.714554950166,1796.4451904296875,567026.0,INDUSINDBK,0.0014878238396975885,False
2018-04-30,1792.918494784292,1814.0788898078763,1791.965321740813,1809.1224365234373,466913.0,INDUSINDBK,0.007056851030738942,False
2018-05-01,1792.918494784292,1814.0788898078763,1791.965321740813,1809.1224365234373,466913.0,INDUSINDBK,0.0,False
2018-05-02,1806.2627821654908,1810.5043553497712,1774.5220756522792,1780.8131103515625,1320018.0,INDUSINDBK,-0.015648098547866307,False
2018-05-03,1775.7611889010682,1795.7778206600174,1764.4184076335066,1790.2017822265625,1200445.0,INDUSINDBK,0.005272126435067914,False
2018-05-04,1790.5355991985955,1809.1224739307609,1782.7196266221076,1802.59326171875,752654.0,INDUSINDBK,0.006921833960401802,False
2018-05-07,1804.832967761889,1811.0762970808487,1792.9183059731254,1801.3062744140625,2126759.0,INDUSINDBK,-0.0007139643379452387,False
2018-05-08,1803.498515398128,1804.3563943239396,1756.6977468246278,1782.0521240234375,1401495.0,INDUSINDBK,-0.010688993129104651,False
2018-05-09,1782.0521566142147,1801.49690842037,1773.140012639679,1791.1072998046875,1375815.0,INDUSINDBK,0.0050813192606318225,False
2018-05-10,1791.1072443334494,1821.4657791346797,1768.1357998009296,1797.0645751953125,2716101.0,INDUSINDBK,0.0033260293178831724,False
2018-05-11,1801.5448153333607,1809.0272006945888,1785.8650484511606,1805.548095703125,542317.0,INDUSINDBK,0.004720765533364535,False
2018-05-14,1797.6842769612842,1828.5194002226424,1797.6842769612842,1825.3262939453125,497437.0,INDUSINDBK,0.010954124284618061,False
2018-05-15,1829.1388655149944,1860.116985957536,1815.8897384241295,1827.184814453125,1198159.0,INDUSINDBK,0.0010181853589559253,False
2018-05-16,1822.0853882679776,1848.3929384217563,1811.028605316867,1835.4298095703125,506000.0,INDUSINDBK,0.00451240348101023,False
2018-05-17,1830.0922380599088,1843.6749538892595,1816.366523003633,1824.706787109375,503632.0,INDUSINDBK,-0.005842240550428812,False
2018-05-18,1825.3263062788412,1853.921496455533,1816.7477492258336,1839.6239013671875,952766.0,INDUSINDBK,0.008175074682241767,False
2018-05-21,1845.2476167997252,1855.827813730445,1822.895640345248,1834.810302734375,845801.0,INDUSINDBK,-0.002616621054572721,False
2018-05-22,1834.5721644790972,1840.86319983535,1806.2629707925,1814.7938232421875,545822.0,INDUSINDBK,-0.010909290983573294,False
2018-05-23,1806.2628006227949,1809.7894941140237,1762.0355509937126,1766.84912109375,1220570.0,INDUSINDBK,-0.026418814927848255,False
2018-05-24,1766.8490569988253,1790.8213798937743,1750.0255312084864,1783.1005859375,864810.0,INDUSINDBK,0.009197992431685176,False
2018-05-25,1786.2461771869805,1829.37725483784,1771.662583947913,1825.278564453125,674128.0,INDUSINDBK,0.023654290087874674,False
2018-05-28,1829.1391080019896,1834.8581463803184,1806.2152492938703,1824.8021240234373,811547.0,INDUSINDBK,-0.00026102340703837434,False
2018-05-29,1818.74925821604,1827.280225816524,1782.4333925792332,1789.3916015625,855287.0,INDUSINDBK,-0.019405130010952565,False
2018-05-30,1781.1943672964344,1803.593933157833,1771.1860506349583,1796.588134765625,848282.0,INDUSINDBK,0.004021776561844215,False
2018-05-31,1795.7779163628095,1901.5801184415104,1781.2420282393846,1863.882080078125,3896725.0,INDUSINDBK,0.037456523290063215,False
2018-06-01,1856.7810590520387,1856.7810590520387,1815.7946188368244,1825.7076416015625,1082637.0,INDUSINDBK,-0.020481144641383286,False
2018-06-04,1841.48263071026,1871.0787005075204,1803.4034138360817,1813.125732421875,964088.0,INDUSINDBK,-0.006891524630225132,False
2018-06-05,1808.1691486794407,1826.803727038003,1804.26116272012,1810.456787109375,708586.0,INDUSINDBK,-0.0014720133660752754,False
2018-06-06,1813.8878950355568,1838.193802194468,1793.2516800004064,1829.9012451171875,508953.0,INDUSINDBK,0.010740084019822405,False
2018-06-07,1835.811135392356,1850.8236096303776,1806.3580674259845,1811.45751953125,754249.0,INDUSINDBK,-0.010079082483358981,False
2018-06-08,1806.2627265106585,1810.027713092872,1791.965132369413,1800.2576904296875,1889091.0,INDUSINDBK,-0.006182772149390892,False
2018-06-11,1809.980016467492,1838.8134962685344,1806.5486173487689,1815.603759765625,794575.0,INDUSINDBK,0.008524373714673406,False
2018-06-12,1820.560473061413,1866.7416594620784,1818.6541270163225,1863.2149658203125,1275739.0,INDUSINDBK,0.026223346255260793,False
2018-06-13,1873.5009954743407,1883.8349598413804,1853.9335777634576,1861.4925537109373,1169830.0,INDUSINDBK,-0.0009244301602187033,False
2018-06-14,1856.2776699802969,1886.0354999891156,1850.5366050215948,1878.6678466796875,917199.0,INDUSINDBK,0.009226624589236732,False
2018-06-15,1878.285138842844,1893.0205626812292,1863.1191818412708,1882.4473876953125,2274265.0,INDUSINDBK,0.0020118197169898266,False
2018-06-18,1877.4238474945569,1903.162977998376,1876.371342310113,1883.0213623046875,792509.0,INDUSINDBK,0.00030490871252331075,False
2018-06-19,1877.328402699691,1877.758935887657,1834.0312007515968,1848.1446533203125,905231.0,INDUSINDBK,-0.01852167462491683,False
2018-06-20,1855.3209618376093,1889.7673541151512,1844.3172531933944,1882.495361328125,489671.0,INDUSINDBK,0.018586590582127416,False
2018-06-21,1884.313342142397,1890.484940551976,1862.0667143464543,1875.89306640625,779490.0,INDUSINDBK,-0.0035072038197305755,False
2018-06-22,1875.893053063354,1879.0027967116357,1844.2215334213104,1868.9559326171875,956565.0,INDUSINDBK,-0.003698043301771148,False
2018-06-25,1866.8030298373449,1891.585317919884,1862.4972309474076,1884.9351806640625,566785.0,INDUSINDBK,0.008549826011412964,False
2018-06-26,1876.467095595595,1907.85163137966,1872.4005078358875,1897.7091064453125,662063.0,INDUSINDBK,0.006776851486611779,False
2018-06-27,1903.163053207717,1908.904118224935,1874.553389178128,1884.265380859375,555455.0,INDUSINDBK,-0.007084186686082572,False
2018-06-28,1884.026250763172,1904.119979186751,1864.171733392255,1882.6866455078125,1393387.0,INDUSINDBK,-0.0008378519117314687,False
2018-06-29,1884.9830888199588,1893.5946866876643,1846.2787873465693,1848.8143310546875,1324639.0,INDUSINDBK,-0.017991477516423715,False
2018-07-02,1854.3641555018396,1872.5920851754383,1845.2741351317325,1864.6981201171875,708738.0,INDUSINDBK,0.008591338132606818,False
2018-07-03,1860.1051909477512,1871.3959996301755,1851.493592841512,1866.8031005859373,926035.0,INDUSINDBK,0.0011288585782547322,False
2018-07-04,1869.6734374932444,1900.053238742175,1861.3489402498756,1891.0111083984373,1514361.0,INDUSINDBK,0.012967627815114291,False
2018-07-05,1894.7427810476308,1905.07674481727,1875.5102365673877,1879.6724853515625,490611.0,INDUSINDBK,-0.005996063691279918,False
2018-07-06,1876.802036729107,1886.370478868596,1868.0470056132924,1874.840576171875,590699.0,INDUSINDBK,-0.002570612283439244,False
2018-07-09,1883.7391724006256,1884.983116609653,1860.2964889707089,1873.7880859375,853596.0,INDUSINDBK,-0.0005613758565670146,False
2018-07-10,1884.983244428472,1884.983244428472,1840.968407248924,1851.58935546875,3301425.0,INDUSINDBK,-0.011846980261721263,False
2018-07-11,1859.1482423673224,1862.592858056031,1820.9701362119863,1832.165283203125,1739970.0,INDUSINDBK,-0.010490486029342883,False
2018-07-12,1840.2027989347653,1868.7168040586184,1840.2027989347653,1854.5076904296875,844316.0,INDUSINDBK,0.012194536940194567,False
2018-07-13,1852.928767284966,1864.6979975006348,1835.56202193834,1840.72900390625,954344.0,INDUSINDBK,-0.007429835203457635,False
2018-07-16,1846.661448432974,1866.324643797844,1835.705628877808,1839.772216796875,659528.0,INDUSINDBK,-0.0005197870557505091,False
2018-07-17,1841.0639089376205,1844.3650915216745,1810.3492333599904,1822.7882080078125,1131560.0,INDUSINDBK,-0.009231582385036963,False
2018-07-18,1834.7960837912328,1847.9086551726864,1811.7410544661072,1818.033203125,773027.0,INDUSINDBK,-0.0026086436492857024,False
2018-07-19,1820.2424529431812,1830.8574188999603,1806.9378041010195,1813.90234375,593314.0,INDUSINDBK,-0.0022721583785706434,False
2018-07-20,1813.6622463298063,1838.590449049368,1803.5756713369765,1827.639404296875,817518.0,INDUSINDBK,0.007573208444328738,False
2018-07-23,1831.1936600984704,1865.9203200430927,1828.0716250058435,1863.7589111328125,1072520.0,INDUSINDBK,0.019762928480869135,False
2018-07-24,1873.220993210035,1877.8320456373565,1863.6147317063935,1870.723388671875,573920.0,INDUSINDBK,0.0037367910073891064,False
2018-07-25,1873.173039223551,1893.00999399692,1863.6148552991144,1887.6785888671875,1065275.0,INDUSINDBK,0.009063445883012111,False
2018-07-26,1887.6303872045328,1909.724788683263,1871.1556252578237,1883.1634521484373,2959597.0,INDUSINDBK,-0.00239189910050297,False
2018-07-27,1891.472903416022,1910.4933482330423,1878.7926850472988,1903.52880859375,858768.0,INDUSINDBK,0.010814439087631245,False
2018-07-30,1900.118663846158,1911.2139435967415,1887.6305229816485,1892.625732421875,1792695.0,INDUSINDBK,-0.005727823042473323,False
2018-07-31,1892.529771143714,1922.9336157218168,1885.9495047163016,1916.593505859375,460626.0,INDUSINDBK,0.012663768132767483,False
2018-08-01,1926.0555033684236,1941.425522347922,1914.2397543723584,1922.5491943359373,884802.0,INDUSINDBK,0.0031074343403307836,False
2018-08-02,1920.2916696283423,1952.232489045622,1916.977556323702,1943.394775390625,1278375.0,INDUSINDBK,0.010842677584584681,False
2018-08-03,1953.0490731748112,1957.756164933868,1924.566483338172,1936.478271484375,1234257.0,INDUSINDBK,-0.003558980395457656,False
2018-08-06,1943.2507442829096,1945.94042725804,1914.7681542808048,1921.060302734375,749860.0,INDUSINDBK,-0.007961859927393622,False
2018-08-07,1925.8633077393968,1930.0899688901773,1902.0878110785643,1915.7767333984373,531559.0,INDUSINDBK,-0.0027503401785031745,False
2018-08-08,1917.4097739839808,1935.4215140953029,1905.9782994738744,1921.876708984375,886494.0,INDUSINDBK,0.0031840743650315417,False
2018-08-09,1928.9373145085365,1931.8191929664677,1893.970499099519,1906.8909912109373,593894.0,INDUSINDBK,-0.007797439712642684,False
2018-08-10,1903.000509618117,1919.331155081776,1884.9887682979047,1901.5595703125,648603.0,INDUSINDBK,-0.002795870830063385,False
2018-08-13,1892.433468190855,1917.4097474664704,1885.7090853089585,1915.3924560546875,930525.0,INDUSINDBK,0.007274495081904808,False
2018-08-14,1915.3926293319505,1921.2524257777843,1901.2713536441183,1918.9468994140625,322251.0,INDUSINDBK,0.001855725884342574,False
2018-08-15,1915.3926293319505,1921.2524257777843,1901.2713536441183,1918.9468994140625,322251.0,INDUSINDBK,0.0,False
2018-08-16,1909.2926544781196,1916.353233609245,1896.420239919964,1906.074462890625,812823.0,INDUSINDBK,-0.006708073333018261,False
2018-08-17,1912.6067477700733,1916.449252537065,1904.057151210729,1912.0303955078125,462694.0,INDUSINDBK,0.003124711407210823,False
2018-08-20,1913.567542386318,1921.252552596705,1908.620293610592,1912.558837890625,671269.0,INDUSINDBK,0.0002763776057399525,False
2018-08-21,1916.4491447510104,1916.4491447510104,1889.839847641745,1898.149169921875,688170.0,INDUSINDBK,-0.007534235121698263,False
2018-08-22,1916.4491447510104,1916.4491447510104,1889.839847641745,1898.149169921875,688170.0,INDUSINDBK,0.0,False
2018-08-23,1898.101353746048,1898.101353746048,1875.1904420667477,1880.1375732421875,1012394.0,INDUSINDBK,-0.009489031191594277,False
2018-08-24,1881.626707814709,1881.626707814709,1845.891457448709,1852.2315673828125,939358.0,INDUSINDBK,-0.014842534002047936,False
2018-08-27,1856.458120927721,1886.4776882419908,1854.0084773293029,1874.517822265625,1305157.0,INDUSINDBK,0.012032110495936887,False
2018-08-28,1883.0195718163752,1891.136934174643,1854.104744476628,1857.5150146484373,686872.0,INDUSINDBK,-0.009070496644645099,False
2018-08-29,1858.8116339593444,1862.942373384829,1825.2857572635692,1830.521240234375,1139011.0,INDUSINDBK,-0.014532197156517324,False
2018-08-30,1825.28584804033,1832.346427269229,1793.489143770145,1801.798583984375,2124825.0,INDUSINDBK,-0.015690971302972923,False
2018-08-31,1797.3316376277485,1840.3677387106225,1788.6860017439164,1831.5299072265625,1952492.0,INDUSINDBK,0.016500913868209288,False
2018-09-03,1830.9534969380104,1843.297519883782,1810.4921124223729,1822.307861328125,937981.0,INDUSINDBK,-0.005035159874840489,False
2018-09-04,1820.3866598250452,1824.037086312329,1770.4340971279992,1782.5379638671875,1290572.0,INDUSINDBK,-0.021823918068351267,False
2018-09-05,1782.7301701420693,1791.2796496129529,1753.1428359233746,1781.8175048828125,804386.0,INDUSINDBK,-0.00040417595528341455,False
2018-09-06,1796.3711541358462,1810.7805484203584,1778.1192547087974,1805.9774169921875,1003340.0,INDUSINDBK,0.013559139498387607,False
2018-09-07,1798.38825240237,1811.692901574225,1792.43241697778,1801.9906005859373,763150.0,INDUSINDBK,-0.002207567142722189,False
2018-09-10,1798.2920778193477,1798.2920778193477,1746.6103461986686,1757.1292724609375,1157745.0,INDUSINDBK,-0.02489542848359616,False
2018-09-11,1761.8844758430605,1781.9135084997097,1747.8593568882811,1754.583740234375,1430413.0,INDUSINDBK,-0.001448688076886584,False
2018-09-12,1753.1427656171852,1764.7183579066982,1733.7381638293534,1756.36083984375,1149898.0,INDUSINDBK,0.0010128325987663889,False
2018-09-13,1753.1427656171852,1764.7183579066982,1733.7381638293534,1756.36083984375,1149898.0,INDUSINDBK,0.0,False
2018-09-14,1772.355456056579,1807.706549456945,1763.7098196855711,1799.0609130859375,1512590.0,INDUSINDBK,0.02431167461350725,False
2018-09-17,1784.6514993214726,1806.8419423079165,1776.197941391424,1803.1435546875,1009490.0,INDUSINDBK,0.0022693181603059553,False
2018-09-18,1793.7293706320525,1814.9112264129487,1782.970403505724,1788.8302001953125,823718.0,INDUSINDBK,-0.007938000529673972,False
2018-09-19,1793.104863113782,1801.5584206814103,1728.4067112155265,1733.5941162109375,1471601.0,INDUSINDBK,-0.03087832706443805,False
2018-09-20,1793.104863113782,1801.5584206814103,1728.4067112155265,1733.5941162109375,1471601.0,INDUSINDBK,0.0,False
2018-09-21,1748.3397508933028,1761.8845573787532,1662.844015822147,1693.0556640625,4403405.0,INDUSINDBK,-0.023384050377974974,False
2018-09-24,1699.3479384611617,1704.4393047979722,1593.5349272065073,1608.280517578125,4685534.0,INDUSINDBK,-0.050072273631545205,False
2018-09-25,1609.1449241996056,1649.9235767487908,1584.072603831889,1629.9425048828125,4503074.0,INDUSINDBK,0.013469035449927391,False
2018-09-26,1637.8676580820545,1645.0723545252306,1613.3716901752557,1634.793701171875,2914677.0,INDUSINDBK,0.002976299025597484,False
2018-09-27,1637.8677186727807,1647.3298635654037,1610.2977928358896,1615.7733154296875,2809983.0,INDUSINDBK,-0.011634731482359495,False
2018-09-28,1626.436187192439,1652.277055288991,1602.6606888677866,1623.50634765625,1801534.0,INDUSINDBK,0.0047859635709517345,False
2018-10-01,1594.6394974239013,1604.1497202890368,1552.0357487617798,1577.97265625,5213931.0,INDUSINDBK,-0.02804651270503744,False
2018-10-02,1594.6394974239013,1604.1497202890368,1552.0357487617798,1577.97265625,5213931.0,INDUSINDBK,0.0,False
2018-10-03,1575.234883212761,1593.8709376052675,1542.765670880192,1574.1781005859375,5112718.0,INDUSINDBK,-0.002404703053017543,False
2018-10-04,1551.2191719866728,1563.130842574215,1490.2673717011403,1526.915283203125,3065332.0,INDUSINDBK,-0.030023805670540304,False
2018-10-05,1510.1043872633732,1573.9379513842923,1510.1043872633732,1544.0625,4352946.0,INDUSINDBK,0.011229972602608385,False
2018-10-08,1542.7655879211427,1565.2442631531042,1519.8065996169764,1537.0018310546875,2426418.0,INDUSINDBK,-0.004572787011738466,False
2018-10-09,1544.6869815532546,1555.3019483258497,1527.4917485421304,1544.5909423828125,1065187.0,INDUSINDBK,0.004937607213465256,False
2018-10-10,1548.529558686686,1601.2198865328817,1541.036626819719,1573.457763671875,2264070.0,INDUSINDBK,0.018688974858631635,False
2018-10-11,1546.6082175841643,1546.6082175841643,1519.134331084837,1529.8453369140625,2131052.0,INDUSINDBK,-0.027717570668078895,False
2018-10-12,1548.4334725659312,1594.159258516818,1542.7657542500813,1587.626953125,2169080.0,INDUSINDBK,0.03776958024233479,False
2018-10-15,1602.036389795152,1602.036389795152,1526.0029140405247,1562.890869140625,4301735.0,INDUSINDBK,-0.01558053920392688,False
2018-10-16,1574.466427369541,1629.1740455272295,1551.4113973165397,1556.742919921875,7490737.0,INDUSINDBK,-0.0039337034594939535,False
2018-10-17,1571.8245232244492,1587.482776228454,1537.0018256129067,1540.748291015625,3532784.0,INDUSINDBK,-0.01027441891757741,False
2018-10-18,1571.8245232244492,1587.482776228454,1537.0018256129067,1540.748291015625,3532784.0,INDUSINDBK,0.0,False
2018-10-19,1527.3956378926948,1549.6341575827253,1508.1831141456169,1514.6192626953125,4071551.0,INDUSINDBK,-0.016958661237968298,False
2018-10-22,1527.3957018649485,1537.3862380846526,1365.5301825163674,1392.379638671875,6528861.0,INDUSINDBK,-0.08070650297019744,False
2018-10-23,1378.4985720553743,1439.0180215602445,1368.8923102292044,1415.146484375,7242862.0,INDUSINDBK,0.016351033203014342,False
2018-10-24,1431.3330012543631,1468.509187334388,1421.77481771532,1461.4486083984375,2177827.0,INDUSINDBK,0.03271896198356239,False
2018-10-25,1442.9565362322778,1462.937607331614,1417.499942908495,1432.3896484375,4971095.0,INDUSINDBK,-0.01988366870647773,False
2018-10-26,1437.577114738491,1439.0180540449446,1381.4765209544446,1388.8734130859375,2263193.0,INDUSINDBK,-0.030380166038641465,False
2018-10-29,1388.1048459354856,1388.1048459354856,1320.8610125683686,1357.1727294921875,4620039.0,INDUSINDBK,-0.02282474651402122,False
2018-10-30,1354.482968762778,1354.482968762778,1296.4611216835556,1310.5823974609375,5974755.0,INDUSINDBK,-0.03432896271698793,False
2018-10-31,1301.6485287190735,1379.6513309145953,1280.6588692548794,1368.9884033203125,6474213.0,INDUSINDBK,0.04456492470258122,False
2018-11-01,1346.7980849648427,1434.1670008463886,1342.955579729565,1406.308837890625,5635786.0,INDUSINDBK,0.027261322652402553,False
2018-11-02,1426.5298913908366,1493.67768548889,1416.923629495949,1481.093505859375,5732745.0,INDUSINDBK,0.05317798335173829,False
2018-11-05,1474.5611771472738,1474.5611771472738,1421.9188159044545,1427.9227294921875,2926342.0,INDUSINDBK,-0.03589967558215457,False
2018-11-06,1431.332992633504,1452.0824944430544,1385.8473669579714,1417.3558349609375,2830304.0,INDUSINDBK,-0.007400186517801166,False
2018-11-07,1427.4905582041094,1442.044068841819,1416.9236698190184,1425.4732666015625,140435.0,INDUSINDBK,0.005727165642104737,False
2018-11-08,1427.4905582041094,1442.044068841819,1416.9236698190184,1425.4732666015625,140435.0,INDUSINDBK,0.0,False
2018-11-09,1418.9409674945412,1460.440090597423,1417.884302104298,1436.0401611328125,1913755.0,INDUSINDBK,0.007412902632991658,False
2018-11-12,1442.764562746511,1459.1912478774643,1419.9976506668174,1434.2149658203125,1434191.0,INDUSINDBK,-0.001270991830103263,False
2018-11-13,1426.6259974454704,1437.3850816305562,1405.9245724497482,1427.058349609375,1678410.0,INDUSINDBK,-0.004989918792852821,False
2018-11-14,1439.018147267014,1468.7975615295488,1433.7347028010802,1453.9559326171875,1888029.0,INDUSINDBK,0.01884827135146594,False
2018-11-15,1455.3486008876828,1472.880027928079,1439.0179565212864,1452.61083984375,1362884.0,INDUSINDBK,-0.0009251262320009168,False
2018-11-16,1459.1910806617966,1465.9154635219893,1428.2108881987665,1441.995849609375,1222318.0,INDUSINDBK,-0.007307525142464688,False
2018-11-19,1443.8211806980394,1480.613211117079,1425.905478589218,1477.39501953125,2054251.0,INDUSINDBK,0.024548732183566457,False
2018-11-20,1474.5611897971048,1508.0870670114032,1468.1730022321667,1496.511474609375,2718989.0,INDUSINDBK,0.012939298444494707,False
2018-11-21,1497.1359734837415,1507.174470641626,1477.827409790542,1485.800537109375,984774.0,INDUSINDBK,-0.007157270546686467,False
2018-11-22,1487.0493352184094,1502.3712759722223,1462.0730543943275,1468.6533203125,1038896.0,INDUSINDBK,-0.011540725937705498,False
2018-11-23,1487.0493352184094,1502.3712759722223,1462.0730543943275,1468.6533203125,1038896.0,INDUSINDBK,0.0,False
2018-11-26,1477.443008806091,1505.9735583644583,1471.7273301574403,1501.218505859375,1365620.0,INDUSINDBK,0.02217350078229874,False
2018-11-27,1492.52489050126,1531.0940561545274,1487.817915899403,1526.0028076171875,1707401.0,INDUSINDBK,0.016509456592146643,False
2018-11-28,1533.1594524234476,1556.2144817831988,1529.509025869243,1549.8262939453125,2408350.0,INDUSINDBK,0.015611692330582683,False
2018-11-29,1564.8601636111905,1605.158387953917,1555.2539010966957,1595.16796875,2975979.0,INDUSINDBK,0.029255972093016558,False
2018-11-30,1598.9623575279109,1608.520541597042,1559.096369040432,1567.5499267578125,1391187.0,INDUSINDBK,-0.01731356354517921,False
2018-12-03,1583.5922738920774,1596.4166100731743,1571.8726812820428,1591.085205078125,1509308.0,INDUSINDBK,0.015014053408168637,False
2018-12-04,1587.915162867879,1593.5828810943644,1567.549933637462,1571.3443603515625,1311350.0,INDUSINDBK,-0.012407157494493282,False
2018-12-05,1565.820761103386,1565.820761103386,1529.124885877584,1540.460205078125,1669427.0,INDUSINDBK,-0.019654606623927817,False
2018-12-06,1531.4301602806806,1531.5263167067565,1498.576792880791,1507.6546630859375,1605950.0,INDUSINDBK,-0.021295936035247154,False
2018-12-07,1510.1044625158918,1517.78947250325,1470.7668645486804,1505.1092529296875,1502809.0,INDUSINDBK,-0.0016883244011860477,False
2018-12-10,1479.3643595354629,1511.0650243826517,1476.5305591289423,1493.245361328125,1485061.0,INDUSINDBK,-0.007882412242479764,False
2018-12-11,1418.6047314586851,1503.1398364990537,1416.923635619814,1491.660400390625,2294146.0,INDUSINDBK,-0.0010614202987312416,False
2018-12-12,1503.379986408857,1527.1074063814274,1493.7737245148703,1519.9027099609375,1279021.0,INDUSINDBK,0.018933471427488913,False
2018-12-13,1528.8367203972664,1563.8995795204207,1514.859561156292,1546.704345703125,1283289.0,INDUSINDBK,0.01763378377217073,False
2018-12-14,1546.60831454221,1549.9705065303451,1527.4438671154192,1540.700439453125,692049.0,INDUSINDBK,-0.003881741372667169,False
2018-12-17,1549.3939384566922,1574.9465705554608,1541.804968430323,1569.0386962890625,791402.0,INDUSINDBK,0.01839309972936487,False
2018-12-18,1563.803432166861,1579.6056864304878,1545.647573328179,1574.9947509765625,983139.0,INDUSINDBK,0.0037959896729040654,False
2018-12-19,1576.3876611376925,1587.6269412493666,1546.0318953814924,1549.1539306640625,1390871.0,INDUSINDBK,-0.016406924719258642,False
2018-12-20,1542.861720398682,1557.895543920753,1530.565775364917,1549.345947265625,1156454.0,INDUSINDBK,0.00012394933631942884,False
2018-12-21,1549.3458410818234,1561.930020019466,1510.29636517324,1513.610595703125,1119348.0,INDUSINDBK,-0.023064798165682632,False
2018-12-24,1515.868051080842,1528.8365039893283,1494.6861977580745,1500.834228515625,757749.0,INDUSINDBK,-0.008440986885114188,False
2018-12-25,1515.868051080842,1528.8365039893283,1494.6861977580745,1500.834228515625,757749.0,INDUSINDBK,0.0,False
2018-12-26,1498.2886611764511,1503.331948807041,1460.4400821027991,1495.1666259765625,1712424.0,INDUSINDBK,-0.0037763014937818307,False
2018-12-27,1514.907574665821,1530.709829347594,1498.2886938720255,1502.41943359375,1880388.0,INDUSINDBK,0.004850835680237475,False
2018-12-28,1516.684598370956,1537.482178312633,1509.1437064224597,1520.911376953125,1333919.0,INDUSINDBK,0.012308109803360834,False
2018-12-31,1528.644458477531,1540.844363829208,1523.1688189958363,1536.3294677734375,933039.0,INDUSINDBK,0.01013740251664097,False
2019-01-01,1537.00192523155,1541.8050562478986,1499.105268418136,1532.775146484375,4043870.0,INDUSINDBK,-0.002313515013295686,False
2019-01-02,1525.0900812097707,1535.080616812023,1506.5019883075438,1514.523193359375,1164974.0,INDUSINDBK,-0.011907782538660872,False
2019-01-03,1511.065075582111,1517.7894592623873,1494.3982337702148,1498.6729736328125,958038.0,INDUSINDBK,-0.010465484976433403,False
2019-01-04,1499.3454391650794,1509.1437796256268,1479.556445379204,1487.241455078125,1868151.0,INDUSINDBK,-0.007627760529354988,False
2019-01-07,1499.5376332241071,1546.608321262532,1489.451057215873,1497.760498046875,3991996.0,INDUSINDBK,0.0070728548702250205,False
2019-01-08,1501.6028111511016,1525.474347864839,1489.931179810054,1515.6279296875,1479592.0,INDUSINDBK,0.01192943175088712,False
2019-01-09,1517.789363989094,1546.608149381292,1487.0493262374162,1538.6829833984375,6447772.0,INDUSINDBK,0.015211552426122932,False
2019-01-10,1544.5427267915447,1544.5427267915447,1492.813032235402,1504.2445068359375,4377060.0,INDUSINDBK,-0.022381788148743254,False
2019-01-11,1508.1831210151313,1512.0256257820488,1448.9125318910042,1455.4927978515625,3180775.0,INDUSINDBK,-0.0324094312878167,False
2019-01-14,1449.5848855234592,1449.5848855234592,1413.081091189535,1425.6173095703125,3615252.0,INDUSINDBK,-0.020526029620585473,False
2019-01-15,1432.2936639366303,1445.1660784670516,1427.4905329375138,1436.3282470703125,1725819.0,INDUSINDBK,0.00751319265562822,False
2019-01-16,1437.0968344553162,1471.679378599963,1437.048756238427,1466.5880126953125,2188162.0,INDUSINDBK,0.021067444497259613,False
2019-01-17,1466.58796141348,1475.5218319107023,1450.5455509017977,1463.03369140625,1467807.0,INDUSINDBK,-0.0024235308473102846,False
2019-01-18,1463.1297859094225,1472.0636567445306,1453.4274844494946,1457.1739501953125,1589082.0,INDUSINDBK,-0.004005199091010159,False
2019-01-21,1451.7944997911416,1458.1346095938572,1438.0574974986357,1448.2401123046875,1606142.0,INDUSINDBK,-0.006130934394913856,False
2019-01-22,1442.860714405622,1446.8952979930525,1416.923804093404,1442.4764404296875,2666389.0,INDUSINDBK,-0.003979776437643245,False
2019-01-23,1438.201600339939,1449.584997844377,1427.6826726413492,1436.13623046875,1441440.0,INDUSINDBK,-0.0043953646543085645,False
2019-01-24,1433.4463117165635,1440.9392426840952,1420.2857802056233,1431.6212158203125,1088512.0,INDUSINDBK,-0.003143862366708605,False
2019-01-25,1437.384999793538,1452.851057836103,1420.045650341931,1426.433837890625,1738412.0,INDUSINDBK,-0.0036234290693402116,False
2019-01-28,1414.233678441713,1434.1666697478915,1380.8039609709117,1386.8558349609375,2246761.0,INDUSINDBK,-0.027746118942477138,False
2019-01-29,1389.065480074903,1408.2780040040166,1373.9356174807265,1404.2913818359375,1388542.0,INDUSINDBK,0.012571996623925275,False
2019-01-30,1408.182006094342,1431.33307465442,1400.593035467211,1417.9803466796875,3193022.0,INDUSINDBK,0.009747951900020535,False
2019-01-31,1421.7268268303492,1460.6321893213149,1415.0984823605809,1446.2708740234375,2469714.0,INDUSINDBK,0.019951283111923512,False
2019-02-01,1448.5282579615246,1474.9454782340829,1437.961369852501,1455.4927978515625,1547424.0,INDUSINDBK,0.006376346225150931,False
2019-02-04,1448.7203635181684,1451.9384378681468,1411.4960978891486,1445.40625,2054061.0,INDUSINDBK,-0.006929988156898603,False
2019-02-05,1445.5982807298833,1495.8390767524825,1439.0660930768547,1481.04541015625,1710784.0,INDUSINDBK,0.02465684658292444,False
2019-02-06,1482.966659459475,1482.966659459475,1447.663647485298,1465.963623046875,1541770.0,INDUSINDBK,-0.010183203705944388,False
2019-02-07,1464.9548768096615,1469.6619683912138,1447.6636061325637,1455.300537109375,1602553.0,INDUSINDBK,-0.007273772534230893,False
2019-02-08,1453.3313826436424,1469.2777539046945,1432.197606516867,1440.0267333984375,2194466.0,INDUSINDBK,-0.010495291743157997,False
2019-02-11,1443.7252980342455,1458.230731794962,1423.648184795872,1451.50634765625,1387113.0,INDUSINDBK,0.00797180635023409,False
2019-02-12,1452.5628656708052,1462.7935582388411,1427.7307016466773,1438.24951171875,1136862.0,INDUSINDBK,-0.009133157398109826,False
2019-02-13,1452.5628656708052,1462.7935582388411,1427.7307016466773,1438.24951171875,1136862.0,INDUSINDBK,0.0,False
2019-02-14,1433.158117104647,1470.526496240158,1417.932216712415,1457.7501220703125,1756930.0,INDUSINDBK,0.013558572551336079,False
2019-02-15,1455.877143268101,1462.025057385895,1439.6904973315063,1450.0653076171875,1169312.0,INDUSINDBK,-0.005271695290418488,False
2019-02-18,1450.065079731146,1464.8587449380616,1440.939131895806,1457.269775390625,1040787.0,INDUSINDBK,0.004968374690155208,False
2019-02-19,1452.4668799867022,1461.0164770055503,1413.1772431797754,1422.2071533203125,1352025.0,INDUSINDBK,-0.02406048808698713,False
2019-02-20,1421.7268134423084,1434.7913066535843,1416.0590952602563,1422.495361328125,1688403.0,INDUSINDBK,0.00020264840261807748,False
2019-02-21,1421.1983500542433,1435.5597817526643,1397.711086942131,1413.6094970703125,2297058.0,INDUSINDBK,-0.006246673626771004,False
2019-02-22,1415.9630684743663,1428.4031312952086,1400.6890879057414,1405.2041015625,1314113.0,INDUSINDBK,-0.005946051950862397,False
2019-02-25,1407.3655568184718,1436.136266557301,1403.523051757449,1432.48583984375,1055629.0,INDUSINDBK,0.019414786970031184,False
2019-02-26,1421.7268246233357,1430.2283433313014,1404.243474090978,1419.901611328125,850891.0,INDUSINDBK,-0.008784888594080331,False
2019-02-27,1423.6960845264118,1435.127442317898,1400.7850562007325,1418.556640625,1553126.0,INDUSINDBK,-0.0009472280983376935,False
2019-02-28,1429.1715747820133,1430.3723574864175,1412.6007734612338,1415.81884765625,2400890.0,INDUSINDBK,-0.0019299849511428269,False
2019-03-01,1423.359817993923,1459.6715358809406,1416.8755910329512,1454.484130859375,2243654.0,INDUSINDBK,0.027309484731843803,False
2019-03-04,1423.359817993923,1459.6715358809406,1416.8755910329512,1454.484130859375,2243654.0,INDUSINDBK,0.0,False
2019-03-05,1450.5456018855969,1486.088772262926,1450.5456018855969,1480.9013671875,1768341.0,INDUSINDBK,0.018162615712085106,False
2019-03-06,1476.9627971658786,1480.3249888992643,1462.3132474704123,1474.4171142578125,1694922.0,INDUSINDBK,-0.00437858528147772,False
2019-03-07,1474.465171372112,1484.1193942814457,1460.2959349841974,1470.9588623046875,2128646.0,INDUSINDBK,-0.0023455044842353168,False
2019-03-08,1468.7973562047102,1471.2949606957643,1448.576129215351,1458.23046875,966595.0,INDUSINDBK,-0.008653126801074995,False
2019-03-11,1461.0163471697854,1464.954890964838,1443.244763246605,1454.96435546875,2472505.0,INDUSINDBK,-0.0022397785200920506,False
2019-03-12,1465.9155051425828,1522.592448001962,1451.2659563526586,1507.2705078125,7399042.0,INDUSINDBK,0.035950126301821594,False
2019-03-13,1512.8903388721574,1575.4270857119582,1506.1659549697283,1571.9207763671875,7407679.0,INDUSINDBK,0.04289227993222955,False
2019-03-14,1584.072622298468,1634.0251852818035,1570.623855341416,1616.4456787109375,6598388.0,INDUSINDBK,0.02832515672109759,False
2019-03-15,1619.6158428452495,1650.355882567105,1618.7512557752837,1636.1866455078125,3884063.0,INDUSINDBK,0.012212576677873788,False
2019-03-18,1640.749500598826,1666.1580159244215,1635.5620958209604,1648.242431640625,2427808.0,INDUSINDBK,0.007368221813759401,False
2019-03-19,1661.8833917150964,1666.6865229050245,1650.5479552012882,1657.2723388671875,1738526.0,INDUSINDBK,0.005478506713101794,False
2019-03-20,1660.9227575066222,1661.883383739998,1640.7496066057322,1645.93701171875,1592600.0,INDUSINDBK,-0.006839749196674405,False
2019-03-21,1660.9227575066222,1661.883383739998,1640.7496066057322,1645.93701171875,1592600.0,INDUSINDBK,0.0,False
2019-03-22,1647.4737740345245,1663.3721830160562,1627.5888605188047,1631.719482421875,2081172.0,INDUSINDBK,-0.008637954669983738,False
2019-03-25,1615.8692287508304,1633.0163821316648,1609.0488065162945,1617.26220703125,1689972.0,INDUSINDBK,-0.008860147559902165,False
2019-03-26,1614.8126010533792,1652.277021898758,1602.9008130241125,1647.1376953125,2216791.0,INDUSINDBK,0.018472878517387326,False
2019-03-27,1661.8833427963057,1742.0475530909323,1652.3731198673995,1733.2098388671875,5562677.0,INDUSINDBK,0.052255584824289825,False
2019-03-28,1741.1351218702264,1762.1728607265793,1707.1770065323335,1749.396484375,4070284.0,INDUSINDBK,0.009339114713537544,False
2019-03-29,1741.1351218702264,1762.1728607265793,1707.1770065323335,1749.396484375,4070284.0,INDUSINDBK,0.0,False
2019-04-01,1726.2452925842629,1728.1665449967104,1670.577050839167,1674.4195556640625,2594605.0,INDUSINDBK,-0.0428587397886101,False
2019-04-02,1685.5628358824083,1709.9146873306488,1662.6519237774244,1704.6793212890625,2760486.0,INDUSINDBK,0.01807179420632088,False
2019-04-03,1713.75713747591,1746.4184282125584,1692.575282901419,1703.7666015625,2494990.0,INDUSINDBK,-0.0005354201902750821,False
2019-04-04,1703.7665406232102,1712.5562934745628,1655.399036729794,1667.7911376953125,2164515.0,INDUSINDBK,-0.021115253599991335,False
2019-04-05,1679.174664777009,1704.9674558260865,1676.4369034502702,1698.339111328125,1183378.0,INDUSINDBK,0.01831642640518294,False
2019-04-08,1699.2516281022508,1727.7821779845617,1677.3013439253016,1682.056396484375,1816648.0,INDUSINDBK,-0.009587434414683349,False
2019-04-09,1688.7809077911477,1702.6139489186762,1662.1235299804514,1697.5225830078125,1675803.0,INDUSINDBK,0.009194808542545285,False
2019-04-10,1696.5139817268953,1708.905966146366,1673.6029525823765,1678.646240234375,1891510.0,INDUSINDBK,-0.011119936171918754,False
2019-04-11,1680.0391797990733,1683.8816845880178,1659.7699904901783,1672.114013671875,965883.0,INDUSINDBK,-0.003891365795802182,False
2019-04-12,1674.8519206604842,1675.7644687217107,1658.136999920919,1668.415771484375,1029735.0,INDUSINDBK,-0.002211716520082785,False
2019-04-15,1674.8519013311172,1695.4093269568268,1664.5732471502367,1680.039306640625,973597.0,INDUSINDBK,0.006966809685519104,False
2019-04-16,1684.84219157457,1748.3395552663471,1683.977604605443,1743.6805419921875,2593532.0,INDUSINDBK,0.037880801419353904,False
2019-04-17,1684.84219157457,1748.3395552663471,1683.977604605443,1743.6805419921875,2593532.0,INDUSINDBK,0.0,False
2019-04-18,1744.4972143781015,1751.9420675782285,1683.3053711097332,1694.8328857421875,1857583.0,INDUSINDBK,-0.028014108704906837,False
2019-04-19,1744.4972143781015,1751.9420675782285,1683.3053711097332,1694.8328857421875,1857583.0,INDUSINDBK,0.0,False
2019-04-22,1689.7414015866398,1690.7020277387642,1616.6857358120133,1624.4188232421875,2184388.0,INDUSINDBK,-0.04154631591843627,False
2019-04-23,1624.4189310370548,1648.434586433818,1580.2301251070107,1586.330078125,2161145.0,INDUSINDBK,-0.023447613738657558,False
2019-04-24,1601.3639203905443,1637.8677170161238,1595.6962021985212,1632.3441162109375,3467827.0,INDUSINDBK,0.029006597504804832,False
2019-04-25,1648.4345675696488,1656.1195772086685,1607.12764075992,1617.1661376953125,3070975.0,INDUSINDBK,-0.00929827134174177,False
2019-04-26,1617.6945628789122,1636.1866177099212,1596.0804728166938,1631.9598388671875,1639196.0,INDUSINDBK,0.009147916733501571,False
2019-04-29,1617.6945628789122,1636.1866177099212,1596.0804728166938,1631.9598388671875,1639196.0,INDUSINDBK,0.0,False
2019-04-30,1613.7559573617243,1613.7559573617243,1513.178325076898,1543.2459716796875,5059803.0,INDUSINDBK,-0.05436032497532539,False
2019-05-01,1613.7559573617243,1613.7559573617243,1513.178325076898,1543.2459716796875,5059803.0,INDUSINDBK,0.0,False
2019-05-02,1538.106612950816,1553.9088665150553,1490.4115002380736,1499.82568359375,4071588.0,INDUSINDBK,-0.028135688595822717,False
2019-05-03,1503.3799522054646,1516.8287185510726,1485.8966028617488,1495.3106689453125,2042908.0,INDUSINDBK,-0.003010359602336643,False
2019-05-06,1482.5343746669782,1482.5343746669782,1461.688716987668,1468.076904296875,2018992.0,INDUSINDBK,-0.01821278026969897,False
2019-05-07,1479.17233945813,1481.2856702922682,1436.616549884622,1456.1173095703125,3333379.0,INDUSINDBK,-0.008146436124400802,False
2019-05-08,1456.1171867991775,1465.867448555993,1423.7440147028462,1430.1322021484375,2652472.0,INDUSINDBK,-0.0178454766323346,False
2019-05-09,1427.490590777138,1430.372469493377,1411.0158273298482,1418.4127197265625,3040828.0,INDUSINDBK,-0.00819468466220763,False
2019-05-10,1420.3337892028455,1433.734476601184,1373.6953444152048,1383.20556640625,2304082.0,INDUSINDBK,-0.024821515508616998,False
2019-05-13,1377.5378661517864,1389.065379676069,1332.6285947134347,1338.4404296875,2608583.0,INDUSINDBK,-0.0323633289266293,False
2019-05-14,1338.4404853328706,1385.2229327583154,1331.9081804919583,1376.2890625,5582146.0,INDUSINDBK,0.028278160142948483,False
2019-05-15,1379.459310131889,1394.8293303004896,1318.9398557180248,1324.70361328125,3321014.0,INDUSINDBK,-0.037481551386484235,False
2019-05-16,1327.5854859813269,1327.5854859813269,1295.020232445493,1304.7225341796875,4571270.0,INDUSINDBK,-0.015083433683758085,False
2019-05-17,1314.1367390079845,1337.1917695168966,1311.2548601943704,1319.46826171875,3070835.0,INDUSINDBK,0.011301811038569642,False
2019-05-20,1344.8766364212593,1446.3668146154082,1344.8766364212593,1435.7999267578125,4545248.0,INDUSINDBK,0.08816556518572716,False
2019-05-21,1440.843261849384,1454.3880678261526,1386.1836075780304,1390.74658203125,3331988.0,INDUSINDBK,-0.03137856736648381,False
2019-05-22,1389.9780867326806,1476.3384088924597,1327.8736943212905,1459.09521484375,18578611.0,INDUSINDBK,0.04914528189073364,False
2019-05-23,1486.0886231614054,1575.4268532544957,1482.3902360135637,1535.801025390625,12378857.0,INDUSINDBK,0.052570805363849615,False
2019-05-24,1545.3594380478794,1592.7183601994377,1531.238278744212,1583.9766845703125,6065381.0,INDUSINDBK,0.031368424934756334,False
2019-05-27,1583.0159296121462,1583.0159296121462,1543.726294798282,1549.2979736328125,2426340.0,INDUSINDBK,-0.021893447848891356,False
2019-05-28,1551.4112387590967,1567.7418833776137,1533.8317332347665,1555.878173828125,2044030.0,INDUSINDBK,0.004247214097804042,False
2019-05-29,1553.3324841947538,1565.1961936917537,1538.971170161112,1545.311279296875,1628713.0,INDUSINDBK,-0.006791595067659362,False
2019-05-30,1545.2632660301576,1557.7514065021694,1518.31777175468,1524.417724609375,4997347.0,INDUSINDBK,-0.013520612298259183,False
2019-05-31,1536.0411608918453,1547.5205960829944,1493.821689960521,1542.14111328125,3138032.0,INDUSINDBK,0.011626333376841602,False
2019-06-03,1537.0978472530485,1601.363758806716,1527.1073120476583,1597.18505859375,3064055.0,INDUSINDBK,0.0356931961922613,False
2019-06-04,1597.5213926359556,1607.0795765522234,1565.8207275986815,1573.5057373046875,2614383.0,INDUSINDBK,-0.014825659156811222,False
2019-06-05,1597.5213926359556,1607.0795765522234,1565.8207275986815,1573.5057373046875,2614383.0,INDUSINDBK,0.0,False
2019-06-06,1570.335605329405,1570.335605329405,1450.5455648588866,1462.697509765625,6402947.0,INDUSINDBK,-0.07042124150679596,False
2019-06-07,1469.7580086919854,1498.576793176142,1423.6960317303822,1491.0838623046875,6289576.0,INDUSINDBK,0.01940685093776562,False
2019-06-10,1502.4193741588565,1522.6885634904363,1475.665957988675,1490.5556640625,3211040.0,INDUSINDBK,-0.0003542377833605226,False
2019-06-11,1502.4192918064543,1532.48693707107,1501.458665660798,1527.971923828125,3468327.0,INDUSINDBK,0.025102222391109708,False
2019-06-12,1534.1200880763154,1539.4995715072005,1499.7296221643933,1508.0390625,3504083.0,INDUSINDBK,-0.013045306014645819,False
2019-06-13,1460.1518005873577,1464.9549315103425,1383.301705819602,1430.228271484375,10175722.0,INDUSINDBK,-0.051597331230022414,False
2019-06-14,1434.2149929510983,1436.1362454533771,1355.683796920454,1370.62158203125,10500760.0,INDUSINDBK,-0.04167634680529819,False
2019-06-17,1371.293944417781,1392.8119954397175,1341.2262964892425,1344.54052734375,7360154.0,INDUSINDBK,-0.01902863272359112,False
2019-06-18,1354.9632781917444,1387.9607652713107,1344.9727420886943,1353.5223388671875,6611201.0,INDUSINDBK,0.006680208845159852,False
2019-06-19,1368.7003408870578,1382.3411868608564,1316.1540141553128,1326.9610595703125,5716245.0,INDUSINDBK,-0.019623820408538717,False
2019-06-20,1325.6642751734948,1384.3585178171545,1294.9242340100514,1379.0750732421875,7571159.0,INDUSINDBK,0.039273204964093145,False
2019-06-21,1388.1048968762252,1407.3174214004637,1363.2727323814358,1391.6112060546875,4913512.0,INDUSINDBK,0.009090246829730475,False
2019-06-24,1424.6086813700606,1426.5299338061632,1391.9954681727963,1404.0032958984375,4102227.0,INDUSINDBK,0.00890485057164958,False
2019-06-25,1397.759182213439,1402.994548034181,1384.7907286711857,1392.57177734375,2445906.0,INDUSINDBK,-0.008142088119082569,False
2019-06-26,1392.9079898879363,1395.4055945549476,1371.0537438396948,1378.3065185546875,2478755.0,INDUSINDBK,-0.010243822990777973,False
2019-06-27,1382.3410097678138,1406.6448979153088,1378.6905835452724,1393.0999755859375,4007859.0,INDUSINDBK,0.010733067595706247,False
2019-06-28,1400.5931275755495,1400.5931275755495,1344.8768028846152,1354.96337890625,4108364.0,INDUSINDBK,-0.027375348035339142,False
2019-07-01,1371.6782857151047,1385.367210175668,1360.5830052993842,1377.15380859375,3446607.0,INDUSINDBK,0.016377143495503566,False
2019-07-02,1390.026043877578,1394.8291746442592,1354.5789153666826,1360.7750244140625,3100554.0,INDUSINDBK,-0.011893213435914096,False
2019-07-03,1373.695379531516,1421.2463734383762,1367.3552704633878,1412.69677734375,5366734.0,INDUSINDBK,0.03815601550450598,False
2019-07-04,1415.002350493297,1453.9077104355772,1408.5662020503958,1434.3109130859375,4799912.0,INDUSINDBK,0.01529991155131527,False
2019-07-05,1439.6903528666226,1479.364259457651,1425.9534693871617,1472.2076416015625,5145552.0,INDUSINDBK,0.026421557676145513,False
2019-07-08,1455.5890155899456,1484.1195700788676,1412.9371839918365,1418.36474609375,3857205.0,INDUSINDBK,-0.036572895009048256,False
2019-07-09,1418.3645964018012,1449.9211438882608,1399.7284245100052,1433.350341796875,3733488.0,INDUSINDBK,0.010565403394575457,False
2019-07-10,1441.900017334846,1460.8723859839888,1410.7757030348553,1428.69140625,3222571.0,INDUSINDBK,-0.0032503815787523482,False
2019-07-11,1444.781858272506,1494.7344225212896,1436.1362221525244,1480.565185546875,4337246.0,INDUSINDBK,0.03630859615305737,False
2019-07-12,1488.970670292574,1500.9784982788046,1434.8394051834364,1450.0653076171875,10637123.0,INDUSINDBK,-0.020600158795724854,False
2019-07-15,1469.7099757905164,1469.758054005046,1410.1992309015734,1417.0196533203125,5656516.0,INDUSINDBK,-0.022789079997491357,False
2019-07-16,1426.5300170179214,1426.5300170179214,1402.5624383850518,1415.194580078125,3863867.0,INDUSINDBK,-0.0012879660757781908,False
2019-07-17,1424.4165090009633,1449.15263248286,1399.6323073057608,1442.1400146484375,5290039.0,INDUSINDBK,0.019040091694546346,False
2019-07-18,1437.1448028346265,1443.821107691164,1410.535388043102,1413.5133056640625,2404071.0,INDUSINDBK,-0.019850159272748247,False
2019-07-19,1421.7268689358075,1430.0842705165403,1351.7932300987914,1366.1546630859375,4698852.0,INDUSINDBK,-0.03350420713293256,False
2019-07-22,1363.0805201533574,1372.5427821772955,1327.585428433311,1362.55224609375,4578591.0,INDUSINDBK,-0.00263690275305295,False
2019-07-23,1369.5647206339484,1376.385260436214,1349.1034530189715,1360.9671630859375,2946083.0,INDUSINDBK,-0.001163319067108648,False
2019-07-24,1351.7931834799997,1370.1891992308867,1300.0634844652902,1308.3729248046875,4148585.0,INDUSINDBK,-0.03864475184103244,False
2019-07-25,1314.1366357680351,1363.4647674663354,1313.1760095722982,1336.85546875,6816446.0,INDUSINDBK,0.021769438518123074,False
2019-07-26,1345.3569647257762,1366.0104275901847,1331.9562764239793,1359.766357421875,3106622.0,INDUSINDBK,0.017137895013660254,False
2019-07-29,1354.4830169459804,1379.4592995279631,1346.8940460932808,1375.905029296875,3185949.0,INDUSINDBK,0.01186870949329788,False
2019-07-30,1379.5073482855116,1390.602510914115,1265.7691788883726,1284.6455078125,8804120.0,INDUSINDBK,-0.06632690450372958,False
2019-07-31,1265.7691357967897,1363.8009691417649,1260.3415743143703,1357.220703125,7730088.0,INDUSINDBK,0.056494336274978574,False
2019-08-01,1335.3664332161145,1378.4985722752854,1311.254739481369,1343.579833984375,9532030.0,INDUSINDBK,-0.010050590231358014,False
2019-08-02,1341.0341305198108,1356.884462291714,1312.6475803500095,1328.449951171875,4625690.0,INDUSINDBK,-0.011260873697123364,False
2019-08-05,1311.254778566626,1349.391592253793,1296.8453853955643,1333.541259765625,6796784.0,INDUSINDBK,0.0038325181835106026,False
2019-08-06,1333.5411049175627,1373.6953227972062,1323.502609079616,1361.30322265625,3140739.0,INDUSINDBK,0.020818225673425506,False
2019-08-07,1361.2072558557336,1404.48351086032,1359.7182384162315,1370.1890869140625,6078493.0,INDUSINDBK,0.006527468759292221,False
2019-08-08,1380.9568886052,1380.9568886052,1325.8634215251566,1365.553955078125,5079904.0,INDUSINDBK,-0.003382841010927007,False
2019-08-09,1385.785331663928,1385.785331663928,1357.1039681202908,1364.9261474609375,4666041.0,INDUSINDBK,-0.0004597457426364082,False
2019-08-12,1385.785331663928,1385.785331663928,1357.1039681202908,1364.9261474609375,4666041.0,INDUSINDBK,0.0,False
2019-08-13,1366.4711164094608,1368.547403519985,1305.8248599905658,1326.3460693359375,3477027.0,INDUSINDBK,-0.028265322777182744,False
2019-08-14,1341.3629489385585,1360.4839366169035,1329.8710469655653,1352.8065185546875,2823062.0,INDUSINDBK,0.019949883239747557,False
2019-08-15,1341.3629489385585,1360.4839366169035,1329.8710469655653,1352.8065185546875,2823062.0,INDUSINDBK,0.0,False
2019-08-16,1332.6716620690609,1395.4424287607196,1327.843141554318,1389.7447509765625,3127077.0,INDUSINDBK,0.027304889439281554,False
2019-08-19,1392.545346180405,1407.900065321846,1381.48808111911,1393.0281982421875,2484182.0,INDUSINDBK,0.0023626261321136877,False
2019-08-20,1401.2367031031154,1402.15407487995,1340.493889295351,1356.66943359375,3395591.0,INDUSINDBK,-0.02610052308655153,False
2019-08-21,1364.05698805243,1364.3949608974892,1311.281237468899,1320.310546875,2929477.0,INDUSINDBK,-0.02680010754162654,False
2019-08-22,1319.1034136560763,1319.1034136560763,1284.4347322077313,1289.8426513671875,4436240.0,INDUSINDBK,-0.023076310024127245,False
2019-08-23,1293.6572652457894,1297.5684142354812,1236.1978678996102,1265.5552978515625,7921907.0,INDUSINDBK,-0.018829702591925623,False
2019-08-26,1299.8861471287933,1308.4326054693308,1223.788611265302,1302.2520751953125,7080111.0,INDUSINDBK,0.02899658150540496,False
2019-08-27,1313.357525466249,1353.6273377332764,1308.7704311677455,1338.5623779296875,4755041.0,INDUSINDBK,0.027882699076466455,False
2019-08-28,1331.7059908519432,1358.2628543388385,1307.273629290478,1319.0069580078125,8031108.0,INDUSINDBK,-0.014609270546002362,False
2019-08-29,1310.4604336015436,1333.6373314692205,1292.1120561229664,1304.231689453125,4555489.0,INDUSINDBK,-0.011201812443054626,False
2019-08-30,1312.4402960029188,1353.579269961924,1284.5314219852255,1347.881591796875,5254735.0,INDUSINDBK,0.033467905048414126,False
2019-09-02,1312.4402960029188,1353.579269961924,1284.5314219852255,1347.881591796875,5254735.0,INDUSINDBK,0.0,False
2019-09-03,1332.6717136385412,1340.349014400545,1289.7944262316705,1297.8580322265625,6169187.0,INDUSINDBK,-0.03711272553520484,False
2019-09-04,1293.0775870990133,1297.8577744907875,1252.083501636878,1272.4114990234375,6069299.0,INDUSINDBK,-0.019606561404462486,False
2019-09-05,1281.4893804611909,1289.2150135008965,1258.7470010470352,1263.237548828125,3820454.0,INDUSINDBK,-0.007209892556263031,False
2019-09-06,1275.7915681161508,1294.0433978264314,1266.3277393697851,1285.4486083984375,2744448.0,INDUSINDBK,0.017582646740446517,False
2019-09-09,1284.3864453490753,1294.9608580275644,1263.140955275632,1289.2149658203125,3024923.0,INDUSINDBK,0.00292999455386056,False
2019-09-10,1284.3864453490753,1294.9608580275644,1263.140955275632,1289.2149658203125,3024923.0,INDUSINDBK,0.0,False
2019-09-11,1294.6228107372265,1332.671573439728,1294.0434118907506,1325.0908203125,2958610.0,INDUSINDBK,0.027827674548720482,False
2019-09-12,1331.7058976929172,1363.5741316478602,1328.22938665641,1342.570068359375,3847286.0,INDUSINDBK,0.013190981160636772,False
2019-09-13,1341.3628104136994,1358.45572347928,1323.9801390044506,1350.633544921875,3506741.0,INDUSINDBK,0.006006000545173418,False
2019-09-16,1332.7201015646192,1347.157331910784,1318.1862064933478,1328.7606201171875,2406553.0,INDUSINDBK,-0.016194566532813814,False
2019-09-17,1328.808796903888,1337.4035866815518,1279.799315477382,1286.897216796875,3418892.0,INDUSINDBK,-0.03150560205240016,False
2019-09-18,1294.043440477924,1302.7347770184474,1276.4676737383843,1284.772705078125,3466276.0,INDUSINDBK,-0.0016508790997605827,False
2019-09-19,1287.1869827355413,1287.573287941578,1234.3146847282314,1238.2740478515625,4668596.0,INDUSINDBK,-0.03619212724770249,False
2019-09-20,1244.7926370515738,1404.5201254602437,1227.8928145935422,1370.91357421875,12418793.0,INDUSINDBK,0.10711645503458667,False
2019-09-23,1411.8592795158504,1495.0547045497158,1411.8592795158504,1459.7099609375,8634884.0,INDUSINDBK,0.06477168830234459,False
2019-09-24,1453.3846160658147,1474.6301054700991,1445.0312523369164,1464.297119140625,5167834.0,INDUSINDBK,0.0031425134621805295,False
2019-09-25,1457.247454920471,1468.8842362236203,1441.3616699776076,1452.3223876953125,5158518.0,INDUSINDBK,-0.008177801682994756,False
2019-09-26,1455.3160449281836,1501.4284146331076,1455.3160449281836,1494.909912109375,7017228.0,INDUSINDBK,0.029323740221098182,False
2019-09-27,1486.7979775961307,1492.0128032035047,1420.4058221137743,1430.0146484375,4445539.0,INDUSINDBK,-0.04341081903745314,False
2019-09-30,1425.1861802029664,1425.1861802029664,1299.9826181048204,1336.0999755859375,9439585.0,INDUSINDBK,-0.06567392365817926,False
2019-10-01,1349.088466624649,1361.8357120691624,1147.304666175286,1253.5321044921875,13839863.0,INDUSINDBK,-0.061797674277735415,False
2019-10-02,1349.088466624649,1361.8357120691624,1147.304666175286,1253.5321044921875,13839863.0,INDUSINDBK,0.0,False
2019-10-03,1250.5867153275587,1264.5410913682374,1178.1589132815611,1212.44140625,13455663.0,INDUSINDBK,-0.0327799328752203,False
2019-10-04,1236.1011980506569,1248.6070184867915,1212.2000225414745,1221.9053955078125,7423301.0,INDUSINDBK,0.007805729175056841,False
2019-10-07,1231.2726659494217,1232.238370001147,1173.3304228459197,1198.487060546875,5212929.0,INDUSINDBK,-0.019165423973928064,False
2019-10-08,1231.2726659494217,1232.238370001147,1173.3304228459197,1198.487060546875,5212929.0,INDUSINDBK,0.0,False
2019-10-09,1198.4387717095376,1273.763690479355,1193.2239460640978,1263.7686767578125,6865376.0,INDUSINDBK,0.054470021713166616,False
2019-10-10,1265.072312127976,1275.695056733631,1178.158947172619,1186.367431640625,13975918.0,INDUSINDBK,-0.061246370906865466,False
2019-10-11,1193.561872131776,1210.9445450126652,1150.4914951258866,1181.2491455078125,12987781.0,INDUSINDBK,-0.0043142503716023795,False
2019-10-14,1197.473154242861,1221.519211320145,1185.7881575241884,1207.7095947265625,4786662.0,INDUSINDBK,0.0224003964949957,False
2019-10-15,1213.8417452550818,1233.735344414042,1193.6102911150274,1228.6170654296875,4669980.0,INDUSINDBK,0.01731167061553296,False
2019-10-16,1231.2243145849247,1240.929687308442,1221.615606572124,1230.789794921875,4118174.0,INDUSINDBK,0.0017684350586710806,False
2019-10-17,1232.2384066676757,1298.871988219454,1226.444182184912,1294.1400146484375,5237964.0,INDUSINDBK,0.0514711935278791,False
2019-10-18,1286.3177675693648,1314.9991300981376,1271.928753949976,1296.6025390625,5604223.0,INDUSINDBK,0.001902826885954445,False
2019-10-21,1286.3177675693648,1314.9991300981376,1271.928753949976,1296.6025390625,5604223.0,INDUSINDBK,0.0,False
2019-10-22,1294.0434512053737,1311.2812452435517,1274.7293698440997,1295.0091552734375,3577455.0,INDUSINDBK,-0.0012288914613838298,False
2019-10-23,1293.0777464057455,1301.720750656507,1264.7343556008705,1286.897216796875,3003881.0,INDUSINDBK,-0.0062640008709820005,False
2019-10-24,1294.236642805771,1301.624303062273,1228.375667533369,1238.9984130859375,6833303.0,INDUSINDBK,-0.03722038021821128,False
2019-10-25,1243.8268834698542,1243.8268834698542,1216.8837154452608,1228.4239501953125,4141541.0,INDUSINDBK,-0.008534686387763446,False
2019-10-28,1243.8268834698542,1243.8268834698542,1216.8837154452608,1228.4239501953125,4141541.0,INDUSINDBK,0.0,False
2019-10-29,1231.272632380808,1280.5235376760404,1220.7947672820123,1270.1905517578125,4248732.0,INDUSINDBK,0.03400015243585841,False
2019-10-30,1269.9008837394094,1278.54388822807,1238.4189538485614,1252.7113037109375,3333740.0,INDUSINDBK,-0.013761122709254558,False
2019-10-31,1259.2298345855145,1297.9063315750325,1245.75830932425,1268.16259765625,7559742.0,INDUSINDBK,0.012334281569537087,False
2019-11-01,1282.4550010965406,1338.320957800982,1271.0596459513506,1332.5267333984375,7803620.0,INDUSINDBK,0.05075385117108944,False
2019-11-04,1327.7947332327633,1346.0948956669713,1303.700464396145,1305.921630859375,3641707.0,INDUSINDBK,-0.019965905277719687,False
2019-11-05,1307.5633195025198,1313.647302337624,1269.9008605212805,1274.825927734375,2656825.0,INDUSINDBK,-0.02381130872649473,False
2019-11-06,1275.936608559501,1307.177114244348,1265.0724368688338,1296.940673828125,3214840.0,INDUSINDBK,0.017347267272052047,False
2019-11-07,1303.7004865057054,1349.909402395093,1303.7004865057054,1334.5064697265625,5563949.0,INDUSINDBK,0.028964930051546656,False
2019-11-08,1320.165782816735,1404.0853713516813,1309.0601861230316,1374.0037841796875,8506906.0,INDUSINDBK,0.029596944899950905,False
2019-11-11,1367.4369720853026,1405.0028842313548,1359.131940605612,1395.49072265625,3521409.0,INDUSINDBK,0.01563819454062898,False
2019-11-12,1367.4369720853026,1405.0028842313548,1359.131940605612,1395.49072265625,3521409.0,INDUSINDBK,0.0,False
2019-11-13,1395.4423400315195,1412.29382840295,1360.2424748707476,1365.6986083984375,4578522.0,INDUSINDBK,-0.021348844370032483,False
2019-11-14,1351.6958705261195,1351.6958705261195,1306.7906335666974,1327.9395751953125,5279888.0,INDUSINDBK,-0.02764814503794888,False
2019-11-15,1329.8710659874591,1340.5903577067293,1299.547934275984,1312.391845703125,4476838.0,INDUSINDBK,-0.011708160358050002,False
2019-11-18,1314.7096401219778,1332.5751667167233,1312.8747786787292,1327.2637939453125,2034198.0,INDUSINDBK,0.011331941973641069,False
2019-11-19,1334.6029348762004,1360.67694301054,1327.4084871926484,1344.9842529296875,4880427.0,INDUSINDBK,0.01335112060255983,False
2019-11-20,1353.9171256176835,1428.034914056455,1353.9171256176835,1418.9090576171875,7334715.0,INDUSINDBK,0.05496332356789657,False
2019-11-21,1429.3385848698151,1450.5358601507346,1388.2961614801932,1396.552978515625,6229283.0,INDUSINDBK,-0.015755822391539054,False
2019-11-22,1400.2225832884178,1410.7005668608074,1387.7167626090995,1396.552978515625,2062280.0,INDUSINDBK,0.0,False
2019-11-25,1396.553009383951,1447.7353267423027,1396.553009383951,1445.51416015625,3029183.0,INDUSINDBK,0.03505859240131737,False
2019-11-26,1443.7275287433747,1469.3186856073878,1429.724820270613,1463.9107666015625,6748616.0,INDUSINDBK,0.012726687121019875,False
2019-11-27,1466.9045397904758,1484.6735189512683,1456.2817946043697,1474.00244140625,4156766.0,INDUSINDBK,0.006893640674639601,False
2019-11-28,1473.6644558960527,1521.7565672066005,1467.8702312988205,1514.4654541015625,5080043.0,INDUSINDBK,0.027451116469460857,False
2019-11-29,1502.6354339058605,1527.357432892078,1498.8209502342297,1515.2861328125,5852032.0,INDUSINDBK,0.0005418933186722708,False
2019-12-02,1537.4009730924809,1541.794974032165,1507.6572387710894,1521.94970703125,3906554.0,INDUSINDBK,0.0043975682707408925,False
2019-12-03,1525.0399375092552,1525.81254797821,1480.327906358912,1491.72314453125,3594869.0,INDUSINDBK,-0.019860421379468973,False
2019-12-04,1485.6391145952202,1500.7040740007078,1470.7672488436797,1491.3367919921875,3417501.0,INDUSINDBK,-0.0002589974825281116,False
2019-12-05,1491.3369264080936,1495.7791418034049,1455.219568580137,1457.9718017578125,3222397.0,INDUSINDBK,-0.022372538794409258,False
2019-12-06,1464.973056674486,1466.5664919476942,1406.0651091088014,1415.5772705078125,2990724.0,INDUSINDBK,-0.029077744301286734,False
2019-12-09,1407.030802380792,1433.9256366257937,1395.780326609293,1400.2708740234375,2831428.0,INDUSINDBK,-0.010812830075241364,False
2019-12-10,1409.9279676183326,1411.3765237494474,1360.290753948708,1363.1878662109375,2751068.0,INDUSINDBK,-0.026482738804634587,False
2019-12-11,1370.0442965955822,1382.888207689231,1348.267740870977,1371.927490234375,3263070.0,INDUSINDBK,0.006411166237658694,False
2019-12-12,1375.4041674946834,1401.2367541055191,1372.458722615438,1394.6217041015625,2490582.0,INDUSINDBK,0.016541846437752028,False
2019-12-13,1400.0295340668126,1442.713608593411,1400.0295340668126,1434.4569091796875,3512530.0,INDUSINDBK,0.028563448396773383,False
2019-12-16,1452.901786817044,1455.31604701448,1432.3805751388372,1442.1824951171875,2909431.0,INDUSINDBK,0.005385721863139015,False
2019-12-17,1448.6527111989394,1456.7646492961424,1435.2294004990656,1441.5548095703125,2861481.0,INDUSINDBK,-0.0004352330922058334,False
2019-12-18,1449.5218290147004,1452.4189412645633,1438.8990840985366,1449.3287353515625,2573443.0,INDUSINDBK,0.0053927368766277795,False
2019-12-19,1441.796149217948,1454.157208233482,1427.5036820989735,1438.802490234375,2656772.0,INDUSINDBK,-0.007262841659338326,False
2019-12-20,1439.3819040344115,1456.764577145864,1431.6562715404332,1436.9193115234375,2875305.0,INDUSINDBK,-0.0013088514398044149,False
2019-12-23,1436.9677627676992,1450.0047686799062,1428.6143983657091,1444.983154296875,1584336.0,INDUSINDBK,0.0056118967215272875,False
2019-12-24,1443.7276071739825,1479.458658321432,1443.7276071739825,1469.65673828125,4488835.0,INDUSINDBK,0.0170753436889588,False
2019-12-25,1443.7276071739825,1479.458658321432,1443.7276071739825,1469.65673828125,4488835.0,INDUSINDBK,0.0,False
2019-12-26,1465.069628289251,1477.1409292241433,1453.0466597116176,1463.427978515625,2265163.0,INDUSINDBK,-0.004238241218768812,False
2019-12-27,1472.4090833598834,1487.1844041389431,1460.241234539145,1472.602294921875,1755565.0,INDUSINDBK,0.0062690590455676265,False
2019-12-30,1472.6021958527704,1499.2556052583814,1465.987146388616,1478.8792724609375,2526529.0,INDUSINDBK,0.004262506965192259,False
2019-12-31,1478.8792252854205,1482.1626426755593,1453.3846144518316,1458.213134765625,1979911.0,INDUSINDBK,-0.01397418848187848,False
2020-01-01,1460.1446099334291,1471.6847268597394,1430.0146889454666,1433.3946533203125,2135253.0,INDUSINDBK,-0.01701979007979615,False
2020-01-02,1440.5890468200723,1481.6798021634315,1435.132795246307,1476.5615234375,2365906.0,INDUSINDBK,0.030115132644869202,False
2020-01-03,1471.732984870499,1485.2528416868945,1460.2410829998034,1476.4166259765625,2622870.0,INDUSINDBK,-9.813167865846406e-05,False
2020-01-06,1463.090030575917,1465.6973844687254,1415.191013343725,1419.005615234375,3151046.0,INDUSINDBK,-0.038885372686868425,False
2020-01-07,1437.4020360634192,1456.281595949569,1392.7382271690774,1411.521240234375,3572603.0,INDUSINDBK,-0.005274380114953847,False
2020-01-08,1391.5795597417691,1430.7871212625223,1389.6964839657278,1408.575927734375,3363919.0,INDUSINDBK,-0.0020866228690338273,False
2020-01-09,1438.899025631729,1463.9589984212605,1432.332190978684,1455.9437255859375,3496433.0,INDUSINDBK,0.03362814664009717,False
2020-01-10,1459.033977456285,1469.463628614938,1433.2979402927822,1440.106201171875,3189536.0,INDUSINDBK,-0.010877841042715275,False
2020-01-13,1448.3630293843669,1493.944214902734,1436.3399428327953,1486.8463134765625,3732412.0,INDUSINDBK,0.03245601766498418,False
2020-01-14,1492.9783547543734,1530.6408100166118,1419.8262781873336,1430.8353271484375,15123110.0,INDUSINDBK,-0.03767099922866901,False
2020-01-15,1413.211441007896,1413.211441007896,1343.632411603511,1352.4686279296875,13995235.0,INDUSINDBK,-0.05476989401354082,False
2020-01-16,1356.8142486774284,1366.471289593282,1329.871080945437,1338.900390625,10544088.0,INDUSINDBK,-0.010032201135384056,False
2020-01-17,1303.700456920757,1329.7744660591725,1271.8805558849867,1305.873291015625,10020063.0,INDUSINDBK,-0.024667331371796775,False
2020-01-20,1320.986664440288,1320.986664440288,1277.6265266923365,1286.26953125,6047237.0,INDUSINDBK,-0.01501199228171557,False
2020-01-21,1286.3177657410051,1303.7004382510188,1274.729317400996,1290.5185546875,4501887.0,INDUSINDBK,0.0033033694216255682,False
2020-01-22,1300.1756553853136,1301.7690906828643,1277.6264888526928,1281.8756103515625,3038713.0,INDUSINDBK,-0.006697264680576742,False
2020-01-23,1284.3863194363098,1293.850265785672,1274.825826263748,1286.1246337890625,4358219.0,INDUSINDBK,0.003314692473425529,False
2020-01-24,1288.2492616280997,1298.8720066640133,1262.802982323375,1270.963134765625,4563516.0,INDUSINDBK,-0.01178851460046304,False
2020-01-27,1266.5209504430234,1267.0038025019037,1221.6157089671558,1227.60302734375,6019701.0,INDUSINDBK,-0.034115944228288675,False
2020-01-28,1237.06689453125,1240.8331639227413,1197.7144542875744,1211.7171630859375,6103759.0,INDUSINDBK,-0.012940554808003268,False
2020-01-29,1225.3819400763005,1232.9143612277264,1208.0958133351132,1215.09716796875,3977924.0,INDUSINDBK,0.0027894338594696144,False
2020-01-30,1209.061459205618,1210.9928672874162,1179.6558183137597,1189.2645263671875,5301706.0,INDUSINDBK,-0.02125973319874186,False
2020-01-31,1202.3015362231793,1227.9892402476546,1199.5009709154588,1215.676513671875,8391172.0,INDUSINDBK,0.022208673275883717,False
2020-02-03,1180.0903488489523,1224.947254808392,1174.344456906193,1219.78076171875,7697534.0,INDUSINDBK,0.003376102113282098,False
2020-02-04,1229.341268742778,1239.9640134059127,1213.1657257330046,1229.0032958984375,4632688.0,INDUSINDBK,0.007560812950265117,False
2020-02-05,1236.1012155432868,1244.45457936571,1221.808748085048,1229.148193359375,4360609.0,INDUSINDBK,0.00011789835016795536,False
2020-02-06,1236.1011570170508,1293.4639999116318,1219.104789684825,1288.4906005859375,7628363.0,INDUSINDBK,0.04827929418695587,False
2020-02-07,1298.8719497695909,1299.885986177576,1250.3453211629574,1254.2564697265625,3850541.0,INDUSINDBK,-0.02656917391854241,False
2020-02-10,1259.2779909597402,1259.2779909597402,1224.9954996414344,1231.2242431640625,3955195.0,INDUSINDBK,-0.018363251151912507,False
2020-02-11,1245.7583652843427,1264.9759016278938,1240.978176850147,1248.3175048828125,3456066.0,INDUSINDBK,0.013883142582396646,False
2020-02-12,1216.7871790052063,1258.215908914763,1208.771787736016,1233.5904541015625,8957173.0,INDUSINDBK,-0.011797520040890963,False
2020-02-13,1237.7911907337846,1237.7911907337846,1183.2289108223677,1188.540283203125,6508945.0,INDUSINDBK,-0.03651955213227398,False
2020-02-14,1191.5822571147055,1198.5352791576158,1131.032542132196,1135.66796875,11532869.0,INDUSINDBK,-0.044485084098818906,False
2020-02-17,1135.6679787270136,1167.536212823945,1124.5623819962648,1132.7225341796875,9900428.0,INDUSINDBK,-0.002593570173115345,False
2020-02-18,1132.4810188059778,1132.4810188059778,1070.4345376190608,1101.5784912109375,11207411.0,INDUSINDBK,-0.027494856003111412,False
2020-02-19,1115.3881550491194,1127.9423074436115,1077.7256978656426,1102.9788818359375,14324736.0,INDUSINDBK,0.001271258141088527,False
2020-02-20,1105.7794625170309,1162.562789562724,1105.7794625170309,1141.6552734375,15703698.0,INDUSINDBK,0.035065396299505336,False
2020-02-21,1105.7794625170309,1162.562789562724,1105.7794625170309,1141.6552734375,15703698.0,INDUSINDBK,0.0,False
2020-02-24,1129.8738083475753,1148.7050384867016,1107.22809412866,1130.115234375,7179792.0,INDUSINDBK,-0.010108164286539156,False
2020-02-25,1140.4966012116154,1142.2349158352322,1099.7439332329368,1114.2777099609375,6114855.0,INDUSINDBK,-0.014014079212746222,False
2020-02-26,1105.7312603248895,1110.5597811123348,1086.6102708530846,1096.07421875,5870515.0,INDUSINDBK,-0.01633658382305403,False
2020-02-27,1099.9369738381845,1100.323279056328,1063.2402179067965,1077.291259765625,6835782.0,INDUSINDBK,-0.017136575847752078,False
2020-02-28,1062.274520149423,1079.6571941155046,1047.8372908700042,1066.1856689453125,10233947.0,INDUSINDBK,-0.010308809915276385,False
2020-03-02,1091.2455639586228,1097.9571598754703,1033.3516539799994,1042.236083984375,5724823.0,INDUSINDBK,-0.02246286520116969,False
2020-03-03,1047.788935531058,1079.6088380786884,1036.2004864744931,1070.0484619140625,5233056.0,INDUSINDBK,0.026685295545864518,False
2020-03-04,1076.2288595661828,1076.2288595661828,1014.9549831418252,1029.3922119140625,6863681.0,INDUSINDBK,-0.03799477448645239,False
2020-03-05,1038.1319580078125,1057.3977085866206,1026.5435082440044,1038.1319580078125,6815347.0,INDUSINDBK,0.008490200326559005,False
2020-03-06,963.772643679364,995.5925450320932,882.4603507308616,979.9964599609376,16835425.0,INDUSINDBK,-0.056000104416819574,False
2020-03-09,917.4188636552564,936.6846715803966,856.6277808488784,872.1273193359375,14498980.0,INDUSINDBK,-0.11007094926577565,False
2020-03-10,917.4188636552564,936.6846715803966,856.6277808488784,872.1273193359375,14498980.0,INDUSINDBK,0.0,False
2020-03-11,859.3801132513539,897.139120471623,816.019975025319,824.2767333984375,12305857.0,INDUSINDBK,-0.054866514185032966,False
2020-03-12,748.61370995478,803.4174088337057,743.5920376523856,757.7396240234375,16135734.0,INDUSINDBK,-0.08072180941062346,False
2020-03-13,699.1697332450427,806.0731835282098,532.1994791737147,776.1846313476562,21139779.0,INDUSINDBK,0.024342144371809038,False
2020-03-16,721.3810019892599,732.6797523630146,632.536219950422,641.3724365234375,16613929.0,INDUSINDBK,-0.1736857306619819,False
2020-03-17,647.0217693900647,683.1874009749496,565.3232232796623,583.43017578125,19508083.0,INDUSINDBK,-0.09034105216037003,False
2020-03-18,607.4278679139844,616.940029550186,361.94587834542193,444.9964294433594,74866076.0,INDUSINDBK,-0.23727560226469102,False
2020-03-19,400.525774090194,455.8123336240424,378.3145798669886,428.8208923339844,29186013.0,INDUSINDBK,-0.03634981325492603,False
2020-03-20,428.8208901915999,462.4756836862905,391.35158321672526,425.247802734375,28086017.0,INDUSINDBK,-0.008332358948655139,False
2020-03-23,382.7568342893512,391.1101690426143,318.77893626694816,324.9111633300781,9515210.0,INDUSINDBK,-0.23594863691034929,False
2020-03-24,342.8732445841849,347.653491885998,227.47161409639196,301.6376953125,37275347.0,INDUSINDBK,-0.07163025049383898,False
2020-03-25,281.98557803820074,312.8881071382775,271.5076833710163,290.96661376953125,40292991.0,INDUSINDBK,-0.03537714850895335,False
2020-03-26,305.50049621625305,436.4499773362112,300.96167518332203,420.9504089355469,42326717.0,INDUSINDBK,0.4467309616111941,False
2020-03-27,463.00682462046063,520.0799111456431,378.893994870448,397.0009460449219,43890479.0,INDUSINDBK,-0.05689378696931491,False
2020-03-30,357.3105235964589,413.0316629835304,357.3105235964589,399.2220764160156,29380383.0,INDUSINDBK,0.005594773496691907,False
2020-03-31,384.3502233177934,385.3159273964813,319.40662402603056,339.2518310546875,38989984.0,INDUSINDBK,-0.15021775824550143,False
2020-04-01,373.1480688724049,376.624609624669,309.0253207176771,330.5122375488281,33427621.0,INDUSINDBK,-0.025761374606849352,False
2020-04-02,373.1480688724049,376.624609624669,309.0253207176771,330.5122375488281,33427621.0,INDUSINDBK,0.0,False
2020-04-03,337.9964587138693,337.9964587138693,299.5614446256445,302.45855712890625,23013838.0,INDUSINDBK,-0.08487940001246508,False
2020-04-06,337.9964587138693,337.9964587138693,299.5614446256445,302.45855712890625,23013838.0,INDUSINDBK,0.0,False
2020-04-07,332.6850549813297,378.07314666238193,332.6850549813297,370.6855163574219,45710645.0,INDUSINDBK,0.22557457086405952,False
2020-04-08,368.8989655217497,426.2617830620935,349.5848835572601,385.4607849121094,56093585.0,INDUSINDBK,0.03985930904416812,False
2020-04-09,410.4242325473449,410.4242325473449,370.8303654074834,381.8393859863281,32940091.0,INDUSINDBK,-0.009394986643341596,False
2020-04-10,410.4242325473449,410.4242325473449,370.8303654074834,381.8393859863281,32940091.0,INDUSINDBK,0.0,False
2020-04-13,374.69321438219714,407.3340032281417,358.51766968915126,396.3249816894531,31201235.0,INDUSINDBK,0.037936358151496874,False
2020-04-14,374.69321438219714,407.3340032281417,358.51766968915126,396.3249816894531,31201235.0,INDUSINDBK,0.0,False
2020-04-15,410.4242119596523,429.73829252245946,399.84974106313615,409.5550842285156,28311987.0,INDUSINDBK,0.0333819545834968,False
2020-04-16,409.5550855325234,426.84118179708446,399.0771908996496,420.467529296875,23556832.0,INDUSINDBK,0.02664463338042866,False
2020-04-17,455.8123274160087,462.4756796980273,427.4206332550489,458.1783142089844,26188305.0,INDUSINDBK,0.0896877458651113,False
2020-04-20,463.0550887375238,464.5036448023962,437.4639315914459,441.03704833984375,16950369.0,INDUSINDBK,-0.03741177907717852,False
2020-04-21,415.25274545904,418.1015842220805,382.4188074459996,387.10247802734375,29550439.0,INDUSINDBK,-0.12229033936155942,False
2020-04-22,383.384520756246,406.0785666952177,371.4097960273189,401.6363220214844,28908719.0,INDUSINDBK,0.03754521042645975,False
2020-04-23,405.595725886573,412.8385067059761,393.0415724662743,395.8904113769531,18750968.0,INDUSINDBK,-0.014306252521214646,False
2020-04-24,378.7974362245173,386.18506675382633,366.9675609058421,369.7680969238281,19653294.0,INDUSINDBK,-0.06598370079807825,False
2020-04-27,380.6805500903003,396.7595167042967,373.7274691091916,393.4278259277344,26819351.0,INDUSINDBK,0.06398531728598567,False
2020-04-28,429.7383054851053,467.7870394473495,415.2527446260568,451.9977722167969,60610249.0,INDUSINDBK,0.14887087905119545,False
2020-04-29,437.9468087559731,472.2293042594727,427.8069157197268,454.9432067871094,47307868.0,INDUSINDBK,0.006516480282340309,False
2020-04-30,469.5736418373805,474.9815909589011,445.7690404898404,452.0943908691406,26654890.0,INDUSINDBK,-0.006261915499491955,False
2020-05-01,469.5736418373805,474.9815909589011,445.7690404898404,452.0943908691406,26654890.0,INDUSINDBK,0.0,False
2020-05-04,428.7726518632784,428.8209252834405,401.7329350791077,408.5411376953125,17565171.0,INDUSINDBK,-0.09633663689146432,False
2020-05-05,418.149857776574,423.84750583361233,401.6846153499639,404.3403015136719,18470026.0,INDUSINDBK,-0.010282529209515223,False
2020-05-06,405.5957016905663,414.6250404676293,394.4901050966579,410.9070739746094,17184968.0,INDUSINDBK,0.016240707236835794,False
2020-05-07,405.5957274988194,445.6724481921551,401.2500589899034,438.7676696777344,26784490.0,INDUSINDBK,0.06780266748302943,False
2020-05-08,447.1209945202808,461.31685645865673,420.5158585785664,425.247802734375,29096376.0,INDUSINDBK,-0.030813270616062982,False
2020-05-11,434.566857754778,443.0167688777875,414.0939184455057,418.5361633300781,18434346.0,INDUSINDBK,-0.015782890261020865,False
2020-05-12,415.0596152761557,434.5668501141024,410.4242473299856,430.8971862792969,26126553.0,INDUSINDBK,0.02953394242176932,False
2020-05-13,458.70945714970856,463.5379777512845,429.2554814800957,433.2148742675781,20820446.0,INDUSINDBK,0.005378749414202355,False
2020-05-14,423.94412637871005,426.841238859658,410.4242681342865,413.3213806152344,16520436.0,INDUSINDBK,-0.04592061545896131,False
2020-05-15,415.6390213276057,416.2184496575136,402.7951691242337,404.3403015136719,14848712.0,INDUSINDBK,-0.021729045538834812,False
2020-05-18,404.1471551137012,404.3403077169501,361.22159722065226,363.8290100097656,25374856.0,INDUSINDBK,-0.10019108001910726,False
2020-05-19,371.8926416239856,373.7274734547676,348.6191677446281,355.1859436035156,28794743.0,INDUSINDBK,-0.02375584730315483,False
2020-05-20,351.5162800565698,358.1313588034726,338.768974595809,345.0460510253906,29736164.0,INDUSINDBK,-0.0285481246111583,False
2020-05-21,349.8746033583702,351.51631220926686,331.4296775856895,334.9061889648437,25554090.0,INDUSINDBK,-0.029386981912744137,False
2020-05-22,330.27078557304634,341.569534762609,318.6823369564482,326.7459716796875,27953815.0,INDUSINDBK,-0.024365680760867647,False
2020-05-25,330.27078557304634,341.569534762609,318.6823369564482,326.7459716796875,27953815.0,INDUSINDBK,0.0,False
2020-05-26,333.07133750497724,341.8109772744203,330.270801514976,336.2581787109375,19932807.0,INDUSINDBK,0.029111933598908735,False
2020-05-27,338.865562627717,362.5736159535269,335.72702430427387,356.2965393066406,34413192.0,INDUSINDBK,0.059592187980441524,False
2020-05-28,362.1390419807797,391.8827168404208,358.85565389434413,373.5826416015625,47047469.0,INDUSINDBK,0.04851605443196538,False
2020-05-29,363.10471339795737,386.281609997827,360.6904533354709,380.1493835449219,33013516.0,INDUSINDBK,0.01757774910313681,False
2020-06-01,388.5027383208799,402.5054474349348,387.2956082248407,396.0352478027344,22990598.0,INDUSINDBK,0.041788478281026276,False
2020-06-02,399.8014791933587,423.8475042941318,390.3858646471383,419.7915649414063,28744172.0,INDUSINDBK,0.05998536057200887,False
2020-06-03,429.7383062126758,436.73966063973626,411.4865053935632,417.5221557617188,27908796.0,INDUSINDBK,-0.00540603806559159,False
2020-06-04,410.27937772028446,419.93641836583214,391.1101461446824,400.8154602050781,25795376.0,INDUSINDBK,-0.04001391381533115,False
2020-06-05,402.89174233048834,412.6453296800842,397.0975180178022,407.8651123046875,26349793.0,INDUSINDBK,0.017588273905408736,False
2020-06-08,439.3953877235948,447.7970256069102,428.7726420863211,436.1119995117188,42805660.0,INDUSINDBK,0.0692554630314397,False
2020-06-09,444.1755989096853,461.6065455897034,436.8362420814332,447.9901123046875,40690351.0,INDUSINDBK,0.027236381494358586,False
2020-06-10,448.0867168333456,492.75053289701424,447.265862427715,482.4657897949219,42547635.0,INDUSINDBK,0.07695633573891625,False
2020-06-11,492.75049349339486,529.6886735543892,487.77712351009126,505.2080993652344,78669422.0,INDUSINDBK,0.04713766250655693,False
2020-06-12,473.19501970692266,516.3620057420367,466.7247903021415,510.3263549804688,57429819.0,INDUSINDBK,0.010130984878637506,False
2020-06-15,506.99465334257536,506.99465334257536,466.9179331259718,473.7261352539063,45035607.0,INDUSINDBK,-0.07171924273431507,False
2020-06-16,492.5090491778939,497.3375692678733,440.65073162313655,465.2761840820313,50389388.0,INDUSINDBK,-0.01783720707607994,False
2020-06-17,456.3917728772086,484.7834681029946,451.94952803227386,474.3055725097656,40940232.0,INDUSINDBK,0.019406513242341994,False
2020-06-18,472.71215673685913,485.7008886643828,465.6142257108695,482.0794982910156,25255403.0,INDUSINDBK,0.01639012111983984,False
2020-06-19,485.7491545908275,492.9919352258796,455.95717768445655,467.0627746582031,41823242.0,INDUSINDBK,-0.031149890601129382,False
2020-06-22,473.2432689061278,484.8317177752924,469.18732948448985,473.0984191894531,27934720.0,INDUSINDBK,0.01292255529391495,False
2020-06-23,481.8863674747843,506.0289710556853,480.1481118053401,502.5524597167969,45717057.0,INDUSINDBK,0.0622577445466983,False
2020-06-24,511.8231512411094,512.2577298560145,459.7717083581373,465.1796569824219,43255370.0,INDUSINDBK,-0.074365973167131,False
2020-06-25,463.5379491532119,474.1124204066492,445.18957199923057,458.8542785644531,37360999.0,INDUSINDBK,-0.013597710740407054,False
2020-06-26,466.43506958354953,483.8177429841787,464.5519348434348,475.6575317382813,33898936.0,INDUSINDBK,0.03662002068804493,False
2020-06-29,465.4693720499674,470.2978925069173,456.2951831817627,463.5379638671875,19597701.0,INDUSINDBK,-0.025479608883313798,False
2020-06-30,472.22924357925694,477.0577634522555,455.812276011062,458.5162353515625,17436951.0,INDUSINDBK,-0.010833478392427431,False
2020-07-01,464.0208286416186,477.637262597925,458.8543057167673,475.5610046386719,20509324.0,INDUSINDBK,0.03717375301670711,False
2020-07-02,480.9206175356673,490.57765804843166,476.0920972792851,477.8303527832031,22971526.0,INDUSINDBK,0.004771939083305421,False
2020-07-03,482.7071782452146,482.8520279594126,467.7387653784728,470.4910278320313,15633495.0,INDUSINDBK,-0.01535968761386275,False
2020-07-06,480.9206235875466,491.5433682852635,476.6232287169087,478.89263916015625,24848329.0,INDUSINDBK,0.017857112742061476,False
2020-07-07,479.95491359692375,511.82314729651824,475.5609719509652,508.2500305175781,42696302.0,INDUSINDBK,0.06130265733235429,False
2020-07-08,515.6859393151913,557.694063585249,513.7545313027748,533.6480102539062,81334991.0,INDUSINDBK,0.04997142786290443,False
2020-07-09,538.8145947166306,550.4030434936519,531.4269350445202,537.4625854492188,26574065.0,INDUSINDBK,0.0071481109683095845,False
2020-07-10,533.358346751313,535.4346340812145,514.1408710989982,520.7559204101562,26964951.0,INDUSINDBK,-0.031084331247167363,False
2020-07-13,530.8475879581939,535.9658082121998,516.1688729539114,521.1422729492188,16507937.0,INDUSINDBK,0.0007419071467458238,False
2020-07-14,516.6516659742259,516.6516659742259,487.72881793177527,493.2816162109375,22219927.0,INDUSINDBK,-0.053460749941880215,False
2020-07-15,500.0898298721965,509.6985971724371,482.8520357718993,486.2802734375,21841548.0,INDUSINDBK,-0.014193398949705838,False
2020-07-16,490.5776477619304,504.09750419631433,473.4364012111937,500.8140869140625,21502321.0,INDUSINDBK,0.02988772991720068,False
2020-07-17,504.3872157493522,508.4431845656056,494.4404757788985,502.9386596679688,14445406.0,INDUSINDBK,0.004242238406266807,False
2020-07-20,506.9463641485213,523.073633931785,503.7595525007862,510.6160278320313,19937276.0,INDUSINDBK,0.015265018937162145,False
2020-07-21,517.3277142350566,521.238804173219,502.8421522848977,505.5461120605469,13311222.0,INDUSINDBK,-0.009929018078437934,False
2020-07-22,509.8917525938605,510.4228780477659,490.57767105621423,495.9373168945313,15202237.0,INDUSINDBK,-0.01900676305639315,False
2020-07-23,497.82043247664,503.1318046951105,492.6056365563314,496.27532958984375,11300182.0,INDUSINDBK,0.0006815633423775669,False
2020-07-24,488.453114742612,518.2933945665203,482.8520428341162,504.3389587402344,31277822.0,INDUSINDBK,0.01624829740590772,False
2020-07-27,504.6286449647271,505.8840484548453,487.6805504933861,489.2739562988281,12280255.0,INDUSINDBK,-0.02987078864388437,False
2020-07-28,494.4405486086892,510.8575199492121,493.8611201965977,508.8778381347656,16991267.0,INDUSINDBK,0.04006729069381376,False
2020-07-29,515.6859992336513,545.3814008749149,513.9960170264249,531.6201171875,37044099.0,INDUSINDBK,0.044691038493823276,False
2020-07-30,526.3087533118193,527.226184027991,497.8204813435648,502.0212707519531,13848662.0,INDUSINDBK,-0.05567668618738053,False
2020-07-31,507.1878193939144,510.3746312252946,498.0619036034923,505.78753662109375,11161107.0,INDUSINDBK,0.007502203768177562,False
2020-08-03,504.04925495485054,504.04925495485054,483.81774274624354,485.7974243164063,13508456.0,INDUSINDBK,-0.03952274593049698,False
2020-08-04,490.5776781699018,490.5776781699018,466.6765019204825,475.7058410644531,21481518.0,INDUSINDBK,-0.020773233341353392,False
2020-08-05,482.0794495737671,488.6462249988109,473.33981067333457,475.85064697265625,15082924.0,INDUSINDBK,0.00030440220763128245,False
2020-08-06,480.7274461454298,484.7351413783255,469.09072457080686,477.9269104003906,16624606.0,INDUSINDBK,0.0043632670060311796,False
2020-08-07,478.989242463777,495.7441853320698,475.1264259922949,491.54339599609375,16540870.0,INDUSINDBK,0.0284907279740656,False
2020-08-10,494.4404574107685,499.8001029244006,489.1773587222161,491.88134765625,9409531.0,INDUSINDBK,0.0006875316867422931,False
2020-08-11,493.4748190810397,506.8981303001229,491.8814131327962,504.0975646972656,11701319.0,INDUSINDBK,0.024835698892068825,False
2020-08-12,500.71756640716126,512.2577419729097,494.77846272740425,502.7938537597656,12644367.0,INDUSINDBK,-0.002586227406757957,False
2020-08-13,506.0289307228916,509.4571683697528,498.6412710392044,500.958984375,8109014.0,INDUSINDBK,-0.0036493472842695773,False
2020-08-14,502.16614630747546,505.5461107537757,482.99691348212485,489.8051452636719,9318623.0,INDUSINDBK,-0.022264974696967976,False
2020-08-17,492.5090949098716,497.14446283829017,485.2663141023735,495.5510864257813,7173558.0,INDUSINDBK,0.011731075546411951,False
2020-08-18,494.8750254265073,506.7531728102408,489.1290748516188,503.711181640625,10993530.0,INDUSINDBK,0.016466708354327952,False
2020-08-19,505.0631954342924,511.823123480258,501.3452585857692,504.2423706054688,10895768.0,INDUSINDBK,0.0010545506715051722,False
2020-08-20,497.916982215042,502.6972290279936,493.5713434818341,495.79248046875,7658596.0,INDUSINDBK,-0.01675759640462704,False
2020-08-21,502.166119978802,503.5181292631969,494.92333940218464,495.9373168945313,6411009.0,INDUSINDBK,0.00029213114657244965,False
2020-08-24,500.2346956501077,517.0862430351945,498.3032875587946,511.0023193359375,14887687.0,INDUSINDBK,0.030376827732465195,False
2020-08-25,516.6517245247335,527.660775502583,512.0163563547616,518.1002807617188,18377629.0,INDUSINDBK,0.013890272425779226,False
2020-08-26,522.8804288423951,552.5758260617339,519.9833169185572,548.181884765625,26850404.0,INDUSINDBK,0.05806135437656934,False
2020-08-27,552.7690239017561,598.4950872666263,552.382718703526,585.07177734375,48561125.0,INDUSINDBK,0.06729498657894761,False
2020-08-28,579.4224285508632,665.3700887859079,575.0767603367317,642.8209228515625,55986681.0,INDUSINDBK,0.09870437738425197,False
2020-08-31,680.8213852965712,687.5813139449059,599.4608154933993,608.5867309570312,57316603.0,INDUSINDBK,-0.05325618796393228,False
2020-09-01,616.215743249785,639.7789461253499,568.5099975755397,605.9310302734375,47295290.0,INDUSINDBK,-0.0043637176896997865,False
2020-09-02,610.324968119838,628.7698921555611,593.0388418067731,618.5817260742188,19765424.0,INDUSINDBK,0.02087811181261401,False
2020-09-03,621.913443190501,626.0176856339166,603.5650652081725,610.1801147460938,14985734.0,INDUSINDBK,-0.013582055489167466,False
2020-09-04,590.0934893570379,619.9820435894911,582.8507084739831,595.0186157226562,21613014.0,INDUSINDBK,-0.024847579685133514,False
2020-09-07,600.1850350363047,603.5167256193341,577.0564124850627,587.8240356445312,13889593.0,INDUSINDBK,-0.012091352922441123,False
2020-09-08,588.1138087054184,591.8800783477802,578.4567675115691,579.8087768554688,13303702.0,INDUSINDBK,-0.013635473037903245,False
2020-09-09,569.7654285392972,588.7898114161931,568.4617515592306,583.8646850585938,17123149.0,INDUSINDBK,0.006995251477774689,False
2020-09-10,592.9422787159608,606.2689826381356,589.0794625679741,599.1710815429688,15925284.0,INDUSINDBK,0.02621565728511044,False
2020-09-11,596.8050786932046,601.0541999176165,582.5609445334558,589.4174194335938,11346718.0,INDUSINDBK,-0.016278592892463473,False
2020-09-14,595.9359891601405,598.7365546862401,583.1404095640233,588.4517822265625,9287409.0,INDUSINDBK,-0.0016382909211594132,False
2020-09-15,588.4517711400661,617.0849213490638,580.5813180717247,611.677001953125,13446734.0,INDUSINDBK,0.03946834800751864,False
2020-09-16,619.0163690853142,619.0163690853142,592.6043837783266,600.3300170898438,17940987.0,INDUSINDBK,-0.01855061548341619,False
2020-09-17,593.6665612256742,603.371875082383,589.272619612546,596.1773681640625,9390779.0,INDUSINDBK,-0.006917276843679376,False
2020-09-18,601.5853533130182,603.2270619961597,579.4224334453539,592.1697387695312,10335095.0,INDUSINDBK,-0.006722209880044239,False
2020-09-21,591.8800252969789,596.2256934447045,534.8551550049741,541.3736572265625,15649376.0,INDUSINDBK,-0.0857795969927776,False
2020-09-22,544.6570991067325,558.1769561767578,518.5830890431123,525.343017578125,26363293.0,INDUSINDBK,-0.029611044856821978,False
2020-09-23,532.1029217699306,534.8551546850854,501.29693956438655,509.9400024414063,20046261.0,INDUSINDBK,-0.029319919788270643,False
2020-09-24,499.4138955792212,501.2004245756112,468.3664853933939,473.4364318847656,20946967.0,INDUSINDBK,-0.07158404985267863,False
2020-09-25,482.7554602942169,503.421521566324,474.3538525400209,497.1927185058594,19311510.0,INDUSINDBK,0.05017840838002097,False
2020-09-28,504.9666923435376,543.98110222257,498.4481897346721,536.0623168945312,24396893.0,INDUSINDBK,0.07817813282841501,False
2020-09-29,539.8285304214015,542.5807632162021,510.8091373096674,517.8587646484375,21321940.0,INDUSINDBK,-0.03395790316235803,False
2020-09-30,517.8588048098339,521.190495622165,502.40753977121886,509.3123474121094,18784941.0,INDUSINDBK,-0.016503374703197515,False
2020-10-01,521.4802457690487,576.573656242009,518.583133292554,571.8900146484375,49858446.0,INDUSINDBK,0.12286697456736406,False
2020-10-02,521.4802457690487,576.573656242009,518.583133292554,571.8900146484375,49858446.0,INDUSINDBK,0.0,False
2020-10-05,572.8557055604202,609.0696106791854,571.6968488082392,580.9193115234375,43964114.0,INDUSINDBK,0.015788519896698494,False
2020-10-06,594.8254413350606,606.8001365915279,585.4098265317809,601.4404907226562,25112823.0,INDUSINDBK,0.03532535206206666,False
2020-10-07,599.6539585133916,604.3375997109556,585.3132176021269,597.8673706054688,19071775.0,INDUSINDBK,-0.005940937087382081,False
2020-10-08,598.7365495642118,616.6020756399181,592.9905983082394,596.5154418945312,20977726.0,INDUSINDBK,-0.0022612518719132835,False
2020-10-09,596.8534251556551,611.2907136729626,593.9080393505087,601.6819458007812,18622149.0,INDUSINDBK,0.00866114025454423,False
2020-10-12,606.6552609756116,610.3249243653789,589.562288489025,593.3768310546875,11751051.0,INDUSINDBK,-0.013803164286474323,False
2020-10-13,590.6246675218289,599.4608845641771,581.7885094213875,587.34130859375,11579298.0,INDUSINDBK,-0.01017148318752148,False
2020-10-14,579.4224338425593,604.9653179228317,577.0081737015486,601.295654296875,14624404.0,INDUSINDBK,0.023758495271744673,False
2020-10-15,601.2956564858132,610.8078178992638,573.000480376645,577.4910278320312,14728367.0,INDUSINDBK,-0.03958888825278417,False
2020-10-16,584.0578407513615,592.8457836199941,580.7744821042091,587.4378051757812,11569890.0,INDUSINDBK,0.017224124470108793,False
2020-10-19,586.7135142101058,609.0213142868996,585.4098372517694,605.593017578125,14576825.0,INDUSINDBK,0.030905760988452435,False
2020-10-20,600.6679800735956,607.3313622717521,595.4531540974814,603.8065185546875,9607553.0,INDUSINDBK,-0.0029499993751282982,False
2020-10-21,609.3592812602337,625.5830981963734,578.9878758179165,606.5587158203125,26626983.0,INDUSINDBK,0.00455807809464015,False
2020-10-22,599.7022508061152,609.2144126890009,584.878716331549,587.8723754882812,15976059.0,INDUSINDBK,-0.030807141740201938,False
2020-10-23,595.8393644877071,596.5153690721012,583.6231853829601,587.2929077148438,12435551.0,INDUSINDBK,-0.0009857033560323192,False
2020-10-26,595.8393766367349,611.5803402765224,592.5076860000629,595.5014038085938,17438151.0,INDUSINDBK,0.013976835044184677,False
2020-10-27,595.4531288791193,602.019963961119,574.690490575841,592.9423217773438,15012129.0,INDUSINDBK,-0.0042973568406105,False
2020-10-28,593.4251560290712,594.8254387307825,565.9991366325789,572.5176391601562,14933120.0,INDUSINDBK,-0.03444632279909543,False
2020-10-29,564.9368928430242,579.2293015915275,551.4170355784048,568.510009765625,16511146.0,INDUSINDBK,-0.007000010341009166,False
2020-10-30,571.696777516804,581.3538176775608,556.7283652676309,565.6128540039062,16811219.0,INDUSINDBK,-0.0050960505742249085,False
2020-11-02,569.7653835117748,613.2220653050457,569.7653835117748,606.8001098632812,33145934.0,INDUSINDBK,0.07281881160906312,False
2020-11-03,609.8903606563517,627.7076115732326,609.8903606563517,624.4241943359375,19566145.0,INDUSINDBK,0.029044300068810314,False
2020-11-04,627.321302343961,657.6444318842513,625.7761995021951,654.7955932617188,33533745.0,INDUSINDBK,0.04863904890501658,False
2020-11-05,671.116031529971,702.0668340918586,655.0370357556478,689.8989868164062,23471764.0,INDUSINDBK,0.05360969731000753,False
2020-11-06,690.2369713516115,721.3809270369413,682.7527649466098,713.3173217773438,29896664.0,INDUSINDBK,0.03394458523414179,False
2020-11-09,720.4635016878002,753.7320183207001,709.840757034978,748.855224609375,28036644.0,INDUSINDBK,0.04982060823012535,False
2020-11-10,757.111971374863,840.1625192552688,756.1462673297419,806.5560302734375,59758713.0,INDUSINDBK,0.077052017222903,False
2020-11-11,810.2256933564983,810.273966770345,726.6922935050833,760.926513671875,51561819.0,INDUSINDBK,-0.05657327561743386,False
2020-11-12,762.9061501964718,775.3154228602518,735.6732859580418,742.8195190429688,28387177.0,INDUSINDBK,-0.02379598332239785,False
2020-11-13,733.9832887368867,748.130875438037,716.3109179193679,742.1917724609375,25472191.0,INDUSINDBK,-0.0008450862772696466,False
2020-11-16,733.9832887368867,748.130875438037,716.3109179193679,742.1917724609375,25472191.0,INDUSINDBK,0.0,False
2020-11-17,751.2212463207092,766.5276327972867,745.7649945545885,757.2568969726562,14873173.0,INDUSINDBK,0.02029815617837727,False
2020-11-18,753.2491461304572,805.3971639394889,748.4206259629543,799.8926391601562,25491255.0,INDUSINDBK,0.05630287734314221,False
2020-11-19,788.0145756131571,816.8891528796651,776.6192785875239,789.9459838867188,29797661.0,INDUSINDBK,-0.01243498788022468,False
2020-11-20,790.0425107775282,801.437866457367,761.7473920725938,783.18603515625,25424060.0,INDUSINDBK,-0.008557482243543024,False
2020-11-23,807.3285642951053,850.6886985618759,803.9486002101377,820.6069946289062,39219488.0,INDUSINDBK,0.04778042226607182,False
2020-11-24,822.7798611298288,831.4229242763212,807.6182955624136,824.4215698242188,19828772.0,INDUSINDBK,0.00464847999137219,False
2020-11-25,833.9819774013173,844.8944801026022,816.2613320133379,825.7252197265625,24215222.0,INDUSINDBK,0.0015812903859633298,False
2020-11-26,827.6084421191453,831.2781060367772,806.3629511895989,821.379638671875,16934720.0,INDUSINDBK,-0.005262744737440039,False
2020-11-27,826.6427705953528,832.8715742883365,819.4482627311127,828.2362060546875,10212987.0,INDUSINDBK,0.008347622780008557,False
2020-11-30,826.6427705953528,832.8715742883365,819.4482627311127,828.2362060546875,10212987.0,INDUSINDBK,0.0,False
2020-12-01,833.4025827106452,869.1336320273241,828.6706093595155,864.7879638671875,14690547.0,INDUSINDBK,0.04413204535770632,False
2020-12-02,871.0650660078253,874.6864562489886,851.0749800882239,866.5262451171875,14965085.0,INDUSINDBK,0.002010066423943524,False
2020-12-03,869.2302664364232,876.7628058264778,859.9595303374521,865.5123291015625,9724314.0,INDUSINDBK,-0.0011700926790599864,False
2020-12-04,871.5479277441035,888.4477490577011,859.2834742024272,882.3155517578125,12658012.0,INDUSINDBK,0.01941419213946083,False
2020-12-07,883.6192254177757,920.7988321703268,881.8809698774647,903.0781860351562,15479752.0,INDUSINDBK,0.023531982674428686,False
2020-12-08,904.9129793750056,906.5546880685426,875.9901309339997,885.2609252929688,13141739.0,INDUSINDBK,-0.01972947748899989,False
2020-12-09,898.1048061389338,906.3132909262252,887.1923616806795,896.65625,7937423.0,INDUSINDBK,0.012872277970769064,False
2020-12-10,886.4680774220506,895.2076876108858,873.9621977215229,884.4400634765625,9145597.0,INDUSINDBK,-0.01362415811347717,False
2020-12-11,885.3092847769896,901.3399501855544,883.7158493432528,892.0692138671875,8417189.0,INDUSINDBK,0.008625966535975582,False
2020-12-14,895.207705833404,902.9333386777053,886.5646423004617,889.6549072265625,5936096.0,INDUSINDBK,-0.0027064117930477583,False
2020-12-15,891.3448572933175,899.4567950642958,877.2938748524257,894.9662475585938,7646858.0,INDUSINDBK,0.0059701130054898854,False
2020-12-16,900.0361671378054,905.5889653792672,883.6191984239183,890.1859741210938,6068477.0,INDUSINDBK,-0.0053412890715602845,False
2020-12-17,882.6534746894874,915.48741138472,882.6534746894874,903.705810546875,14078222.0,INDUSINDBK,0.015187653837311688,False
2020-12-18,903.7058553878752,905.347564092476,857.1106340892491,874.1553344726562,14605713.0,INDUSINDBK,-0.03269922106214673,False
2020-12-21,874.1553322439495,874.9278837082924,786.7591142797106,813.798828125,18106992.0,INDUSINDBK,-0.06904551624576771,False
2020-12-22,813.7988398001403,828.0912483921734,785.7451480715608,811.867431640625,21961153.0,INDUSINDBK,-0.002373309493237996,False
2020-12-23,813.0745544260776,832.388635847485,804.1900651838505,826.0149536132812,12353093.0,INDUSINDBK,0.01742590159586377,False
2020-12-24,832.4369185404668,840.1625511951346,819.9793123080549,823.5524291992188,10293688.0,INDUSINDBK,-0.0029812104530196892,False
2020-12-25,832.4369185404668,840.1625511951346,819.9793123080549,823.5524291992188,10293688.0,INDUSINDBK,0.0,False
2020-12-28,825.6769273595407,841.1281914972632,823.7455193423255,837.2171020507812,5449095.0,INDUSINDBK,0.016592353282048222,False
2020-12-29,844.9910406223086,886.1783417791148,843.5424845526703,881.5912475585938,20727636.0,INDUSINDBK,0.05300195779459971,False
2020-12-30,887.5303292970282,891.0551727910524,857.5452291864887,868.2162475585938,11462263.0,INDUSINDBK,-0.01517143011235611,False
2020-12-31,872.9964456459078,875.7970109177694,859.5248626000501,864.2568359375,6435333.0,INDUSINDBK,-0.00456039797945218,False
2021-01-01,864.3051041025199,872.9964403448915,862.4219694616268,869.2785034179688,4632855.0,INDUSINDBK,0.005810387921342253,False
2021-01-04,878.7907010386003,882.6535173069019,857.0140861144301,867.057373046875,6991890.0,INDUSINDBK,-0.0025551424110459298,False
2021-01-05,861.1183494269218,895.5456648936917,852.7167120498289,890.0411987304688,11907501.0,INDUSINDBK,0.02650784872842693,False
2021-01-06,893.2279679321354,904.6232638711966,878.2112818254552,890.7171020507812,9768197.0,INDUSINDBK,0.0007594067794576276,False
2021-01-07,902.9332568168747,928.6692924729588,899.1669875699712,919.3984985351562,12154311.0,INDUSINDBK,0.0322003433170186,False
2021-01-08,931.9044186713028,942.5271633400948,900.1327314942472,907.5686645507812,10838196.0,INDUSINDBK,-0.012866927674151096,False
2021-01-11,910.5624204867298,918.3363267120576,894.4351502102846,897.2356567382812,8419415.0,INDUSINDBK,-0.011385373047905434,False
2021-01-12,888.4477891345122,909.2104276849382,875.4590569506327,895.83544921875,8805330.0,INDUSINDBK,-0.0015605794408811713,False
2021-01-13,900.8088342985324,920.7989223240478,894.386936959475,910.4176025390624,9473962.0,INDUSINDBK,0.016277714096968765,False
2021-01-14,920.3159677395496,947.0659819480612,918.6259856371948,936.4432373046876,14887258.0,INDUSINDBK,0.028586480196606923,False
2021-01-15,940.5958002960574,949.2871372597788,920.7505926839408,932.7736206054688,9195430.0,INDUSINDBK,-0.003918674996021054,False
2021-01-18,926.1101734313204,927.075877470352,892.3105320652137,900.8087158203124,10668611.0,INDUSINDBK,-0.03426866291995667,False
2021-01-19,909.7415115981692,919.3502789278646,904.1404397544256,907.665283203125,6309233.0,INDUSINDBK,0.007611568652029277,False
2021-01-20,904.7681617958506,921.1367985390268,896.4147980594208,915.19775390625,7004445.0,INDUSINDBK,0.00829873174893625,False
2021-01-21,926.4964630156556,933.8357900118964,886.7577189021964,894.0970458984375,8216362.0,INDUSINDBK,-0.02305590012404468,False
2021-01-22,898.1048040537785,901.9676204153,859.4766404385622,862.6634521484375,11366492.0,INDUSINDBK,-0.035156803049733565,False
2021-01-25,874.9279026864668,881.060100061207,810.4188814732397,820.0276489257812,11829328.0,INDUSINDBK,-0.049423449105758466,False
2021-01-26,874.9279026864668,881.060100061207,810.4188814732397,820.0276489257812,11829328.0,INDUSINDBK,0.0,False
2021-01-27,818.9170515767335,831.2780518876251,778.3574806259991,792.022216796875,15810173.0,INDUSINDBK,-0.03415181447307636,False
2021-01-28,773.8186321862278,800.4237665871663,761.9404843329153,775.0740356445312,13789865.0,INDUSINDBK,-0.021398618363113853,False
2021-01-29,789.076854435591,831.3264119108578,787.6766305413634,817.082275390625,19305853.0,INDUSINDBK,0.05419900269418876,False
2021-02-01,829.5398237111464,947.7420293859792,826.6427114048211,937.3123779296876,38067807.0,INDUSINDBK,0.1471456500284305,False
2021-02-02,948.7077115226842,964.7383756697664,916.7428711178356,942.189208984375,20556081.0,INDUSINDBK,0.005202994401353411,False
2021-02-03,946.389932060665,1043.7329436547068,938.857452553051,1012.5889892578124,34995822.0,INDUSINDBK,0.07471936592154793,False
2021-02-04,999.4070897996198,1006.263564599693,981.1552606845376,996.7514038085938,13666242.0,INDUSINDBK,-0.015640685033349033,False
2021-02-05,1009.1608344579575,1047.789000370224,981.445113627526,989.9432983398438,19524257.0,INDUSINDBK,-0.006830294336919063,False
2021-02-08,1000.5177703782142,1018.8178157444644,992.743805294132,999.6002807617188,7162284.0,INDUSINDBK,0.009755086415625946,False
2021-02-09,1008.1950292704556,1015.5343564814892,985.0181320458474,990.6192626953124,7984133.0,INDUSINDBK,-0.008984609387627018,False
2021-02-10,999.5037083273784,1002.8353402016172,969.1805770776916,987.7221069335938,7815034.0,INDUSINDBK,-0.002924590577651376,False
2021-02-11,989.8466864283832,1000.4694313559072,980.4793450220956,986.85302734375,5760021.0,INDUSINDBK,-0.0008798826954899974,False
2021-02-12,988.687858540966,1023.1635071439172,977.2925618024012,992.1644287109376,13959383.0,INDUSINDBK,0.005382160483901055,False
2021-02-15,1009.0641582943248,1026.5433775526587,1002.111018590974,1021.3285522460938,9121286.0,INDUSINDBK,0.0293944458108093,False
2021-02-16,1031.3719748017809,1058.894541545087,1005.3945110357248,1021.9563598632812,13883441.0,INDUSINDBK,0.0006146970196876378,False
2021-02-17,1042.9603777138257,1047.788897981019,991.005452485304,997.765380859375,13855321.0,INDUSINDBK,-0.023671244638217792,False
2021-02-18,1009.1608292192004,1019.204175881014,997.9586847395572,1010.1748657226562,8911120.0,INDUSINDBK,0.012437277441509353,False
2021-02-19,999.5037147327148,1037.6973579419623,992.5506925663542,1029.343994140625,14557527.0,INDUSINDBK,0.018976049660724525,False
2021-02-22,1028.426511361168,1030.5027987069373,983.0867520239937,987.8187255859376,9412265.0,INDUSINDBK,-0.04034148816242511,False
2021-02-23,997.717035083597,1017.8036060213756,983.0865970226628,1012.3474731445312,7160332.0,INDUSINDBK,0.024831223506159184,False
2021-02-24,1011.38190970691,1039.0975690895152,1005.5393529874142,1033.3033447265625,6833820.0,INDUSINDBK,0.02070027548637876,False
2021-02-25,1042.9603681502028,1081.105677911252,1041.9946641056192,1071.6900634765625,12716781.0,INDUSINDBK,0.037149515624725016,False
2021-02-26,1033.303501067907,1045.7611089098812,1015.1965471940536,1026.4952392578125,12247085.0,INDUSINDBK,-0.04217154358242159,False
2021-03-01,1038.1318692058176,1058.9910534196124,1026.6882996197037,1031.3236083984375,6358886.0,INDUSINDBK,0.0047037423613538465,False
2021-03-02,1038.1318874594374,1049.044390732298,1023.6463262390732,1036.5384521484375,4917345.0,INDUSINDBK,0.005056457262816005,False
2021-03-03,1042.960305254035,1066.1372009263468,1040.2080724697057,1062.032958984375,5695638.0,INDUSINDBK,0.02459581386787435,False
2021-03-04,1041.0289639623425,1077.7257177940392,1035.8141385252898,1054.50048828125,6128220.0,INDUSINDBK,-0.007092501828124376,False
2021-03-05,1046.823245032405,1046.823245032405,990.2812227897266,1004.2357177734376,13926140.0,INDUSINDBK,-0.04766690112181915,False
2021-03-08,1017.8521071260052,1019.2523308978484,979.7067957109412,983.3281860351562,10522267.0,INDUSINDBK,-0.02081934686075193,False
2021-03-09,990.4260569682024,1000.0830975351384,970.5325769770732,989.653564453125,9915907.0,INDUSINDBK,0.006432621893483148,False
2021-03-10,1007.3742485913784,1023.6463389881563,997.6206608249496,1004.1873779296876,8832614.0,INDUSINDBK,0.014685758732748022,False
2021-03-11,1007.3742485913784,1023.6463389881563,997.6206608249496,1004.1873779296876,8832614.0,INDUSINDBK,0.0,False
2021-03-12,1015.9207235911124,1020.1698452513338,980.8174027738264,987.5773315429688,5735382.0,INDUSINDBK,-0.016540783873387754,False
2021-03-15,992.5506383832824,1007.8086911609178,954.30872384642,1003.0285034179688,8019663.0,INDUSINDBK,0.015645531120949796,False
2021-03-16,1009.16072703982,1013.8927004371484,992.743758274579,999.2139282226562,5161126.0,INDUSINDBK,-0.0038030576223045953,False
2021-03-17,996.6066357878404,1003.3665645189596,968.21491154038,974.34716796875,4712570.0,INDUSINDBK,-0.02488632268981461,False
2021-03-18,989.8467243360038,995.3511906739116,954.1156718477772,968.4080810546876,5797610.0,INDUSINDBK,-0.006095452534073398,False
2021-03-19,956.0470409199124,983.8593066855664,947.4522510156908,977.1959838867188,6838935.0,INDUSINDBK,0.009074586431022214,False
2021-03-22,971.498286300046,977.1476314855682,928.0898769279812,934.9464111328124,12692489.0,INDUSINDBK,-0.04323551616111032,False
2021-03-23,943.492849907518,960.296123830634,936.7329216072594,956.0952758789062,7530882.0,INDUSINDBK,0.022620403152806556,False
2021-03-24,946.4382537430048,951.2185006361038,922.247378789319,925.8204956054688,5028085.0,INDUSINDBK,-0.031665024435568845,False
2021-03-25,925.820512228237,936.7329565314086,896.9942101079814,924.9513549804688,7614686.0,INDUSINDBK,-0.0009387787688061033,False
2021-03-26,940.4026445589942,943.01005742782,917.4188986752986,920.0745849609376,4891178.0,INDUSINDBK,-0.005272461079463109,False
2021-03-29,940.4026445589942,943.01005742782,917.4188986752986,920.0745849609376,4891178.0,INDUSINDBK,0.0,False
2021-03-30,932.8700904740382,944.844843990629,922.247346172574,928.08984375,5831461.0,INDUSINDBK,0.008711531565022801,False
2021-03-31,928.0898707481224,935.7672297777124,917.4188527232474,921.7162475585938,4453746.0,INDUSINDBK,-0.006867434477736967,False
2021-04-01,930.9387086710784,962.806942474134,926.2067352265929,959.2338256835938,7932671.0,INDUSINDBK,0.04070404338035161,False
2021-04-02,930.9387086710784,962.806942474134,926.2067352265929,959.2338256835938,7932671.0,INDUSINDBK,0.0,False
2021-04-05,951.2185208414212,955.0330637539872,887.0474727993229,905.2026977539062,11223431.0,INDUSINDBK,-0.05632737970972035,False
2021-04-06,915.2942410925988,921.4747702807076,889.8962376343333,895.4490356445312,6925347.0,INDUSINDBK,-0.010775113832047656,False
2021-04-07,899.0705378058753,919.7849030163138,889.5583757785676,913.1215209960938,5714921.0,INDUSINDBK,0.01973589188003544,False
2021-04-08,916.4531963057444,925.096259840106,900.0362265089079,902.8367919921876,3946239.0,INDUSINDBK,-0.011263264272521889,False
2021-04-09,902.9333129233028,907.472133878249,885.9852181429084,891.9725952148438,4980026.0,INDUSINDBK,-0.012033400581040854,False
2021-04-12,853.6823459935741,859.4765700614038,812.1570735074614,815.4404907226562,10674765.0,INDUSINDBK,-0.08580095947202693,False
2021-04-13,820.8484616901103,850.785287939985,815.5370892909391,847.3087768554688,6778840.0,INDUSINDBK,0.03908106906068687,False
2021-04-14,820.8484616901103,850.785287939985,815.5370892909391,847.3087768554688,6778840.0,INDUSINDBK,0.0,False
2021-04-15,837.7483256662812,853.4892910633306,812.3985924688865,828.912109375,6862663.0,INDUSINDBK,-0.021711881173640646,False
2021-04-16,834.4648944740217,840.1142988596426,823.7938758903834,833.3543701171875,5338683.0,INDUSINDBK,0.00535914567050666,False
2021-04-19,801.4860777886576,807.8597008600124,783.1859744878915,803.4657592773438,8550122.0,INDUSINDBK,-0.03586542761591416,False
2021-04-20,816.02001953125,835.1409502123587,811.2397721254966,816.02001953125,8240669.0,INDUSINDBK,0.015625134125438978,False
2021-04-21,816.02001953125,835.1409502123587,811.2397721254966,816.02001953125,8240669.0,INDUSINDBK,0.0,False
2021-04-22,802.5000586104011,811.14312157154,787.0487939440154,807.0388793945312,9717099.0,INDUSINDBK,-0.011006029168105225,False
2021-04-23,801.534368537454,830.4572168772755,794.5812875280267,820.8484497070312,7695324.0,INDUSINDBK,0.017111406482498648,False
2021-04-26,827.6083892576703,841.0799728431849,822.2487434493405,830.0709228515625,4894557.0,INDUSINDBK,0.011235293369711297,False
2021-04-27,830.070960104047,855.6138457293823,829.539834629277,852.1856079101562,5202133.0,INDUSINDBK,0.026641922334326162,False
2021-04-28,859.4766405049804,899.0705082136369,857.5452323240704,895.1111450195312,9935828.0,INDUSINDBK,0.05037111247940773,False
2021-04-29,904.7198469087778,925.9653367424564,885.6471912626345,907.230712890625,12187280.0,INDUSINDBK,0.013539735192135582,False
2021-04-30,896.1733548562853,915.9702878030027,883.715749083787,902.885009765625,7301455.0,INDUSINDBK,-0.004790074964673208,False
2021-05-03,897.1390781205929,934.5118372967734,868.1679561145457,882.2672119140625,16854199.0,INDUSINDBK,-0.022835463684256485,False
2021-05-04,898.1047483023287,902.4504164392756,874.927851571946,878.935546875,7499852.0,INDUSINDBK,-0.0037762539444649024,False
2021-05-05,891.3448206019391,902.6918429660484,878.114663589024,899.21533203125,5975741.0,INDUSINDBK,0.023073119784896123,False
2021-05-06,905.2992668453824,906.4581234852936,888.4477195076461,893.2279663085938,3705397.0,INDUSINDBK,-0.006658433758164772,False
2021-05-07,900.5673168843508,919.1571201945756,893.2762629588502,894.4351196289062,5419712.0,INDUSINDBK,0.0013514504312950315,False
2021-05-10,906.7960940987256,917.3705651313873,899.2153409569808,912.9766235351562,5087341.0,INDUSINDBK,0.0207298478104736,False
2021-05-11,892.2623518899042,924.1788619266822,891.2483743313433,916.308349609375,5732298.0,INDUSINDBK,0.0036493005278908086,False
2021-05-12,909.6932834496153,917.9500419091056,882.6535680179918,885.2127075195312,5074561.0,INDUSINDBK,-0.033935783847325984,False
2021-05-13,909.6932834496153,917.9500419091056,882.6535680179918,885.2127075195312,5074561.0,INDUSINDBK,0.0,False
2021-05-14,891.344832918439,891.344832918439,857.6417381944932,860.2974243164062,6169600.0,INDUSINDBK,-0.02814609753280717,False
2021-05-17,866.3330737054745,926.9793347808784,866.3330737054745,923.6476440429688,10987165.0,INDUSINDBK,0.07363757920919123,False
2021-05-18,933.8358381306676,953.1016461659004,933.8358381306676,941.1268920898438,8715366.0,INDUSINDBK,0.018924151606520834,False
2021-05-19,931.9044682405112,945.0380205892128,928.2348044026594,933.8358764648438,4787294.0,INDUSINDBK,-0.0077471121973889945,False
2021-05-20,929.9730107607076,954.0190654568248,929.9730107607076,942.0443115234376,5835440.0,INDUSINDBK,0.008790018958864554,False
2021-05-21,951.218508322408,985.0181507501076,948.128243512067,981.1553344726562,12591860.0,INDUSINDBK,0.04151717968125057,False
2021-05-24,983.9559353821592,987.673872606705,962.8552653394764,970.2911987304688,5385688.0,INDUSINDBK,-0.011072798934560812,False
2021-05-25,977.2925134508856,978.0167914993916,948.7076967132712,959.8132934570312,4583345.0,INDUSINDBK,-0.010798722370301661,False
2021-05-26,964.5935216674704,973.381464387792,953.1499516003964,964.207275390625,2972854.0,INDUSINDBK,0.0045779548622082444,False
2021-05-27,961.1652218922858,978.5478946605486,953.1498901264108,972.319091796875,4427518.0,INDUSINDBK,0.008412938393317582,False
2021-05-28,979.7068006284642,990.3295456328142,968.601203578462,984.3904418945312,5388785.0,INDUSINDBK,0.012415008817062256,False
2021-05-31,980.1896479193338,985.404473563842,969.5669029665136,978.2582397460938,2643491.0,INDUSINDBK,-0.006229440969210964,False
2021-06-01,981.1553136722438,995.9788472459464,971.4982731833436,975.4093627929688,3766919.0,INDUSINDBK,-0.0029121931585921468,False
2021-06-02,974.298850431183,994.6751825354906,969.0840249265678,992.7437744140624,4177378.0,INDUSINDBK,0.017771422217497168,False
2021-06-03,995.6408628899452,1001.6765131256992,930.9869657761714,971.2568359375,14752885.0,INDUSINDBK,-0.021643992166301307,False
2021-06-04,977.4856850476458,988.301582570568,969.5668997750472,974.6851196289062,4323154.0,INDUSINDBK,0.00352973957511149,False
2021-06-07,983.0867725641364,997.2343611881112,974.8782877244554,990.039794921875,3823401.0,INDUSINDBK,0.015753472566416793,False
2021-06-08,989.8466660380572,992.7437782313392,971.1119836114068,985.1630249023438,3141410.0,INDUSINDBK,-0.0049258323196150755,False
2021-06-09,984.052464143556,1000.1796752345869,963.0484002621796,969.13232421875,4767864.0,INDUSINDBK,-0.01627212986924964,False
2021-06-10,977.2925115072142,993.323175372174,971.4982871306892,989.2189331054688,2984339.0,INDUSINDBK,0.02072638419414119,False
2021-06-11,992.7437383195328,996.6065544219434,977.389020735692,980.2861328125,2679470.0,INDUSINDBK,-0.009030154998070916,False
2021-06-14,977.2925685485014,992.7438344544066,959.6684683745784,989.1707763671876,3982216.0,INDUSINDBK,0.009063316573903801,False
2021-06-15,989.8467382933684,1013.9893416663776,989.8467382933684,998.9725952148438,6026006.0,INDUSINDBK,0.009909126999944506,False
2021-06-16,994.6751682771812,1003.0767463314412,975.699060179406,978.9342041015624,3325800.0,INDUSINDBK,-0.020058999825687707,False
2021-06-17,967.635486418972,986.7564153801886,934.8015477580489,950.3010864257812,6126591.0,INDUSINDBK,-0.02924927697470714,False
2021-06-18,959.8132847364616,965.5109033011368,927.0758936646688,961.2618408203124,4895262.0,INDUSINDBK,0.011533980704742763,False
2021-06-21,943.4928698421264,975.3611039309598,934.8498066872298,972.9951171875,3160990.0,INDUSINDBK,0.012206118945879307,False
2021-06-22,981.058831308263,986.659903371485,961.8895693130696,965.8006591796876,4141759.0,INDUSINDBK,-0.0073941357779968575,False
2021-06-23,974.3954468768202,982.8936312554528,962.3241455032224,965.26953125,3975716.0,INDUSINDBK,-0.0005499353563692688,False
2021-06-24,969.5668721198684,973.4296883434536,962.034392272257,966.331787109375,2285845.0,INDUSINDBK,0.0011004759033463873,False
2021-06-25,962.80696374419,985.0181574915484,952.8119501346384,978.1616821289062,3499315.0,INDUSINDBK,0.012242063416870952,False
2021-06-28,984.0524769843202,986.5632840652236,966.669803200495,974.2988891601562,2819763.0,INDUSINDBK,-0.003949033211301911,False
2021-06-29,974.3953520604124,986.9495042673354,965.704015917158,983.2315673828124,4543628.0,INDUSINDBK,0.009168314079015305,False
2021-06-30,986.4667469038628,992.30930391423,977.4374370654972,981.4933471679688,2628556.0,INDUSINDBK,-0.0017678645321269615,False
2021-07-01,976.326765093754,982.0727158062756,965.7040208642474,973.1399536132812,3070067.0,INDUSINDBK,-0.008510901860711129,False
2021-07-02,973.4296970409936,979.3688006145804,970.6774640338572,975.0231323242188,1501210.0,INDUSINDBK,0.001935157120972475,False
2021-07-05,977.2925580647355,991.29526764175,977.2925580647355,985.54931640625,1993126.0,INDUSINDBK,0.01079583010193752,False
2021-07-06,983.7626682847496,999.5036315635062,980.1895517265302,995.6891479492188,3019919.0,INDUSINDBK,0.010288507509642608,False
2021-07-07,989.4121546847398,1011.0921639599708,978.2582254932668,1009.064208984375,3781022.0,INDUSINDBK,0.013432968575287196,False
2021-07-08,1007.0844688660784,1024.6120213663048,1000.662513204412,1009.5952758789062,4139752.0,INDUSINDBK,0.0005262964336687492,False
2021-07-09,1004.3322068674898,1012.637238078289,991.0054438920764,1004.2838745117188,3625932.0,INDUSINDBK,-0.005260921375215055,False
2021-07-12,1009.547024134934,1021.376898591446,1005.3462351495843,1013.3132934570312,2010018.0,INDUSINDBK,0.008990903044921117,False
2021-07-13,1018.8177934441804,1023.5979814352572,1008.1950486784118,1019.6869506835938,2096758.0,INDUSINDBK,0.006289917706317816,False
2021-07-14,1013.989254078008,1024.129146618788,1012.5406980007537,1016.5000610351562,1566799.0,INDUSINDBK,-0.0031253608240264796,False
2021-07-15,1017.8521777189222,1030.7926369516929,1013.9893611051882,1018.9144287109376,2748272.0,INDUSINDBK,0.00237517710852142,False
2021-07-16,1017.8520229211168,1022.6322106001052,1006.2635748423186,1008.4847412109376,1218164.0,INDUSINDBK,-0.01023607793364445,False
2021-07-19,988.8809486071776,999.2139348033631,971.063697070944,981.0104370117188,2644846.0,INDUSINDBK,-0.027243153095434125,False
2021-07-20,982.1209994705168,984.0524075324056,946.3899503255716,947.8867797851562,3752725.0,INDUSINDBK,-0.03376483672025077,False
2021-07-21,982.1209994705168,984.0524075324056,946.3899503255716,947.8867797851562,3752725.0,INDUSINDBK,0.0,False
2021-07-22,965.6074973580644,971.256842439792,954.1155956554954,958.123291015625,2181872.0,INDUSINDBK,0.010799297393712992,False
2021-07-23,961.8413232752724,965.7041398346108,943.4929446184148,955.37109375,3449852.0,INDUSINDBK,-0.0028724875926016136,False
2021-07-26,955.3710797830768,962.4690404722352,944.748334400194,947.6454467773438,2335433.0,INDUSINDBK,-0.008086540427271749,False
2021-07-27,955.0813512700886,959.9098717517372,930.0213181819524,942.3340454101562,3311920.0,INDUSINDBK,-0.005604840275706513,False
2021-07-28,957.9784807038528,975.1680021377796,945.4243272268872,958.7027587890624,8820340.0,INDUSINDBK,0.01737039371402682,False
2021-07-29,963.7244111222692,969.035783632251,953.1499395185616,958.0267333984376,3459503.0,INDUSINDBK,-0.0007051459740020638,False
2021-07-30,955.0812840826286,965.7040283949732,946.3899478270738,947.3556518554688,3115750.0,INDUSINDBK,-0.011138605188098505,False
2021-08-02,957.785264184427,962.9518162126574,951.6530670489182,954.1156005859376,2149603.0,INDUSINDBK,0.007135597615561817,False
2021-08-03,953.1498879056392,989.8466414420266,952.8119150682472,986.997802734375,4450926.0,INDUSINDBK,0.034463541030294254,False
2021-08-04,993.709527913649,1012.0579059800818,982.0245317744182,985.54931640625,5055711.0,INDUSINDBK,-0.0014675679359286153,False
2021-08-05,976.7613403983652,977.7270444159734,952.184161361853,963.48291015625,3955681.0,INDUSINDBK,-0.022389956425989843,False
2021-08-06,970.5326916628408,998.5381126162958,963.965915089722,994.1924438476562,7609448.0,INDUSINDBK,0.0318734596822543,False
2021-08-09,995.6408996633116,1011.092164837524,992.7921198003356,1007.0362548828124,4274598.0,INDUSINDBK,0.012918837911751746,False
2021-08-10,1001.435150912616,1018.8178246989488,996.0272315336284,998.1517333984376,3469468.0,INDUSINDBK,-0.008822444516070282,False
2021-08-11,998.1517004964874,1009.4987232885352,985.0181487564936,1005.4910278320312,2155833.0,INDUSINDBK,0.007352884524485459,False
2021-08-12,1010.5610279819456,1011.2370915953992,992.0195560541912,999.8417358398438,2453701.0,INDUSINDBK,-0.005618440976413397,False
2021-08-13,999.8416559844768,1007.9535935114114,986.5632254112728,989.0258178710938,2348979.0,INDUSINDBK,-0.010817630011878743,False
2021-08-16,989.7983211563338,994.5786269450372,981.2518638710584,984.0524291992188,1132546.0,INDUSINDBK,-0.005028573149465809,False
2021-08-17,983.5672191908392,985.0229180845604,963.963795575555,970.6600341796876,3082005.0,INDUSINDBK,-0.013609432406390454,False
2021-08-18,973.377327325679,976.0946200818748,957.849872453086,960.421630859375,2344486.0,INDUSINDBK,-0.010547877691250762,False
2021-08-19,973.377327325679,976.0946200818748,957.849872453086,960.421630859375,2344486.0,INDUSINDBK,0.0,False
2021-08-20,955.9089623687062,961.6832466274924,941.9827996556404,950.5228881835938,3465186.0,INDUSINDBK,-0.010306663612859257,False
2021-08-23,958.9173549290714,969.3984342846592,935.626172774502,959.402587890625,2914978.0,INDUSINDBK,0.009341910455202163,False
2021-08-24,960.9553650466768,979.2001124812872,957.8498622587022,975.3667602539062,2510063.0,INDUSINDBK,0.016639701169016696,False
2021-08-25,980.0736133183696,983.9554772242032,968.7191495472975,975.85205078125,2105187.0,INDUSINDBK,0.000497546714855579,False
2021-08-26,970.4659319614328,982.7423496937608,968.6220229976902,971.921630859375,1971408.0,INDUSINDBK,-0.004027680137299927,False
2021-08-27,967.5545398302468,971.290809997157,957.8498804538152,960.9553833007812,2368969.0,INDUSINDBK,-0.011283057409574693,False
2021-08-30,965.9047289292648,982.1115218176247,962.0228652066652,975.415283203125,2868604.0,INDUSINDBK,0.015047420674907386,False
2021-08-31,979.200165540329,979.976526471256,960.7613120762396,963.0904541015624,3138652.0,INDUSINDBK,-0.012635468516639992,False
2021-09-01,964.6431553846604,994.727599868488,963.6726894335692,969.2528686523438,3854558.0,INDUSINDBK,0.00639858335687693,False
2021-09-02,973.0861660321564,982.5967199690529,965.8076718101632,980.267578125,2136382.0,INDUSINDBK,0.011364123675972282,False
2021-09-03,980.1705755516422,998.2697885852896,967.1177971297192,974.1051635742188,5363972.0,INDUSINDBK,-0.006286461664445131,False
2021-09-06,976.2886590288068,978.5207186691448,961.7316710711208,962.6536254882812,3349749.0,INDUSINDBK,-0.011755956660694733,False
2021-09-07,962.7507176767688,982.1115249005152,955.0840723400928,971.6790161132812,5483796.0,INDUSINDBK,0.009375532783582496,False
2021-09-08,983.2760696396458,991.6220527537968,963.0903906037046,970.0776977539062,6385224.0,INDUSINDBK,-0.0016479910884360516,False
2021-09-09,970.4659458635568,977.1621845830316,964.1579172154436,969.980712890625,3193603.0,INDUSINDBK,-9.997638694903e-05,False
2021-09-10,970.4659458635568,977.1621845830316,964.1579172154436,969.980712890625,3193603.0,INDUSINDBK,0.0,False
2021-09-13,974.3477825271348,974.3477825271348,963.3330180411832,966.8751831054688,2386618.0,INDUSINDBK,-0.003201640758300761,False
2021-09-14,969.4954891332573,1008.314127336791,968.136813103117,1005.9849853515624,7838383.0,INDUSINDBK,0.04044969084890404,False
2021-09-15,1005.4026338789232,1030.634746312178,997.1536740449744,1022.8224487304688,6071710.0,INDUSINDBK,0.016737290937818727,False
2021-09-16,1039.3690733104063,1151.4578949419208,1039.3690733104063,1097.5484619140625,27230283.0,INDUSINDBK,0.0730586362044987,False
2021-09-17,1103.9049590794386,1112.6877228431997,1079.4977180494143,1096.62646484375,5784278.0,INDUSINDBK,-0.0008400513529075448,False
2021-09-20,1082.069495916057,1098.9556265408562,1052.5673083881998,1057.75927734375,2954179.0,INDUSINDBK,-0.0354425036655831,False
2021-09-21,1058.7783749212615,1109.3881990287089,1052.9555790921802,1103.95361328125,6332732.0,INDUSINDBK,0.043671879724376916,False
2021-09-22,1111.1833504824258,1123.6538124258316,1094.8794775172694,1107.689697265625,5587136.0,INDUSINDBK,0.0033842762408018423,False
2021-09-23,1116.035793439265,1140.2974411227274,1113.1243957172496,1134.6202392578125,4879235.0,INDUSINDBK,0.024312352149403083,False
2021-09-24,1137.5799848483855,1154.2234973255825,1107.5441151574155,1128.7003173828125,4615559.0,INDUSINDBK,-0.0052175359386082976,False
2021-09-27,1137.3859350637254,1143.160159276359,1111.0863351729272,1116.7149658203125,3083520.0,INDUSINDBK,-0.01061871905050149,False
2021-09-28,1125.7404706088896,1125.7404706088896,1085.951367768403,1101.2362060546875,3684708.0,INDUSINDBK,-0.013860976381071977,False
2021-09-29,1093.8121847733507,1103.3227987843254,1081.1961270055724,1090.02734375,5574048.0,INDUSINDBK,-0.010178436054917417,False
2021-09-30,1091.774237993739,1101.3818749811012,1074.305850185839,1079.0611572265625,3180267.0,INDUSINDBK,-0.010060469204112521,False
2021-10-01,1071.3944224799095,1079.1581501790397,1059.0695521435744,1071.4429931640625,1940798.0,INDUSINDBK,-0.007059992857198605,False
2021-10-04,1074.7910050164594,1091.7741585945978,1073.3353061383334,1086.727783203125,1817348.0,INDUSINDBK,0.014265612017233975,False
2021-10-05,1083.8164799557658,1142.335508880254,1075.907158335238,1134.0865478515625,5270013.0,INDUSINDBK,0.04357923426678911,False
2021-10-06,1143.6455651198514,1144.324962372056,1093.4239516044884,1098.421875,3329243.0,INDUSINDBK,-0.031447928660406355,False
2021-10-07,1109.242438953855,1151.1180630325716,1106.3796121536054,1132.242431640625,4002618.0,INDUSINDBK,0.03079013392793639,False
2021-10-08,1144.5675396027457,1145.1497954667468,1124.1877551071511,1139.7152099609375,2344868.0,INDUSINDBK,0.006599980809308237,False
2021-10-11,1138.0168652447612,1159.1729508585292,1135.4451069078948,1138.59912109375,2535840.0,INDUSINDBK,-0.0009792699592258147,False
2021-10-12,1130.5928755309396,1160.677321145926,1125.7891162784522,1146.9937744140625,2354120.0,INDUSINDBK,0.007372790971635901,False
2021-10-13,1153.010499211065,1156.746769191294,1140.5400362284488,1149.516845703125,1235622.0,INDUSINDBK,0.002199725356269999,False
2021-10-14,1154.8544750371254,1179.1161236723592,1127.4873827626143,1174.2637939453125,3315820.0,INDUSINDBK,0.02152813013109922,False
2021-10-15,1154.8544750371254,1179.1161236723592,1127.4873827626143,1174.2637939453125,3315820.0,INDUSINDBK,0.0,False
2021-10-18,1184.9387539519464,1193.333306901048,1160.7256793796585,1183.580078125,4512591.0,INDUSINDBK,0.007933723433970918,False
2021-10-19,1185.9093743456867,1203.3777612018423,1150.584390565778,1158.736328125,3879525.0,INDUSINDBK,-0.020990341472591267,False
2021-10-20,1154.8544582940467,1178.0486177460775,1137.8227338130062,1166.2088623046875,2850772.0,INDUSINDBK,0.006448865025039163,False
2021-10-21,1169.4114972216223,1175.1857223737368,1130.786904118227,1149.419921875,2408608.0,INDUSINDBK,-0.014396169479032106,False
2021-10-22,1156.843926703755,1169.1202256008935,1142.0443216875262,1161.0654296875,2618946.0,INDUSINDBK,0.010131639091049749,False
2021-10-25,1170.3334018592493,1175.2343024470654,1122.5379523171207,1142.96630859375,3612312.0,INDUSINDBK,-0.015588373084729046,False
2021-10-26,1145.149809094043,1157.7658663128752,1104.0990524498086,1120.7911376953125,3413917.0,INDUSINDBK,-0.019401421311990186,False
2021-10-27,1121.8586277226898,1129.4767616660258,1088.862785730846,1108.805908203125,4329232.0,INDUSINDBK,-0.010693544130651156,False
2021-10-28,1137.385958924585,1205.3185673927774,1134.7171778776208,1141.267822265625,17223159.0,INDUSINDBK,0.02927646202310208,False
2021-10-29,1132.4851087155917,1147.0906675625486,1090.4154366058683,1106.525146484375,5112475.0,INDUSINDBK,-0.0304421758884601,False
2021-11-01,1123.799576850717,1198.525455449599,1112.202556064586,1192.7996826171875,10563295.0,INDUSINDBK,0.07796888882907171,False
2021-11-02,1183.9684492726922,1203.474791014415,1171.352392026344,1176.738525390625,3730392.0,INDUSINDBK,-0.013465091800931583,False
2021-11-03,1179.1159619829125,1183.9682910445704,1139.5694801303991,1143.16015625,2922214.0,INDUSINDBK,-0.028535114994623356,False
2021-11-04,1159.7067294302385,1159.7067294302385,1150.0020706065543,1153.98095703125,278458.0,INDUSINDBK,0.009465690981346198,False
2021-11-05,1159.7067294302385,1159.7067294302385,1150.0020706065543,1153.98095703125,278458.0,INDUSINDBK,0.0,False
2021-11-08,1096.626491540665,1096.626491540665,1010.8372803678308,1029.8099365234375,29099645.0,INDUSINDBK,-0.10760231332348569,False
2021-11-09,1049.073635509303,1052.8584762036926,1031.1200164002164,1036.7001953125,7752739.0,INDUSINDBK,0.006690806278606631,False
2021-11-10,1035.2930582985628,1035.2930582985628,997.4448886082846,1001.71484375,6796906.0,INDUSINDBK,-0.03374683608693074,False
2021-11-11,1001.7148634316454,1007.3436130873356,990.3604596875008,1002.782470703125,4527396.0,INDUSINDBK,0.00106579927390138,False
2021-11-12,1009.2845188648974,1012.6811494572312,998.1727318845776,1006.4216918945312,3479296.0,INDUSINDBK,0.003629123262250955,False
2021-11-15,1011.2255283892298,1019.9597220125532,1002.0546724707732,1010.7402954101562,3105993.0,INDUSINDBK,0.004291047729203301,False
2021-11-16,1011.2254639454956,1015.107327530699,988.1768989083502,990.7486572265624,2685826.0,INDUSINDBK,-0.01977920369295394,False
2021-11-17,987.8373138949968,1011.225519589806,984.0524729981414,1003.4617919921876,3042496.0,INDUSINDBK,0.01283184657672276,False
2021-11-18,1001.3267969076674,1011.2255020367749,972.6979926558524,978.6663818359376,3244457.0,INDUSINDBK,-0.024709869727100764,False
2021-11-19,1001.3267969076674,1011.2255020367749,972.6979926558524,978.6663818359376,3244457.0,INDUSINDBK,0.0,False
2021-11-22,993.7571141507118,995.6010231141246,959.3540850223262,977.1621704101562,6198324.0,INDUSINDBK,-0.0015370012229903862,False
2021-11-23,965.613582612938,980.1705712955452,945.233798457288,952.36669921875,8136685.0,INDUSINDBK,-0.025374980675928693,False
2021-11-24,959.7907539539824,964.3034439825744,937.4700387457502,941.7401123046876,6646771.0,INDUSINDBK,-0.01115808324963441,False
2021-11-25,939.411083584953,941.352015575831,923.252801067876,930.968017578125,5711537.0,INDUSINDBK,-0.011438500479925895,False
2021-11-26,922.9131362371982,928.6874205974934,871.4784398959032,875.1661987304688,6746021.0,INDUSINDBK,-0.059939565907776715,False
2021-11-29,899.5248882886245,910.2970363476978,862.5986125091711,869.0037231445312,11905868.0,INDUSINDBK,-0.007041491770222508,False
2021-11-30,875.3603011030843,900.1071832296128,849.8370580504674,856.9214477539062,6964145.0,INDUSINDBK,-0.013903594505791927,False
2021-12-01,864.6851648978795,911.0249141951564,863.8602925301067,906.0755615234376,14626216.0,INDUSINDBK,0.0573612831122039,False
2021-12-02,907.3856803536768,921.9426698780672,898.3118472431566,917.6240844726562,5703967.0,INDUSINDBK,0.01274565106888148,False
2021-12-03,917.041754421831,929.560728860849,910.7822375860534,923.0586547851562,4928235.0,INDUSINDBK,0.005922436436074152,False
2021-12-06,923.8835915987256,923.8835915987256,887.0058852113817,888.607177734375,4617346.0,INDUSINDBK,-0.037323172121494164,False
2021-12-07,895.6430403202133,908.8413534200566,893.6050263053212,899.2822875976562,3434735.0,INDUSINDBK,0.012013305913754602,False
2021-12-08,908.3561480507716,920.9722056625878,904.9595171552826,917.3814697265624,3774244.0,INDUSINDBK,0.020126252210811657,False
2021-12-09,919.03123047104,922.4278612066772,910.4911421822308,918.448974609375,3111606.0,INDUSINDBK,0.0011636433894079978,False
2021-12-10,931.6473232005822,939.4110508939204,910.2970720439022,916.8477172851562,6605152.0,INDUSINDBK,-0.0017434363459328805,False
2021-12-13,926.1155872842318,927.377181095138,906.6092465818492,910.8307495117188,2681792.0,INDUSINDBK,-0.006562668652602577,False
2021-12-14,904.4742790086996,921.117793994634,896.9046563313153,918.1093139648438,2725729.0,INDUSINDBK,0.00799112728355622,False
2021-12-15,917.0417549027708,922.7674681161262,909.3265392282328,910.8307495117188,2266938.0,INDUSINDBK,-0.0079277754210908,False
2021-12-16,917.0903384101284,921.311841671698,893.9447488004134,900.883544921875,2457432.0,INDUSINDBK,-0.01092102412569651,False
2021-12-17,898.6514842809935,901.562882178232,854.2526663481042,856.9214477539062,4786306.0,INDUSINDBK,-0.04879886797330857,False
2021-12-20,848.18729245269,848.18729245269,806.2631489883822,821.1112670898438,4700733.0,INDUSINDBK,-0.04178933875202362,False
2021-12-21,829.7968364873262,842.3158699967333,823.2947032633127,831.8833618164062,3568436.0,INDUSINDBK,0.013118922073424466,False
2021-12-22,836.007875023016,858.8623354938879,835.5711535143927,846.003662109375,3619713.0,INDUSINDBK,0.0169738943475648,False
2021-12-23,853.9130114995777,857.8918981941133,843.3349089713624,845.3728637695312,2642247.0,INDUSINDBK,-0.000745621287585152,False
2021-12-24,852.0690626080421,852.8454234837286,821.7905145959639,835.7167358398438,3462247.0,INDUSINDBK,-0.011422330126177327,False
2021-12-27,818.1028195994181,836.3475681425525,787.5331412869843,829.9910278320312,12325932.0,INDUSINDBK,-0.0068512544529319985,False
2021-12-28,838.4825377109422,840.1808530361669,820.1407085055002,827.4677734375,4660498.0,INDUSINDBK,-0.0030400983985598984,False
2021-12-29,828.826415460621,849.0606656355334,828.7779040106411,844.3053588867188,6067054.0,INDUSINDBK,0.02034832774123796,False
2021-12-30,838.4824953741088,867.0627265363189,834.600631969599,859.25048828125,12354342.0,INDUSINDBK,0.01770109503300743,False
2021-12-31,855.465689604816,866.5290245417278,852.4572690122102,861.9193115234375,3606043.0,INDUSINDBK,0.0031059897882932397,False
2022-01-03,861.9678138509466,888.4615207555327,850.8074561352846,885.3560180664062,5594214.0,INDUSINDBK,0.027191299962341597,False
2022-01-04,887.9763070357121,890.8391933147393,869.6344776563852,877.6893920898438,4102750.0,INDUSINDBK,-0.008659370716546544,False
2022-01-05,878.2716629225424,884.9679015041389,865.8982223675563,877.252685546875,5448165.0,INDUSINDBK,-0.0004975638841081542,False
2022-01-06,868.8096190365319,896.7105143700145,858.9108547586667,894.4784545898438,5209239.0,INDUSINDBK,0.01963604025017074,False
2022-01-07,899.1366872479839,910.7337669980142,889.0438178481368,895.01220703125,4207773.0,INDUSINDBK,0.0005967191704476793,False
2022-01-10,899.5248695193399,902.3876965482276,890.887699286402,893.6535034179688,2569322.0,INDUSINDBK,-0.0015180838904846894,False
2022-01-11,899.6219384265357,907.4341775016388,887.0058810375983,890.8392333984375,3383081.0,INDUSINDBK,-0.00314917359890321,False
2022-01-12,900.592385952482,918.6430286158412,892.9256813876723,913.7421875,5506622.0,INDUSINDBK,0.025709413374387147,False
2022-01-13,920.001756990932,921.942688967706,898.6515052464165,899.718994140625,2109207.0,INDUSINDBK,-0.015346991253345155,False
2022-01-14,891.955181782284,899.2822466869067,886.2779799807603,892.8771362304688,2557488.0,INDUSINDBK,-0.007604438668866065,False
2022-01-17,891.8582048887536,904.3772392923954,885.3075597494727,893.3139038085938,3048497.0,INDUSINDBK,0.0004891687337509332,False
2022-01-18,893.3139031928783,899.961571229217,868.9066609606976,873.0797119140625,3088062.0,INDUSINDBK,-0.02265070744814779,False
2022-01-19,870.5079607062736,877.1071173467249,858.0374968908445,866.8687133789062,3628266.0,INDUSINDBK,-0.007113896303396872,False
2022-01-20,868.5670685695737,871.9151881105686,846.2463506063333,851.2927856445312,3565267.0,INDUSINDBK,-0.017968035406033644,False
2022-01-21,844.2084104282437,847.1683199284901,820.1408058620335,828.875,4042974.0,INDUSINDBK,-0.026333813727269284,False
2022-01-24,833.6302418892253,843.6260292178733,806.9909400079569,826.109130859375,4657809.0,INDUSINDBK,-0.0033368953589202333,False
2022-01-25,817.4719160970892,860.7062187423924,817.1322767297056,858.1344604492188,5165597.0,INDUSINDBK,0.03876646364691405,False
2022-01-26,817.4719160970892,860.7062187423924,817.1322767297056,858.1344604492188,5165597.0,INDUSINDBK,0.0,False
2022-01-27,848.38134737631,867.2083513120522,835.6682078612188,861.8707885742188,4323258.0,INDUSINDBK,0.004354012450501266,False
2022-01-28,870.5079617932278,898.4088580045492,868.567029882875,876.864501953125,5520247.0,INDUSINDBK,0.01739670676588334,False
2022-01-31,900.0586480834054,900.0586480834054,841.0543307658578,846.3433227539062,10148990.0,INDUSINDBK,-0.03480717845372461,False
2022-02-01,853.0395663731027,899.6219317723165,853.0395663731027,895.0607299804688,11628936.0,INDUSINDBK,0.057562227900660456,False
2022-02-02,902.630360858202,952.803462567411,902.630360858202,946.5439453125,14380553.0,INDUSINDBK,0.057519242669885395,False
2022-02-03,938.7801524590298,950.7654417076312,926.2611780514168,930.0459594726562,5623611.0,INDUSINDBK,-0.01742970933525645,False
2022-02-04,929.7063241437028,946.1557328526692,917.090267553026,927.8139038085938,5000045.0,INDUSINDBK,-0.002399941251643223,False
2022-02-07,923.9320155091224,931.06497516089,900.737916860524,905.4931640625,2587054.0,INDUSINDBK,-0.02405734561043882,False
2022-02-08,910.296987289886,912.965768435992,886.0353405071066,910.005859375,3160992.0,INDUSINDBK,0.004983687885895982,False
2022-02-09,914.4700074065609,942.7106006880598,912.62615773269,938.5861206054688,4101202.0,INDUSINDBK,0.031406678249410236,False
2022-02-10,937.4700724663426,948.8730469502758,931.8898934635668,943.6325073242188,4037566.0,INDUSINDBK,0.0053765835739127965,False
2022-02-11,926.79501165595,960.7613209836552,926.3582901180852,953.3858032226562,7171664.0,INDUSINDBK,0.01033590494470582,False
2022-02-14,930.8708844509132,936.3054696888668,909.5206350792524,913.7906494140624,3652419.0,INDUSINDBK,-0.04153109231829699,False
2022-02-15,915.149339750931,943.2928507294856,895.9826383086395,941.060791015625,3985559.0,INDUSINDBK,0.029842876614078584,False
2022-02-16,937.567075396336,958.3835806446308,933.539677480501,939.7991943359376,3683264.0,INDUSINDBK,-0.0013406112460873087,False
2022-02-17,951.0565755292188,951.0565755292188,923.0100875170258,927.5712890625,3152042.0,INDUSINDBK,-0.013011189355272679,False
2022-02-18,921.94261359912,937.4700681439472,920.5839376334322,927.1345825195312,2417043.0,INDUSINDBK,-0.000470806447028016,False
2022-02-21,923.8835909728848,943.2929101109704,920.972193102172,924.3203125,3535914.0,INDUSINDBK,-0.0030354493000178673,False
2022-02-22,897.680956471813,921.7970103661758,895.7400246740361,911.364501953125,2866135.0,INDUSINDBK,-0.014016581018146734,False
2022-02-23,916.1198148285704,932.4236301951134,915.2949425018776,922.6219482421876,3507003.0,INDUSINDBK,0.012352298410720497,False
2022-02-24,892.3434845068361,906.706369420198,843.1893580511528,849.78857421875,7305449.0,INDUSINDBK,-0.07894173140168881,False
2022-02-25,872.157725296568,902.3391914091573,868.5669895825124,899.67041015625,4821342.0,INDUSINDBK,0.05869911346285006,False
2022-02-28,888.9467938777105,897.4868822343946,876.3307367593587,893.5079956054688,3299912.0,INDUSINDBK,-0.0068496356901535105,False
2022-03-01,888.9467938777105,897.4868822343946,876.3307367593587,893.5079956054688,3299912.0,INDUSINDBK,0.0,False
2022-03-02,880.2125525888241,885.6957085002807,861.3369793885653,879.5817260742188,4507940.0,INDUSINDBK,-0.01558606033716925,False
2022-03-03,890.8877353223914,898.6514628633273,879.7273769822962,885.3075561523438,3731807.0,INDUSINDBK,0.006509719231754252,False
2022-03-04,869.5374719575982,895.6430291279125,864.6851423149777,875.2632446289062,3623960.0,INDUSINDBK,-0.01134556172443768,False
2022-03-07,852.0690646713692,870.459405419383,801.1196046540038,809.7567749023438,6323502.0,INDUSINDBK,-0.07484202053330358,False
2022-03-08,806.5542189762856,822.7610120194937,791.9002069764772,815.8707275390625,6163433.0,INDUSINDBK,0.00755035688025707,False
2022-03-09,837.5120841036377,854.0100046479736,813.4930527229135,849.497314453125,6967640.0,INDUSINDBK,0.04121558205120501,False
2022-03-10,882.9298475067036,900.5923384038027,864.3939728554159,877.59228515625,6312569.0,INDUSINDBK,0.03307246559244459,False
2022-03-11,873.419360358331,888.4615826756134,866.5775872153656,875.11767578125,3451877.0,INDUSINDBK,-0.002819771113370062,False
2022-03-14,872.4488774736018,887.0058665304472,865.9467438483695,880.7948608398438,3718477.0,INDUSINDBK,0.006487339035319506,False
2022-03-15,889.820270836893,894.7696235867093,861.0459311576006,870.1683349609375,4390735.0,INDUSINDBK,-0.012064700137752626,False
2022-03-16,885.064924210986,908.3561064270646,884.6282026979266,901.2232055664062,5705364.0,INDUSINDBK,0.035688348285924265,False
2022-03-17,916.0713076730306,921.4573816275052,902.096574874764,904.9109497070312,4492246.0,INDUSINDBK,0.004091932073927662,False
2022-03-18,916.0713076730306,921.4573816275052,902.096574874764,904.9109497070312,4492246.0,INDUSINDBK,0.0,False
2022-03-21,910.297021626117,910.297021626117,884.0944421123589,886.423583984375,2363059.0,INDUSINDBK,-0.020430038700097075,False
2022-03-22,888.9468061218321,904.4742612505976,876.9130047040225,900.30126953125,2764481.0,INDUSINDBK,0.015655817148384488,False
2022-03-23,905.4446762020488,916.5565224992674,900.6893696436641,903.8433837890624,2433056.0,INDUSINDBK,0.003934365503734716,False
2022-03-24,894.7695846923192,910.248528074448,888.1704282352395,897.4868774414062,2923793.0,INDUSINDBK,-0.007032751980778573,False
2022-03-25,902.5333513885374,905.7358772405044,888.995339271201,898.8941040039062,1984601.0,INDUSINDBK,0.0015679633851715113,False
2022-03-28,895.7885765539212,915.0523610558512,893.071283760896,907.53125,2654339.0,INDUSINDBK,0.009608635719849268,False
2022-03-29,912.18945516898,916.6050632672748,894.1873241636002,901.7084350585938,3351562.0,INDUSINDBK,-0.0064161040640817735,False
2022-03-30,911.60719616711,917.0903526564329,895.6915896076246,898.942626953125,4849869.0,INDUSINDBK,-0.0030672975852654716,False
2022-03-31,902.5332642897888,910.7337127849504,896.7104690363062,907.7738037109376,2311242.0,INDUSINDBK,0.009823960387488784,False
2022-04-01,901.9995215393516,942.273855448925,901.7083936226572,939.9932250976562,5222165.0,INDUSINDBK,0.03549278603877659,False
2022-04-04,946.204309804112,965.4195239413178,929.7548999563936,958.0440063476562,5033678.0,INDUSINDBK,0.019203097179902207,False
2022-04-05,964.6430874777244,964.6430874777244,939.4109745255907,944.5059204101562,3827808.0,INDUSINDBK,-0.014130964598495943,False
2022-04-06,938.440554574652,949.843529255368,932.61775899301,939.7021484375,2406015.0,INDUSINDBK,-0.005086015734628968,False
2022-04-07,932.1325082312115,957.7528319942988,931.6472752753392,943.8751220703124,3182285.0,INDUSINDBK,0.004440740759985573,False
2022-04-08,942.3223717137714,960.7612234774806,939.6535905374452,956.4911499023438,2659878.0,INDUSINDBK,0.013366204423694406,False
2022-04-11,954.550218122488,969.3983935074776,947.9510619694576,951.4932861328124,2413145.0,INDUSINDBK,-0.005225206495681256,False
2022-04-12,948.145170428178,958.48065580498,937.47004568436,956.0059204101562,1963842.0,INDUSINDBK,0.0047426864099953114,False
2022-04-13,962.702245887637,966.8267262757644,952.9975861508664,954.3562622070312,2060127.0,INDUSINDBK,-0.0017255732081838948,False
2022-04-14,962.702245887637,966.8267262757644,952.9975861508664,954.3562622070312,2060127.0,INDUSINDBK,0.0,False
2022-04-15,962.702245887637,966.8267262757644,952.9975861508664,954.3562622070312,2060127.0,INDUSINDBK,0.0,False
2022-04-18,943.2929188541838,953.9680444790768,937.5671459623608,948.5819702148438,1575552.0,INDUSINDBK,-0.006050457487263627,False
2022-04-19,950.959558492142,959.7422630349928,922.9130703071434,935.3350219726562,1747142.0,INDUSINDBK,-0.013965001083867556,False
2022-04-20,937.033398417502,953.7254248220768,924.3688294510588,943.82666015625,2421543.0,INDUSINDBK,0.009078712957507618,False
2022-04-21,947.271736023498,963.3815054133372,947.271736023498,960.0333862304688,1957820.0,INDUSINDBK,0.01717129506760884,False
2022-04-22,951.0566836883868,958.820411718496,928.8329885091812,931.5017700195312,1942893.0,INDUSINDBK,-0.029719399991875006,False
2022-04-25,917.090272128912,930.1430502824394,903.503749578854,918.594482421875,2096910.0,INDUSINDBK,-0.013856428418150601,False
2022-04-26,933.5881787581474,954.3076016519168,929.8033381242212,951.4932861328124,2673266.0,INDUSINDBK,0.03581428403989495,False
2022-04-27,941.44898136191,950.8625127930306,938.586154235096,945.7190551757812,1476543.0,INDUSINDBK,-0.006068598739671138,False
2022-04-28,949.1156745152232,963.13891897599,943.29287896605,959.1599731445312,2003774.0,INDUSINDBK,0.014212379347957382,False
2022-04-29,960.7613224410844,979.685409095227,946.39843775009,949.6494750976562,3476442.0,INDUSINDBK,-0.009915445090661557,False
2022-05-02,943.2928566504102,995.6980153532108,937.906782741352,988.0313110351562,8962019.0,INDUSINDBK,0.0404168453139544,False
2022-05-03,943.2928566504102,995.6980153532108,937.906782741352,988.0313110351562,8962019.0,INDUSINDBK,0.0,False
2022-05-04,995.2128666453254,998.6094975895074,942.3224705144914,949.4068603515624,4565643.0,INDUSINDBK,-0.03909233467826767,False
2022-05-05,965.6135737029166,965.6135737029166,904.4742218001188,909.1324462890624,4679266.0,INDUSINDBK,-0.04242060569015327,False
2022-05-06,891.8581554741546,906.7062717873364,875.845468243117,888.364501953125,3713381.0,INDUSINDBK,-0.022843695020135835,False
2022-05-09,885.8412615428988,885.8412615428988,854.9804577739559,863.4235229492188,3283626.0,INDUSINDBK,-0.028075163909714873,False
2022-05-10,861.7737672205257,892.828677750995,861.7737672205257,883.8518676757812,3972560.0,INDUSINDBK,0.023659703706918833,False
2022-05-11,883.9974582134995,900.592402277976,864.9762900396556,896.0797119140625,4209334.0,INDUSINDBK,0.013834721275677309,False
2022-05-12,888.9468317078575,889.4320646945977,830.7188732990459,844.2083740234375,4776857.0,INDUSINDBK,-0.057886968314264986,False
2022-05-13,859.8328212495124,867.7421423388982,843.0922838154785,846.5859375,2932319.0,INDUSINDBK,0.0028163230189617305,False
2022-05-16,850.8074805335237,872.2547535873806,839.9867618754572,859.7357788085938,1971123.0,INDUSINDBK,0.015532789674519876,False
2022-05-17,863.7146496128825,878.271638089504,861.8707407128286,877.1555786132812,2038983.0,INDUSINDBK,0.020261806282887873,False
2022-05-18,880.2125884541748,890.839202112781,872.497372552308,876.476318359375,2665522.0,INDUSINDBK,-0.0007743897097253205,False
2022-05-19,861.7737723214286,864.539576613903,834.6977483493941,840.6661376953125,2656251.0,INDUSINDBK,-0.04085698599489085,False
2022-05-20,861.7737446841885,873.4193358285695,855.1745882155473,870.022705078125,2286465.0,INDUSINDBK,0.0349206017305439,False
2022-05-23,873.4193322088545,894.7695825517376,872.400354834452,875.7484741210938,2577890.0,INDUSINDBK,0.006581171973499833,False
2022-05-24,878.6598534389514,889.9172342357228,868.8581122660798,871.4298706054688,2149695.0,INDUSINDBK,-0.004931328621450515,False
2022-05-25,880.988942508199,896.2252691634409,863.2779396254347,866.9656982421875,3664893.0,INDUSINDBK,-0.005122813107358293,False
2022-05-26,875.9425396938583,880.01850851602,851.5353566767908,871.0902099609375,3909078.0,INDUSINDBK,0.004757410503221315,False
2022-05-27,881.522722032841,899.6219356942476,878.4657898297152,898.0692138671875,2509528.0,INDUSINDBK,0.03097153842133049,False
2022-05-30,908.3561268975776,918.4975078958804,904.5712860091548,908.5502319335938,2036338.0,INDUSINDBK,0.011670612804188796,False
2022-05-31,898.6514184010723,912.189429477272,898.6514184010723,903.358154296875,1249259.0,INDUSINDBK,-0.00571468417950749,False
2022-06-01,903.3581716189638,910.6366659680424,891.5670463129795,900.9320068359376,1144864.0,INDUSINDBK,-0.0026856983018277436,False
2022-06-02,893.7990917772095,917.0902733218924,893.7990917772095,915.100830078125,1735855.0,INDUSINDBK,0.01572685078860525,False
2022-06-03,921.942696948328,925.6304558896126,894.7696490382721,897.001708984375,1398174.0,INDUSINDBK,-0.01977828070837262,False
2022-06-06,892.8286743985532,906.3666862536046,891.3729754729034,901.3202514648438,1417254.0,INDUSINDBK,0.004814419456745878,False
2022-06-07,896.9531169623748,902.4847844936924,889.4320061628525,896.4193725585938,929573.0,INDUSINDBK,-0.005437444568991978,False
2022-06-08,901.5628383878998,910.297031655382,879.7758666686166,886.7147216796875,1905868.0,INDUSINDBK,-0.010826016456122356,False
2022-06-09,881.1830323191867,896.2252536858689,879.581739900041,893.1197509765625,1031195.0,INDUSINDBK,0.00722332576676088,False
2022-06-10,885.5501541953081,897.6809782253808,876.5733444130543,886.2294921875,882217.0,INDUSINDBK,-0.007714820752232288,False
2022-06-13,868.5670275600755,873.7589967133679,834.697742121979,839.8897705078125,3353078.0,INDUSINDBK,-0.05228862511143262,False
2022-06-14,838.4825471773482,844.2568311948111,815.4824932381285,819.267333984375,3770890.0,INDUSINDBK,-0.024553741749906988,False
2022-06-15,826.8369248152968,831.6892541862786,803.5457438345842,818.3938598632812,3911673.0,INDUSINDBK,-0.001066164956004978,False
2022-06-16,828.7779208331178,834.0184606531819,781.3706828953405,785.689208984375,3141825.0,INDUSINDBK,-0.039961994441612525,False
2022-06-17,786.0773903670506,797.5773877553308,773.2187170061081,783.0689697265625,2624540.0,INDUSINDBK,-0.0033349564024170997,False
2022-06-20,790.5415210752465,790.5415210752465,746.7735314254576,760.893798828125,3103978.0,INDUSINDBK,-0.028318285816102184,False
2022-06-21,772.5393601854922,785.4951153615037,760.3115136597983,775.2566528320312,3425596.0,INDUSINDBK,0.018876292625891855,False
2022-06-22,776.0330492291213,778.1680267367082,745.0266531321563,754.6828002929688,3066728.0,INDUSINDBK,-0.0265381180076375,False
2022-06-23,757.9339205315202,770.8411060512976,740.6596381584882,761.7672729492188,3888446.0,INDUSINDBK,0.009387351419033019,False
2022-06-24,770.5014503463798,791.754619042824,769.0942628769423,782.6807861328125,4706175.0,INDUSINDBK,0.02745394023377523,False
2022-06-27,795.0057191931992,805.1956116823841,793.5015088151134,799.1787109375,2569316.0,INDUSINDBK,0.021078740013796615,False
2022-06-28,794.8115637034094,799.1786602072743,788.0183024751752,792.482421875,1280737.0,INDUSINDBK,-0.008378963266732598,False
2022-06-29,781.2250830649399,793.2103137518642,764.9212670909623,784.912841796875,3774208.0,INDUSINDBK,-0.009551732466463458,False
2022-06-30,787.8242920945174,792.5795992185663,766.910761504553,770.8896484375,2686640.0,INDUSINDBK,-0.01786592423086386,False
2022-07-01,769.5794194628196,786.0773389216695,759.8747609576138,783.3600463867188,2796110.0,INDUSINDBK,0.016176631732563562,False
2022-07-04,788.794715185493,815.1914009681116,787.241993352856,807.4276733398438,4711395.0,INDUSINDBK,0.03072358242437545,False
2022-07-05,808.3981455770528,814.2209413435141,796.8010654956756,799.7124633789062,1836183.0,INDUSINDBK,-0.009555295434728328,False
2022-07-06,805.2926166926721,815.1913810230311,800.6829035261728,811.84326171875,1660551.0,INDUSINDBK,0.015168949960576272,False
2022-07-07,816.161907980251,837.9003701260126,815.434058478485,835.5712280273438,3868679.0,INDUSINDBK,0.02922727505104783,False
2022-07-08,841.3939500823608,841.8791830408858,821.2082708542283,823.537353515625,1342616.0,INDUSINDBK,-0.014401973294519643,False
2022-07-11,820.043693450839,834.6006820919781,818.1512730809832,832.9993896484375,1503503.0,INDUSINDBK,0.01148950450446451,False
2022-07-12,824.896028387815,835.7167470414472,820.0436988090632,822.0331420898438,1221366.0,INDUSINDBK,-0.013164772621528598,False
2022-07-13,830.8644289327766,830.8644289327766,766.1828510620699,794.860107421875,10850036.0,INDUSINDBK,-0.03305588701556128,False
2022-07-14,798.7904952701133,805.2926289451391,789.6681509308216,796.655517578125,2463571.0,INDUSINDBK,0.002258775021523496,False
2022-07-15,799.809547289296,804.5162835179465,787.2420012189549,790.978271484375,1365475.0,INDUSINDBK,-0.007126350057813147,False
2022-07-18,801.6048787390175,828.0015645585297,798.8875859118341,825.9150390625,2536142.0,INDUSINDBK,0.04416906106985907,False
2022-07-19,816.1618235316864,846.0521614649363,815.1913576297462,842.46142578125,2608372.0,INDUSINDBK,0.020034005843424074,False
2022-07-20,859.832760615366,870.9446066707287,847.0225992879075,853.3306274414062,3995680.0,INDUSINDBK,0.012901720277669337,False
2022-07-21,876.3307636894565,933.5882554476824,866.2378939916001,920.0987548828124,23581540.0,INDUSINDBK,0.07824414745501529,False
2022-07-22,921.99111774328,927.7654017028968,910.9278420072662,914.6156005859376,4842122.0,INDUSINDBK,-0.005959310636794779,False
2022-07-25,912.2379572378952,937.9553039047084,911.8012357310078,933.63671875,6043152.0,INDUSINDBK,0.020796844217261024,False
2022-07-26,930.6768244885036,941.2549267914516,923.7379694137436,933.2000122070312,2983144.0,INDUSINDBK,-0.000467747823321929,False
2022-07-27,932.3266125850718,954.6958399880943,927.0375615233822,950.8624877929688,3405140.0,INDUSINDBK,0.018926784563756627,False
2022-07-28,965.0798556116232,989.8752482683066,959.8878273483392,987.6431884765624,7001490.0,INDUSINDBK,0.038681408884858604,False
2022-07-29,992.0103006015804,1018.9406713367108,988.662181245578,1012.6812133789062,5862550.0,INDUSINDBK,0.02535128596488878,False
2022-08-01,1009.284521170218,1016.9512253605834,994.2908706215552,1009.4301147460938,4299697.0,INDUSINDBK,-0.003210387029857986,False
2022-08-02,1002.4912791070068,1040.2424264759782,1001.5693838839844,1035.729736328125,5074834.0,INDUSINDBK,0.026053930032240435,False
2022-08-03,1032.1391358254696,1038.3985939826018,1020.4935441172536,1027.044189453125,2753893.0,INDUSINDBK,-0.00838592015885542,False
2022-08-04,1029.761391073145,1041.164365932727,1012.9724012951071,1019.1832885742188,2142720.0,INDUSINDBK,-0.0076539071635194356,False
2022-08-05,1024.3267453297476,1026.510293578911,1003.025066462828,1005.69384765625,2382020.0,INDUSINDBK,-0.01323553973970637,False
2022-08-08,1005.6939067038847,1026.4617831654414,1003.1706004735292,1019.1832885742188,2057991.0,INDUSINDBK,0.013413068946783069,False
2022-08-09,1005.6939067038847,1026.4617831654414,1003.1706004735292,1019.1832885742188,2057991.0,INDUSINDBK,0.0,False
2022-08-10,1014.5250715319248,1035.972344143903,1012.2445003689792,1031.7022705078125,2727232.0,INDUSINDBK,0.012283346944500062,False
2022-08-11,1047.4037779987043,1062.4204707127385,1045.7895793664063,1055.76806640625,3998702.0,INDUSINDBK,0.023326299249678106,False
2022-08-12,1053.7626888277605,1064.426049338845,1052.1974522894116,1056.990966796875,2463516.0,INDUSINDBK,0.0011583040153768653,False
2022-08-15,1053.7626888277605,1064.426049338845,1052.1974522894116,1056.990966796875,2463516.0,INDUSINDBK,0.0,False
2022-08-16,1061.4422808717068,1073.0839297716989,1051.757207604658,1060.9041748046875,3083931.0,INDUSINDBK,0.0037022151851222596,False
2022-08-17,1059.4857233462335,1071.22517734453,1058.5074355130423,1064.964111328125,1768441.0,INDUSINDBK,0.003826864499034466,False
2022-08-18,1058.996554338633,1083.4047874304874,1058.0672286870802,1081.1058349609375,2407824.0,INDUSINDBK,0.015157058778893617,False
2022-08-19,1080.9590936999643,1080.9590936999643,1036.9851033585237,1040.2135009765625,3660413.0,INDUSINDBK,-0.037824542854171694,False
2022-08-22,1032.0936641440494,1044.1266522617464,1022.7999297275863,1034.245849609375,2662510.0,INDUSINDBK,-0.005736948579868506,False
2022-08-23,1012.5278440654832,1055.4747011421912,1011.6473611866649,1047.795166015625,3030759.0,INDUSINDBK,0.01310067273788662,False
2022-08-24,1053.6160712060191,1081.00813248157,1053.6160712060191,1077.9754638671875,3685015.0,INDUSINDBK,0.028803623866988204,False
2022-08-25,1084.9212212743607,1095.4378156194457,1059.192203155168,1066.2847900390625,3775014.0,INDUSINDBK,-0.010845027758039305,False
2022-08-26,1074.1600695255902,1077.779686837086,1041.5341933014852,1046.5234375,3662548.0,INDUSINDBK,-0.018532902957697273,False
2022-08-29,1027.202192563622,1039.8221290990973,1018.397602341648,1036.202392578125,1642550.0,INDUSINDBK,-0.009862220521817067,False
2022-08-30,1048.52892033843,1085.7038570408724,1046.7679545161443,1083.40478515625,3200407.0,INDUSINDBK,0.04555325573094171,False
2022-08-31,1048.52892033843,1085.7038570408724,1046.7679545161443,1083.40478515625,3200407.0,INDUSINDBK,0.0,False
2022-09-01,1073.8175862363264,1096.6605816034091,1071.225099782099,1087.26904296875,3487969.0,INDUSINDBK,0.003566771963207316,False
2022-09-02,1092.698557065125,1095.1932388295268,1071.2251867068617,1076.850341796875,2428618.0,INDUSINDBK,-0.009582449936610948,False
2022-09-05,1075.6274248804857,1088.2962039903828,1072.7415236685465,1083.94287109375,2419887.0,INDUSINDBK,0.006586364902888997,False
2022-09-06,1090.7909226722916,1094.4595020086335,1073.7686906676856,1084.7255859375,2516672.0,INDUSINDBK,0.0007220997200343415,False
2022-09-07,1071.225191429599,1076.116630659871,1062.4206008151089,1066.2847900390625,3165749.0,INDUSINDBK,-0.017000424934661806,False
2022-09-08,1079.051476926256,1090.790930891002,1073.573088960021,1084.2364501953125,2995969.0,INDUSINDBK,0.016835708737430677,False
2022-09-09,1094.7040140376291,1124.5907531629146,1092.307256770384,1112.4599609375,4751837.0,INDUSINDBK,0.026030770997510055,False
2022-09-12,1119.454819945786,1120.139573663908,1103.50868043047,1112.16650390625,1918731.0,INDUSINDBK,-0.0002637910950095135,False
2022-09-13,1120.1395139424262,1140.243375694242,1112.1176018725434,1138.5313720703125,3571187.0,INDUSINDBK,0.023705864249158326,False
2022-09-14,1123.6613438617858,1198.4025557100492,1117.4982023700725,1189.3533935546875,9043198.0,INDUSINDBK,0.04463822669370976,False
2022-09-15,1192.532885590762,1193.5111734378424,1159.3200609503508,1169.885498046875,4063705.0,INDUSINDBK,-0.016368470139583757,False
2022-09-16,1169.8854715995626,1223.8870311895314,1159.27107258268,1200.7015380859375,16270762.0,INDUSINDBK,0.02634107362687188,False
2022-09-19,1199.3809245057237,1228.729560505048,1191.5546215725703,1199.1363525390625,6074889.0,INDUSINDBK,-0.0013035592087023984,False
2022-09-20,1214.299712462171,1248.0996031832556,1213.076852731595,1236.653564453125,5704241.0,INDUSINDBK,0.031286860609823997,False
2022-09-21,1232.6426116276546,1237.534050562685,1195.272065931981,1197.6688232421875,6121456.0,INDUSINDBK,-0.03152438349068065,False
2022-09-22,1192.5328658160795,1211.6094785178134,1178.8368361840655,1190.1361083984375,5463724.0,INDUSINDBK,-0.006289480612310161,False
2022-09-23,1183.728254468252,1187.5924435640525,1150.515430964148,1157.6568603515625,4197496.0,INDUSINDBK,-0.027290364368981468,False
2022-09-26,1144.5967437509842,1154.379621902702,1111.0414239226322,1124.6396484375,5082576.0,INDUSINDBK,-0.028520724097843342,False
2022-09-27,1141.1237652420268,1152.423037186132,1115.835049303204,1139.8031005859375,4493527.0,INDUSINDBK,0.013482942887087956,False
2022-09-28,1130.1181070904602,1134.8139366653138,1108.4001640015522,1116.128662109375,4898528.0,INDUSINDBK,-0.02077063877470786,False
2022-09-29,1134.813950844003,1149.292659364114,1112.6068635394156,1117.4493408203125,4998273.0,INDUSINDBK,0.001183267445566294,False
2022-09-30,1116.2264009917235,1166.4126138524753,1104.2913373730937,1159.4666748046875,4392250.0,INDUSINDBK,0.03760110856885057,False
2022-10-03,1152.4230232263512,1160.1515206956346,1128.014790493888,1131.145263671875,3397982.0,INDUSINDBK,-0.024426239881006673,False
2022-10-04,1159.17330192416,1195.467757418431,1150.613283202874,1192.7774658203125,4446589.0,INDUSINDBK,0.05448654927694219,False
2022-10-05,1159.17330192416,1195.467757418431,1150.613283202874,1192.7774658203125,4446589.0,INDUSINDBK,0.0,False
2022-10-06,1198.4025170127425,1208.1364325462357,1171.3039935796771,1174.8258056640625,2773277.0,INDUSINDBK,-0.015050301226058216,False
2022-10-07,1174.9236507251935,1191.4077763122543,1156.8253263801344,1187.054443359375,3338767.0,INDUSINDBK,0.010408894353831855,False
2022-10-10,1167.195107323195,1190.478403873929,1157.558996731949,1184.021728515625,2547644.0,INDUSINDBK,-0.0025548237157239084,False
2022-10-11,1188.6196945768434,1189.5490202326268,1136.7704404101169,1139.31396484375,21664338.0,INDUSINDBK,-0.0377592425841069,False
2022-10-12,1149.5371251211425,1166.2168604296498,1130.9984996920518,1163.233154296875,3412460.0,INDUSINDBK,0.02099437924155123,False
2022-10-13,1163.2331828304502,1170.7659512939197,1141.6618885815783,1158.537353515625,1982808.0,INDUSINDBK,-0.004036852598212293,False
2022-10-14,1175.1683272007187,1189.9404504474182,1153.597031470403,1155.9449462890625,2918993.0,INDUSINDBK,-0.0022376552803374805,False
2022-10-17,1152.42307179228,1177.662945750598,1138.7270420765822,1173.60302734375,3419791.0,INDUSINDBK,0.01527588412525649,False
2022-10-18,1180.7933750023951,1201.9733297635923,1176.9780286971154,1196.6905517578125,3451130.0,INDUSINDBK,0.01967234565363829,False
2022-10-19,1201.2395342682198,1204.956956011074,1183.7281599193198,1191.94580078125,3896969.0,INDUSINDBK,-0.003964893822879234,False
2022-10-20,1187.6413962499646,1187.6413962499646,1125.1287815749035,1134.764892578125,11242103.0,INDUSINDBK,-0.04797274185256262,False
2022-10-21,1140.6836781759548,1143.618541841931,1114.367710087056,1117.4493408203125,5309754.0,INDUSINDBK,-0.015259153566579364,False
2022-10-24,1134.8138658071337,1134.8138658071337,1118.182972946167,1120.9710693359375,674170.0,INDUSINDBK,0.003151577782523729,False
2022-10-25,1120.9710594290525,1128.014803289268,1097.443309329734,1112.75341796875,3514202.0,INDUSINDBK,-0.007330832696739953,False
2022-10-26,1120.9710594290525,1128.014803289268,1097.443309329734,1112.75341796875,3514202.0,INDUSINDBK,0.0,False
2022-10-27,1125.0308835219505,1128.5526954472589,1110.5521774269298,1117.6937255859375,2590606.0,INDUSINDBK,0.004439714619080437,False
2022-10-28,1120.139493800914,1135.7920980811016,1112.8023355445762,1122.0960693359375,2778938.0,INDUSINDBK,0.003938774683281077,False
2022-10-31,1129.9224065921492,1134.4225065785802,1114.22083966765,1117.840576171875,2048520.0,INDUSINDBK,-0.0037924499339713202,False
2022-11-01,1121.6069437821236,1134.7160239649952,1120.1395121068742,1126.156005859375,2664189.0,INDUSINDBK,0.00743883328692263,False
2022-11-02,1121.117875611826,1132.563795683881,1110.356709266512,1113.4871826171875,1947283.0,INDUSINDBK,-0.011249616550701447,False
2022-11-03,1108.840326764598,1125.9603643086623,1100.8184140833414,1123.074462890625,1742221.0,INDUSINDBK,0.008610139769101854,False
2022-11-04,1128.6996132974998,1132.8573366834278,1117.3025358967989,1127.67236328125,1571565.0,INDUSINDBK,0.0040940298640490536,False
2022-11-07,1132.8573687673486,1132.8573687673486,1114.5144709569963,1119.30810546875,2601148.0,INDUSINDBK,-0.007417276582146637,False
2022-11-08,1132.8573687673486,1132.8573687673486,1114.5144709569963,1119.30810546875,2601148.0,INDUSINDBK,0.0,False
2022-11-09,1130.900749292863,1147.4338377642569,1119.161295147955,1124.052734375,3456108.0,INDUSINDBK,0.0042388944411897445,False
2022-11-10,1118.1829079686086,1132.6616145624057,1093.7257140060406,1102.8726806640625,2072769.0,INDUSINDBK,-0.018842580123889063,False
2022-11-11,1115.2481689453125,1136.232395935137,1106.05223910687,1115.2481689453125,2198448.0,INDUSINDBK,0.011221139573244665,False
2022-11-14,1120.8242835742608,1134.8138468682682,1109.5251311474676,1127.9168701171875,2007506.0,INDUSINDBK,0.011359535504869456,False
2022-11-15,1132.7105309072574,1142.3956042297943,1122.2428989789992,1127.819091796875,1802234.0,INDUSINDBK,-8.668929679400694e-05,False
2022-11-16,1126.009242817286,1132.857257326166,1111.334926012543,1119.259033203125,2331206.0,INDUSINDBK,-0.007589921695785318,False
2022-11-17,1116.6666540966198,1127.7213549208443,1112.8514268963138,1121.6070556640625,1721557.0,INDUSINDBK,0.002097836507263029,False
2022-11-18,1126.3517407033744,1126.3517407033744,1097.6390149537615,1104.1446533203125,2082130.0,INDUSINDBK,-0.015569091024851933,False
2022-11-21,1095.242245926341,1117.2537232686334,1092.7475640595849,1114.2698974609375,2602264.0,INDUSINDBK,0.009170215252301439,False
2022-11-22,1118.182944082424,1147.7761497328995,1113.780649026981,1144.009765625,3927395.0,INDUSINDBK,0.02669000412900857,False
2022-11-23,1150.4664937332873,1157.3145085769377,1135.792176211179,1148.852294921875,3265438.0,INDUSINDBK,0.004232944020569063,False
2022-11-24,1154.3795779610318,1161.1786302497087,1142.2487856306827,1150.0262451171875,3496170.0,INDUSINDBK,0.0010218460636772786,False
2022-11-25,1154.379619861666,1167.8800394551265,1150.515430766529,1161.325439453125,4715695.0,INDUSINDBK,0.009825162150787436,False
2022-11-28,1154.3796273168878,1179.2770045618215,1153.1078053832396,1171.842041015625,2846018.0,INDUSINDBK,0.009055688616838031,False
2022-11-29,1166.1191807867983,1173.7987169440717,1152.8633319285143,1154.9666748046875,1875146.0,INDUSINDBK,-0.01440071752018024,False
2022-11-30,1154.3795205369338,1157.999137367272,1137.7486291393675,1142.4444580078125,2421938.0,INDUSINDBK,-0.010842058970223167,False
2022-12-01,1149.488202105757,1155.308966935694,1136.868265194403,1148.412109375,2693170.0,INDUSINDBK,0.005223581177498771,False
2022-12-02,1144.2543551018557,1160.0047648797472,1141.7108306926136,1153.1077880859375,2299901.0,INDUSINDBK,0.004088844651327417,False
2022-12-05,1156.3362052276111,1171.9888103745163,1154.232862527016,1169.5430908203125,3842074.0,INDUSINDBK,0.014253049805219131,False
2022-12-06,1172.9180521587764,1181.7716040798143,1153.4012592798852,1158.3905029296875,3130375.0,INDUSINDBK,-0.009535850348876496,False
2022-12-07,1158.292760166246,1163.1841991872182,1136.2323224137017,1139.3629150390625,2752097.0,INDUSINDBK,-0.016425883881560077,False
2022-12-08,1139.7053024655056,1168.369183162426,1137.797688997579,1164.9940185546875,3666432.0,INDUSINDBK,0.022495995944142422,False
2022-12-09,1169.5430984846023,1189.597998960499,1163.428799559024,1176.39111328125,6171282.0,INDUSINDBK,0.009782964156933582,False
2022-12-12,1175.2172072679082,1193.413336856582,1169.2985181822305,1180.548828125,2790292.0,INDUSINDBK,0.0035342963720230713,False
2022-12-13,1186.4674953077226,1214.006201427679,1183.2390977896964,1208.136474609375,4161518.0,INDUSINDBK,0.023368492541042007,False
2022-12-14,1214.7889012113517,1229.707790475272,1206.228882781233,1225.94140625,3913725.0,INDUSINDBK,0.014737516840870102,False
2022-12-15,1225.5500554762116,1245.8984897170549,1208.1854468274769,1212.685546875,3097282.0,INDUSINDBK,-0.010812800112158683,False
2022-12-16,1208.185380274995,1221.685799093798,1181.967220611192,1202.853759765625,1944616.0,INDUSINDBK,-0.008107449729825467,False
2022-12-19,1207.158105721476,1214.739835685853,1185.7825425445972,1196.9840087890625,1382378.0,INDUSINDBK,-0.00487985420414383,False
2022-12-20,1188.619735658887,1207.5495816391035,1183.6793342571173,1201.973388671875,1245359.0,INDUSINDBK,0.004168292847838595,False
2022-12-21,1209.1636930523937,1211.267035658106,1165.091780905787,1175.706298828125,1495106.0,INDUSINDBK,-0.021853303984353478,False
2022-12-22,1181.6250163242808,1182.554461481379,1144.7924529992747,1154.5264892578125,2126536.0,INDUSINDBK,-0.018014541209333768,False
2022-12-23,1134.8627949567572,1154.0860544333484,1118.1829404222208,1122.9276123046875,2621761.0,INDUSINDBK,-0.027369555611875485,False
2022-12-26,1125.030943809676,1181.7716348887727,1116.2263538146435,1169.7386474609375,2100374.0,INDUSINDBK,0.04168660084880749,False
2022-12-27,1175.559509032234,1183.679225776862,1159.2709939671977,1176.2442626953125,1462244.0,INDUSINDBK,0.005561597240970162,False
2022-12-28,1171.988835465429,1200.3591829015704,1168.0756840949268,1187.7882080078125,2834356.0,INDUSINDBK,0.009814241547114966,False
2022-12-29,1179.815104950325,1208.08764668925,1175.7063438950745,1204.4190673828125,3134405.0,INDUSINDBK,0.014001536017008931,False
2022-12-30,1211.1202617213164,1211.1202617213164,1185.195635763631,1193.60888671875,1767556.0,INDUSINDBK,-0.008975431356755936,False
2023-01-02,1193.6089676122572,1204.3701338334347,1185.4402880465257,1199.7232666015625,2587946.0,INDUSINDBK,0.005122599161959229,False
2023-01-03,1199.9189764775963,1222.713011090329,1195.7612532318942,1214.0062255859375,2195814.0,INDUSINDBK,0.011905211294963136,False
2023-01-04,1230.6860924574598,1245.7517489518098,1179.9129301008704,1196.5438232421875,8001367.0,INDUSINDBK,-0.014384112680576933,False
2023-01-05,1202.560251993852,1205.739687274698,1177.6628757933386,1189.451171875,2364186.0,INDUSINDBK,-0.005927615210923998,False
2023-01-06,1187.6414185935423,1191.261035775167,1150.564286171922,1156.2384033203125,3029739.0,INDUSINDBK,-0.027922767525069836,False
2023-01-09,1164.3092278942038,1197.0329064415355,1162.254847435519,1192.1904296875,2836421.0,INDUSINDBK,0.031093956284401036,False
2023-01-10,1188.6196573419688,1204.4190289346498,1178.8367795037634,1200.897216796875,2442613.0,INDUSINDBK,0.007303184870941504,False
2023-01-11,1205.6419507526698,1211.3159485390918,1181.1847548976575,1186.90771484375,2675249.0,INDUSINDBK,-0.011649208406393718,False
2023-01-12,1187.6414005068166,1198.1579944569387,1171.3040418592377,1182.896728515625,1862790.0,INDUSINDBK,-0.0033793582078561757,False
2023-01-13,1186.6631274781316,1210.4355693085142,1183.826068911805,1207.5985107421875,2184432.0,INDUSINDBK,0.020882450370422356,False
2023-01-16,1213.0768554884507,1222.859733355293,1205.8375019830082,1212.3431396484375,2398823.0,INDUSINDBK,0.00392897876574394,False
2023-01-17,1213.0768535494549,1213.0768535494549,1186.369549247706,1203.6363525390625,1803413.0,INDUSINDBK,-0.007181784450811413,False
2023-01-18,1205.2505126354251,1211.1202391580002,1191.55448408275,1196.4459228515625,1865108.0,INDUSINDBK,-0.0059739220008866445,False
2023-01-19,1188.6197321052175,1217.9683674658404,1157.5590930152257,1174.4835205078125,9691261.0,INDUSINDBK,-0.018356368578201776,False
2023-01-20,1182.358657173878,1201.3374651158776,1172.4779738936315,1176.3421630859375,4144033.0,INDUSINDBK,0.0015825190781062481,False
2023-01-23,1186.3695149453015,1193.657830385654,1174.4344520798768,1178.543212890625,1848813.0,INDUSINDBK,0.0018710965854640271,False
2023-01-24,1180.1086665277796,1193.3155523383225,1172.3312065651855,1185.9783935546875,2472106.0,INDUSINDBK,0.006308789175261786,False
2023-01-25,1183.7282604988754,1184.7065483174697,1126.3516560543508,1131.0474853515625,3420414.0,INDUSINDBK,-0.046316955268032034,False
2023-01-26,1183.7282604988754,1184.7065483174697,1126.3516560543508,1131.0474853515625,3420414.0,INDUSINDBK,0.0,False
2023-01-27,1137.7977993299537,1143.2761877315545,1081.986426402614,1092.16064453125,4781085.0,INDUSINDBK,-0.034381262788648836,False
2023-01-30,1085.8995014066022,1100.3782091933178,1032.0936702558247,1065.4044189453125,7991091.0,INDUSINDBK,-0.024498434108492506,False
2023-01-31,1073.2307216452623,1074.991568103689,1045.1537890113432,1059.436767578125,6080048.0,INDUSINDBK,-0.005601301497411781,False
2023-02-01,1070.246922992653,1094.7041195875493,968.5049851578854,1019.2291870117188,7563064.0,INDUSINDBK,-0.037951845543666485,False
2023-02-02,1012.4301153215522,1057.5291611208957,1006.071244324988,1052.5399169921875,4494575.0,INDUSINDBK,0.0326822763760648,False
2023-02-03,1085.8995084445376,1106.4435531988936,1055.572585235726,1079.589599609375,9207051.0,INDUSINDBK,0.025699436363883166,False
2023-02-06,1084.9211444068576,1110.3566266021492,1076.5567361477558,1104.6336669921875,2865938.0,INDUSINDBK,0.023197766440019585,False
2023-02-07,1109.378419349164,1123.2212162788155,1098.1281091000324,1118.085205078125,3603258.0,INDUSINDBK,0.012177374715153011,False
2023-02-08,1119.1612689173817,1126.2538556303634,1111.33496633754,1120.48193359375,1675932.0,INDUSINDBK,0.002143600957010827,False
2023-02-09,1125.1777199196836,1142.8357427888473,1113.5850335501973,1138.5313720703125,2284751.0,INDUSINDBK,0.01610863855579714,False
2023-02-10,1134.8138953277512,1141.6619102133498,1122.1939582974535,1135.98779296875,2126093.0,INDUSINDBK,-0.002234087846817334,False
2023-02-13,1139.7052387134663,1144.596677506228,1123.6612955892297,1132.2213134765625,2112106.0,INDUSINDBK,-0.0033155985614460315,False
2023-02-14,1135.4986842244634,1136.7705062248633,1112.31330944722,1131.7322998046875,2433798.0,INDUSINDBK,-0.00043190643565382825,False
2023-02-15,1129.9224265234077,1135.254047348134,1120.1395483716897,1124.6396484375,2050158.0,INDUSINDBK,-0.006267075145254375,False
2023-02-16,1130.26476250546,1130.9984783403083,1118.867685986836,1123.416748046875,1918858.0,INDUSINDBK,-0.0010873708679255412,False
2023-02-17,1117.2047430346986,1119.063513864184,1084.9212434548867,1090.4974365234375,3146155.0,INDUSINDBK,-0.02930284917032755,False
2023-02-20,1092.992062046225,1098.4216071910987,1079.8341386935572,1085.2147216796875,1613608.0,INDUSINDBK,-0.004844316608933585,False
2023-02-21,1085.8994878531314,1088.002830564935,1072.2034582766055,1077.82861328125,1767689.0,INDUSINDBK,-0.0068061262447723925,False
2023-02-22,1072.937199250699,1073.1328090526945,1055.7681997190268,1069.0240478515625,1983022.0,INDUSINDBK,-0.008168799121860082,False
2023-02-23,1068.975159462738,1073.7199513975593,1043.490830869092,1052.2464599609375,3193602.0,INDUSINDBK,-0.015694303532594267,False
2023-02-24,1056.599843303162,1065.991382807115,1046.3766635883126,1055.7193603515625,1862986.0,INDUSINDBK,0.0033004628884700793,False
2023-02-27,1056.5019203853317,1066.186994025984,1043.8821026019552,1058.45849609375,2047252.0,INDUSINDBK,0.002594568068994496,False
2023-02-28,1058.996610756188,1066.2359648199342,1044.8603989163653,1054.30078125,1360243.0,INDUSINDBK,-0.003928084907527385,False
2023-03-01,1053.6649236909602,1082.5244138165149,1046.8657518230011,1076.5567626953125,4006038.0,INDUSINDBK,0.021109707818792733,False
2023-03-02,1076.0675704869957,1086.3885540907538,1069.659857330921,1078.1220703125,3831094.0,INDUSINDBK,0.0014539945049145686,False
2023-03-03,1084.9212486110764,1108.595767314158,1080.763525160583,1101.9434814453125,3365349.0,INDUSINDBK,0.02209528196181698,False
2023-03-06,1107.421791936889,1115.2480943534038,1092.40509805918,1096.269287109375,3623590.0,INDUSINDBK,-0.0051492607665278856,False
2023-03-07,1107.421791936889,1115.2480943534038,1092.40509805918,1096.269287109375,3623590.0,INDUSINDBK,0.0,False
2023-03-08,1085.557144894774,1153.401383924413,1081.5461885632417,1148.7545166015625,7227479.0,INDUSINDBK,0.04787621993003177,False
2023-03-09,1148.7544560149313,1156.9720974680192,1137.0639645030285,1144.401123046875,3086720.0,INDUSINDBK,-0.0037896639288665934,False
2023-03-10,1130.020262851153,1137.0150448081624,1113.2915646304057,1119.9439697265625,3255900.0,INDUSINDBK,-0.021371137119472028,False
2023-03-13,1094.7040617599105,1095.1932056659696,1032.093641784366,1037.0828857421875,12242080.0,INDUSINDBK,-0.0739868120407896,False
2023-03-14,1037.0829687729845,1058.8988364977915,1029.354470554515,1040.8983154296875,5410127.0,INDUSINDBK,0.003679001688249306,False
2023-03-15,1056.3551776492066,1062.958620070672,1017.4192767887564,1021.6748046875,4117107.0,INDUSINDBK,-0.01846819276890843,False
2023-03-16,1017.419294677534,1019.3269080870964,980.146554016115,995.7012939453124,9261210.0,INDUSINDBK,-0.02542248338024944,False
2023-03-17,1015.4627491167396,1016.0496979201106,984.4021110777644,998.3427124023438,5324960.0,INDUSINDBK,0.002652822159711299,False
2023-03-20,997.8535476540376,997.8535476540376,968.7005833998604,980.537841796875,5439347.0,INDUSINDBK,-0.01783442738077823,False
2023-03-21,985.4782015423056,1007.5874821648372,974.3746587825286,1000.6416625976562,6200518.0,INDUSINDBK,0.020502850521240568,False
2023-03-22,1005.6799050476128,1021.3325105736458,1001.913520726892,1008.7615356445312,2992139.0,INDUSINDBK,0.008114666169101836,False
2023-03-23,1005.8266135163764,1023.4846364448646,992.2283893737869,996.1415405273438,3703523.0,INDUSINDBK,-0.012510384933664409,False
2023-03-24,996.8752637395304,1002.6960283555268,982.836857756324,987.6304321289062,2709449.0,INDUSINDBK,-0.008544075366972326,False
2023-03-27,991.983819491406,998.7829315768524,982.2009415871516,990.8587646484376,2116764.0,INDUSINDBK,0.003268765739196988,False
2023-03-28,995.603471833855,1015.8540405408652,985.3314502863808,1013.6528930664062,4396283.0,INDUSINDBK,0.023004417209808947,False
2023-03-29,1008.6147820673614,1040.8493192355,1002.74505491663,1034.1480712890625,5803091.0,INDUSINDBK,0.020219128621688398,False
2023-03-30,1008.6147820673614,1040.8493192355,1002.74505491663,1034.1480712890625,5803091.0,INDUSINDBK,0.0,False
2023-03-31,1039.919974130854,1052.6377160534328,1037.3764496303188,1044.762451171875,3097113.0,INDUSINDBK,0.010263887906865943,False
2023-04-03,1049.7027264538674,1057.6757952778255,1040.8981369495943,1055.327880859375,1534155.0,INDUSINDBK,0.010112757857682508,False
2023-04-04,1049.7027264538674,1057.6757952778255,1040.8981369495943,1055.327880859375,1534155.0,INDUSINDBK,0.0,False
2023-04-05,1065.3554082115163,1065.551018002458,1037.0828670664605,1044.0286865234375,2979782.0,INDUSINDBK,-0.01070680926835399,False
2023-04-06,1044.028738442471,1069.708794325177,1041.1428370731376,1058.5074462890625,3458673.0,INDUSINDBK,0.013868162774184345,False
2023-04-07,1044.028738442471,1069.708794325177,1041.1428370731376,1058.5074462890625,3458673.0,INDUSINDBK,0.0,False
2023-04-10,1058.5074599535646,1059.4857478093445,1039.9199906937515,1046.083251953125,1602094.0,INDUSINDBK,-0.01173746522000818,False
2023-04-11,1054.0073016022488,1054.692055295588,1032.1425931147753,1050.876708984375,1932390.0,INDUSINDBK,0.004582290197553851,False
2023-04-12,1050.1919351929591,1053.7137473282578,1034.5882928199503,1051.414794921875,3005913.0,INDUSINDBK,0.0005120352681715623,False
2023-04-13,1049.7028262032668,1090.3017705531602,986.0652157365686,1085.2147216796875,6082307.0,INDUSINDBK,0.03214709068301058,False
2023-04-14,1049.7028262032668,1090.3017705531602,986.0652157365686,1085.2147216796875,6082307.0,INDUSINDBK,0.0,False
2023-04-17,1083.3559357362597,1112.0196966807378,1081.008021127659,1099.9378662109375,5360050.0,INDUSINDBK,0.013567033543796514,False
2023-04-18,1105.4652034691426,1124.5418153874157,1102.5793022545931,1121.998291015625,4455007.0,INDUSINDBK,0.02005606451269948,False
2023-04-19,1118.1830119835697,1121.020070631113,1094.2639218311474,1096.07373046875,2207739.0,INDUSINDBK,-0.023105704130269467,False
2023-04-20,1094.6550940620982,1106.981615968327,1088.24738057709,1101.7476806640625,2530597.0,INDUSINDBK,0.005176613614200853,False
2023-04-21,1101.7476833053463,1111.090379654153,1084.2852697895228,1092.111572265625,1894300.0,INDUSINDBK,-0.008746202572107453,False
2023-04-24,1106.1990186964752,1116.226469451849,1068.2903634017696,1078.0732421875,7711772.0,INDUSINDBK,-0.012854300269890873,False
2023-04-25,1095.6334432601557,1103.1173692883085,1088.9321952895516,1097.3944091796875,5268567.0,INDUSINDBK,0.017921942810660285,False
2023-04-26,1093.481228391206,1115.052522937092,1090.937703902279,1113.095947265625,2688362.0,INDUSINDBK,0.014308017203837009,False
2023-04-27,1115.2480306664938,1123.5145143539162,1105.465153204507,1119.8948974609375,2990958.0,INDUSINDBK,0.00610814387745684,False
2023-04-28,1123.8081501731624,1132.4171308869545,1110.3566924453007,1127.770263671875,2239678.0,INDUSINDBK,0.007032236890080368,False
2023-05-01,1123.8081501731624,1132.4171308869545,1110.3566924453007,1127.770263671875,2239678.0,INDUSINDBK,0.0,False
2023-05-02,1133.7866444840795,1136.6237031042706,1125.0310160833917,1125.9114990234375,2000569.0,INDUSINDBK,-0.0016481766795176656,False
2023-05-03,1117.6938738842173,1134.716106438295,1115.5416883720518,1121.2646484375,1816420.0,INDUSINDBK,-0.0041271899167634185,False
2023-05-04,1121.2646040728048,1126.009276095919,1104.486944146214,1109.96533203125,2752160.0,INDUSINDBK,-0.010077296579354189,False
2023-05-05,1106.4434958806814,1129.8734407973757,1042.218878270295,1049.996337890625,8504838.0,INDUSINDBK,-0.054027808265760036,False
2023-05-08,1063.398809198034,1110.0142454631407,1063.398809198034,1101.8944091796875,6764292.0,INDUSINDBK,0.04942690694838259,False
2023-05-09,1110.356573533559,1124.933084594321,1106.5412275026376,1115.8349609375,4181498.0,INDUSINDBK,0.012651440684040338,False
2023-05-10,1129.9224316617615,1150.2708660778294,1125.0309925636586,1147.0914306640625,6466598.0,INDUSINDBK,0.02801173186068806,False
2023-05-11,1149.4882108518143,1173.9454068273849,1143.8630557774331,1161.6678466796875,6086958.0,INDUSINDBK,0.012707283505018152,False
2023-05-12,1166.6082206599744,1187.6414087054163,1150.515433853631,1182.4075927734375,3983609.0,INDUSINDBK,0.01785342183054217,False
2023-05-15,1182.3585998920396,1196.103591118589,1170.032197613866,1193.0709228515625,3323300.0,INDUSINDBK,0.00901832003050096,False
2023-05-16,1193.0708496317309,1199.4785626152843,1182.407489484119,1193.8045654296875,2888698.0,INDUSINDBK,0.0006149195023306131,False
2023-05-17,1190.6251526828528,1220.9031107463052,1187.6413272804602,1209.3104248046875,4661849.0,INDUSINDBK,0.012988607871020186,False
2023-05-18,1220.9032501404808,1220.9032501404808,1203.9788223825908,1212.0008544921875,2489971.0,INDUSINDBK,0.002224763495224602,False
2023-05-19,1216.011759146666,1223.8380616995005,1195.0763759338536,1220.9031982421875,2366675.0,INDUSINDBK,0.007345162932026028,False
2023-05-22,1219.924904547316,1223.8380558048857,1205.7397312386263,1219.0933837890625,2106351.0,INDUSINDBK,-0.0014823570416808707,False
2023-05-23,1218.9466176293097,1239.392856849126,1217.9683298141977,1232.8382568359375,2142459.0,INDUSINDBK,0.01127466790456566,False
2023-05-24,1227.751251754626,1248.1974917036837,1220.5608599410791,1244.1375732421875,2782379.0,INDUSINDBK,0.009165286965744812,False
2023-05-25,1241.398297891408,1244.2843186506384,1222.566257106552,1235.9688720703125,2589092.0,INDUSINDBK,-0.006565753938760688,False
2023-05-26,1229.1697098463555,1244.8223152996798,1228.631723185839,1240.5179443359375,1981580.0,INDUSINDBK,0.003680571872336058,False
2023-05-29,1244.577612589757,1266.8826207854415,1244.3820028101015,1257.05078125,2985334.0,INDUSINDBK,0.013327366193733425,False
2023-05-30,1257.050939352098,1268.0078350483575,1248.6866497916385,1265.1707763671875,1818000.0,INDUSINDBK,0.006459560137350273,False
2023-05-31,1261.0130759261988,1269.2307179930972,1249.518193348904,1258.6651611328125,2764078.0,INDUSINDBK,-0.005142084654417345,False
2023-06-01,1252.2084162140104,1269.81759706702,1224.327213196745,1262.1380615234375,3244947.0,INDUSINDBK,0.0027591932293569155,False
2023-06-02,1268.3194198325446,1278.7535096095298,1257.044566373674,1274.0556640625,1912458.0,INDUSINDBK,0.009442392161660651,False
2023-06-05,1280.781084465939,1292.1053168049325,1268.5667098527465,1287.5064697265625,3040374.0,INDUSINDBK,0.010557470951600978,False
2023-06-06,1287.704197835411,1301.4516016664425,1285.7261575929604,1291.6602783203125,2902701.0,INDUSINDBK,0.0032262428899734186,False
2023-06-07,1295.5668254668883,1298.3361300255556,1288.890939824022,1296.8031005859375,2679118.0,INDUSINDBK,0.003981559510611188,False
2023-06-08,1301.9954423995864,1309.363714469661,1285.726110295915,1289.5338134765625,3215312.0,INDUSINDBK,-0.005605544207976099,False
2023-06-09,1284.7371590253158,1321.7265363257009,1284.1437710886246,1316.435302734375,4233651.0,INDUSINDBK,0.020861406639106628,False
2023-06-12,1322.270414804737,1322.270414804737,1304.1219195612114,1317.81982421875,1904622.0,INDUSINDBK,0.0010517201122601794,False
2023-06-13,1321.3308699719364,1328.1551328924909,1317.7209224162089,1321.578125,3756073.0,INDUSINDBK,0.002851907910459639,False
2023-06-14,1320.3913104699686,1321.5780862779038,1303.726225482771,1308.7208251953125,2858453.0,INDUSINDBK,-0.009728747443279229,False
2023-06-15,1300.5613935760202,1305.456994636269,1274.3523616902678,1282.85791015625,5952095.0,INDUSINDBK,-0.01976198020322839,False
2023-06-16,1282.857924164192,1304.12185592633,1280.3359953931886,1299.5723876953125,3508045.0,INDUSINDBK,0.013029094965806953,False
2023-06-19,1295.616388938107,1302.7867849837571,1276.429373994093,1287.11083984375,2679485.0,INDUSINDBK,-0.009588960160704874,False
2023-06-20,1280.7809843902496,1300.957017865638,1271.0885394596255,1284.1436767578125,2102065.0,INDUSINDBK,-0.002305289485634132,False
2023-06-21,1283.500865123308,1293.143811326315,1270.297470622113,1272.4732666015625,1490552.0,INDUSINDBK,-0.009088087546181178,False
2023-06-22,1272.473233582452,1274.896405259865,1255.1160033054357,1258.725830078125,3185099.0,INDUSINDBK,-0.010803713432937734,False
2023-06-23,1258.7258425358923,1303.5285016980897,1248.1433756775336,1294.33056640625,4636121.0,INDUSINDBK,0.0282863316834574,False
2023-06-26,1300.363706883147,1312.0340719043645,1291.5614036365537,1300.6109619140625,2236596.0,INDUSINDBK,0.004852234561106172,False
2023-06-27,1304.270281186116,1306.4460771546749,1283.1052265056085,1301.5009765625,2638788.0,INDUSINDBK,0.000684305049319045,False
2023-06-28,1310.4516633423427,1332.16060675628,1301.797737263667,1319.40234375,5550351.0,INDUSINDBK,0.013754401656140613,False
2023-06-29,1310.4516633423427,1332.16060675628,1301.797737263667,1319.40234375,5550351.0,INDUSINDBK,0.0,False
2023-06-30,1327.1661099474895,1367.073047245779,1322.3693865592927,1359.5565185546875,4590286.0,INDUSINDBK,0.03043360881909729,False
2023-07-03,1364.7982154769843,1371.7708553553216,1352.583841595846,1365.19384765625,2890340.0,INDUSINDBK,0.004146447039623968,False
2023-07-04,1373.748980188158,1378.6940809087776,1348.3312107761717,1352.336669921875,2262047.0,INDUSINDBK,-0.009417840372228481,False
2023-07-05,1356.2926666898716,1397.5842551555422,1356.2926666898716,1384.18310546875,5288351.0,INDUSINDBK,0.02354919174728498,False
2023-07-06,1379.9302686486512,1381.3642994747634,1358.32020401488,1374.9356689453125,3337234.0,INDUSINDBK,-0.006680789909154328,False
2023-07-07,1369.3478942515133,1378.6445870590276,1338.1442602890631,1342.19921875,2922616.0,INDUSINDBK,-0.023809441368572548,False
2023-07-10,1346.303612932988,1357.3312112087958,1330.380413447603,1351.990478515625,1941110.0,INDUSINDBK,0.007294937762475806,False
2023-07-11,1356.935550019615,1368.4576580998175,1354.9575098592366,1365.7872314453125,2110648.0,INDUSINDBK,0.010204770779772998,False
2023-07-12,1356.8861116247897,1369.5951168096324,1336.1661883068484,1356.3916015625,4921224.0,INDUSINDBK,-0.006879277874687562,False
2023-07-13,1368.8038834021454,1376.221534504397,1351.3971529615285,1361.1884765625,5174896.0,INDUSINDBK,0.0035364971255160693,False
2023-07-14,1361.0894728980595,1368.7543790085251,1351.9905358718286,1361.8807373046875,3885754.0,INDUSINDBK,0.0005085708218275364,False
2023-07-17,1364.847711030205,1389.3259580215074,1354.5618780474574,1375.232421875,4003275.0,INDUSINDBK,0.009803857419069528,False
2023-07-18,1382.6501354649006,1393.7271125786297,1367.3203235194744,1374.9852294921875,4106331.0,INDUSINDBK,-0.00017974589522506967,False
2023-07-19,1414.2987125067311,1427.551605706988,1394.5183109332104,1403.9635009765625,8850582.0,INDUSINDBK,0.021075332929268775,False
2023-07-20,1410.3427181674351,1417.7603692096902,1402.628312791491,1409.5020751953125,4491531.0,INDUSINDBK,0.003944955987030596,False
2023-07-21,1406.436129340061,1414.6449240113056,1385.2215750354048,1391.8974609375,2138540.0,INDUSINDBK,-0.012489952705726282,False
2023-07-24,1393.0348578901535,1423.5956041581308,1389.870041755281,1419.9361572265625,2738185.0,INDUSINDBK,0.02014422547346073,False
2023-07-25,1421.2218786366898,1430.123059504978,1395.9029883128906,1399.908447265625,2982900.0,INDUSINDBK,-0.014104655240314345,False
2023-07-26,1405.842550255609,1414.1998424042702,1395.7050943935576,1412.02392578125,1537232.0,INDUSINDBK,0.00865447918347062,False
2023-07-27,1417.463615067806,1417.463615067806,1389.7216726040167,1400.056884765625,3362598.0,INDUSINDBK,-0.008475097905301987,False
2023-07-28,1399.6611565693277,1406.3370420504002,1382.2544274609734,1386.556640625,1565680.0,INDUSINDBK,-0.009642639729517177,False
2023-07-31,1393.8754346670348,1404.3096448708895,1380.672040659165,1402.1832275390625,1721385.0,INDUSINDBK,0.011270067486762514,False
2023-08-01,1405.150376627097,1407.5734277000363,1374.0951198039263,1379.2874755859375,1578914.0,INDUSINDBK,-0.01632864486141994,False
2023-08-02,1374.7379100678734,1378.8423675424913,1354.0673662668978,1366.083984375,1913777.0,INDUSINDBK,-0.00957268984504378,False
2023-08-03,1361.1389306649571,1365.4411440109782,1339.182732445956,1349.5179443359375,3631489.0,INDUSINDBK,-0.012126662949380584,False
2023-08-04,1355.0070089368764,1399.3645353802167,1351.2981836367646,1394.1226806640625,4063355.0,INDUSINDBK,0.03305234770336729,False
2023-08-07,1394.5183378461184,1402.0843657400053,1383.9852496589417,1399.710693359375,2792582.0,INDUSINDBK,0.0040082646762842344,False
2023-08-08,1399.710766015909,1405.348132573788,1386.903003377044,1388.5347900390625,1846797.0,INDUSINDBK,-0.007984438050901654,False
2023-08-09,1389.5732804114953,1394.9633918193135,1376.716018742207,1392.9853515625,1218020.0,INDUSINDBK,0.003205221471845432,False
2023-08-10,1387.0511529381304,1418.2547845299302,1384.7269799128271,1414.4964599609375,3730443.0,INDUSINDBK,0.015442451260746282,False
2023-08-11,1416.0295184100116,1416.0295184100116,1377.457734776004,1381.9083251953125,3074690.0,INDUSINDBK,-0.02303868244854068,False
2023-08-14,1379.6830228050612,1382.155573025142,1363.9082006929425,1373.6500244140625,1783022.0,INDUSINDBK,-0.005976012033998557,False
2023-08-15,1379.6830228050612,1382.155573025142,1363.9082006929425,1373.6500244140625,1783022.0,INDUSINDBK,0.0,False
2023-08-16,1368.8038537688317,1372.8094335693297,1351.9905116343878,1365.5400390625,2051360.0,INDUSINDBK,-0.005903967682759581,False
2023-08-17,1365.9850904652694,1375.9741690016915,1354.9574925659067,1359.2103271484375,3329471.0,INDUSINDBK,-0.004635317700686481,False
2023-08-18,1353.9684880242585,1361.880648655518,1345.9079502351651,1356.6387939453125,1720129.0,INDUSINDBK,-0.0018919317722665419,False
2023-08-21,1359.902685214926,1384.62818858247,1351.1992597375518,1382.452392578125,1763990.0,INDUSINDBK,0.01902761350185389,False
2023-08-22,1387.5951659233606,1389.177573898159,1378.7928631054324,1385.7655029296875,1224910.0,INDUSINDBK,0.0023965457106149834,False
2023-08-23,1385.7655646639323,1392.540328336902,1376.8643835879154,1385.6171875,1681561.0,INDUSINDBK,-0.00010702779754145908,False
2023-08-24,1392.7876107007648,1419.2438994181414,1386.853489866961,1409.5020751953125,3559546.0,INDUSINDBK,0.01723772475600338,False
2023-08-25,1402.380967760056,1405.8425380242984,1373.7983841621626,1385.7655029296875,1862535.0,INDUSINDBK,-0.016840395401571784,False
2023-08-28,1384.628173356219,1395.75464974926,1378.4962968804966,1393.974365234375,1072295.0,INDUSINDBK,0.005923702305572487,False
2023-08-29,1393.9743035644813,1398.1776389047843,1377.1609622032695,1384.7764892578125,1831565.0,INDUSINDBK,-0.006598310704957644,False
2023-08-30,1389.7216386397945,1395.4085043006414,1371.6225222445787,1377.1610107421875,1500390.0,INDUSINDBK,-0.0054994279399606105,False
2023-08-31,1377.160981309489,1386.507293633824,1348.2816428627425,1363.01806640625,4106180.0,INDUSINDBK,-0.010269637482922533,False
2023-09-01,1366.8257674818935,1407.9689791732662,1361.0894026548788,1400.9964599609375,2792033.0,INDUSINDBK,0.027863455731604425,False
2023-09-04,1408.2162615639452,1411.8262091167924,1399.4634577234756,1406.1888427734375,998692.0,INDUSINDBK,0.0037062069469073755,False
2023-09-05,1409.3537068220478,1414.101051810711,1400.798658420602,1408.117431640625,1469938.0,INDUSINDBK,0.0013715006182126732,False
2023-09-06,1406.1393670706618,1406.1393670706618,1381.1171095387213,1393.1832275390625,4046484.0,INDUSINDBK,-0.010605794492695386,False
2023-09-07,1393.1832106602988,1427.353783232822,1382.6501222780614,1423.7933349609375,2278316.0,INDUSINDBK,0.021971343622866568,False
2023-09-08,1429.1340691562434,1443.9198716143394,1418.3537257342562,1432.9417724609375,2862657.0,INDUSINDBK,0.006425397054026005,False
2023-09-11,1433.1395789736314,1436.057139884569,1416.0294834915512,1434.27685546875,2220230.0,INDUSINDBK,0.0009317077870649726,False
2023-09-12,1434.1780531229742,1437.9363778742663,1409.4525501013038,1413.4581298828125,1943026.0,INDUSINDBK,-0.014515137371531761,False
2023-09-13,1414.19985105541,1443.6231987374545,1400.5019469527929,1439.07373046875,4302942.0,INDUSINDBK,0.018122645478052535,False
2023-09-14,1443.9198112273205,1451.7330939713545,1434.5241205081632,1442.238525390625,2407947.0,INDUSINDBK,0.0021991888635506385,False
2023-09-15,1448.3210147171185,1448.3210147171185,1430.5680320218514,1434.0791015625,1647901.0,INDUSINDBK,-0.0056574718290201,False
2023-09-18,1438.035259878047,1446.689185960532,1429.28245592919,1440.9034423828125,1504046.0,INDUSINDBK,0.004758692050443436,False
2023-09-19,1438.035259878047,1446.689185960532,1429.28245592919,1440.9034423828125,1504046.0,INDUSINDBK,0.0,False
2023-09-20,1425.1779204631528,1459.4474900248676,1406.6832934514282,1424.6339111328125,5683215.0,INDUSINDBK,-0.011291201597169565,False
2023-09-21,1415.2877242921902,1427.7988523601282,1390.9083553496846,1395.8040771484375,2514377.0,INDUSINDBK,-0.02023666133389357,False
2023-09-22,1400.452520328878,1447.43097704895,1397.485459904453,1436.9473876953125,4397398.0,INDUSINDBK,0.029476422386534917,False
2023-09-25,1435.5627397409326,1438.579299473655,1418.3537650806427,1426.9088134765625,2013653.0,INDUSINDBK,-0.006986041593945003,False
2023-09-26,1424.18901412689,1428.0955954222525,1396.1503170572666,1407.4251708984375,2870137.0,INDUSINDBK,-0.01365444126079396,False
2023-09-27,1409.353624735052,1423.1999059605191,1402.7272384405749,1420.6778564453125,3697690.0,INDUSINDBK,0.009416262989253577,False
2023-09-28,1421.2219572613951,1429.48025137784,1393.9744038040851,1397.4854736328125,5876746.0,INDUSINDBK,-0.016324871051717427,False
2023-09-29,1399.5129717096524,1424.1394761596125,1383.935904790584,1413.161376953125,2593595.0,INDUSINDBK,0.011217220941525996,False
2023-10-02,1399.5129717096524,1424.1394761596125,1383.935904790584,1413.161376953125,2593595.0,INDUSINDBK,0.0,False
2023-10-03,1416.2768337611406,1422.6065867731115,1404.408592137444,1419.6395263671875,1442499.0,INDUSINDBK,0.004584154024949161,False
2023-10-04,1409.2052917837711,1412.815239362513,1370.9796400554403,1385.9139404296875,3978667.0,INDUSINDBK,-0.023756443316144238,False
2023-10-05,1393.2325270185138,1399.859033938356,1378.9907345668898,1386.457763671875,1647175.0,INDUSINDBK,0.00039239322610384875,False
2023-10-06,1389.5237948689244,1422.2109587283587,1385.7160914828626,1419.046142578125,2167139.0,INDUSINDBK,0.023504775810799572,False
2023-10-09,1404.5074536099546,1429.1340788376544,1394.518374505947,1412.86474609375,1613546.0,INDUSINDBK,-0.00435602218906328,False
2023-10-10,1418.2547863539737,1420.5789593822658,1396.5458440180269,1404.9525146484375,1874201.0,INDUSINDBK,-0.005600133676764152,False
2023-10-11,1415.2382830200004,1416.1779245657551,1399.0184497437515,1405.5953369140625,1855211.0,INDUSINDBK,0.0004575402078879076,False
2023-10-12,1417.562619061497,1428.1450862981612,1405.3976230122487,1408.6119384765625,2069952.0,INDUSINDBK,0.002146137998097597,False
2023-10-13,1405.5953081488242,1450.200210935661,1404.4085323289935,1447.628662109375,4480890.0,INDUSINDBK,0.027698702933761643,False
2023-10-16,1446.7880088830343,1446.7880088830343,1428.5900151518194,1430.5186767578125,1913782.0,INDUSINDBK,-0.011819319276692886,False
2023-10-17,1438.9254148050022,1442.436363837098,1409.897698064451,1420.23291015625,1373704.0,INDUSINDBK,-0.0071902357995594635,False
2023-10-18,1421.221847058319,1428.1449875798278,1400.056793317994,1404.754638671875,3067244.0,INDUSINDBK,-0.010898403616539265,False
2023-10-19,1435.5626902417057,1448.6177074069528,1407.4251163928996,1434.42529296875,13948984.0,INDUSINDBK,0.02112159197062846,False
2023-10-20,1432.1010610254357,1455.639786977932,1427.25483853757,1452.9693603515625,5135316.0,INDUSINDBK,0.012927872558934572,False
2023-10-23,1452.8705811397538,1453.612346242446,1414.3482950986054,1419.243896484375,3319090.0,INDUSINDBK,-0.02321140747181838,False
2023-10-24,1452.8705811397538,1453.612346242446,1414.3482950986054,1419.243896484375,3319090.0,INDUSINDBK,0.0,False
2023-10-25,1429.0846206111682,1431.0626609155431,1394.5679138838275,1397.188720703125,4045910.0,INDUSINDBK,-0.01554008851888189,False
2023-10-26,1397.1392693689563,1413.6064781912455,1378.347887456072,1399.1173095703125,4194418.0,INDUSINDBK,0.0013803352679635505,False
2023-10-27,1404.4085548308522,1428.6395475022296,1397.1886597428932,1425.4747314453125,2424655.0,INDUSINDBK,0.01883860752397859,False
2023-10-30,1424.1889320960454,1444.859476159271,1412.3206909952448,1438.6781005859375,2255111.0,INDUSINDBK,0.009262436470717228,False
2023-10-31,1440.0132787561413,1443.9693591922846,1420.7768859273924,1425.4747314453125,1454345.0,INDUSINDBK,-0.00917743109820579,False
2023-11-01,1428.0462152173136,1429.7275011761774,1411.4801277455742,1416.8702392578125,2658439.0,INDUSINDBK,-0.006036229192765696,False
2023-11-02,1431.1120907423883,1463.700254882984,1423.298807773401,1445.1561279296875,4524652.0,INDUSINDBK,0.019963640909482105,False
2023-11-03,1454.848583319417,1458.8046637635214,1432.1011207658162,1434.326416015625,3052041.0,INDUSINDBK,-0.007493800638396775,False
2023-11-06,1446.9364157515995,1455.738718845096,1440.0132750063765,1454.1068115234375,2090640.0,INDUSINDBK,0.013790721056898603,False
2023-11-07,1453.4145036086695,1474.084926650494,1448.1726489043854,1470.0794677734375,2830149.0,INDUSINDBK,0.010984513739582757,False
2023-11-08,1477.5465409660442,1479.524581180587,1464.9860338956955,1472.6014404296875,3210977.0,INDUSINDBK,0.0017155349159931887,False
2023-11-09,1472.6014443088334,1499.6512408979547,1468.5464860043378,1490.7994384765625,3207721.0,INDUSINDBK,0.012357721204975247,False
2023-11-10,1483.480660327447,1492.8763513384035,1476.7553960418106,1482.3433837890625,2247500.0,INDUSINDBK,-0.0056721611702116315,False
2023-11-13,1485.5082513500226,1499.3545333199963,1479.7225076728548,1493.0247802734375,2026629.0,INDUSINDBK,0.007205750436226177,False
2023-11-14,1485.5082513500226,1499.3545333199963,1479.7225076728548,1493.0247802734375,2026629.0,INDUSINDBK,0.0,False
2023-11-15,1521.6074019004714,1521.6074019004714,1473.887182763846,1477.5465087890625,6293703.0,INDUSINDBK,-0.01036705598519283,False
2023-11-16,1483.5302214126468,1490.0577302408626,1476.6070803793878,1482.195068359375,2728834.0,INDUSINDBK,0.0031461341776120033,False
2023-11-17,1474.1840297981162,1492.4314032355371,1469.2389290584358,1481.9971923828125,4182376.0,INDUSINDBK,-0.0001335019801284032,False
2023-11-20,1482.4422231978278,1492.8763126118563,1474.332186097598,1488.2774658203125,2125867.0,INDUSINDBK,0.004237709403080769,False
2023-11-21,1488.9698104251074,1490.8983513927096,1477.6949567614422,1485.5577392578125,1661103.0,INDUSINDBK,-0.001827432468045176,False
2023-11-22,1483.5302212433055,1488.9698320545313,1442.9308958966144,1454.2552490234375,3914008.0,INDUSINDBK,-0.021071204038163982,False
2023-11-23,1458.8046161159266,1479.821292788783,1454.3045264657424,1469.78271484375,3832098.0,INDUSINDBK,0.010677263039442053,False
2023-11-24,1475.074011931122,1475.519143423798,1457.8156591028055,1459.991455078125,2813844.0,INDUSINDBK,-0.006661705615898406,False
2023-11-27,1475.074011931122,1475.519143423798,1457.8156591028055,1459.991455078125,2813844.0,INDUSINDBK,0.0,False
2023-11-28,1463.7497110480838,1470.4750958503005,1451.8814701476938,1461.32666015625,4305915.0,INDUSINDBK,0.0009145293785663977,False
2023-11-29,1467.705875024952,1473.1949850463232,1455.0958683493673,1467.2608642578125,3477076.0,INDUSINDBK,0.004060833394313068,False
2023-11-30,1483.5301242909102,1483.5301242909102,1434.1286194440193,1450.0023193359375,45549217.0,INDUSINDBK,-0.011762424352948941,False
2023-12-01,1462.7607979231548,1476.6070799859838,1442.1397519970126,1445.0079345703125,4063279.0,INDUSINDBK,-0.0034443977771789758,False
2023-12-04,1473.6399180110466,1500.887469485059,1457.271587408257,1498.019287109375,4254987.0,INDUSINDBK,0.036685855676512835,False
2023-12-05,1503.1127545834136,1508.750120705065,1470.178337874847,1490.0576171875,3457904.0,INDUSINDBK,-0.005314798007199251,False
2023-12-06,1500.3434824199155,1504.6456956823065,1476.9531330535935,1485.112548828125,3405245.0,INDUSINDBK,-0.0033187094930656746,False
2023-12-07,1488.4752823740448,1498.315984287775,1479.6236005814928,1488.22802734375,1931490.0,INDUSINDBK,0.0020978063366869915,False
2023-12-08,1493.4203553375137,1504.2500771719704,1477.6455329886935,1492.3818359375,2568088.0,INDUSINDBK,0.002791110312015732,False
2023-12-11,1496.1896990618914,1521.0634587159052,1493.4203944093986,1505.1402587890625,2194782.0,INDUSINDBK,0.008549033862736533,False
2023-12-12,1512.1128761276316,1512.1128761276316,1473.590470257308,1480.5631103515625,1621785.0,INDUSINDBK,-0.0163288094209062,False
2023-12-13,1485.5081476200987,1496.041235529182,1478.5850071185405,1490.3543701171875,2562565.0,INDUSINDBK,0.006613199867785413,False
2023-12-14,1506.2776463659832,1537.431780220565,1498.958873314463,1534.6624755859375,3427500.0,INDUSINDBK,0.029729912802728853,False
2023-12-15,1535.8987506777555,1560.673753034078,1530.063628540015,1553.5528564453125,3478643.0,INDUSINDBK,0.012309143645518938,False
2023-12-18,1552.7616237002846,1552.7616237002846,1534.959261135568,1539.261474609375,1352458.0,INDUSINDBK,-0.00919916034825985,False
2023-12-19,1539.2614098378515,1568.6353792715877,1525.26675126459,1549.3494873046875,2297704.0,INDUSINDBK,0.006553800547676625,False
2023-12-20,1560.673786696105,1563.6408471270863,1532.486712601784,1539.063720703125,3218717.0,INDUSINDBK,-0.006638764646610507,False
2023-12-21,1525.1679110385526,1556.7176771807822,1510.7777406538178,1552.7615966796875,2400593.0,INDUSINDBK,0.008900135707379686,False
2023-12-22,1557.014419484357,1573.6298850226235,1540.7944654091484,1545.195556640625,2214206.0,INDUSINDBK,-0.004872634701451384,False
2023-12-25,1557.014419484357,1573.6298850226235,1540.7944654091484,1545.195556640625,2214206.0,INDUSINDBK,0.0,False
2023-12-26,1545.788951901039,1565.3715986151376,1539.9043304651836,1553.5528564453125,1129332.0,INDUSINDBK,0.005408570953217673,False
2023-12-27,1555.8770395613456,1582.432205870104,1550.0912959546322,1579.91015625,1887827.0,INDUSINDBK,0.016965821082518984,False
2023-12-28,1582.432122905409,1600.9267500498702,1574.519962290882,1592.8663330078125,3143161.0,INDUSINDBK,0.008200578182600449,False
2023-12-29,1597.267498017727,1601.1247006419112,1569.624433882731,1581.3936767578125,1779207.0,INDUSINDBK,-0.007202522906197717,False
2024-01-01,1581.3936776710066,1593.7070506426287,1574.3222803742467,1581.2947998046875,1341121.0,INDUSINDBK,-6.252519823379821e-05,False
2024-01-02,1576.5969207182122,1580.7013782882034,1552.761560401989,1558.300048828125,1227193.0,INDUSINDBK,-0.014541723010410679,False
2024-01-03,1558.2011900016018,1587.32778407428,1540.8933380022188,1583.569580078125,2620296.0,INDUSINDBK,0.016216088338701695,False
2024-01-04,1575.5089830952004,1636.8282278860995,1575.5089830952004,1630.4490966796875,4271262.0,INDUSINDBK,0.029603698625765285,False
2024-01-05,1635.8393026599474,1635.8393026599474,1611.1137992944705,1625.1578369140625,2294140.0,INDUSINDBK,-0.0032452774983287025,False
2024-01-08,1615.069862016506,1631.9327034177395,1604.190640655709,1609.234619140625,1791003.0,INDUSINDBK,-0.009797951566152707,False
2024-01-09,1614.0313555526716,1625.8502185638756,1603.2016334031132,1607.256591796875,1619091.0,INDUSINDBK,-0.001229172750960572,False
2024-01-10,1602.2125780611038,1624.7127855616532,1602.2125780611038,1622.141357421875,1629958.0,INDUSINDBK,0.009260976561532797,False
2024-01-11,1625.899568918882,1649.883306695191,1624.5150373425956,1639.64697265625,1914421.0,INDUSINDBK,0.010791670623697902,False
2024-01-12,1639.646930323671,1659.4273321027183,1629.3117186861157,1655.61962890625,2161848.0,INDUSINDBK,0.009741521508208617,False
2024-01-15,1666.3011814928043,1675.8946285664556,1649.7350941345935,1670.306640625,2930339.0,INDUSINDBK,0.00887100603443125,False
2024-01-16,1670.306536972926,1673.1747193492258,1644.7898913620302,1648.7459716796875,1316138.0,INDUSINDBK,-0.0129082100381549,False
2024-01-17,1631.8832183879367,1658.636261260174,1613.9324788396702,1625.8502197265625,6683398.0,INDUSINDBK,-0.013886767486564033,False
2024-01-18,1616.9983726385842,1621.597340273575,1577.585945593975,1595.1905517578125,3557256.0,INDUSINDBK,-0.018857621444308914,False
2024-01-19,1604.8828415254504,1613.8335215749175,1533.178885457314,1543.959228515625,10982524.0,INDUSINDBK,-0.03211611502195355,False
2024-01-22,1604.8828415254504,1613.8335215749175,1533.178885457314,1543.959228515625,10982524.0,INDUSINDBK,0.0,False
2024-01-23,1518.1458634868268,1530.9042470067538,1412.3702113879992,1425.8702392578125,10097057.0,INDUSINDBK,-0.07648452567710884,False
2024-01-24,1443.9198456075003,1479.3763127495938,1426.1669831179663,1474.4805908203125,9155544.0,INDUSINDBK,0.03409170780351123,False
2024-01-25,1473.6399946263227,1526.9975823813645,1472.2553422974531,1495.3984375,8118578.0,INDUSINDBK,0.014186586659679312,False
2024-01-26,1473.6399946263227,1526.9975823813645,1472.2553422974531,1495.3984375,8118578.0,INDUSINDBK,0.0,False
2024-01-29,1506.277685886584,1520.8657330742576,1498.7116576059602,1510.0360107421875,3058020.0,INDUSINDBK,0.00978841014884213,False
2024-01-30,1513.200748757873,1527.4920408708117,1493.469846110184,1503.211669921875,1721705.0,INDUSINDBK,-0.004519323229224437,False
2024-01-31,1502.5192540869923,1531.0030806231398,1490.601634586027,1517.206298828125,3867886.0,INDUSINDBK,0.00930981922657459,False
2024-02-01,1520.8657009753824,1530.5581465163216,1506.8216634576909,1524.2283935546875,2240634.0,INDUSINDBK,0.004628305809161404,False
2024-02-02,1533.9701422581754,1547.668046203909,1512.7557098593668,1516.9095458984375,3554450.0,INDUSINDBK,-0.004801673874596624,False
2024-02-05,1515.920561325764,1532.981158085098,1505.0908395009662,1520.9151611328125,2624023.0,INDUSINDBK,0.0026406421168656546,False
2024-02-06,1532.9812067127525,1533.4262174807673,1487.6346577440554,1494.8050537109375,3312270.0,INDUSINDBK,-0.017167366128711392,False
2024-02-07,1505.684187678572,1505.684187678572,1475.815708948747,1498.7115478515625,4066189.0,INDUSINDBK,0.0026133803407519807,False
2024-02-08,1505.9808845208283,1524.0305016639518,1453.8595726241902,1461.0794677734375,2931291.0,INDUSINDBK,-0.025109621749476396,False
2024-02-09,1463.9970316278122,1475.0246301042623,1446.5903016737273,1469.93115234375,2388841.0,INDUSINDBK,0.006058318363614923,False
2024-02-12,1471.8597017403297,1480.5631271323714,1426.3153974218503,1431.260498046875,2821957.0,INDUSINDBK,-0.026307799678383592,False
2024-02-13,1436.4528070180304,1460.0409120867787,1414.941619998293,1447.8265380859375,4601482.0,INDUSINDBK,0.01157444089435078,False
2024-02-14,1434.128642552031,1478.0905376515434,1420.1833625750046,1465.2332763671875,4208176.0,INDUSINDBK,0.012022668339994658,False
2024-02-15,1474.6289346694246,1476.4585976657058,1444.2660666003533,1460.733154296875,1906763.0,INDUSINDBK,-0.0030712666323480242,False
2024-02-16,1469.6343508174823,1489.958761908833,1454.84854880046,1477.2498779296875,1844045.0,INDUSINDBK,0.011307146404000656,False
2024-02-19,1483.431256415215,1486.2994388208178,1460.782672219237,1467.3101806640625,1209609.0,INDUSINDBK,-0.006728514528330898,False
2024-02-20,1472.650902997353,1491.442284566829,1458.8541211370234,1487.6839599609375,2390096.0,INDUSINDBK,0.01388512092763805,False
2024-02-21,1503.3106257208767,1510.03601102268,1486.0027731221169,1500.5908203125,5259113.0,INDUSINDBK,0.008675807966566529,False
2024-02-22,1500.5907572654644,1503.3105625595688,1447.4309265170584,1472.79931640625,4969478.0,INDUSINDBK,-0.018520374461881928,False
2024-02-23,1481.9971270993608,1488.376379210535,1458.8541532411266,1464.0465087890625,2557861.0,INDUSINDBK,-0.00594297370978214,False
2024-02-26,1464.7387403975238,1469.6838408039976,1447.8265211533817,1450.39794921875,2077787.0,INDUSINDBK,-0.00932249043208433,False
2024-02-27,1450.3979624506974,1480.9092080909957,1442.485801728157,1476.656494140625,2843312.0,INDUSINDBK,0.01810437262133413,False
2024-02-28,1478.5850094416658,1486.9421807682531,1426.6614555983963,1433.287841796875,2661887.0,INDUSINDBK,-0.029369492848090872,False
2024-02-29,1435.068205347936,1467.705869563292,1424.1889839428172,1458.705810546875,4216252.0,INDUSINDBK,0.017734029417380892,False
2024-03-01,1463.7497610207706,1511.9644913246643,1461.6233436408563,1509.8875732421875,3549401.0,INDUSINDBK,0.03508710414756222,False
2024-03-04,1513.1512985070938,1522.052479670656,1503.65672941196,1514.486572265625,2985524.0,INDUSINDBK,0.003045921501004134,False
2024-03-05,1512.8546529689816,1530.0141279306729,1507.2666651366164,1525.5140380859375,2694157.0,INDUSINDBK,0.007281322939572732,False
2024-03-06,1525.513961717055,1547.569157613966,1519.6788398764274,1537.481201171875,5167456.0,INDUSINDBK,0.007844675818881708,False
2024-03-07,1539.3603050854565,1554.2451060635865,1529.074592504284,1546.5802001953125,2285176.0,INDUSINDBK,0.005918120505475022,False
2024-03-08,1539.3603050854565,1554.2451060635865,1529.074592504284,1546.5802001953125,2285176.0,INDUSINDBK,0.0,False
2024-03-11,1548.9043983708616,1551.5253258561556,1519.7283045938057,1524.1295166015625,1694488.0,INDUSINDBK,-0.014516339722256077,False
2024-03-12,1524.1294458130544,1538.8657484523603,1511.7171954906964,1516.21728515625,1918571.0,INDUSINDBK,-0.00519131173507803,False
2024-03-13,1518.1459001183537,1523.684388702428,1478.5850949035432,1486.151123046875,4165036.0,INDUSINDBK,-0.019829718605454794,False
2024-03-14,1455.3925442763025,1490.3543798924904,1453.0682505086854,1460.535400390625,3652530.0,INDUSINDBK,-0.017236283887289483,False
2024-03-15,1457.8156677805837,1473.1454797552096,1440.7055712846477,1468.052001953125,2985042.0,INDUSINDBK,0.005146469959228517,False
2024-03-18,1470.92014656105,1475.2223598583464,1450.2002237180973,1464.4420166015625,2365287.0,INDUSINDBK,-0.0024590309789841447,False
2024-03-19,1459.8432271099011,1466.6673694973767,1415.139444308047,1418.353759765625,3180412.0,INDUSINDBK,-0.03147154773863403,False
2024-03-20,1424.189016373536,1447.9254999797615,1407.0789194820488,1425.7220458984375,5480729.0,INDUSINDBK,0.005194956534701145,False
2024-03-21,1443.969327540703,1470.573992036595,1442.9803074533463,1467.8046875,3870591.0,INDUSINDBK,0.029516722226907488,False
2024-03-22,1461.5244971330308,1503.6567305257677,1456.8266515154487,1495.497314453125,5309042.0,INDUSINDBK,0.018866697448890024,False
2024-03-25,1461.5244971330308,1503.6567305257677,1456.8266515154487,1495.497314453125,5309042.0,INDUSINDBK,0.0,False
2024-03-26,1495.4972717477222,1506.8710029181327,1485.705948594153,1502.0247802734375,9046136.0,INDUSINDBK,0.004364745932492253,False
2024-03-27,1502.3215015360377,1526.0084841602943,1497.8214118799935,1516.7117919921875,8408702.0,INDUSINDBK,0.009778142086361852,False
2024-03-28,1517.898625046533,1547.3219735366026,1516.7612277656235,1535.9482421875,3964429.0,INDUSINDBK,0.012682996398442725,False
2024-03-29,1517.898625046533,1547.3219735366026,1516.7612277656235,1535.9482421875,3964429.0,INDUSINDBK,0.0,False
2024-04-01,1535.948188339357,1555.4813349714898,1522.101907182402,1525.464599609375,2159432.0,INDUSINDBK,-0.00682551813282084,False
2024-04-02,1526.0085011660883,1553.7010637149892,1520.1238799164437,1542.2779541015625,2335256.0,INDUSINDBK,0.011021792637136762,False
2024-04-03,1536.9372682917333,1539.8054507891134,1521.162445651136,1525.7119140625,3711781.0,INDUSINDBK,-0.010741280451429969,False
2024-04-04,1531.0526344209463,1533.42618610846,1494.6071466681567,1527.4920654296875,6077155.0,INDUSINDBK,0.0011667676910560587,False
2024-04-05,1534.9592262044478,1539.2614395803491,1511.3216211909962,1535.3548583984375,3286862.0,INDUSINDBK,0.005147518043923993,False
2024-04-08,1542.8713450415294,1559.0417994156778,1532.9811441117758,1551.129638671875,2372626.0,INDUSINDBK,0.010274354613950543,False
2024-04-09,1557.6078554480334,1557.6078554480334,1524.0800482801662,1537.8768310546875,1176425.0,INDUSINDBK,-0.008543971623503399,False
2024-04-10,1547.668045628996,1547.668045628996,1531.0030814529769,1535.7998046875,2528578.0,INDUSINDBK,-0.0013505804400233412,False
2024-04-11,1547.668045628996,1547.668045628996,1531.0030814529769,1535.7998046875,2528578.0,INDUSINDBK,0.0,False
2024-04-12,1529.025145314792,1545.541733456659,1525.0690647318302,1538.5692138671875,1749128.0,INDUSINDBK,0.001803235793646385,False
2024-04-15,1527.9865444615816,1540.7944271045403,1513.2007423625198,1522.9920654296875,1528341.0,INDUSINDBK,-0.01012443788495343,False
2024-04-16,1513.2007509172774,1517.9480956827404,1471.6124074775212,1474.5794677734375,3981325.0,INDUSINDBK,-0.03178782001243796,False
2024-04-17,1513.2007509172774,1517.9480956827404,1471.6124074775212,1474.5794677734375,3981325.0,INDUSINDBK,0.0,False
2024-04-18,1486.2994995468746,1491.7884888299736,1452.0299278988914,1458.2113037109375,3856849.0,INDUSINDBK,-0.011100225128738095,False
2024-04-19,1449.903522243804,1473.887260589242,1428.5407114099492,1465.77734375,4311650.0,INDUSINDBK,0.005188575907900228,False
2024-04-22,1477.5960535969225,1484.519194410295,1453.8100715104094,1461.2772216796875,2887202.0,INDUSINDBK,-0.0030701266392885174,False
2024-04-23,1466.519096029314,1469.486156417237,1454.947488078417,1458.3101806640625,1206443.0,INDUSINDBK,-0.0020304436226101785,False
2024-04-24,1460.7826691532428,1466.9640446997612,1446.6891329071807,1458.45849609375,2964953.0,INDUSINDBK,0.0001017036235870794,False
2024-04-25,1459.8431927151078,1483.035666178282,1454.4035820689053,1479.6729736328125,3697957.0,INDUSINDBK,0.014545821904347722,False
2024-04-26,1494.9038602203798,1502.321510866528,1427.452738636736,1430.5186767578125,6135488.0,INDUSINDBK,-0.03321970310393585,False
2024-04-29,1442.7330927384724,1474.628991446829,1434.1780445978288,1470.920166015625,5463640.0,INDUSINDBK,0.028242545808196073,False
2024-04-30,1481.3543757922323,1520.123915988691,1472.650950492622,1499.0577392578125,6293171.0,INDUSINDBK,0.019129232090416837,False
2024-05-01,1481.3543757922323,1520.123915988691,1472.650950492622,1499.0577392578125,6293171.0,INDUSINDBK,0.0,False
2024-05-02,1491.4422781441745,1504.596293478158,1483.579616813328,1488.6729736328125,2554549.0,INDUSINDBK,-0.006927528775603764,False
2024-05-03,1500.541230595524,1501.2829956622031,1456.8760902543363,1467.4090576171875,2119368.0,INDUSINDBK,-0.014283806042192482,False
2024-05-06,1479.2773326945426,1493.4203685830553,1465.7773047545916,1481.0576171875,2600170.0,INDUSINDBK,0.009301128066140807,False
2024-05-07,1481.0576015459746,1486.1510792131496,1432.1011065366083,1436.6011962890625,1884596.0,INDUSINDBK,-0.030016672128434396,False
2024-05-08,1439.0242503148015,1439.0242503148015,1415.6834000227047,1426.6614990234375,5278612.0,INDUSINDBK,-0.006918898084799507,False
2024-05-09,1429.6285163210744,1440.6066149915164,1378.1499732006373,1386.0621337890625,3272042.0,INDUSINDBK,-0.028457602074609567,False
2024-05-10,1386.6062099131498,1408.8591626400014,1380.2270784234504,1394.666748046875,1575172.0,INDUSINDBK,0.006207957095177408,False
2024-05-13,1399.8096410490964,1402.183313548131,1362.127997590664,1389.1282958984375,3624862.0,INDUSINDBK,-0.003971165266680177,False
2024-05-14,1391.5513014018245,1413.655876819671,1387.3974652120255,1405.3975830078125,1279355.0,INDUSINDBK,0.011711867908394069,False
2024-05-15,1405.3976079352335,1414.1504119596966,1391.9469582825566,1401.5404052734375,2516309.0,INDUSINDBK,-0.002744545586964686,False
2024-05-16,1404.6063366590608,1409.3536815626387,1370.4357636949608,1393.2821044921875,5666243.0,INDUSINDBK,-0.005892303033274926,False
2024-05-17,1392.540315961034,1401.540374823022,1379.6830545210528,1396.842529296875,3673405.0,INDUSINDBK,0.0025554227627040405,False
2024-05-20,1392.540315961034,1401.540374823022,1379.6830545210528,1396.842529296875,3673405.0,INDUSINDBK,0.0,False
2024-05-21,1404.4085339689611,1405.249176903155,1384.6281320820742,1391.0567626953125,3010012.0,INDUSINDBK,-0.004142032104703208,False
2024-05-22,1393.5293835881262,1397.6338413337644,1376.5676639641022,1389.5238037109375,6739695.0,INDUSINDBK,-0.0011020103747634291,False
2024-05-23,1393.084265253097,1435.0681188531178,1391.155603682255,1425.029541015625,6444146.0,INDUSINDBK,0.025552449846389047,False
2024-05-24,1425.1779739038095,1432.8428797315369,1412.1723353533455,1425.96923828125,2155290.0,INDUSINDBK,0.0006594230074383756,False
2024-05-27,1431.9527091592345,1459.398016580045,1423.496659851358,1449.0133056640625,3253683.0,INDUSINDBK,0.01616028366122957,False
2024-05-28,1456.6288084044006,1462.562928828541,1433.1889602910514,1443.326416015625,2381333.0,INDUSINDBK,-0.00392466351151366,False
2024-05-29,1437.0462787133786,1455.491528666677,1423.4472516436545,1444.2166748046875,4383563.0,INDUSINDBK,0.000616810431226078,False
2024-05-30,1441.9912832957566,1461.4749306696906,1423.3482788477047,1430.914306640625,3415942.0,INDUSINDBK,-0.009210784223815605,False
2024-05-31,1440.0133285736056,1453.7607327107955,1430.6671365118818,1445.799072265625,3546505.0,INDUSINDBK,0.010402276052396964,False
2024-06-03,1498.316005738141,1518.0470298761302,1479.9697546656214,1512.904052734375,8265525.0,INDUSINDBK,0.0464137664465325,False
2024-06-04,1493.3708152394477,1505.189677583863,1348.5783727188311,1376.221435546875,7911282.0,INDUSINDBK,-0.09034453767273887,False
2024-06-05,1385.1227020778344,1499.1567721831673,1357.2817610710774,1484.4697265625,11014467.0,INDUSINDBK,0.0786561582457912,False
2024-06-06,1483.5301505270138,1493.2225958024542,1454.7496897527883,1464.837646484375,3279775.0,INDUSINDBK,-0.013224978405983356,False
2024-06-07,1452.4255672094614,1481.9477940863665,1447.3814679381337,1475.7169189453125,3964791.0,INDUSINDBK,0.007426947612281687,False
2024-06-10,1482.0466511360462,1489.2665463104556,1463.8486567658877,1469.5355224609375,2416022.0,INDUSINDBK,-0.004188741353452041,False
2024-06-11,1468.694911348298,1474.6290322022303,1459.0024656615424,1464.788330078125,1737873.0,INDUSINDBK,-0.0032304032874704847,False
2024-06-12,1474.6290108640728,1475.8652860240863,1456.8266485598788,1467.953125,5419536.0,INDUSINDBK,0.002160581742009171,False
2024-06-13,1479.574085280519,1493.420366827262,1464.9365393533933,1490.7005615234375,2446832.0,INDUSINDBK,0.015496023773536649,False
2024-06-14,1493.914908333307,1499.255641188343,1479.5246171308486,1485.8543701171875,2706742.0,INDUSINDBK,-0.0032509489372549716,False
2024-06-17,1493.914908333307,1499.255641188343,1479.5246171308486,1485.8543701171875,2706742.0,INDUSINDBK,0.0,False
2024-06-18,1497.3765046183769,1499.8985542886965,1482.6400802617998,1491.343505859375,2811967.0,INDUSINDBK,0.003694262272657678,False
2024-06-19,1499.5522905263774,1532.981219607231,1496.6347294004145,1511.4205322265625,11002582.0,INDUSINDBK,0.01346237556157015,False
2024-06-20,1519.13487880895,1523.832724300058,1496.3874164309511,1511.0743408203125,3589441.0,INDUSINDBK,-0.00022905035287568154,False
2024-06-21,1506.2776224893614,1520.9151683603757,1494.6566362357505,1510.382080078125,5249389.0,INDUSINDBK,-0.00045812487412877356,False
2024-06-24,1490.6017319181617,1492.3325171675403,1461.9695263547248,1474.03564453125,4609137.0,INDUSINDBK,-0.024064398026355627,False
2024-06-25,1478.3377639646458,1485.6565366995974,1465.925513673816,1479.1290283203125,3309896.0,INDUSINDBK,0.0034554006939786497,False
2024-06-26,1481.552124935324,1504.2995874677088,1465.282792416116,1481.4532470703125,5605220.0,INDUSINDBK,0.0015713428007286812,False
2024-06-27,1477.5960738645815,1488.4257959934782,1468.6948926967227,1486.25,5166134.0,INDUSINDBK,0.0032378699356010454,False
2024-06-28,1491.0,1491.0,1460.5,1464.5,6425323.0,INDUSINDBK,-0.014634146341463428,False
2024-07-01,1468.949951171875,1469.0,1452.949951171875,1456.9000244140625,3166439.0,INDUSINDBK,-0.005189467795109204,False
2024-07-02,1457.4000244140625,1460.449951171875,1420.6500244140625,1429.449951171875,4644571.0,INDUSINDBK,-0.018841425480260687,False
2024-07-03,1438.9000244140625,1458.0,1421.9000244140625,1455.5,5907225.0,INDUSINDBK,0.018223827148875715,False
2024-07-04,1455.449951171875,1457.8499755859375,1436.199951171875,1442.8499755859375,3010077.0,INDUSINDBK,-0.008691188192416655,False
2024-07-05,1437.0,1449.699951171875,1426.0,1434.25,4216309.0,INDUSINDBK,-0.005960408726794375,False
2024-07-08,1428.0,1441.699951171875,1422.800048828125,1438.050048828125,2772277.0,INDUSINDBK,0.002649502407617188,False
2024-07-09,1441.0,1449.5999755859375,1426.0,1434.25,3126274.0,INDUSINDBK,-0.0026425010946049543,False
2024-07-10,1433.5,1433.5,1415.050048828125,1425.949951171875,3979121.0,INDUSINDBK,-0.005787030732525733,False
2024-07-11,1427.949951171875,1435.8499755859375,1415.699951171875,1429.75,2416195.0,INDUSINDBK,0.002664924407060676,False
2024-07-12,1432.0,1450.949951171875,1427.3499755859375,1434.550048828125,3340305.0,INDUSINDBK,0.0033572644365273963,False
2024-07-15,1438.5,1449.0,1433.0,1444.050048828125,4284427.0,INDUSINDBK,0.006622285508798065,False
2024-07-16,1445.050048828125,1450.0,1435.75,1445.9000244140625,2284985.0,INDUSINDBK,0.0012811021248457788,False
2024-07-17,1445.050048828125,1450.0,1435.75,1445.9000244140625,2284985.0,INDUSINDBK,0.0,False
2024-07-18,1440.699951171875,1460.8499755859375,1438.0,1456.9000244140625,3634938.0,INDUSINDBK,0.007607718247641504,False
2024-07-19,1451.550048828125,1452.0,1429.0,1432.449951171875,2981749.0,INDUSINDBK,-0.01678225879090145,False
2024-07-22,1428.0,1429.949951171875,1409.5999755859375,1423.4000244140625,2883674.0,INDUSINDBK,-0.006317796129916342,False
2024-07-23,1422.5,1427.0,1395.6500244140625,1413.199951171875,3054925.0,INDUSINDBK,-0.0071659920382439735,False
2024-07-24,1409.800048828125,1412.5,1386.4000244140625,1396.6500244140625,5553500.0,INDUSINDBK,-0.01171095905012498,False
2024-07-25,1389.0,1396.550048828125,1374.0,1379.0999755859375,3631639.0,INDUSINDBK,-0.01256581714913707,False
2024-07-26,1365.0,1409.0,1359.050048828125,1403.9000244140625,3607419.0,INDUSINDBK,0.017982778092348495,False
2024-07-29,1415.0,1444.949951171875,1406.449951171875,1411.5,5955870.0,INDUSINDBK,0.005413473505073485,False
2024-07-30,1411.5,1432.699951171875,1407.199951171875,1429.699951171875,2158067.0,INDUSINDBK,0.012894049714399669,False
2024-07-31,1435.0,1435.0,1414.050048828125,1427.800048828125,3926481.0,INDUSINDBK,-0.0013288818693689697,False
2024-08-01,1432.0,1440.0,1416.800048828125,1419.8499755859375,4074181.0,INDUSINDBK,-0.005568057830445228,False
2024-08-02,1413.949951171875,1413.949951171875,1392.699951171875,1404.300048828125,3268026.0,INDUSINDBK,-0.010951809715949334,False
2024-08-05,1388.0,1396.199951171875,1369.0,1389.449951171875,3532894.0,INDUSINDBK,-0.01057473270661935,False
2024-08-06,1395.0,1407.300048828125,1376.25,1381.0,2425599.0,INDUSINDBK,-0.006081508128269242,False
2024-08-07,1391.0,1399.5,1329.199951171875,1345.1500244140625,8728852.0,INDUSINDBK,-0.025959431995610016,False
2024-08-08,1347.949951171875,1355.800048828125,1334.0,1347.300048828125,3669342.0,INDUSINDBK,0.001598352878890985,False
2024-08-09,1367.0,1367.0,1338.050048828125,1349.800048828125,5082087.0,INDUSINDBK,0.0018555629105592164,False
2024-08-12,1349.800048828125,1357.5999755859375,1336.6500244140625,1350.8499755859375,4436342.0,INDUSINDBK,0.0007778387315395818,False
2024-08-13,1355.0,1371.6500244140625,1343.5,1350.5999755859375,3905817.0,INDUSINDBK,-0.00018506866381784448,False
2024-08-14,1356.949951171875,1356.949951171875,1335.949951171875,1338.0999755859375,4868357.0,INDUSINDBK,-0.009255146028399053,False
2024-08-15,1356.949951171875,1356.949951171875,1335.949951171875,1338.0999755859375,4868357.0,INDUSINDBK,0.0,False
2024-08-16,1347.0999755859375,1367.9000244140625,1338.550048828125,1364.1500244140625,5456176.0,INDUSINDBK,0.01946793909529676,False
2024-08-19,1370.050048828125,1375.800048828125,1345.550048828125,1347.5999755859375,5895105.0,INDUSINDBK,-0.012132132486845526,False
2024-08-20,1363.9000244140625,1391.6500244140625,1357.199951171875,1381.300048828125,5507239.0,INDUSINDBK,0.02500747540273185,False
2024-08-21,1380.0,1387.3499755859375,1366.4000244140625,1384.0,5441231.0,INDUSINDBK,0.0019546449550664757,False
2024-08-22,1384.050048828125,1395.949951171875,1379.5999755859375,1381.9000244140625,3510879.0,INDUSINDBK,-0.0015173234002439084,False
2024-08-23,1382.0,1390.300048828125,1373.800048828125,1388.550048828125,2252945.0,INDUSINDBK,0.004812232648220727,False
2024-08-26,1395.300048828125,1395.550048828125,1379.800048828125,1384.5,2541300.0,INDUSINDBK,-0.0029167467399127123,False
2024-08-27,1385.9000244140625,1387.1500244140625,1377.550048828125,1383.199951171875,1167406.0,INDUSINDBK,-0.0009390024038461453,False
2024-08-28,1389.050048828125,1421.949951171875,1382.550048828125,1415.75,6532773.0,INDUSINDBK,0.0235324247955242,False
2024-08-29,1414.199951171875,1423.050048828125,1405.25,1417.449951171875,3316387.0,INDUSINDBK,0.0012007424841073977,False
2024-08-30,1422.1500244140625,1430.0,1415.550048828125,1425.25,2792988.0,INDUSINDBK,0.005502874243761724,False
2024-09-02,1425.25,1451.25,1425.25,1449.050048828125,4024426.0,INDUSINDBK,0.016698859026925028,False
2024-09-03,1450.0,1451.9000244140625,1433.9000244140625,1436.699951171875,2351018.0,INDUSINDBK,-0.008522892405433358,False
2024-09-04,1417.0,1439.25,1417.0,1434.4000244140625,2919356.0,INDUSINDBK,-0.0016008400055533833,False
2024-09-05,1443.0,1444.0,1418.9000244140625,1422.9000244140625,3427784.0,INDUSINDBK,-0.008017289322549748,False
2024-09-06,1426.449951171875,1438.199951171875,1401.5,1409.3499755859375,2608515.0,INDUSINDBK,-0.00952283969051504,False
2024-09-09,1409.3499755859375,1431.0,1400.0999755859375,1428.0999755859375,1802343.0,INDUSINDBK,0.013304005623021142,False
2024-09-10,1428.9000244140625,1438.5,1420.5999755859375,1435.550048828125,2414043.0,INDUSINDBK,0.005216772893740007,False
2024-09-11,1435.4000244140625,1438.949951171875,1417.800048828125,1421.199951171875,2622902.0,INDUSINDBK,-0.009996236402878722,False
2024-09-12,1425.1500244140625,1446.5,1420.1500244140625,1443.3499755859375,2437399.0,INDUSINDBK,0.015585438485132386,False
2024-09-13,1450.0,1470.949951171875,1442.3499755859375,1464.050048828125,2999055.0,INDUSINDBK,0.014341686765044104,False
2024-09-16,1469.949951171875,1473.949951171875,1461.0999755859375,1470.199951171875,1495683.0,INDUSINDBK,0.0042006093635067465,False
2024-09-17,1478.0,1483.5,1462.25,1466.3499755859375,1866702.0,INDUSINDBK,-0.0026186748155370143,False
2024-09-18,1470.0,1488.75,1461.1500244140625,1480.25,3966006.0,INDUSINDBK,0.009479336205879596,False
2024-09-19,1494.949951171875,1498.0,1474.9000244140625,1484.75,3861906.0,INDUSINDBK,0.0030400270224624215,False
2024-09-20,1488.0,1491.949951171875,1473.199951171875,1480.199951171875,5335400.0,INDUSINDBK,-0.003064521857635949,False
2024-09-23,1490.199951171875,1490.8499755859375,1453.050048828125,1465.0999755859375,4610747.0,INDUSINDBK,-0.010201307988142339,False
2024-09-24,1470.0999755859375,1474.0999755859375,1446.0,1448.300048828125,3893140.0,INDUSINDBK,-0.0114667442753138,False
2024-09-25,1450.0,1456.0,1432.25,1439.5,3012173.0,INDUSINDBK,-0.006076122717281862,False
2024-09-26,1445.0,1457.300048828125,1437.300048828125,1452.699951171875,3388674.0,INDUSINDBK,0.009169816722386148,False
2024-09-27,1457.0,1481.0,1454.0,1462.699951171875,4708951.0,INDUSINDBK,0.006883733968555017,False
2024-09-30,1467.0,1474.800048828125,1437.0,1447.5999755859375,2888962.0,INDUSINDBK,-0.010323358234776592,False
2024-10-01,1450.0,1450.300048828125,1404.6500244140625,1409.699951171875,3377999.0,INDUSINDBK,-0.026181282849719545,False
2024-10-02,1450.0,1450.300048828125,1404.6500244140625,1409.699951171875,3377999.0,INDUSINDBK,0.0,False
2024-10-03,1404.0,1412.699951171875,1382.050048828125,1387.75,2081630.0,INDUSINDBK,-0.015570654701114295,False
2024-10-04,1384.050048828125,1410.949951171875,1380.8499755859375,1382.8499755859375,2178195.0,INDUSINDBK,-0.003530912926724916,False
2024-10-07,1388.0,1394.050048828125,1338.199951171875,1350.8499755859375,3878973.0,INDUSINDBK,-0.023140615804285725,False
2024-10-08,1357.8499755859375,1371.0,1343.550048828125,1359.550048828125,2429248.0,INDUSINDBK,0.0064404437201945886,False
2024-10-09,1369.0,1371.5,1335.550048828125,1341.550048828125,5269772.0,INDUSINDBK,-0.013239674416925862,False
2024-10-10,1350.0,1362.0,1344.300048828125,1356.4000244140625,1673393.0,INDUSINDBK,0.011069266926649002,False
2024-10-11,1360.0999755859375,1371.300048828125,1339.0,1347.5999755859375,2755874.0,INDUSINDBK,-0.006487797603753731,False
2024-10-14,1354.5999755859375,1371.5,1348.300048828125,1370.449951171875,1381439.0,INDUSINDBK,0.016956052240949537,False
2024-10-15,1371.0,1374.449951171875,1349.449951171875,1360.9000244140625,2775029.0,INDUSINDBK,-0.006968460796139553,False
2024-10-16,1355.0,1358.3499755859375,1341.0999755859375,1346.300048828125,2126519.0,INDUSINDBK,-0.01072817644501367,False
2024-10-17,1348.0,1354.25,1337.0,1347.3499755859375,1353852.0,INDUSINDBK,0.0007798608926192774,False
2024-10-18,1345.0,1354.949951171875,1331.0,1347.25,3676670.0,INDUSINDBK,-7.420164600813184e-05,False
2024-10-21,1352.050048828125,1353.949951171875,1299.5999755859375,1308.25,5862686.0,INDUSINDBK,-0.02894785674522171,False
2024-10-22,1309.0999755859375,1312.199951171875,1271.25,1274.3499755859375,4183194.0,INDUSINDBK,-0.025912497163434023,False
2024-10-23,1274.3499755859375,1284.9000244140625,1266.5,1274.300048828125,4860497.0,INDUSINDBK,-3.917821537957611e-05,False
2024-10-24,1276.0,1285.949951171875,1258.1500244140625,1280.050048828125,2441333.0,INDUSINDBK,0.004512281079552594,False
2024-10-25,1163.0,1166.75,1025.5,1041.5999755859375,56935420.0,INDUSINDBK,-0.1862818359801529,False
2024-10-28,1051.4000244140625,1084.6500244140625,1031.0,1054.800048828125,11099823.0,INDUSINDBK,0.012672881673947867,False
2024-10-29,1058.800048828125,1058.800048828125,1018.0999755859376,1038.1500244140625,7951124.0,INDUSINDBK,-0.015785005350123504,False
2024-10-30,1037.6500244140625,1069.4000244140625,1030.25,1056.4000244140625,8907271.0,INDUSINDBK,0.017579347465025874,False
2024-10-31,1054.0,1066.9000244140625,1044.0,1055.5999755859375,4509824.0,INDUSINDBK,-0.0007573351094617431,False
2024-11-01,1061.449951171875,1069.9000244140625,1058.550048828125,1062.5,441083.0,INDUSINDBK,0.0065365901607117305,False
2024-11-04,1067.0,1070.5,1054.0999755859375,1063.800048828125,5143749.0,INDUSINDBK,0.0012235753676470562,False
2024-11-05,1063.699951171875,1092.4000244140625,1062.0,1090.0999755859375,4840541.0,INDUSINDBK,0.024722622251037052,False
2024-11-06,1092.300048828125,1098.5999755859375,1068.25,1077.6500244140625,7153974.0,INDUSINDBK,-0.011420926016609712,False
2024-11-07,1086.0,1086.0,1051.0,1056.800048828125,4901367.0,INDUSINDBK,-0.019347631525618914,False
2024-11-08,1061.449951171875,1061.449951171875,1048.050048828125,1053.800048828125,2107903.0,INDUSINDBK,-0.0028387583851142706,False
2024-11-11,1053.0,1067.5,1040.0,1060.800048828125,4918839.0,INDUSINDBK,0.006642626376592409,False
2024-11-12,1061.300048828125,1065.449951171875,1051.550048828125,1059.550048828125,2186055.0,INDUSINDBK,-0.0011783559035285496,False
2024-11-13,1053.800048828125,1067.800048828125,1032.199951171875,1036.699951171875,4850346.0,INDUSINDBK,-0.021565850222481253,False
2024-11-14,1043.0,1045.0,1015.0,1017.1500244140624,2612235.0,INDUSINDBK,-0.018857844775350463,False
2024-11-15,1043.0,1045.0,1015.0,1017.1500244140624,2612235.0,INDUSINDBK,0.0,False
2024-11-18,1015.5,1017.9500122070312,1000.0499877929688,1004.5999755859376,5427908.0,INDUSINDBK,-0.012338444208713772,False
2024-11-19,1010.5,1032.0,998.0999755859376,1000.2000122070312,5718490.0,INDUSINDBK,-0.004379816330714159,False
2024-11-20,1010.5,1032.0,998.0999755859376,1000.2000122070312,5718490.0,INDUSINDBK,0.0,False
2024-11-21,1000.4000244140624,1003.0,966.4000244140624,981.4500122070312,6606440.0,INDUSINDBK,-0.018746250521059715,False
2024-11-22,986.0,1002.4500122070312,981.4000244140624,998.2000122070312,4026863.0,INDUSINDBK,0.01706658494234814,False
2024-11-25,1020.0,1022.0499877929688,997.0499877929688,1003.5,6491357.0,INDUSINDBK,0.0053095449089910485,False
2024-11-26,1011.7000122070312,1017.7000122070312,998.0999755859376,1009.5999755859376,2390208.0,INDUSINDBK,0.006078700135463411,False
2024-11-27,1012.0,1012.0,994.5,1001.9500122070312,4798242.0,INDUSINDBK,-0.007577222230484515,False
2024-11-28,1005.9500122070312,1013.4000244140624,991.3499755859376,993.5999755859376,4822835.0,INDUSINDBK,-0.008333785637369973,False
2024-11-29,998.0999755859376,999.5,987.2999877929688,995.8499755859376,4815934.0,INDUSINDBK,0.002264492809264773,False
2024-12-02,990.0499877929688,993.1500244140624,979.0,990.9500122070312,4969967.0,INDUSINDBK,-0.004920383088851676,False
2024-12-03,993.0,1011.5,991.4000244140624,998.3499755859376,4665094.0,INDUSINDBK,0.007467544566072792,False
2024-12-04,1005.0,1005.9500122070312,990.5,998.8499755859376,4256690.0,INDUSINDBK,0.0005008263757471099,False
2024-12-05,1006.0,1006.0,990.5499877929688,998.2000122070312,5254145.0,INDUSINDBK,-0.0006507117132631413,False
2024-12-06,1000.0,1003.0499877929688,986.2999877929688,990.3499755859376,6258019.0,INDUSINDBK,-0.007864192070822673,False
2024-12-09,992.7999877929688,994.0,977.7999877929688,982.5999755859376,3565285.0,INDUSINDBK,-0.007825516424549539,False
2024-12-10,983.0,988.4000244140624,979.0999755859376,984.2999877929688,3843321.0,INDUSINDBK,0.0017301162724101538,False
2024-12-11,985.5,999.9000244140624,981.25,984.8499755859376,4679888.0,INDUSINDBK,0.0005587603370817984,False
2024-12-12,986.0,1005.5,986.0,997.9500122070312,5771673.0,INDUSINDBK,0.013301555511842977,False
2024-12-13,991.0,997.6500244140624,965.5499877929688,986.6500244140624,5674567.0,INDUSINDBK,-0.01132320021518729,False
2024-12-16,987.9000244140624,1007.9500122070312,985.5499877929688,999.3499755859376,3058066.0,INDUSINDBK,0.01287178924403043,False
2024-12-17,1002.0,1002.0,972.0,975.6500244140624,3294161.0,INDUSINDBK,-0.023715366739244126,False
2024-12-18,976.7999877929688,979.2999877929688,960.5,965.2000122070312,2958191.0,INDUSINDBK,-0.010710820422832446,False
2024-12-19,959.0,966.8499755859376,948.0,964.4000244140624,3665813.0,INDUSINDBK,-0.0008288311053162856,False
2024-12-20,960.0,966.8499755859376,926.4500122070312,929.4500122070312,4466131.0,INDUSINDBK,-0.03624016105584982,False
2024-12-23,938.9500122070312,948.7999877929688,930.0499877929688,945.7000122070312,2502370.0,INDUSINDBK,0.017483457729387197,False
2024-12-24,941.0,946.0,929.7999877929688,935.2999877929688,5603093.0,INDUSINDBK,-0.010997170645891563,False
2024-12-25,941.0,946.0,929.7999877929688,935.2999877929688,5603093.0,INDUSINDBK,0.0,False
2024-12-26,940.0,945.0,928.25,931.9500122070312,5262262.0,INDUSINDBK,-0.003581712423457284,False
2024-12-27,933.0499877929688,971.0999755859376,933.0499877929688,953.4000244140624,6300341.0,INDUSINDBK,0.02301626903382248,False
2024-12-30,953.2999877929688,973.5,948.8499755859376,963.5,8165774.0,INDUSINDBK,0.010593638900046054,False
2024-12-31,958.0,961.4500122070312,949.0499877929688,960.1500244140624,2295670.0,INDUSINDBK,-0.003476881770563156,False
2025-01-01,958.5999755859376,979.2999877929688,953.5,969.4000244140624,4024591.0,INDUSINDBK,0.009633911123050565,False
2025-01-02,975.5,998.0,968.7999877929688,991.3499755859376,3956740.0,INDUSINDBK,0.022642820939830832,False
2025-01-03,993.0,1025.4000244140625,990.6500244140624,997.9000244140624,5896120.0,INDUSINDBK,0.0066072012805098446,False
2025-01-06,1004.9500122070312,1004.9500122070312,963.2000122070312,970.0499877929688,3370654.0,INDUSINDBK,-0.027908644092324186,False
2025-01-07,970.1500244140624,994.5499877929688,970.1500244140624,983.5999755859376,3581533.0,INDUSINDBK,0.013968339738653412,False
2025-01-08,985.9000244140624,986.0,967.0999755859376,981.0499877929688,3781895.0,INDUSINDBK,-0.0025925049372330644,False
2025-01-09,981.0499877929688,985.3499755859376,970.4000244140624,980.9000244140624,3134034.0,INDUSINDBK,-0.0001528600792746193,False
2025-01-10,971.75,975.0,933.0499877929688,937.5999755859376,5611356.0,INDUSINDBK,-0.044143182536864445,False
2025-01-13,936.9000244140624,973.5,934.5,941.7000122070312,8752532.0,INDUSINDBK,0.004372906066397286,False
2025-01-14,945.0999755859376,979.2999877929688,945.0999755859376,962.0999755859376,5735697.0,INDUSINDBK,0.021662910814979952,False
2025-01-15,971.25,983.0,954.6500244140624,962.4500122070312,3633812.0,INDUSINDBK,0.000363825621012559,False
2025-01-16,967.0,990.6500244140624,967.0,975.3499755859376,3948431.0,INDUSINDBK,0.013403255457730134,False
2025-01-17,972.8499755859376,975.5999755859376,959.0,970.9500122070312,3066978.0,INDUSINDBK,-0.004511163673596386,False
2025-01-20,966.2000122070312,980.4500122070312,948.0999755859376,970.7000122070312,4485164.0,INDUSINDBK,-0.0002574797845995569,False
2025-01-21,971.5499877929688,978.5,958.0,960.4500122070312,3369291.0,INDUSINDBK,-0.010559389998043844,False
2025-01-22,964.4500122070312,977.5499877929688,949.1500244140624,970.9500122070312,2639472.0,INDUSINDBK,0.010932375310060971,False
2025-01-23,965.9500122070312,988.5499877929688,962.5,970.9500122070312,3359986.0,INDUSINDBK,0.0,False
2025-01-24,970.8499755859376,973.0,948.25,950.7999877929688,2938649.0,INDUSINDBK,-0.02075289578323425,False
2025-01-27,947.0,947.0,923.7000122070312,926.4500122070312,3907787.0,INDUSINDBK,-0.025609987272359525,False
2025-01-28,937.3499755859376,948.9500122070312,925.7000122070312,934.1500244140624,5708478.0,INDUSINDBK,0.00831130887319853,False
2025-01-29,935.7000122070312,953.0,931.9500122070312,948.2999877929688,2571504.0,INDUSINDBK,0.015147420659526123,False
2025-01-30,948.2999877929688,967.4000244140624,946.0999755859376,957.0499877929688,4509409.0,INDUSINDBK,0.009227037975993557,False
2025-01-31,957.5499877929688,999.2999877929688,953.0999755859376,991.2000122070312,5365839.0,INDUSINDBK,0.03568259218394121,False
2025-02-03,994.0,1023.9500122070312,990.0999755859376,1012.7000122070312,3655089.0,INDUSINDBK,0.021690879474595137,False
2025-02-04,1022.4500122070312,1053.9000244140625,1014.7000122070312,1047.1500244140625,9861468.0,INDUSINDBK,0.03401798340256024,False
2025-02-05,1052.4000244140625,1078.699951171875,1052.4000244140625,1061.199951171875,5000442.0,INDUSINDBK,0.01341730070213587,False
2025-02-06,1062.0999755859375,1076.75,1058.050048828125,1065.550048828125,3889634.0,INDUSINDBK,0.00409922526989015,False
2025-02-07,1061.5,1086.550048828125,1061.5,1079.0999755859375,3975043.0,INDUSINDBK,0.012716368201300732,False
2025-02-10,1076.0,1082.0,1062.699951171875,1068.0,4457091.0,INDUSINDBK,-0.010286327344146584,False
2025-02-11,1063.5,1074.9000244140625,1047.6500244140625,1054.1500244140625,4109028.0,INDUSINDBK,-0.012968141934398436,False
2025-02-12,1060.449951171875,1063.949951171875,1020.25,1039.6500244140625,4798340.0,INDUSINDBK,-0.013755157865750323,False
2025-02-13,1039.5,1056.949951171875,1025.4000244140625,1047.25,4539780.0,INDUSINDBK,0.007310128800526616,False
2025-02-14,1049.5999755859375,1058.0999755859375,1018.2000122070312,1024.4000244140625,4036016.0,INDUSINDBK,-0.021819026580030987,False
2025-02-17,1024.4000244140625,1050.949951171875,1013.0999755859376,1048.25,2795714.0,INDUSINDBK,0.023281896737145535,False
2025-02-18,1045.0,1051.5,1021.3499755859376,1024.0999755859375,2620716.0,INDUSINDBK,-0.023038420619186706,False
2025-02-19,1024.0999755859375,1042.050048828125,1015.9000244140624,1035.800048828125,2464555.0,INDUSINDBK,0.011424737350953729,False
2025-02-20,1029.949951171875,1049.9000244140625,1025.5999755859375,1047.6500244140625,1819683.0,INDUSINDBK,0.011440408406375502,False
2025-02-21,1041.550048828125,1055.800048828125,1038.949951171875,1043.75,2589619.0,INDUSINDBK,-0.0037226405032002585,False
2025-02-24,1030.0999755859375,1038.75,1021.0999755859376,1029.1500244140625,3074297.0,INDUSINDBK,-0.013988000561377278,False
2025-02-25,1028.199951171875,1041.699951171875,1026.3499755859375,1034.25,3628538.0,INDUSINDBK,0.004955521998691204,False
2025-02-26,1028.199951171875,1041.699951171875,1026.3499755859375,1034.25,3628538.0,INDUSINDBK,0.0,False
2025-02-27,1046.9000244140625,1063.300048828125,1040.699951171875,1046.699951171875,5951737.0,INDUSINDBK,0.012037661273265554,False
2025-02-28,1040.0,1040.6500244140625,970.0999755859376,990.0999755859376,55666745.0,INDUSINDBK,-0.0540746901942325,False
2025-03-03,978.9500122070312,986.2999877929688,947.0,984.0,6158061.0,INDUSINDBK,-0.006160969332746125,False
2025-03-04,978.0,1003.5999755859376,966.9500122070312,987.5999755859376,3271190.0,INDUSINDBK,0.003658511774326856,False
2025-03-05,984.25,995.25,970.6500244140624,971.8499755859376,3944062.0,INDUSINDBK,-0.015947752520604874,False
2025-03-06,976.0,984.0999755859376,962.2000122070312,971.7000122070312,3928358.0,INDUSINDBK,-0.00015430712833630622,False
2025-03-07,971.0,976.5999755859376,932.2999877929688,936.75,7737031.0,INDUSINDBK,-0.03596790343518563,False
2025-03-10,895.0,913.3499755859376,881.0999755859375,900.5,16014401.0,INDUSINDBK,-0.038697624766479866,False
2025-03-11,810.4500122070312,810.4500122070312,649.0,655.9500122070312,101075220.0,INDUSINDBK,-0.27157133569457936,False
2025-03-12,630.0,697.6500244140625,606.0,684.7000122070312,108682122.0,INDUSINDBK,0.043829559364236825,False
2025-03-13,690.0,706.9000244140625,667.6500244140625,672.3499755859375,31592987.0,INDUSINDBK,-0.018037149701933264,False
2025-03-14,690.0,706.9000244140625,667.6500244140625,672.3499755859375,31592987.0,INDUSINDBK,0.0,False
2025-03-17,705.0,709.9000244140625,675.0,677.4000244140625,22353102.0,INDUSINDBK,0.007511041885178926,False
2025-03-18,705.0,709.9000244140625,675.0,677.4000244140625,22353102.0,INDUSINDBK,0.0,False
2025-03-19,685.0,700.7999877929688,682.5499877929688,692.7000122070312,11120576.0,INDUSINDBK,0.022586340775825775,False
2025-03-20,697.5,701.0,681.0,684.0999755859375,8918567.0,INDUSINDBK,-0.01241523959800861,False
2025-03-21,685.0,693.8499755859375,672.2999877929688,686.9000244140625,14265415.0,INDUSINDBK,0.004093040385985569,False
2025-03-24,692.0,693.75,665.1500244140625,669.4500122070312,14649992.0,INDUSINDBK,-0.025404005804070873,False
2025-03-25,670.2000122070312,672.8499755859375,633.5999755859375,637.0499877929688,18615476.0,INDUSINDBK,-0.04839797419264613,False
2025-03-26,637.4000244140625,662.5,637.4000244140625,655.2999877929688,23506399.0,INDUSINDBK,0.028647673416063224,False
2025-03-27,655.2999877929688,676.75,640.5,673.5499877929688,21589495.0,INDUSINDBK,0.027849840286836347,False
2025-03-28,672.0,673.9500122070312,643.5,649.8499755859375,8807815.0,INDUSINDBK,-0.03518671611098889,False
2025-03-31,672.0,673.9500122070312,643.5,649.8499755859375,8807815.0,INDUSINDBK,0.0,False
2025-04-01,649.0,689.7999877929688,646.8499755859375,682.7000122070312,14019630.0,INDUSINDBK,0.05055018520463039,False
2025-04-02,682.7000122070312,708.4000244140625,675.0,702.4500122070312,14993840.0,INDUSINDBK,0.02892925098412147,False
2025-04-03,694.9500122070312,714.7000122070312,693.5,709.4000244140625,6972769.0,INDUSINDBK,0.009893959835227228,False
2025-04-04,701.0,704.9000244140625,675.6500244140625,682.0,9627949.0,INDUSINDBK,-0.03862422254170894,False
2025-04-07,637.0,678.6500244140625,637.0,675.9000244140625,9382614.0,INDUSINDBK,-0.00894424572718111,False
2025-04-08,684.9000244140625,695.9000244140625,673.0,679.6500244140625,5639989.0,INDUSINDBK,0.005548157811136267,False
2025-04-09,679.6500244140625,683.2999877929688,670.25,678.5499877929688,4243562.0,INDUSINDBK,-0.0016185339241944208,False
2025-04-10,679.6500244140625,683.2999877929688,670.25,678.5499877929688,4243562.0,INDUSINDBK,0.0,False
2025-04-11,684.9500122070312,694.0,675.5,689.5,5019467.0,INDUSINDBK,0.01613736998602988,False
2025-04-14,684.9500122070312,694.0,675.5,689.5,5019467.0,INDUSINDBK,0.0,False
2025-04-15,705.0,741.0,693.0499877929688,735.9000244140625,12452925.0,INDUSINDBK,0.06729517681517394,False
2025-04-16,747.0,794.4000244140625,733.0,788.25,31252589.0,INDUSINDBK,0.07113734726074994,False
2025-04-17,788.25,801.0,777.2999877929688,794.7000122070312,13986710.0,INDUSINDBK,0.008182698645139652,False
2025-04-18,788.25,801.0,777.2999877929688,794.7000122070312,13986710.0,INDUSINDBK,0.0,False
2025-04-21,802.0,841.9000244140625,798.3499755859375,828.2000122070312,15639685.0,INDUSINDBK,0.042154271404833965,False
2025-04-22,790.0,808.0,775.4000244140625,787.5,25698945.0,INDUSINDBK,-0.049142733164868835,False
2025-04-23,797.4500122070312,805.0,782.0,794.2000122070312,10657940.0,INDUSINDBK,0.008507952008928621,False
2025-04-24,795.0,837.5,793.2999877929688,819.75,22577201.0,INDUSINDBK,0.032170721984713824,False
2025-04-25,822.0,829.0,807.3499755859375,822.3499755859375,11724192.0,INDUSINDBK,0.00317166890629772,False
2025-04-28,828.0,841.7999877929688,821.0499877929688,830.5499877929688,6929801.0,INDUSINDBK,0.009971438499999374,False
2025-04-29,841.9500122070312,852.0,828.5499877929688,836.9500122070312,8769289.0,INDUSINDBK,0.007705766670431657,False
2025-04-30,820.0,843.0999755859375,810.0499877929688,838.4000244140625,20241775.0,INDUSINDBK,0.0017324955921891316,False
2025-05-01,820.0,843.0999755859375,810.0499877929688,838.4000244140625,20241775.0,INDUSINDBK,0.0,False
2025-05-02,835.0,863.5,833.0999755859375,856.4500122070312,7845964.0,INDUSINDBK,0.021529087866598573,False
2025-05-05,855.0,862.0,840.5499877929688,846.75,7875811.0,INDUSINDBK,-0.011325835797508788,False
2025-05-06,846.75,851.25,821.9000244140625,831.7999877929688,10040705.0,INDUSINDBK,-0.01765575696135957,False
2025-05-07,827.0,842.0,816.0999755859375,833.7999877929688,9432595.0,INDUSINDBK,0.0024044241757044116,False
2025-05-08,835.0,844.25,816.0,826.7999877929688,13290700.0,INDUSINDBK,-0.008395298755674796,False
2025-05-09,805.5,826.4500122070312,805.5,818.2000122070312,5074137.0,INDUSINDBK,-0.010401518762589657,False
2025-05-12,835.0,838.0,786.0,788.5,14573162.0,INDUSINDBK,-0.036299207729070804,False
2025-05-13,794.0,804.0,769.0499877929688,770.0999755859375,10848937.0,INDUSINDBK,-0.023335478014029798,False
2025-05-14,775.0,786.4000244140625,764.5499877929688,781.3499755859375,9164606.0,INDUSINDBK,0.014608492866709177,False
2025-05-15,778.0,782.6500244140625,757.8499755859375,780.5,7350633.0,INDUSINDBK,-0.001087829541813301,False
2025-05-16,750.0,785.5,750.0,780.2000122070312,27168178.0,INDUSINDBK,-0.00038435335422004613,False
2025-05-19,779.9000244140625,791.9500122070312,770.2999877929688,784.0499877929688,7193105.0,INDUSINDBK,0.0049346007763402255,False
2025-05-20,785.0,799.7000122070312,780.0499877929688,782.25,6637953.0,INDUSINDBK,-0.0022957564198624603,False
2025-05-21,783.0,786.7000122070312,761.0,769.9500122070312,8134620.0,INDUSINDBK,-0.015723857836968724,False
2025-05-22,750.0,796.7000122070312,725.7999877929688,785.0,43477564.0,INDUSINDBK,0.019546707649018114,False
2025-05-23,781.0999755859375,799.2000122070312,777.2999877929688,793.4000244140625,9260373.0,INDUSINDBK,0.010700668043391648,False
2025-05-26,793.3499755859375,802.0,790.75,800.0999755859375,5381797.0,INDUSINDBK,0.008444606712513014,False
2025-05-27,798.5999755859375,827.5999755859375,798.0,820.7000122070312,10346628.0,INDUSINDBK,0.025746828208571992,False
2025-05-28,820.5,820.7000122070312,802.9000244140625,805.1500244140625,5308859.0,INDUSINDBK,-0.018947225005092494,False
2025-05-29,805.1500244140625,827.0,803.0499877929688,824.1500244140625,8791159.0,INDUSINDBK,0.023598086597373058,False
2025-05-30,821.0999755859375,823.8499755859375,811.0,816.9500122070312,5630146.0,INDUSINDBK,-0.008736288289441174,False
2025-06-02,815.0,824.7999877929688,809.5499877929688,812.7000122070312,4094000.0,INDUSINDBK,-0.005202276683390239,False
2025-06-03,818.4500122070312,818.4500122070312,798.1500244140625,800.8499755859375,3241313.0,INDUSINDBK,-0.014581071050943972,False
2025-06-04,807.7999877929688,815.4500122070312,803.0,814.3499755859375,3877545.0,INDUSINDBK,0.016857089856465057,False
2025-06-05,817.0,818.5,800.2999877929688,803.2000122070312,3366237.0,INDUSINDBK,-0.013691856957303461,False
2025-06-06,807.0,845.8499755859375,805.0,822.8499755859375,10916786.0,INDUSINDBK,0.024464595468458805,False
2025-06-09,831.25,840.0,821.5,836.6500244140625,6894267.0,INDUSINDBK,0.01677103875259678,False
2025-06-10,838.0,857.3499755859375,836.0,845.0499877929688,10162134.0,INDUSINDBK,0.010039996574181753,False
2025-06-11,845.25,851.4000244140625,834.4500122070312,836.2999877929688,2359273.0,INDUSINDBK,-0.010354417047981457,False
2025-06-12,837.0,843.1500244140625,826.0,829.9000244140625,2742462.0,INDUSINDBK,-0.007652712510251236,False
2025-06-13,819.0,826.7999877929688,813.0499877929688,816.8499755859375,3164561.0,INDUSINDBK,-0.01572484449236977,False
2025-06-16,817.0499877929688,824.7999877929688,810.25,821.25,2286257.0,INDUSINDBK,0.005386575926511261,False
2025-06-17,820.0,820.9500122070312,806.0499877929688,809.1500244140625,2343961.0,INDUSINDBK,-0.014733608019406375,False
2025-06-18,818.0499877929688,855.5,815.5499877929688,850.5,20826809.0,INDUSINDBK,0.05110297761639515,False
2025-06-19,847.0,849.5999755859375,835.4500122070312,837.5,4363823.0,INDUSINDBK,-0.01528512639623747,False
2025-06-20,835.5,847.75,829.0,840.25,20961217.0,INDUSINDBK,0.0032835820895522616,False
2025-06-23,835.2000122070312,845.0,826.5,839.9000244140625,3191499.0,INDUSINDBK,-0.00041651363991368484,False
2025-06-24,851.0,852.0,823.7999877929688,831.9500122070312,5482589.0,INDUSINDBK,-0.009465426807883981,False
2025-06-25,834.0,838.7999877929688,828.0,829.7999877929688,4946637.0,INDUSINDBK,-0.0025843192289387584,False
2025-06-26,834.9000244140625,840.5,824.5,836.0999755859375,4451922.0,INDUSINDBK,0.007592176290246666,False
2025-06-27,836.0,881.0,831.5,857.7000122070312,12647856.0,INDUSINDBK,0.02583427490947665,False
2025-06-30,864.75,875.75,857.7000122070312,872.0999755859375,4353159.0,INDUSINDBK,0.01678904415758642,False
2025-07-01,870.0999755859375,892.7999877929688,866.0499877929688,879.0999755859375,5729474.0,INDUSINDBK,0.008026602678548267,False
2025-07-02,875.5,875.5,847.7000122070312,857.6500244140625,10183147.0,INDUSINDBK,-0.024399899633233635,False
2025-07-03,849.0,866.0,845.5499877929688,862.4000244140625,3855070.0,INDUSINDBK,0.005538389628386264,False
2025-07-04,857.0999755859375,863.9000244140625,849.4000244140625,856.25,2658812.0,INDUSINDBK,-0.0071312897031061695,False
2025-07-07,847.0,866.9500122070312,845.2000122070312,854.4500122070312,3295065.0,INDUSINDBK,-0.002102175524634986,False
2025-07-08,855.0,862.9000244140625,848.4500122070312,850.2999877929688,2344400.0,INDUSINDBK,-0.004856954011087211,False
2025-07-09,851.75,854.9000244140625,839.5499877929688,840.75,2406142.0,INDUSINDBK,-0.011231315923873608,False
2025-07-10,845.0,855.7000122070312,840.9500122070312,852.8499755859375,2560806.0,INDUSINDBK,0.014391882944915224,False
2025-07-11,852.0,867.7000122070312,849.5999755859375,858.8499755859375,3849544.0,INDUSINDBK,0.007035235002355256,False
2025-07-14,858.7999877929688,873.5,857.4500122070312,867.5999755859375,3605770.0,INDUSINDBK,0.010188042438995737,False
2025-07-15,871.0,886.75,869.6500244140625,881.0,3532750.0,INDUSINDBK,0.015444934060783844,False
2025-07-16,876.0,888.9500122070312,876.0,879.75,2863446.0,INDUSINDBK,-0.001418842224744643,False
2025-07-17,879.75,890.9000244140625,862.75,865.0999755859375,4185118.0,INDUSINDBK,-0.016652485835819797,False
2025-07-18,866.0,876.4500122070312,861.25,870.0499877929688,2622714.0,INDUSINDBK,0.005721896135390203,False
2025-07-21,870.0499877929688,870.0499877929688,830.5999755859375,858.7999877929688,6765856.0,INDUSINDBK,-0.012930291543980732,False
2025-07-22,880.0,884.6500244140625,841.0999755859375,843.2000122070312,7686762.0,INDUSINDBK,-0.018164853059707053,False
2025-07-23,849.0,854.0,841.7999877929688,851.1500244140625,2623940.0,INDUSINDBK,0.009428382461976526,False
2025-07-24,855.25,860.7999877929688,845.0,847.9000244140625,2006984.0,INDUSINDBK,-0.0038183632811822354,False
2025-07-25,846.4000244140625,848.4000244140625,821.4000244140625,823.7000122070312,2805230.0,INDUSINDBK,-0.028541115119974814,False
2025-07-28,825.0,828.75,798.0,802.0499877929688,5922408.0,INDUSINDBK,-0.026283870454309133,False
2025-07-29,800.0,818.8499755859375,790.0,808.2000122070312,16766666.0,INDUSINDBK,0.007667881687755784,False
2025-07-30,811.0,814.7999877929688,795.5499877929688,801.9000244140625,3218643.0,INDUSINDBK,-0.007795085001007007,False
2025-07-31,795.5999755859375,806.0,789.0999755859375,798.9000244140625,4480429.0,INDUSINDBK,-0.003741114738326723,False
2025-08-01,792.5,798.6500244140625,779.7000122070312,783.7000122070312,4739250.0,INDUSINDBK,-0.019026175669702106,False
2025-08-04,783.0,805.5999755859375,781.0,804.0499877929688,2980888.0,INDUSINDBK,0.025966537283352187,False
2025-08-05,820.0,848.7000122070312,810.0499877929688,819.1500244140625,18982770.0,INDUSINDBK,0.018779972452386717,False
2025-08-06,822.0,822.0,795.4000244140625,803.3499755859375,5249912.0,INDUSINDBK,-0.01928834567199922,False
2025-08-07,801.8499755859375,810.0,789.0999755859375,807.3499755859375,2553303.0,INDUSINDBK,0.004979149961487961,False
2025-08-08,806.5999755859375,808.5,779.0,782.4500122070312,2490574.0,INDUSINDBK,-0.030841597983371494,False
2025-08-11,784.5,790.0999755859375,777.8499755859375,783.25,1629229.0,INDUSINDBK,0.0010224139312264846,False
2025-08-12,784.0499877929688,791.3499755859375,780.7999877929688,783.0499877929688,1462522.0,INDUSINDBK,-0.0002553618985396966,False
2025-08-13,787.0,787.7999877929688,766.7000122070312,773.4500122070312,4114205.0,INDUSINDBK,-0.01225972254082408,False
2025-08-14,773.4500122070312,779.7999877929688,765.7000122070312,769.75,1859573.0,INDUSINDBK,-0.004783776777601112,False
2025-08-15,773.4500122070312,779.7999877929688,765.7000122070312,769.75,1859573.0,INDUSINDBK,0.0,False
2025-08-18,777.5,795.9000244140625,777.5,788.6500244140625,3029689.0,INDUSINDBK,0.024553458154027208,False
2025-08-19,787.25,790.7000122070312,780.8499755859375,785.5,2807872.0,INDUSINDBK,-0.0039941980809584665,False
2025-08-20,786.4500122070312,790.2000122070312,777.0,778.2000122070312,2332155.0,INDUSINDBK,-0.00929342812599454,False
2025-08-21,781.0,781.8499755859375,766.5,767.4500122070312,3324022.0,INDUSINDBK,-0.01381392936439596,False
2025-08-22,767.4500122070312,772.7000122070312,758.75,760.0999755859375,2483587.0,INDUSINDBK,-0.009577218716768976,False
2025-08-25,767.9500122070312,775.0,761.5,770.8499755859375,2790762.0,INDUSINDBK,0.014142876391639359,False
2025-08-26,770.8499755859375,773.0,754.1500244140625,756.4000244140625,3306397.0,INDUSINDBK,-0.018745477887433748,False
2025-08-27,770.8499755859375,773.0,754.1500244140625,756.4000244140625,3306397.0,INDUSINDBK,0.0,False
2025-08-28,756.4000244140625,762.4000244140625,744.8499755859375,746.5999755859375,3085661.0,INDUSINDBK,-0.012956172014558676,False
2025-08-29,743.0,750.3499755859375,738.0,739.5,2538543.0,INDUSINDBK,-0.009509745269366432,False
2025-09-01,742.4000244140625,754.0,741.5,752.8499755859375,1436082.0,INDUSINDBK,0.01805270532243064,False
2025-09-02,753.0,758.75,747.5,751.2000122070312,1330606.0,INDUSINDBK,-0.0021916230755298916,False
2025-09-03,750.0,769.0,749.2000122070312,768.0999755859375,1933362.0,INDUSINDBK,0.022497288477477673,False
2025-09-04,771.7999877929688,773.4000244140625,752.8499755859375,754.8499755859375,1401421.0,INDUSINDBK,-0.017250358574601443,False
2025-09-05,756.3499755859375,759.5,750.0,757.0499877929688,2873689.0,INDUSINDBK,0.002914502587515466,False
2025-09-08,759.5,760.5,746.5,750.75,2330647.0,INDUSINDBK,-0.008321759321778921,False
2025-09-09,753.6500244140625,755.0999755859375,745.0999755859375,746.1500244140625,1347461.0,INDUSINDBK,-0.006127173607642367,False
2025-09-10,750.2000122070312,755.8499755859375,746.0999755859375,751.25,1350420.0,INDUSINDBK,0.006835053835108296,False
2025-09-11,751.5,754.2999877929688,747.5,748.5999755859375,975314.0,INDUSINDBK,-0.0035274867408485733,False
2025-09-12,753.0,754.3499755859375,739.25,740.5,1853165.0,INDUSINDBK,-0.010820165442294583,False
2025-09-15,741.0,744.4000244140625,738.0999755859375,739.9000244140625,1499071.0,INDUSINDBK,-0.0008102303658845678,False
2025-09-16,740.7000122070312,748.9500122070312,734.5999755859375,742.25,2892657.0,INDUSINDBK,0.0031760717778033243,False
2025-09-17,745.0,745.9000244140625,737.0499877929688,739.0499877929688,2280605.0,INDUSINDBK,-0.004311232343592097,False
2025-09-18,742.4500122070312,743.0,732.5,735.4500122070312,2280312.0,INDUSINDBK,-0.004871085373653994,False
2025-09-19,738.0,746.9500122070312,736.1500244140625,744.4000244140625,8190278.0,INDUSINDBK,0.012169436478997264,False
2025-09-22,744.4000244140625,748.2999877929688,733.4000244140625,734.2999877929688,1884250.0,INDUSINDBK,-0.013568022957876402,False
2025-09-23,735.0,757.0,729.0499877929688,755.25,4501893.0,INDUSINDBK,0.02853059043348094,False
2025-09-24,755.25,758.9500122070312,738.9000244140625,740.75,2993982.0,INDUSINDBK,-0.019198940748096693,False
2025-09-25,740.9500122070312,745.5999755859375,735.4000244140625,740.75,3037406.0,INDUSINDBK,0.0,False
2025-09-26,742.0,742.6500244140625,710.5999755859375,712.75,5779485.0,INDUSINDBK,-0.037799527505906205,False
2025-09-29,717.75,734.8499755859375,712.5499877929688,723.4000244140625,41100690.0,INDUSINDBK,0.01494215982330771,False
2025-09-30,730.0,737.7000122070312,722.5499877929688,735.5499877929688,3965781.0,INDUSINDBK,0.01679563584304189,False
2025-10-01,732.2000122070312,745.4500122070312,726.0,743.1500244140625,4127017.0,INDUSINDBK,0.010332454282132142,False
2025-10-02,732.2000122070312,745.4500122070312,726.0,743.1500244140625,4127017.0,INDUSINDBK,0.0,False
2025-10-03,743.2000122070312,758.9500122070312,741.75,747.4000244140625,4112610.0,INDUSINDBK,0.005718899092213459,False
2025-10-06,742.0,755.5999755859375,734.0999755859375,739.2999877929688,5118797.0,INDUSINDBK,-0.010837618887481248,False
2025-10-07,742.9500122070312,752.4000244140625,740.4500122070312,749.0,4348518.0,INDUSINDBK,0.013120536138501393,False
2025-10-08,747.0499877929688,754.0999755859375,739.1500244140625,740.9500122070312,4238626.0,INDUSINDBK,-0.010747647253629866,False
2025-10-09,744.0,753.2999877929688,743.0,749.1500244140625,3506978.0,INDUSINDBK,0.011066889900718468,False
2025-10-10,749.5999755859375,766.75,747.75,763.3499755859375,5386722.0,INDUSINDBK,0.0189547496617668,False
2025-10-13,758.0,767.9500122070312,757.0499877929688,759.9000244140625,2906803.0,INDUSINDBK,-0.0045194881538141995,False
2025-10-14,758.0,763.0499877929688,743.2999877929688,750.4000244140625,1833516.0,INDUSINDBK,-0.012501644551630609,False
2025-10-15,752.3499755859375,753.0,733.2000122070312,740.0999755859375,2333738.0,INDUSINDBK,-0.013726077416065685,False
2025-10-16,742.9000244140625,744.8499755859375,735.0,739.5,3056360.0,INDUSINDBK,-0.0008106682958103351,False
2025-10-17,740.0,761.0,734.5,751.0,4770012.0,INDUSINDBK,0.015551048005409074,False
2025-10-20,743.0,770.6500244140625,726.2999877929688,759.75,9184006.0,INDUSINDBK,0.011651131824234273,False
2025-10-21,761.9500122070312,762.9000244140625,756.0,758.4500122070312,350896.0,INDUSINDBK,-0.0017110731069019947,False
2025-10-22,761.9500122070312,762.9000244140625,756.0,758.4500122070312,350896.0,INDUSINDBK,0.0,False
2025-10-23,759.0,766.0,751.7999877929688,759.5999755859375,5363491.0,INDUSINDBK,0.0015162019386880665,False
2025-10-24,759.9500122070312,759.9500122070312,750.8499755859375,755.0499877929688,2001556.0,INDUSINDBK,-0.005989978856251299,False
2025-10-27,755.7000122070312,772.0,753.1500244140625,770.0499877929688,3590863.0,INDUSINDBK,0.0198662343454179,False
2025-10-28,773.9000244140625,801.9500122070312,772.4500122070312,799.75,8948361.0,INDUSINDBK,0.038568940559500664,False
2025-10-29,804.0,810.0499877929688,793.7999877929688,807.4500122070312,4077629.0,INDUSINDBK,0.009628024016294257,False
2025-10-30,807.0,810.0,797.25,800.9500122070312,4103276.0,INDUSINDBK,-0.008050033936136014,False
2025-10-31,800.9500122070312,806.5,792.0,794.7999877929688,3511425.0,INDUSINDBK,-0.007678412285825442,False
2025-11-03,794.7999877929688,803.7000122070312,791.1500244140625,796.9000244140625,2640561.0,INDUSINDBK,0.0026422202482982993,False
2025-11-04,797.0499877929688,799.25,785.0999755859375,790.2000122070312,3505823.0,INDUSINDBK,-0.008407594430628329,False
2025-11-05,797.0499877929688,799.25,785.0999755859375,790.2000122070312,3505823.0,INDUSINDBK,0.0,False
2025-11-06,791.0,797.5,777.3499755859375,786.2000122070312,2640541.0,INDUSINDBK,-0.005062009539620216,False
2025-11-07,782.1500244140625,801.9500122070312,779.0999755859375,797.25,2079256.0,INDUSINDBK,0.014054932105570739,False
2025-11-10,791.0,807.7999877929688,791.0,799.3499755859375,1894738.0,INDUSINDBK,0.0026340239397146803,False
2025-11-11,799.7000122070312,828.2000122070312,792.7999877929688,826.0999755859375,7150449.0,INDUSINDBK,0.03346469108276606,False
2025-11-12,830.0499877929688,873.0,827.0,864.4000244140625,11714519.0,INDUSINDBK,0.04636248633339979,False
2025-11-13,862.0,892.3499755859375,859.0499877929688,863.4500122070312,9325204.0,INDUSINDBK,-0.001099042318601584,False
2025-11-14,864.0,872.0,845.8499755859375,848.25,4460991.0,INDUSINDBK,-0.017603812603093405,False
2025-11-17,852.0,861.75,838.5,854.0499877929688,4019335.0,INDUSINDBK,0.006837592446765406,False
2025-11-18,854.0499877929688,858.5,845.0499877929688,847.9500122070312,1958051.0,INDUSINDBK,-0.00714241048313935,False
2025-11-19,850.0,850.2999877929688,836.2999877929688,839.5999755859375,2317710.0,INDUSINDBK,-0.009847321777094353,False
2025-11-20,844.0,844.0,827.5,829.4000244140625,5136903.0,INDUSINDBK,-0.012148584407421725,False
2025-11-21,832.2000122070312,856.7999877929688,830.5499877929688,846.5499877929688,7304707.0,INDUSINDBK,0.020677553501426527,False
2025-11-24,847.0999755859375,857.5,832.5499877929688,836.0499877929688,5082933.0,INDUSINDBK,-0.01240328409592728,False
2025-11-25,836.0499877929688,844.9000244140625,829.0499877929688,839.9000244140625,3021941.0,INDUSINDBK,0.004605031609721255,False
2025-11-26,844.9000244140625,858.7000122070312,841.0,850.7000122070312,2939823.0,INDUSINDBK,0.012858658743941653,False
2025-11-27,853.0,863.75,846.5499877929688,857.4500122070312,3016014.0,INDUSINDBK,0.007934641945623211,False
2025-11-28,859.6500244140625,863.0,851.5,858.5499877929688,2901007.0,INDUSINDBK,0.0012828451458135604,False
2025-12-01,860.0,862.4000244140625,842.6500244140625,847.1500244140625,3019328.0,INDUSINDBK,-0.013278159153215507,False
2025-12-02,847.1500244140625,860.5,845.4000244140625,850.2999877929688,2674933.0,INDUSINDBK,0.0037183064252226394,False
2025-12-03,854.0,856.2999877929688,841.3499755859375,846.9000244140625,2063761.0,INDUSINDBK,-0.003998545722352809,False
2025-12-04,846.0,873.0,842.9000244140625,863.0,4259999.0,INDUSINDBK,0.019010479539277814,False
2025-12-05,863.6500244140625,874.4000244140625,856.0999755859375,870.0999755859375,3377823.0,INDUSINDBK,0.008227086426346952,False
2025-12-08,870.0999755859375,873.5999755859375,834.5,841.4000244140625,2015558.0,INDUSINDBK,-0.03298465920832605,False
2025-12-09,841.4500122070312,848.7000122070312,832.1500244140625,844.3499755859375,3015385.0,INDUSINDBK,0.0035060031926303914,False
2025-12-10,847.7999877929688,851.5999755859375,828.1500244140625,833.8499755859375,2623610.0,INDUSINDBK,-0.0124356017097218,False
2025-12-11,834.4500122070312,842.7999877929688,827.5,835.5499877929688,2810755.0,INDUSINDBK,0.0020387506827432844,False
2025-12-12,840.0499877929688,851.2000122070312,839.0,846.1500244140625,3492109.0,INDUSINDBK,0.012686298576932264,False
2025-12-15,845.9500122070312,853.5,835.4000244140625,851.25,2458486.0,INDUSINDBK,0.006027271097071907,False
2025-12-16,854.0,856.7999877929688,841.8499755859375,845.0499877929688,2811166.0,INDUSINDBK,-0.007283421094897213,False
2025-12-17,838.2000122070312,846.0999755859375,827.7999877929688,833.8499755859375,3107473.0,INDUSINDBK,-0.01325366826675245,False
2025-12-18,830.7999877929688,842.5,826.0,834.9000244140625,1537403.0,INDUSINDBK,0.0012592778783582226,False
2025-12-19,834.9000244140625,847.9000244140625,831.0,844.7000122070312,7000947.0,INDUSINDBK,0.011737917722360214,False
2025-12-22,845.0,862.7999877929688,840.9000244140625,856.4000244140625,2387606.0,INDUSINDBK,0.013851085637446081,False
2025-12-23,856.4000244140625,859.7000122070312,846.2000122070312,849.9000244140625,1628642.0,INDUSINDBK,-0.00758991104005069,False
2025-12-24,850.0,858.8499755859375,844.2000122070312,848.0499877929688,1947886.0,INDUSINDBK,-0.0021767696999057673,False
2025-12-25,850.0,858.8499755859375,844.2000122070312,848.0499877929688,1947886.0,INDUSINDBK,0.0,False
2025-12-26,841.0499877929688,858.9000244140625,837.0999755859375,849.8499755859375,4257972.0,INDUSINDBK,0.0021225019973800663,False
2025-12-29,849.7999877929688,854.5499877929688,836.5999755859375,839.5999755859375,1907670.0,INDUSINDBK,-0.012060952279174919,False
2025-12-30,839.5999755859375,844.0999755859375,833.25,841.5,4409838.0,INDUSINDBK,0.002263011516569602,False
2025-12-31,841.5,869.5999755859375,836.5499877929688,864.2000122070312,2887744.0,INDUSINDBK,0.026975653246620546,False
2026-01-01,865.4500122070312,891.5999755859375,863.5,890.2000122070312,4244931.0,INDUSINDBK,0.030085627901809575,False
2026-01-02,896.0,909.75,890.25,902.4500122070312,6250730.0,INDUSINDBK,0.013760952406222993,False
2026-01-05,905.0,910.0,892.5,899.9500122070312,2521435.0,INDUSINDBK,-0.0027702365407320517,False
2026-01-06,898.0,924.0,886.5,914.25,8308942.0,INDUSINDBK,0.015889757874328447,False
2026-01-07,914.5,924.7000122070312,892.8499755859375,897.8499755859375,2952528.0,INDUSINDBK,-0.017938227414889263,False
2026-01-08,897.0,902.75,876.0999755859375,883.4500122070312,3567518.0,INDUSINDBK,-0.016038273398079506,False
2026-01-09,878.0499877929688,892.0,878.0499877929688,882.25,2515780.0,INDUSINDBK,-0.0013583249651368812,False
2026-01-12,880.2000122070312,907.9500122070312,879.0999755859375,905.4500122070312,4015935.0,INDUSINDBK,0.026296415083061797,False
2026-01-13,909.0,913.7000122070312,897.5,910.5499877929688,3958844.0,INDUSINDBK,0.0056325313569838276,False
2026-01-14,913.0,948.9000244140624,905.0,944.5,11559313.0,INDUSINDBK,0.037285171228568004,False
2026-01-15,913.0,948.9000244140624,905.0,944.5,11559313.0,INDUSINDBK,0.0,False
2026-01-16,945.0,960.2000122070312,938.0499877929688,953.8499755859376,10345071.0,INDUSINDBK,0.009899391832649762,False
2026-01-19,947.9500122070312,961.9000244140624,941.4500122070312,949.7999877929688,5455304.0,INDUSINDBK,-0.004245937932200516,False
2026-01-20,946.0,948.0,899.0499877929688,905.1500244140624,6701234.0,INDUSINDBK,-0.04700985886792708,False
2026-01-21,908.0,919.1500244140624,891.4500122070312,907.1500244140624,3567143.0,INDUSINDBK,0.0022095784632991666,False
2026-01-22,911.0,916.2000122070312,892.9000244140625,902.4500122070312,2338485.0,INDUSINDBK,-0.005181074883470305,False
2026-01-23,900.0499877929688,914.5999755859376,888.25,892.4500122070312,5907525.0,INDUSINDBK,-0.011080946162928207,False
2026-01-26,900.0499877929688,914.5999755859376,888.25,892.4500122070312,5907525.0,INDUSINDBK,0.0,False
2026-01-27,875.0,897.0,851.1500244140625,894.75,8419598.0,INDUSINDBK,0.0025771614785246033,False
2026-01-28,898.75,903.0,877.6500244140625,901.7000122070312,2982683.0,INDUSINDBK,0.007767546473351539,False
2026-01-29,899.9000244140625,904.5,890.7000122070312,898.4000244140625,4382116.0,INDUSINDBK,-0.0036597402110393196,False
2026-01-30,892.0999755859375,902.75,888.2000122070312,896.0999755859375,2867342.0,INDUSINDBK,-0.0025601611371561805,False
2026-02-02,889.0,914.5,884.3499755859375,910.25,3762702.0,INDUSINDBK,0.0157906760401485,False
2026-02-03,951.2999877929688,959.5999755859376,916.3499755859376,922.4000244140624,9608114.0,INDUSINDBK,0.013348008145083634,False
2026-02-04,922.0,932.0,915.7999877929688,921.2999877929688,2883259.0,INDUSINDBK,-0.001192580867278692,False
2026-02-05,918.0999755859376,922.1500244140624,902.2999877929688,914.4000244140624,2552518.0,INDUSINDBK,-0.007489377477835069,False
2026-02-06,909.0999755859376,917.0499877929688,895.0,903.5999755859376,2711855.0,INDUSINDBK,-0.011811076705783519,False
2026-02-09,910.0,936.9500122070312,900.3499755859375,927.9000244140624,6863941.0,INDUSINDBK,0.026892485042806058,False
2026-02-10,927.9000244140624,933.0,920.0,927.5999755859376,2768617.0,INDUSINDBK,-0.0003233633152603943,False
2026-02-11,927.9000244140624,928.2999877929688,915.0,925.0,2473671.0,INDUSINDBK,-0.002802906052574272,False
2026-02-12,928.7000122070312,937.0,915.0,922.7000122070312,3082642.0,INDUSINDBK,-0.0024864732896959785,False
2026-02-13,922.0,929.9500122070312,903.3499755859376,926.0499877929688,2860622.0,INDUSINDBK,0.0036306226743452186,False
2026-02-16,930.0,933.7000122070312,912.1500244140624,931.9000244140624,2098887.0,INDUSINDBK,0.006317193130185084,False
2026-02-17,931.9000244140624,952.2000122070312,928.2000122070312,943.7999877929688,6284594.0,INDUSINDBK,0.012769570841452138,False
2026-02-18,944.0,950.0,932.7999877929688,944.6500244140624,3474257.0,INDUSINDBK,0.0009006533503792546,False
2026-02-19,944.5,944.5,923.2000122070312,927.3499755859376,2641817.0,INDUSINDBK,-0.018313712360146783,False
2026-02-20,934.0,947.9000244140624,922.6500244140624,926.0499877929688,6462199.0,INDUSINDBK,-0.0014018308375405297,False
2026-02-23,926.0499877929688,934.6500244140624,911.9500122070312,919.75,4217172.0,INDUSINDBK,-0.0068030752940058115,False
2026-02-24,919.75,934.4000244140624,912.0,931.4000244140624,3079572.0,INDUSINDBK,0.012666512002242225,False
2026-02-25,934.0,941.8499755859376,932.0999755859376,937.3499755859376,1173030.0,INDUSINDBK,0.006388180175986413,False
2026-02-26,938.0,968.8499755859376,936.2999877929688,964.5999755859376,8974624.0,INDUSINDBK,0.029071318834745785,False
2026-02-27,963.0,968.0,951.2000122070312,956.75,3745120.0,INDUSINDBK,-0.008138063222704495,False
2026-03-02,939.0,955.9500122070312,933.2000122070312,942.5,1568186.0,INDUSINDBK,-0.014894172981447573,False
2026-03-03,939.0,955.9500122070312,933.2000122070312,942.5,1568186.0,INDUSINDBK,0.0,False
2026-03-04,930.0,942.9500122070312,916.7000122070312,927.5499877929688,2527046.0,INDUSINDBK,-0.015862081917274562,False
2026-03-05,930.0499877929688,947.5499877929688,926.9500122070312,937.2000122070312,1949212.0,INDUSINDBK,0.010403778277248366,False
2026-03-06,935.0,942.9000244140624,912.0499877929688,917.8499755859376,1153433.0,INDUSINDBK,-0.020646645720293844,False
2026-03-09,899.0,900.0,870.5499877929688,881.2000122070312,3362985.0,INDUSINDBK,-0.03993023299424259,False
2026-03-10,892.0,904.0499877929688,885.0,898.7000122070312,4547967.0,INDUSINDBK,0.01985928252108171,False
2026-03-11,897.2000122070312,907.5,873.1500244140625,877.1500244140625,2754525.0,INDUSINDBK,-0.02397906698593022,False
2026-03-12,870.0,870.5,828.0,831.3499755859375,7514347.0,INDUSINDBK,-0.052214612726847354,False
2026-03-13,827.0,833.1500244140625,804.7999877929688,814.4000244140625,5606889.0,INDUSINDBK,-0.020388466553966755,False
2026-03-16,814.5499877929688,830.0,806.2000122070312,825.0499877929688,3107008.0,INDUSINDBK,0.013077066625297062,False
2026-03-17,825.0,825.0,808.0,820.8499755859375,3713235.0,INDUSINDBK,-0.005090615440485502,False
2026-03-18,819.5999755859375,847.9000244140625,815.5999755859375,842.1500244140625,4695600.0,INDUSINDBK,0.025948771957897243,False
2026-03-19,828.2000122070312,831.25,812.9500122070312,816.2999877929688,5080824.0,INDUSINDBK,-0.030695286910523145,False
2026-03-20,822.0,837.0,813.0999755859375,818.5999755859375,7872290.0,INDUSINDBK,0.002817576659761123,False
2026-03-23,806.2999877929688,809.0,771.9000244140625,778.3499755859375,7448050.0,INDUSINDBK,-0.04916931492844212,False
2026-03-24,789.8499755859375,802.1500244140625,771.7000122070312,797.25,6347812.0,INDUSINDBK,0.02428216741425948,False
2026-03-25,802.9500122070312,834.2999877929688,802.9500122070312,818.4000244140625,3095936.0,INDUSINDBK,0.026528723002900545,False
2026-03-26,802.9500122070312,834.2999877929688,802.9500122070312,818.4000244140625,3095936.0,INDUSINDBK,0.0,False
2026-03-27,809.0,816.2000122070312,785.2999877929688,792.5499877929688,6211886.0,INDUSINDBK,-0.03158606531030006,False
2026-03-30,781.0,784.0,750.5,752.4500122070312,7093604.0,INDUSINDBK,-0.05059614687220526,False
2026-03-31,781.0,784.0,750.5,752.4500122070312,7093604.0,INDUSINDBK,0.0,False
2026-04-01,765.9500122070312,793.6500244140625,765.9500122070312,785.6500244140625,4336917.0,INDUSINDBK,0.04412254856591913,False
2026-04-02,772.2000122070312,784.75,754.0,778.7000122070312,2481604.0,INDUSINDBK,-0.008846193586278583,False
2026-04-03,772.2000122070312,784.75,754.0,778.7000122070312,2481604.0,INDUSINDBK,0.0,False
2026-04-06,774.5999755859375,788.2999877929688,756.4000244140625,786.2000122070312,2512596.0,INDUSINDBK,0.009631436859417919,False
2026-04-07,778.0,787.7999877929688,770.2999877929688,784.7999877929688,1165539.0,INDUSINDBK,-0.0017807484003113938,False
2026-04-08,812.0,840.8499755859375,810.0,835.9500122070312,3572416.0,INDUSINDBK,0.06517587310100215,False
2026-04-09,831.8499755859375,834.9000244140625,812.0,814.5499877929688,2531440.0,INDUSINDBK,-0.025599646033335532,False
2026-04-10,818.5,835.4500122070312,817.7999877929688,830.9000244140625,1509168.0,INDUSINDBK,0.02007247789100619,False
2026-04-13,807.0999755859375,822.2000122070312,800.7000122070312,818.9000244140625,1555260.0,INDUSINDBK,-0.014442170715378455,False
2026-04-14,807.0999755859375,822.2000122070312,800.7000122070312,818.9000244140625,1555260.0,INDUSINDBK,0.0,False
2026-04-15,832.0,850.0,828.1500244140625,840.0999755859375,3272348.0,INDUSINDBK,0.02588832646212702,False
2026-04-16,845.5,857.25,840.9000244140625,847.9000244140625,3785293.0,INDUSINDBK,0.009284667366743715,False
2026-04-17,849.0,857.4500122070312,838.5499877929688,853.9000244140625,1850548.0,INDUSINDBK,0.007076305964428098,False
2026-04-20,853.9000244140625,856.0,839.5,851.9500122070312,2453075.0,INDUSINDBK,-0.002283654000794,False
2026-04-21,857.7000122070312,865.8499755859375,854.8499755859375,856.4000244140625,975223.0,INDUSINDBK,0.005223325480685492,False
2026-04-22,851.0,873.0,851.0,870.0999755859375,2253573.0,INDUSINDBK,0.01599714009962616,False
2026-04-23,861.7000122070312,869.7000122070312,854.1500244140625,860.3499755859375,1561128.0,INDUSINDBK,-0.011205608865158534,False
2026-04-24,868.0,868.0,839.0,847.9500122070312,1453183.0,INDUSINDBK,-0.014412696845212736,False
2026-04-27,865.2000122070312,903.5,865.2000122070312,900.1500244140625,11254307.0,INDUSINDBK,0.06156024701404972,False
2026-04-28,890.1500244140625,895.7000122070312,882.4500122070312,885.5499877929688,5748485.0,INDUSINDBK,-0.016219559212473977,False
2026-04-29,891.0,925.0,891.0,913.75,3485256.0,INDUSINDBK,0.031844630563784726,False
2026-04-30,906.0,920.0,895.25,916.0499877929688,3438569.0,INDUSINDBK,0.002517086503933008,False
