Date,Open,High,Low,Close,Volume,Symbol,Daily_Return,Is_Outlier
2018-01-01,416.9115176800639,419.64353927650944,413.8179468212587,415.2442321777344,5431340.0,INFY,,False
2018-01-02,416.7307944487346,418.6391784194567,411.0056425365684,413.6974487304688,6112248.0,INFY,-0.0037249968269360556,False
2018-01-03,413.2153143053607,414.4607760322271,409.2378308830101,410.3226013183594,6846552.0,INFY,-0.00815776704078297,False
2018-01-04,410.202053080989,410.202053080989,405.62192240535546,407.9521789550781,8947614.0,INFY,-0.005776972449641149,False
2018-01-05,407.9120318587085,412.3716384245068,404.1756219675418,406.5862121582031,11025976.0,INFY,-0.00334835029040359,False
2018-01-08,411.7689071888305,417.4337831768372,409.8203324676665,416.2485961914063,5594690.0,INFY,0.023764662313348506,False
2018-01-09,417.8355568022888,419.8042149074759,413.375975572056,418.3779296875,9948236.0,INFY,0.005115533158734253,False
2018-01-10,420.567572255285,424.2637902040271,415.0433041536701,422.7571716308594,9468634.0,INFY,0.010467191581138957,False
2018-01-11,423.9625205833368,435.2722152576494,423.9625205833368,432.21881103515625,16775298.0,INFY,0.022380789822670444,False
2018-01-12,436.2364899940021,436.2766566883595,430.1095732752301,433.2834777832031,18016528.0,INFY,0.0024632587033799336,False
2018-01-15,433.9061550692063,439.1089916630232,427.91984738037,434.3681945800781,10649250.0,INFY,0.002503480636798505,False
2018-01-16,434.40844115522646,455.9229782513763,434.40844115522646,451.1218566894531,22646966.0,INFY,0.03857018611956953,False
2018-01-17,451.92534742654897,466.77059350366574,451.1820919902229,462.8734436035156,26154088.0,INFY,0.02604969530915935,False
2018-01-18,460.0208704025599,468.01600276237576,454.83809270896046,463.1144409179688,13204970.0,INFY,0.000520654873991111,False
2018-01-19,460.02094875897046,461.1860771278624,456.4050635722188,459.398193359375,5988278.0,INFY,-0.008024469181370342,False
2018-01-22,454.85819903760176,464.82194039525547,454.7979244862432,462.0296936035156,9650214.0,INFY,0.005728146697525416,False
2018-01-23,464.0385753240007,477.2968203332578,464.0385753240007,472.9175720214844,15403796.0,INFY,0.023565321815251172,False
2018-01-24,471.9935487999356,490.5751803326993,469.0606446378728,476.4129638671875,20604718.0,INFY,0.007391122792841154,False
2018-01-25,474.8862584909954,475.4487393334575,466.9513992649403,472.234619140625,13548914.0,INFY,-0.008770426171121781,False
2018-01-26,474.8862584909954,475.4487393334575,466.9513992649403,472.234619140625,13548914.0,INFY,0.0,False
2018-01-29,468.6790454338757,480.6114479730127,468.1366233737082,475.2478942871094,10823002.0,INFY,0.00638088573846618,False
2018-01-30,473.6408865402809,475.3282803440612,467.1322624894325,470.3263244628906,8628312.0,INFY,-0.01035579511951612,False
2018-01-31,465.7059370254666,468.699066834566,458.8759316226415,462.1302185058594,9213698.0,INFY,-0.017426424018241238,False
2018-02-01,458.8960140944924,465.203754717699,449.39431002933634,459.8602600097656,13005454.0,INFY,-0.004911945605792445,False
2018-02-02,456.1036902418706,467.21250166713526,454.0345908011398,459.31781005859375,10244486.0,INFY,-0.001179597365426499,False
2018-02-05,458.01219823739126,463.9783999583446,456.34486332105473,457.28900146484375,9860220.0,INFY,-0.004417003977031042,False
2018-02-06,441.9213891847224,453.33152491732665,439.99294662373353,445.05517578125,10552078.0,INFY,-0.026752941016304543,False
2018-02-07,448.36973120867935,451.9052827567883,443.3677766741858,445.5774841308594,8342056.0,INFY,0.0011735811154032216,False
2018-02-08,451.1017755573085,460.583420041593,448.590744229713,455.7019653320313,8807244.0,INFY,0.02272215621693885,False
2018-02-09,449.173255590895,450.09733467868296,444.3520757455544,445.6176452636719,4382690.0,INFY,-0.022129200300928797,False
2018-02-12,447.8877398957846,450.2179479809461,441.0577333971015,443.0665588378906,6291972.0,INFY,-0.005724832606823216,False
2018-02-13,447.8877398957846,450.2179479809461,441.0577333971015,443.0665588378906,6291972.0,INFY,0.0,False
2018-02-14,444.35215942410616,448.8921242508468,438.0042518148985,441.03759765625,8345712.0,INFY,-0.004579359785045312,False
2018-02-15,443.14675898349697,453.8738639942259,443.14675898349697,447.7469482421875,7986736.0,INFY,0.015212649945474332,False
2018-02-16,451.9856261820979,458.6750232583088,449.2134378661319,453.2110290527344,9889222.0,INFY,0.01220350207186982,False
2018-02-19,453.3516677646269,456.4050721711398,450.09738084395406,454.6975708007813,6461840.0,INFY,0.0032800211220676,False
2018-02-20,443.4481930637712,461.82894489404754,443.4481930637712,456.7867736816406,7188594.0,INFY,0.004594708692153171,False
2018-02-21,461.0254267088221,462.79320285960415,458.0121886257579,460.9852600097656,13771358.0,INFY,0.009191348283326572,False
2018-02-22,460.2419762105141,467.6545218230064,458.1929352047716,466.3487854003906,17859974.0,INFY,0.011634917330136219,False
2018-02-23,467.45355844750526,468.45797090656737,460.7239949717891,464.2997131347656,9459828.0,INFY,-0.00439386212588877,False
2018-02-26,462.4314803968647,464.0586481425375,455.7420838387076,457.4495849609375,5083608.0,INFY,-0.014753677377008945,False
2018-02-27,460.0007803055835,463.4961649518956,452.2467458525075,462.1100463867188,6616026.0,INFY,0.010187923607317906,False
2018-02-28,461.0654047540896,477.8993644322538,459.0365213678029,471.1095275878906,17268416.0,INFY,0.0194747577369061,False
2018-03-01,469.9043963117196,469.9043963117196,464.4605092681959,466.3487854003906,6579852.0,INFY,-0.010105382949640807,False
2018-03-02,469.9043963117196,469.9043963117196,464.4605092681959,466.3487854003906,6579852.0,INFY,0.0,False
2018-03-05,466.3487887499838,470.3865471802007,459.3179002700142,464.4002380371094,8101456.0,INFY,-0.004178304788782228,False
2018-03-06,467.07191036691125,468.2169307836793,459.4584343537766,462.5721130371094,6689734.0,INFY,-0.003936528990008625,False
2018-03-07,464.0385806373071,466.047405661711,457.2286834220097,459.6593322753906,6370416.0,INFY,-0.006296922532995519,False
2018-03-08,461.6279348086604,468.3776056922218,461.6279348086604,464.7014465332031,6093014.0,INFY,0.010969241574740218,False
2018-03-09,466.99160973372784,468.4580620178871,464.2596367398784,467.4134826660156,4220964.0,INFY,0.005836082829190792,False
2018-03-12,472.47561373339664,478.8435788206629,470.7681125783227,476.392822265625,7676970.0,INFY,0.01921069873379211,False
2018-03-13,474.1630731964224,480.912745380601,472.1341892022114,475.6094665527344,8581052.0,INFY,-0.0016443482694914469,False
2018-03-14,474.0827126610934,478.3414119661126,469.7034642354232,474.4041442871094,4429710.0,INFY,-0.0025342688705531913,False
2018-03-15,474.0826542473242,477.4574897303421,470.8685345575119,475.0870666503906,6101500.0,INFY,0.0014395370940687435,False
2018-03-16,474.8862470124336,475.04696282690696,469.7637430789239,470.8284301757813,17954826.0,INFY,-0.008963907404667792,False
2018-03-19,467.654445051913,474.28356734002,459.0767723848052,460.7239990234375,7526620.0,INFY,-0.02146096222050864,False
2018-03-20,461.467216287025,470.06499611006046,461.467216287025,467.8753967285156,8553766.0,INFY,0.015522086368924493,False
2018-03-21,470.0649897638684,472.2746969807071,466.9312035480135,469.0605773925781,7692994.0,INFY,0.002533111748019845,False
2018-03-22,467.8553304980254,473.0581674971245,464.1591122102768,466.5697021484375,6813168.0,INFY,-0.00531034873573677,False
2018-03-23,460.8245104092753,471.5918333213637,458.95629312592615,469.1008605957031,12008084.0,INFY,0.005425038178883623,False
2018-03-26,468.819610364856,468.819610364856,459.61918162329584,464.1390380859375,8930722.0,INFY,-0.01057730421441716,False
2018-03-27,466.04736962806,466.56968371145285,462.0698865785536,463.63677978515625,3802088.0,INFY,-0.0010821289733622397,False
2018-03-28,462.331078579282,462.331078579282,452.48783597646434,454.7176513671875,12558322.0,INFY,-0.019237318536509895,False
2018-03-29,462.331078579282,462.331078579282,452.48783597646434,454.7176513671875,12558322.0,INFY,0.0,False
2018-03-30,462.331078579282,462.331078579282,452.48783597646434,454.7176513671875,12558322.0,INFY,0.0,False
2018-04-02,458.4137895813369,461.8488993836211,450.4990400009105,456.8670043945313,8072702.0,INFY,0.004726785997599681,False
2018-04-03,455.88269199787976,459.4383512184593,453.2310530036856,458.1928405761719,4077168.0,INFY,0.00290201780581123,False
2018-04-04,459.6191820876088,459.8401724656604,449.97682162423234,451.6642150878906,4813302.0,INFY,-0.014248641423710517,False
2018-04-05,457.831320706549,462.5520594084903,453.63284707314347,461.0454406738281,7763544.0,INFY,0.020770353888035942,False
2018-04-06,459.2173940392861,460.4226890367645,450.8204957481372,452.7891540527344,5937742.0,INFY,-0.01790775028384839,False
2018-04-09,451.98569539159166,452.3071270590826,444.5731496046043,446.46142578125,7202882.0,INFY,-0.0139749996545796,False
2018-04-10,446.7627449396024,451.7848081695889,444.1111053628868,447.3252258300781,8926058.0,INFY,0.0019347697224156857,False
2018-04-11,449.1732947833278,454.5971225825898,448.5706472500764,451.684326171875,9025574.0,INFY,0.009744812253116075,False
2018-04-12,453.7735196940686,471.16996611409536,451.9856848248623,467.092041015625,17044366.0,INFY,0.03411168807723253,False
2018-04-13,471.6721033608232,476.45311660224223,462.1301847451336,470.6475830078125,21227038.0,INFY,0.00761208001844027,False
2018-04-16,442.7450119431135,458.0120813204622,442.7450119431135,455.2800598144531,24745084.0,INFY,-0.032651868931629635,False
2018-04-17,452.7892367871248,452.94995262487066,447.968055916277,452.0660400390625,10397940.0,INFY,-0.007059434530694131,False
2018-04-18,451.12181736992966,455.9028306460951,447.50593239454753,452.3672790527344,10430380.0,INFY,0.0006663606353749518,False
2018-04-19,451.5839154890027,457.9318228864423,451.22231713585495,455.1395263671875,8525542.0,INFY,0.0061283108722147706,False
2018-04-20,457.610380255073,479.5869083109955,456.7867423061883,473.4599914550781,24272692.0,INFY,0.040252414977270945,False
2018-04-23,469.2615486824896,487.9034556306473,464.1390446193888,477.1763000488281,21830638.0,INFY,0.007849255820600032,False
2018-04-24,476.0915717401252,480.67170299849386,462.0699620548428,463.8377380371094,8526216.0,INFY,-0.027953110853061736,False
2018-04-25,462.8333513753543,470.466887552552,460.1013293366068,466.1880798339844,11594178.0,INFY,0.00506716380349137,False
2018-04-26,471.67200661832896,474.7455180033887,466.0472978511598,472.65631103515625,11302084.0,INFY,0.013874724560686502,False
2018-04-27,474.0826861608391,478.7431502160776,471.752429611431,476.1718444824219,7663370.0,INFY,0.007437821870115879,False
2018-04-30,474.7656776884935,485.31200886754107,474.34385386747886,481.9171142578125,5511678.0,INFY,0.012065538611665483,False
2018-05-01,474.7656776884935,485.31200886754107,474.34385386747886,481.9171142578125,5511678.0,INFY,0.0,False
2018-05-02,481.6760862795612,482.7608322026003,474.4844827025339,480.9328308105469,10295042.0,INFY,-0.0020424330619207565,False
2018-05-03,481.0131339839173,484.0062635401593,472.515794641888,475.1072082519531,5332230.0,INFY,-0.012113172953436058,False
2018-05-04,476.0914988863205,476.4932638642836,464.0385495474262,471.31048583984375,6023368.0,INFY,-0.007991296166771522,False
2018-05-07,474.5849665805433,478.10041077743625,472.2748175368709,475.2880554199219,4638960.0,INFY,0.008439382741485923,False
2018-05-08,473.238886324106,473.238886324106,466.4691575562981,468.277099609375,5718556.0,INFY,-0.01475096150765376,False
2018-05-09,469.0606545297399,472.8372554755692,467.2527119641006,470.3462829589844,3783504.0,INFY,0.004418715652197092,False
2018-05-10,472.4756557516856,475.2880108454456,467.1924360168345,469.2615356445313,3182862.0,INFY,-0.002306273810922521,False
2018-05-11,470.98919910126864,475.3683990171065,468.4781674781569,474.3840942382813,3311706.0,INFY,0.010916212398943248,False
2018-05-14,475.8302042346384,478.7028328050428,470.064888276878,477.8189697265625,4432094.0,INFY,0.0072407054325811515,False
2018-05-15,477.3370527620362,485.33218717740095,477.3370527620362,479.928466796875,5611974.0,INFY,0.004414845797184874,False
2018-05-16,476.9954848562331,481.3144585030678,475.8906311326242,478.0802307128906,6205004.0,INFY,-0.0038510657563611828,False
2018-05-17,480.51100670906845,481.0935464225105,471.49140082431336,475.2478942871094,9519598.0,INFY,-0.005924395621960343,False
2018-05-18,475.28795275738406,476.7142379980504,471.27030311446447,475.3682861328125,7139660.0,INFY,0.00025332431169156067,False
2018-05-21,473.9019743245871,477.45758513318896,470.0650985607812,473.8818664550781,8475320.0,INFY,-0.003126880191833159,False
2018-05-22,472.07383492813256,481.3144291437471,471.6319032743616,479.6470947265625,5636804.0,INFY,0.012165960927375652,False
2018-05-23,480.1091162435105,485.1914526802423,474.6852894072868,476.0513000488281,9538442.0,INFY,-0.007496750667872365,False
2018-05-24,481.31460863717945,493.1867874242567,481.31460863717945,490.5552062988281,9740570.0,INFY,0.03046710774345618,False
2018-05-25,494.2110625336697,501.6638220843983,490.474677869265,493.4879150390625,8901438.0,INFY,0.005978345969174903,False
2018-05-28,494.5726699311897,495.2154840638963,484.5285458464783,487.90338134765625,5739794.0,INFY,-0.011316454813212973,False
2018-05-29,487.7627242497492,492.78478578585066,484.60883037022165,488.8273620605469,3388934.0,INFY,0.0018937780474865828,False
2018-05-30,488.9480081644158,493.6687469449679,484.3678773260579,486.8186340332031,6323066.0,INFY,-0.0041092790282368785,False
2018-05-31,486.8185589447936,498.9920562633326,486.23601939830775,494.8940734863281,19720340.0,INFY,0.016588188883037258,False
2018-06-01,494.33157336256784,500.6995376129635,489.0282469282083,490.4746398925781,4998356.0,INFY,-0.008930059644111088,False
2018-06-04,490.59522132118326,499.3938844439148,486.93916970717993,497.9475402832031,4270156.0,INFY,0.01523605867219091,False
2018-06-05,498.9922140366514,498.9922140366514,488.9480873450924,490.494873046875,4710862.0,INFY,-0.014966771865344453,False
2018-06-06,492.24259249696553,498.811491271564,490.1735414181037,497.1642150878906,4038184.0,INFY,0.013597169731024428,False
2018-06-07,497.38497666195263,505.4202751540682,497.38497666195263,503.1904602050781,6676226.0,INFY,0.012121236674530467,False
2018-06-08,501.40263990785024,507.0273490093806,500.6192179004228,506.2439270019531,6459878.0,INFY,0.006068212810772522,False
2018-06-11,508.45361863434806,510.2414529267817,504.2350869369219,507.1880493164063,5171290.0,INFY,0.0018649553389102902,False
2018-06-12,508.5341960193147,510.7439041592367,502.3871701217308,505.6213989257813,7839820.0,INFY,-0.003088894528837094,False
2018-06-13,508.9559845828344,515.8663238203142,508.9559845828344,512.1701049804688,5766928.0,INFY,0.012951797666397313,False
2018-06-14,515.7510534312916,515.7510534312916,507.971558218658,510.2765808105469,7598848.0,INFY,-0.00369706109651613,False
2018-06-15,509.1652753429878,531.59818359375,508.34204935213415,527.379150390625,19957760.0,INFY,0.03351627376845645,False
2018-06-18,528.511048884854,531.4952428914078,519.5996181126897,521.6782836914062,8214846.0,INFY,-0.010809806749083939,False
2018-06-19,519.8671513708282,520.0318065985538,509.5974284551006,511.0586242675781,7545700.0,INFY,-0.020356721289380153,False
2018-06-20,513.898713236648,515.4834128758997,509.57677772284353,511.6965942382813,5371802.0,INFY,0.0012483303096928466,False
2018-06-21,512.8491224105582,517.1916590251336,508.7535937565182,513.0961303710938,5798790.0,INFY,0.002735089794560386,False
2018-06-22,511.63485196754925,516.7800133911971,510.8939286242572,513.6311645507812,4343118.0,INFY,0.0010427562166577253,False
2018-06-25,517.4593090597858,526.3707408355199,516.1627180203974,523.7569580078125,7731178.0,INFY,0.01971413371283104,False
2018-06-26,522.3369102000574,528.469954104192,521.2049744214521,525.9796752929688,4483504.0,INFY,0.004243795239705639,False
2018-06-27,528.4903932731218,532.400716048174,520.9373061725591,522.7484130859375,6952142.0,INFY,-0.0061433214225082855,False
2018-06-28,525.3416784627054,534.2736602342792,525.3210777149452,530.8161010742188,10996818.0,INFY,0.015433213734031836,False
2018-06-29,534.2942065321225,541.2710258930641,528.2023148116156,538.0604248046875,9966600.0,INFY,0.013647520705962535,False
2018-07-02,540.8594532288774,551.5613906595859,540.8594532288774,549.3798217773438,4830144.0,INFY,0.021037408534116064,False
2018-07-03,548.2273358098357,558.9292732449119,548.16558381395,557.2210693359375,8127452.0,INFY,0.01427290782764068,False
2018-07-04,556.5213714462822,556.7683291947839,551.0880497506091,553.7017822265625,5025722.0,INFY,-0.006315782555690319,False
2018-07-05,554.4838154205409,554.545567414471,521.966391166881,528.5110473632812,17019902.0,INFY,-0.045495130541179596,False
2018-07-06,531.0836304376301,535.8583308035804,522.3368548927359,528.6139526367188,11215356.0,INFY,0.00019470789485076523,False
2018-07-09,533.8621221033969,536.331800386065,526.4736880060419,534.6235961914062,6644998.0,INFY,0.011368681293241423,False
2018-07-10,538.5955989263365,541.4562891165733,532.7507145502259,535.6731567382812,5974488.0,INFY,0.001963176624361296,False
2018-07-11,542.320584005464,552.4256503203491,531.5362961263608,543.5142211914062,11899832.0,INFY,0.014637777447855216,False
2018-07-12,545.8399520947696,546.2515650667506,528.696261762619,532.771240234375,13272240.0,INFY,-0.01976577711891725,False
2018-07-13,541.2711518502214,548.1039183187278,534.4177846312602,542.259033203125,19496158.0,INFY,0.017808380506005195,False
2018-07-16,542.2590070897297,569.8370796582125,530.0340701470088,548.618408203125,35344680.0,INFY,0.011727559359288486,False
2018-07-17,547.321744778794,555.4717016632505,540.3243243058224,546.5808715820312,11161690.0,INFY,-0.003713941403765908,False
2018-07-18,551.4791701426427,552.9609670349499,540.8595336305983,544.3788452148438,6919016.0,INFY,-0.004028729290898703,False
2018-07-19,544.5640072328076,548.2273730373365,538.8425763971646,541.9708251953125,5118864.0,INFY,-0.004423426884968107,False
2018-07-20,545.7987499586866,562.7366322256283,543.8641892690364,554.8953857421875,11705738.0,INFY,0.02384733632519298,False
2018-07-23,556.5624269104309,563.086481726318,550.0177713499944,558.1265258789062,7675702.0,INFY,0.005822971716366032,False
2018-07-24,565.7209694190522,569.0138737227186,558.1472794714728,566.8529052734375,6172246.0,INFY,0.015635127502297896,False
2018-07-25,567.6142963633412,573.7061885328258,562.0369204160859,569.5694580078125,6936922.0,INFY,0.004792341556518309,False
2018-07-26,567.4290663458037,572.3066698747181,563.5804449716011,565.2474975585938,7362218.0,INFY,-0.007588118338254457,False
2018-07-27,565.2269917622016,571.7304977237301,563.2101281151246,565.3298950195312,6493232.0,INFY,0.00014577235864532412,False
2018-07-30,563.9098194949632,565.144658515755,554.8543333424893,556.0891723632812,6409970.0,INFY,-0.016345717319496744,False
2018-07-31,555.0807184552193,563.9097970034425,549.7297495785443,561.8928833007812,7943996.0,INFY,0.01043665517318959,False
2018-08-01,561.3578927293919,563.2718531983975,556.0892256376405,557.3446655273438,4675706.0,INFY,-0.008094456983899656,False
2018-08-02,559.6290088226281,562.5720517380083,555.7392861816288,557.179931640625,5940742.0,INFY,-0.0002955691458227383,False
2018-08-03,562.3455782963723,562.3455782963723,558.1471464084025,561.481201171875,3970390.0,INFY,0.007719713663384864,False
2018-08-06,562.2839997079349,565.9679162279991,554.6485579034392,560.061279296875,6178930.0,INFY,-0.002528885868371855,False
2018-08-07,565.556073818119,568.0051502549277,560.0610521456658,563.0657958984375,7351528.0,INFY,0.0053646211809794675,False
2018-08-08,564.6507772163959,564.9388862404118,557.0359361268165,560.9256591796875,3992358.0,INFY,-0.003800864364945422,False
2018-08-09,565.4122391958172,571.9156948129604,565.4122391958172,568.00537109375,6409524.0,INFY,0.012621479866719021,False
2018-08-10,570.4132697740931,571.7304111702203,565.1652044447768,570.2691650390625,4779520.0,INFY,0.003985515032988829,False
2018-08-13,572.1420586492069,580.3125664879658,567.4908117431926,579.8598022460938,9979746.0,INFY,0.016817737649157838,False
2018-08-14,582.0000723299038,586.363209509921,577.9045438446765,579.6744995117188,6151320.0,INFY,-0.00031956471832883526,False
2018-08-15,582.0000723299038,586.363209509921,577.9045438446765,579.6744995117188,6151320.0,INFY,0.0,False
2018-08-16,582.4117362851372,590.6234449652745,580.8887884350049,588.4213256835938,6626774.0,INFY,0.015089202956560577,False
2018-08-17,588.9770175867212,591.7554051755665,585.7252650261871,588.7506103515625,6390408.0,INFY,0.0005596069577971097,False
2018-08-20,571.3187560318652,579.5304140191937,565.3503684508406,569.7752075195312,16101876.0,INFY,-0.032229950166336785,False
2018-08-21,572.1419505918419,574.611628076411,565.4532407378006,569.6516723632812,8361482.0,INFY,-0.00021681384977734197,False
2018-08-22,572.1419505918419,574.611628076411,565.4532407378006,569.6516723632812,8361482.0,INFY,0.0,False
2018-08-23,573.3767594342206,576.8754690215794,570.2279107564548,575.1878662109375,7717182.0,INFY,0.009718559808116645,False
2018-08-24,574.817569608771,577.0402899163395,566.420654138917,567.3262329101562,7053000.0,INFY,-0.013667940098545439,False
2018-08-27,569.2607747488844,584.4698548870152,568.6022040029479,582.5970458984375,7012950.0,INFY,0.026917163533842103,False
2018-08-28,583.3378904677884,592.0641157210664,580.9917165989413,586.4249877929688,6496890.0,INFY,0.006570479410221042,False
2018-08-29,590.0884336119104,590.0884336119104,578.3780629302387,580.41552734375,5646496.0,INFY,-0.010247620026963,False
2018-08-30,581.5267647375629,585.1283778573205,574.6733994376802,582.9262084960938,11507962.0,INFY,0.004325661589092533,False
2018-08-31,586.589668165001,598.6087977467596,584.9432161876965,593.1754760742188,10875864.0,INFY,0.01758244427638167,False
2018-09-03,596.4272489024098,604.2067448068043,588.6066017463396,590.35595703125,10976328.0,INFY,-0.004753263000063734,False
2018-09-04,594.3691704865905,616.184659431043,589.4298144991673,606.841064453125,15370124.0,INFY,0.027924013005262704,False
2018-09-05,610.7924819243897,612.5212362596042,597.1681029856842,600.8726196289062,8658978.0,INFY,-0.00983526853047989,False
2018-09-06,603.0541545939286,605.4826811753197,596.0978853252984,598.6087646484375,5598659.0,INFY,-0.0037676121469254475,False
2018-09-07,604.5360000313169,605.1946210355574,595.850975679472,603.260009765625,6510605.0,INFY,0.0077700919062204665,False
2018-09-10,607.335003828216,614.9498446081699,600.4610865737926,601.6547241210938,5629871.0,INFY,-0.002661017834009738,False
2018-09-11,605.8120036943538,613.097533337639,602.6014023540138,604.4948120117188,6963561.0,INFY,0.004720461382188734,False
2018-09-12,612.8094238992791,614.5381783146673,606.1001122359997,611.5745849609375,4636617.0,INFY,0.011711883722637317,False
2018-09-13,612.8094238992791,614.5381783146673,606.1001122359997,611.5745849609375,4636617.0,INFY,0.0,False
2018-09-14,610.7513169393595,613.3032971378863,600.1728339486758,604.0008544921875,7896514.0,INFY,-0.012383984970915307,False
2018-09-17,605.0710957195519,609.187225622406,596.5095254233248,597.6209106445312,5427054.0,INFY,-0.010562805996392477,False
2018-09-18,600.9549952494259,600.9549952494259,590.2530569778609,591.9818115234375,7729732.0,INFY,-0.009435913336787394,False
2018-09-19,598.4852335202111,598.4852335202111,587.1247260692469,592.516845703125,4849498.0,INFY,0.0009038017203781834,False
2018-09-20,598.4852335202111,598.4852335202111,587.1247260692469,592.516845703125,4849498.0,INFY,0.0,False
2018-09-21,587.6597254241362,590.5822172514503,569.6722615416635,580.6211547851562,14350769.0,INFY,-0.02007654466575115,False
2018-09-24,581.6091384648696,600.913797200499,581.6091384648696,591.2820434570312,8637881.0,INFY,0.018361178513758736,False
2018-09-25,591.2820645523669,605.8943258065327,590.2530320696793,597.8267211914062,9602273.0,INFY,0.011068622507307113,False
2018-09-26,601.9427937693157,602.4778604618964,586.1368462920706,590.9526977539062,6599606.0,INFY,-0.011498354278645762,False
2018-09-27,594.3691715866859,601.6135503325028,590.6235033384361,596.6741943359375,14592616.0,INFY,0.009681818195902192,False
2018-09-28,593.5459089640209,604.7006105188461,588.7712085110974,600.99609375,7490031.0,INFY,0.007243315456054722,False
2018-10-01,607.1290239345435,621.453172868709,603.4245078562989,614.6615600585938,8252398.0,INFY,0.02273802850086115,False
2018-10-02,607.1290239345435,621.453172868709,603.4245078562989,614.6615600585938,8252398.0,INFY,0.0,False
2018-10-03,612.3155018284549,619.0248139700408,597.9090465207673,599.7201538085938,7792464.0,INFY,-0.02430834661041059,False
2018-10-04,599.7201281807303,600.7491606587344,578.3162526382472,582.1854248046875,6173037.0,INFY,-0.02923818533119138,False
2018-10-05,586.9601803291586,602.1898624274608,583.9142338603519,596.5095825195312,8543578.0,INFY,0.024604115981861296,False
2018-10-08,596.8800457816396,599.8848410041062,583.8730840603888,588.1538696289062,7259306.0,INFY,-0.014007675878956127,False
2018-10-09,590.3353054004341,594.6984431080207,578.4397306849279,590.8704223632812,6777212.0,INFY,0.004618778987357519,False
2018-10-10,592.6404178685233,592.6404178685233,572.4713808559234,576.628662109375,8866251.0,INFY,-0.024103017708931973,False
2018-10-11,563.9098169842622,570.4133225631018,546.0458025138632,554.3192138671875,10985897.0,INFY,-0.038689454250464994,False
2018-10-12,556.8300739248614,563.1277225352216,544.5639867035432,558.8057861328125,8909221.0,INFY,0.00809384223636167,False
2018-10-15,566.8733492266881,580.3742744323395,561.0284652845947,575.270263671875,6222176.0,INFY,0.02946368478573591,False
2018-10-16,584.490422067433,587.7010233573607,567.5319876663015,572.3478393554688,11588963.0,INFY,-0.005080089309245306,False
2018-10-17,584.4904968254102,594.204554188292,577.3695713784704,580.6624755859375,20360697.0,INFY,0.014527243153100722,False
2018-10-18,584.4904968254102,594.204554188292,577.3695713784704,580.6624755859375,20360697.0,INFY,0.0,False
2018-10-19,565.5562039105539,566.1324721005097,558.1471706715511,562.716064453125,10421001.0,INFY,-0.030906786450602075,False
2018-10-22,566.9556677822698,572.1831319682934,554.6895821979596,559.75244140625,6672840.0,INFY,-0.005266640201137984,False
2018-10-23,556.4595579536689,561.4400646066806,537.8134711935895,541.3533325195312,9041701.0,INFY,-0.03287008242517919,False
2018-10-24,545.7987198021326,548.680010178162,532.750610626115,534.93212890625,7058164.0,INFY,-0.011861391123974663,False
2018-10-25,535.098691895472,546.208418913935,529.4814039167871,539.8837890625,8270469.0,INFY,0.009256613855620266,False
2018-10-26,537.0127665346206,539.8422358534186,524.1970574147073,527.276123046875,5464141.0,INFY,-0.023352555255489404,False
2018-10-29,527.3592349444077,541.3816273424828,525.5284053215272,536.554931640625,7137446.0,INFY,0.017597627103105307,False
2018-10-30,533.5174952835432,552.4082363797855,530.4800293750304,548.9130249023438,8793411.0,INFY,0.02303229834069631,False
2018-10-31,552.4914081004141,576.6665369915485,551.784015552659,571.2156982421875,11947995.0,INFY,0.040630614192132875,False
2018-11-01,573.9619818696494,573.9619818696494,548.9130093198185,554.8215942382812,5860244.0,INFY,-0.028700373701836535,False
2018-11-02,554.1974018537782,562.3944598581148,549.3290558267017,551.1182861328125,6654067.0,INFY,-0.006674772834956211,False
2018-11-05,552.1585368938274,556.4026892038885,546.7492972709038,554.239013671875,5799426.0,INFY,0.005662536732287782,False
2018-11-06,555.8202121147168,561.7287460149021,549.7868292871493,554.613525390625,6975525.0,INFY,0.0006757224040740972,False
2018-11-07,560.0644204163004,563.8092790966472,559.2322295984455,562.1448974609375,758956.0,INFY,0.013579495857061863,False
2018-11-08,560.0644204163004,563.8092790966472,559.2322295984455,562.1448974609375,758956.0,INFY,0.0,False
2018-11-09,565.057554625308,565.057554625308,545.5010707759785,548.829833984375,9694143.0,INFY,-0.0236861768855382,False
2018-11-12,554.2389608107807,562.8937636991542,551.159845314366,552.7410278320312,7118080.0,INFY,0.007126423538716731,False
2018-11-13,552.1586109491585,555.6954219461953,546.1668268661874,553.9894409179688,4137808.0,INFY,0.002258585889370446,False
2018-11-14,553.9893588418977,553.9893588418977,533.0181430549292,543.5869750976562,7323026.0,INFY,-0.018777372007443782,False
2018-11-15,544.2526003634957,554.2388866086975,538.177619722907,546.2498779296875,5513390.0,INFY,0.004898761291241227,False
2018-11-16,549.1627148330242,551.3263905391143,536.097309457141,541.63134765625,8583785.0,INFY,-0.008454977218378401,False
2018-11-19,548.4136659744604,550.9102380502167,540.2998067282525,542.3386840820312,6018930.0,INFY,0.0013059370157249006,False
2018-11-20,542.3387051805495,545.9171151364327,532.6852623030122,533.7671508789062,5384830.0,INFY,-0.015804760852774602,False
2018-11-21,532.6020971014067,532.6436964816639,509.3839541137346,515.2092895507812,14359086.0,INFY,-0.03476770966060283,False
2018-11-22,517.830744742963,522.7406909644748,513.2536951711088,516.5824584960938,6632975.0,INFY,0.002665264336576323,False
2018-11-23,517.830744742963,522.7406909644748,513.2536951711088,516.5824584960938,6632975.0,INFY,0.0,False
2018-11-26,516.7904210212754,522.6157558798083,499.1895675244097,517.1649169921875,15075209.0,INFY,0.0011275227923717157,False
2018-11-27,520.5352700841385,533.4342256177982,520.3688217896427,531.6866455078125,12285851.0,INFY,0.02807949270821153,False
2018-11-28,533.3926947738917,556.485989099619,532.6021033681257,554.5719604492188,17719890.0,INFY,0.04304286205937813,False
2018-11-29,558.4000600887686,561.6456247194096,548.2473215649385,550.1197509765625,13399070.0,INFY,-0.008028190731189988,False
2018-11-30,550.0780386742226,559.2321361408133,550.0364392988612,555.4456787109375,10445773.0,INFY,0.009681397050224971,False
2018-12-03,560.189122065544,565.0574167528148,554.1973395938301,557.8589477539062,8260890.0,INFY,0.004344743573429843,False
2018-12-04,559.6898351323317,572.7552390476075,558.6495967759067,570.2586669921875,7827923.0,INFY,0.022227337731528518,False
2018-12-05,568.3862333033383,568.9271775614118,559.6482311808126,567.0547485351562,5177288.0,INFY,-0.005618359952212937,False
2018-12-06,562.6441484561432,570.4251624816944,553.0323554061258,556.3195190429688,8039771.0,INFY,-0.0189315573494786,False
2018-12-07,559.232078319513,570.6746989696518,553.9060382088406,568.2197265625,5553948.0,INFY,0.021390958095453882,False
2018-12-10,557.4845822353237,569.0520027383362,553.5732757026369,556.9020385742188,5121196.0,INFY,-0.019917801968524884,False
2018-12-11,556.902142669931,567.4709769212997,549.7452706825388,561.312744140625,7120933.0,INFY,0.007920074377351094,False
2018-12-12,563.476452919485,566.4307713266476,558.0672119269607,564.6415405273438,6926183.0,INFY,0.0059303773546335314,False
2018-12-13,567.5540680073786,582.5335008873387,565.889686576272,580.6610717773438,7521474.0,INFY,0.028371152492674634,False
2018-12-14,580.4114778481547,593.9345782137087,577.8733060919682,587.5682983398438,9560576.0,INFY,0.011895453127859446,False
2018-12-17,592.3950418870146,592.3950418870146,576.500216818068,577.8733520507812,4778465.0,INFY,-0.016500118056837487,False
2018-12-18,571.2989504496629,571.2989504496629,561.3542608185812,563.0602416992188,8021298.0,INFY,-0.02563383533605268,False
2018-12-19,558.8577320803576,558.8577320803576,550.1613278984041,553.2820434570312,8295459.0,INFY,-0.017366167095511087,False
2018-12-20,549.2458587272863,558.857651096436,546.2499925422932,555.11279296875,11705260.0,INFY,0.0033088901643723023,False
2018-12-21,548.829721929236,548.829721929236,535.4730724411653,537.7615966796875,12802132.0,INFY,-0.0312570643459108,False
2018-12-24,546.7491993015095,548.2471321547183,538.9265877005912,540.0916748046875,8379825.0,INFY,0.004332920274312313,False
2018-12-25,546.7491993015095,548.2471321547183,538.9265877005912,540.0916748046875,8379825.0,INFY,0.0,False
2018-12-26,538.4273848418065,538.4273848418065,530.3967242406887,535.972412109375,6178552.0,INFY,-0.007626969434035735,False
2018-12-27,543.2124626347841,551.9504647147002,540.0917476062426,546.5828247070312,15333902.0,INFY,0.019796564819255957,False
2018-12-28,552.0336927589905,552.1585416839125,543.6701861972622,546.7077026367188,4736598.0,INFY,0.00022847027759143046,False
2018-12-31,549.245860386355,550.9102417814652,545.7506492980458,548.3720703125,3373319.0,INFY,0.0030443464903717743,False
2019-01-01,550.0365243347873,554.4887248374226,544.3776370027874,553.448486328125,2943390.0,INFY,0.009257247570490179,False
2019-01-02,554.2389284888359,560.8964531553685,550.9517655261591,556.777099609375,7416655.0,INFY,0.006014314545033539,False
2019-01-03,559.2321357132133,563.3930891039366,551.8256183605706,556.8604125976562,6827249.0,INFY,0.0001496343659603827,False
2019-01-04,559.0242032259765,560.8134338697989,541.7562430965548,550.1197509765625,7889310.0,INFY,-0.012104759951690136,False
2019-01-07,553.406855691794,560.5636759144103,550.4941880302582,558.9825439453125,8046340.0,INFY,0.016110661275144045,False
2019-01-08,561.6871297955935,563.7676065703065,556.3610889351722,557.609375,8621545.0,INFY,-0.002456550674410418,False
2019-01-09,571.0493843247743,574.0452511352715,552.5747368789756,562.6442260742188,18130292.0,INFY,0.009029351549583842,False
2019-01-10,567.2210852569631,567.5539818097817,559.6897705836062,565.6399536132812,9572493.0,INFY,0.0053243726679022,False
2019-01-11,566.0562096337932,570.4668108501309,559.6483301192021,568.8024291992188,12281903.0,INFY,0.005590969247726951,False
2019-01-14,588.358837401619,591.0218578567815,579.163140129804,584.1146850585938,19312937.0,INFY,0.026920166077581964,False
2019-01-15,588.5253291651422,607.4992687709153,588.5253291651422,604.6697998046875,19671304.0,INFY,0.035190203690961486,False
2019-01-16,607.4159958553774,613.9902717322299,606.2509085896629,613.1580810546875,9658944.0,INFY,0.01403787861199901,False
2019-01-17,612.3259870153353,614.9890077623305,606.75029843726,610.287109375,6903771.0,INFY,-0.004682269986149734,False
2019-01-18,607.4993255195755,612.6589189907872,604.4202091905539,608.2899169921875,5902151.0,INFY,-0.0032725455808133574,False
2019-01-21,614.3232296852407,624.9752612632393,610.8280183318477,619.9821166992188,8129422.0,INFY,0.019221426133192665,False
2019-01-22,616.861353890585,623.3108317896097,610.8279713398845,620.2733154296875,6723375.0,INFY,0.0004696889194466536,False
2019-01-23,617.7767757756257,617.9848234607111,606.8334980158653,608.8723754882812,7212099.0,INFY,-0.018380510103853775,False
2019-01-24,609.2489840227174,615.9431085050859,603.307968973462,612.5123901367188,7429783.0,INFY,0.005978288381893515,False
2019-01-25,609.1652743669717,617.4492731148181,606.0274037915924,611.1316528320312,5543112.0,INFY,-0.002254219387103795,False
2019-01-28,611.675537466966,613.0143417439323,601.6343521733907,609.1234130859375,7944693.0,INFY,-0.003286100035544526,False
2019-01-29,607.0733464537813,613.2235522088587,599.542457248979,609.0816040039062,6760819.0,INFY,-6.863811361224048e-05,False
2019-01-30,609.0814896044482,614.8551396004394,603.3914446385185,607.407958984375,5763026.0,INFY,-0.002747817383630169,False
2019-01-31,607.4917534748023,628.6619104269257,607.4917534748023,627.1975708007812,13825233.0,INFY,0.03258042889246249,False
2019-02-01,628.7036328000394,638.0335869927756,622.971810512946,633.4732055664062,6276585.0,INFY,0.010005833979255474,False
2019-02-04,633.4313467153656,638.0335559715538,626.9045874391917,632.5109252929688,3945391.0,INFY,-0.0015190544209002788,False
2019-02-05,625.0637968404512,635.899919731023,625.0637968404512,631.6323852539062,4694366.0,INFY,-0.0013889721172097858,False
2019-02-06,632.2181316644517,641.7572783158081,631.2140029002915,638.7030639648438,5880482.0,INFY,0.011194294143254124,False
2019-02-07,638.4938809493487,643.8492003801566,636.7785219522046,639.288818359375,3961797.0,INFY,0.0009170997096759059,False
2019-02-08,635.9417149169789,646.1920912429433,631.6742317325633,636.69482421875,5915169.0,INFY,-0.00405762476384619,False
2019-02-11,641.7154982821974,643.2634940667155,635.1050302395278,638.2847290039062,5500216.0,INFY,0.002497122207812952,False
2019-02-12,636.2345077713197,636.2345077713197,620.0431188220153,627.9505615234375,7310690.0,INFY,-0.016190529102264484,False
2019-02-13,636.2345077713197,636.2345077713197,620.0431188220153,627.9505615234375,7310690.0,INFY,0.0,False
2019-02-14,628.4108833508083,630.0844143317692,616.9053578567023,619.248291015625,4610535.0,INFY,-0.013858209612394257,False
2019-02-15,621.1310433077197,624.6454687515553,613.0144074444152,620.8381958007812,5586389.0,INFY,0.0025674754508384634,False
2019-02-18,621.1728068352779,625.6077045455282,615.8593666954855,620.0850219726562,5346825.0,INFY,-0.0012131563960131597,False
2019-02-19,618.4533947717646,619.6667150281859,603.5589782637268,606.0692749023438,9401334.0,INFY,-0.02260294407003194,False
2019-02-20,608.3284784826564,621.7167256019445,607.5335410955266,619.7921752929688,5210675.0,INFY,0.02264246177606699,False
2019-02-21,617.5327354226504,617.5327354226504,608.4119740505777,613.7254638671875,7202786.0,INFY,-0.009788299477826667,False
2019-02-22,612.9306275397231,617.7002003165692,609.1651834114928,614.980712890625,3750833.0,INFY,0.0020452940236959094,False
2019-02-25,615.4828133539605,634.2682078238514,615.4828133539605,631.6742553710938,6547552.0,INFY,0.027144822805910795,False
2019-02-26,626.4025886041949,629.749650367663,619.3319614865563,621.29833984375,8319610.0,INFY,-0.016426054155473158,False
2019-02-27,623.390274852038,624.5617669383225,613.1398978494374,615.2318115234375,5936354.0,INFY,-0.009764275761364738,False
2019-02-28,618.118555434839,621.2145973499709,612.7632369290917,614.436767578125,8559921.0,INFY,-0.0012922672892089482,False
2019-03-01,615.4409457117025,622.0514127362248,615.4409457117025,620.7962646484375,3998826.0,INFY,0.010350124546386175,False
2019-03-04,615.4409457117025,622.0514127362248,615.4409457117025,620.7962646484375,3998826.0,INFY,0.0,False
2019-03-05,619.6248490577672,621.2983800477949,611.048002733875,612.9307250976562,4826505.0,INFY,-0.012670081955527879,False
2019-03-06,615.9430604508611,615.9430604508611,608.32851487508,612.9307250976562,6076668.0,INFY,0.0,False
2019-03-07,614.185760974023,614.6041436449862,602.9312569106913,604.9395141601562,5951551.0,INFY,-0.013037706563375107,False
2019-03-08,604.93963022333,604.93963022333,594.647424757402,596.0698852539062,7193994.0,INFY,-0.014662009504477158,False
2019-03-11,596.8647729852706,601.2159634501318,593.6014184407064,595.1494140625,9932198.0,INFY,-0.0015442336782609534,False
2019-03-12,593.2666894823636,598.2454540020323,590.4216665933791,591.5513305664062,11997387.0,INFY,-0.00604568098544056,False
2019-03-13,594.103556011784,601.2997195008263,591.0075131815245,592.8065795898438,11348867.0,INFY,0.002121961288187091,False
2019-03-14,597.4504619577814,598.2035712042168,590.9237024197223,592.7227172851562,6415187.0,INFY,-0.00014146655515445694,False
2019-03-15,595.7769484595875,605.6089416399248,593.7686911258253,601.2577514648438,14638664.0,INFY,0.014399708212265772,False
2019-03-18,603.7681421108302,605.5672083819586,590.2125306661821,594.2708740234375,8065544.0,INFY,-0.011620436367571374,False
2019-03-19,596.4464376535681,607.9101352077655,591.9279346008663,604.3538818359375,8917337.0,INFY,0.01696702337813427,False
2019-03-20,608.5376541562013,621.1309635637127,608.4539980427062,618.3278198242188,13471173.0,INFY,0.02312211174325629,False
2019-03-21,608.5376541562013,621.1309635637127,608.4539980427062,618.3278198242188,13471173.0,INFY,0.0,False
2019-03-22,623.3902287073048,624.519841578804,612.7632978155909,621.8003540039062,8883260.0,INFY,0.005616008318491517,False
2019-03-25,621.2147050599224,621.2147050599224,611.299003601895,615.2318115234375,7644966.0,INFY,-0.010563748377067528,False
2019-03-26,615.2318572106947,615.2318572106947,601.7180734442727,608.9561157226562,9406261.0,INFY,-0.010200538533989945,False
2019-03-27,610.8387879791609,612.7633383296046,608.4540268384975,610.5877685546875,7387487.0,INFY,0.002679425971598759,False
2019-03-28,610.8387188573239,623.3901993817894,610.8387188573239,617.365478515625,9277241.0,INFY,0.011100304182281473,False
2019-03-29,610.8387188573239,623.3901993817894,610.8387188573239,617.365478515625,9277241.0,INFY,0.0,False
2019-04-01,620.8800660353369,635.9418466130136,620.8800660353369,631.8416748046875,6584982.0,INFY,0.02344834104405802,False
2019-04-02,635.1049706598853,640.794965452693,631.4231822851871,635.439697265625,7283600.0,INFY,0.005694500069261421,False
2019-04-03,632.5945425510978,634.6864557209096,624.8962918717705,630.3352661132812,6897127.0,INFY,-0.008032911973093193,False
2019-04-04,628.7455735783932,630.7537799960257,623.4739104358479,625.81689453125,7688525.0,INFY,-0.00716820369244453,False
2019-04-05,628.327158325293,636.7366403679755,625.9005182401714,635.35595703125,6276040.0,INFY,0.015242577474909647,False
2019-04-08,638.4938149250469,644.3093445480511,632.0925903919564,642.0082397460938,4919911.0,INFY,0.010470166591223906,False
2019-04-09,644.3094023513702,646.8196987241678,634.4355801661219,636.4437866210938,6730692.0,INFY,-0.008667261228922363,False
2019-04-10,639.2887515865938,641.5480283314911,628.6618210251179,629.8333129882812,7031088.0,INFY,-0.010386578943456737,False
2019-04-11,629.0384769867387,629.0384769867387,619.2483102299217,621.4657592773438,8200995.0,INFY,-0.013285346358129502,False
2019-04-12,621.800426223612,628.8711049539993,619.7085124614923,625.69140625,7043212.0,INFY,0.006799484781864651,False
2019-04-15,606.4038932752568,611.9683525207116,596.2790013307149,608.746826171875,31574803.0,INFY,-0.02708136936014538,False
2019-04-16,609.0814823966288,609.0814823966288,597.534080397094,605.9017333984375,12524411.0,INFY,-0.0046736880606490505,False
2019-04-17,609.0814823966288,609.0814823966288,597.534080397094,605.9017333984375,12524411.0,INFY,0.0,False
2019-04-18,604.5630061915296,604.5630061915296,596.4045434782183,600.0026245117188,13801105.0,INFY,-0.00973608187854369,False
2019-04-19,604.5630061915296,604.5630061915296,596.4045434782183,600.0026245117188,13801105.0,INFY,0.0,False
2019-04-22,600.002730264562,607.2826007985825,598.287371093333,603.3497924804688,6455426.0,INFY,0.0055785888794634975,False
2019-04-23,605.7344388502264,610.8386869009689,601.132229565356,609.33251953125,5516668.0,INFY,0.009915851675667664,False
2019-04-24,609.3325861963318,617.4492209466289,605.8181612344177,616.2359008789062,8285120.0,INFY,0.011329415592272962,False
2019-04-25,616.2360177862848,617.2401466904853,608.370400954185,609.6255493164062,8005235.0,INFY,-0.010726982236951788,False
2019-04-26,611.6755398385893,619.039065534673,610.002008949838,617.5328979492188,6895168.0,INFY,0.012970828800858536,False
2019-04-29,611.6755398385893,619.039065534673,610.002008949838,617.5328979492188,6895168.0,INFY,0.0,False
2019-04-30,617.5329364023968,630.7538210323617,617.5329364023968,628.7037353515625,9920046.0,INFY,0.018089461208368407,False
2019-05-01,617.5329364023968,630.7538210323617,617.5329364023968,628.7037353515625,9920046.0,INFY,0.0,False
2019-05-02,625.0637891724733,626.235281227611,610.420393843801,611.5081787109375,6351352.0,INFY,-0.02735081036381859,False
2019-05-03,604.8977035389561,611.6754825750359,600.9648961041484,605.4833984375,6348116.0,INFY,-0.009852329834962759,False
2019-05-06,598.2872404922709,603.9772348028114,594.6473315558803,601.1322631835938,8858265.0,INFY,-0.0071862172689370896,False
2019-05-07,602.805896146254,609.0816374953386,601.3833845593721,606.2784423828125,5747536.0,INFY,0.00856081018171384,False
2019-05-08,603.3079296069941,607.4917571354754,599.542484831361,601.92724609375,6247642.0,INFY,-0.007176894286330393,False
2019-05-09,601.7599685711829,611.0898738547531,598.9567733220912,603.3497924804688,7396525.0,INFY,0.0023633194808019287,False
2019-05-10,603.1406224532857,607.4918137024931,598.2873922827583,599.8353881835938,8352335.0,INFY,-0.005824820594412916,False
2019-05-13,599.5843219967807,607.8683210578096,595.8607052254674,602.2201538085938,6808993.0,INFY,0.003975700120363745,False
2019-05-14,599.5424611383414,600.588417979127,588.7481661125888,597.3250122070312,10513001.0,INFY,-0.00812849183243769,False
2019-05-15,598.2036859135616,606.8223604865112,596.279084375195,599.207763671875,6668929.0,INFY,0.003151971583924329,False
2019-05-16,602.4711321434904,616.6961449857673,601.7180227994668,613.4327392578125,6468556.0,INFY,0.023739638316380374,False
2019-05-17,613.4745770660766,615.691974745923,602.5547476738263,605.7344970703125,8155948.0,INFY,-0.012549447877226227,False
2019-05-20,602.2201540373762,607.8264932272247,590.7564562164862,604.4794311523438,11213708.0,INFY,-0.002071973651887049,False
2019-05-21,604.6886735258546,604.6886735258546,592.179017751616,593.517822265625,8645535.0,INFY,-0.018133965064488944,False
2019-05-22,594.1034174183801,601.0067317757064,591.5931212884433,593.8942260742188,5795713.0,INFY,0.0006341912483047718,False
2019-05-23,598.2873298048067,599.7098413628212,583.6021055603841,586.6144409179688,7233736.0,INFY,-0.012257713304220985,False
2019-05-24,588.9155280606531,595.5678237670998,586.1123841626695,593.43408203125,7016424.0,INFY,0.011625423169960625,False
2019-05-27,591.9278548917702,597.2831227225844,590.3379802284359,592.5135498046875,10247544.0,INFY,-0.0015511954140072781,False
2019-05-28,595.7769981029726,613.7256271506934,593.9361039056482,609.2489013671875,23860490.0,INFY,0.028244673169105727,False
2019-05-29,607.0733743560929,613.8930336560646,605.5253785994679,608.9979248046875,10293077.0,INFY,-0.00041194421842505324,False
2019-05-30,608.3284013464927,616.9052460697411,604.6047853741741,613.8092041015625,15089296.0,INFY,0.007900321332651616,False
2019-05-31,616.2778345545604,621.6749826276082,613.5165184227108,617.3237915039062,8290306.0,INFY,0.005725862986183161,False
2019-06-03,610.6714145468102,628.327196166319,610.0020124019434,623.097412109375,7744761.0,INFY,0.009352661739155055,False
2019-06-04,616.9052622382629,618.7461562464093,613.4745446878889,615.2735595703125,11733702.0,INFY,-0.012556387471705843,False
2019-06-05,616.9052622382629,618.7461562464093,613.4745446878889,615.2735595703125,11733702.0,INFY,0.0,False
2019-06-06,616.2777064437894,623.0973647647118,613.8929455238676,615.5245971679688,7563925.0,INFY,0.0004080097279517414,False
2019-06-07,615.7338812281629,622.5117125147983,615.7338812281629,618.453369140625,3218358.0,INFY,0.004758172112262482,False
2019-06-10,619.2900095290115,631.0047243235122,619.2900095290115,630.502685546875,4435148.0,INFY,0.019482982885182132,False
2019-06-11,631.7579114868176,635.1049732695293,627.9924669812672,631.6742553710938,5733127.0,INFY,0.0018581519969300686,False
2019-06-12,633.3896770586567,633.3896770586567,623.39031877793,630.7538452148438,8738342.0,INFY,-0.0014570961985925779,False
2019-06-13,627.9533757663193,634.0632027541085,627.9533757663193,630.2021484375,4808577.0,INFY,-0.0008746625669096009,False
2019-06-14,631.2205489294588,632.6207362663894,626.4684889988758,628.3353881835938,5556353.0,INFY,-0.0029621610439358736,False
2019-06-17,630.4993339333963,631.7722128040559,626.0866768230616,628.4202880859375,3085588.0,INFY,0.00013511876609273443,False
2019-06-18,628.1232114306342,638.51838734678,628.1232114306342,636.566650390625,6202838.0,INFY,0.01296323886916495,False
2019-06-19,638.5608275503222,641.021747138043,635.2513221452588,638.0516967773438,4596253.0,INFY,0.0023329000754397367,False
2019-06-20,626.0865048581953,642.2945224356091,624.4742231410103,640.5973510742188,7148684.0,INFY,0.003989730471265052,False
2019-06-21,640.6822712562738,640.6822712562738,634.0208935242146,636.6090698242188,13200318.0,INFY,-0.006225878460646261,False
2019-06-24,638.051574375308,638.051574375308,630.2021570706991,632.62060546875,4758178.0,INFY,-0.006265170486135285,False
2019-06-25,631.3479059498877,637.203169343465,625.6623700940438,634.8270874023438,3677911.0,INFY,0.003487843921806455,False
2019-06-26,630.499274010278,637.6698346588798,626.2563448446638,627.274658203125,5447130.0,INFY,-0.011896828835900264,False
2019-06-27,629.6505196489261,631.9417111438258,617.8976297233054,619.9342041015625,11122346.0,INFY,-0.01170213718276103,False
2019-06-28,624.1348451708184,627.5291883124679,618.1947446729316,621.164794921875,5919494.0,INFY,0.001985034560394894,False
2019-07-01,623.7104559909642,625.8319201269878,619.3402191533322,620.5706787109375,3224968.0,INFY,-0.0009564550595824173,False
2019-07-02,622.862036957612,629.353739667855,619.55253130267,627.9535522460938,4837606.0,INFY,0.011896910035279262,False
2019-07-03,628.801969917421,630.6688687158335,619.4675277189168,620.5706787109375,5958379.0,INFY,-0.01175703761647473,False
2019-07-04,618.61899855264,624.8985536861002,618.2795435424563,622.6921997070312,3274064.0,INFY,0.0034186613529672005,False
2019-07-05,623.7105031133029,624.8985438366578,605.4659101650907,609.2845458984375,4926289.0,INFY,-0.021531751666235555,False
2019-07-08,607.9691649579772,615.1821425755273,604.4475139919867,608.9450073242188,7177092.0,INFY,-0.0005572742268032949,False
2019-07-09,609.2845502489517,610.8544131220012,601.689697655242,607.1630859375,5022638.0,INFY,-0.0029262435282108035,False
2019-07-10,601.6472998506393,613.2729350442659,599.5258354647062,608.6481323242188,7573816.0,INFY,0.0024458772628210834,False
2019-07-11,610.5149264626531,613.9516878187533,602.1563271418555,612.2545166015625,6252688.0,INFY,0.005925236743226758,False
2019-07-12,613.1032272249635,619.9767513387097,610.642307740821,616.709716796875,7874441.0,INFY,0.007276712665252205,False
2019-07-15,647.4709794993605,663.2971257314183,640.0034346554603,661.3453369140625,31064152.0,INFY,0.07237703396181305,False
2019-07-16,659.3511347165739,668.5158505546938,658.5025489576079,666.0125122070312,9924322.0,INFY,0.007057092614800142,False
2019-07-17,665.2064146868779,674.6256961420003,659.1390056330802,673.9044189453125,6754348.0,INFY,0.011849487199766084,False
2019-07-18,669.5765914175817,677.5957373022892,667.1581426906602,672.6739501953125,6534471.0,INFY,-0.0018258802218951153,False
2019-07-19,669.2795092844959,674.2012956720372,662.9575358637874,666.4791870117188,6812754.0,INFY,-0.009209161707235847,False
2019-07-22,666.9459126542217,672.0798455602061,663.6364078488125,665.630615234375,7107151.0,INFY,-0.0012732157190811222,False
2019-07-23,667.8369946830927,682.2629526368571,666.6065349694999,670.4251708984375,10782564.0,INFY,0.007203027556619057,False
2019-07-24,668.6855871255328,673.5649553057001,664.9517890180658,667.2429809570312,5745146.0,INFY,-0.004746525159760595,False
2019-07-25,668.8976336719857,679.038242473298,668.3885030031691,674.2012939453125,9773568.0,INFY,0.010428454381492092,False
2019-07-26,672.3344691455734,674.6256609944559,663.7637739182892,667.8369750976562,4941763.0,INFY,-0.009439790319020758,False
2019-07-29,669.9584675992359,676.2804419650602,667.1581449078191,671.6132202148438,6244316.0,INFY,0.005654441514915121,False
2019-07-30,671.9950919380683,677.0017169046137,669.1522985326085,672.6739501953125,8673253.0,INFY,0.0015793762667886124,False
2019-07-31,671.103899359864,678.6987508195317,663.2544825795455,673.47998046875,7350584.0,INFY,0.0011982480861694178,False
2019-08-01,667.3701971627333,669.0249495448003,648.658893872734,652.43505859375,10066407.0,INFY,-0.03124802887288869,False
2019-08-02,649.2105166479282,661.812046091557,646.8344869104138,658.1630859375,10838336.0,INFY,0.008779459761246056,False
2019-08-05,655.6173857041751,666.9036185775585,652.265513140369,659.0966186523438,9976238.0,INFY,0.0014183911780982772,False
2019-08-06,660.8784604625914,665.0365506548779,653.2411899985549,657.1871337890625,9331718.0,INFY,-0.002897124350577873,False
2019-08-07,660.9635452150894,664.8246005085314,655.4052664128436,658.5874633789062,5130457.0,INFY,0.0021307927648706038,False
2019-08-08,664.1881485368909,672.7164258857159,662.9576887079351,669.3220825195312,8009009.0,INFY,0.016299458671063416,False
2019-08-09,672.0799122039562,676.1106945056844,665.970084461571,670.2554321289062,4362520.0,INFY,0.0013944700671784105,False
2019-08-12,672.0799122039562,676.1106945056844,665.970084461571,670.2554321289062,4362520.0,INFY,0.0,False
2019-08-13,665.4185789684701,666.9884419885482,645.05251967111,648.9559936523438,7517099.0,INFY,-0.0317780915387883,False
2019-08-14,657.73881830534,660.4118842336059,651.7138799761121,657.4842529296875,5940968.0,INFY,0.013141506297440042,False
2019-08-15,657.73881830534,660.4118842336059,651.7138799761121,657.4842529296875,5940968.0,INFY,0.0,False
2019-08-16,661.8968975101864,661.9393164397753,647.0466466045092,657.2720947265625,5128088.0,INFY,-0.000322681801396274,False
2019-08-19,658.1630677893176,664.4426228736196,656.2537499074969,659.9027099609375,3881451.0,INFY,0.0040023230188548364,False
2019-08-20,666.3095574197249,677.1714449244619,665.1639355533001,672.7163696289062,8435344.0,INFY,0.019417498177461967,False
2019-08-21,672.9284672865844,682.0507636590065,672.9284672865844,678.40185546875,5926896.0,INFY,0.008451534846669606,False
2019-08-22,678.7837972555803,679.9717862908961,672.3769330768054,675.2197265625,5222488.0,INFY,-0.004690625299146989,False
2019-08-23,675.8561663498708,687.3120745749704,675.3045648660504,680.7355346679688,6895015.0,INFY,0.008168908413783038,False
2019-08-26,675.3895277050055,684.6390827906472,667.7522547273851,681.0325927734375,5412074.0,INFY,0.00043637813855812446,False
2019-08-27,671.2314563665348,674.5833810775224,662.830435120624,665.8429565429688,16061642.0,INFY,-0.022303831551747755,False
2019-08-28,668.1763675218431,683.1114543784073,667.2428922223339,680.989990234375,5881134.0,INFY,0.02274865798693604,False
2019-08-29,675.0499188076244,687.0998460074028,675.0499188076244,684.7662353515625,7830413.0,INFY,0.005545228522210399,False
2019-08-30,687.3544215321898,693.5915057508909,680.5657358874275,691.5125122070312,8174186.0,INFY,0.009851941446857637,False
2019-09-02,687.3544215321898,693.5915057508909,680.5657358874275,691.5125122070312,8174186.0,INFY,0.0,False
2019-09-03,691.5973768038073,697.8769319854633,689.0940385167863,690.9609375,5647088.0,INFY,-0.0007976351798333337,False
2019-09-04,687.9909721957474,697.9194369173231,687.5666792742576,696.9435424804688,6199015.0,INFY,0.008658383789559299,False
2019-09-05,704.4110153581173,710.6905706701207,701.4834359346858,707.762939453125,7926895.0,INFY,0.015524065169108647,False
2019-09-06,715.612345062835,718.7521226634066,708.6115126992303,712.9393310546875,6106841.0,INFY,0.007313736440568874,False
2019-09-09,710.0965597318952,713.0666099175037,702.2471413842159,703.5624389648438,4377870.0,INFY,-0.013152440441141056,False
2019-09-10,710.0965597318952,713.0666099175037,702.2471413842159,703.5624389648438,4377870.0,INFY,0.0,False
2019-09-11,697.7919475577668,703.095607702456,690.8760058052256,695.925048828125,7981036.0,INFY,-0.010855312497858316,False
2019-09-12,692.7854614257812,695.7130409738332,688.0757688445153,692.7854614257812,4400017.0,INFY,-0.004511387264520161,False
2019-09-13,694.2280066296802,705.2172028509347,693.7188758785718,703.732177734375,4832021.0,INFY,0.015801019100581293,False
2019-09-16,706.0657780577628,711.0724548074671,696.307041723661,702.3744506835938,4846496.0,INFY,-0.001929323532074867,False
2019-09-17,705.5989872386043,708.5690370946899,696.3069637587107,705.3868408203125,5540901.0,INFY,0.004288866335879549,False
2019-09-18,704.2413232607271,706.8294993976851,699.2346466992177,704.1988525390625,3199389.0,INFY,-0.0016841656414634532,False
2019-09-19,699.956048599231,701.7805289748169,691.7672258608557,696.4344482421875,6601607.0,INFY,-0.01102586899833713,False
2019-09-20,698.3012164833291,708.569083077567,680.5657540457589,683.1115112304688,22462366.0,INFY,-0.01913020966344514,False
2019-09-23,684.723817825331,684.723817825331,629.5657476654427,648.616455078125,17279260.0,INFY,-0.05049696218734301,False
2019-09-24,649.1681128295278,677.723044653769,649.1681128295278,673.8195190429688,13717998.0,INFY,0.038856652136289194,False
2019-09-25,668.4309601909183,679.7171395399229,663.2970271111578,672.6314697265625,9313576.0,INFY,-0.0017631565765469093,False
2019-09-26,668.4734474252571,676.3228658812185,660.2845739402602,664.060791015625,18442824.0,INFY,-0.012742012672142256,False
2019-09-27,667.8794755905985,673.9893040025937,661.9817936387867,663.7638549804688,5087642.0,INFY,-0.00044715188605259915,False
2019-09-30,666.2246679476037,685.65730281664,665.4185529001838,683.6631469726562,8178091.0,INFY,0.02997947514447441,False
2019-10-01,684.8087532514461,685.2754650913549,671.6980920405208,673.395263671875,5881438.0,INFY,-0.01501892173981978,False
2019-10-02,684.8087532514461,685.2754650913549,671.6980920405208,673.395263671875,5881438.0,INFY,0.0,False
2019-10-03,672.5466069370167,677.0441009271369,665.4185179131174,666.64892578125,5497672.0,INFY,-0.010018392249803942,False
2019-10-04,670.3828541560175,676.8320862127476,667.8795154178597,673.3104858398438,8201713.0,INFY,0.009992606004407767,False
2019-10-07,674.498409958949,680.5658192142587,667.0732841258757,670.0009155273438,3679845.0,INFY,-0.004915370222360105,False
2019-10-08,674.498409958949,680.5658192142587,667.0732841258757,670.0009155273438,3679845.0,INFY,0.0,False
2019-10-09,675.0075644725517,675.3894384296698,660.878590614142,664.9942626953125,6335025.0,INFY,-0.007472605956203249,False
2019-10-10,666.4793151492948,674.3711528147937,659.0117185947562,664.485107421875,10402917.0,INFY,-0.0007656536334220698,False
2019-10-11,663.1697776269294,699.0649452510944,659.0116866467115,691.4276733398438,20636344.0,INFY,0.04054653086583504,False
2019-10-14,667.6246603895411,676.3226620024967,661.8967081078387,667.0730590820312,15150858.0,INFY,-0.03522366141373978,False
2019-10-15,656.0416462120604,658.4601467627168,649.1681221071755,651.9684448242188,13762133.0,INFY,-0.02264311839935218,False
2019-10-16,649.3802980900177,658.4601767134334,646.2405202005193,654.6415405273438,10767032.0,INFY,0.0041000384671159296,False
2019-10-17,650.8653517655539,653.8778211966282,649.2530179211967,652.98681640625,9860495.0,INFY,-0.002527679682167383,False
2019-10-18,648.1498466337287,656.635704934232,644.9252308382512,651.5866088867188,10037200.0,INFY,-0.0021443120815782812,False
2019-10-21,648.1498466337287,656.635704934232,644.9252308382512,651.5866088867188,10037200.0,INFY,0.0,False
2019-10-22,586.4576693093293,586.4576693093293,541.6947650278773,546.107421875,90152532.0,INFY,-0.1618805321857939,False
2019-10-23,541.3384796372789,564.2379775715725,528.5353739819345,559.0393676757812,60516887.0,INFY,0.023680223492258845,False
2019-10-24,558.5237734032152,561.2734393921497,543.0569612166646,545.9354858398438,25666433.0,INFY,-0.023439998314281896,False
2019-10-25,555.94598304995,560.6719535395555,546.494042070739,547.739990234375,16549337.0,INFY,0.0033053436556798044,False
2019-10-28,555.94598304995,560.6719535395555,546.494042070739,547.739990234375,16549337.0,INFY,0.0,False
2019-10-29,559.3829979597101,561.7459829741329,555.9459288478225,559.082275390625,16709764.0,INFY,0.02070742571013784,False
2019-10-30,567.4600854873581,576.9120247811206,563.8511527224563,567.6318969726562,22879467.0,INFY,0.015292242230461994,False
2019-10-31,574.3343511716492,597.5775238538986,572.3579941951182,589.1137084960938,27405901.0,INFY,0.03784461662215621,False
2019-11-01,592.8944060779976,596.3314750987396,586.5358074114204,591.0899658203125,9713519.0,INFY,0.003354627970318047,False
2019-11-04,585.8484388047144,629.4133017127033,582.7121446047856,609.2205200195312,29381982.0,INFY,0.030673087427659507,False
2019-11-05,609.005801518505,609.005801518505,594.1834380953032,598.1360473632812,12897805.0,INFY,-0.018194516258077886,False
2019-11-06,597.8782403870715,619.9614228329414,594.6130347891828,612.05615234375,21372589.0,INFY,0.02327247294629986,False
2019-11-07,616.0946541643336,622.4102478417876,611.8842234156884,618.7583618164062,13733737.0,INFY,0.010950317952023614,False
2019-11-08,620.3910047378414,622.3243562068998,606.2130939647467,608.4901733398438,8585630.0,INFY,-0.016594827820054947,False
2019-11-11,600.5418527780032,607.673759879313,599.7684913381897,605.267822265625,6951494.0,INFY,-0.005295650144244934,False
2019-11-12,600.5418527780032,607.673759879313,599.7684913381897,605.267822265625,6951494.0,INFY,0.0,False
2019-11-13,598.4797525451842,601.4871884876223,590.961162689089,594.0545043945312,9973690.0,INFY,-0.01852620849580322,False
2019-11-14,598.3506858674183,609.9078400444262,598.3506858674183,606.0411376953125,10539902.0,INFY,0.020177665874275608,False
2019-11-15,609.2635133237978,612.6146770181326,603.4634586228076,604.8383178710938,7362623.0,INFY,-0.0019847164646163984,False
2019-11-18,605.7833972953256,610.0797334463563,600.8855635940487,605.9552612304688,7490916.0,INFY,0.0018466808837549475,False
2019-11-19,609.9939506748842,613.5169260507491,605.7835194198573,612.5287475585938,6495885.0,INFY,0.010848138053586087,False
2019-11-20,612.4857898401606,614.3761886018857,605.7835146354258,612.6576538085938,6142171.0,INFY,0.0002104493062795587,False
2019-11-21,614.8057268305155,619.9183775357486,610.5093905144392,612.8723754882812,9692973.0,INFY,0.000350475797294969,False
2019-11-22,611.5834392922528,611.7982560956572,588.683947071143,595.64404296875,14415826.0,INFY,-0.028110799586627322,False
2019-11-25,595.772972437411,605.9123687203597,595.6441138073487,599.8544921875,7334511.0,INFY,0.007068733866227639,False
2019-11-26,605.783567790476,607.7169196025733,589.4574858216547,593.4100952148438,27253106.0,INFY,-0.010743267003228363,False
2019-11-27,596.5463041688656,599.4678338747251,592.9803240083766,597.835205078125,3861635.0,INFY,0.007457085578699507,False
2019-11-28,600.713736164739,604.3656221150429,596.374446877598,603.0767211914062,4837683.0,INFY,0.008767493230172452,False
2019-11-29,602.2604772514035,603.4634200154866,594.2262964530142,598.3507690429688,4262379.0,INFY,-0.007836402869441206,False
2019-12-02,604.1507641654501,604.9241256451888,593.1521541882757,595.2144165039062,9383736.0,INFY,-0.00524166208406307,False
2019-12-03,595.2145673940438,601.2294394863414,591.6485865325441,600.0693969726562,5239013.0,INFY,0.008156691662924764,False
2019-12-04,598.909317089896,610.5094258140188,595.7729704196124,609.0916137695312,7427886.0,INFY,0.015035288988893614,False
2019-12-05,607.0294390366008,615.1495261054678,604.7523595466082,614.2472534179688,4814422.0,INFY,0.008464473212051571,False
2019-12-06,615.192444818055,618.6724669555772,609.736065899124,614.4620361328125,5226096.0,INFY,0.00034966817295245534,False
2019-12-09,615.2354250855045,620.691751801841,613.7317072169296,616.3095092773438,6435865.0,INFY,0.0030066514054449822,False
2019-12-10,612.6576479900766,617.3836186267462,610.0798458246204,613.989501953125,4457939.0,INFY,-0.003764354255930691,False
2019-12-11,615.7510175251946,620.9925802998907,612.6576757646197,619.5747680664062,6043554.0,INFY,0.009096680147647973,False
2019-12-12,617.3836949020995,619.2740938794226,601.1005653894803,603.2916870117188,11112042.0,INFY,-0.02628105903264011,False
2019-12-13,601.7879107674444,612.5717587400071,601.7879107674444,611.1968994140625,10302412.0,INFY,0.013103466486502624,False
2019-12-16,612.0561417093245,618.8443749609667,610.2517011971252,613.5169067382812,5616324.0,INFY,0.0037958427577804432,False
2019-12-17,618.4147118982148,628.3392391349352,614.3761449319367,627.0073852539062,10525565.0,INFY,0.02198876407065309,False
2019-12-18,628.1245350491118,633.5379097457925,621.0355782582019,629.3704833984375,12215295.0,INFY,0.003768852170017656,False
2019-12-19,630.2725627150136,632.3777780829872,622.625062789073,627.9954833984375,7199210.0,INFY,-0.0021847227289327753,False
2019-12-20,628.1243983358523,631.5614675469924,625.7614132531935,628.5969848632812,7794167.0,INFY,0.0009578117689457155,False
2019-12-23,629.1125572966108,633.537752302075,628.6829236584776,632.4207153320312,4975608.0,INFY,0.006082960244522484,False
2019-12-24,633.2370338693783,633.2370338693783,625.8043509029251,630.1866455078125,2890759.0,INFY,-0.0035325690162534285,False
2019-12-25,633.2370338693783,633.2370338693783,625.8043509029251,630.1866455078125,2890759.0,INFY,0.0,False
2019-12-26,628.9836698409637,631.1747909886018,624.3006525203946,626.3629150390625,3821806.0,INFY,-0.006067615834145168,False
2019-12-27,627.0503253676085,633.709647082715,626.276963803132,633.237060546875,3399094.0,INFY,0.010974700677136573,False
2019-12-30,632.5066324199013,634.0963083767983,624.9021378668292,629.7570190429688,5368416.0,INFY,-0.005495637764632466,False
2019-12-31,627.0073478470914,633.924438996651,623.3554618887915,628.2532958984375,6927885.0,INFY,-0.0023877830640401942,False
2020-01-01,631.561560316586,635.8578974615967,629.4563446264264,633.1511840820312,2112415.0,INFY,0.007796040570848817,False
2020-01-02,634.9127055572154,636.5452821568949,628.0385663277771,631.3037719726562,5658200.0,INFY,-0.0029178056613026193,False
2020-01-03,630.6163140268093,642.7319623931803,630.6163140268093,641.013427734375,7882938.0,INFY,0.01538032274285106,False
2020-01-06,641.0993785171215,647.7157479073298,632.8504325536925,634.8696899414062,6519403.0,INFY,-0.009584413566317118,False
2020-01-07,634.1392721765393,638.091880808106,623.0547029448412,625.460693359375,7899363.0,INFY,-0.014820358777719589,False
2020-01-08,622.9257861994387,626.4058079768749,608.6189659032445,617.125732421875,8639443.0,INFY,-0.013326114695925262,False
2020-01-09,620.133340483562,628.5541511583006,613.7747402591851,625.1600341796875,13521186.0,INFY,0.013018905768654943,False
2020-01-10,636.244492808629,638.3497082159341,627.6947725496843,634.2681884765625,9341405.0,INFY,0.014569316333259197,False
2020-01-13,653.0431566810477,668.0803346309402,648.7468201239355,664.6862182617188,36952038.0,INFY,0.047957678372955836,False
2020-01-14,661.592888406991,667.607759691393,659.2299032595474,666.49072265625,11414418.0,INFY,0.0027148214374752566,False
2020-01-15,664.944013428589,664.944013428589,654.8906274563863,659.5306396484375,6047430.0,INFY,-0.010442880555146528,False
2020-01-16,662.2374053844961,663.7840762380827,653.25805043366,659.05810546875,5740586.0,INFY,-0.0007164703977049491,False
2020-01-17,662.2373344441845,664.127733038518,654.976515096355,659.7883911132812,3762957.0,INFY,0.0011080747486018616,False
2020-01-20,663.0106768415801,665.416667416314,655.5780456130107,660.3040161132812,3887680.0,INFY,0.0007815005643398987,False
2020-01-21,660.3039348535362,662.0654222432121,653.6875664782915,655.1912841796875,4448374.0,INFY,-0.007742996875422015,False
2020-01-22,660.3038995664637,668.5098909521603,658.1986844079111,661.8076171875,9733935.0,INFY,0.010098322684643612,False
2020-01-23,667.7366809288342,674.9545481250569,667.3930054333838,673.9663696289062,12528017.0,INFY,0.018372034599839715,False
2020-01-24,666.5765599969933,675.8136828071354,664.7291144567608,672.5914306640625,7540490.0,INFY,-0.0020400705833449884,False
2020-01-27,669.4122617899837,674.3530493717882,665.4166998215759,668.595947265625,3741610.0,INFY,-0.005940431614617325,False
2020-01-28,671.087811859837,671.7752152625233,663.3544055772012,668.510009765625,5121009.0,INFY,-0.0001285342819552504,False
2020-01-29,675.8995945629215,681.227061975943,673.8803375135111,678.5633544921875,6832757.0,INFY,0.015038435595133626,False
2020-01-30,678.5634848224805,678.5634848224805,668.5100456266517,670.830078125,3859680.0,INFY,-0.01139654288135672,False
2020-01-31,670.7011441328964,674.4819415896598,663.0106905794573,666.74853515625,6092028.0,INFY,-0.006084317179334109,False
2020-02-03,671.9470147414929,679.6374674069847,656.9098373016258,659.4017333984375,6416745.0,INFY,-0.011018849491871485,False
2020-02-04,661.7217595518065,678.7352948915391,661.7217595518065,676.9737548828125,5771311.0,INFY,0.02664843083413193,False
2020-02-05,671.0877950146051,675.3841317304477,665.4166515278996,674.13818359375,6310409.0,INFY,-0.004188598551436273,False
2020-02-06,673.9663748132103,676.0715904654292,661.6359084074614,662.7958984375,7341622.0,INFY,-0.016824866818529127,False
2020-02-07,666.7485183432282,669.2403622194024,662.4951344230042,667.9085083007812,2853344.0,INFY,0.007713701722255495,False
2020-02-10,665.0728403110519,668.5099092532279,661.4209545599899,664.3854370117188,3827682.0,INFY,-0.00527478126910752,False
2020-02-11,669.3692355980739,669.4551413510103,660.948426435237,664.6862182617188,4312817.0,INFY,0.0004527210159104289,False
2020-02-12,666.6195231993272,673.0210747118617,666.0180256341979,671.1306762695312,2948825.0,INFY,0.009695489135709723,False
2020-02-13,674.5248286932491,682.2582343725347,672.1188907487963,680.7545166015625,4387430.0,INFY,0.014339741383191162,False
2020-02-14,682.6878429565338,686.7264095965432,674.1810760434396,675.770751953125,5321680.0,INFY,-0.007320942464425051,False
2020-02-17,679.0789890956455,681.7857022776892,673.0641175315645,678.3486328125,2929629.0,INFY,0.003814726890627229,False
2020-02-18,674.5247797446999,686.597473912175,673.3647899551901,685.39453125,5083346.0,INFY,0.010386839593509611,False
2020-02-19,687.4139173269309,691.5813432225175,684.105758828003,687.8005981445312,3985192.0,INFY,0.003510484523626234,False
2020-02-20,690.2065418774689,692.655432999293,682.1294073061725,684.8361206054688,4564569.0,INFY,-0.004310082816240235,False
2020-02-21,690.2065418774689,692.655432999293,682.1294073061725,684.8361206054688,4564569.0,INFY,0.0,False
2020-02-24,687.4997866327781,697.3813611703688,680.6686531479877,683.847900390625,6627536.0,INFY,-0.0014430024718469214,False
2020-02-25,686.5546019237387,692.5694732797665,683.4612604902738,686.0390625,6996695.0,INFY,0.003204165879756804,False
2020-02-26,682.2152342204753,688.6597385066209,670.6580793782189,672.5914306640625,8760569.0,INFY,-0.01960184568344092,False
2020-02-27,668.5100145994749,670.8729998695887,663.5262743370657,668.381103515625,5223386.0,INFY,-0.006259858446725275,False
2020-02-28,644.4504721445045,650.2934792695119,620.4339407268166,628.7258911132812,14123957.0,INFY,-0.05933024167463874,False
2020-03-02,633.2799270559657,658.1127701398912,630.487308653073,636.7599487304688,9821523.0,INFY,0.012778315209767577,False
2020-03-03,648.7467574562573,652.183826369933,636.9318330654977,641.8726196289062,7826587.0,INFY,0.00802919673046465,False
2020-03-04,647.8016904496086,654.332101475623,640.6267764513437,651.9691162109375,11013444.0,INFY,0.01572975115821018,False
2020-03-05,656.2653928549879,664.6862018093927,645.954185373142,648.403076171875,7755293.0,INFY,-0.005469645647921628,False
2020-03-06,636.7170538393751,639.2948556767816,626.4917522394582,634.95556640625,9216022.0,INFY,-0.02073942931458339,False
2020-03-09,622.5392134734986,623.6992034520741,598.9093606501428,605.3109130859375,10308654.0,INFY,-0.04668776035478617,False
2020-03-10,622.5392134734986,623.6992034520741,598.9093606501428,605.3109130859375,10308654.0,INFY,0.0,False
2020-03-11,593.4530115851985,598.0071180152542,574.8928055039582,589.4573974609375,16165009.0,INFY,-0.026190698502653986,False
2020-03-12,573.990531621809,575.7090661476228,539.1902074740797,542.3695068359375,13965574.0,INFY,-0.07988345014894893,False
2020-03-13,508.6862307304778,573.1312768534269,489.7823505344128,551.9503173828125,16903113.0,INFY,0.01766472935170582,False
2020-03-16,534.464238308704,534.593149376533,498.3750132139041,501.0817260742188,19140152.0,INFY,-0.09216154009983679,False
2020-03-17,505.3351149516307,508.6862786438769,472.59704941576393,476.8504333496094,16059887.0,INFY,-0.04835796530528502,False
2020-03-18,488.0638247487912,496.65649771972056,453.69313286507344,459.10650634765625,15390183.0,INFY,-0.03721067605477868,False
2020-03-19,437.58189108801673,479.471173740036,437.58189108801673,468.7732849121094,16583991.0,INFY,0.02105563399951693,False
2020-03-20,472.16732098849,530.5545370484156,470.87842020326207,502.8431701660156,21354894.0,INFY,0.07267881159288758,False
2020-03-23,464.0043907747818,482.0060530911666,443.2960676461892,452.361328125,17146150.0,INFY,-0.1003928163613097,False
2020-03-24,448.5376066291342,516.5486459305157,448.5376066291342,506.7959289550781,20027097.0,INFY,0.12033433772003677,False
2020-03-25,512.9825481945646,545.6347036910361,486.0874937615732,520.8878173828125,18339548.0,INFY,0.02780584377776929,False
2020-03-26,528.4494834888037,559.254200694454,525.9575868973951,552.5089721679688,14843813.0,INFY,0.06070626674287749,False
2020-03-27,571.4556796621503,579.9194936239911,551.8643966613668,560.84375,13495283.0,INFY,0.01508532576281385,False
2020-03-30,537.1279485203846,570.1238326064855,533.6908794466455,538.5028076171875,14624804.0,INFY,-0.03983452143812338,False
2020-03-31,558.5237427233535,568.8349502813231,544.5176962795475,551.219970703125,15175521.0,INFY,0.02361577861071784,False
2020-04-01,545.0762451595822,547.7829584028392,510.4048271235866,517.9663696289062,13083824.0,INFY,-0.06032727920180603,False
2020-04-02,545.0762451595822,547.7829584028392,510.4048271235866,517.9663696289062,13083824.0,INFY,0.0,False
2020-04-03,518.5677419097678,520.715909854713,500.2224086381385,503.2727966308594,10221655.0,INFY,-0.02836781277628897,False
2020-04-06,518.5677419097678,520.715909854713,500.2224086381385,503.2727966308594,10221655.0,INFY,0.0,False
2020-04-07,528.4494219139708,553.5829919806109,526.6449814514958,549.0718383789062,15145605.0,INFY,0.09100241867759751,False
2020-04-08,541.3385108851509,563.3787426636848,538.2021636137175,542.7133178710938,11806896.0,INFY,-0.011580489224480295,False
2020-04-09,555.77418458549,560.9297893635475,543.1429423901444,546.7089233398438,11931114.0,INFY,0.00736227643062759,False
2020-04-10,555.77418458549,560.9297893635475,543.1429423901444,546.7089233398438,11931114.0,INFY,0.0,False
2020-04-13,540.4790946458554,559.9844715077093,537.9442457955366,547.6969604492188,8330276.0,INFY,0.001807245258297785,False
2020-04-14,540.4790946458554,559.9844715077093,537.9442457955366,547.6969604492188,8330276.0,INFY,0.0,False
2020-04-15,559.7267284941587,561.3593048627127,546.1502634816354,549.11474609375,11963447.0,INFY,0.0025886315735044185,False
2020-04-16,532.7027829782867,545.5488398400219,518.5678251427089,536.0538940429688,17783287.0,INFY,-0.02378528739884067,False
2020-04-17,553.3681702752236,555.0867049655194,537.9013580625622,540.2643432617188,8878320.0,INFY,0.007854525945132806,False
2020-04-20,549.9310694176118,567.9756826328771,549.0718021216468,561.3593139648438,13322913.0,INFY,0.039045646758342656,False
2020-04-21,539.4480697711608,555.5163808350769,539.4480697711608,544.088134765625,11660575.0,INFY,-0.030766709965554084,False
2020-04-22,544.0881205149975,554.2274652032556,539.6628724890429,551.520751953125,8266728.0,INFY,0.013660686040694037,False
2020-04-23,555.9889445374286,587.438161931594,548.2984910416214,583.7003173828125,14451289.0,INFY,0.05834697119868748,False
2020-04-24,574.4631477861883,580.0054324071821,562.6482223112272,565.3978881835938,7319940.0,INFY,-0.03135586645092625,False
2020-04-27,568.0185816044666,585.1609730212845,568.0185816044666,571.0689697265625,7183306.0,INFY,0.010030248894610683,False
2020-04-28,578.2868724346782,581.7239415130418,561.1444799172373,567.7178955078125,7296571.0,INFY,-0.00586807267842715,False
2020-04-29,572.2720808473382,586.0203590658929,565.3979417380608,581.3373413085938,8639056.0,INFY,0.02398981238489739,False
2020-04-30,601.4871422683001,618.6724891902516,599.8545133325081,614.8057861328125,16253821.0,INFY,0.05757146917292655,False
2020-05-01,601.4871422683001,618.6724891902516,599.8545133325081,614.8057861328125,16253821.0,INFY,0.0,False
2020-05-04,592.7225486822473,602.5182164777228,576.0097898952575,578.8883666992188,9122740.0,INFY,-0.0584207569995685,False
2020-05-05,585.8054576907331,589.1136156815189,575.7090673308268,578.8883666992188,6393053.0,INFY,0.0,False
2020-05-06,581.6379741199961,585.5476292931716,570.5963594086796,572.18603515625,7934250.0,INFY,-0.011577934414514157,False
2020-05-07,571.8852903326583,579.446831413283,569.2215829169811,571.3697509765625,4779548.0,INFY,-0.0014266062600856166,False
2020-05-08,577.642472388201,585.0751558969512,574.4202198460578,579.3180541992188,8400321.0,INFY,0.013910962575584884,False
2020-05-11,586.4499732496389,600.2412038897027,582.5832701293116,586.793701171875,7370186.0,INFY,0.012904218880231078,False
2020-05-12,583.0129265115975,593.75376893075,580.4351243310009,590.875244140625,7356039.0,INFY,0.0069556693614789555,False
2020-05-13,597.0189415263537,601.4012364583713,587.5240478419239,596.46044921875,8287101.0,INFY,0.009452426943775905,False
2020-05-14,566.2572117743179,577.212871030953,560.7578794829756,565.52685546875,16888262.0,INFY,-0.05186193617785917,False
2020-05-15,571.2409025100194,571.2409025100194,555.6881850326236,560.5000610351562,9255353.0,INFY,-0.008888692703067469,False
2020-05-18,566.9875157564253,576.1816864987078,561.1015556379695,570.4675903320312,10435442.0,INFY,0.017783279592274326,False
2020-05-19,570.5534948607593,579.8335713362592,562.8200890569237,574.506103515625,5902208.0,INFY,0.00707930345568486,False
2020-05-20,574.4201675547478,578.2868702533211,566.815673225758,575.3223876953125,5794636.0,INFY,0.001420845095800205,False
2020-05-21,572.7017137422168,583.8292368989302,571.7565405942183,577.5995483398438,7213225.0,INFY,0.003958060199348967,False
2020-05-22,580.0054890649786,597.9211931934447,578.7165879781676,594.9137573242188,11867731.0,INFY,0.029976147028057953,False
2020-05-25,580.0054890649786,597.9211931934447,578.7165879781676,594.9137573242188,11867731.0,INFY,0.0,False
2020-05-26,595.4723035989442,601.0145887752245,583.4425600918948,584.7744140625,7099606.0,INFY,-0.017043383409593882,False
2020-05-27,589.5002989953427,609.3923572369612,580.0054061686474,606.1701049804688,8774636.0,INFY,0.036587939560026594,False
2020-05-28,607.5020362307574,610.0798383646927,592.894490805124,607.8457641601562,9440091.0,INFY,0.002764338204605865,False
2020-05-29,603.1425665981,610.3715571254415,587.8571591161989,601.8361206054688,28290128.0,INFY,-0.009886790217236818,False
2020-06-01,608.5860763672796,615.4667130203887,602.2715875606066,609.2828369140625,12276438.0,INFY,0.012373328973844355,False
2020-06-02,610.1102484504172,619.8215177801701,607.5408941598197,616.7295532226562,7059304.0,INFY,0.012222100898673594,False
2020-06-03,618.9940602630236,620.0392275848711,606.1908801790817,611.0247192382812,11378568.0,INFY,-0.009250138824327458,False
2020-06-04,611.4167008745254,617.9053930185396,607.4973630484067,616.4247436523438,10782424.0,INFY,0.008837652952558672,False
2020-06-05,615.7714987894036,619.865039894145,610.1973083711065,612.7666625976562,7718679.0,INFY,-0.005934351423035333,False
2020-06-08,616.3376089004659,632.1455713743576,613.1585694852488,627.8342895507812,10719105.0,INFY,0.024589501800326374,False
2020-06-09,627.0939354561706,635.4551666651549,622.7826540180271,625.0036010742188,10078029.0,INFY,-0.004508655426558317,False
2020-06-10,622.7391331668896,626.6149328093912,617.6875536276282,623.4794311523438,7263049.0,INFY,-0.002438657824139545,False
2020-06-11,620.1262383364935,621.3456089453023,609.8924134763056,613.114990234375,8825715.0,INFY,-0.01662354907011565,False
2020-06-12,588.5973861068697,605.4505692704912,588.3361075718079,602.7505493164062,9795316.0,INFY,-0.01690456290100939,False
2020-06-15,603.5780018303001,613.5070118687655,596.828031391361,598.8312377929688,7857344.0,INFY,-0.006502377356408018,False
2020-06-16,611.4166701701821,620.1263093463955,608.9344442687287,610.7199096679688,10131760.0,INFY,0.019853125763472868,False
2020-06-17,609.5877059023746,618.645699324969,607.9328530900798,612.8538208007812,7291916.0,INFY,0.003494091315890957,False
2020-06-18,616.8166232398189,624.1326878506742,614.9004920943274,621.7811279296875,6670195.0,INFY,0.014566780569698512,False
2020-06-19,617.5133808909567,620.0391973657015,610.5456699641194,614.508544921875,22438862.0,INFY,-0.011696371409707584,False
2020-06-22,615.858523055155,617.2520971243443,609.6747009238366,612.8972778320312,7804096.0,INFY,-0.002622041797724073,False
2020-06-23,605.9295962974941,631.0133460036435,602.7940943595893,627.66015625,12157390.0,INFY,0.024087035384116495,False
2020-06-24,624.3939908640451,633.0165008836472,617.8617621403708,621.9988403320312,10220838.0,INFY,-0.009019715305481069,False
2020-06-25,613.8989013023541,614.5521242461359,604.0134820168909,610.1102294921875,14945284.0,INFY,-0.01911355788621316,False
2020-06-26,618.5586415387919,654.6165191327829,618.3844381074404,651.6552734375,26030458.0,INFY,0.06809432449590558,False
2020-06-29,640.5068592531488,648.606812713326,635.890708157022,637.3278198242188,8954428.0,INFY,-0.02198624671247351,False
2020-06-30,638.2423432957175,643.5987926116884,630.795612489172,640.9859008789062,10411290.0,INFY,0.00573971658054484,False
2020-07-01,642.118131668814,646.516488707229,635.5859024554995,637.45849609375,5477468.0,INFY,-0.0055030926270289715,False
2020-07-02,642.2051976980483,666.6793146995869,640.5068606541765,658.9712524414062,17263756.0,INFY,0.03374769726889393,False
2020-07-03,657.5777470001185,665.4164221299212,655.40033724184,664.2841796875,7796572.0,INFY,0.008062456786104066,False
2020-07-06,666.4616102195291,674.9970461061488,663.2390330449449,665.4164428710938,8810958.0,INFY,0.0017044861494766028,False
2020-07-07,670.1195498846901,694.1145912589251,666.7663074546138,691.6759033203125,19362533.0,INFY,0.03946319741651738,False
2020-07-08,683.6196216792831,683.6196216792831,672.5583689461415,674.7357788085938,8476642.0,INFY,-0.02449141921874043,False
2020-07-09,679.351809305468,688.0614478863074,674.9969900150484,680.8324584960938,6854166.0,INFY,0.00903565496150982,False
2020-07-10,673.6904863686716,687.9743136782615,673.6904863686716,680.9630126953125,5206452.0,INFY,0.0001917567201585868,False
2020-07-13,686.3195693776497,701.4307721350777,684.6211791007323,694.2017822265625,10804688.0,INFY,0.01944124612414666,False
2020-07-14,690.6308558322335,702.3453312701514,680.5276423938313,682.1824951171875,8961822.0,INFY,-0.0173138234690563,False
2020-07-15,695.9001702256123,738.9693465867283,692.2421111394763,723.7274780273438,30060599.0,INFY,0.0609001010836836,False
2020-07-16,783.9545922570675,832.2060140197285,778.8594746594895,793.4481201171875,90432109.0,INFY,0.09633549119881502,False
2020-07-17,793.4481294784624,801.1997296141931,777.030480884196,786.611083984375,31682878.0,INFY,-0.008616866004802826,False
2020-07-20,791.2706000187751,823.0607782253632,789.7464133924318,813.741455078125,18421053.0,INFY,0.03449019680262855,False
2020-07-21,823.0609409402522,827.154482177871,809.2997210251989,815.87548828125,12877784.0,INFY,0.0026224953759055314,False
2020-07-22,817.7916675139094,817.8352050825081,792.5772488020046,799.4578857421875,14354201.0,INFY,-0.020122681432246936,False
2020-07-23,797.4981197022231,797.6287323921299,784.4336611464684,790.7916870117188,13051307.0,INFY,-0.010840094125062483,False
2020-07-24,786.6981711741039,806.2948596340178,786.6981711741039,803.76904296875,18209580.0,INFY,0.016410587225658357,False
2020-07-27,802.6367843129677,829.8544066254051,800.1110208580247,826.0657348632812,16827870.0,INFY,0.02774017249056726,False
2020-07-28,823.9318239474359,842.7010847807401,819.7512079884654,838.6075439453125,15818463.0,INFY,0.015182579972412347,False
2020-07-29,830.2463846194097,836.1253912768248,821.8415612454107,831.0302734375,11152710.0,INFY,-0.009035538211550675,False
2020-07-30,837.8673252077128,847.1431125977414,835.0366923522814,837.3883056640625,12492320.0,INFY,0.007650782925467947,False
2020-07-31,844.1817679553299,859.1623578070553,830.2898829887673,841.3511352539062,12704346.0,INFY,0.004732367962436701,False
2020-08-03,836.1253819879639,840.8286085254143,825.1947951782345,833.4254150390625,8479792.0,INFY,-0.009420228823310395,False
2020-08-04,836.5172833598572,845.4446632812084,819.1850805902475,827.2850341796875,11133170.0,INFY,-0.007367642921097151,False
2020-08-05,829.1575860263284,836.9527231234798,817.225370637554,822.799560546875,9614176.0,INFY,-0.005421920435512484,False
2020-08-06,830.4640543878988,848.6672206298584,820.8834517677973,845.5752563476562,10976491.0,INFY,0.02768073403642002,False
2020-08-07,844.3559545021349,844.3559545021349,826.5447323047797,828.1995849609375,8010948.0,INFY,-0.02054893548064607,False
2020-08-10,826.457672654504,833.3382556244732,823.3221706935072,828.5914916992188,5716319.0,INFY,0.000473203253657406,False
2020-08-11,827.328643170462,837.8672852660703,824.0189377697347,826.0657348632812,6802442.0,INFY,-0.00304825340501369,False
2020-08-12,825.6737799887651,835.0801795086522,820.6221999835866,831.7269897460938,6908726.0,INFY,0.006853274072370796,False
2020-08-13,831.5962639906402,843.5284792332567,825.891461469216,828.4608154296875,5097703.0,INFY,-0.0039269788724823895,False
2020-08-14,832.5108774002041,838.7382909592568,829.2012249940352,830.5512084960938,4663873.0,INFY,0.002523225030651721,False
2020-08-17,830.9865776597209,846.9687960035885,830.9865776597209,833.9478759765625,9008210.0,INFY,0.004089654491767236,False
2020-08-18,839.5220636954849,844.138161399413,834.9930411114858,842.7010498046875,6141761.0,INFY,0.010496068255914537,False
2020-08-19,845.6188377288921,846.1849323454503,833.9043631136369,835.515625,6622744.0,INFY,-0.00852665937268371,False
2020-08-20,835.1672374076421,840.9155774188267,828.5478804075061,831.901123046875,5656501.0,INFY,-0.004326073438931766,False
2020-08-21,838.7817801099039,839.130186936515,824.4108756425974,826.3705444335938,6513773.0,INFY,-0.006648120143203151,False
2020-08-24,824.8027772734822,829.1575965832683,818.009269782099,825.1511840820312,5798574.0,INFY,-0.001475561247646251,False
2020-08-25,825.2382287247159,826.2398583927381,813.1318102268887,817.0511474609375,6233918.0,INFY,-0.009816427313383724,False
2020-08-26,819.7946721116001,831.1172014475372,817.3124465594092,828.1123657226562,5153601.0,INFY,0.013537975310471628,False
2020-08-27,836.1253679719745,836.9527943325807,823.2351125142904,824.8463745117188,6154280.0,INFY,-0.003943898613429586,False
2020-08-28,828.6786573233969,829.5931588351106,812.6528994480108,814.5690307617188,7593610.0,INFY,-0.012459706519391323,False
2020-08-31,814.5690311184657,827.8512313051073,796.5836043560646,808.777099609375,12808355.0,INFY,-0.007110423958700762,False
2020-09-01,806.7303538943987,814.3512884116197,794.4061928113531,796.1917114257812,6907773.0,INFY,-0.015561009565765782,False
2020-09-02,796.9320153570794,806.8610256646409,795.6255694302646,804.7706909179688,5678118.0,INFY,0.010775017334486714,False
2020-09-03,806.948048613617,826.8931430703163,804.7706388763972,814.8302612304688,8827948.0,INFY,0.012499921314263363,False
2020-09-04,796.9319264956519,809.5609023800091,796.4529070077833,800.5464477539062,8650342.0,INFY,-0.01752980240939095,False
2020-09-07,800.3287843380291,807.862590510276,795.2336134022373,805.6851806640625,6700385.0,INFY,0.006419031555975341,False
2020-09-08,809.9529437990697,829.1576884511645,806.1206811180898,818.096435546875,12891964.0,INFY,0.015404596212856836,False
2020-09-09,814.3511698092452,823.931771807001,806.5124954474451,808.0366821289062,5528947.0,INFY,-0.01229653740178449,False
2020-09-10,814.6125551113331,820.4480240886459,805.4674338237209,818.7496337890625,5171884.0,INFY,0.013258001644097739,False
2020-09-11,814.2641331796652,831.030187468232,810.8673528652284,823.6705322265625,6671903.0,INFY,0.006010260321860139,False
2020-09-14,833.5124738414082,863.1687847709663,825.9350770836934,852.151123046875,21871587.0,INFY,0.034577649322142356,False
2020-09-15,853.1090518903503,865.7380271352815,846.2720072456525,855.6784057617188,11608203.0,INFY,0.004139268985801303,False
2020-09-16,858.7705366926239,875.8850012079257,855.2866805599966,872.4882202148438,10059251.0,INFY,0.01964501422489562,False
2020-09-17,866.6090723598038,889.2541335470952,866.6090723598038,880.5444946289062,15628241.0,INFY,0.009233677002628893,False
2020-09-18,880.5444960073027,887.3380037422411,870.1800044146664,872.8364868164062,12897633.0,INFY,-0.008753683498695208,False
2020-09-21,871.8349471377178,897.9638666323547,871.3994651461405,879.5865478515625,14140637.0,INFY,0.007733477159939106,False
2020-09-22,878.8026006731739,890.5606136653323,863.2994534339156,877.4961547851562,12625762.0,INFY,-0.0023765632518052415,False
2020-09-23,888.5137510256503,903.1894699437096,878.0185945995461,888.1653442382812,13486204.0,INFY,0.012158673738846382,False
2020-09-24,873.5767275845985,878.8025106010567,844.8349209940783,849.5381469726562,14427432.0,INFY,-0.043490998062700736,False
2020-09-25,849.8865186869268,883.941237297441,849.1897582351297,880.9364013671875,13311078.0,INFY,0.03695920484138293,False
2020-09-28,883.8541207365016,885.0299538514527,869.65742035015,880.0219116210938,8554526.0,INFY,-0.0010380882713831863,False
2020-09-29,886.6413493161158,895.3509892897515,874.5349284889927,878.8026733398438,8708463.0,INFY,-0.0013854635494291445,False
2020-09-30,878.8026370335358,891.8235588880676,875.3187811880114,878.1494140625,8048817.0,INFY,-0.0007433514907971839,False
2020-10-01,888.9057879466892,894.0444965260971,881.1977782369984,886.3364868164062,5563358.0,INFY,0.009323097667435887,False
2020-10-02,888.9057879466892,894.0444965260971,881.1977782369984,886.3364868164062,5563358.0,INFY,0.0,False
2020-10-05,886.6848094840522,918.7798618809288,886.6848094840522,913.3798217773438,14212509.0,INFY,0.030511363757655063,False
2020-10-06,918.8669186735956,923.2217381933756,898.2686010812685,919.5201416015624,9090819.0,INFY,0.006722635729208726,False
2020-10-07,910.0702451163668,933.67334670302,901.8831627900908,928.9266357421876,9284008.0,INFY,0.010229785857916784,False
2020-10-08,949.3505964000584,978.9633672969412,947.957075503971,952.5731201171876,21482613.0,INFY,0.02545570711954781,False
2020-10-09,953.7925684906646,969.6441756419626,948.0006371530528,963.98291015625,10567867.0,INFY,0.011977862694318553,False
2020-10-12,978.0924989672924,992.8988858617214,968.5989708123903,986.0182495117188,14633537.0,INFY,0.02285864108513813,False
2020-10-13,989.023211665344,1015.587613636814,989.023211665344,1008.4021606445312,17523825.0,INFY,0.022701315258512933,False
2020-10-14,1012.059859974508,1014.5856760695328,985.1470593017842,990.2857666015624,16649573.0,INFY,-0.01796544548396206,False
2020-10-15,1027.7374514031835,1032.963235054386,951.528106489812,965.2457885742188,44288251.0,INFY,-0.025285608328265874,False
2020-10-16,970.1231617940635,989.3714435743124,955.3603655615958,982.0118408203124,18365685.0,INFY,0.01736972328142361,False
2020-10-19,988.54403643873,992.0278920737566,971.38608996376,980.6182861328124,12902123.0,INFY,-0.0014190813486891773,False
2020-10-20,974.5216483564036,996.9924559378624,966.7700474330358,990.7215576171876,10448776.0,INFY,0.010302960517102555,False
2020-10-21,993.900610387112,1005.3972928969712,988.5441604127356,1000.1715087890624,19811433.0,INFY,0.009538453159940508,False
2020-10-22,994.6407561839547,1008.5761783371452,978.7892560122344,983.36181640625,11271335.0,INFY,-0.016806809867204064,False
2020-10-23,997.403032346186,999.1636731799832,986.0909364812358,988.15966796875,9069862.0,INFY,0.004879029755328501,False
2020-10-26,987.9394376173436,994.409770205334,971.1253417038876,979.312255859375,6309368.0,INFY,-0.008953423617826473,False
2020-10-27,973.3702836450376,976.8915654633588,948.2371991433658,960.2975463867188,10172479.0,INFY,-0.019416390797611593,False
2020-10-28,964.390889011552,972.5338517896048,941.9867803525424,947.7088623046876,7608392.0,INFY,-0.013109149481218774,False
2020-10-29,941.9427481874004,952.5065920923056,933.227555473658,946.2122802734376,6935616.0,INFY,-0.0015791579996524696,False
2020-10-30,943.7033362164764,953.9150299296095,926.4050212945676,933.6676635742188,8800386.0,INFY,-0.013257719182838912,False
2020-11-02,937.5412691669052,950.7020167684666,925.304793551308,943.9676513671876,7183119.0,INFY,0.011031749513032318,False
2020-11-03,943.703568191296,950.2179613295924,930.9389210469176,935.3845825195312,7204782.0,INFY,-0.009092545528678997,False
2020-11-04,940.1820979602168,982.43747314944,939.1257565648766,963.0263671875,15702690.0,INFY,0.029551251094510622,False
2020-11-05,977.0675073733918,988.599681633106,967.47199475938,971.8735961914062,9568890.0,INFY,0.00918690215071094,False
2020-11-06,975.3947730320434,986.9269460585514,961.045510913704,979.5762939453124,8807127.0,INFY,0.007925616853973194,False
2020-11-09,994.1458146667874,1008.8471215337156,986.9711823190067,1000.5281372070312,10160320.0,INFY,0.021388679361904472,False
2020-11-10,980.5448115090674,980.5448115090674,948.9853480947723,960.4735717773438,15622869.0,INFY,-0.040033422289851406,False
2020-11-11,964.8311769209354,991.5488800816122,956.9082931688474,988.15966796875,12514800.0,INFY,0.028825463817993002,False
2020-11-12,993.0893210678446,1005.3257948795012,980.4567461007396,983.97802734375,9180976.0,INFY,-0.00423174590154618,False
2020-11-13,985.9587645120022,997.402928742945,983.3178035356308,989.6560668945312,6363212.0,INFY,0.005770494251898128,False
2020-11-16,985.9587645120022,997.402928742945,983.3178035356308,989.6560668945312,6363212.0,INFY,0.0,False
2020-11-17,1007.7468532429511,1007.9669333594052,979.488587782454,989.216064453125,12813968.0,INFY,-0.0004446013682176675,False
2020-11-18,993.4415392268268,997.138841802693,969.6288301936204,977.6398315429688,9839468.0,INFY,-0.011702431173674865,False
2020-11-19,968.3523128971252,981.2929780941796,962.894370117912,965.4912719726562,10092343.0,INFY,-0.012426416332831813,False
2020-11-20,973.634200731238,976.2751614927153,960.5174074570411,971.3013305664062,8063554.0,INFY,0.006017722544378046,False
2020-11-23,972.753845158702,1007.7906329732384,970.0688254976338,1003.4329833984376,10546363.0,INFY,0.03308103450583566,False
2020-11-24,1007.9667956557724,1016.6819885689224,997.7110421379086,1003.6092529296876,8515426.0,INFY,0.0001756664711707323,False
2020-11-25,1000.9242120247434,1006.646294151534,978.255963599381,982.12939453125,8958701.0,INFY,-0.021402610962119595,False
2020-11-26,985.9146963211332,985.9146963211332,966.855847421425,979.9725341796876,10962256.0,INFY,-0.002196106097192785,False
2020-11-27,984.1980597478693,986.8390205522016,960.4294125088778,968.352294921875,25306145.0,INFY,-0.01185771932632751,False
2020-11-30,984.1980597478693,986.8390205522016,960.4294125088778,968.352294921875,25306145.0,INFY,0.0,False
2020-12-01,972.797983170525,1003.7852145126838,972.797983170525,1001.6724243164062,8933802.0,INFY,0.03440909839246009,False
2020-12-02,998.2832511595824,1010.1235165773928,986.8390869046664,1004.3574829101562,6741637.0,INFY,0.0026805755340448822,False
2020-12-03,1009.7274674632672,1009.7274674632672,988.3356394227648,991.6368408203124,16212632.0,INFY,-0.012665452596604787,False
2020-12-04,990.3601141381334,1000.9239553556068,981.5569131235724,998.855224609375,10564055.0,INFY,0.00727926141095292,False
2020-12-07,1009.9915002829443,1015.0092828948268,1000.0438381340184,1006.646240234375,7792141.0,INFY,0.007799944809866677,False
2020-12-08,1007.9667298988816,1027.3337762375502,1007.9667298988816,1015.3173828125,12308330.0,INFY,0.008613892578693827,False
2020-12-09,1028.2579213654892,1038.3375433847173,1018.530341412563,1034.5521240234375,10039346.0,INFY,0.0189445601311935,False
2020-12-10,1018.882604057823,1031.427166699572,1012.3682131937752,1027.993896484375,9488782.0,INFY,-0.0063391948909805595,False
2020-12-11,1020.907465205926,1031.691389475419,1016.9900826393592,1023.9885864257812,10574009.0,INFY,-0.0038962391433368104,False
2020-12-14,1029.4465337227043,1032.2635155708274,1010.7836797307418,1025.177001953125,6728187.0,INFY,0.0011605749742698013,False
2020-12-15,1017.6502555430928,1024.4286787937226,1014.128974382044,1016.4177856445312,6905926.0,INFY,-0.008544101449706742,False
2020-12-16,1021.1714268540456,1029.006298086756,1015.5373561102448,1026.189208984375,7788404.0,INFY,0.009613589488349561,False
2020-12-17,1026.3653730772432,1029.006333755479,1017.8262024077015,1020.4671630859376,6658153.0,INFY,-0.005576014489667602,False
2020-12-18,1041.2869820726494,1051.9828966141033,1034.9046590597186,1047.4052734375,15995676.0,INFY,0.026397821827113255,False
2020-12-21,1045.8205071895295,1064.9674735459034,1014.1730356676362,1036.401123046875,10858352.0,INFY,-0.010506105582713254,False
2020-12-22,1040.5386954389212,1077.3800820720362,1035.3447836733826,1074.4310302734375,10901851.0,INFY,0.036694197237802983,False
2020-12-23,1089.8365850669452,1108.1912427335908,1083.2782414933815,1103.08544921875,15878346.0,INFY,0.026669388855997678,False
2020-12-24,1100.3121634115523,1100.3121634115523,1079.2724905937573,1088.1197509765625,7313885.0,INFY,-0.01356712506069846,False
2020-12-25,1100.3121634115523,1100.3121634115523,1079.2724905937573,1088.1197509765625,7313885.0,INFY,0.0,False
2020-12-28,1090.232771464013,1098.6398743846044,1088.0760294385989,1091.8614501953125,4607051.0,INFY,0.0034386833024506736,False
2020-12-29,1087.1956067576748,1104.317794179305,1087.1956067576748,1100.66455078125,6878105.0,INFY,0.008062470365963303,False
2020-12-30,1103.041316804562,1103.305455874379,1089.968582068067,1097.5833740234375,5194690.0,INFY,-0.002799378571450739,False
2020-12-31,1094.2383249247584,1107.7952814160246,1090.717043106819,1105.5064697265625,7430470.0,INFY,0.007218673214847593,False
2021-01-01,1107.354979051103,1114.0453921542232,1105.5063278261723,1109.5997314453125,4253550.0,INFY,0.003702612178979381,False
2021-01-04,1117.1265862270766,1135.613314604357,1110.2160925877663,1134.07275390625,7208454.0,INFY,0.022055721326698752,False
2021-01-05,1128.5704312087869,1143.5358737443166,1122.452249156585,1138.958251953125,8145280.0,INFY,0.0043079229529561225,False
2021-01-06,1144.416447054036,1146.1770877418114,1116.2902550512151,1128.65869140625,7161715.0,INFY,-0.009042965823561122,False
2021-01-07,1140.8950094747993,1142.3475593355363,1105.2420404287118,1111.09619140625,10954918.0,INFY,-0.015560505699130367,False
2021-01-08,1125.2692978970615,1159.2056846592145,1125.2692978970615,1155.068115234375,13186251.0,INFY,0.03957526285142987,False
2021-01-11,1181.4778045970766,1217.791015480157,1179.6291535352227,1211.4967041015625,20528626.0,INFY,0.04885304002676727,False
2021-01-12,1213.081470086967,1213.081470086967,1197.2357034240022,1207.5794677734375,8309868.0,INFY,-0.0032333858729148846,False
2021-01-13,1209.4280493067367,1226.1101838358318,1197.2356343753304,1221.1363525390625,14442997.0,INFY,0.011226494924281516,False
2021-01-14,1197.23564050529,1218.3633282789128,1160.6582880628148,1206.47900390625,27521697.0,INFY,-0.012003040121061015,False
2021-01-15,1197.2355572739823,1201.152939458616,1179.6291520199532,1183.9866943359375,15018441.0,INFY,-0.018642934935036992,False
2021-01-18,1177.8685607807886,1179.629201379863,1149.698311195598,1155.0242919921875,8861765.0,INFY,-0.02446176336465855,False
2021-01-19,1162.022904326786,1171.7064285295091,1154.98034127026,1159.0738525390625,5585744.0,INFY,0.0035060392884813663,False
2021-01-20,1162.5070513124583,1187.023950937931,1162.5070513124583,1179.14501953125,8225838.0,INFY,0.017316555755459095,False
2021-01-21,1188.4325777675483,1198.1601614810786,1175.2277713479089,1179.365234375,6142421.0,INFY,0.0001867580663128532,False
2021-01-22,1168.1850268607495,1193.7143153151292,1167.78892571395,1180.37744140625,9646591.0,INFY,0.0008582642609322733,False
2021-01-25,1184.0308472818467,1186.5837977384415,1155.8605966401967,1166.512451171875,6542611.0,INFY,-0.011746234507715503,False
2021-01-26,1184.0308472818467,1186.5837977384415,1155.8605966401967,1166.512451171875,6542611.0,INFY,0.0,False
2021-01-27,1161.6706896269554,1168.669300749039,1131.2996381464989,1145.2967529296875,8133665.0,INFY,-0.01818728828901417,False
2021-01-28,1137.1978043016245,1141.291207719844,1120.251638559747,1123.4647216796875,4660690.0,INFY,-0.019062335760712923,False
2021-01-29,1132.311937664293,1136.625528442827,1083.6742431601515,1090.7608642578125,12183519.0,INFY,-0.029109821421877458,False
2021-02-01,1100.8845563097436,1125.005245731887,1092.4774547493232,1109.995849609375,8880279.0,INFY,0.017634465978618064,False
2021-02-02,1126.8098574237954,1139.4864898120056,1112.3725846333607,1119.1070556640625,6892490.0,INFY,0.008208324434630931,False
2021-02-03,1124.7412005689066,1147.937617904773,1120.6476898717608,1130.9034423828125,8182968.0,INFY,0.010540892097003374,False
2021-02-04,1131.211624326662,1138.606336592666,1119.811519034765,1126.23779296875,5032240.0,INFY,-0.004125594846746572,False
2021-02-05,1132.4438455508766,1134.5125763803103,1110.9640127192642,1119.855224609375,5477481.0,INFY,-0.005667158746778145,False
2021-02-08,1131.6516804227338,1153.2195265295848,1122.8484779301416,1147.54150390625,6921922.0,INFY,0.024723088028215878,False
2021-02-09,1150.490534846669,1172.5865512190387,1142.523593747769,1149.3021240234375,7965949.0,INFY,0.001534253977912181,False
2021-02-10,1140.7190238869975,1148.2456975542025,1129.9790523514478,1141.335205078125,5951207.0,INFY,-0.006931962256732094,False
2021-02-11,1134.7329760952214,1140.8952187892994,1129.4951127896488,1137.9461669921875,4673317.0,INFY,-0.0029693626121920502,False
2021-02-12,1148.8179986508703,1165.324004378613,1145.780936581356,1153.0435791015625,5797875.0,INFY,0.013267246331415183,False
2021-02-15,1162.022915644676,1169.4176284182483,1150.6667611132243,1152.91162109375,4363513.0,INFY,-0.00011444320943643227,False
2021-02-16,1156.740869535275,1161.8027112398622,1132.091901234675,1135.96533203125,6896421.0,INFY,-0.014698688739405164,False
2021-02-17,1135.9653611845283,1139.574653000407,1122.4084067790798,1127.9544677734375,4575741.0,INFY,-0.00705203233930396,False
2021-02-18,1123.2887924252084,1149.6984035323842,1122.4084720549693,1137.77001953125,6437551.0,INFY,0.008702081545178153,False
2021-02-19,1140.9830410327988,1143.976151339578,1123.992924885405,1136.757568359375,5389696.0,INFY,-0.000889855730503486,False
2021-02-22,1140.014589197491,1151.942970161507,1109.2033840840452,1113.781005859375,7371303.0,INFY,-0.02021236817728944,False
2021-02-23,1119.0191594830774,1136.4934957685794,1107.0468250167494,1114.7935791015625,6612942.0,INFY,0.0009091313614262297,False
2021-02-24,1109.2476716611327,1123.8169086048074,1102.1610500403006,1121.792236328125,4537258.0,INFY,0.006277984873399589,False
2021-02-25,1134.2485724219769,1144.1962341374683,1119.7673474305518,1122.01220703125,8788221.0,INFY,0.00019608863031983503,False
2021-02-26,1117.1265285573224,1121.7922694151218,1095.7787599856006,1103.3055419921875,15132388.0,INFY,-0.016672425595581353,False
2021-03-01,1112.1085808151993,1130.7713265603418,1108.3231608715223,1115.36572265625,5756286.0,INFY,0.010930952673622985,False
2021-03-02,1128.7905613587432,1153.2194465821435,1126.1055418002557,1148.377685546875,10461434.0,INFY,0.02959743357721889,False
2021-03-03,1161.3185090312531,1185.7914566139111,1151.458964551593,1182.75439453125,9056399.0,INFY,0.02993501999997883,False
2021-03-04,1175.2276663901384,1200.6248869768604,1167.2167727031958,1171.1341552734375,12041941.0,INFY,-0.009824727188959548,False
2021-03-05,1169.5053749599265,1179.6290571669565,1148.861909443889,1159.1175537109375,6486176.0,INFY,-0.010260653323439617,False
2021-03-08,1166.248232203924,1184.9989877985854,1159.557712782507,1175.8876953125,5119392.0,INFY,0.014468024876228114,False
2021-03-09,1170.3858309444852,1188.8284981205222,1160.9223877834072,1184.5150146484375,6518173.0,INFY,0.007336856547040194,False
2021-03-10,1194.5064324965867,1209.5598855627088,1192.8338027201385,1204.4100341796875,7925984.0,INFY,0.016795920089839322,False
2021-03-11,1194.5064324965867,1209.5598855627088,1192.8338027201385,1204.4100341796875,7925984.0,INFY,0.0,False
2021-03-12,1208.679900443683,1225.1418488200293,1206.0829982668909,1210.3084716796875,9462061.0,INFY,0.004897366621507304,False
2021-03-15,1206.0387543033653,1214.7539463558537,1195.915071329286,1209.2078857421875,6658635.0,INFY,-0.0009093433312687971,False
2021-03-16,1220.1681030798554,1237.730451638988,1215.282281996887,1218.3634033203125,9352771.0,INFY,0.007571500058904723,False
2021-03-17,1225.625954097866,1232.4484365142844,1216.602670901958,1221.0042724609375,7626744.0,INFY,0.002167554551809392,False
2021-03-18,1226.9464622249843,1226.9464622249843,1156.3007556107748,1177.0762939453125,10961755.0,INFY,-0.0359769244927276,False
2021-03-19,1170.8259242505767,1193.009951409885,1160.2620813250076,1183.5465087890625,12767112.0,INFY,0.0054968525634504495,False
2021-03-22,1188.5203483359587,1211.320664308968,1176.1958648328152,1206.7430419921875,4862758.0,INFY,0.019599173358095134,False
2021-03-23,1208.195400443542,1217.7029014694006,1196.8833075067575,1207.4031982421875,7165335.0,INFY,0.000547056189286188,False
2021-03-24,1195.3429344263322,1206.4349490534237,1185.131240126169,1191.733642578125,6134303.0,INFY,-0.012977898093093687,False
2021-03-25,1185.5712463471802,1190.6330875697502,1168.7130927832975,1174.171142578125,8749994.0,INFY,-0.014736933969579313,False
2021-03-26,1183.7665352097747,1194.3303776566624,1172.5865116045368,1176.2838134765625,4922071.0,INFY,0.0017992870219913915,False
2021-03-29,1183.7665352097747,1194.3303776566624,1172.5865116045368,1176.2838134765625,4922071.0,INFY,0.0,False
2021-03-30,1185.703371195561,1232.4483551746337,1176.2399284683272,1219.5076904296875,10546381.0,INFY,0.03674612917215514,False
2021-03-31,1216.60281451006,1221.884737004315,1200.140865720694,1204.3223876953125,8220987.0,INFY,-0.012451994237957287,False
2021-04-01,1214.8420550042574,1225.053749336735,1206.9191720368383,1219.419677734375,5675155.0,INFY,0.012535920774464637,False
2021-04-02,1214.8420550042574,1225.053749336735,1206.9191720368383,1219.419677734375,5675155.0,INFY,0.0,False
2021-04-05,1224.5252587013515,1254.4561420916075,1221.003978302498,1241.163330078125,9479572.0,INFY,0.017831147668658787,False
2021-04-06,1252.6958101867913,1255.336771135885,1238.1264659665671,1242.176025390625,5793571.0,INFY,0.0008159242929262067,False
2021-04-07,1241.4717105113791,1263.2155790672348,1238.2585199049374,1259.0340576171875,5879234.0,INFY,0.013571371433659163,False
2021-04-08,1258.858041257452,1277.9609489690663,1250.935158480307,1267.5291748046875,5654434.0,INFY,0.006747329141816527,False
2021-04-09,1280.8659961023566,1280.8659961023566,1258.9020482944743,1268.5855712890625,6052712.0,INFY,0.0008334297193102191,False
2021-04-12,1297.5921547595565,1300.717334887364,1245.6532557562905,1255.11669921875,20384532.0,INFY,-0.010617235742817255,False
2021-04-13,1261.498787247652,1263.4795076044609,1210.4402180499103,1229.9393310546875,14855206.0,INFY,-0.02005978263195307,False
2021-04-14,1261.498787247652,1263.4795076044609,1210.4402180499103,1229.9393310546875,14855206.0,INFY,0.0,False
2021-04-15,1172.850684415324,1202.8695827405857,1162.022702611152,1197.895751953125,25342491.0,INFY,-0.026052975372439557,False
2021-04-16,1201.6372462560596,1206.78709867639,1185.439330748398,1191.733642578125,10879878.0,INFY,-0.005144111551404151,False
2021-04-19,1179.6292029840504,1214.577875938815,1172.8947311912375,1199.48046875,12508028.0,INFY,0.006500467801778154,False
2021-04-20,1213.9617280860366,1213.9617280860366,1181.7420256855933,1189.620849609375,8560766.0,INFY,-0.008219908033100243,False
2021-04-21,1213.9617280860366,1213.9617280860366,1181.7420256855933,1189.620849609375,8560766.0,INFY,0.0,False
2021-04-22,1193.3182467166828,1201.4612096354415,1184.1628939428558,1189.4007568359375,6622446.0,INFY,-0.0001850108574591447,False
2021-04-23,1182.2700455498518,1187.0237961901971,1171.7062029984013,1174.171142578125,7316262.0,INFY,-0.01280444305275752,False
2021-04-26,1172.8067320518803,1189.576876928249,1162.9031285723656,1182.75439453125,7088606.0,INFY,0.007310051867122747,False
2021-04-27,1184.911137700744,1191.073379873036,1179.761285377523,1187.1119384765625,3636115.0,INFY,0.0036842339926705936,False
2021-04-28,1195.4751183613914,1196.7955989781383,1183.6788033595897,1193.7144775390625,4879234.0,INFY,0.005561850444342431,False
2021-04-29,1204.2783374173437,1205.1586578394324,1189.665039902869,1194.0225830078125,5412357.0,INFY,0.0002581065024738205,False
2021-04-30,1185.175326501452,1209.472146593651,1184.8231768703515,1192.2618408203125,8354677.0,INFY,-0.0014746305577106877,False
2021-05-03,1180.333699647627,1198.1161297126018,1177.8687594088622,1190.2373046875,4560337.0,INFY,-0.001698063347745471,False
2021-05-04,1191.953709880542,1192.7899711977664,1165.632110895416,1170.2978515625,4887060.0,INFY,-0.016752502250158563,False
2021-05-05,1180.5975574117251,1183.0624972874225,1168.889361654606,1180.94970703125,3939788.0,INFY,0.009101832883422256,False
2021-05-06,1184.0306275818127,1201.372891930784,1177.3402157880405,1198.6439208984375,4810090.0,INFY,0.01498303760256503,False
2021-05-07,1201.90132974289,1208.723811960995,1187.1119059502223,1190.67724609375,4991435.0,INFY,-0.0066464065480899,False
2021-05-10,1188.300266312331,1190.9852860554715,1175.2715911070898,1179.2330322265625,7195348.0,INFY,-0.00961151639097202,False
2021-05-11,1176.900072424771,1180.5093636776037,1166.5122512961696,1171.3980712890625,6420988.0,INFY,-0.006644115898539971,False
2021-05-12,1170.825774847518,1170.825774847518,1157.1808128098214,1168.184814453125,5241898.0,INFY,-0.002743095549407437,False
2021-05-13,1170.825774847518,1170.825774847518,1157.1808128098214,1168.184814453125,5241898.0,INFY,0.0,False
2021-05-14,1168.0530646731777,1168.0530646731777,1154.364147358403,1158.853759765625,4824609.0,INFY,-0.0079876527858036,False
2021-05-17,1162.2869581655425,1175.18356484798,1162.2869581655425,1170.2978515625,5017129.0,INFY,0.009875354591065477,False
2021-05-18,1177.868509867654,1183.6786021012647,1170.385787645027,1179.629150390625,5620150.0,INFY,0.007973439253662118,False
2021-05-19,1181.389637846508,1194.9905411398668,1173.6868365565251,1176.988037109375,4435878.0,INFY,-0.0022389352453484612,False
2021-05-20,1187.0238321383868,1187.6400133214966,1175.227519439831,1179.012939453125,4490092.0,INFY,0.0017204103014700767,False
2021-05-21,1186.231556973716,1195.0347596228717,1185.2191671768692,1192.393798828125,4969733.0,INFY,0.011349204853686068,False
2021-05-24,1194.2867990787486,1199.876812627035,1184.1190545640184,1186.716064453125,4225371.0,INFY,-0.004761626889187132,False
2021-05-25,1195.4747897814882,1204.2779914735463,1192.3496101964242,1198.6439208984375,4099340.0,INFY,0.010051146017652668,False
2021-05-26,1204.1902075545224,1232.4484688115049,1199.0403550877556,1230.027587890625,6850024.0,INFY,0.026182643940382277,False
2021-05-27,1236.1456586607087,1246.7535607141913,1225.141655477,1234.4290771484375,15365391.0,INFY,0.0035783662912476366,False
2021-05-28,1241.0315052688188,1244.772866430296,1229.0151120462333,1236.89404296875,4261312.0,INFY,0.0019968468549094176,False
2021-05-31,1247.0825051236686,1247.0825051236686,1230.6208380920684,1240.1864013671875,4429904.0,INFY,0.0026617950156306858,False
2021-06-01,1245.747646371303,1246.6374661187112,1226.7500164882556,1234.35791015625,4791325.0,INFY,-0.004699689663192674,False
2021-06-02,1228.618599720327,1238.5845373091192,1214.6039388870151,1226.75,9272276.0,INFY,-0.006163455585817101,False
2021-06-03,1235.159065690836,1244.8581249863294,1225.326620297722,1236.538330078125,5115645.0,INFY,0.007979074854799206,False
2021-06-04,1240.364321328493,1242.9893550263232,1225.8603231227744,1232.9788818359375,4194328.0,INFY,-0.0028785587600528295,False
2021-06-07,1237.739565300918,1238.6293852615945,1225.5490752878911,1236.538330078125,5154576.0,INFY,0.002886868781472929,False
2021-06-08,1242.1885920949892,1265.1014547357097,1241.788216584457,1257.27099609375,7360630.0,INFY,0.016766699026883547,False
2021-06-09,1257.671503036486,1267.9933924367642,1249.8410442524976,1259.3621826171875,5394317.0,INFY,0.0016632742900573039,False
2021-06-10,1267.103249900196,1271.5523483900142,1262.6541514103778,1267.3702392578125,3496575.0,INFY,0.006358819369962854,False
2021-06-11,1272.5314505902854,1291.6625789412817,1271.9530459160198,1287.48046875,6140828.0,INFY,0.01586768323040655,False
2021-06-14,1308.9249463009223,1314.2638651845425,1293.3085651180995,1300.7386474609375,7132294.0,INFY,0.010297770748949553,False
2021-06-15,1302.6961337113407,1313.3739708729092,1301.8063139478768,1311.50537109375,5403104.0,INFY,0.008277391967886238,False
2021-06-16,1310.43768641987,1325.3421693256153,1305.810666518263,1317.46728515625,7661710.0,INFY,0.004545855620498029,False
2021-06-17,1312.5731820594183,1337.0877613114858,1312.5731820594183,1330.547607421875,7677951.0,INFY,0.009928384873764573,False
2021-06-18,1342.73806706502,1348.7888851030746,1323.5179812685233,1337.6661376953125,13533974.0,INFY,0.005350075588223868,False
2021-06-21,1328.500854565387,1339.8905905376864,1320.67039750686,1334.99658203125,5454052.0,INFY,-0.0019956815746730028,False
2021-06-22,1343.3610354471275,1353.8164190842874,1336.598426052742,1345.274169921875,6427862.0,INFY,0.00769858741884355,False
2021-06-23,1356.9751327879565,1356.9751327879565,1333.5284038570142,1337.5325927734375,5529809.0,INFY,-0.005754646392182705,False
2021-06-24,1349.8566304803442,1395.904804921582,1344.6956322155097,1387.406982421875,10785137.0,INFY,0.037288354629938736,False
2021-06-25,1398.796712367688,1404.135631117183,1372.9919384117954,1400.7542724609375,9780240.0,INFY,0.00962031343950942,False
2021-06-28,1399.59755444848,1406.048747856994,1388.6527277002867,1398.6187744140625,5019178.0,INFY,-0.0015245343804115574,False
2021-06-29,1389.008589788626,1400.264831026402,1387.406870836477,1390.832763671875,5913567.0,INFY,-0.0055669285187804896,False
2021-06-30,1398.8412739382577,1415.7033158675802,1398.8412739382577,1406.627197265625,6058722.0,INFY,0.011356098307643947,False
2021-07-01,1403.112469301907,1403.112469301907,1387.2737404607135,1388.4749755859375,4814317.0,INFY,-0.012904785088027615,False
2021-07-02,1387.184577935264,1396.527686132786,1372.636045466097,1395.0595703125,5166064.0,INFY,0.004742321498292679,False
2021-07-05,1396.2607879943475,1410.3644103739707,1389.053269198572,1404.98095703125,4058338.0,INFY,0.007111801481371582,False
2021-07-06,1400.3094664482746,1411.9216590381186,1385.538478536323,1390.0765380859375,4089574.0,INFY,-0.010608271144689208,False
2021-07-07,1393.5023400140276,1397.50652911051,1374.46017458664,1392.2120361328125,4797120.0,INFY,0.0015362449393006017,False
2021-07-08,1395.2374484422553,1402.356006852675,1378.3308722175086,1388.7862548828125,3326813.0,INFY,-0.002460674926727302,False
2021-07-09,1384.5595626807103,1396.928079212835,1380.110463828909,1390.6993408203125,3436594.0,INFY,0.001377523669156222,False
2021-07-12,1397.5065927215103,1404.1357070791948,1364.7611791715558,1377.3076171875,4588982.0,INFY,-0.009629488732563418,False
2021-07-13,1384.9154296457466,1384.9154296457466,1367.0300750532167,1374.7269287109375,4456160.0,INFY,-0.0018737197444913534,False
2021-07-14,1382.7799652654269,1408.4068188807405,1368.631808761568,1403.1568603515625,5657716.0,INFY,0.02068042099625078,False
2021-07-15,1386.2503019190274,1420.9087400251894,1384.5596225581112,1406.627197265625,10021355.0,INFY,0.0024732351828382626,False
2021-07-16,1400.3540600299193,1401.1549196596943,1378.8648878373513,1384.0703125,6265593.0,INFY,-0.016036150025731,False
2021-07-19,1374.5045422926073,1381.801129510059,1368.1424178936406,1371.8350830078125,5669162.0,INFY,-0.008840034629517768,False
2021-07-20,1368.8097547336988,1386.0721708593665,1368.5427653624463,1379.26513671875,5069939.0,INFY,0.0054161420734675225,False
2021-07-21,1368.8097547336988,1386.0721708593665,1368.5427653624463,1379.26513671875,5069939.0,INFY,0.0,False
2021-07-22,1389.3647090584504,1417.3494993598415,1389.3647090584504,1414.991455078125,7854575.0,INFY,0.025902429785448877,False
2021-07-23,1413.5232964523468,1422.3769600749592,1410.408927130944,1415.2138671875,4179719.0,INFY,0.000157182651935317,False
2021-07-26,1418.4617292994851,1434.0781103240706,1418.4617292994851,1427.1820068359375,4586710.0,INFY,0.008456771040706412,False
2021-07-27,1428.1607278743518,1431.9869963256106,1421.8430292446303,1425.980712890625,5892859.0,INFY,-0.0008417244188607675,False
2021-07-28,1428.2499142642337,1430.474464036815,1410.809465771312,1428.69482421875,4686788.0,INFY,0.0019033296198116556,False
2021-07-29,1423.800767429878,1441.508204755624,1423.800767429878,1438.8387451171875,4660873.0,INFY,0.007100131341194249,False
2021-07-30,1432.610021695999,1444.5336299360963,1429.1842368464966,1433.054931640625,6234257.0,INFY,-0.004019778794663642,False
2021-08-02,1448.13717442387,1454.632902341957,1440.7961611531427,1451.7855224609375,5553389.0,INFY,0.013070392771942663,False
2021-08-03,1465.5332328913128,1475.8996554431062,1455.389265292903,1472.8297119140625,5513668.0,INFY,0.014495384564417346,False
2021-08-04,1485.198302842802,1494.8084007547138,1458.4592812898322,1467.535400390625,6740391.0,INFY,-0.003594652851317881,False
2021-08-05,1467.7577586309994,1482.439785316305,1465.5777435714135,1471.361572265625,5420536.0,INFY,0.002607209252997622,False
2021-08-06,1474.4315559978156,1477.6794203166185,1462.8638974414057,1468.3807373046875,3754855.0,INFY,-0.002025902413876124,False
2021-08-09,1477.990724476605,1483.7300188807942,1464.9993767983387,1480.037353515625,5018477.0,INFY,0.00793841536789297,False
2021-08-10,1484.2194839138658,1494.8973219276345,1478.0352795124588,1492.4503173828125,6846517.0,INFY,0.008386926071630718,False
2021-08-11,1490.270402517081,1498.456702096927,1484.2195837872175,1492.7174072265625,4899639.0,INFY,0.000178960626453728,False
2021-08-12,1494.1408800295676,1509.579231227228,1489.5582865159915,1503.439453125,5659579.0,INFY,0.007182904042339011,False
2021-08-13,1510.0243417706486,1532.7147487919517,1504.9524118847114,1523.549560546875,5612790.0,INFY,0.013376067376757117,False
2021-08-16,1519.5453491889418,1530.44564260102,1503.8845411944826,1516.6090087890625,4564109.0,INFY,-0.004555514265857652,False
2021-08-17,1516.164061463956,1556.205954643305,1500.7257088178133,1549.7547607421875,9510390.0,INFY,0.02185517279736482,False
2021-08-18,1538.4985968726844,1562.0788240659326,1536.7189570845148,1542.458251953125,6686090.0,INFY,-0.004708169946558649,False
2021-08-19,1538.4985968726844,1562.0788240659326,1536.7189570845148,1542.458251953125,6686090.0,INFY,0.0,False
2021-08-20,1527.0197416428282,1552.7355556641908,1527.0197416428282,1542.01318359375,6206972.0,INFY,-0.0002885448334251084,False
2021-08-23,1544.5047349064578,1559.9876213215564,1541.1679106196082,1547.1741943359375,6189051.0,INFY,0.0033469303616195933,False
2021-08-24,1557.184606052704,1563.413344476915,1523.9942850011782,1531.246337890625,7602939.0,INFY,-0.010294804879517061,False
2021-08-25,1528.7105222770665,1554.4263380022362,1528.7105222770665,1544.326904296875,6153253.0,INFY,0.008542431144207052,False
2021-08-26,1542.9474606590484,1553.6252977570348,1530.4899840447308,1537.341552734375,5302248.0,INFY,-0.004523233742198096,False
2021-08-27,1534.9392077288337,1537.3416778231317,1517.3207316353644,1520.524169921875,6698514.0,INFY,-0.010939262509744752,False
2021-08-30,1515.4077173505289,1529.2888850881866,1504.151474684652,1510.9586181640625,6559667.0,INFY,-0.006290956728628672,False
2021-08-31,1512.8271837232185,1526.0409862826573,1500.1027168908208,1518.4329833984375,12255438.0,INFY,0.004946770311589965,False
2021-09-01,1521.1471684853343,1521.1471684853343,1488.802235793284,1492.8953857421875,7801974.0,INFY,-0.016818389705348546,False
2021-09-02,1492.5391248511048,1507.62163467391,1479.4588180715016,1502.9945068359375,6830050.0,INFY,0.0067647882029786555,False
2021-09-03,1509.178945289175,1517.988074588119,1498.8125226886418,1513.2720947265625,5339139.0,INFY,0.006838074153884266,False
2021-09-06,1517.2763118836374,1541.1679527057966,1512.1153133974738,1539.7442626953125,4876026.0,INFY,0.017493329891564047,False
2021-09-07,1539.3882322260613,1543.7483709085054,1516.2529177532997,1518.6109619140625,3520341.0,INFY,-0.013725201835957046,False
2021-09-08,1513.4499866926617,1513.4499866926617,1497.5221905318458,1506.6873779296875,4584896.0,INFY,-0.00785163829539759,False
2021-09-09,1500.1471869196148,1508.155564929437,1496.8103627488554,1505.2191162109375,3331674.0,INFY,-0.0009744965944876727,False
2021-09-10,1500.1471869196148,1508.155564929437,1496.8103627488554,1505.2191162109375,3331674.0,INFY,0.0,False
2021-09-13,1497.5666663419925,1514.028332014795,1490.6260287182015,1505.486083984375,4662374.0,INFY,0.00017736140244450915,False
2021-09-14,1509.0900430510817,1509.0900430510817,1493.651689233019,1500.369873046875,4945167.0,INFY,-0.0033983780998888546,False
2021-09-15,1506.6874028811862,1526.1299441294327,1503.9734089951633,1522.882080078125,4062344.0,INFY,0.015004438195985292,False
2021-09-16,1526.2190470936926,1529.8228611323534,1505.0858244955284,1514.6959228515625,3246568.0,INFY,-0.005375437358973056,False
2021-09-17,1510.024199917287,1528.7104157088386,1498.8569179841036,1504.9522705078125,7454864.0,INFY,-0.006432744814818481,False
2021-09-20,1499.3463595187543,1519.5452254836232,1493.0730864950874,1501.88232421875,5660743.0,INFY,-0.0020398961144638683,False
2021-09-21,1512.693828226547,1536.4965105236413,1499.035114501679,1529.1109619140625,4672222.0,INFY,0.018129674513265526,False
2021-09-22,1527.8206497121014,1547.307725733653,1524.3059048281496,1527.731689453125,4553892.0,INFY,-0.0009020093997698098,False
2021-09-23,1541.1680209485553,1552.7356793044048,1531.4689626029945,1550.5556640625,3826090.0,INFY,0.014939779522113117,False
2021-09-24,1564.3032427719263,1590.9978373584784,1559.3646993251812,1569.5086669921875,8280446.0,INFY,0.012223361836639857,False
2021-09-27,1573.868704627012,1574.0911595675952,1528.7993119407154,1531.5133056640625,5045337.0,INFY,-0.024208443143509006,False
2021-09-28,1521.5917372774202,1521.5917372774202,1490.4480467483502,1501.21484375,6557197.0,INFY,-0.01978334879756405,False
2021-09-29,1476.4335530298397,1513.9394805910565,1472.6518187520774,1505.797607421875,7792548.0,INFY,0.0030527034094782746,False
2021-09-30,1515.3630086427124,1515.3630086427124,1486.0879176383012,1490.6259765625,6914031.0,INFY,-0.010075478128399262,False
2021-10-01,1481.638937241155,1493.9629198300945,1478.2131527121835,1481.6834716796875,5733906.0,INFY,-0.005999160770990053,False
2021-10-04,1488.223660262414,1502.0158675772525,1481.905961216508,1493.7850341796875,2947154.0,INFY,0.00816744111094203,False
2021-10-05,1486.8888723913851,1515.3185712967768,1479.7703140555798,1506.2869873046875,4373310.0,INFY,0.00836931207565983,False
2021-10-06,1514.562248918571,1520.702027218349,1485.9990552689544,1489.157958984375,4271698.0,INFY,-0.011371689767407989,False
2021-10-07,1501.1260234848555,1516.4308808095564,1491.9164101508402,1504.685302734375,5476108.0,INFY,0.010426928625214327,False
2021-10-08,1517.3652664264184,1540.7230369842214,1511.2700223097372,1533.9158935546875,4738376.0,INFY,0.019426381561110206,False
2021-10-11,1496.6770247342995,1539.3883785911644,1480.393277628134,1504.640869140625,8840633.0,INFY,-0.01908515619211737,False
2021-10-12,1492.227805300915,1502.9056429059303,1478.8805082946456,1499.4798583984375,7439300.0,INFY,-0.0034300615170284043,False
2021-10-13,1509.089892174887,1524.839768285372,1494.9418438218438,1520.8800048828125,7104171.0,INFY,0.014271713197423042,False
2021-10-14,1560.743982536564,1587.0826277925394,1511.0919925515338,1526.7083740234375,19655776.0,INFY,0.0038322347074803975,False
2021-10-15,1560.743982536564,1587.0826277925394,1511.0919925515338,1526.7083740234375,19655776.0,INFY,0.0,False
2021-10-18,1548.2864281776815,1600.7857955699135,1548.2864281776815,1594.6905517578125,13438109.0,INFY,0.0445285942561624,False
2021-10-19,1614.1332004381577,1632.3745072788313,1585.9259547717893,1621.38525390625,10324260.0,INFY,0.01673973807583673,False
2021-10-20,1627.836269201316,1644.3868947949425,1596.38116282424,1603.7666015625,5876115.0,INFY,-0.010866419502276292,False
2021-10-21,1614.133097673442,1614.133097673442,1554.3816771021532,1560.4324951171875,8779629.0,INFY,-0.02702020755582102,False
2021-10-22,1557.0956880152075,1568.9302261697185,1518.9223969134766,1530.3121337890625,7369809.0,INFY,-0.019302572474218405,False
2021-10-25,1532.3142525237072,1539.1658216360158,1501.303945142191,1519.411865234375,5905209.0,INFY,-0.007122905395579915,False
2021-10-26,1535.1217839102844,1549.9787485385702,1522.419225446703,1529.4212646484375,5871709.0,INFY,0.006587680169602095,False
2021-10-27,1534.268699586811,1556.7562698806069,1527.131983525441,1552.088134765625,5090259.0,INFY,0.014820553787970203,False
2021-10-28,1543.4703399076664,1548.3179728132604,1518.9630389912395,1529.600830078125,5329972.0,INFY,-0.014488419944590158,False
2021-10-29,1525.202233489638,1537.4110110876818,1491.1343404418649,1497.14892578125,5875091.0,INFY,-0.021215930103292036,False
2021-11-01,1505.9012250472292,1532.5630389688802,1504.5546665747577,1526.14453125,3636806.0,INFY,0.019367215224510348,False
2021-11-02,1521.6112310437477,1531.8899179452385,1513.8460544672046,1524.214599609375,3471772.0,INFY,-0.0012645798619376203,False
2021-11-03,1534.179081342924,1541.7646508726257,1525.2020241086177,1528.343994140625,3530713.0,INFY,0.002709194973141038,False
2021-11-04,1539.565380166842,1541.3607916889025,1530.5883225565397,1533.9097900390625,483407.0,INFY,0.0036417167337823297,False
2021-11-05,1539.565380166842,1541.3607916889025,1530.5883225565397,1533.9097900390625,483407.0,INFY,0.0,False
2021-11-08,1553.0311221335432,1562.9058864939298,1528.7930641580483,1559.763916015625,5245903.0,INFY,0.016855049850033277,False
2021-11-09,1557.2950995512297,1570.9851126759777,1549.4401739878497,1564.2523193359375,4016134.0,INFY,0.002877617102322816,False
2021-11-10,1549.4400206968503,1571.83773382555,1545.8042688196354,1562.142578125,4780368.0,INFY,-0.0013487218045699079,False
2021-11-11,1555.679123526493,1561.7835664122908,1534.179114814545,1555.993408203125,4731349.0,INFY,-0.003936369194453282,False
2021-11-12,1564.7010936682932,1600.4746452356892,1560.257494120251,1598.095703125,5069009.0,INFY,0.02705814478384916,False
2021-11-15,1599.801381036417,1615.8703357362158,1593.8765450553617,1604.3348388671875,4354074.0,INFY,0.003904106449937439,False
2021-11-16,1606.8933627342767,1623.904843607028,1595.2231874741956,1608.9581298828125,6034233.0,INFY,0.0028817494351052186,False
2021-11-17,1609.1825130450993,1617.665788691909,1598.544612062206,1604.6041259765625,4732492.0,INFY,-0.00270610143631711,False
2021-11-18,1599.3525944279756,1606.3995628785876,1579.0644657331543,1597.377685546875,4326924.0,INFY,-0.004503565903078766,False
2021-11-19,1599.3525944279756,1606.3995628785876,1579.0644657331543,1597.377685546875,4326924.0,INFY,0.0,False
2021-11-22,1601.5071244338014,1602.7639344525808,1572.017511239656,1579.423583984375,6621839.0,INFY,-0.011239734800948642,False
2021-11-23,1557.6091835159034,1568.5163300051972,1535.0767917063313,1559.22509765625,8436160.0,INFY,-0.012788517616769246,False
2021-11-24,1562.00808830981,1562.4569412087494,1515.3273868200913,1522.509033203125,7333061.0,INFY,-0.023547635622537588,False
2021-11-25,1526.0998642017405,1549.6197123932054,1523.3618176709108,1546.20849609375,4476260.0,INFY,0.01556605732628391,False
2021-11-26,1528.3890188200792,1542.5727043871634,1511.7365327759849,1518.60400390625,4494181.0,INFY,-0.017853020635469563,False
2021-11-29,1518.020294608016,1536.8721137604516,1498.4054475493865,1522.822998046875,3942776.0,INFY,0.0027782055952523255,False
2021-11-30,1530.1842942257836,1552.9411117960724,1526.1446185772156,1537.4556884765625,14808963.0,INFY,0.009608923984241624,False
2021-12-01,1539.5652125168729,1563.7135167756164,1537.7698011903226,1539.4754638671875,5193264.0,INFY,0.0013137129126801206,False
2021-12-02,1539.5654663452517,1571.4340226456925,1536.2888182174336,1569.4141845703125,5559574.0,INFY,0.019447351650489164,False
2021-12-03,1589.9268048686408,1603.8861746330003,1555.320310191404,1558.013427734375,6754012.0,INFY,-0.007264339106925366,False
2021-12-06,1553.030961200896,1556.5768551113897,1518.4692895209917,1521.880615234375,3991449.0,INFY,-0.023191592483604917,False
2021-12-07,1527.087144429678,1548.4525839240318,1520.7134558760026,1536.5579833984375,4202122.0,INFY,0.00964423097129874,False
2021-12-08,1555.72401999994,1579.7825772411895,1555.3649157936254,1573.9923095703125,3029169.0,INFY,0.02436245594135067,False
2021-12-09,1579.0642137140458,1588.4003742450284,1563.803217902142,1583.0589599609375,2082171.0,INFY,0.005760288875299668,False
2021-12-10,1579.962097662356,1583.3284941772615,1567.394217340042,1579.288818359375,1823469.0,INFY,-0.002381554760067517,False
2021-12-13,1586.2910039483113,1590.1510729588513,1560.930816277759,1566.182373046875,4040584.0,INFY,-0.008298954035599104,False
2021-12-14,1553.8389138318717,1582.6552466615897,1535.391016726379,1572.9151611328125,4768144.0,INFY,0.004298853187090446,False
2021-12-15,1566.4965354752162,1569.144723607344,1545.1310947683974,1556.80126953125,3053149.0,INFY,-0.010244603141823183,False
2021-12-16,1582.3409441807426,1595.76160030936,1578.1665908378222,1590.3753662109375,4481031.0,INFY,0.02156607740292804,False
2021-12-17,1633.824496428529,1653.5740233084343,1621.9298950122225,1634.5875244140625,18887243.0,INFY,0.027799825841405168,False
2021-12-20,1617.3963227207378,1642.4872628921498,1604.46944825245,1614.8828125,5773891.0,INFY,-0.012054852750161493,False
2021-12-21,1616.7680325096776,1649.983144782225,1616.7680325096776,1626.28369140625,5353584.0,INFY,0.007059880022253884,False
2021-12-22,1638.31305674052,1642.0385576629037,1626.9570566497555,1638.043701171875,4156428.0,INFY,0.007231216686097497,False
2021-12-23,1643.9234808354008,1671.1688255499423,1640.1082318013805,1667.5780029296875,4112933.0,INFY,0.018030228214719335,False
2021-12-24,1681.3577864450267,1683.8714061478108,1664.346307875805,1672.87451171875,3780347.0,INFY,0.0031761685388973504,False
2021-12-27,1669.7326279815125,1682.7493608340567,1656.3119713909696,1675.2535400390625,2647733.0,INFY,0.0014221200117803257,False
2021-12-28,1688.3151125796455,1701.960305344771,1686.2504551628035,1694.868408203125,3340933.0,INFY,0.01170859675581104,False
2021-12-29,1690.8287268200424,1700.0751395868292,1684.4550381126232,1692.6690673828125,3236635.0,INFY,-0.0012976469498562349,False
2021-12-30,1691.7264690178984,1714.4384680998746,1682.6147338295473,1699.2222900390625,4584738.0,INFY,0.0038715321160696092,False
2021-12-31,1696.6638809222288,1704.1597020773836,1680.191002196057,1694.64404296875,4619420.0,INFY,-0.0026943190994789257,False
2022-01-03,1694.6439822250395,1718.2536866238245,1694.6439822250395,1704.2493896484375,3329616.0,INFY,0.005668061513885991,False
2022-01-04,1704.2494699005283,1711.6107229414722,1685.8914307946536,1704.8779296875,3921999.0,INFY,0.000368807548285055,False
2022-01-05,1705.640996354203,1708.2443650547573,1651.7786491009124,1655.9530029296875,6995719.0,INFY,-0.028697026283154625,False
2022-01-06,1641.0061644901782,1641.0061644901782,1615.8704026708538,1631.849609375,6449205.0,INFY,-0.014555602430771919,False
2022-01-07,1629.739793435008,1648.1876896772642,1621.9747266812612,1628.70751953125,4834389.0,INFY,-0.0019254775842691974,False
2022-01-10,1629.3359737764672,1678.6200425032102,1627.540562235116,1661.428955078125,7857560.0,INFY,0.020090430697030426,False
2022-01-11,1665.2441133275113,1678.7096991495666,1660.8902624950238,1665.78271484375,5142287.0,INFY,0.0026204910852900554,False
2022-01-12,1677.722386262191,1695.7662508688193,1669.7327827506638,1685.397705078125,5362535.0,INFY,0.011775239387217917,False
2022-01-13,1710.1295764621054,1716.862370070224,1675.4332248182886,1702.7684326171875,14277630.0,INFY,0.010306604480784687,False
2022-01-14,1689.4824192111032,1735.265417818843,1688.5847133560494,1731.98876953125,7688506.0,INFY,0.017160487799947166,False
2022-01-17,1740.2474431377093,1754.0272038314308,1733.020868358922,1741.1002197265625,5262464.0,INFY,0.0052606866485505055,False
2022-01-18,1725.48019138657,1746.0376748737065,1715.9196032810285,1724.268310546875,3690315.0,INFY,-0.009667398228420776,False
2022-01-19,1720.0041749935306,1720.0041749935306,1672.2910936296498,1676.0615234375,5747770.0,INFY,-0.027957822349635064,False
2022-01-20,1655.369343931458,1658.9601668033267,1629.7847309693936,1637.1458740234375,5533463.0,INFY,-0.023218508909057745,False
2022-01-21,1611.3817881916982,1623.0519627022786,1594.325379291619,1603.0330810546875,8252758.0,INFY,-0.020836746138518936,False
2022-01-24,1584.450758110879,1587.7274062411818,1551.235643068328,1559.135498046875,7116712.0,INFY,-0.02738407804967502,False
2022-01-25,1549.978755619526,1562.0080348157867,1526.548657013934,1545.9840087890625,9137653.0,INFY,-0.00843511630277638,False
2022-01-26,1549.978755619526,1562.0080348157867,1526.548657013934,1545.9840087890625,9137653.0,INFY,0.0,False
2022-01-27,1527.895129630078,1534.8074198145066,1494.6800181163808,1506.8887939453125,11231734.0,INFY,-0.02528824012505304,False
2022-01-28,1509.0433996097977,1550.8316470432278,1507.696840954584,1513.71142578125,10998502.0,INFY,0.004527627959907132,False
2022-01-31,1542.2584788669017,1570.536209998629,1539.879536712191,1558.5966796875,8788872.0,INFY,0.02965245101660252,False
2022-02-01,1585.4380043158844,1597.9161353795928,1557.2500236065905,1590.7794189453125,5119935.0,INFY,0.020648535748366337,False
2022-02-02,1605.9954576263822,1609.406783035397,1590.7344611033814,1604.289794921875,4253717.0,INFY,0.008492928570524194,False
2022-02-03,1597.0185757090092,1597.0185757090092,1556.6218157838234,1560.7064208984375,3832922.0,INFY,-0.02716677134105927,False
2022-02-04,1554.826382864696,1574.530980546349,1535.211533842776,1562.9954833984375,4700077.0,INFY,0.0014666835923455857,False
2022-02-07,1546.0288675415272,1554.8264281158893,1521.9704181220025,1539.5654296875,4310209.0,INFY,-0.014990480753017454,False
2022-02-08,1535.0768311505972,1548.5424173887602,1522.5089506616448,1541.630126953125,6053401.0,INFY,0.0013410909506095248,False
2022-02-09,1557.5194614769207,1564.701107408803,1548.5424040620685,1559.584228515625,3867244.0,INFY,0.0116461797473979,False
2022-02-10,1576.0572478156405,1592.4403790619915,1569.8630557291408,1588.5802001953125,4334630.0,INFY,0.01859211650741366,False
2022-02-11,1562.0078575739724,1567.349162449059,1537.7698046116177,1545.265625,7551371.0,INFY,-0.027266218721589963,False
2022-02-14,1517.1225090493276,1542.7520485236505,1506.5744679361148,1510.120361328125,7459637.0,INFY,-0.02274383323053275,False
2022-02-15,1525.2020612168308,1568.0675105535606,1517.5266332614683,1560.43701171875,4669915.0,INFY,0.0333196291362976,False
2022-02-16,1560.437007797767,1575.8775027443555,1550.2031404107388,1555.993408203125,5350642.0,INFY,-0.002847666059093701,False
2022-02-17,1565.5985746762708,1570.0871026999987,1544.3229956770824,1548.3626708984375,3937950.0,INFY,-0.004904093593493752,False
2022-02-18,1535.076791414694,1546.2981129893628,1529.2417041958663,1532.3387451171875,5602215.0,INFY,-0.01034894865551883,False
2022-02-21,1526.9976047218297,1559.5843699257289,1518.4693994044533,1553.659423828125,5120890.0,INFY,0.013913815583451061,False
2022-02-22,1526.009994477481,1571.8827354279815,1518.0653206725158,1556.9359130859375,8878515.0,INFY,0.002108885131169469,False
2022-02-23,1570.9851466934483,1578.39121952786,1556.0832523614588,1564.5665283203125,5478811.0,INFY,0.004901046452997937,False
2022-02-24,1517.212402711859,1539.5203677498448,1499.6173926642882,1506.48486328125,13592379.0,INFY,-0.03712316733595078,False
2022-02-25,1539.5654171471692,1551.3702701049135,1505.4525974086314,1521.252197265625,9737281.0,INFY,0.009802510695136046,False
2022-02-28,1510.120728832804,1551.280629498285,1494.6802321299797,1540.1041259765625,15076542.0,INFY,0.012392375665798872,False
2022-03-01,1510.120728832804,1551.280629498285,1494.6802321299797,1540.1041259765625,15076542.0,INFY,0.0,False
2022-03-02,1535.0765957495616,1539.0265223570202,1518.0201891301222,1528.6131591796875,6771489.0,INFY,-0.007461162270173571,False
2022-03-03,1544.233485910162,1556.532121220316,1531.0821834995784,1544.8170166015625,7344147.0,INFY,0.01060036499396011,False
2022-03-04,1521.8359075555238,1558.4174225137233,1509.043598643761,1547.0166015625,9074499.0,INFY,0.0014238482210511272,False
2022-03-07,1523.4065033725533,1571.88260896013,1522.508797713524,1561.8731689453125,9742588.0,INFY,0.009603366484759901,False
2022-03-08,1542.6623753419804,1615.8703218106334,1542.6623753419804,1596.30029296875,10984500.0,INFY,0.022042202086540286,False
2022-03-09,1607.7910342826165,1644.2378666327916,1607.7910342826165,1627.854736328125,10193515.0,INFY,0.01976723521154722,False
2022-03-10,1656.042703365668,1656.042703365668,1625.026925475578,1639.1209716796875,6547182.0,INFY,0.006920909525978569,False
2022-03-11,1628.438227062037,1644.058328995704,1625.7451098177226,1635.619873046875,4758657.0,INFY,-0.002135961099457351,False
2022-03-14,1644.1930282991682,1701.1524149287986,1644.1930282991682,1697.292236328125,10289724.0,INFY,0.03770580456837136,False
2022-03-15,1695.1825455498838,1695.1825455498838,1642.801439597397,1651.150146484375,7140443.0,INFY,-0.027185707243657986,False
2022-03-16,1674.2210817119692,1700.209617136358,1659.857790930526,1696.1251220703125,5233979.0,INFY,0.027238574082252942,False
2022-03-17,1726.5577117887435,1726.5577117887435,1645.539758514174,1664.88525390625,17731459.0,INFY,-0.018418374775282298,False
2022-03-18,1726.5577117887435,1726.5577117887435,1645.539758514174,1664.88525390625,17731459.0,INFY,0.0,False
2022-03-21,1670.6304916817223,1693.8810937888873,1652.766124367728,1663.4937744140625,8362085.0,INFY,-0.0008357810178946101,False
2022-03-22,1660.7556174235997,1696.6638469895154,1650.880854292973,1694.329833984375,5709382.0,INFY,0.018536925141889427,False
2022-03-23,1702.947797209164,1705.6409144424942,1667.0395674314273,1680.8642578125,6192824.0,INFY,-0.007947434969146183,False
2022-03-24,1666.2766908514943,1700.7934360280046,1666.2766908514943,1693.7015380859375,3784303.0,INFY,0.007637309326895991,False
2022-03-25,1698.4592312943375,1700.2546427439086,1667.9372366516277,1684.5897216796875,3438588.0,INFY,-0.0053798241315570206,False
2022-03-28,1675.11903969184,1688.494878163367,1663.1346890576358,1682.2109375,4008555.0,INFY,-0.0014120851795983436,False
2022-03-29,1682.2107806865477,1696.125219429775,1670.2264311695085,1693.072998046875,3917785.0,INFY,0.006457014578098885,False
2022-03-30,1714.6180534941043,1722.6974055786316,1701.1524666865591,1709.1868896484375,7795839.0,INFY,0.009517540956681447,False
2022-03-31,1705.640898756571,1717.3110733270107,1700.4341616533943,1711.7901611328125,5399145.0,INFY,0.0015231052263164901,False
2022-04-01,1693.8360075883895,1714.8872723694526,1686.1606894698257,1708.8277587890625,6171518.0,INFY,-0.0017305873178927733,False
2022-04-04,1696.439403736475,1699.3569473597815,1681.4028327548183,1690.3349609375,7364074.0,INFY,-0.010821920323126788,False
2022-04-05,1691.0980783575872,1696.3047057811573,1667.174199014427,1670.7200927734375,5472024.0,INFY,-0.011604130907393428,False
2022-04-06,1665.244192690946,1667.4884571015807,1635.7545802518507,1641.7691650390625,5407453.0,INFY,-0.017328412975698204,False
2022-04-07,1634.7671038301394,1641.140792753932,1622.6480761757875,1625.7451171875,5797544.0,INFY,-0.009760231945385112,False
2022-04-08,1636.517556739723,1649.9831427798194,1623.0519706996265,1628.976806640625,5131446.0,INFY,0.001987820488561942,False
2022-04-11,1628.4381324552166,1628.4381324552166,1582.2512182318208,1585.842041015625,8248407.0,INFY,-0.0264796683716787,False
2022-04-12,1577.717790201168,1577.717790201168,1551.0110452461267,1564.207275390625,6456184.0,INFY,-0.013642446766731209,False
2022-04-13,1575.4288234718024,1577.7180172020317,1554.8265182326709,1569.68359375,6257693.0,INFY,0.0035010183404289297,False
2022-04-14,1575.4288234718024,1577.7180172020317,1554.8265182326709,1569.68359375,6257693.0,INFY,0.0,False
2022-04-15,1575.4288234718024,1577.7180172020317,1554.8265182326709,1569.68359375,6257693.0,INFY,0.0,False
2022-04-18,1441.266375690015,1481.2142758570687,1427.3519385531754,1455.5399169921875,30523965.0,INFY,-0.07271763380358798,False
2022-04-19,1469.2301891678217,1469.2301891678217,1391.4439612863616,1402.2164306640625,17044923.0,INFY,-0.036634849862665186,False
2022-04-20,1413.8865344992996,1433.007710513435,1403.114065665019,1425.287353515625,10678747.0,INFY,0.016453182509519326,False
2022-04-21,1431.8406148458548,1460.7466950238763,1426.6788069866927,1453.2060546875,7766514.0,INFY,0.019588121022059424,False
2022-04-22,1440.2342392008811,1445.9346489594298,1420.5296412592909,1423.267578125,8134245.0,INFY,-0.020601673428162326,False
2022-04-25,1411.9116704618675,1411.9116704618675,1395.1245069131328,1401.408447265625,7000570.0,INFY,-0.015358412708432523,False
2022-04-26,1415.8612578238474,1429.147344812421,1406.3007806523135,1419.2725830078125,5345435.0,INFY,0.012747272771933993,False
2022-04-27,1411.8668288833385,1411.8668288833385,1391.7581965918794,1393.9576416015625,8819356.0,INFY,-0.017836560579928218,False
2022-04-28,1409.398156943426,1437.9452462485665,1398.1319049129104,1420.709228515625,9245177.0,INFY,0.019191104604388665,False
2022-04-29,1427.352057451814,1433.9053528696272,1401.1390949469912,1407.1986083984375,9831395.0,INFY,-0.009509771490189833,False
2022-05-02,1392.2518104170338,1393.9125440673035,1374.387444834675,1383.364501953125,7072627.0,INFY,-0.01693727260890243,False
2022-05-03,1392.2518104170338,1393.9125440673035,1374.387444834675,1383.364501953125,7072627.0,INFY,0.0,False
2022-05-04,1388.9752818655138,1409.3980885628416,1373.6245347920797,1378.47216796875,6220959.0,INFY,-0.0035365472928268193,False
2022-05-05,1400.465778478004,1426.8134180541488,1398.1316560624994,1422.9981689453125,6144870.0,INFY,0.03230097930970488,False
2022-05-06,1391.4440090997512,1402.081801059126,1378.0233510388225,1385.025390625,6171472.0,INFY,-0.026685050725298476,False
2022-05-09,1382.4668114652425,1424.4794830755254,1366.4427862489936,1409.712158203125,6832202.0,INFY,0.01782405416191324,False
2022-05-10,1398.6254914253664,1408.6349319744825,1387.8979520606213,1394.136962890625,6212545.0,INFY,-0.011048493284155803,False
2022-05-11,1391.39899537121,1391.39899537121,1356.9720014786396,1370.572265625,7846080.0,INFY,-0.016902713214608123,False
2022-05-12,1359.126399726863,1371.245426408707,1350.4186984628227,1354.4583740234375,7034979.0,INFY,-0.011757053608708712,False
2022-05-13,1363.8845057206029,1372.8166348589282,1344.8530764532477,1350.5086669921875,6723761.0,INFY,-0.002916078564686564,False
2022-05-16,1355.5357547320384,1357.196488541389,1327.3926998865318,1336.773681640625,6145331.0,INFY,-0.010170231178266098,False
2022-05-17,1341.9804318999063,1369.0013547558185,1329.4125506103449,1363.121337890625,6516378.0,INFY,0.01970988553399966,False
2022-05-18,1366.3081825774632,1391.1745885847754,1351.3165400447583,1354.8175048828125,6594126.0,INFY,-0.00609177831568708,False
2022-05-19,1329.502325378898,1332.8237930944929,1272.6326833436513,1281.160888671875,16561140.0,INFY,-0.05436644857737394,False
2022-05-20,1304.3664195619865,1316.709873291496,1298.7108296562692,1306.2965087890625,10488908.0,INFY,0.019619409505424734,False
2022-05-23,1306.2516316480803,1335.7861731182122,1301.718283302418,1318.191162109375,5887569.0,INFY,0.009105630490690686,False
2022-05-24,1318.370775493057,1319.2236617915048,1288.432307627861,1293.5941162109375,5693167.0,INFY,-0.018659695653760244,False
2022-05-25,1288.2077880074494,1294.9405813245614,1256.114806529215,1266.1690673828125,9630092.0,INFY,-0.021200659839467728,False
2022-05-26,1272.9469020054696,1283.7193722622155,1263.1170667294828,1278.2882080078125,13040065.0,INFY,0.009571502682536925,False
2022-05-27,1296.2420817605998,1316.9342416608813,1290.3621752658937,1311.8621826171875,8284860.0,INFY,0.026264792555428018,False
2022-05-30,1334.8886924741273,1373.4900467285909,1333.093280648338,1370.617431640625,10904213.0,INFY,0.04478766885879715,False
2022-05-31,1370.5263940981097,1377.1490921324803,1350.0688109873222,1364.085205078125,16033857.0,INFY,-0.004765900689502334,False
2022-06-01,1372.613057886202,1374.2006803920185,1335.50802974436,1341.359619140625,8738508.0,INFY,-0.016659946059746633,False
2022-06-02,1346.303797066686,1373.3840770354834,1338.6831873873698,1368.076904296875,7205840.0,INFY,0.019918062818505833,False
2022-06-03,1383.4090071722164,1410.7160939809075,1377.1492158604617,1380.505859375,9395707.0,INFY,0.009084982751399462,False
2022-06-06,1375.334669946235,1394.0232323627165,1354.4687745578683,1388.0810546875,6624883.0,INFY,0.005487260529215998,False
2022-06-07,1378.8274543628197,1378.8274543628197,1363.1780324002411,1366.8975830078125,4904592.0,INFY,-0.01526097601300136,False
2022-06-08,1379.1448683164317,1379.1448683164317,1353.5615113932292,1360.8192138671875,4697608.0,INFY,-0.004446835824560957,False
2022-06-09,1347.2112239422186,1376.196633250741,1344.0359786332638,1374.4276123046875,4361061.0,INFY,0.010000151598997142,False
2022-06-10,1348.208985661335,1355.3305843397889,1336.868825108461,1339.77197265625,6516436.0,INFY,-0.025214597944758776,False
2022-06-13,1309.6523266400254,1309.6523266400254,1280.712217260491,1292.3245849609375,6987685.0,INFY,-0.0354145247577039,False
2022-06-14,1279.1702210306837,1314.4608258731198,1272.9558346588265,1306.8856201171875,6090247.0,INFY,0.011267320397444935,False
2022-06-15,1306.5678679807882,1312.1926539494157,1287.1988962903904,1290.238037109375,4651958.0,INFY,-0.012738362678074044,False
2022-06-16,1304.5720675297323,1309.7885413741665,1262.8402767742612,1267.5577392578125,6641772.0,INFY,-0.017578382592389752,False
2022-06-17,1261.978341762064,1267.3308083987577,1240.2959348612192,1258.5762939453125,9692047.0,INFY,-0.007085630132919074,False
2022-06-20,1261.0712513196502,1290.374159577052,1253.7681436672126,1282.93505859375,4595194.0,INFY,0.019354221723085985,False
2022-06-21,1291.8710851982405,1320.9018961015715,1290.737069147329,1315.367919921875,6270787.0,INFY,0.025280205035222325,False
2022-06-22,1302.8029904960238,1324.1677855678092,1301.8503727550444,1303.8916015625,6253366.0,INFY,-0.008724797211153379,False
2022-06-23,1306.2051203282867,1322.7163500853471,1300.036028581826,1317.6812744140625,6254281.0,INFY,0.010575781633256787,False
2022-06-24,1322.716318533469,1331.334840499222,1296.3164470818606,1307.3843994140625,6114340.0,INFY,-0.007814389716191972,False
2022-06-27,1331.8339449854482,1346.303946473831,1329.2030054210798,1337.776123046875,4511097.0,INFY,0.02324620337096972,False
2022-06-28,1332.6957115355226,1350.159559355168,1318.180305555558,1342.8111572265625,4412178.0,INFY,0.0037637345239949216,False
2022-06-29,1328.7946624267454,1339.9534251599073,1321.8091675409512,1327.479248046875,5060038.0,INFY,-0.011417770173546948,False
2022-06-30,1329.112381623726,1344.4895968857418,1319.9948471449084,1326.254638671875,9165177.0,INFY,-0.0009225073588169375,False
2022-07-01,1319.0875083390094,1347.2111072100613,1308.5184562919433,1342.1307373046875,4651635.0,INFY,0.011970626280870977,False
2022-07-04,1342.9017181396484,1353.7882715040637,1326.3450848979337,1349.9326171875,4800224.0,INFY,0.005813055066811623,False
2022-07-05,1359.7306341867263,1369.8459686483452,1335.4172860401247,1339.000732421875,7379669.0,INFY,-0.008098096620852702,False
2022-07-06,1344.6709122978723,1360.8193461699268,1333.6029592465284,1353.244140625,5209162.0,INFY,0.01063734160724672,False
2022-07-07,1363.5863571826133,1373.4748889332016,1356.9182539508968,1359.639892578125,3323472.0,INFY,0.004726236575590237,False
2022-07-08,1374.427478165659,1376.1964989390626,1360.7738803721873,1373.928466796875,3652582.0,INFY,0.01050908721989341,False
2022-07-11,1356.2831490104652,1360.7285139218584,1330.3368848303196,1336.4605712890625,4702638.0,INFY,-0.02727063046823952,False
2022-07-12,1326.163860792882,1332.3328420632538,1302.7577236881664,1305.116455078125,4710356.0,INFY,-0.023453079637587027,False
2022-07-13,1315.458659703502,1324.5307883911123,1305.116410850875,1310.423583984375,5264025.0,INFY,0.0040664025693648576,False
2022-07-14,1316.3657819014363,1318.134802576168,1282.798908069353,1296.27099609375,6157606.0,INFY,-0.010800010060558973,False
2022-07-15,1311.8297387301836,1311.8297387301836,1279.7597876672385,1297.6318359375,5620018.0,INFY,0.0010498112260868275,False
2022-07-18,1315.4585592229448,1355.0130151308297,1313.6895385614898,1351.6563720703125,5835171.0,INFY,0.04163317717446513,False
2022-07-19,1335.0090819172656,1348.8893717454062,1333.6935568698457,1346.43994140625,3418540.0,INFY,-0.0038592875910262725,False
2022-07-20,1361.9534428410795,1384.225565088128,1360.8194266522028,1374.6998291015625,5079392.0,INFY,0.0209885987679459,False
2022-07-21,1376.2417984383378,1392.9798300677912,1363.631518545163,1390.66650390625,5008061.0,INFY,0.011614662682487342,False
2022-07-22,1391.664666549429,1397.107944254316,1353.6978267065963,1366.534912109375,7020642.0,INFY,-0.01735253688004401,False
2022-07-25,1342.765703322451,1376.3779833666647,1342.765703322451,1364.085205078125,7859626.0,INFY,-0.0017926413804303376,False
2022-07-26,1357.780012018213,1357.780012018213,1310.9224503800992,1316.5018310546875,7268273.0,INFY,-0.03488299253323568,False
2022-07-27,1316.3656387661542,1336.324318333939,1310.9223625203947,1334.5552978515625,4517285.0,INFY,0.013713210548603527,False
2022-07-28,1357.5533877504583,1383.000642812574,1351.6110990365607,1376.6048583984375,6636841.0,INFY,0.03150829389727705,False
2022-07-29,1390.5760269529192,1411.3511145079642,1386.2213605802913,1405.9078369140625,7009465.0,INFY,0.021286412245934194,False
2022-08-01,1418.8810538349696,1418.8810538349696,1395.2028179881397,1407.1326904296875,2983249.0,INFY,0.0008712189259243441,False
2022-08-02,1403.050001435288,1403.4582028981656,1386.5386620137654,1400.3736572265625,4374635.0,INFY,-0.004803408554925337,False
2022-08-03,1405.2726932814403,1424.3241629773152,1397.017078561979,1420.7860107421875,6011955.0,INFY,0.014576362108990049,False
2022-08-04,1440.2004889831908,1455.033397854832,1428.814922709787,1451.449951171875,7402209.0,INFY,0.021582377780922313,False
2022-08-05,1459.161245553542,1474.8559622239864,1453.6272690310873,1466.645751953125,5361971.0,INFY,0.010469393566744145,False
2022-08-08,1466.9630480641483,1471.499111910976,1447.9115799074712,1469.140380859375,3763409.0,INFY,0.0017009076001672785,False
2022-08-09,1466.9630480641483,1471.499111910976,1447.9115799074712,1469.140380859375,3763409.0,INFY,0.0,False
2022-08-10,1470.7734244892297,1470.7734244892297,1440.744701377161,1453.76318359375,4423829.0,INFY,-0.010466799133674431,False
2022-08-11,1478.756814861088,1479.9815299516408,1466.05583608314,1469.6392822265625,3462090.0,INFY,0.010920691080899658,False
2022-08-12,1463.6065415227213,1464.241546222961,1442.6045418057784,1446.18798828125,3562286.0,INFY,-0.015957176858924726,False
2022-08-15,1463.6065415227213,1464.241546222961,1442.6045418057784,1446.18798828125,3562286.0,INFY,0.0,False
2022-08-16,1459.7055121386732,1459.7055121386732,1443.4663795689878,1448.3199462890625,3004430.0,INFY,0.001474191477932374,False
2022-08-17,1448.319962808223,1462.4271674367703,1437.9324195950876,1457.210693359375,4067324.0,INFY,0.006138662312213938,False
2022-08-18,1446.1880779329435,1449.9076287158357,1427.9531205875353,1436.0726318359375,4635706.0,INFY,-0.014505837501581187,False
2022-08-19,1438.2045012665103,1455.9858500611736,1438.0229922596134,1448.9095458984375,4739884.0,INFY,0.008938903073508753,False
2022-08-22,1438.8397049053958,1450.6334729783907,1427.9531497610926,1429.4500732421875,3950555.0,INFY,-0.013430426151401775,False
2022-08-23,1404.3654036721289,1410.262286827083,1390.757211776081,1399.2850341796875,5551574.0,INFY,-0.021102548194692483,False
2022-08-24,1392.5715677400915,1402.5509079649391,1388.942716749238,1394.839599609375,2888426.0,INFY,-0.0031769328347877046,False
2022-08-25,1404.3655610799822,1405.0005658088055,1373.2935194346403,1377.2852783203125,4331088.0,INFY,-0.012585189934368524,False
2022-08-26,1392.7078235409888,1401.5984429909956,1376.6500897106737,1380.3697509765625,3079136.0,INFY,0.0022395306947677884,False
2022-08-29,1332.2873773574215,1332.2873773574215,1315.4585359278797,1326.1182861328125,8079050.0,INFY,-0.03930212524967969,False
2022-08-30,1336.4150670080844,1357.2809600571695,1329.9738786938544,1354.4232177734375,6725875.0,INFY,0.021344198278999027,False
2022-08-31,1336.4150670080844,1357.2809600571695,1329.9738786938544,1354.4232177734375,6725875.0,INFY,0.0,False
2022-09-01,1324.576097843867,1331.8790944646682,1316.4111826136234,1328.3409423828125,8140604.0,INFY,-0.019257108892080432,False
2022-09-02,1340.860743733332,1340.860743733332,1313.6443551595837,1318.180419921875,5175653.0,INFY,-0.0076490320645475895,False
2022-09-05,1316.3657470530793,1330.8811515691712,1312.1471854668405,1325.7100830078125,3669352.0,INFY,0.005712164262297037,False
2022-09-06,1325.7101129718044,1333.602820058323,1311.330701453046,1320.0853271484375,3428442.0,INFY,-0.00424282498222639,False
2022-09-07,1306.386475113744,1329.7472054847017,1304.6174543928623,1322.3988037109375,3600574.0,INFY,0.0017525204734283317,False
2022-09-08,1338.1388086404177,1343.6727842765545,1327.7965611231937,1338.955322265625,4061475.0,INFY,0.012520064679600651,False
2022-09-09,1349.9325797837869,1378.9633879511805,1342.6748777419386,1371.38818359375,4816910.0,INFY,0.02422251197541514,False
2022-09-12,1384.2253536649391,1402.4603090481628,1380.0067919378969,1393.6602783203125,5494819.0,INFY,0.016240547346848322,False
2022-09-13,1407.903706776797,1408.9016188074963,1398.287272287198,1401.5985107421875,4947158.0,INFY,0.0056959594424563775,False
2022-09-14,1358.097606026967,1359.8666267473366,1335.4172852850338,1338.5018310546875,14332197.0,INFY,-0.045017656057645516,False
2022-09-15,1338.139077851174,1338.3204761404947,1296.4526878251136,1299.854736328125,12784100.0,INFY,-0.02887339698004754,False
2022-09-16,1292.778150190492,1292.778150190492,1241.384526492065,1249.27734375,20464045.0,INFY,-0.038910034455848286,False
2022-09-19,1262.840313282475,1275.541293444799,1252.498064430117,1261.298095703125,6595241.0,INFY,0.00962216437627994,False
2022-09-20,1277.310413718237,1282.3908947738407,1256.580620201903,1259.7105712890625,7219797.0,INFY,-0.0012586433131633878,False
2022-09-21,1251.8629984379054,1259.9372147231684,1241.430050958142,1249.4588623046875,7917054.0,INFY,-0.008138146347287045,False
2022-09-22,1239.5702101574118,1255.5371335852622,1233.80943091915,1241.021728515625,9168498.0,INFY,-0.006752630313494157,False
2022-09-23,1240.6136148834153,1265.3805708345333,1235.623944037449,1238.7537841796875,10426200.0,INFY,-0.0018274815692793656,False
2022-09-26,1233.8094816948922,1269.5989844950832,1229.2734174239552,1252.1805419921875,9414587.0,INFY,0.010838923750607465,False
2022-09-27,1264.1555280230843,1275.994698388099,1250.1391357119094,1264.246337890625,8561254.0,INFY,0.009635827657280993,False
2022-09-28,1251.046475907764,1275.4051179200892,1249.2320502719297,1265.2896728515625,7022098.0,INFY,0.0008252623952056393,False
2022-09-29,1274.5432487847852,1279.0339077201488,1263.74739462168,1268.8731689453125,6119965.0,INFY,0.0028321546999383607,False
2022-09-30,1260.0733324380312,1287.607332969342,1248.324969500773,1282.300048828125,8120130.0,INFY,0.010581735205239529,False
2022-10-03,1280.98449026065,1280.98449026065,1257.3969571538678,1264.4278564453125,4943169.0,INFY,-0.013937605632274308,False
2022-10-04,1287.9701100239968,1299.3556762181945,1282.7990407907328,1296.7701416015625,6631341.0,INFY,0.025578592713999537,False
2022-10-05,1287.9701100239968,1299.3556762181945,1282.7990407907328,1296.7701416015625,6631341.0,INFY,0.0,False
2022-10-06,1310.9225051715146,1324.3492990029515,1310.1059914970522,1320.1307373046875,6180672.0,INFY,0.01801444600989477,False
2022-10-07,1312.1472810452483,1322.580228801138,1306.5226056830536,1316.5472412109375,3994466.0,INFY,-0.002714500914558271,False
2022-10-10,1294.0028267134942,1329.0666201024883,1294.0028267134942,1326.9346923828125,5274677.0,INFY,0.007889919060041217,False
2022-10-11,1326.9350196624216,1342.357639535756,1288.3330650348933,1291.6898193359375,12824774.0,INFY,-0.026561121092994244,False
2022-10-12,1303.664798259727,1307.3843486042715,1282.3907023211864,1296.1348876953125,5481467.0,INFY,0.003441281562209797,False
2022-10-13,1298.2215292859132,1304.5266140090537,1283.7061243463083,1288.1514892578125,4821514.0,INFY,-0.00615938858932763,False
2022-10-14,1347.2110338811046,1355.37594923796,1331.1080063717516,1337.45849609375,14990688.0,INFY,0.038277335582902916,False
2022-10-17,1339.8625996229894,1356.2831290703418,1338.5924795607286,1351.70166015625,4286396.0,INFY,0.01064942508803024,False
2022-10-18,1369.8913885102745,1370.753196410842,1358.3244247993434,1364.1759033203125,4692004.0,INFY,0.009228547638700402,False
2022-10-19,1364.4481050975749,1365.3099129941174,1343.854418021596,1347.6192626953125,3553171.0,INFY,-0.012136734408445649,False
2022-10-20,1338.139027990448,1364.4482021000908,1337.413213372677,1361.6358642578125,4583939.0,INFY,0.01040101010018657,False
2022-10-21,1361.0914288831727,1366.26249762449,1352.9718077531638,1361.2728271484375,3594485.0,INFY,-0.00026661835142893775,False
2022-10-24,1377.602772050084,1380.5966188815137,1370.7986753820724,1377.0130615234375,982837.0,INFY,0.011562880020144384,False
2022-10-25,1386.3118716885508,1390.6665374705217,1379.9160878294856,1384.678955078125,3914341.0,INFY,0.005567044909658536,False
2022-10-26,1386.3118716885508,1390.6665374705217,1379.9160878294856,1384.678955078125,3914341.0,INFY,0.0,False
2022-10-27,1403.9386622242373,1407.6988621560834,1387.1551861000603,1397.65625,6760137.0,INFY,0.009372060486860567,False
2022-10-28,1399.5362686568128,1401.3246221215236,1382.1108498465378,1387.8428955078125,3053981.0,INFY,-0.007021293320290667,False
2022-10-31,1403.4341822194212,1418.245811891941,1403.4341822194212,1410.220947265625,4542336.0,INFY,0.016124340752289745,False
2022-11-01,1424.3448316381566,1444.475734393004,1418.8878561358067,1442.6414794921875,4542692.0,INFY,0.022989682779443132,False
2022-11-02,1441.7242114783023,1442.4120569990462,1416.9617727315378,1424.573974609375,2938906.0,INFY,-0.01252390503091061,False
2022-11-03,1411.2297190433037,1415.9529473175023,1395.546863646527,1403.8927001953125,3174027.0,INFY,-0.014517515259067859,False
2022-11-04,1394.446310738257,1394.446310738257,1376.7458190882635,1388.5308837890625,4509682.0,INFY,-0.010942300935187443,False
2022-11-07,1395.3175530956448,1401.2788807869697,1367.528549999092,1382.5235595703125,4898592.0,INFY,-0.0043263886233174675,False
2022-11-08,1395.3175530956448,1401.2788807869697,1367.528549999092,1382.5235595703125,4898592.0,INFY,0.0,False
2022-11-09,1402.2876797188958,1402.2876797188958,1376.6998049643528,1385.9627685546875,3334755.0,INFY,0.002487631375658994,False
2022-11-10,1361.934227104186,1386.6966675969895,1361.934227104186,1377.4794921875,3435763.0,INFY,-0.006120854441157952,False
2022-11-11,1418.475217234108,1443.1000672976652,1418.475217234108,1439.9818115234375,7214098.0,INFY,0.04537441006593923,False
2022-11-14,1444.613253594111,1459.516573917289,1438.468432811522,1453.922119140625,4908813.0,INFY,0.009680891456843588,False
2022-11-15,1447.089492665349,1465.4320412606671,1442.4121651643493,1461.901123046875,3497614.0,INFY,0.005487916994457942,False
2022-11-16,1464.7901313371106,1475.658069244969,1461.4425937488245,1469.971923828125,4497697.0,INFY,0.005520756947247518,False
2022-11-17,1464.8358035943602,1469.9718064752024,1451.7667384557692,1455.8480224609375,3469515.0,INFY,-0.009608279680883847,False
2022-11-18,1459.7916463166098,1465.5695937519367,1444.9342271315247,1461.350830078125,3126064.0,INFY,0.003779795371693817,False
2022-11-21,1450.9871057683945,1456.2605878409026,1434.433024869714,1438.239013671875,3071764.0,INFY,-0.015815378436548566,False
2022-11-22,1438.972931127563,1456.3983522183364,1432.5530391467516,1453.69287109375,3399329.0,INFY,0.010744985551755182,False
2022-11-23,1457.2238001205214,1460.0668727709146,1448.4193991579357,1451.9503173828125,3245067.0,INFY,-0.0011987083004860732,False
2022-11-24,1457.3154109383324,1500.420397920146,1453.4176195623174,1494.7342529296875,5282215.0,INFY,0.029466528595823105,False
2022-11-25,1496.201695768672,1507.7574788728768,1480.0602755632722,1500.0994873046875,4563255.0,INFY,0.003589423581137563,False
2022-11-28,1493.083265201096,1516.4700116769118,1485.7462466988793,1488.864501953125,3825766.0,INFY,-0.007489493494694188,False
2022-11-29,1486.8467258197302,1502.9423546280163,1481.2064825188925,1494.0462646484375,3131710.0,INFY,0.003480345383018335,False
2022-11-30,1485.7004864644923,1509.3624181599896,1479.4640873185208,1499.4573974609375,11868134.0,INFY,0.003621797356973655,False
2022-12-01,1518.946413503393,1533.9873258325365,1515.3697060690874,1519.7718505859375,5407928.0,INFY,0.013547869488922393,False
2022-12-02,1518.762947118193,1524.0823307242515,1498.540243529846,1502.1629638671875,4283343.0,INFY,-0.011586533012807876,False
2022-12-05,1502.254768168023,1508.53706883091,1488.7730393891543,1503.8597412109375,3824966.0,INFY,0.0011295561031419155,False
2022-12-06,1490.3319598752034,1491.2490872351268,1474.328132226153,1479.2347412109375,4822398.0,INFY,-0.016374532361755678,False
2022-12-07,1474.740816480458,1489.2314737623112,1464.3772323790536,1472.447998046875,4898087.0,INFY,-0.00458800958021488,False
2022-12-08,1472.4480939167222,1489.3232610774244,1466.0282018846967,1485.884033203125,4206837.0,INFY,0.009124964123739643,False
2022-12-09,1493.0835061100497,1493.0835061100497,1431.7276565946954,1439.2481689453125,8880658.0,INFY,-0.031385938078410724,False
2022-12-12,1421.5474937319827,1436.1756312245805,1403.2508465781414,1418.9794921875,8037679.0,INFY,-0.014082822681418139,False
2022-12-13,1418.9794213639211,1446.7684254424607,1413.4308679506453,1441.86181640625,6135067.0,INFY,0.016125901991349112,False
2022-12-14,1450.895617363601,1456.8569457535275,1442.641470362165,1448.5111083984375,4976020.0,INFY,0.004611601414593602,False
2022-12-15,1439.24815424885,1439.8900986832095,1408.019919747387,1412.8348388671875,6443866.0,INFY,-0.024629614039132774,False
2022-12-16,1398.6192710071691,1421.0888920823663,1386.7425160776045,1396.05126953125,9630453.0,INFY,-0.011879356931341345,False
2022-12-19,1382.9823830210828,1391.1907414026557,1371.1515277130306,1382.43212890625,6222740.0,INFY,-0.009755473113514546,False
2022-12-20,1376.6082828344672,1390.3651943884424,1359.5955240977712,1382.38623046875,7396259.0,INFY,-3.3201223076595454e-05,False
2022-12-21,1389.447884052655,1394.9506479498932,1377.8462011118406,1384.4495849609375,6236361.0,INFY,0.0014926034755771145,False
2022-12-22,1395.4093535025568,1403.159035330933,1386.467361260263,1395.913818359375,6302640.0,INFY,0.008280715688727014,False
2022-12-23,1383.6701502561066,1384.7707703774545,1369.2712939559335,1373.031494140625,6283822.0,INFY,-0.016392361704423597,False
2022-12-26,1376.149647483791,1384.7706673330083,1372.3435464278352,1377.8922119140625,4115459.0,INFY,0.003540135673639311,False
2022-12-27,1384.816356461264,1395.3633206748425,1373.398166072519,1389.310302734375,4860076.0,INFY,0.008286635719096935,False
2022-12-28,1380.368461733021,1398.5734186856855,1374.3154431330508,1385.0,5029860.0,INFY,-0.0031024766215953514,False
2022-12-29,1379.359622000729,1395.2259709449818,1376.6082397759933,1391.7867431640625,4624745.0,INFY,0.004900175569720222,False
2022-12-30,1401.3707157827157,1403.57184400983,1379.405558572839,1383.2115478515625,5060544.0,INFY,-0.006161285379831516,False
2023-01-02,1388.5308744976214,1399.9949669224698,1379.4055017090532,1397.7021484375,3801140.0,INFY,0.01047605524147377,False
2023-01-03,1393.896125248884,1405.6354013294997,1389.53976988402,1396.3724365234375,4551130.0,INFY,-0.0009513557058984379,False
2023-01-04,1394.9508128847058,1394.9508128847058,1367.5286804970206,1370.922119140625,7059590.0,INFY,-0.018226023886704912,False
2023-01-05,1381.1021672768188,1381.1021672768188,1347.489425840876,1352.9462890625,9868404.0,INFY,-0.013112218285159294,False
2023-01-06,1348.1773465478836,1352.7629837810398,1326.62485155205,1328.4591064453125,6443714.0,INFY,-0.018099153540053314,False
2023-01-09,1328.1839392343245,1365.9237565030876,1328.1839392343245,1361.4298095703125,11498717.0,INFY,0.02481875653156007,False
2023-01-10,1359.182808712685,1360.9253731659428,1333.5491426282238,1347.947998046875,7158624.0,INFY,-0.009902685712231185,False
2023-01-11,1348.1773211820307,1370.1883794870434,1342.6745566057775,1349.32373046875,6173092.0,INFY,0.0010206123855434068,False
2023-01-12,1359.1370254896133,1361.9343090878735,1334.420484661856,1357.89892578125,6591385.0,INFY,0.006355180094195001,False
2023-01-13,1360.5585559991107,1393.4834534558884,1346.3430806920758,1379.0386962890625,11610426.0,INFY,0.015568000023013395,False
2023-01-16,1384.8624058326163,1401.370699412078,1377.8005694719036,1399.077880859375,6073063.0,INFY,0.014531270677347274,False
2023-01-17,1400.4533892015468,1414.3936794008594,1397.702007297418,1411.91748046875,5922644.0,INFY,0.00917718719238736,False
2023-01-18,1416.732580138559,1423.24416242099,1412.0093515411083,1417.3287353515625,5843098.0,INFY,0.003832557467180031,False
2023-01-19,1412.284681224954,1421.1349841260228,1399.674177907226,1411.3675537109375,6165284.0,INFY,-0.00420592731378322,False
2023-01-20,1410.541847819042,1416.9617391940312,1397.7020650690638,1399.1236572265625,6496429.0,INFY,-0.00867520048351822,False
2023-01-23,1407.7906002862817,1424.574076980102,1401.4623986498889,1419.7132568359375,4855020.0,INFY,0.014716068521197778,False
2023-01-24,1430.7187486357643,1438.7895145635266,1421.3181927553053,1423.2900390625,5200802.0,INFY,0.0025193694637564157,False
2023-01-25,1418.7960730383943,1427.0502195525155,1411.2297720671163,1415.1275634765625,4158617.0,INFY,-0.005734934807324343,False
2023-01-26,1418.7960730383943,1427.0502195525155,1411.2297720671163,1415.1275634765625,4158617.0,INFY,0.0,False
2023-01-27,1417.8788751387417,1422.4186107141427,1382.47778201832,1393.2540283203125,6209955.0,INFY,-0.015456935276218497,False
2023-01-30,1402.104361110933,1416.0446522844554,1394.0335955131943,1411.275634765625,6964719.0,INFY,0.012934903527276331,False
2023-01-31,1420.5387909669846,1420.5387909669846,1387.6138917010494,1406.644287109375,9448126.0,INFY,-0.0032816747785907596,False
2023-02-01,1414.39393960966,1426.1791171637,1401.4166754709463,1422.556396484375,6194199.0,INFY,0.011312106067482786,False
2023-02-02,1423.3819332083665,1455.4354957499652,1423.3819332083665,1452.500732421875,6916834.0,INFY,0.021049665244557314,False
2023-02-03,1465.1109512577386,1471.668434244157,1442.6413310350065,1466.853515625,7040194.0,INFY,0.009881429236316741,False
2023-02-06,1465.569600374364,1465.569600374364,1432.186140277909,1439.75244140625,4570612.0,INFY,-0.01847565140627061,False
2023-02-07,1438.972940534242,1445.4387337102248,1426.2248468410608,1432.919921875,4336238.0,INFY,-0.004745621076757134,False
2023-02-08,1435.7629765999538,1470.1552548640857,1435.7629765999538,1458.691162109375,7983338.0,INFY,0.01798512243493189,False
2023-02-09,1463.9188210530715,1485.5172177269346,1454.6100668071151,1482.9951171875,6904911.0,INFY,0.016661480997101297,False
2023-02-10,1479.2806324268656,1482.3530988577234,1464.1480299444947,1475.245361328125,4786762.0,INFY,-0.005225746038916457,False
2023-02-13,1464.652428439592,1464.652428439592,1436.2214796095184,1437.55126953125,4001199.0,INFY,-0.025551066137866063,False
2023-02-14,1453.3716512253498,1463.7352349511611,1447.3645343194853,1461.213134765625,5043736.0,INFY,0.016459840936379644,False
2023-02-15,1452.7299279356762,1466.4868401320366,1445.3929080976172,1464.698486328125,3465747.0,INFY,0.0023852451634709393,False
2023-02-16,1467.403691495149,1480.6561363023577,1465.4318453938986,1469.0545654296875,4290289.0,INFY,0.002974044926121744,False
2023-02-17,1461.901041196995,1462.8181685754123,1444.934184696277,1452.54638671875,2857734.0,INFY,-0.011237280833138352,False
2023-02-20,1453.6011581412652,1470.1553539767042,1451.354240591475,1460.4796142578125,2417716.0,INFY,0.005461600133117583,False
2023-02-21,1466.2115851689005,1468.9171782738615,1445.3928371814657,1448.602783203125,2723288.0,INFY,-0.008132144357744453,False
2023-02-22,1433.4700148488394,1444.475542793936,1426.4081791990102,1432.3695068359375,3656244.0,INFY,-0.011206161244073254,False
2023-02-23,1439.7523421262586,1439.7523421262586,1419.8507234941526,1422.1893310546875,4766854.0,INFY,-0.0071072273827845756,False
2023-02-24,1430.7185502551577,1438.9726957373991,1416.961641118089,1422.1434326171875,2790986.0,INFY,-3.227308523401362e-05,False
2023-02-27,1412.3762259804244,1412.3762259804244,1377.5253840406476,1384.220458984375,4920268.0,INFY,-0.026666068107506158,False
2023-02-28,1389.9983063812856,1397.7021991611691,1358.5409027983055,1364.27294921875,9679811.0,INFY,-0.014410645093528518,False
2023-03-01,1368.7209440691638,1376.4706257604705,1358.7242330919914,1372.0684814453125,5125043.0,INFY,0.005714056143256929,False
2023-03-02,1361.9341118834534,1365.2357479456998,1345.701002604229,1350.1490478515625,4644499.0,INFY,-0.015975466159429907,False
2023-03-03,1363.539219676714,1366.3365031467508,1350.9287173928365,1356.7066650390625,4615015.0,INFY,0.004856957976554499,False
2023-03-06,1370.6927064845922,1394.400425758518,1369.4087058218104,1382.5235595703125,6561742.0,INFY,0.019029090957186856,False
2023-03-07,1370.6927064845922,1394.400425758518,1369.4087058218104,1382.5235595703125,6561742.0,INFY,0.0,False
2023-03-08,1367.0241155154945,1372.0224144227957,1358.3571955247069,1368.995849609375,4137080.0,INFY,-0.009784795251620793,False
2023-03-09,1371.10536876011,1374.177722948133,1352.395948695255,1357.71533203125,5104656.0,INFY,-0.008239993993658712,False
2023-03-10,1339.0062528733038,1352.1212219125182,1336.85102547353,1349.59912109375,3699580.0,INFY,-0.00597784435810822,False
2023-03-13,1342.8579415523982,1355.7895279106722,1309.6579732857313,1316.1695556640625,8798403.0,INFY,-0.02476999644353306,False
2023-03-14,1321.5805984711983,1328.321462547265,1294.066776157433,1302.3209228515625,7402784.0,INFY,-0.010521921550991076,False
2023-03-15,1318.829142580857,1323.277187882345,1299.4318765422183,1301.9998779296875,7556182.0,INFY,-0.00024651751825655044,False
2023-03-16,1300.303360867223,1300.303360867223,1282.786136773571,1287.7386474609375,7323117.0,INFY,-0.010953327039805005,False
2023-03-17,1311.4922204768466,1323.3231866747517,1294.4336727271848,1302.962890625,9090018.0,INFY,0.01182246350537075,False
2023-03-20,1302.0456322126888,1302.0456322126888,1270.0837669911443,1287.3258056640625,8221829.0,INFY,-0.012001174456654495,False
2023-03-21,1283.0611764780233,1288.5639406373286,1274.8070302390654,1275.448974609375,8536755.0,INFY,-0.009225971391570775,False
2023-03-22,1286.7297646654838,1290.6275561835369,1267.60768043243,1274.1192626953125,8356487.0,INFY,-0.0010425441868183727,False
2023-03-23,1269.258481654683,1269.258481654683,1256.464598589347,1260.6375732421875,7607718.0,INFY,-0.01058118329096247,False
2023-03-24,1272.972797414035,1283.015297395886,1263.3429599696206,1266.23193359375,7559127.0,INFY,0.004437722998509752,False
2023-03-27,1271.3677950652989,1280.0805049322928,1260.2246753182865,1273.843994140625,4170193.0,INFY,0.006011584722295682,False
2023-03-28,1276.7330397726337,1282.144113859987,1261.8297194219722,1263.4346923828125,6633366.0,INFY,-0.008171567166539107,False
2023-03-29,1264.718505631089,1274.7152152672716,1251.466061358039,1268.8914794921875,8813966.0,INFY,0.0043190100305727785,False
2023-03-30,1264.718505631089,1274.7152152672716,1251.466061358039,1268.8914794921875,8813966.0,INFY,0.0,False
2023-03-31,1287.6470235427855,1311.4464376364792,1278.384058086171,1309.6121826171875,8711975.0,INFY,0.032091556908630636,False
2023-04-03,1316.077848821429,1316.077848821429,1288.7016177019077,1293.92919921875,5242764.0,INFY,-0.011975288262129569,False
2023-04-04,1316.077848821429,1316.077848821429,1288.7016177019077,1293.92919921875,5242764.0,INFY,0.0,False
2023-04-05,1283.978146623629,1309.1991459323074,1283.978146623629,1305.5765380859375,7506334.0,INFY,0.009001527188829073,False
2023-04-06,1298.6524024946332,1310.024804681296,1293.4706102774894,1304.0634765625,6948465.0,INFY,-0.0011589221154784113,False
2023-04-07,1298.6524024946332,1310.024804681296,1293.4706102774894,1304.0634765625,6948465.0,INFY,0.0,False
2023-04-10,1305.943600080133,1315.160775822006,1297.7353541060936,1309.2911376953125,4993788.0,INFY,0.004008747447319383,False
2023-04-11,1310.483299665465,1314.5644716127188,1273.8898958181142,1289.61865234375,6942255.0,INFY,-0.015025294821892077,False
2023-04-12,1295.9470334362472,1312.867990700333,1283.9784750125505,1309.9332275390625,5831169.0,INFY,0.015752389404722678,False
2023-04-13,1292.920253602577,1294.1125639133095,1268.3870975225138,1274.0732421875,11267238.0,INFY,-0.027375429981978283,False
2023-04-14,1292.920253602577,1294.1125639133095,1268.3870975225138,1274.0732421875,11267238.0,INFY,0.0,False
2023-04-17,1146.6844649704483,1156.6352751470652,1087.071182308468,1154.021484375,53171705.0,INFY,-0.09422673189994868,False
2023-04-18,1164.7059031013866,1164.7059031013866,1149.2523287192262,1154.984375,12430884.0,INFY,0.0008343784219246864,False
2023-04-19,1150.3987451220048,1150.3987451220048,1127.5164610086156,1130.0843505859375,11307230.0,INFY,-0.02155875434597332,False
2023-04-20,1128.7087574516104,1135.2662413976043,1120.1795389648407,1122.0137939453125,8621249.0,INFY,-0.0071415524305247224,False
2023-04-21,1126.324198126057,1131.047426880891,1118.8954881773257,1125.6363525390625,8691352.0,INFY,0.0032286221553587957,False
2023-04-24,1126.2324115928468,1128.0666663348547,1117.061137882807,1124.67333984375,8313774.0,INFY,-0.0008555273584939238,False
2023-04-25,1124.3521987449235,1133.1108094759409,1114.3096993227584,1123.3892822265625,6808576.0,INFY,-0.001141716062519893,False
2023-04-26,1126.232364666585,1130.818001330537,1119.3998108189048,1125.8197021484375,5680192.0,INFY,0.0021634708113449364,False
2023-04-27,1128.0666511252507,1144.3915628906238,1123.847887666319,1142.969970703125,8020704.0,INFY,0.015233583603093015,False
2023-04-28,1151.6368776414,1154.6634429645403,1141.7777576955154,1148.931396484375,10118277.0,INFY,0.005215732638699677,False
2023-05-01,1151.6368776414,1154.6634429645403,1141.7777576955154,1148.931396484375,10118277.0,INFY,0.0,False
2023-05-02,1150.5822227207543,1173.6937883843757,1150.5822227207543,1171.5843505859375,8886401.0,INFY,0.01971654197185191,False
2023-05-03,1161.0834380362487,1167.0447669045234,1157.5066183244755,1163.972412109375,5549783.0,INFY,-0.006497132257490157,False
2023-05-04,1163.788814662558,1170.0712271598577,1157.87338748435,1168.0076904296875,4505401.0,INFY,0.0034668161189488345,False
2023-05-05,1173.0057372369336,1173.0057372369336,1150.3068380996276,1154.7548828125,5373791.0,INFY,-0.011346507155541086,False
2023-05-08,1157.827335157907,1165.026874150822,1151.1781621177383,1160.71630859375,5260842.0,INFY,0.005162503203043789,False
2023-05-09,1161.0832230022093,1166.5859870922673,1156.2224032743827,1165.3936767578125,4969897.0,INFY,0.004029725549156149,False
2023-05-10,1170.6215279475311,1170.6215279475311,1154.8010790515318,1158.561279296875,6515734.0,INFY,-0.005862737714473987,False
2023-05-11,1164.9811601752815,1170.162952733371,1149.20661258924,1152.0037841796875,6888461.0,INFY,-0.0056600330378443475,False
2023-05-12,1149.481568475018,1151.9119783998672,1136.3667142373067,1142.0069580078125,8292212.0,INFY,-0.008677771990995176,False
2023-05-15,1146.3175788639087,1163.7429997559711,1142.419787348579,1154.0672607421875,5534710.0,INFY,0.010560621062601694,False
2023-05-16,1160.1661142944206,1168.3743594123644,1158.1025777274938,1159.524169921875,5236469.0,INFY,0.00472841520188183,False
2023-05-17,1156.1307625392042,1156.4517347340925,1139.48487806171,1143.566162109375,10465667.0,INFY,-0.013762548661297114,False
2023-05-18,1154.2965053260136,1155.2595338626716,1139.4848756551935,1142.74072265625,6948732.0,INFY,-0.0007218117153819925,False
2023-05-19,1151.9578558336234,1167.7783026634847,1148.9771919381424,1163.742919921875,11094136.0,INFY,0.018378794812533128,False
2023-05-22,1167.4572849700612,1188.2302430762331,1164.9810857591126,1185.662353515625,7625947.0,INFY,0.018835288463212807,False
2023-05-23,1191.5318755827825,1205.2429974114864,1189.560141232225,1192.3115234375,7436031.0,INFY,0.005607979288673182,False
2023-05-24,1188.8723607693044,1196.8513248198226,1184.2867235094584,1191.027587890625,4824077.0,INFY,-0.0010768457082200866,False
2023-05-25,1187.2213231154954,1198.685414686715,1182.4064046555832,1196.2550048828125,4334121.0,INFY,0.004388997404707995,False
2023-05-26,1197.7683455717138,1213.7721734013032,1197.7683455717138,1208.2694091796875,5521606.0,INFY,0.010043347152434157,False
2023-05-29,1222.255654468869,1222.255654468869,1201.2993155421436,1205.4722900390625,4419365.0,INFY,-0.0023149796886142715,False
2023-05-30,1206.0224833077132,1216.4777576450638,1200.6573106206852,1214.1390380859375,6274719.0,INFY,0.007189504162384397,False
2023-05-31,1210.4705525350664,1220.7882355808035,1205.24297124017,1209.049072265625,17800782.0,INFY,-0.004192242948004354,False
2023-06-01,1212.9470640318148,1219.3210556070746,1208.8657793359191,1210.1497802734375,4277841.0,INFY,0.0009103915077242064,False
2023-06-02,1216.6558726063315,1220.28076764581,1204.619482886525,1207.361328125,10909311.0,INFY,-0.0023042206790364617,False
2023-06-05,1212.0084173773478,1217.0738979713722,1205.7811188985672,1212.47314453125,5002553.0,INFY,0.004233874555340078,False
2023-06-06,1197.6949566393228,1197.6949566393228,1183.195490212996,1188.772216796875,10008100.0,INFY,-0.019547589850773872,False
2023-06-07,1199.4609634477556,1202.7140540111552,1192.025327874271,1198.020263671875,5397578.0,INFY,0.007779494460190772,False
2023-06-08,1195.4642535429527,1200.8551346703464,1190.7240585978548,1192.30419921875,5034942.0,INFY,-0.0047712585725432355,False
2023-06-09,1192.0252152176977,1192.0252152176977,1174.83030957908,1176.6427001953125,5339073.0,INFY,-0.013135489276729584,False
2023-06-12,1183.6602050671725,1204.2940478285252,1183.1954778567024,1200.80859375,4785588.0,INFY,0.02053800491064628,False
2023-06-13,1208.1977083560882,1214.3320842529808,1205.548786202746,1212.7984619140625,4846587.0,INFY,0.009984828744953766,False
2023-06-14,1214.1926836588375,1214.5179699939283,1201.970336101225,1208.6624755859375,3457981.0,INFY,-0.0034102832894408186,False
2023-06-15,1202.6674808789603,1202.6674808789603,1192.1647141872293,1196.02197265625,6161155.0,INFY,-0.010458257110662394,False
2023-06-16,1196.2079211832083,1209.685011204309,1190.6777123856557,1200.5299072265625,8536287.0,INFY,0.003769106816909673,False
2023-06-19,1202.7139892578125,1207.8259884393565,1196.2543265846496,1202.7139892578125,4451787.0,INFY,0.0018192649913200132,False
2023-06-20,1202.7140333935445,1212.93803213182,1200.018592852604,1211.450927734375,4009180.0,INFY,0.007264352584735567,False
2023-06-21,1208.244295499256,1211.822785983513,1203.6435412463509,1207.6866455078125,4041529.0,INFY,-0.00310725109897958,False
2023-06-22,1198.4384055285493,1198.4384055285493,1183.6600593630037,1191.1422119140625,6676607.0,INFY,-0.013699276757998202,False
2023-06-23,1186.402095840736,1189.0975364568558,1174.2262651500378,1175.7598876953125,7239467.0,INFY,-0.012913927543573456,False
2023-06-26,1180.6394991230177,1184.1249532633135,1173.2038636237187,1180.732421875,3403244.0,INFY,0.004229208898625103,False
2023-06-27,1189.701634643748,1191.560543447879,1184.3107537282526,1188.91162109375,3240024.0,INFY,0.006927225057275388,False
2023-06-28,1198.9962136352735,1205.2235129272265,1191.0029282361302,1202.10986328125,5662358.0,INFY,0.011101112945096858,False
2023-06-29,1198.9962136352735,1205.2235129272265,1191.0029282361302,1202.10986328125,5662358.0,INFY,0.0,False
2023-06-30,1215.9122259231683,1244.446544670447,1212.4267718508554,1241.286376953125,12821692.0,INFY,0.03258979471721468,False
2023-07-03,1236.1744671036192,1251.0457388883244,1234.733767265956,1239.6134033203125,7732412.0,INFY,-0.0013477741026362011,False
2023-07-04,1249.4654796889213,1251.0455066392035,1237.4754963466114,1250.2554931640625,5797775.0,INFY,0.008585007079824347,False
2023-07-05,1262.0595816855596,1262.1525044299242,1246.3982983908247,1252.25390625,5414936.0,INFY,0.0015984037637619686,False
2023-07-06,1247.8390092927943,1252.3932449368162,1242.819933005186,1249.09375,5963897.0,INFY,-0.0025235746794062264,False
2023-07-07,1239.8922016871068,1250.8598092744526,1231.8523982272873,1236.3602294921875,6295647.0,INFY,-0.010194207206474681,False
2023-07-10,1242.262385005227,1247.2349435988492,1226.229295814045,1235.3843994140625,3940315.0,INFY,-0.0007892765027922577,False
2023-07-11,1239.38090160913,1255.5999486675075,1233.3859662223854,1253.462158203125,6126128.0,INFY,0.014633306683843994,False
2023-07-12,1255.6928743826677,1256.52940602109,1233.3859691382677,1239.2415771484375,8102770.0,INFY,-0.01134504217907395,False
2023-07-13,1240.7286200438384,1279.6727795466309,1236.9642845867052,1268.798095703125,9977644.0,INFY,0.023850489767054617,False
2023-07-14,1283.251252109647,1329.1198044888868,1283.251252109647,1325.35546875,12833381.0,INFY,0.04457555007247449,False
2023-07-17,1325.3555019679611,1356.027498224912,1314.5274486018602,1322.567138671875,11569884.0,INFY,-0.0021038356455078677,False
2023-07-18,1332.8375084548093,1373.686980851345,1328.1902368074773,1371.1309814453125,16743977.0,INFY,0.03671937805910219,False
2023-07-19,1381.169320827392,1393.0663832409173,1357.6540777205,1370.8988037109375,13687062.0,INFY,-0.0001693330086744993,False
2023-07-20,1367.2275339253567,1367.2275339253567,1339.0650179246122,1347.2442626953125,8347221.0,INFY,-0.01725476815035043,False
2023-07-21,1227.065695806331,1254.7634832648805,1212.9380338227177,1237.6614990234375,45548305.0,INFY,-0.0813384526519656,False
2023-07-24,1246.398337830829,1254.670504599167,1240.1245206940966,1242.3087158203125,8859789.0,INFY,0.003754836682357654,False
2023-07-25,1242.680420080667,1248.117705135712,1230.82987755559,1240.44970703125,6801982.0,INFY,-0.0014964145106516336,False
2023-07-26,1248.2571728357643,1254.7633531856156,1244.9111599190255,1253.6944580078125,5528885.0,INFY,0.010677378455157926,False
2023-07-27,1262.7567654377913,1267.5899965472738,1252.0216348505492,1257.6912841796875,9191861.0,INFY,0.0031880384780724746,False
2023-07-28,1258.3417870049511,1267.6363307852569,1241.7510490488623,1245.93359375,6122735.0,INFY,-0.009348629967930733,False
2023-07-31,1253.6014951835484,1261.7342203608282,1239.194953440939,1260.0611572265625,7902180.0,INFY,0.01133893776316075,False
2023-08-01,1265.916782772956,1272.4229630074722,1261.2695111768735,1268.8909912109375,6064652.0,INFY,0.007007464624820159,False
2023-08-02,1272.70190182213,1275.1648651116004,1253.322687629451,1261.130126953125,7419145.0,INFY,-0.006116257670334746,False
2023-08-03,1254.7634441524986,1270.145959906921,1253.8339897494227,1268.0546875,6503741.0,INFY,0.005490758169107046,False
2023-08-04,1272.3302261741662,1288.1309519095748,1265.9169677427412,1281.113525390625,5712345.0,INFY,0.010298323896716699,False
2023-08-07,1289.9897857158628,1296.5888892705716,1279.8587100541772,1294.72998046875,3729093.0,INFY,0.010628609259256017,False
2023-08-08,1294.5905182197114,1295.2412043648678,1286.73667404534,1292.12744140625,4161877.0,INFY,-0.0020101017986451364,False
2023-08-09,1286.3650226189875,1297.518476572331,1284.9708408748195,1296.0313720703125,4090828.0,INFY,0.00302132014146661,False
2023-08-10,1293.428738571801,1297.332515182076,1287.8520120932285,1291.1051025390625,3873025.0,INFY,-0.0038010418863400064,False
2023-08-11,1293.800550711213,1298.3083819497344,1270.610708350301,1275.072021484375,5783517.0,INFY,-0.012418106801032058,False
2023-08-14,1275.0718624240149,1296.588752222546,1269.2627730323368,1295.2410888671875,4304135.0,INFY,0.01581798286133873,False
2023-08-15,1275.0718624240149,1296.588752222546,1269.2627730323368,1295.2410888671875,4304135.0,INFY,0.0,False
2023-08-16,1311.2742769730569,1319.7786937329945,1306.255200658827,1318.4310302734375,7735313.0,INFY,0.017903957499164846,False
2023-08-17,1319.825280033983,1319.825280033983,1306.812918118155,1311.971435546875,5618346.0,INFY,-0.004899455927719454,False
2023-08-18,1304.6750735005544,1309.3223454207798,1288.3632171358356,1290.8262939453125,5134103.0,INFY,-0.016117074677581278,False
2023-08-21,1291.709264831686,1307.742353385992,1289.2927060601864,1306.2552490234375,3032722.0,INFY,0.011952774087803597,False
2023-08-22,1305.6044938755165,1306.8593480283198,1298.1224543541218,1304.7215576171875,2890714.0,INFY,-0.001174113104920771,False
2023-08-23,1316.1073972557133,1316.665047189912,1306.4875671497327,1308.625244140625,2559125.0,INFY,0.002991969053202981,False
2023-08-24,1321.2193112047876,1324.5189194126233,1314.6666128884629,1323.171142578125,5171963.0,INFY,0.011115404125535022,False
2023-08-25,1313.3189876716804,1322.148803936989,1311.8318834134902,1319.9180908203125,4307172.0,INFY,-0.0024585268323447096,False
2023-08-28,1319.9180086102924,1324.2865118289417,1311.8318017071128,1315.781982421875,3133464.0,INFY,-0.0031336099014045438,False
2023-08-29,1323.5431263001694,1323.914930768979,1315.4569180328365,1317.64111328125,3074444.0,INFY,0.001412947497542838,False
2023-08-30,1326.3316609038773,1335.300920125227,1323.5432972159224,1333.90673828125,3070887.0,INFY,0.01234450324602765,False
2023-08-31,1333.9066565282626,1342.9688379587094,1327.865202241298,1334.1854248046875,9792735.0,INFY,0.00020892504358771546,False
2023-09-01,1330.0026916597724,1343.9910253779606,1327.446692130181,1341.99267578125,3582133.0,INFY,0.005851698595572108,False
2023-09-04,1341.2027322887438,1366.2980017078678,1333.4882151949037,1361.74365234375,4609014.0,INFY,0.01471764855274027,False
2023-09-05,1361.6507510555589,1375.639085724664,1353.7503883361237,1374.5701904296875,5496840.0,INFY,0.009419201671225785,False
2023-09-06,1377.3584299899496,1378.2878843440208,1360.070601695981,1373.2222900390625,5075786.0,INFY,-0.0009805977170243008,False
2023-09-07,1366.855613248634,1369.4581309432017,1358.9088462312309,1362.7659912109375,4411743.0,INFY,-0.0076144255041386,False
2023-09-08,1360.25649837947,1370.7128602563196,1357.1892535120792,1365.9261474609375,3125838.0,INFY,0.0023189280260742517,False
2023-09-11,1365.9261069950462,1373.7800644251438,1361.1859124430616,1372.2928466796875,4182226.0,INFY,0.004661085982272661,False
2023-09-12,1377.9162708726535,1397.8995422546177,1372.8971939733306,1395.2041015625,6793161.0,INFY,0.01669560177206142,False
2023-09-13,1398.8288435447748,1398.8288435447748,1383.632287105664,1392.64794921875,4804686.0,INFY,-0.001832099218234351,False
2023-09-14,1398.8289666028186,1405.8463931809229,1393.3916806868526,1400.641357421875,6444213.0,INFY,0.005739719221651951,False
2023-09-15,1410.9117877236315,1411.2835921776357,1402.5466980730964,1404.9632568359375,8657816.0,INFY,0.0030856574319764185,False
2023-09-18,1398.7360111511314,1398.7360111511314,1383.0282084042435,1386.5601806640625,3991916.0,INFY,-0.013098617406778201,False
2023-09-19,1398.7360111511314,1398.7360111511314,1383.0282084042435,1386.5601806640625,3991916.0,INFY,0.0,False
2023-09-20,1372.0607472293989,1389.6274607356734,1372.0607472293989,1385.11962890625,4169337.0,INFY,-0.001038939223772184,False
2023-09-21,1381.6804443744052,1398.4106230981856,1371.8746553500082,1395.80810546875,6779195.0,INFY,0.007716645074866246,False
2023-09-22,1386.6530901473643,1400.6413112772675,1380.425677376095,1390.603271484375,5455613.0,INFY,-0.00372890368237766,False
2023-09-25,1384.7475392640083,1384.7475392640083,1367.7385927513728,1370.1551513671875,4217863.0,INFY,-0.014704495909434012,False
2023-09-26,1374.8024497360157,1375.4995405113143,1356.0739215478982,1357.6075439453125,3996528.0,INFY,-0.009157800420889983,False
2023-09-27,1353.2856448640937,1365.9262023716149,1347.755436410425,1363.5096435546875,3863586.0,INFY,0.004347426939175003,False
2023-09-28,1364.3462461230529,1368.714636770685,1333.7671712132335,1337.9031982421875,5814602.0,INFY,-0.01877980506668342,False
2023-09-29,1331.0717749023968,1344.7348242112748,1316.107580052599,1334.1854248046875,6068968.0,INFY,-0.0027788060020969008,False
2023-10-02,1331.0717749023968,1344.7348242112748,1316.107580052599,1334.1854248046875,6068968.0,INFY,0.0,False
2023-10-03,1334.7430734406207,1335.626009761539,1320.10416623551,1332.837646484375,4181867.0,INFY,-0.0010101881606972007,False
2023-10-04,1324.4724780818983,1347.6623192444497,1318.1521429784143,1342.4573974609375,4510406.0,INFY,0.0072174964459748026,False
2023-10-05,1349.5677537176623,1371.5493723980028,1347.8946904576385,1360.2099609375,7384621.0,INFY,0.013223930614214563,False
2023-10-06,1365.8332203052626,1379.7750360960613,1360.0706484952473,1374.3841552734375,3598672.0,INFY,0.0104205929547585,False
2023-10-09,1361.5578490003716,1385.8165874982192,1359.04825390548,1371.363525390625,3567552.0,INFY,-0.0021978061018984585,False
2023-10-10,1379.217223375378,1391.3930517038775,1365.4612547018098,1389.673583984375,5688951.0,INFY,0.013351717655269102,False
2023-10-11,1391.3931210472035,1411.1440254040865,1376.9400609460672,1388.9765625,7220129.0,INFY,-0.0005015720903153165,False
2023-10-12,1386.6529740945282,1398.2711535251433,1349.567722660248,1362.1153564453125,11081662.0,INFY,-0.019338847594620567,False
2023-10-13,1305.8834648401426,1336.555460811477,1301.2361927232737,1330.188720703125,17973439.0,INFY,-0.023439010206526056,False
2023-10-16,1331.0716238772634,1341.7603494799057,1329.1197923285388,1332.97705078125,4850745.0,INFY,0.0020961913409183186,False
2023-10-17,1338.6467739103207,1350.8226045344618,1336.6020195003289,1340.6915283203125,3923764.0,INFY,0.005787404617762171,False
2023-10-18,1340.273322754556,1351.4267762032766,1336.880791305478,1338.9256591796875,4264837.0,INFY,-0.0013171330640370238,False
2023-10-19,1325.49490296724,1338.0890555260446,1325.49490296724,1332.5123291015625,6795691.0,INFY,-0.0047899075158917,False
2023-10-20,1329.119720164981,1337.0200821379894,1324.7048120035936,1326.563720703125,3928622.0,INFY,-0.004464205147316158,False
2023-10-23,1325.0302081269804,1331.304025507751,1306.1158332337493,1309.2760009765625,2636516.0,INFY,-0.01303195576417493,False
2023-10-24,1325.0302081269804,1331.304025507751,1306.1158332337493,1309.2760009765625,2636516.0,INFY,0.0,False
2023-10-25,1317.1374123821106,1320.4797298426586,1281.6434766183827,1289.8814697265625,6940777.0,INFY,-0.01481317249803249,False
2023-10-26,1275.7590480024355,1293.6001393242148,1273.9230836517906,1279.9014892578125,6357656.0,INFY,-0.007737129885946548,False
2023-10-27,1283.855861972041,1303.9565408986182,1283.855861972041,1299.57861328125,4634358.0,INFY,0.015373936344779127,False
2023-10-30,1299.5785105468342,1299.5785105468342,1283.3378978736482,1296.4716796875,2667696.0,INFY,-0.00239072385617789,False
2023-10-31,1299.2019618287502,1300.3318125956307,1283.2438397267852,1288.327880859375,3451595.0,INFY,-0.006281509234423055,False
2023-11-01,1292.7058299617952,1296.848271394198,1272.5580310195833,1274.9117431640625,3090672.0,INFY,-0.010413605026046047,False
2023-11-02,1289.8342181571022,1295.7656185619023,1281.972842805629,1289.9754638671875,3758060.0,INFY,0.011815500785756328,False
2023-11-03,1299.2962891749294,1310.5469878192453,1297.1308279223888,1307.7696533203125,3349045.0,INFY,0.013794207681888881,False
2023-11-06,1312.3358100714709,1324.9046103571086,1309.4172299003549,1321.185791015625,2736381.0,INFY,0.010258792640776004,False
2023-11-07,1318.078766511828,1323.6335500133118,1313.2300966352614,1322.127197265625,2272209.0,INFY,0.0007125464536492654,False
2023-11-08,1322.7862570767434,1322.7862570767434,1305.3216665728671,1309.60546875,3550635.0,INFY,-0.009470895494413822,False
2023-11-09,1314.2188244766687,1315.7251773651033,1289.8814622493403,1294.353515625,5498051.0,INFY,-0.011646219788283063,False
2023-11-10,1289.7870751538298,1292.7998955154703,1281.3608320382564,1288.75146484375,2943649.0,INFY,-0.004328068579119937,False
2023-11-13,1299.1077990502322,1301.5556365838725,1290.6344357148544,1293.176513671875,3462092.0,INFY,0.003433593636040122,False
2023-11-14,1299.1077990502322,1301.5556365838725,1290.6344357148544,1293.176513671875,3462092.0,INFY,0.0,False
2023-11-15,1317.1372799012984,1331.2595523805833,1311.4883709095843,1327.96435546875,8551860.0,INFY,0.026901077640280935,False
2023-11-16,1333.2366316222942,1368.3540614057245,1328.058465108388,1360.3514404296875,6673907.0,INFY,0.024388519787871488,False
2023-11-17,1356.726715350655,1366.0944431282535,1351.0778065575678,1353.4315185546875,4901251.0,INFY,-0.005086863342324444,False
2023-11-20,1357.6211505386314,1367.0359990167078,1349.7597750449072,1352.537109375,3584210.0,INFY,-0.0006608455377503653,False
2023-11-21,1357.6212075918063,1365.15308669079,1352.6784119330985,1354.7967529296875,3793135.0,INFY,0.001670670282556408,False
2023-11-22,1352.1605387506925,1373.5793197717323,1352.1605387506925,1372.4967041015625,3108786.0,INFY,0.013064654261681463,False
2023-11-23,1382.0056146017555,1382.0056146017555,1362.9875519464238,1364.4468994140625,3186928.0,INFY,-0.005865081251885007,False
2023-11-24,1360.9635301203575,1367.6480498608116,1349.948087939533,1353.2904052734375,2973195.0,INFY,-0.008176568941903106,False
2023-11-27,1360.9635301203575,1367.6480498608116,1349.948087939533,1353.2904052734375,2973195.0,INFY,0.0,False
2023-11-28,1359.504127646951,1360.445612499892,1343.5460053605395,1358.2801513671875,3755373.0,INFY,0.0036871214591533974,False
2023-11-29,1366.1886628376049,1375.226894544369,1364.964801471109,1374.1912841796875,3875778.0,INFY,0.011714176045703573,False
2023-11-30,1368.21286477539,1375.179875684024,1364.729416784748,1370.001708984375,10120867.0,INFY,-0.0030487569260151393,False
2023-12-01,1374.4736205469867,1374.4736205469867,1361.5282051305396,1367.318359375,3489187.0,INFY,-0.0019586469066262824,False
2023-12-04,1374.9915161431222,1385.7715867334168,1364.4940519087752,1378.663330078125,5511948.0,INFY,0.008297241549737322,False
2023-12-05,1380.0285133783032,1381.06412370853,1357.621128395019,1368.871826171875,5123039.0,INFY,-0.007102171859242223,False
2023-12-06,1371.5080232268922,1390.5730909944189,1366.141605678083,1388.0311279296875,5269178.0,INFY,0.01399641762764059,False
2023-12-07,1386.6659544767813,1386.6659544767813,1376.262615719604,1380.1226806640625,4424453.0,INFY,-0.005697600800509961,False
2023-12-08,1384.359331179215,1407.2373438258442,1380.4521461092754,1403.8951416015625,6323433.0,INFY,0.017224889693184142,False
2023-12-11,1402.812373706227,1410.3442522227704,1395.2804951896835,1401.400146484375,3862018.0,INFY,-0.0017771947799044563,False
2023-12-12,1391.0439401422552,1402.8125013955737,1381.7703368601112,1389.6788330078125,6103494.0,INFY,-0.00836400189194153,False
2023-12-13,1389.631763150233,1389.6788833678963,1349.2891566973667,1364.211669921875,8549258.0,INFY,-0.018325934367739105,False
2023-12-14,1377.7689770027378,1422.5836336750658,1375.838887054938,1413.5924072265625,12489858.0,INFY,0.0361972693779371,False
2023-12-15,1433.9286284897844,1495.5958896794918,1431.9985384663394,1486.039794921875,18395389.0,INFY,0.05125054953956121,False
2023-12-18,1476.2012123244117,1499.7854551895782,1468.9989447357254,1472.8118896484375,6467243.0,INFY,-0.008901447537704055,False
2023-12-19,1478.225296674548,1481.8499902553428,1452.9464521784105,1467.1158447265625,4221721.0,INFY,-0.0038674626148181845,False
2023-12-20,1473.470877793026,1490.8412269194432,1440.4717885612556,1446.497314453125,6592367.0,INFY,-0.014053784742049658,False
2023-12-21,1432.2338260213533,1456.1475641627426,1432.2338260213533,1446.1207275390625,5319038.0,INFY,-0.00026034401191055156,False
2023-12-22,1445.1320854708788,1474.3652352440706,1433.8813877884545,1471.4466552734375,6741060.0,INFY,0.017513010671988294,False
2023-12-25,1445.1320854708788,1474.3652352440706,1433.8813877884545,1471.4466552734375,6741060.0,INFY,0.0,False
2023-12-26,1445.1793467888062,1457.4186507029783,1433.8815277911087,1453.6055908203125,6878067.0,INFY,-0.012124846245146204,False
2023-12-27,1453.6524816822475,1478.1310856483994,1453.6524816822475,1475.4007568359375,4225849.0,INFY,0.01499386501624933,False
2023-12-28,1477.1425892283842,1477.1425892283842,1464.0089217215004,1471.2113037109375,5702253.0,INFY,-0.002839535702817808,False
2023-12-29,1450.8752194379208,1468.1984480838207,1449.886614411702,1452.616943359375,4388990.0,INFY,-0.012638810145531587,False
2024-01-01,1448.945315866922,1465.8920447074709,1445.4147473584744,1460.5726318359375,2808451.0,INFY,0.0054767972471558846,False
2024-01-02,1455.5355811804557,1458.5012814497022,1433.8814295846275,1444.6143798828125,5396313.0,INFY,-0.010926024221791342,False
2024-01-03,1431.0099267639569,1431.0099267639569,1400.9295302013422,1402.8125,7550363.0,INFY,-0.0289363587023157,False
2024-01-04,1416.8876959121912,1430.821718812515,1405.542871490294,1424.1842041015625,7056038.0,INFY,0.015234897109601242,False
2024-01-05,1418.582445109979,1449.604328169314,1418.111702636075,1442.872802734375,8895403.0,INFY,0.01312231843253886,False
2024-01-08,1439.483154876404,1446.1206687605984,1424.701889324203,1433.693115234375,4440136.0,INFY,-0.006362090603276749,False
2024-01-09,1451.675429581847,1462.1258878294154,1436.5645526388157,1439.812744140625,4412074.0,INFY,0.004268437116160317,False
2024-01-10,1435.7173203076957,1445.6029115375234,1416.9347429419645,1430.962890625,4096845.0,INFY,-0.006146530895520863,False
2024-01-11,1435.6703796771912,1435.7645051838629,1399.6114612154008,1406.7667236328125,11296088.0,INFY,-0.016909010814123437,False
2024-01-12,1470.5994024363956,1523.3225564289935,1464.385625129882,1518.3797607421875,26754401.0,INFY,0.07934011747245995,False
2024-01-15,1548.69536270453,1567.5250585454428,1540.2691197866588,1555.427001953125,13228305.0,INFY,0.02439919325111961,False
2024-01-16,1548.5542635934448,1552.0377114243083,1529.9128183588118,1536.07958984375,6500917.0,INFY,-0.012438650020271447,False
2024-01-17,1525.4408120839046,1551.0962739751476,1525.4408120839046,1544.223388671875,9209876.0,INFY,0.005301677648716918,False
2024-01-18,1546.5300303672077,1552.508435864297,1532.972626255938,1546.48291015625,6375464.0,INFY,0.0014632089508230806,False
2024-01-19,1554.9563105966838,1568.0429726211407,1547.9422946366542,1562.111572265625,4522736.0,INFY,0.010105939100093941,False
2024-01-22,1554.9563105966838,1568.0429726211407,1547.9422946366542,1562.111572265625,4522736.0,INFY,0.0,False
2024-01-23,1553.5440845490969,1576.7045882258603,1541.8696497501444,1546.059326171875,9401255.0,INFY,-0.010275992047398042,False
2024-01-24,1562.7707540892902,1581.6945769350064,1548.7426065821935,1577.36376953125,8999681.0,INFY,0.02024789270983951,False
2024-01-25,1575.0569444579046,1582.2123208537434,1560.9817927200572,1571.4322509765625,8865304.0,INFY,-0.0037603998958656293,False
2024-01-26,1575.0569444579046,1582.2123208537434,1560.9817927200572,1571.4322509765625,8865304.0,INFY,0.0,False
2024-01-29,1567.7135599982494,1581.0825992301918,1551.1904544983925,1559.663818359375,4253785.0,INFY,-0.007488985038886731,False
2024-01-30,1565.171396519599,1591.1093493392334,1551.8023580167996,1554.8150634765625,4995943.0,INFY,-0.003108846166549495,False
2024-01-31,1551.8024734029086,1569.690686352798,1542.2463787626282,1563.7122802734375,6763779.0,INFY,0.0057223633896246184,False
2024-02-01,1562.4413588052366,1578.870224833906,1553.7796285080506,1560.087646484375,5760011.0,INFY,-0.0023179672084103764,False
2024-02-02,1568.5608388941694,1617.941672001784,1567.5722338568344,1594.2633056640625,7858483.0,INFY,0.021906243060575203,False
2024-02-05,1595.5815235195898,1601.230432881512,1583.4363454059862,1588.4732666015625,3634135.0,INFY,-0.003631795978700225,False
2024-02-06,1588.0494991796102,1631.5931715300217,1575.9984476716934,1628.2508544921875,7694265.0,INFY,0.025041395865431637,False
2024-02-07,1627.827356650715,1627.827356650715,1588.143745994436,1594.6400146484375,4613877.0,INFY,-0.020642298298828465,False
2024-02-08,1598.6412091518755,1606.50258433862,1584.3306859949523,1593.08642578125,5919715.0,INFY,-0.000974256793330297,False
2024-02-09,1586.1193710004457,1593.8396151923023,1562.676491800521,1571.6676025390625,4600004.0,INFY,-0.013444859547832588,False
2024-02-12,1572.6092188693096,1593.8867538003944,1572.6092188693096,1581.7886962890625,3555808.0,INFY,0.006439716472903756,False
2024-02-13,1584.5190460262058,1590.262080783314,1566.1600909474707,1585.9783935546875,2696481.0,INFY,0.0026487085635737984,False
2024-02-14,1563.053238842943,1571.761974467885,1539.7986069829612,1568.7021484375,3768579.0,INFY,-0.010893115055915614,False
2024-02-15,1578.8701668773688,1588.9911294855572,1564.3712765276096,1578.2581787109375,4834391.0,INFY,0.006091679215812773,False
2024-02-16,1590.1678309849335,1608.997527029752,1589.1792259716428,1602.07763671875,4880654.0,INFY,0.015092244303949842,False
2024-02-19,1605.2316136506747,1611.3512649637123,1588.943880338882,1600.288818359375,3690993.0,INFY,-0.0011165615937556161,False
2024-02-20,1586.401957891193,1595.1106926748687,1571.1028292171682,1586.6373291015625,3706389.0,INFY,-0.00853064090756328,False
2024-02-21,1576.04564252021,1576.04564252021,1549.0250732340833,1558.67529296875,4300508.0,INFY,-0.017623457875307946,False
2024-02-22,1567.5722005233338,1586.0252797181995,1548.1776365233488,1582.9654541015625,5841277.0,INFY,0.01558384946652236,False
2024-02-23,1597.6997014214785,1599.0648084069708,1574.0684559887509,1578.728759765625,5373072.0,INFY,-0.0026764288032691264,False
2024-02-26,1576.9400103998594,1576.9400103998594,1548.742584990576,1563.006103515625,2782438.0,INFY,-0.009959061145078607,False
2024-02-27,1563.8064346817057,1573.3154092821974,1556.0863043947377,1566.2542724609375,5159088.0,INFY,0.002078154997607884,False
2024-02-28,1572.2796869156691,1589.0381630824766,1564.7949283890164,1573.45654296875,3188916.0,INFY,0.004598404380724341,False
2024-02-29,1567.5721783829442,1583.8127910418666,1556.5568522895687,1575.951416015625,7814722.0,INFY,0.0015856002239298395,False
2024-03-01,1571.3381567596207,1574.1154909938598,1554.3914300839626,1557.8748779296875,6387291.0,INFY,-0.01147023816992987,False
2024-03-04,1560.8407342180717,1567.0545116352562,1538.0568453792753,1541.3990478515625,4445156.0,INFY,-0.010575836552432438,False
2024-03-05,1538.386193843857,1541.5401450012134,1508.2586796437324,1512.495361328125,4596579.0,INFY,-0.01875159230422785,False
2024-03-06,1509.0120236903088,1525.3467635033348,1483.7801827337923,1522.89892578125,6420684.0,INFY,0.0068784108164070545,False
2024-03-07,1522.004526976097,1533.1611004999932,1510.330090765632,1521.86328125,6348359.0,INFY,-0.000680048106750597,False
2024-03-08,1522.004526976097,1533.1611004999932,1510.330090765632,1521.86328125,6348359.0,INFY,0.0,False
2024-03-11,1514.048807986973,1519.3682201060792,1495.0778662328694,1506.9405517578125,6752895.0,INFY,-0.009805565109587633,False
2024-03-12,1506.375688833194,1529.9128089712128,1504.1632225256892,1518.56787109375,4614222.0,INFY,0.007715844744090594,False
2024-03-13,1518.5208697901078,1529.4420705773052,1505.0105857809417,1517.108642578125,5688997.0,INFY,-0.0009609241334560537,False
2024-03-14,1519.9331026141767,1560.746446205705,1513.9075768353332,1556.556884765625,8803799.0,INFY,0.026002252627381317,False
2024-03-15,1545.070749855574,1549.4957975654736,1523.6519697189988,1538.38623046875,11809997.0,INFY,-0.0116736204598209,False
2024-03-18,1534.6201912131464,1537.1151488653109,1505.292917334249,1508.87060546875,4958904.0,INFY,-0.019186095413117776,False
2024-03-19,1499.173324716635,1505.4342217324486,1466.833344252129,1470.0814208984375,6870411.0,INFY,-0.02570742940430082,False
2024-03-20,1471.540790852675,1482.7914886121837,1461.5139544170574,1463.9617919921875,4759059.0,INFY,-0.004162782291684208,False
2024-03-21,1472.4824182469645,1484.6746020178996,1453.0878518360887,1463.7265625,11062497.0,INFY,-0.00016068007612912716,False
2024-03-22,1431.9983895472185,1439.4361424981196,1410.5324900051585,1420.559326171875,14673890.0,INFY,-0.02949132538415966,False
2024-03-25,1431.9983895472185,1439.4361424981196,1410.5324900051585,1420.559326171875,14673890.0,INFY,0.0,False
2024-03-26,1404.6953849138222,1419.2412797585116,1400.8353200453062,1405.307373046875,8351081.0,INFY,-0.01073658300924396,False
2024-03-27,1408.4612802603947,1411.2857346994197,1394.8568706833632,1397.022216796875,6857402.0,INFY,-0.0058956185734917455,False
2024-03-28,1400.129150066849,1423.3367734843898,1400.129150066849,1410.391357421875,12499530.0,INFY,0.009569740884760591,False
2024-03-29,1400.129150066849,1423.3367734843898,1400.129150066849,1410.391357421875,12499530.0,INFY,0.0,False
2024-04-01,1435.7644049013911,1440.4247089660323,1405.4486385196594,1407.9434814453125,6580002.0,INFY,-0.0017356005222813886,False
2024-04-02,1397.9637802788536,1405.7781506375063,1394.1978408148962,1396.080810546875,7279400.0,INFY,-0.008425530608842324,False
2024-04-03,1392.4561704804448,1407.6140544217724,1388.6902308713024,1394.0096435546875,8736248.0,INFY,-0.0014835580981706897,False
2024-04-04,1403.3302528566012,1408.1318024819914,1382.0997240670574,1399.7054443359375,11186915.0,INFY,0.0040859120362508605,False
2024-04-05,1393.4447725803975,1399.7055552251502,1389.6788329794124,1392.55029296875,5072482.0,INFY,-0.0051118979326268965,False
2024-04-08,1396.2220500141934,1403.706808694374,1387.8428117589144,1390.2906494140625,6610887.0,INFY,-0.0016226656703868247,False
2024-04-09,1402.812483387176,1425.2198696967855,1400.2705201600338,1407.378662109375,9423230.0,INFY,0.01229096426888443,False
2024-04-10,1412.5568699403643,1421.5009766373323,1397.681477232349,1418.6295166015625,6744595.0,INFY,0.007994191467507905,False
2024-04-11,1412.5568699403643,1421.5009766373323,1397.681477232349,1418.6295166015625,6744595.0,INFY,0.0,False
2024-04-12,1415.993212241118,1418.6294157880386,1392.926833451286,1397.86962890625,12275616.0,INFY,-0.014633762693056385,False
2024-04-15,1393.3975389714133,1404.6482366428452,1375.556447534576,1382.240966796875,8531224.0,INFY,-0.011180343135148818,False
2024-04-16,1366.0944202615754,1370.0016050968616,1330.3651187142991,1331.68310546875,16173541.0,INFY,-0.03657673484044166,False
2024-04-17,1366.0944202615754,1370.0016050968616,1330.3651187142991,1331.68310546875,16173541.0,INFY,0.0,False
2024-04-18,1337.9441165902024,1360.1631363842591,1325.1399454315383,1336.202392578125,22107945.0,INFY,0.0033936655731501286,False
2024-04-19,1303.9565542134908,1343.3576733174316,1298.072273734188,1328.6705322265625,20603621.0,INFY,-0.005636766101750679,False
2024-04-22,1336.8142967644503,1352.772418228229,1330.3651488397245,1348.912353515625,5859087.0,INFY,0.01523464304965172,False
2024-04-23,1358.5625485511723,1362.1872419980823,1349.147700674865,1357.9976806640625,4856174.0,INFY,0.006735298349636043,False
2024-04-24,1359.7867075742051,1359.7867075742051,1343.546092803966,1347.029541015625,4268213.0,INFY,-0.008076699838746482,False
2024-04-25,1336.9084594402714,1360.351454707475,1336.9084594402714,1354.27880859375,9089398.0,INFY,0.005381669337896744,False
2024-04-26,1355.4557017420498,1360.8222343797577,1343.4988900371166,1346.5587158203125,8062444.0,INFY,-0.0057005195122663554,False
2024-04-29,1346.2762368329832,1355.549954695784,1344.6757585333085,1350.79541015625,5055957.0,INFY,0.0031463123636288337,False
2024-04-30,1350.7483107051714,1352.4901496742034,1334.6019369629423,1337.4263916015625,6936588.0,INFY,-0.009897145381283945,False
2024-05-01,1350.7483107051714,1352.4901496742034,1334.6019369629423,1337.4263916015625,6936588.0,INFY,0.0,False
2024-05-02,1330.3179985042082,1340.6743311181829,1329.235268018188,1331.68310546875,10076354.0,INFY,-0.004294282039652986,False
2024-05-03,1338.8855920418562,1341.4276701119534,1321.0915052605797,1333.425048828125,8842345.0,INFY,0.001308076487733123,False
2024-05-06,1336.9084732924218,1361.1045877183944,1334.1781442699464,1342.4632568359375,6445422.0,INFY,0.006778189757088882,False
2024-05-07,1341.568810540377,1358.892155017695,1332.7659500503703,1356.632568359375,6080661.0,INFY,0.010554710865482653,False
2024-05-08,1351.2661306551702,1355.5028124792066,1342.1807788692663,1343.7813720703125,6234983.0,INFY,-0.009472864347200405,False
2024-05-09,1344.0167568835536,1365.1059257902891,1341.4746788069972,1355.3145751953125,6088406.0,INFY,0.008582648461059827,False
2024-05-10,1351.0779452607514,1351.925189724819,1330.3181573439954,1341.5218505859375,8777481.0,INFY,-0.010176769926190321,False
2024-05-13,1341.6159637564915,1341.6159637564915,1328.623426347066,1340.1566162109375,3735954.0,INFY,-0.001017675839125376,False
2024-05-14,1342.933844954217,1349.853734750207,1335.072470426056,1341.333251953125,3463230.0,INFY,0.0008779837579835359,False
2024-05-15,1342.5573572737128,1348.0180152167325,1335.5433413149956,1336.861328125,4327544.0,INFY,-0.0033339394379535703,False
2024-05-16,1350.0421774524657,1370.566593499511,1343.4989036055658,1368.3070068359375,9249145.0,INFY,0.023522019860535037,False
2024-05-17,1371.7434327729238,1371.7434327729238,1355.0320766083944,1359.78662109375,7542860.0,INFY,-0.0062269546962928635,False
2024-05-20,1371.7434327729238,1371.7434327729238,1355.0320766083944,1359.78662109375,7542860.0,INFY,0.0,False
2024-05-21,1346.323283787107,1360.163064579575,1344.8169310704366,1350.23046875,6752663.0,INFY,-0.007027685223188529,False
2024-05-22,1345.1465142625411,1374.520796372084,1344.4404006067602,1369.6722412109375,7173285.0,INFY,0.014398854796200844,False
2024-05-23,1369.5780794505797,1391.6559699792333,1365.1531462577914,1386.242431640625,8641428.0,INFY,0.01209792381791841,False
2024-05-24,1382.3350849297278,1389.160849864678,1374.5678351761635,1379.369384765625,5277938.0,INFY,-0.004958041045436512,False
2024-05-27,1385.7245266295347,1393.0210346021652,1374.8033247785525,1385.2537841796875,5821844.0,INFY,0.004266006973224545,False
2024-05-28,1389.1608228573064,1389.6315652574615,1374.8502998635329,1381.205322265625,6186922.0,INFY,-0.0029225416745277677,False
2024-05-29,1379.652011269009,1379.7461367746178,1365.1531206572472,1366.0474853515625,7401634.0,INFY,-0.010974354550848942,False
2024-05-30,1358.3743695494225,1365.011768697552,1338.3678167520543,1343.9224853515625,9663150.0,INFY,-0.016196362306033607,False
2024-05-31,1353.8619835736356,1379.742614221291,1344.4507812144127,1351.0770263671875,37113815.0,INFY,0.0053236262460132355,False
2024-06-03,1382.8636553906256,1382.8636553906256,1348.29206400586,1350.11669921875,10589244.0,INFY,-0.0007107863798259118,False
2024-06-04,1353.09357909204,1358.8555105856897,1304.4532506211224,1338.3526611328125,13736134.0,INFY,-0.008713349070302412,False
2024-06-05,1344.594848794161,1380.9430124283645,1344.594848794161,1373.3564453125,9233424.0,INFY,0.02615438007950721,False
2024-06-06,1387.6171483700416,1415.8026912541518,1380.4627967662166,1413.833984375,12660930.0,INFY,0.029473440198760414,False
2024-06-07,1422.2367255895786,1478.6075738994743,1418.635518485621,1472.7496337890625,24075302.0,INFY,0.04167083976277941,False
2024-06-10,1464.7790697698574,1469.1005184048513,1437.8900560410068,1440.2427978515625,6810606.0,INFY,-0.022072207788547904,False
2024-06-11,1440.530920339611,1446.6768867495505,1434.67286293827,1436.4014892578125,4853054.0,INFY,-0.0026671257092762968,False
2024-06-12,1447.2053312805267,1448.8858948702689,1423.9175215369614,1426.270263671875,9564320.0,INFY,-0.0070531990266679,False
2024-06-13,1435.6813586014816,1445.284578391458,1430.2555159747842,1434.6729736328125,7307565.0,INFY,0.005891386909592455,False
2024-06-14,1444.0359353932247,1444.0359353932247,1427.0863483292007,1429.8232421875,4237727.0,INFY,-0.0033803741580440416,False
2024-06-17,1444.0359353932247,1444.0359353932247,1427.0863483292007,1429.8232421875,4237727.0,INFY,0.0,False
2024-06-18,1437.6020550051355,1447.2052751454503,1436.0655632280468,1438.75439453125,5420939.0,INFY,0.0062463331691868795,False
2024-06-19,1445.2844258115615,1455.5118772535266,1437.313707336635,1451.3824462890625,5493456.0,INFY,0.008777072588491919,False
2024-06-20,1456.1361637531038,1457.2885031581282,1439.618556511379,1455.2718505859375,7927010.0,INFY,0.002679792846344231,False
2024-06-21,1483.697382612351,1495.9414872261425,1463.2424786021215,1471.8853759765625,17301941.0,INFY,0.011416097538020642,False
2024-06-24,1464.0588504809766,1468.428244941943,1455.271881344855,1466.5556640625,5564989.0,INFY,-0.0036210101690332674,False
2024-06-25,1465.4513439015984,1482.641130817365,1460.0255012602715,1480.7684326171875,4551525.0,INFY,0.00969125748375399,False
2024-06-26,1479.8561366420593,1487.3946405637594,1474.0942048965353,1479.5679931640625,4851004.0,INFY,-0.0008106868208983542,False
2024-06-27,1477.40734590662,1515.772280451651,1471.261378838573,1510.922607421875,14757754.0,INFY,0.02119173596798385,False
2024-06-28,1510.15438706981,1525.4714758668922,1502.1836676895095,1504.58447265625,8197544.0,INFY,-0.004194877179341416,False
2024-07-01,1497.6220524294586,1536.4190819140294,1497.6220524294586,1527.68017578125,6801771.0,INFY,0.015350220306491691,False
2024-07-02,1532.86588566981,1568.9740856185726,1523.550809426941,1556.72998046875,10493173.0,INFY,0.019015632426233386,False
2024-07-03,1560.5232067482063,1571.086748455425,1542.2770892539197,1562.8280029296875,7269965.0,INFY,0.0039171998596065905,False
2024-07-04,1563.5960981382616,1594.13438198508,1563.4040806456085,1585.1553955078125,8008311.0,INFY,0.01428653219437459,False
2024-07-05,1585.9236853770542,1599.7523453204356,1568.5418810019864,1582.0823974609375,7065022.0,INFY,-0.0019386099656750755,False
2024-07-08,1577.9050957573086,1599.8964935741276,1574.9281209253115,1595.7191162109375,5880533.0,INFY,0.008619474416683648,False
2024-07-09,1594.0384684368903,1600.61665051487,1585.491579421059,1591.3975830078125,5191182.0,INFY,-0.0027082041940981183,False
2024-07-10,1591.2535253565572,1607.5789990626895,1572.575309683498,1582.8507080078125,9852770.0,INFY,-0.005370672351937333,False
2024-07-11,1590.2931327303995,1598.9360301908912,1576.896688557358,1587.1240234375,8857679.0,INFY,0.0026997589905783936,False
2024-07-12,1613.340833576749,1651.5136300854847,1600.520559326722,1643.8310546875,17078316.0,INFY,0.035729426568177125,False
2024-07-15,1657.7076984616265,1659.4363248574064,1635.092186939841,1639.317626953125,6942230.0,INFY,-0.0027456761578416033,False
2024-07-16,1650.4092519603355,1668.943512173137,1632.547287437264,1657.563720703125,6886281.0,INFY,0.011130298027669294,False
2024-07-17,1650.4092519603355,1668.943512173137,1632.547287437264,1657.563720703125,6886281.0,INFY,0.0,False
2024-07-18,1650.7933286237846,1695.3522877574176,1650.7933286237846,1688.2939453125,11248896.0,INFY,0.018539392619150385,False
2024-07-19,1770.8336868455729,1770.8336868455729,1715.5671113876276,1721.8092041015625,29819116.0,INFY,0.01985155421667928,False
2024-07-22,1728.7236252048558,1750.6669588687384,1721.80923665492,1738.9990234375,8462126.0,INFY,0.009983579652721897,False
2024-07-23,1738.182697435553,1766.9442924167647,1712.494085746934,1764.015380859375,7113056.0,INFY,0.014385492507307474,False
2024-07-24,1764.5915628208677,1769.249100779416,1747.4017766683005,1761.182373046875,6002845.0,INFY,-0.0016059994959453094,False
2024-07-25,1747.7859434479678,1758.2534761150766,1740.1033678723722,1752.4434814453125,5815599.0,INFY,-0.004961945869605855,False
2024-07-26,1752.923709894062,1808.2862957121283,1752.923709894062,1804.3489990234373,11369047.0,INFY,0.02961893957077355,False
2024-07-29,1818.465766106095,1827.492816601406,1790.0402575643832,1796.8585205078125,4635931.0,INFY,-0.004151346840150505,False
2024-07-30,1796.8583403917328,1805.357166029777,1786.1987904104494,1802.6683349609373,2721265.0,INFY,0.0032333176968672994,False
2024-07-31,1802.524276915124,1810.350924152097,1791.048476651269,1794.1214599609375,5004209.0,INFY,-0.004741235442062064,False
2024-08-01,1782.453656326238,1793.7855029159562,1771.8901142339544,1779.092529296875,7475014.0,INFY,-0.008376763223371553,False
2024-08-02,1769.8732971519382,1785.7186088193323,1744.0886770658112,1748.938232421875,7400938.0,INFY,-0.016949257207503066,False
2024-08-05,1714.1266318965754,1726.178719359178,1650.3613476722037,1682.3880615234375,10736703.0,INFY,-0.03805175601100608,False
2024-08-06,1690.3587800212945,1725.6506144088737,1675.617860395926,1681.619873046875,7690163.0,INFY,-0.0004566059960428026,False
2024-08-07,1724.7381679213,1726.5628030142375,1692.183231395466,1720.560791015625,5094329.0,INFY,0.0231567898268199,False
2024-08-08,1709.3251315403352,1709.3251315403352,1658.572136260406,1673.9853515625,6227910.0,INFY,-0.02706991795717495,False
2024-08-09,1700.9703953899302,1710.0934546736023,1686.3254844345618,1700.490234375,4258524.0,INFY,0.01583340187998683,False
2024-08-12,1702.698946723047,1731.9407043499043,1697.9452825491308,1726.082763671875,4315329.0,INFY,0.015050088956424457,False
2024-08-13,1738.1827024097588,1738.1827024097588,1718.0640047615366,1726.130615234375,4176918.0,INFY,2.772263503647565e-05,False
2024-08-14,1730.5001411349067,1752.5875458219782,1726.1306294039184,1750.906982421875,7450718.0,INFY,0.014353703577719035,False
2024-08-15,1730.5001411349067,1752.5875458219782,1726.1306294039184,1750.906982421875,7450718.0,INFY,0.0,False
2024-08-16,1776.5955951852964,1787.9753867685558,1756.908995346757,1785.1904296875,7335657.0,INFY,0.0195803932532177,False
2024-08-19,1786.1988792940135,1793.449357119504,1775.827355039649,1790.8084716796875,2585989.0,INFY,0.0031470267254183337,False
2024-08-20,1805.405353385153,1810.879141874375,1794.0735069359491,1797.914794921875,3870333.0,INFY,0.003968220697282199,False
2024-08-21,1800.699693622934,1804.444972732828,1793.0171179008144,1798.3948974609375,1966902.0,INFY,0.00026703297643382307,False
2024-08-22,1809.2464708192065,1818.5136006570308,1795.5138206733318,1805.645263671875,4300287.0,INFY,0.004031576280145055,False
2024-08-23,1803.67661383031,1807.9020537953015,1783.3178356718945,1788.2154541015625,5015935.0,INFY,-0.009652953390672181,False
2024-08-26,1795.8021261828926,1813.8081635443525,1790.0401942272256,1801.7081298828125,3728589.0,INFY,0.007545330038560172,False
2024-08-27,1801.7079786991785,1827.2525181137996,1799.5472543971127,1824.7076416015625,3830679.0,INFY,0.01276539265005483,False
2024-08-28,1831.237958279541,1873.588133022963,1822.1148997127973,1862.1602783203125,6514531.0,INFY,0.020525280798340706,False
2024-08-29,1856.3023384955795,1873.1079727033768,1844.6824662886909,1856.638427734375,7228284.0,INFY,-0.0029652928645423904,False
2024-08-30,1861.1039704725115,1872.6278340667684,1851.5007508106305,1866.5777587890625,13466759.0,INFY,0.005353401559622162,False
2024-09-02,1866.241778093103,1897.356235052678,1865.7136713170648,1886.5526123046875,5573739.0,INFY,0.010701324079090968,False
2024-09-03,1888.95326566776,1888.95326566776,1859.6153833595768,1864.2249755859373,4694322.0,INFY,-0.011835151891933626,False
2024-09-04,1844.8744872415468,1850.7324277310104,1824.6597803927025,1846.1708984375,4778310.0,INFY,-0.009684494835588642,False
2024-09-05,1849.8201661965988,1863.0245930805456,1833.8307821972223,1856.4464111328125,4081810.0,INFY,0.005565851300120217,False
2024-09-06,1845.7386933402568,1859.6633609018768,1821.586574089743,1826.38818359375,5848106.0,INFY,-0.016191271322893108,False
2024-09-09,1815.0084785277315,1844.634387126065,1814.0481565814205,1819.4739990234373,4772612.0,INFY,-0.0037857146867363856,False
2024-09-10,1829.3174217997905,1858.2230908792164,1820.770532458395,1836.423828125,6909600.0,INFY,0.009315785282262956,False
2024-09-11,1838.728280994298,1849.5799652721264,1829.413205526168,1834.35888671875,5312946.0,INFY,-0.001124436186584643,False
2024-09-12,1848.6197893164424,1878.773922571952,1834.9832642548035,1873.0599365234373,8555092.0,INFY,0.021097861538924123,False
2024-09-13,1873.060057581397,1880.8867055756823,1858.8473618654505,1866.9620361328125,3843127.0,INFY,-0.0032555820941549962,False
2024-09-16,1868.5464710616527,1874.548483367517,1856.3504289468576,1872.867919921875,1570181.0,INFY,0.0031633657646814584,False
2024-09-17,1870.467067930622,1880.742465848968,1865.089288485256,1875.07666015625,2793127.0,INFY,0.0011793358254901243,False
2024-09-18,1861.824097546446,1861.824097546446,1806.6536508696367,1817.0731201171875,6385468.0,INFY,-0.0309339566064617,False
2024-09-19,1834.791051102084,1848.5237015550497,1804.2528841458936,1819.041748046875,7976570.0,INFY,0.0010834060049056404,False
2024-09-20,1829.4134254860903,1839.0166455673825,1793.305341425795,1830.1336669921875,15242974.0,INFY,0.006097671456535947,False
2024-09-23,1833.2546020080952,1842.761812755645,1803.9167195535472,1821.2025146484373,3636672.0,INFY,-0.004880054667497857,False
2024-09-24,1813.0879441837892,1835.079341528414,1797.1466223571958,1823.267333984375,7277616.0,INFY,0.0011337670134594635,False
2024-09-25,1811.5031931874792,1826.1481021670695,1802.3321893756809,1820.09814453125,4268341.0,INFY,-0.0017381924164677764,False
2024-09-26,1822.499064726573,1841.8494584619364,1817.88947242242,1824.851806640625,8952803.0,INFY,0.002611761417184111,False
2024-09-27,1855.4380099764576,1896.251692715668,1827.780808244556,1831.0938720703125,14908931.0,INFY,0.0034205875824944165,False
2024-09-30,1805.40537191387,1825.8122145485347,1796.282312853667,1801.179931640625,6986955.0,INFY,-0.01633665039568155,False
2024-10-01,1800.6036370139675,1833.206519977448,1800.6036370139675,1828.7890625,4029072.0,INFY,0.015328358024857103,False
2024-10-02,1800.6036370139675,1833.206519977448,1800.6036370139675,1828.7890625,4029072.0,INFY,0.0,False
2024-10-03,1814.528402429466,1835.9915754881,1806.3656655040093,1818.273681640625,7503887.0,INFY,-0.005749914560950087,False
2024-10-04,1814.5764408447044,1876.5651542030091,1811.1672509312864,1842.0416259765625,10001483.0,INFY,0.013071708937948179,False
2024-10-07,1846.8911139011775,1864.9452133204368,1840.0249057901144,1857.55078125,6112575.0,INFY,0.008419546580667125,False
2024-10-08,1861.007899519078,1880.2622839615103,1830.7096956078076,1871.2353515625,5637391.0,INFY,0.0073669966122225095,False
2024-10-09,1875.07665925967,1898.5564839074104,1867.922190438456,1875.2686767578125,4857163.0,INFY,0.0021554344791234747,False
2024-10-10,1880.214459242611,1886.0723999723164,1838.152308930917,1842.85791015625,4782119.0,INFY,-0.01728326559455906,False
2024-10-11,1841.8974879353768,1869.7468243014484,1834.310921135121,1858.3189697265625,4709431.0,INFY,0.00838971875428074,False
2024-10-14,1855.4860705732613,1891.354071794841,1854.477685639696,1881.1746826171875,3751378.0,INFY,0.012299133390425432,False
2024-10-15,1882.2310163628915,1912.433094709219,1874.3083602991192,1881.558837890625,5353705.0,INFY,0.00020421031443129678,False
2024-10-16,1877.42944464905,1881.7989564876757,1840.312977195666,1843.9141845703125,3111512.0,INFY,-0.020007162445430104,False
2024-10-17,1858.415027332384,1899.516854492198,1853.5654717255,1890.0096435546875,8162822.0,INFY,0.024998700791011297,False
2024-10-18,1818.657760223304,1859.9995499352583,1795.0818094027522,1805.0211181640625,10526196.0,INFY,-0.04496724431034149,False
2024-10-21,1816.0647726492864,1823.459321823041,1765.071701772492,1779.2364501953125,4654601.0,INFY,-0.014284967477264932,False
2024-10-22,1784.470181434696,1803.2925852339904,1773.666559613223,1778.132080078125,4125240.0,INFY,-0.000620698905458128,False
2024-10-23,1772.034052723245,1811.1671716222952,1770.833650303029,1799.067138671875,4311910.0,INFY,0.011773624034065122,False
2024-10-24,1787.5433126309072,1809.2465653946333,1786.198838446931,1789.4158935546875,2906475.0,INFY,-0.005364583071820417,False
2024-10-25,1789.5119595392343,1801.9001366151977,1773.1385399992107,1788.1676025390625,4689120.0,INFY,-0.0006975969198224075,False
2024-10-28,1785.9107053224764,1807.229923208772,1783.3178829165497,1791.3365478515625,7018940.0,INFY,0.0017721746596908172,False
2024-10-29,1792.9391324904534,1798.378144066303,1776.4277753656768,1786.4317626953125,4621252.0,INFY,-0.002738058999651738,False
2024-10-30,1779.3414895531696,1786.1402834543007,1744.716179758669,1750.3009033203125,5919715.0,INFY,-0.020225155043418486,False
2024-10-31,1736.5091412479787,1736.5091412479787,1696.299107207362,1706.7401123046875,7395236.0,INFY,-0.02488760128786449,False
2024-11-01,1713.7816813488191,1715.2385657478123,1701.6895882617994,1710.236572265625,371966.0,INFY,0.0020486188469643896,False
2024-11-04,1674.9315887150042,1716.2099839138373,1668.6184223904768,1712.956298828125,7336722.0,INFY,0.0015902633627447038,False
2024-11-05,1709.4111662537578,1717.6182349398389,1694.8423210868225,1703.77783203125,3160880.0,INFY,-0.005358260921865976,False
2024-11-06,1713.296076841982,1774.6794262747362,1711.9849045771186,1771.280029296875,10421494.0,INFY,0.039619131084214665,False
2024-11-07,1760.8390975998177,1773.22261567757,1735.6350435250165,1751.2237548828125,4550965.0,INFY,-0.011323039882081165,False
2024-11-08,1765.7438769390867,1787.6942446562714,1761.0333078003775,1777.350341796875,4210960.0,INFY,0.01491904551957779,False
2024-11-11,1776.427742360696,1814.306737413767,1770.163186757311,1806.6337890625,3804234.0,INFY,0.016475900432786794,False
2024-11-12,1817.317680708752,1826.9331420105937,1807.5080155671,1815.0838623046875,5012450.0,INFY,0.004677247427422593,False
2024-11-13,1807.605094015565,1819.3572716489664,1802.943134866599,1814.6953125,4257495.0,INFY,-0.00021406713637694974,False
2024-11-14,1811.9758027067253,1822.0768923467604,1802.65176556268,1810.9560546875,4311431.0,INFY,-0.0020605430491517085,False
2024-11-15,1811.9758027067253,1822.0768923467604,1802.65176556268,1810.9560546875,4311431.0,INFY,0.0,False
2024-11-18,1796.047127993138,1796.047127993138,1743.4050832115963,1759.3822021484375,4839244.0,INFY,-0.028478798480818024,False
2024-11-19,1773.0284911005574,1806.2454112988496,1768.2208195271303,1772.300048828125,4669769.0,INFY,0.007342262905645658,False
2024-11-20,1773.0284911005574,1806.2454112988496,1768.2208195271303,1772.300048828125,4669769.0,INFY,0.0,False
2024-11-21,1789.0540816629436,1813.335488851637,1768.26917339711,1781.3326416015625,5436504.0,INFY,0.0050965369997084675,False
2024-11-22,1800.80625185363,1859.0331371970144,1781.2840242640295,1847.572265625,6301486.0,INFY,0.037185432117766926,False
2024-11-25,1860.9270220152916,1864.1322151458903,1827.9043086809909,1835.3829345703125,12764638.0,INFY,-0.0065974854036705555,False
2024-11-26,1850.1947027907097,1882.8775020849253,1842.764686697864,1868.8428955078125,6850495.0,INFY,0.018230506728195817,False
2024-11-27,1874.6218732216507,1885.5971174937745,1856.799342761259,1869.182861328125,4447143.0,INFY,0.00018191246633403324,False
2024-11-28,1859.8586361338637,1859.8586361338637,1798.4266776839895,1803.282958984375,8468790.0,INFY,-0.035255995390908734,False
2024-11-29,1797.8925063282472,1823.0480681141644,1791.9678666332622,1804.448486328125,5244346.0,INFY,0.0006463363599944483,False
2024-12-02,1805.5655210664468,1828.6814691911163,1782.4495729417774,1825.7677001953125,2868263.0,INFY,0.011814808806523525,False
2024-12-03,1832.7607276683611,1845.144246098553,1817.3663382733384,1837.714111328125,4715792.0,INFY,0.006543226244792644,False
2024-12-04,1829.8469491241565,1858.9360291550868,1821.105642042353,1834.946044921875,4705573.0,INFY,-0.0015062551836474425,False
2024-12-05,1845.386971128795,1893.8526842407528,1834.654541582606,1879.2352294921875,9050038.0,INFY,0.024136505099362937,False
2024-12-06,1877.2442779990852,1882.2461532385448,1857.4306251975145,1867.1431884765625,3573331.0,INFY,-0.0064345542409252054,False
2024-12-09,1868.8914196597943,1874.7189577548504,1842.667498232043,1868.3572998046875,4274645.0,INFY,0.0006502507872017116,False
2024-12-10,1883.2659588503625,1909.101352624084,1876.4671647750904,1892.54150390625,6174921.0,INFY,0.012944100201867537,False
2024-12-11,1898.806057875605,1921.1449526741412,1895.8922889888397,1917.4056396484373,5025612.0,INFY,0.013137960615852817,False
2024-12-12,1918.4254802729863,1941.3472248051385,1913.909233129633,1929.8863525390625,6462130.0,INFY,0.006509166674253386,False
2024-12-13,1913.132112410419,1948.777171484316,1897.6406217246504,1942.22119140625,5362693.0,INFY,0.0063914845819594834,False
2024-12-16,1938.0933607570853,1942.1240981650324,1920.756459296608,1923.1361083984373,3119221.0,INFY,-0.009826420951567494,False
2024-12-17,1911.432375880719,1925.029963920521,1901.7198129951464,1919.78515625,5811050.0,INFY,-0.0017424414911682007,False
2024-12-18,1910.266971091808,1927.8951783904936,1905.216367108079,1922.261962890625,3064095.0,INFY,0.0012901478233444674,False
2024-12-19,1878.4096320265544,1903.4194810568972,1864.812044204232,1890.2589111328125,5323592.0,INFY,-0.016648642263975,False
2024-12-20,1918.3769764514816,1923.038935729017,1856.313672846486,1866.900390625,11056720.0,INFY,-0.012357312731203551,False
2024-12-23,1874.5732490554924,1884.2372017118132,1854.1282567360065,1868.988525390625,2781793.0,INFY,0.0011185035774330387,False
2024-12-24,1871.6594932162752,1886.1797274213889,1787.111585198432,1854.1768798828125,2360544.0,INFY,-0.007924952618270753,False
2024-12-25,1871.6594932162752,1886.1797274213889,1787.111585198432,1854.1768798828125,2360544.0,INFY,0.0,False
2024-12-26,1854.1769374713,1864.5693327398988,1847.6209572676305,1852.5743408203125,3623321.0,INFY,-0.0008642859696327276,False
2024-12-27,1854.5168074679775,1868.8428379280156,1849.1748978049127,1861.655517578125,3937500.0,INFY,0.004901922993163943,False
2024-12-30,1860.635738761984,1860.9271630910607,1832.2751008200871,1851.214599609375,7789055.0,INFY,-0.005608404922481491,False
2024-12-31,1837.9082915665465,1842.473148621904,1792.0164326986576,1825.9617919921875,3613063.0,INFY,-0.013641210274873639,False
2025-01-01,1820.134214444306,1838.5394729768452,1820.134214444306,1828.389892578125,1838368.0,INFY,0.0013297652758048617,False
2025-01-02,1832.760612498252,1906.236174279187,1831.10952423594,1901.5740966796875,7083645.0,INFY,0.040026585357223254,False
2025-01-03,1896.814862736036,1896.814862736036,1866.754528958132,1883.0230712890625,6218003.0,INFY,-0.00975561532049507,False
2025-01-06,1895.8923485784164,1916.288731426852,1872.5821967516329,1882.1490478515625,7164403.0,INFY,-0.0004641597072423398,False
2025-01-07,1889.093520205408,1902.254090611412,1868.357221729347,1875.3502197265625,4294832.0,INFY,-0.0036122687163170353,False
2025-01-08,1874.5246254427705,1882.8774057609292,1834.460303784991,1877.5841064453125,5482050.0,INFY,0.0011911837561069394,False
2025-01-09,1878.4583629543145,1895.74665458795,1855.6338390718156,1862.1898193359373,6833503.0,INFY,-0.008198986696004829,False
2025-01-10,1881.3233976824297,1920.950700979764,1876.709930393327,1910.4124755859373,8036913.0,INFY,0.02589567172437679,False
2025-01-13,1899.777330605508,1925.8070469770787,1892.9785364775744,1905.799072265625,5804152.0,INFY,-0.0024148729027207994,False
2025-01-14,1912.2579998126723,1915.12327712042,1875.5930733895989,1884.285888671875,5792162.0,INFY,-0.011288274775039686,False
2025-01-15,1891.036010381721,1901.7684398888916,1881.420549328485,1893.60986328125,2985439.0,INFY,0.004948280229359003,False
2025-01-16,1909.4412763032324,1910.41253260361,1861.7526156669912,1873.0191650390625,7533579.0,INFY,-0.010873780624752305,False
2025-01-17,1797.795420989787,1804.5942151264317,1759.9164250856263,1763.2672119140625,16409953.0,INFY,-0.058596278764030174,False
2025-01-20,1770.5516054927243,1775.407886940151,1741.6082392029955,1761.1790771484375,4333011.0,INFY,-0.001184241816280518,False
2025-01-21,1766.7638099629812,1779.0016155615642,1741.5111463055791,1748.941162109375,7169109.0,INFY,-0.006948705669884037,False
2025-01-22,1755.448693830049,1812.1700865447272,1753.2633671133483,1803.0887451171875,8373913.0,INFY,0.03096020848551917,False
2025-01-23,1804.5941442893445,1825.5247642701756,1799.446438649042,1811.8299560546875,5907471.0,INFY,0.004847909433837616,False
2025-01-24,1811.8786496612856,1840.4336089404928,1810.6645792715367,1821.5426025390625,4887027.0,INFY,0.005360683242882525,False
2025-01-27,1795.6100112127813,1809.4504129219265,1759.9163436470913,1769.62890625,7652371.0,INFY,-0.028499852936022196,False
2025-01-28,1777.3990640797924,1809.9361507719636,1772.4456805643415,1777.15625,6999495.0,INFY,0.004253628386954311,False
2025-01-29,1791.9678626583263,1834.36322360914,1787.5972093347696,1827.1759033203125,5145155.0,INFY,0.028145895061457038,False
2025-01-30,1819.308813841547,1832.9548941080284,1790.9966681783667,1806.4881591796875,7336056.0,INFY,-0.011322250968301195,False
2025-01-31,1817.2205970496625,1842.910279604707,1817.2205970496625,1825.7677001953125,5820470.0,INFY,0.010672387149428975,False
2025-02-03,1783.2265984737835,1822.6110895629577,1779.7300994439906,1809.741943359375,4823228.0,INFY,-0.008777544281358018,False
2025-02-04,1834.703198206104,1856.2650411997824,1821.1056096540208,1844.2215576171875,7334787.0,INFY,0.01905222696767961,False
2025-02-05,1851.2145472314708,1864.5207114002724,1839.8508957040451,1842.5218505859373,4996744.0,INFY,-0.0009216392814789254,False
2025-02-06,1861.898330498206,1868.6971246106148,1845.3869733680704,1860.587158203125,4765255.0,INFY,0.00980466397803803,False
2025-02-07,1864.13231412214,1868.405747107761,1835.14021793859,1848.93212890625,4126260.0,INFY,-0.006264167333139614,False
2025-02-10,1850.2432794461592,1850.2432794461592,1824.602089026561,1826.2532958984373,3828734.0,INFY,-0.012265908874236842,False
2025-02-11,1828.9727506286144,1848.3007750893653,1816.249316561804,1821.7369384765625,4411601.0,INFY,-0.0024730180813461455,False
2025-02-12,1830.8181177592105,1840.142154487476,1793.9103785152583,1809.59619140625,5633947.0,INFY,-0.006664379918906005,False
2025-02-13,1814.7924102365157,1819.64869177314,1782.8866642532057,1790.2681884765625,5237744.0,INFY,-0.010680837537941357,False
2025-02-14,1800.709122375355,1805.8568280246752,1775.796375368045,1803.0401611328125,5292961.0,INFY,0.007134111379769603,False
2025-02-17,1785.7033698235564,1799.495162260814,1769.774742327097,1789.3455810546875,4428956.0,INFY,-0.007595271793347624,False
2025-02-18,1789.3456107739096,1808.139397326379,1784.780634818134,1798.7181396484375,4365260.0,INFY,0.005237981244643475,False
2025-02-19,1794.2989338566194,1796.0471240806544,1753.9917969230971,1758.7509765625,4611411.0,INFY,-0.022219803205937083,False
2025-02-20,1753.65187661327,1778.3703022593725,1753.65187661327,1772.6884765625,2218020.0,INFY,0.007924658002033347,False
2025-02-21,1769.4347905187403,1777.2533326664163,1754.2830972545896,1762.8302001953125,3379879.0,INFY,-0.005561200683328216,False
2025-02-24,1748.309923055587,1756.0313630959042,1699.9413126430345,1713.3931884765625,7594720.0,INFY,-0.02804411435274512,False
2025-02-25,1694.987890846883,1727.3306532632726,1694.987890846883,1716.8896484375,5092963.0,INFY,0.002040664095347644,False
2025-02-26,1694.987890846883,1727.3306532632726,1694.987890846883,1716.8896484375,5092963.0,INFY,0.0,False
2025-02-27,1704.748997302386,1724.805463456364,1700.7668702151418,1713.5875244140625,5757079.0,INFY,-0.0019233175681632186,False
2025-02-28,1704.603415594686,1704.6519072727174,1634.0901134127998,1639.189208984375,12182167.0,INFY,-0.043416699975758144,False
2025-03-03,1643.6569975986283,1678.9135283002097,1643.6569975986283,1659.4884033203125,7504969.0,INFY,0.012383679824560678,False
2025-03-04,1646.2794646548505,1650.1644899401715,1621.9980566215932,1639.7720947265625,6759673.0,INFY,-0.01188095593455274,False
2025-03-05,1643.8026956375877,1683.1385762213686,1643.8026956375877,1662.30517578125,8180782.0,INFY,0.013741593192830193,False
2025-03-06,1665.7046071983816,1672.794825837321,1642.4915571816716,1666.5301513671875,10610547.0,INFY,0.0025416365463410973,False
2025-03-07,1654.146667899849,1655.9920786793125,1627.340016320931,1637.5382080078125,8019331.0,INFY,-0.017396590956119562,False
2025-03-10,1637.5382042171923,1669.5896637303404,1628.01984457351,1652.5440673828125,7558981.0,INFY,0.009163669770646532,False
2025-03-11,1631.7106175387037,1631.7106175387037,1589.995206020896,1613.8394775390625,12671234.0,INFY,-0.023421214966477533,False
2025-03-12,1589.84944650162,1589.84944650162,1518.850635339536,1545.123046875,14870008.0,INFY,-0.0425794706477548,False
2025-03-13,1553.281604513198,1559.886194636392,1525.163782654934,1534.439208984375,7822888.0,INFY,-0.006914554741923595,False
2025-03-14,1553.281604513198,1559.886194636392,1525.163782654934,1534.439208984375,7822888.0,INFY,0.0,False
2025-03-17,1500.736758011993,1548.1826065260266,1500.736758011993,1544.34619140625,7526032.0,INFY,0.006456418973047606,False
2025-03-18,1500.736758011993,1548.1826065260266,1500.736758011993,1544.34619140625,7526032.0,INFY,0.0,False
2025-03-19,1556.9238965430377,1556.9238965430377,1527.5920028100838,1540.94677734375,7387068.0,INFY,-0.00220119949880182,False
2025-03-20,1546.2400259441436,1584.9931759348294,1546.2400259441436,1569.1131591796875,7186750.0,INFY,0.018278620812907098,False
2025-03-21,1532.59385494289,1557.7980274559395,1518.7049607743006,1546.7742919921875,10074677.0,INFY,-0.014236619619695579,False
2025-03-24,1552.0189913058653,1560.9060103586978,1527.4947691913153,1546.968505859375,8857726.0,INFY,0.00012556057350643357,False
2025-03-25,1558.8663000022038,1589.1209562659596,1558.8663000022038,1581.6422119140625,9890140.0,INFY,0.022413970241382142,False
2025-03-26,1579.2627320763197,1590.6749935166006,1549.1537869998338,1553.475830078125,6651302.0,INFY,-0.017808314436582484,False
2025-03-27,1549.688079270318,1573.3866387891755,1540.4125339270274,1557.4581298828125,9426573.0,INFY,0.0025634771572127235,False
2025-03-28,1544.2975705237486,1552.504639118573,1515.1598805138667,1525.5037841796875,6799047.0,INFY,-0.02051698539435487,False
2025-03-31,1544.2975705237486,1552.504639118573,1515.1598805138667,1525.5037841796875,6799047.0,INFY,0.0,False
2025-04-01,1495.0061979771754,1502.92196020728,1474.2212903040318,1482.6226806640625,12680733.0,INFY,-0.028109470432211014,False
2025-04-02,1491.0726643663595,1510.9349273715395,1491.0726643663595,1505.593017578125,6193478.0,INFY,0.015493042979602967,False
2025-04-03,1490.5385603678294,1490.5385603678294,1442.3642697947264,1453.485107421875,10459504.0,INFY,-0.034609558856795175,False
2025-04-04,1418.5199114659142,1429.6893595876932,1406.3792069857195,1409.92431640625,9590254.0,INFY,-0.029969891533936033,False
2025-04-07,1313.1385736419368,1365.489314158466,1269.4320382766357,1356.602294921875,21715252.0,INFY,-0.03781906650158873,False
2025-04-08,1389.8677955834949,1414.634831773138,1374.327694444895,1387.7310791015625,12805001.0,INFY,0.02294613852284555,False
2025-04-09,1364.663707842691,1368.9371407012395,1342.179100849586,1363.3524169921875,8546854.0,INFY,-0.017567281209237007,False
2025-04-10,1364.663707842691,1368.9371407012395,1342.179100849586,1363.3524169921875,8546854.0,INFY,0.0,False
2025-04-11,1370.6854425398662,1397.4436008179698,1356.893650613513,1368.9371337890625,12567440.0,INFY,0.004096311949331355,False
2025-04-14,1370.6854425398662,1397.4436008179698,1356.893650613513,1368.9371337890625,12567440.0,INFY,0.0,False
2025-04-15,1404.0480742507405,1406.087688754894,1368.5001176189407,1385.011474609375,10178530.0,INFY,0.01174220526535108,False
2025-04-16,1384.0401507759727,1386.4682913913691,1356.6507720589225,1372.482177734375,12022740.0,INFY,-0.00904634878821764,False
2025-04-17,1357.8163531049115,1388.7023519091767,1338.6826507754836,1378.6983642578125,14264227.0,INFY,0.004529156461396733,False
2025-04-18,1357.8163531049115,1388.7023519091767,1338.6826507754836,1378.6983642578125,14264227.0,INFY,0.0,False
2025-04-21,1369.4714582615436,1429.4951483248678,1369.4714582615436,1409.29296875,15648970.0,INFY,0.02219093406167727,False
2025-04-22,1398.6091260339042,1398.6091260339042,1378.5041672717928,1381.903564453125,9399738.0,INFY,-0.0194348548557427,False
2025-04-23,1404.4366498623076,1445.0352117850275,1398.2205856526791,1432.5059814453125,11136642.0,INFY,0.03661790756883443,False
2025-04-24,1427.6496829084983,1440.2760150192205,1419.4911061400271,1429.1065673828125,7114292.0,INFY,-0.0023730540092197216,False
2025-04-25,1433.08870715148,1458.535575435,1421.4336312546193,1437.653564453125,8329979.0,INFY,0.005980657611814877,False
2025-04-28,1437.6534907325015,1446.7833234291916,1423.1818670852326,1439.4989013671875,5886253.0,INFY,0.0012835755147759809,False
2025-04-29,1439.4018262859977,1466.4027986571466,1431.7288778586658,1454.456298828125,8056743.0,INFY,0.010390697378602765,False
2025-04-30,1453.7764926957282,1465.431568419441,1439.984581952398,1456.9815673828125,7704183.0,INFY,0.0017362285527053878,False
2025-05-01,1453.7764926957282,1465.431568419441,1439.984581952398,1456.9815673828125,7704183.0,INFY,0.0,False
2025-05-02,1456.5930649551544,1479.417588620504,1453.1936678135066,1463.586181640625,7402310.0,INFY,0.004533080174566884,False
2025-05-05,1471.4532464465003,1479.2232965927526,1459.6039673980883,1465.2371826171875,4282493.0,INFY,0.0011280517657743516,False
2025-05-06,1462.7120452184297,1472.0360823521305,1456.010352773044,1468.053955078125,4270530.0,INFY,0.0019224003419748836,False
2025-05-07,1456.8844481471906,1475.1441139885928,1453.5821530190783,1464.9459228515625,5691799.0,INFY,-0.002117110352662155,False
2025-05-08,1464.654491996011,1472.910170498641,1458.0499017692832,1467.956787109375,8424409.0,INFY,0.002055273311353245,False
2025-05-09,1457.5642989506216,1467.9568126185206,1451.1540310083217,1464.2659912109375,4478653.0,INFY,-0.002514240153966174,False
2025-05-12,1492.8209942326298,1585.0903465111594,1487.96471253376,1580.136962890625,11372857.0,INFY,0.07913246116155648,False
2025-05-13,1562.7513505672505,1565.859323230766,1519.627548132014,1523.5125732421875,12846210.0,INFY,-0.035835114916147326,False
2025-05-14,1528.75740058924,1549.1537826809642,1524.3867472838704,1546.6285400390625,4870057.0,INFY,0.015172809993738268,False
2025-05-15,1544.1033749720434,1572.075486394776,1525.843708376521,1566.636474609375,11151167.0,INFY,0.012936483488017902,False
2025-05-16,1566.2479103864578,1566.2479103864578,1536.0418626920532,1544.200439453125,4576751.0,INFY,-0.014321149494393226,False
2025-05-19,1531.1856318206726,1539.441310774352,1510.9834523682189,1514.9656982421875,8855798.0,INFY,-0.018931960167872353,False
2025-05-20,1524.8723866170074,1537.9843466293191,1513.2173110505078,1515.7425537109375,7143998.0,INFY,0.000512787497203071,False
2025-05-21,1522.832797268108,1525.843668126893,1507.4869000940212,1523.41552734375,4157309.0,INFY,0.005062187911810678,False
2025-05-22,1510.7892156499267,1515.9369216042496,1495.7347425913772,1503.0191650390625,6158990.0,INFY,-0.01338857451469655,False
2025-05-23,1505.447258808557,1541.5779455953386,1505.447258808557,1519.8218994140625,5038421.0,INFY,0.011179321439033885,False
2025-05-26,1521.5700705826605,1538.275749801986,1517.782147363295,1535.070556640625,3170102.0,INFY,0.010033186936206917,False
2025-05-27,1534.4878415209876,1537.4016104009331,1511.6633186280806,1524.969482421875,7775714.0,INFY,-0.006580201916487338,False
2025-05-28,1535.556238237006,1542.063608140773,1524.8724187426308,1526.6207275390625,3623370.0,INFY,0.0010828053519897907,False
2025-05-29,1543.3262208282474,1562.6542444112208,1531.2826193070812,1540.02392578125,8609500.0,INFY,0.008779651684537093,False
2025-05-30,1547.3124739974685,1548.297396005105,1531.652190030095,1539.1375732421875,13148092.0,INFY,-0.000575544655004534,False
2025-06-02,1536.4782943781508,1536.4782943781508,1515.7949327230604,1530.371826171875,4374509.0,INFY,-0.005695232981576481,False
2025-06-03,1535.4933708621093,1543.6682714095227,1512.4461724234918,1519.734619140625,6853403.0,INFY,-0.006950733703624312,False
2025-06-04,1519.7346010168856,1533.8190332918905,1518.158749909477,1527.8109130859375,4548307.0,INFY,0.005314279113993958,False
2025-06-05,1524.5607331925255,1544.0621159555858,1518.3556767230737,1530.8642578125,6948539.0,INFY,0.0019985095671264386,False
2025-06-06,1531.2581829658582,1545.2441474823067,1519.8331118292815,1540.2210693359375,3960020.0,INFY,0.006112110512533464,False
2025-06-09,1554.2069160448225,1564.0561360451063,1547.3124620446238,1549.183837890625,2903202.0,INFY,0.00581914423398433,False
2025-06-10,1560.116482612782,1583.2621501262925,1553.7144894707471,1571.935546875,8591925.0,INFY,0.014686255064056075,False
2025-06-11,1566.1244242034918,1609.9534525332194,1566.1244242034918,1606.5062255859375,10597410.0,INFY,0.021992427602813613,False
2025-06-12,1592.6188275892266,1603.452969273507,1574.0037782857437,1584.345458984375,10483574.0,INFY,-0.013794385759992811,False
2025-06-13,1552.2369998927122,1584.7394243828517,1546.5244044661897,1577.844970703125,6968315.0,INFY,-0.004102948788338834,False
2025-06-16,1575.875214344727,1610.15054834862,1573.01891647278,1599.31640625,5591842.0,INFY,0.013608076804470182,False
2025-06-17,1596.2630097727383,1622.5604988569514,1591.2399317053334,1615.173583984375,7622083.0,INFY,0.009914972217133888,False
2025-06-18,1596.558578835151,1619.9011823893957,1596.558578835151,1608.2791748046875,5629707.0,INFY,-0.00426852522109733,False
2025-06-19,1599.4148737815738,1605.4228739879738,1587.2018168292147,1593.997802734375,5147760.0,INFY,-0.008879908596744035,False
2025-06-20,1594.58871180959,1606.1122510729597,1584.6410236941556,1598.429931640625,9202821.0,INFY,0.0027805113022407735,False
2025-06-23,1576.8601291540897,1576.8601291540897,1551.6461498856431,1560.116455078125,7943676.0,INFY,-0.023969443892467135,False
2025-06-24,1576.860073737694,1584.739449496533,1552.827953627288,1557.7525634765625,8083992.0,INFY,-0.0015152020183288872,False
2025-06-25,1566.025955644839,1595.4751470327865,1561.199813873949,1590.550537109375,7813533.0,INFY,0.0210546747935465,False
2025-06-26,1584.5425210067874,1599.5132869304996,1582.3756205245834,1591.6339111328125,6519233.0,INFY,0.0006811314687342751,False
2025-06-27,1594.5886581952298,1605.0288069577266,1578.238977654369,1583.7545166015625,8912268.0,INFY,-0.0049505068195248025,False
2025-06-30,1590.648993297183,1590.648993297183,1570.064099926214,1577.6480712890625,6294505.0,INFY,-0.0038556766522145347,False
2025-07-01,1584.7395342639384,1593.308307768125,1576.367697072364,1582.57275390625,4178937.0,INFY,0.00312153433126805,False
2025-07-02,1593.6038341220217,1624.1364168524187,1579.2239966239758,1586.2169189453125,8653641.0,INFY,0.0023026840504283275,False
2025-07-03,1594.0962765801005,1607.786716594206,1590.6490495377586,1594.293212890625,5259695.0,INFY,0.005091544446949037,False
2025-07-04,1600.4981989662078,1618.6207872342948,1587.9897380569496,1615.96142578125,4411273.0,INFY,0.013591109035293591,False
2025-07-07,1615.272126013176,1619.2118141254034,1598.5284515362102,1602.4681396484375,3294523.0,INFY,-0.008350005091420476,False
2025-07-08,1603.4529602070286,1621.378491891406,1597.0509674297891,1613.9915771484375,4590681.0,INFY,0.007191055606589503,False
2025-07-09,1613.1052929685202,1613.3022292758048,1599.1193284889714,1609.0670166015625,4580828.0,INFY,-0.0030511686780767544,False
2025-07-10,1614.1886858160017,1614.1886858160017,1582.868118202301,1591.43701171875,5330179.0,INFY,-0.010956662899005876,False
2025-07-11,1555.2902357933656,1582.868050545757,1539.433016356687,1570.85205078125,11391755.0,INFY,-0.01293482606343832,False
2025-07-14,1567.7988696310574,1567.7988696310574,1536.2813659941348,1546.623046875,9173426.0,INFY,-0.0154241157811138,False
2025-07-15,1541.5013602388092,1579.4208563061295,1540.4179701114035,1561.6922607421875,7614807.0,INFY,0.009743300992206994,False
2025-07-16,1555.1918577227598,1587.6942841349517,1554.6993967165145,1583.6561279296875,6223491.0,INFY,0.014064145503968728,False
2025-07-17,1573.9053927711557,1585.7244570472844,1556.2752645133155,1559.6240234375,7374814.0,INFY,-0.015175077511053292,False
2025-07-18,1568.0942241264431,1575.1857343566385,1556.176692489401,1562.1846923828125,5161833.0,INFY,0.0016418501554422704,False
2025-07-21,1556.1767745731315,1565.041072656143,1543.1758521432762,1560.4119873046875,3682661.0,INFY,-0.0011347602410705093,False
2025-07-22,1541.4029254290974,1561.889351060241,1541.4029254290974,1547.2139892578125,8473741.0,INFY,-0.008458021441934749,False
2025-07-23,1552.5325511946266,1567.897309898412,1526.629055261839,1550.7596435546875,8035026.0,INFY,0.002291637951500114,False
2025-07-24,1556.1767861186595,1558.1466301517212,1524.8562179010848,1529.0914306640625,14169664.0,INFY,-0.013972644297704728,False
2025-07-25,1520.12860228797,1526.1366022975346,1488.512630894258,1492.84619140625,10851259.0,INFY,-0.023703775020223472,False
2025-07-28,1491.0734115180542,1496.392014262957,1460.14683725966,1493.1417236328125,6439855.0,INFY,0.00019796562315921307,False
2025-07-29,1490.0884773327002,1494.3235696797126,1473.5417400906863,1490.8763427734375,7070448.0,INFY,-0.0015171907820399344,False
2025-07-30,1496.9830114866083,1498.7557989957106,1483.2925712781332,1496.0965576171875,5719051.0,INFY,0.0035014405245969993,False
2025-07-31,1486.936711768862,1504.0743788045277,1474.428250322285,1486.247314453125,6851407.0,INFY,-0.006583293781351474,False
2025-08-01,1471.374935830292,1476.1024890867666,1443.4031282013243,1447.4412841796875,8702978.0,INFY,-0.02611007595846615,False
2025-08-04,1439.4634841975633,1460.4423706154291,1429.1218033326477,1458.177001953125,8610216.0,INFY,0.00741703162040297,False
2025-08-05,1456.404084468286,1456.404084468286,1433.0614816224124,1438.2816162109375,10213323.0,INFY,-0.013644012843117781,False
2025-08-06,1430.1067078263495,1434.14486387826,1408.7339490588547,1415.037353515625,10566934.0,INFY,-0.01616113453257373,False
2025-08-07,1408.4383894942564,1420.2574529026,1392.876574581379,1415.234375,9892020.0,INFY,0.00013923412260852253,False
2025-08-08,1403.5138318764698,1411.590144080286,1395.7329241309972,1401.6424560546875,10048009.0,INFY,-0.009604005658294223,False
2025-08-11,1398.4907470266712,1411.7871937906966,1392.6796832838538,1406.66552734375,6625368.0,INFY,0.003583703723702314,False
2025-08-12,1406.6655976905836,1419.2726477892124,1399.5742071536924,1402.62744140625,9899184.0,INFY,-0.0028706795318467204,False
2025-08-13,1403.5138705026145,1412.3781686321047,1400.953097311154,1405.0897216796875,10318063.0,INFY,0.0017554770431189581,False
2025-08-14,1404.6956380205245,1447.835267553816,1404.6956380205245,1425.8714599609375,12902347.0,INFY,0.014790328304734146,False
2025-08-15,1404.6956380205245,1447.835267553816,1404.6956380205245,1425.8714599609375,12902347.0,INFY,0.0,False
2025-08-18,1442.6151494914589,1442.6151494914589,1408.0444126749926,1414.1510009765625,7254561.0,INFY,-0.008219856637495249,False
2025-08-19,1411.0977408332749,1427.5460108318366,1411.0977408332749,1418.2877197265625,3986094.0,INFY,0.0029252312851621998,False
2025-08-20,1418.9770874002822,1476.3980885005717,1418.9770874002822,1473.6402587890625,10413061.0,INFY,0.03902772215582018,False
2025-08-21,1485.262351237006,1485.262351237006,1461.9197483180794,1473.8372802734375,6565539.0,INFY,0.00013369713754762813,False
2025-08-22,1475.5115598317454,1481.6181481033814,1463.6924963469764,1465.0714111328125,5543397.0,INFY,-0.005947650570352403,False
2025-08-25,1483.981859694785,1515.7948868943363,1483.981859694785,1508.9989013671875,10694531.0,INFY,0.02998317344845991,False
2025-08-26,1500.03616013844,1515.2039825206518,1495.7024794249892,1506.53662109375,15994798.0,INFY,-0.0016317309914584133,False
2025-08-27,1500.03616013844,1515.2039825206518,1495.7024794249892,1506.53662109375,15994798.0,INFY,0.0,False
2025-08-28,1506.5366438633127,1506.5366438633127,1475.413133190423,1477.4814453125,5443364.0,INFY,-0.019286073351576283,False
2025-08-29,1479.254311487481,1479.254311487481,1445.5699084151588,1447.4412841796875,8169075.0,INFY,-0.02033200567636151,False
2025-09-01,1454.4343120627393,1480.7318023736236,1453.941851048263,1476.7921142578125,4546057.0,INFY,0.020277734509112744,False
2025-09-02,1476.7920565936874,1489.9900353122632,1463.8896025641538,1476.1025390625,5218763.0,INFY,-0.000466941276740962,False
2025-09-03,1477.3829894013984,1479.2543652339205,1450.7900955921732,1456.798095703125,4623483.0,INFY,-0.013077982625540052,False
2025-09-04,1461.6242804276317,1461.6242804276317,1438.0846200594328,1440.94091796875,5787724.0,INFY,-0.010884952266993153,False
2025-09-05,1447.835279098319,1450.4945202945664,1411.3931666312185,1422.8182373046875,5466487.0,INFY,-0.0125769769170061,False
2025-09-08,1429.1218644887508,1436.0163186937275,1406.7641825159365,1411.2947998046875,3811567.0,INFY,-0.008099022909510478,False
2025-09-09,1458.6694341238242,1484.474341584966,1450.297597398603,1481.6181640625,13072640.0,INFY,0.049828968595041045,False
2025-09-10,1487.330709756259,1511.756823802922,1486.5428442826578,1509.491455078125,7281071.0,INFY,0.01881273575858322,False
2025-09-11,1500.922609577238,1504.4683046125388,1483.7849433052634,1486.9366455078125,8003662.0,INFY,-0.014941992214951072,False
2025-09-12,1513.8250582606502,1519.636121892633,1498.1647749913177,1502.596923828125,12856963.0,INFY,0.010531906902438548,False
2025-09-15,1502.5969824151846,1504.4683582651935,1478.5648615170796,1485.6563720703125,6167414.0,INFY,-0.011274182376637354,False
2025-09-16,1485.656397411633,1491.1719366717366,1480.8302554728905,1488.5126953125,8923112.0,INFY,0.0019226002027690203,False
2025-09-17,1494.028241371192,1503.680405062861,1491.1719434573272,1499.4453125,4795698.0,INFY,0.007344658343813926,False
2025-09-18,1526.6291407021615,1531.5537508334592,1515.302537400178,1517.370849609375,9331945.0,INFY,0.011954778850512326,False
2025-09-19,1521.3104874589542,1527.9095369547413,1497.179898612735,1516.976806640625,12988129.0,INFY,-0.00025968797861875004,False
2025-09-22,1460.3437656419162,1491.8612688721596,1459.6543683506482,1476.8905029296875,15655204.0,INFY,-0.026425126300849255,False
2025-09-23,1470.4885054191882,1490.186944875574,1470.4885054191882,1474.920654296875,9832164.0,INFY,-0.001333781095419706,False
2025-09-24,1464.7758845360097,1474.1326431158675,1460.3437357350242,1472.0643310546875,4937004.0,INFY,-0.001936594510264844,False
2025-09-25,1466.5488557470633,1480.04223903444,1454.2373307659764,1462.4122314453125,9491867.0,INFY,-0.006556846331885247,False
2025-09-26,1452.7599061754568,1456.404069373631,1419.4694954878144,1427.053466796875,8597058.0,INFY,-0.0241783841027452,False
2025-09-29,1437.9860786678707,1442.9106885263222,1414.8404123331482,1420.060546875,10513117.0,INFY,-0.004900250820714547,False
2025-09-30,1421.2424051491353,1430.303639196793,1416.416263441906,1420.060546875,7556305.0,INFY,0.0,False
2025-10-01,1424.197180444367,1427.6444073679877,1405.877655696216,1424.000244140625,6250692.0,INFY,0.002774316401011667,False
2025-10-02,1424.197180444367,1427.6444073679877,1405.877655696216,1424.000244140625,6250692.0,INFY,0.0,False
2025-10-03,1417.3027030735375,1426.4625254104503,1411.5901076030302,1424.7880859375,6877533.0,INFY,0.0005532595939619078,False
2025-10-06,1424.7881421800753,1456.5027027407557,1420.5530497148677,1453.744873046875,4630590.0,INFY,0.020323574709232295,False
2025-10-07,1455.4191203786977,1460.5407866669368,1432.0765182081868,1436.5086669921875,5570320.0,INFY,-0.01185641743214716,False
2025-10-08,1435.0313384295307,1475.4131399913774,1433.061494450904,1472.4583740234375,4657192.0,INFY,0.025025750179790363,False
2025-10-09,1479.352867871771,1491.171932062491,1464.5790376333712,1486.5428466796875,7028753.0,INFY,0.009565277297289398,False
2025-10-10,1487.2322078030077,1498.755747016607,1476.2011295853697,1492.058349609375,3738353.0,INFY,0.003710288567871922,False
2025-10-13,1474.4281763502415,1482.0120273618204,1461.0332617199265,1470.6854248046875,5859355.0,INFY,-0.014324456419739229,False
2025-10-14,1476.3980688327763,1491.5658915845438,1464.0865439092208,1467.435302734375,5600789.0,INFY,-0.002209936955582581,False
2025-10-15,1461.5258266826634,1466.154912139115,1445.373081319078,1452.1690673828125,6986098.0,INFY,-0.010403344749247756,False
2025-10-16,1451.6765810210527,1452.267510183725,1438.478601982591,1449.312744140625,8005748.0,INFY,-0.0019669357420863953,False
2025-10-17,1432.9630656678503,1436.410292725158,1412.3781714796953,1419.37109375,16959378.0,INFY,-0.020659205897191613,False
2025-10-20,1431.781048131079,1444.8805586841174,1428.136884861602,1438.87255859375,6994246.0,INFY,0.013739511062062615,False
2025-10-21,1455.7147580634262,1463.5941342911035,1447.8353818357486,1450.19921875,1698704.0,INFY,0.00787189948727618,False
2025-10-22,1455.7147580634262,1463.5941342911035,1447.8353818357486,1450.19921875,1698704.0,INFY,0.0,False
2025-10-23,1487.232190432563,1522.6893817276436,1483.292502510887,1505.4532470703125,20358624.0,INFY,0.03810099164716063,False
2025-10-24,1516.2874003977408,1519.7346273554492,1495.111577657532,1502.4000244140625,8652257.0,INFY,-0.0020281085860299752,False
2025-10-27,1510.0,1515.300048828125,1498.0999755859375,1504.5,7273211.0,INFY,0.0013977473055197809,False
2025-10-28,1499.699951171875,1506.5,1490.5,1500.199951171875,8211019.0,INFY,-0.0028581248442173246,False
2025-10-29,1500.199951171875,1520.199951171875,1496.9000244140625,1510.4000244140625,4884976.0,INFY,0.006799142497118327,False
2025-10-30,1507.0,1508.199951171875,1489.0999755859375,1493.800048828125,5608867.0,INFY,-0.010990449760074128,False
2025-10-31,1490.0,1497.0999755859375,1480.699951171875,1482.300048828125,4819814.0,INFY,-0.007698486828288442,False
2025-11-03,1482.300048828125,1491.4000244140625,1474.199951171875,1485.5,5470600.0,INFY,0.002158774247093209,False
2025-11-04,1479.699951171875,1481.9000244140625,1462.9000244140625,1467.9000244140625,8691330.0,INFY,-0.011847846237588389,False
2025-11-05,1479.699951171875,1481.9000244140625,1462.9000244140625,1467.9000244140625,8691330.0,INFY,0.0,False
2025-11-06,1478.5999755859375,1483.0,1461.9000244140625,1466.699951171875,7944752.0,INFY,-0.0008175442620259599,False
2025-11-07,1470.0,1480.9000244140625,1449.0999755859375,1476.800048828125,8765759.0,INFY,0.006886273943201626,False
2025-11-10,1490.0999755859375,1520.0,1490.0,1513.5,9787975.0,INFY,0.024850995367312834,False
2025-11-11,1525.0,1533.4000244140625,1511.0999755859375,1530.300048828125,13692989.0,INFY,0.011100131369755628,False
2025-11-12,1540.0,1559.199951171875,1538.0999755859375,1551.699951171875,14635417.0,INFY,0.01398412184599862,False
2025-11-13,1557.0999755859375,1557.5,1530.300048828125,1541.800048828125,19655689.0,INFY,-0.006380036511745346,False
2025-11-14,1520.0,1530.0,1488.800048828125,1502.800048828125,9739549.0,INFY,-0.025295108811056677,False
2025-11-17,1496.0,1510.199951171875,1492.5,1507.5999755859375,7910354.0,INFY,0.003193988955187743,False
2025-11-18,1506.0,1506.0,1483.199951171875,1486.4000244140625,7525119.0,INFY,-0.0140620532735386,False
2025-11-19,1490.5,1543.0,1490.5,1541.0999755859375,10981126.0,INFY,0.03680028947351355,False
2025-11-20,1555.0,1555.0,1534.0,1536.5,7387584.0,INFY,-0.0029848651345208976,False
2025-11-21,1531.0,1551.5,1526.300048828125,1545.0,9186302.0,INFY,0.0055320533680442985,False
2025-11-24,1563.5999755859375,1585.0,1541.0,1548.0,19270381.0,INFY,0.001941747572815622,False
2025-11-25,1549.0,1550.5999755859375,1525.9000244140625,1530.5999755859375,8107952.0,INFY,-0.011240325848877575,False
2025-11-26,1532.0999755859375,1560.300048828125,1532.0999755859375,1557.9000244140625,7575038.0,INFY,0.01783617487493694,False
2025-11-27,1564.0,1574.300048828125,1552.199951171875,1566.4000244140625,7552252.0,INFY,0.005456062562934294,False
2025-11-28,1565.0,1568.4000244140625,1557.0,1560.0999755859375,4453221.0,INFY,-0.004021992294389598,False
2025-12-01,1562.5,1574.0,1556.0,1564.0,5341800.0,INFY,0.00249985544201925,False
2025-12-02,1567.0,1579.9000244140625,1556.0999755859375,1561.0,6335969.0,INFY,-0.0019181585677748858,False
2025-12-03,1555.0999755859375,1586.0,1554.0999755859375,1578.699951171875,12895312.0,INFY,0.011338854049887992,False
2025-12-04,1568.0,1599.0,1568.0,1597.5999755859375,12609619.0,INFY,0.01197189142878785,False
2025-12-05,1610.0,1631.800048828125,1600.0,1616.199951171875,10344725.0,INFY,0.011642448591748122,False
2025-12-08,1617.0999755859375,1630.0,1600.199951171875,1610.800048828125,7550413.0,INFY,-0.0033411103247680263,False
2025-12-09,1601.199951171875,1606.9000244140625,1582.4000244140625,1599.0,6957599.0,INFY,-0.007325582611392156,False
2025-12-10,1608.0,1608.0,1582.800048828125,1584.800048828125,5116140.0,INFY,-0.008880519807301424,False
2025-12-11,1598.0,1607.4000244140625,1580.5,1598.0,5159319.0,INFY,0.008329095636787631,False
2025-12-12,1601.4000244140625,1601.800048828125,1582.5999755859375,1598.199951171875,4633912.0,INFY,0.00012512588978408345,False
2025-12-15,1585.0,1610.800048828125,1585.0,1606.800048828125,4190558.0,INFY,0.005381114953697752,False
2025-12-16,1600.0,1603.0,1585.5999755859375,1592.9000244140625,5499258.0,INFY,-0.008650749310220696,False
2025-12-17,1587.199951171875,1606.9000244140625,1586.0,1602.0,4817628.0,INFY,0.005712835360954127,False
2025-12-18,1610.5,1630.0,1606.699951171875,1626.800048828125,6577293.0,INFY,0.015480679667993158,False
2025-12-19,1650.0,1654.9000244140625,1629.800048828125,1638.699951171875,13149023.0,INFY,0.007314913933228695,False
2025-12-22,1664.0,1693.199951171875,1664.0,1689.5999755859375,23098923.0,INFY,0.031061222878332684,False
2025-12-23,1679.0,1679.0,1656.4000244140625,1668.300048828125,6593060.0,INFY,-0.01260649092423538,False
2025-12-24,1661.0,1667.5999755859375,1652.5,1663.4000244140625,4271167.0,INFY,-0.0029371361689429776,False
2025-12-25,1661.0,1667.5999755859375,1652.5,1663.4000244140625,4271167.0,INFY,0.0,False
2025-12-26,1663.4000244140625,1668.800048828125,1651.699951171875,1656.0999755859375,2006491.0,INFY,-0.004388630949248906,False
2025-12-29,1658.0,1673.0999755859375,1637.0999755859375,1644.699951171875,4062817.0,INFY,-0.006883657135511423,False
2025-12-30,1647.0,1647.9000244140625,1616.800048828125,1621.5999755859375,9395937.0,INFY,-0.014045100183458059,False
2025-12-31,1621.0,1628.5999755859375,1609.199951171875,1615.4000244140625,6538656.0,INFY,-0.003823354258274958,False
2026-01-01,1615.4000244140625,1639.5999755859375,1614.0999755859375,1629.800048828125,3658165.0,INFY,0.008914215795734926,False
2026-01-02,1635.9000244140625,1643.5,1627.5,1640.4000244140625,2524526.0,INFY,0.006503850330326744,False
2026-01-05,1637.0,1637.0,1583.0999755859375,1606.4000244140625,5917885.0,INFY,-0.02072665172761412,False
2026-01-06,1600.0999755859375,1619.9000244140625,1599.0,1612.199951171875,4466729.0,INFY,0.0036105121200604717,False
2026-01-07,1615.0,1642.0,1615.0,1639.0,4508079.0,INFY,0.016623278526118668,False
2026-01-08,1638.9000244140625,1644.300048828125,1608.5999755859375,1613.300048828125,3942131.0,INFY,-0.015680263070088518,False
2026-01-09,1610.0,1631.300048828125,1607.0,1614.0999755859375,6816681.0,INFY,0.0004958326000135127,False
2026-01-12,1610.0999755859375,1613.300048828125,1592.5999755859375,1595.9000244140625,6985362.0,INFY,-0.011275603399515721,False
2026-01-13,1618.0,1618.0,1586.4000244140625,1599.0,8080618.0,INFY,0.0019424622711410322,False
2026-01-14,1588.0,1617.0,1583.0999755859375,1599.800048828125,7557157.0,INFY,0.0005003432320982437,False
2026-01-15,1588.0,1617.0,1583.0999755859375,1599.800048828125,7557157.0,INFY,0.0,False
2026-01-16,1663.699951171875,1694.0,1653.4000244140625,1689.800048828125,19335957.0,INFY,0.05625703041197316,False
2026-01-19,1685.0,1685.0,1666.5,1681.199951171875,5104958.0,INFY,-0.0050894173320767955,False
2026-01-20,1673.0,1680.199951171875,1652.9000244140625,1658.9000244140625,6406503.0,INFY,-0.013264291818631313,False
2026-01-21,1651.0,1657.0,1631.199951171875,1654.4000244140625,6224582.0,INFY,-0.0027126408667028645,False
2026-01-22,1666.0,1671.199951171875,1653.800048828125,1663.5,6228892.0,INFY,0.005500468720774032,False
2026-01-23,1667.199951171875,1675.699951171875,1662.199951171875,1670.800048828125,5869137.0,INFY,0.004388367194544607,False
2026-01-26,1667.199951171875,1675.699951171875,1662.199951171875,1670.800048828125,5869137.0,INFY,0.0,False
2026-01-27,1685.800048828125,1689.4000244140625,1661.0999755859375,1682.699951171875,10673087.0,INFY,0.0071222779482778,False
2026-01-28,1680.0,1688.800048828125,1650.0,1666.5,8588664.0,INFY,-0.009627355822167227,False
2026-01-29,1658.0,1666.5,1642.0999755859375,1659.5,4749582.0,INFY,-0.00420042004200416,False
2026-01-30,1655.0,1655.0,1618.0999755859375,1641.0,9207926.0,INFY,-0.01114793612533893,False
2026-02-02,1662.0,1662.0,1618.0,1629.4000244140625,6784887.0,INFY,-0.0070688455733927125,False
2026-02-03,1727.199951171875,1728.0,1653.0,1656.0,8805868.0,INFY,0.01632501238945472,False
2026-02-04,1574.0,1584.9000244140625,1510.0999755859375,1535.800048828125,28828622.0,INFY,-0.07258451157721924,False
2026-02-05,1534.0,1551.0,1515.699951171875,1520.199951171875,10628127.0,INFY,-0.010157635864221692,False
2026-02-06,1522.0999755859375,1525.0,1480.0,1507.0999755859375,13900866.0,INFY,-0.008617271416065497,False
2026-02-09,1522.0999755859375,1528.0,1493.0,1497.199951171875,8294615.0,INFY,-0.006568923478492916,False
2026-02-10,1500.0,1515.9000244140625,1491.0,1497.800048828125,8657000.0,INFY,0.0004008133020445559,False
2026-02-11,1501.199951171875,1505.9000244140625,1469.0,1471.9000244140625,7934411.0,INFY,-0.017292044044414756,False
2026-02-12,1428.9000244140625,1435.699951171875,1380.5,1386.0,26048896.0,INFY,-0.05835995854966969,False
2026-02-13,1293.9000244140625,1377.300048828125,1281.5,1369.0999755859375,45785709.0,INFY,-0.012193379808125848,False
2026-02-16,1373.699951171875,1376.0,1338.300048828125,1365.5999755859375,14621891.0,INFY,-0.0025564239737145833,False
2026-02-17,1370.0,1431.0,1367.0,1391.199951171875,25347684.0,INFY,0.01874632106298435,False
2026-02-18,1390.9000244140625,1401.0,1345.300048828125,1373.699951171875,20241373.0,INFY,-0.012579068871630517,False
2026-02-19,1385.0,1402.0,1363.199951171875,1370.5,14574228.0,INFY,-0.002329439677962508,False
2026-02-20,1359.199951171875,1365.0,1338.199951171875,1353.199951171875,12633552.0,INFY,-0.012623165872400532,False
2026-02-23,1352.0,1352.0,1318.0,1327.5,12887826.0,INFY,-0.018991983519966005,False
2026-02-24,1301.0,1303.5999755859375,1264.0999755859375,1275.5,27839061.0,INFY,-0.03917137476459509,False
2026-02-25,1286.199951171875,1323.5999755859375,1286.199951171875,1290.0999755859375,16669618.0,INFY,0.011446472431154486,False
2026-02-26,1305.5,1314.0,1286.300048828125,1289.0999755859375,11493914.0,INFY,-0.0007751337252338564,False
2026-02-27,1326.300048828125,1335.0,1294.199951171875,1300.0999755859375,23141724.0,INFY,0.008533085259737172,False
2026-03-02,1291.0,1298.800048828125,1273.0,1288.9000244140625,9700361.0,INFY,-0.008614684549030471,False
2026-03-03,1291.0,1298.800048828125,1273.0,1288.9000244140625,9700361.0,INFY,0.0,False
2026-03-04,1292.0,1317.0,1292.0,1307.4000244140625,15154950.0,INFY,0.01435332426842817,False
2026-03-05,1320.0,1320.0,1290.0999755859375,1305.800048828125,10362147.0,INFY,-0.0012237842711182445,False
2026-03-06,1303.0,1327.199951171875,1303.0,1308.4000244140625,8724291.0,INFY,0.0019910977858139667,False
2026-03-09,1290.0,1318.0,1282.5,1315.0,10068514.0,INFY,0.005044310197787727,False
2026-03-10,1320.0,1321.0,1284.0999755859375,1295.5999755859375,9600171.0,INFY,-0.014752870276853569,False
2026-03-11,1288.0,1299.5,1271.300048828125,1276.300048828125,7868891.0,INFY,-0.014896516765588896,False
2026-03-12,1272.5,1278.5999755859375,1258.0,1265.800048828125,7599940.0,INFY,-0.00822690558512551,False
2026-03-13,1251.0,1269.5999755859375,1242.5999755859375,1248.300048828125,7366098.0,INFY,-0.013825248321171602,False
2026-03-16,1240.199951171875,1254.300048828125,1224.199951171875,1249.800048828125,12314450.0,INFY,0.0012016341755398674,False
2026-03-17,1245.0,1245.0,1215.0999755859375,1232.9000244140625,11223276.0,INFY,-0.01352218255224813,False
2026-03-18,1238.0,1290.800048828125,1234.9000244140625,1267.0999755859375,12365381.0,INFY,0.02773943587853256,False
2026-03-19,1244.199951171875,1255.0,1215.0999755859375,1220.800048828125,9156461.0,INFY,-0.03654007390885028,False
2026-03-20,1242.0,1264.800048828125,1229.199951171875,1255.9000244140625,27299975.0,INFY,0.02875161712160046,False
2026-03-23,1238.199951171875,1261.0999755859375,1227.4000244140625,1256.800048828125,12420293.0,INFY,0.0007166369906572712,False
2026-03-24,1269.0,1297.0,1251.0,1278.300048828125,13613495.0,INFY,0.017106937591263804,False
2026-03-25,1270.0,1290.5999755859375,1257.0999755859375,1279.0999755859375,10824030.0,INFY,0.0006257738615795816,False
2026-03-26,1270.0,1290.5999755859375,1257.0999755859375,1279.0999755859375,10824030.0,INFY,0.0,False
2026-03-27,1285.199951171875,1294.800048828125,1263.199951171875,1269.699951171875,13092541.0,INFY,-0.007348936434586784,False
2026-03-30,1250.0,1265.5,1243.0,1250.5999755859375,14108486.0,INFY,-0.015042904875525176,False
2026-03-31,1250.0,1265.5,1243.0,1250.5999755859375,14108486.0,INFY,0.0,False
2026-04-01,1290.0,1303.0,1269.5,1275.699951171875,8137156.0,INFY,0.02007034709414368,False
2026-04-02,1260.0,1305.4000244140625,1259.800048828125,1300.800048828125,12873492.0,INFY,0.019675549593925146,False
2026-04-03,1260.0,1305.4000244140625,1259.800048828125,1300.800048828125,12873492.0,INFY,0.0,False
2026-04-06,1301.4000244140625,1320.0,1299.0,1306.199951171875,10208682.0,INFY,0.004151216283098114,False
2026-04-07,1302.0,1345.0999755859375,1293.5,1339.4000244140625,15355792.0,INFY,0.02541729787418956,False
2026-04-08,1349.0,1376.9000244140625,1331.0,1346.199951171875,16030133.0,INFY,0.005076845329151869,False
2026-04-09,1329.9000244140625,1337.5,1314.0,1331.5999755859375,14894607.0,INFY,-0.010845324703234516,False
2026-04-10,1318.0,1318.9000244140625,1283.300048828125,1292.5,19233369.0,INFY,-0.02936315432773462,False
2026-04-13,1272.0,1289.0,1265.699951171875,1276.800048828125,10366082.0,INFY,-0.012146964156189544,False
2026-04-14,1272.0,1289.0,1265.699951171875,1276.800048828125,10366082.0,INFY,0.0,False
2026-04-15,1306.300048828125,1322.5,1300.5,1305.300048828125,12098912.0,INFY,0.022321427717799658,False
2026-04-16,1322.0999755859375,1331.0,1309.0,1319.199951171875,18527029.0,INFY,0.0106488177612718,False
2026-04-17,1313.0,1328.300048828125,1306.0999755859375,1318.699951171875,12064048.0,INFY,-0.0003790176004447865,False
2026-04-20,1320.0,1324.9000244140625,1308.0999755859375,1312.5999755859375,7172300.0,INFY,-0.004625749459167494,False
2026-04-21,1310.0,1325.0,1299.300048828125,1313.199951171875,10057440.0,INFY,0.00045708943859290585,False
2026-04-22,1295.0,1297.699951171875,1255.9000244140625,1268.5999755859375,20088378.0,INFY,-0.033962821538439214,False
2026-04-23,1254.0,1265.699951171875,1226.0,1240.5999755859375,14792854.0,INFY,-0.02207157538929283,False
2026-04-24,1200.0,1223.9000244140625,1152.199951171875,1154.5999755859375,42078914.0,INFY,-0.06932129751121596,False
2026-04-27,1154.5999755859375,1179.9000244140625,1154.5,1170.300048828125,19579883.0,INFY,0.013597846504560973,False
2026-04-28,1162.699951171875,1169.4000244140625,1149.800048828125,1152.0999755859375,12720276.0,INFY,-0.015551629909280162,False
2026-04-29,1158.5,1178.199951171875,1156.800048828125,1167.5,8303109.0,INFY,0.013366916708968946,False
2026-04-30,1167.5,1189.800048828125,1159.5999755859375,1181.800048828125,12205669.0,INFY,0.012248435827087789,False
