Date,Open,High,Low,Close,Volume,Symbol,Daily_Return,Is_Outlier
2018-01-01,201.3167298045579,201.3863727650468,198.32240127035504,198.9491271972656,6587075.0,KOTAKBANK,,False
2018-01-02,199.15802127034843,200.15281659655332,197.4668722516745,199.59573364257807,5361035.0,KOTAKBANK,0.003250109484880248,False
2018-01-03,199.4763710717497,200.33189569381844,198.58104613458605,198.97897338867188,4420105.0,KOTAKBANK,-0.003090047280322361,False
2018-01-04,199.15800582639503,199.5360328784374,198.18311073253784,199.03863525390625,3919750.0,KOTAKBANK,0.00029984004952043897,False
2018-01-05,199.45647461048105,200.29209909048788,198.28262334276272,199.5659027099609,10737010.0,KOTAKBANK,0.002649070897125183,False
2018-01-08,200.7198546917978,201.5654216008042,199.6952167330553,200.17271423339844,8902060.0,KOTAKBANK,0.0030406573227061973,False
2018-01-09,200.9486533240096,203.06757219913203,198.16322341037665,200.8989105224609,6210530.0,KOTAKBANK,0.003627848539915046,False
2018-01-10,200.4711766634297,200.83924611028232,198.9789835380833,199.40673828125,3384405.0,KOTAKBANK,-0.0074274780153378295,False
2018-01-11,199.69523068484196,203.13721421020824,199.1679903461045,202.470703125,10388690.0,KOTAKBANK,0.01536540274495879,False
2018-01-12,203.4356382079724,204.1120917237392,202.16230144234063,203.6047515869141,11603980.0,KOTAKBANK,0.005601049655139301,False
2018-01-15,203.93304016844849,207.19596759679388,203.00788780890477,206.58914184570312,17556860.0,KOTAKBANK,0.014657763316074046,False
2018-01-16,207.6237387499383,207.71326668604857,204.4304390809904,205.57444763183597,5790935.0,KOTAKBANK,-0.0049116531720966305,False
2018-01-17,204.53988941530395,205.7535410568992,203.29639512509357,204.3508758544922,8017325.0,KOTAKBANK,-0.005951964319685699,False
2018-01-18,205.5247185223153,209.06618742141845,205.2063767348413,208.21066284179688,18241070.0,KOTAKBANK,0.01888803740705791,False
2018-01-19,209.44420649350215,211.67255354402775,207.52425875241948,211.00604248046875,21521570.0,KOTAKBANK,0.013425727580512303,False
2018-01-22,211.09557586474827,214.51767438872665,207.71327765628007,213.7019500732422,15949650.0,KOTAKBANK,0.01277644735232153,False
2018-01-23,214.26896164901189,215.6218838805352,212.9359395739531,213.97052001953125,12292315.0,KOTAKBANK,0.0012567500960896094,False
2018-01-24,213.134929205422,215.67166068691563,213.07524390598965,214.89572143554688,5840000.0,KOTAKBANK,0.004323966759211428,False
2018-01-25,214.0799466206685,218.4570550707115,208.9269142263724,217.3329315185547,20306595.0,KOTAKBANK,0.01134136159960164,False
2018-01-26,214.0799466206685,218.4570550707115,208.9269142263724,217.3329315185547,20306595.0,KOTAKBANK,0.0,False
2018-01-29,217.2633032463133,222.73467779415827,217.0643472077208,221.85926818847656,11075070.0,KOTAKBANK,0.020826740974298374,False
2018-01-30,221.4513781390375,222.43623093192767,215.6616623167754,216.47740173339844,13464675.0,KOTAKBANK,-0.024258019504986628,False
2018-01-31,215.67163162872288,221.4812327411267,215.5025182433251,220.6356506347656,15715055.0,KOTAKBANK,0.01920869738859965,False
2018-02-01,219.8696785755748,225.0227113446985,219.8696785755748,223.02317810058597,19281415.0,KOTAKBANK,0.010821131847693177,False
2018-02-02,221.8393436198605,221.8393436198605,214.4679070789497,216.05958557128903,11409100.0,KOTAKBANK,-0.031223627017620048,False
2018-02-05,213.88099997392828,215.0847090247984,209.06619412919247,211.34426879882807,11852655.0,KOTAKBANK,-0.02182414985196357,False
2018-02-06,206.05198355915232,208.78767100872415,202.580142022212,205.68389892578125,16672600.0,KOTAKBANK,-0.026782698699224006,False
2018-02-07,206.3205298838449,208.9070036194532,205.12677861332224,206.18125915527344,17681475.0,KOTAKBANK,0.002418080521079835,False
2018-02-08,206.18128918288775,210.1007854884137,205.04722303382368,209.25521850585935,9196485.0,KOTAKBANK,0.01490901434582348,False
2018-02-09,206.9174231867065,208.01170409261567,204.52992052937785,205.32574462890625,9492815.0,KOTAKBANK,-0.01877837936377713,False
2018-02-12,206.42004069595703,208.11118980072408,205.4550879660647,207.50436401367188,3864305.0,KOTAKBANK,0.0106105514858994,False
2018-02-13,206.42004069595703,208.11118980072408,205.4550879660647,207.50436401367188,3864305.0,KOTAKBANK,0.0,False
2018-02-14,208.90702751053692,209.37458254836272,206.2807683432937,207.40489196777344,5936665.0,KOTAKBANK,-0.0004793732718405552,False
2018-02-15,207.61376803821045,208.40960728328096,205.5247070966928,207.3451690673828,4543530.0,KOTAKBANK,-0.00028795319061181157,False
2018-02-16,207.5143153133056,211.2945254858092,207.086545421116,208.94680786132807,8278030.0,KOTAKBANK,0.007724504994012005,False
2018-02-19,210.69764690236357,210.69764690236357,208.2206011487078,210.14056396484372,5940840.0,KOTAKBANK,0.005713205747119643,False
2018-02-20,210.1405874025048,211.97100730975717,207.2556716123396,208.0714111328125,4176755.0,KOTAKBANK,-0.009846517935382493,False
2018-02-21,208.449438369294,211.05581285098197,207.4248002384132,209.9117889404297,17860140.0,KOTAKBANK,0.00884493356198024,False
2018-02-22,209.4044095197202,214.3783859928727,209.0363401181058,213.3835906982422,25711650.0,KOTAKBANK,0.016539336715374997,False
2018-02-23,213.38361536246737,215.53237709028588,213.3736728729456,215.044921875,11364270.0,KOTAKBANK,0.007785655735389696,False
2018-02-26,215.07474494178203,220.76497538107256,215.07474494178203,219.87960815429688,9089990.0,KOTAKBANK,0.02248221551638019,False
2018-02-27,219.8497740427485,219.8497740427485,216.48736087646017,217.4722137451172,5170600.0,KOTAKBANK,-0.010948693375378071,False
2018-02-28,216.8653948980335,217.89997542412752,215.78107156659289,216.97482299804688,4434510.0,KOTAKBANK,-0.0022871461990692232,False
2018-03-01,216.4873272073168,219.6010410499306,216.06951504360467,217.9994201660156,7402970.0,KOTAKBANK,0.00472219381867145,False
2018-03-02,216.4873272073168,219.6010410499306,216.06951504360467,217.9994201660156,7402970.0,KOTAKBANK,0.0,False
2018-03-05,216.8653897372159,219.62097715061492,215.034969907254,218.85498046875,12045605.0,KOTAKBANK,0.003924598983258143,False
2018-03-06,219.8497722952301,220.03878584038264,213.94068548900265,215.36325073242188,12020755.0,KOTAKBANK,-0.015954536327432156,False
2018-03-07,215.3134893375488,218.3774605717477,213.54275498223595,215.89047241210935,14829560.0,KOTAKBANK,0.002448057771669232,False
2018-03-08,216.6067413533843,217.4821509247802,213.7417259358687,215.3334045410156,8758330.0,KOTAKBANK,-0.0025803263333935567,False
2018-03-09,215.87059089622144,217.2434133362786,214.20928448366,215.36325073242188,8224955.0,KOTAKBANK,0.00013860455821945727,False
2018-03-12,216.3680060646964,219.8497900703352,215.57216668467564,218.974365234375,6277370.0,KOTAKBANK,0.016767551983322138,False
2018-03-13,218.84503313071977,220.54612466804167,214.66688054357533,215.6517333984375,6900820.0,KOTAKBANK,-0.01517361099497283,False
2018-03-14,214.8757993143807,215.88053717067476,212.8862085799883,215.22398376464844,6045500.0,KOTAKBANK,-0.0019835204987606048,False
2018-03-15,215.8705802008063,217.2533450612772,214.6071859189923,215.9999084472656,6840855.0,KOTAKBANK,0.003605196173051217,False
2018-03-16,215.2040744956543,215.27370227513632,210.18035506813587,211.0458221435547,13624550.0,KOTAKBANK,-0.022935594460774533,False
2018-03-19,211.83171017300023,212.01076603799604,207.9619571259752,208.7080535888672,9400115.0,KOTAKBANK,-0.011077066254821855,False
2018-03-20,208.48920638943943,209.19550257094176,206.6388864746192,207.97190856933597,4935780.0,KOTAKBANK,-0.0035271519563943032,False
2018-03-21,209.86202373955905,211.28457373634228,208.02164635778868,209.12586975097656,8705805.0,KOTAKBANK,0.005548639667630306,False
2018-03-22,209.1258853905705,210.7971343380176,208.5290020925549,209.51385498046875,8826575.0,KOTAKBANK,0.0018552713251316355,False
2018-03-23,207.0964926534197,208.2703590822331,204.60950423066635,206.67868041992188,9807460.0,KOTAKBANK,-0.013532157865221772,False
2018-03-26,206.91741417876045,207.09647003954785,204.69902499812557,206.7880859375,39086245.0,KOTAKBANK,0.0005293507649450913,False
2018-03-27,207.51430206798244,210.49868791644215,207.51430206798244,208.87716674804688,10743090.0,KOTAKBANK,0.010102520177000418,False
2018-03-28,207.72321805031976,210.2997344065072,207.03680681873465,208.4693145751953,29636940.0,KOTAKBANK,-0.0019525933791677552,False
2018-03-29,207.72321805031976,210.2997344065072,207.03680681873465,208.4693145751953,29636940.0,KOTAKBANK,0.0,False
2018-03-30,207.72321805031976,210.2997344065072,207.03680681873465,208.4693145751953,29636940.0,KOTAKBANK,0.0,False
2018-04-02,208.71800810168097,218.9445029945344,208.71800810168097,218.16856384277344,13330135.0,KOTAKBANK,0.046526028482141824,False
2018-04-03,217.7607164670983,219.8696931288731,216.3680089182248,219.51156616210935,6725650.0,KOTAKBANK,0.006155801256058968,False
2018-04-04,220.62572546724772,221.20270862827715,213.8810137818716,214.5375823974609,6525390.0,KOTAKBANK,-0.022659324297176875,False
2018-04-05,217.24342270329177,223.0331239952137,215.77111459302805,222.49594116210935,9938470.0,KOTAKBANK,0.037095406202091175,False
2018-04-06,222.0383345904701,223.43105728535625,219.25290438007136,222.6750030517578,6466925.0,KOTAKBANK,0.0008047872186487393,False
2018-04-09,222.8142614646232,226.31594539748104,221.83936625775067,222.4859771728516,9255470.0,KOTAKBANK,-0.0008488868364909807,False
2018-04-10,222.83414929800185,225.79863506968863,220.9241441255436,221.5707550048828,5992515.0,KOTAKBANK,-0.00411361731466664,False
2018-04-11,220.8445636041907,224.6247888999567,220.8445636041907,224.0478057861328,4416230.0,KOTAKBANK,0.011179502372483219,False
2018-04-12,223.5504059642901,226.28609309966893,221.5409151637149,225.73895263671875,6722045.0,KOTAKBANK,0.007548151809173342,False
2018-04-13,226.59447134070805,230.20558312309973,226.2363444269223,229.0217742919922,14760390.0,KOTAKBANK,0.014542557307583914,False
2018-04-16,228.30552942667447,233.7769037702332,227.8081317590783,233.19992065429688,8126910.0,KOTAKBANK,0.01824344595714189,False
2018-04-17,233.9758508098553,234.27429243481856,230.91187947368425,231.7574615478516,4562910.0,KOTAKBANK,-0.006185504276322806,False
2018-04-18,232.28470815936976,232.28470815936976,229.0317231995904,229.58880615234372,4448050.0,KOTAKBANK,-0.009357435057425811,False
2018-04-19,230.7924935590825,231.906659360245,229.0217592625047,229.57884216308597,3303645.0,KOTAKBANK,-4.3399281631995024e-05,False
2018-04-20,228.97205259564203,231.58836932303817,227.81808630270805,229.36997985839844,6090280.0,KOTAKBANK,-0.0009097628628127463,False
2018-04-23,230.53388436813688,234.2046665305308,229.44954587917323,232.58316040039065,6770770.0,KOTAKBANK,0.014008723129224965,False
2018-04-24,233.2695615613992,233.2695615613992,229.52912141918813,231.98626708984372,4961760.0,KOTAKBANK,-0.0025663651208427396,False
2018-04-25,231.588373404832,232.88161046768107,228.9322714940324,232.3543701171875,6258845.0,KOTAKBANK,0.0015867449050388505,False
2018-04-26,232.5831640348884,237.30844211335423,231.00144301588296,235.90577697753903,15984510.0,KOTAKBANK,0.015284441857325026,False
2018-04-27,236.76127205737384,240.1435698721593,234.4632974337516,236.5125732421875,9081330.0,KOTAKBANK,0.002572197563039058,False
2018-04-30,238.54195958316453,242.4912981596248,237.4377361870872,240.95932006835935,17153405.0,KOTAKBANK,0.018801312611902432,False
2018-05-01,238.54195958316453,242.4912981596248,237.4377361870872,240.95932006835935,17153405.0,KOTAKBANK,0.0,False
2018-05-02,245.1175573975793,256.3388472381566,243.3667231230865,250.0616912841797,44457135.0,KOTAKBANK,0.037775551546369135,False
2018-05-03,249.6936296737578,251.32509341982976,243.893971035508,245.42596435546875,14888205.0,KOTAKBANK,-0.01853833310054165,False
2018-05-04,246.7490315070784,246.75898917535943,241.55621375410817,245.40606689453125,9572795.0,KOTAKBANK,-8.107317002814529e-05,False
2018-05-07,245.7144560316032,248.44020080600163,244.6002900762276,247.7139892578125,11527340.0,KOTAKBANK,0.009404504104102429,False
2018-05-08,248.20145521557305,248.20145521557305,243.88404677190684,247.07733154296875,13371440.0,KOTAKBANK,-0.00257013225918834,False
2018-05-09,247.04748016777324,249.7533248063215,245.29664576963083,248.9276428222656,8356080.0,KOTAKBANK,0.007488794167161528,False
2018-05-10,249.5941539890952,250.6884349754196,247.2862366079922,248.20144653320312,4922335.0,KOTAKBANK,-0.0029172987010566143,False
2018-05-11,248.69883999854312,253.1555189610927,248.3108704153203,252.14083862304688,7081180.0,KOTAKBANK,0.015871753145954237,False
2018-05-14,252.2801145200254,256.2891386883512,249.9423393045324,252.99636840820312,8371965.0,KOTAKBANK,0.0033930631381586807,False
2018-05-15,253.47386085511727,259.5321761360213,250.53921757793543,255.43359375,19896975.0,KOTAKBANK,0.009633440025765383,False
2018-05-16,253.07594676008736,257.2640269444733,251.68323925493195,254.9461669921875,6905970.0,KOTAKBANK,-0.0019082327843281677,False
2018-05-17,255.66240658614825,257.85096851365216,251.6832251606829,252.8172912597656,11007855.0,KOTAKBANK,-0.00835029511342733,False
2018-05-18,252.2801050935549,258.0598636085332,252.08113388142792,257.5326232910156,16842745.0,KOTAKBANK,0.01865114529055334,False
2018-05-21,258.6368334292377,258.6368334292377,252.5884910568045,254.0010986328125,9994395.0,KOTAKBANK,-0.013712921543972523,False
2018-05-22,254.0309312598014,255.51318173797333,250.41981942296545,251.22560119628903,6788225.0,KOTAKBANK,-0.01092710799859875,False
2018-05-23,250.68841221811624,251.673265016404,247.1071431146803,249.7632598876953,7563955.0,KOTAKBANK,-0.005820829173580733,False
2018-05-24,248.79831027586243,254.5780685325924,247.93282804402332,253.7623291015625,7862165.0,KOTAKBANK,0.016011439054988807,False
2018-05-25,254.25975195139796,260.00966813340904,253.17542861139668,257.8211364746094,5328215.0,KOTAKBANK,0.015994522856946247,False
2018-05-28,258.6467830498099,260.5766883981888,256.61739209774004,258.0797424316406,7639045.0,KOTAKBANK,0.0010030440504893434,False
2018-05-29,258.06981484804606,258.82583864605755,254.3592173813976,255.51318359375,5472950.0,KOTAKBANK,-0.009944828732810884,False
2018-05-30,254.0408479827736,260.318003330718,252.7376686860524,259.2933654785156,10222160.0,KOTAKBANK,0.014794469043037273,False
2018-05-31,260.01961741268605,278.5427022552617,258.9352941076704,265.5307922363281,33424490.0,KOTAKBANK,0.02405548150567438,False
2018-06-01,262.0290866497047,265.41138473609146,260.0693386143175,262.2280578613281,11663440.0,KOTAKBANK,-0.012438234930058467,False
2018-06-04,265.41140863174047,265.41140863174047,257.254104319414,259.4327087402344,7310235.0,KOTAKBANK,-0.01065999246568794,False
2018-06-05,259.4326959442678,261.16363019262815,258.0897161079987,259.5819091796875,10427190.0,KOTAKBANK,0.000575102654471138,False
2018-06-06,260.0394823314796,262.8149696867287,258.64677499938534,261.7704467773437,5151345.0,KOTAKBANK,0.008431009713166349,False
2018-06-07,263.42180865291147,265.5506853720293,259.94002476776257,260.7259216308594,10246015.0,KOTAKBANK,-0.003990233272485377,False
2018-06-08,260.2384653479081,263.610805742348,258.8954855757662,262.2976989746094,9240235.0,KOTAKBANK,0.006028465961184226,False
2018-06-11,263.4217783539797,264.58570219098823,262.4269830726448,263.29248046875,6556110.0,KOTAKBANK,0.003792566606682035,False
2018-06-12,264.4166025470901,265.1428141110172,262.6458679670485,264.4762878417969,4888760.0,KOTAKBANK,0.004496168561059166,False
2018-06-13,264.89410011418295,264.93390042795994,261.1636176146261,263.7500915527344,7476990.0,KOTAKBANK,-0.0027457897832295908,False
2018-06-14,263.61085915854096,266.21721860337175,262.52653566822016,265.1428527832031,7921145.0,KOTAKBANK,0.0052806094673536474,False
2018-06-15,265.1328554730932,267.5004733502934,263.0935370743261,266.60516357421875,8291175.0,KOTAKBANK,0.005515180875764747,False
2018-06-18,266.6051482897233,266.8041194991088,260.98456075014025,261.6908569335937,9018440.0,KOTAKBANK,-0.018432901203944585,False
2018-06-19,261.6908255782541,263.0536901588908,258.68655497246186,259.2933654785156,8084725.0,KOTAKBANK,-0.009161540770552978,False
2018-06-20,260.4373815642289,264.2971919509857,258.4577487523708,263.5411682128906,5626690.0,KOTAKBANK,0.016382226851565873,False
2018-06-21,265.0134992132297,265.0134992132297,260.8552615590468,261.4223022460937,4577330.0,KOTAKBANK,-0.008039980930361845,False
2018-06-22,262.2777541333898,263.4217625666138,260.327963999276,262.90447998046875,6336050.0,KOTAKBANK,0.005669668278645235,False
2018-06-25,262.8249439471683,265.6103587872067,261.6311773821549,264.2176513671875,5256485.0,KOTAKBANK,0.004994861201362166,False
2018-06-26,263.023887871148,267.02298465948337,262.6558184442852,264.5857238769531,8185110.0,KOTAKBANK,0.0013930655573579642,False
2018-06-27,265.0134258802399,266.56530390891726,262.6458085301774,263.4615478515625,6542350.0,KOTAKBANK,-0.004248815880608214,False
2018-06-28,262.42701992126564,268.5748786958097,261.0542277416072,266.4261169433594,21541805.0,KOTAKBANK,0.011252378633511917,False
2018-06-29,265.8092975363147,270.58430249568323,265.67001163195204,267.1920471191406,11526965.0,KOTAKBANK,0.002874831433826941,False
2018-07-02,268.36597358408284,269.47021238582965,265.0135175755244,266.19732666015625,6508435.0,KOTAKBANK,-0.0037228670153525156,False
2018-07-03,266.0082360535373,269.98741693798434,264.13801618044863,269.221435546875,7436185.0,KOTAKBANK,0.011360402918619616,False
2018-07-04,269.6093816743446,272.5539972973276,267.8684900904906,271.6288146972656,6738890.0,KOTAKBANK,0.008942003988279934,False
2018-07-05,273.17078002435824,274.0760473392822,271.28067513285106,271.5791015625,9070555.0,KOTAKBANK,-0.00018301863453273892,False
2018-07-06,270.22623933043025,273.92684910556164,270.22623933043025,272.81268310546875,5210920.0,KOTAKBANK,0.004542255040507426,False
2018-07-09,273.54882545966643,276.1054263354664,272.0765174707138,275.57818603515625,9378320.0,KOTAKBANK,0.010137002789633476,False
2018-07-10,275.7871236401317,276.2745636429988,271.81786958090987,273.0016784667969,7380115.0,KOTAKBANK,-0.009349461237946777,False
2018-07-11,273.0813232196362,276.6644206714072,272.1158779392179,276.087158203125,7236090.0,KOTAKBANK,0.011302054088665248,False
2018-07-12,277.669678094832,278.7844127403635,275.1415996402751,276.6544494628906,7998395.0,KOTAKBANK,0.0020547542430360277,False
2018-07-13,275.7486558531245,281.0536373111886,275.7486558531245,279.5507202148437,7195995.0,KOTAKBANK,0.010468910793142827,False
2018-07-16,280.6356337250669,282.06887251764954,278.3265537807842,280.3669128417969,7525645.0,KOTAKBANK,0.0029196584660053926,False
2018-07-17,280.36695456793484,281.82008870264946,277.3312920255203,278.8043212890625,7246275.0,KOTAKBANK,-0.005573380742028178,False
2018-07-18,279.48111704109687,280.26741504752545,277.13221614747715,278.396240234375,6865075.0,KOTAKBANK,-0.0014636826746469156,False
2018-07-19,280.2773952207247,280.2773952207247,265.5170313324785,268.2143249511719,30066400.0,KOTAKBANK,-0.03657346548441609,False
2018-07-20,266.7412035937635,272.0262600857756,264.94967034618674,265.4075012207031,16529215.0,KOTAKBANK,-0.010464853922249384,False
2018-07-23,264.7506107566901,268.9308957078069,263.2178355580488,266.15399169921875,9788330.0,KOTAKBANK,0.002812620122197851,False
2018-07-24,267.13935100603203,268.52283692077344,259.8039718804929,261.2173156738281,15629820.0,KOTAKBANK,-0.018548194576655352,False
2018-07-25,260.5703313059157,262.2623586728556,257.5844220990141,261.74481201171875,15585390.0,KOTAKBANK,0.002019377377529219,False
2018-07-26,261.0978298716858,263.2576508062924,257.6540899008967,261.0182189941406,18322485.0,KOTAKBANK,-0.0027759595767865575,False
2018-07-27,261.37655576924635,264.1534601701289,259.9035264896865,260.9884033203125,9429105.0,KOTAKBANK,-0.00011422832453233944,False
2018-07-30,260.3513925272076,260.3513925272076,255.8924537191673,259.8238830566406,8601690.0,KOTAKBANK,-0.004461961714991025,False
2018-07-31,259.535244194988,261.48602975206404,256.22086788643173,260.1423645019531,9138695.0,KOTAKBANK,0.0012257589316493345,False
2018-08-01,259.74425160649406,263.9742897877562,259.74425160649406,261.306884765625,8422445.0,KOTAKBANK,0.0044764729724102725,False
2018-08-02,260.6997371445445,260.9684884246161,254.1406932736192,254.83741760253903,10325285.0,KOTAKBANK,-0.024758119821024382,False
2018-08-03,258.1816334590611,261.56565812598336,256.65882084023406,260.6698913574219,13728745.0,KOTAKBANK,0.022887038370399626,False
2018-08-06,261.5557301915145,261.56566256879216,254.59855552216368,255.35498046875,9478805.0,KOTAKBANK,-0.020389431479772457,False
2018-08-07,256.19103766820365,258.5598641446656,253.6331163408773,255.5341339111328,8756960.0,KOTAKBANK,0.0007015858553216514,False
2018-08-08,256.39011333881626,258.7191192086496,255.3052364832685,256.4498291015625,7585360.0,KOTAKBANK,0.0035834554719336165,False
2018-08-09,257.1862934498393,257.1862934498393,252.8268765637746,254.25015258789065,7113895.0,KOTAKBANK,-0.00857741462093431,False
2018-08-10,253.41413053485397,256.7683124101703,253.2051101952225,255.89244079589844,7697420.0,KOTAKBANK,0.006459340107731304,False
2018-08-13,253.8022766021462,257.0370115000167,253.8022766021462,256.2208557128906,9906555.0,KOTAKBANK,0.0012834099982426128,False
2018-08-14,256.7881880689962,258.5399311647271,255.7928850144652,257.3853759765625,8026645.0,KOTAKBANK,0.004544986240217597,False
2018-08-15,256.7881880689962,258.5399311647271,255.7928850144652,257.3853759765625,8026645.0,KOTAKBANK,0.0,False
2018-08-16,252.80698458995863,253.20509975068543,247.3825857926768,247.91009521484372,28747470.0,KOTAKBANK,-0.03681359411259477,False
2018-08-17,249.2238708112119,253.59325047341488,247.8304526542684,251.4633026123047,16269850.0,KOTAKBANK,0.01433264504368692,False
2018-08-20,251.46333269546983,254.8473573026682,251.1050229569448,253.7525329589844,5273715.0,KOTAKBANK,0.009103635890001627,False
2018-08-21,252.6576973097278,253.32454856242555,250.86614869726824,251.49317932128903,5717355.0,KOTAKBANK,-0.00890376782193758,False
2018-08-22,252.6576973097278,253.32454856242555,250.86614869726824,251.49317932128903,5717355.0,KOTAKBANK,0.0,False
2018-08-23,251.6126330885808,251.6126330885808,246.43705987495264,248.3679351806641,15759965.0,KOTAKBANK,-0.012426755067708517,False
2018-08-24,248.60679255273027,251.60264924102745,247.30294799798008,249.72152709960935,11071805.0,KOTAKBANK,0.005449946338526468,False
2018-08-27,250.8263277404792,255.7829329058669,250.47798076917215,253.78237915039065,12497515.0,KOTAKBANK,0.01626152177565987,False
2018-08-28,254.6781146127388,257.7834548459867,253.8321010605981,255.812744140625,8043980.0,KOTAKBANK,0.008000417511379476,False
2018-08-29,255.2255415890481,257.7834775947668,253.8022655855812,256.5094909667969,7367820.0,KOTAKBANK,0.0027236595600916846,False
2018-08-30,255.1957065880844,255.1957065880844,251.49317787270095,254.409423828125,11864215.0,KOTAKBANK,-0.008187093314779958,False
2018-08-31,253.91176300020504,257.58441851643283,253.91176300020504,256.24078369140625,7848165.0,KOTAKBANK,0.007198474945324662,False
2018-09-03,257.1863129320647,257.7835008621919,251.8116823093998,252.6278381347656,10383735.0,KOTAKBANK,-0.01409980684804557,False
2018-09-04,252.8069857249153,253.8620045739856,249.04474124681332,250.3386383056641,10007445.0,KOTAKBANK,-0.009061550168039334,False
2018-09-05,250.2192163018327,252.01076508419743,244.36684386226983,246.4669342041016,11312730.0,KOTAKBANK,-0.015465867066174366,False
2018-09-06,247.2332996912532,251.73207424180643,246.466927190232,250.99554443359372,14738165.0,KOTAKBANK,0.018374108657277066,False
2018-09-07,250.21919506912903,250.81638300828251,246.4569505389744,247.82052612304688,7261450.0,KOTAKBANK,-0.012649699888943156,False
2018-09-10,247.0342317932646,247.13376818029275,241.8586585973302,243.52081298828125,12189100.0,KOTAKBANK,-0.017350108976165846,False
2018-09-11,244.2473723895416,244.37676665121447,239.6192190925093,240.146728515625,11436865.0,KOTAKBANK,-0.01385542546139007,False
2018-09-12,240.06709527951455,245.5910303055745,238.87273464371987,244.92417907714844,10526440.0,KOTAKBANK,0.019893881507582645,False
2018-09-13,240.06709527951455,245.5910303055745,238.87273464371987,244.92417907714844,10526440.0,KOTAKBANK,0.0,False
2018-09-14,246.8351791065813,247.76080373841307,244.5559415947448,246.74560546875,9606245.0,KOTAKBANK,0.0074366948925357335,False
2018-09-17,244.376759356166,246.6161912434509,243.1823987203713,244.92417907714844,9308395.0,KOTAKBANK,-0.007381798707787879,False
2018-09-18,244.4364964869245,245.61096209893708,240.9628982199556,241.9183807373047,11353325.0,KOTAKBANK,-0.012272362619196397,False
2018-09-19,242.25678210246943,245.64082194523863,242.25678210246943,244.2274932861328,10385120.0,KOTAKBANK,0.009545006633189912,False
2018-09-20,242.25678210246943,245.64082194523863,242.25678210246943,244.2274932861328,10385120.0,KOTAKBANK,0.0,False
2018-09-21,244.24738887342176,248.02954391085996,227.5263079704252,234.9313507080078,22665640.0,KOTAKBANK,-0.03806345654636756,False
2018-09-24,234.89152624483097,235.4787514155343,227.7850628803323,228.6609344482422,17288950.0,KOTAKBANK,-0.02669041931129501,False
2018-09-25,228.123494395428,237.1011336689579,222.97777858381696,235.55841064453125,18880355.0,KOTAKBANK,0.03016464623890669,False
2018-09-26,236.10583380671957,236.61343298745356,231.1691230958255,232.78152465820312,12230885.0,KOTAKBANK,-0.01178852403839048,False
2018-09-27,233.2990388167368,234.3241997870843,226.7200847675567,227.41680908203125,19836580.0,KOTAKBANK,-0.023046139868913462,False
2018-09-28,228.32251832170425,231.50750029733263,225.60534519134887,227.2476043701172,17108015.0,KOTAKBANK,-0.0007440290477958023,False
2018-10-01,216.9760893952909,225.0977668450879,199.49856829412332,223.3460235595703,52675400.0,KOTAKBANK,-0.017168853424709307,False
2018-10-02,216.9760893952909,225.0977668450879,199.49856829412332,223.3460235595703,52675400.0,KOTAKBANK,0.0,False
2018-10-03,222.3308080939498,226.6404722765238,216.19973744249663,218.61831665039065,14809870.0,KOTAKBANK,-0.021167634121404877,False
2018-10-04,215.98076753486268,217.88180005530867,210.3274533518782,213.890625,17195555.0,KOTAKBANK,-0.021625322721476548,False
2018-10-05,213.13421777040816,216.76706822436947,207.11263062358705,209.45159912109372,18835195.0,KOTAKBANK,-0.02075371877054588,False
2018-10-08,209.02361670633877,222.3109203194899,207.84916623621717,219.8226623535156,20339050.0,KOTAKBANK,0.0495153213245505,False
2018-10-09,220.1610386982442,224.24178740924145,216.08030517436669,220.64874267578125,15574240.0,KOTAKBANK,0.003757939756626083,False
2018-10-10,221.6540054038277,228.24292249299648,221.40517961976704,226.48123168945312,16926305.0,KOTAKBANK,0.02643336618619241,False
2018-10-11,218.96667954019412,222.94789189547043,217.9713764513751,222.06207275390625,11416085.0,KOTAKBANK,-0.019512252307097744,False
2018-10-12,223.3460021661928,233.5279634766134,223.3460021661928,232.3335876464844,31383075.0,KOTAKBANK,0.04625515183748319,False
2018-10-15,232.90093539526777,235.6479666017972,230.4126775384807,232.99050903320312,15909195.0,KOTAKBANK,0.0028274921132724895,False
2018-10-16,233.1995184483796,235.2299300820449,231.457738030244,234.04551696777344,18427010.0,KOTAKBANK,0.004528115496841734,False
2018-10-17,235.8868397938065,236.6134068201026,233.34881379657568,234.0952911376953,23964220.0,KOTAKBANK,0.00021266876019132575,False
2018-10-18,235.8868397938065,236.6134068201026,233.34881379657568,234.0952911376953,23964220.0,KOTAKBANK,0.0,False
2018-10-19,231.90561052434583,240.0670924924998,231.02973898094223,238.6637115478516,17833920.0,KOTAKBANK,0.01951521702104264,False
2018-10-22,239.90786162094795,242.69471344384,230.41267636993675,231.70657348632807,21713015.0,KOTAKBANK,-0.02915038074453402,False
2018-10-23,228.9197116414317,234.8517247645598,227.63577733238424,233.7867431640625,11187685.0,KOTAKBANK,0.008977603209246787,False
2018-10-24,235.8868508476367,237.88740474822143,229.7060114911945,234.31427001953125,21549170.0,KOTAKBANK,0.002256444691128401,False
2018-10-25,233.49812318817573,237.7181987905008,231.9056320861266,236.0460968017578,18069465.0,KOTAKBANK,0.007391042731124342,False
2018-10-26,235.88683677244347,237.47932782128277,229.3775611235874,230.6316375732422,9211060.0,KOTAKBANK,-0.022938143446883275,False
2018-10-29,229.33773979493168,229.4969919367539,218.65814172307157,226.55088806152344,18556500.0,KOTAKBANK,-0.017693797584135917,False
2018-10-30,226.9291026377624,228.12346329843197,222.01230298400503,223.70431518554688,9753165.0,KOTAKBANK,-0.012564827709717563,False
2018-10-31,224.7593450871458,225.9337954122467,220.3600921818545,222.7786865234375,13824200.0,KOTAKBANK,-0.004137732709097008,False
2018-11-01,223.68443124223637,224.2915667599404,219.1856568354312,220.8677215576172,13346585.0,KOTAKBANK,-0.008577862611732656,False
2018-11-02,222.59953866600992,228.12347406789527,221.4549461428166,225.57550048828125,19503550.0,KOTAKBANK,0.021314925048637967,False
2018-11-05,225.9337970256136,225.9337970256136,222.05212112513144,224.8290100097656,7019100.0,KOTAKBANK,-0.0033092710728771513,False
2018-11-06,224.6299296418667,226.92907707173356,223.1767806239,224.0028839111328,10531665.0,KOTAKBANK,-0.003674463978633802,False
2018-11-07,225.7347483546755,226.78976722119256,225.4062965059658,225.79446411132807,817830.0,KOTAKBANK,0.007998022922356629,False
2018-11-08,225.7347483546755,226.78976722119256,225.4062965059658,225.79446411132807,817830.0,KOTAKBANK,0.0,False
2018-11-09,225.3366172964353,226.70019287994316,222.1018821994535,226.0432891845703,8184035.0,KOTAKBANK,0.0011019981124051892,False
2018-11-12,226.73004129946148,231.29847872401177,226.56084160082477,229.6562347412109,11436895.0,KOTAKBANK,0.015983423218065784,False
2018-11-13,228.9197061004533,233.17960202509215,226.92909996044935,232.0847625732422,10588105.0,KOTAKBANK,0.01057462182451907,False
2018-11-14,232.9208241324393,233.8962168695444,223.42562452579944,224.9185791015625,13534490.0,KOTAKBANK,-0.0308774406049952,False
2018-11-15,226.7300467827875,232.10467739022647,225.3366133454782,231.3582000732422,15245955.0,KOTAKBANK,0.02863089833397825,False
2018-11-16,233.2990522701071,233.49812504979093,229.4671442551267,232.62225341796875,9310215.0,KOTAKBANK,0.005463620240503175,False
2018-11-19,233.896261463648,236.67315082166985,231.90565498310627,233.94602966308597,10028470.0,KOTAKBANK,0.005690668995191439,False
2018-11-20,232.90092351570476,234.5531302932463,231.33829037152967,232.89097595214844,9025805.0,KOTAKBANK,-0.00450981669770989,False
2018-11-21,232.89096911819595,235.8868258696842,232.8710588045477,234.234619140625,7162860.0,KOTAKBANK,0.005769408552577904,False
2018-11-22,233.09999655849032,235.28966046859392,232.42319770089068,233.02037048339844,6285445.0,KOTAKBANK,-0.005183899210464582,False
2018-11-23,233.09999655849032,235.28966046859392,232.42319770089068,233.02037048339844,6285445.0,KOTAKBANK,0.0,False
2018-11-26,233.52796835219416,234.89152872261235,229.52684568681372,233.01040649414065,12281895.0,KOTAKBANK,-4.2760164002508816e-05,False
2018-11-27,231.5274098907172,234.68251899922043,231.5274098907172,233.60760498046875,8688795.0,KOTAKBANK,0.002562969162251294,False
2018-11-28,233.32890942888943,236.4243028231131,230.4325888137347,230.9600982666016,9754780.0,KOTAKBANK,-0.01133313581160389,False
2018-11-29,232.00516002828908,242.83404749175284,230.31313259879525,241.45057678222656,33036205.0,KOTAKBANK,0.045421172723591585,False
2018-11-30,240.66429139225147,246.5166632632166,238.41489667794585,245.6308441162109,15027475.0,KOTAKBANK,0.017313138737103495,False
2018-12-03,246.8351788200393,247.6314243697861,242.5354619636787,244.0682373046875,9089565.0,KOTAKBANK,-0.006361606650605034,False
2018-12-04,244.24736546079188,246.0986297645125,240.86334112316544,243.90896606445312,7825650.0,KOTAKBANK,-0.0006525684865562598,False
2018-12-05,243.16249527006445,244.52605564226425,239.4699293142605,241.1619415283203,14282635.0,KOTAKBANK,-0.011262499203932186,False
2018-12-06,239.8680311598625,239.8680311598625,233.12982536824816,234.9412841796875,15486500.0,KOTAKBANK,-0.02579452341945221,False
2018-12-07,235.0905801198488,267.9256335904228,234.12513493509704,254.7279052734375,169038095.0,KOTAKBANK,0.0842194302412036,False
2018-12-10,247.651344740166,256.768325521339,236.48404183645383,238.5443115234375,94740175.0,KOTAKBANK,-0.06353286552028026,False
2018-12-11,236.68306656448027,246.6360969903447,233.0999695363214,242.5951690673828,50392955.0,KOTAKBANK,0.016981572597874806,False
2018-12-12,244.7251450399476,251.01545309326303,243.69002125214672,246.26785278320312,32819995.0,KOTAKBANK,0.015139146133615666,False
2018-12-13,246.83517660080915,253.165305124347,244.56588667606167,251.6922607421875,21138660.0,KOTAKBANK,0.022026455737849115,False
2018-12-14,251.6922729334553,253.1454070709777,248.24851724948255,250.0102081298828,13357645.0,KOTAKBANK,-0.006682973117030588,False
2018-12-17,250.8163960612117,252.01075681455512,240.27613925259595,243.3416748046875,36928205.0,KOTAKBANK,-0.026673044173184057,False
2018-12-18,241.8387406428162,246.7654879026648,241.6595933763693,246.2578887939453,18392330.0,KOTAKBANK,0.011984030238956889,False
2018-12-19,246.59630519368253,247.96982841291,243.27199628770407,243.97866821289065,15160015.0,KOTAKBANK,-0.009255421591637947,False
2018-12-20,242.8141749255751,246.71576164023116,241.978108696839,246.09866333007807,11504770.0,KOTAKBANK,0.008689264240665295,False
2018-12-21,246.83517449255697,247.41245212632467,243.58052902810417,244.2872009277344,11040145.0,KOTAKBANK,-0.007360716136495471,False
2018-12-24,244.84454792741352,247.5219155359084,243.0529994173501,246.53656005859372,7699145.0,KOTAKBANK,0.009207846838953815,False
2018-12-25,244.84454792741352,247.5219155359084,243.0529994173501,246.53656005859372,7699145.0,KOTAKBANK,0.0,False
2018-12-26,245.7403311136374,248.98502896314105,240.96288834836903,248.45751953125,11896120.0,KOTAKBANK,0.007791783385797668,False
2018-12-27,250.2689888244524,250.5476725079568,245.90957109699235,246.8849639892578,13268690.0,KOTAKBANK,-0.006329273289691684,False
2018-12-28,247.68120528584376,249.00494516590516,245.84983587122545,247.1039276123047,8700670.0,KOTAKBANK,0.0008869054619964345,False
2018-12-31,246.2379834397591,251.31403537768117,245.54127429989848,250.1196746826172,11621760.0,KOTAKBANK,0.012204367204733613,False
2019-01-01,249.6220314112432,250.02014659376945,247.28306294931969,248.9153594970703,6012900.0,KOTAKBANK,-0.004814955828944867,False
2019-01-02,248.40776968763603,248.47743301298928,244.24739449457024,246.95462036132807,8568385.0,KOTAKBANK,-0.007877131968488715,False
2019-01-03,246.83515276607775,249.0248164064176,244.37675305380097,245.88961791992188,9129440.0,KOTAKBANK,-0.004312543089284748,False
2019-01-04,246.43705066641135,249.22388716314677,244.8445596507456,248.41769409179688,7343980.0,KOTAKBANK,0.01028134572439865,False
2019-01-07,249.0149110026711,249.6220465645081,247.0342521596339,248.1490020751953,6057280.0,KOTAKBANK,-0.0010816138422985455,False
2019-01-08,247.4323571290629,247.6712201536866,244.03836990774667,244.62559509277344,8307640.0,KOTAKBANK,-0.014198755396784501,False
2019-01-09,246.30765388327063,247.63140879922665,244.4663371144544,246.4868011474609,8238110.0,KOTAKBANK,0.007608386415908885,False
2019-01-10,246.63613309177688,247.2333058924686,242.1274108638644,242.764404296875,8257215.0,KOTAKBANK,-0.015101810049289344,False
2019-01-11,243.84927654540616,244.68532756293848,241.50036045772885,243.490966796875,10646495.0,KOTAKBANK,0.002992870812771553,False
2019-01-14,242.2567718180098,243.739778924898,240.1467340766851,241.2117156982422,6823475.0,KOTAKBANK,-0.009360721379591097,False
2019-01-15,242.25676531166476,242.85395323873908,240.9230628199345,241.54014587402344,5769355.0,KOTAKBANK,0.0013615846760615113,False
2019-01-16,241.99801284727175,242.2468386404925,238.47464629759952,239.4201812744141,11873245.0,KOTAKBANK,-0.008776862297313559,False
2019-01-17,240.4652507017054,243.8592229516192,238.87275956310296,242.84402465820312,19672500.0,KOTAKBANK,0.014300562991658383,False
2019-01-18,242.8738620322815,247.43235196485756,242.15724259912685,246.87496948242188,12992860.0,KOTAKBANK,0.016598904708041262,False
2019-01-21,246.9745184430396,253.9018349206158,243.3814735308381,252.32925415039065,48926830.0,KOTAKBANK,0.022093307715252752,False
2019-01-22,254.59854017820763,260.36133853905346,253.42407460371143,257.1365661621094,45363400.0,KOTAKBANK,0.019051742644368597,False
2019-01-23,258.5598293389592,258.5598293389592,253.01599915717367,254.1008758544922,16292910.0,KOTAKBANK,-0.011805751134217779,False
2019-01-24,253.6032445325676,254.10089610536028,251.413580649704,252.35911560058597,7298880.0,KOTAKBANK,-0.006854601535901894,False
2019-01-25,252.5681130738403,256.3303728218648,250.52775383714987,252.0406036376953,7206480.0,KOTAKBANK,-0.00126213773626771,False
2019-01-28,252.6079351019457,255.79290205115075,249.8210833262212,250.9059600830078,10272960.0,KOTAKBANK,-0.0045018284288770305,False
2019-01-29,250.81638423762448,253.40417840381315,248.42766284354283,249.10446166992188,12957950.0,KOTAKBANK,-0.0071799745709106855,False
2019-01-30,249.8210710990648,249.9206074811234,242.4160138126434,243.29188537597656,13771160.0,KOTAKBANK,-0.023333890750007247,False
2019-01-31,243.25205665952495,250.81636583085884,241.14201907669903,249.9703521728516,14843300.0,KOTAKBANK,0.027450429703211432,False
2019-02-01,250.2291700644421,252.9662537431093,246.87498810188777,249.9604339599609,10945770.0,KOTAKBANK,-3.96775569760921e-05,False
2019-02-04,247.83046762274972,253.7425703646533,247.83046762274972,253.2449188232422,6896595.0,KOTAKBANK,0.013140019047203966,False
2019-02-05,254.001356875376,256.1910207337519,252.30934458422735,254.6284027099609,9588910.0,KOTAKBANK,0.005463027227347261,False
2019-02-06,254.7975954676089,256.5493386562056,254.0710284516769,254.69805908203125,5793705.0,KOTAKBANK,0.0002735608884516516,False
2019-02-07,254.79756348781072,257.7834724349335,253.86197625444,255.7032928466797,5992050.0,KOTAKBANK,0.003946766489982156,False
2019-02-08,255.593842529892,260.9685039603987,254.2601551108683,258.6593933105469,12407165.0,KOTAKBANK,0.01156066639172959,False
2019-02-11,257.9825998612106,261.7647398461729,257.5844542844836,259.0873718261719,15723375.0,KOTAKBANK,0.0016546026422910032,False
2019-02-12,258.7787916881932,260.7693977781024,257.8432043959968,258.51007080078125,7410050.0,KOTAKBANK,-0.002228209817103477,False
2019-02-13,258.7787916881932,260.7693977781024,257.8432043959968,258.51007080078125,7410050.0,KOTAKBANK,0.0,False
2019-02-14,259.1769139263095,259.2266973044632,253.1155218615137,256.15118408203125,12455555.0,KOTAKBANK,-0.009124931618497256,False
2019-02-15,256.3502887274521,256.78822456362406,252.80701177969192,255.52420043945312,10034775.0,KOTAKBANK,-0.0024477093276966677,False
2019-02-18,254.9966708925384,256.39008918240523,253.45393283563095,254.2103729248047,6325865.0,KOTAKBANK,-0.005141695042539585,False
2019-02-19,254.20043013740616,255.84267433565944,253.175269060682,254.8871917724609,6341640.0,KOTAKBANK,0.0026624359968836497,False
2019-02-20,255.0563692538401,257.186301985744,254.63832860827168,256.7384338378906,6751010.0,KOTAKBANK,0.00726298584309526,False
2019-02-21,257.1663923906479,258.30102200894464,255.49429065092804,256.61895751953125,9095470.0,KOTAKBANK,-0.0004653620284792437,False
2019-02-22,249.024818632645,250.41825200685932,243.84924583999543,246.4171295166016,419299520.0,KOTAKBANK,-0.039754771438322956,False
2019-02-25,247.5119655285242,248.1987270916653,244.8445605328618,247.02427673339844,18677950.0,KOTAKBANK,0.0024639002085118378,False
2019-02-26,243.65022243305327,248.7660801903296,242.87388716465452,246.0688018798828,25132855.0,KOTAKBANK,-0.0038679390793109336,False
2019-02-27,246.4370550903604,247.15367454156245,241.0823195208557,242.0875701904297,26943610.0,KOTAKBANK,-0.01617934357804751,False
2019-02-28,241.50031802713096,243.859181264698,240.86332471800608,241.48040771484372,43614180.0,KOTAKBANK,-0.0025080282936804643,False
2019-03-01,243.1923469167895,244.94409002849403,242.32643811132976,244.03836059570312,10814170.0,KOTAKBANK,0.010592796761714984,False
2019-03-04,243.1923469167895,244.94409002849403,242.32643811132976,244.03836059570312,10814170.0,KOTAKBANK,0.0,False
2019-03-05,243.63029280502917,248.08924646263463,242.41602180206868,246.92474365234372,15642255.0,KOTAKBANK,0.01182757927726974,False
2019-03-06,247.25316997193232,248.2285626616473,246.1583457818372,247.0939178466797,11534170.0,KOTAKBANK,0.0006851245113537185,False
2019-03-07,247.63141433726517,248.029529502449,245.87967116136795,246.27780151367188,7172805.0,KOTAKBANK,-0.0033028588486512245,False
2019-03-08,246.23797564884472,247.5318726888588,245.18295681513348,246.6161956787109,5257165.0,KOTAKBANK,0.0013740343748369632,False
2019-03-11,246.4370431625396,249.8011571703404,245.64079767895197,248.73619079589844,10326930.0,KOTAKBANK,0.008596333713416948,False
2019-03-12,250.9059681984067,253.20511605192985,249.44287134850637,251.48324584960935,17706800.0,KOTAKBANK,0.011044050505561565,False
2019-03-13,251.5130841522344,252.6278339240837,248.23854371603133,251.0652008056641,12127350.0,KOTAKBANK,-0.0016623176726263678,False
2019-03-14,251.4135483331688,254.28997344669176,250.2191725622941,252.5979461669922,12486930.0,KOTAKBANK,0.006104969372137337,False
2019-03-15,253.18521453048376,266.61184400585387,252.80699448201008,263.7851867675781,51967525.0,KOTAKBANK,0.04428872352426039,False
2019-03-18,266.74125221659267,270.72246493624334,264.9098980104625,267.46783447265625,26923700.0,KOTAKBANK,0.01396078282562141,False
2019-03-19,268.7318035181884,269.72710649418167,266.4525511983776,268.2839050292969,15586060.0,KOTAKBANK,0.0030510979320170772,False
2019-03-20,268.5527024303747,270.30441531472144,264.94970989788504,269.05035400390625,19847040.0,KOTAKBANK,0.0028568578294909663,False
2019-03-21,268.5527024303747,270.30441531472144,264.94970989788504,269.05035400390625,19847040.0,KOTAKBANK,0.0,False
2019-03-22,269.667421811005,271.6480652416444,264.9496948810745,265.9947509765625,13100245.0,KOTAKBANK,-0.011356993149688965,False
2019-03-25,263.944411344714,264.91981924288655,259.4157947355486,260.50067138671875,14347820.0,KOTAKBANK,-0.020654842133812856,False
2019-03-26,261.2172855263657,268.3237331796931,260.77934977470545,267.32843017578125,10255850.0,KOTAKBANK,0.026210138932527105,False
2019-03-27,268.72185143230803,271.4987553503108,263.76526185468134,265.31793212890625,15197290.0,KOTAKBANK,-0.007520704197279016,False
2019-03-28,266.34312886477073,269.12996553350376,264.53166984297343,266.8905334472656,23083475.0,KOTAKBANK,0.005927233435527146,False
2019-03-29,266.34312886477073,269.12996553350376,264.53166984297343,266.8905334472656,23083475.0,KOTAKBANK,0.0,False
2019-04-01,265.94502728544967,271.12058570276724,263.9643532622512,266.621826171875,15837560.0,KOTAKBANK,-0.0010068070677513585,False
2019-04-02,267.5374434164674,267.7066582969292,264.3524919318893,266.6317443847656,8877995.0,KOTAKBANK,3.719955351377813e-05,False
2019-04-03,267.13937099096927,270.214854213174,264.9497221903854,265.5867004394531,13832830.0,KOTAKBANK,-0.003919428077567733,False
2019-04-04,266.22368355669266,267.68678032555147,262.1727926584878,263.3372802734375,12964745.0,KOTAKBANK,-0.008469626537374153,False
2019-04-05,264.7506453818392,266.7512144896325,263.9842728694086,265.93505859375,8718645.0,KOTAKBANK,0.009864833105343473,False
2019-04-08,266.9403154034396,268.2341973411027,265.38764492854733,267.38818359375,7939335.0,KOTAKBANK,0.005464209975488243,False
2019-04-09,266.7312675549936,268.1645064462771,263.1780585790001,267.0298767089844,11234215.0,KOTAKBANK,-0.0013400251273257835,False
2019-04-10,266.3530506949499,272.3049742276437,266.3530506949499,268.7119445800781,15156035.0,KOTAKBANK,0.006299174803300778,False
2019-04-11,268.67208605655026,268.72183905533814,265.4572465298642,267.3782043457031,6742865.0,KOTAKBANK,-0.004963457193759124,False
2019-04-12,267.37819500099783,268.33367731367963,266.0544250880596,267.4279479980469,8524160.0,KOTAKBANK,0.00018604228592788985,False
2019-04-15,268.3337309599312,274.3055497630116,267.4280014632216,273.4794311523437,14395115.0,KOTAKBANK,0.02262846198236912,False
2019-04-16,275.18143074832653,276.7838542687333,272.7329630862598,275.9776611328125,11663980.0,KOTAKBANK,0.009134983095226534,False
2019-04-17,275.18143074832653,276.7838542687333,272.7329630862598,275.9776611328125,11663980.0,KOTAKBANK,0.0,False
2019-04-18,275.97764305030347,277.0923776652415,271.28977394224654,272.64337158203125,12044680.0,KOTAKBANK,-0.012081737112688451,False
2019-04-19,275.97764305030347,277.0923776652415,271.28977394224654,272.64337158203125,12044680.0,KOTAKBANK,0.0,False
2019-04-22,270.7224554785149,271.8770107717881,267.955513949991,270.0655517578125,12095540.0,KOTAKBANK,-0.009454914708766915,False
2019-04-23,270.3143606332127,272.4243983090301,268.93090514262053,269.7968139648437,8098435.0,KOTAKBANK,-0.0009950835684878756,False
2019-04-24,269.7271630330821,272.7130725869539,266.6715749664684,272.0661315917969,9672055.0,KOTAKBANK,0.008411209879034764,False
2019-04-25,272.4940904636172,274.10647667875986,269.72714896959985,270.80206298828125,9037990.0,KOTAKBANK,-0.004646181412290673,False
2019-04-26,271.1205441420832,275.5795127308908,267.29858408349327,274.5543518066406,12804320.0,KOTAKBANK,0.013856204701519381,False
2019-04-29,271.1205441420832,275.5795127308908,267.29858408349327,274.5543518066406,12804320.0,KOTAKBANK,0.0,False
2019-04-30,275.14159846484404,278.0876872117688,268.9408490577636,276.00750732421875,31052865.0,KOTAKBANK,0.005292779036340178,False
2019-05-01,275.14159846484404,278.0876872117688,268.9408490577636,276.00750732421875,31052865.0,KOTAKBANK,0.0,False
2019-05-02,277.4905135128129,283.0144643680145,275.20132835611184,279.94891357421875,23904025.0,KOTAKBANK,0.01428006900323231,False
2019-05-03,279.9588595223728,285.8012839590251,278.72469337710453,282.2281494140625,21348375.0,KOTAKBANK,0.008141613449196283,False
2019-05-06,278.6848792685042,282.06890387048776,278.6251635100288,280.7550964355469,10547535.0,KOTAKBANK,-0.005219369441261779,False
2019-05-07,280.6754471930937,283.6613562057862,278.53555180884484,280.30718994140625,13933680.0,KOTAKBANK,-0.0015953637167311907,False
2019-05-08,279.48109726937963,281.65088110356555,276.4354722248802,279.122802734375,12696575.0,KOTAKBANK,-0.00422531868440057,False
2019-05-09,277.5303407984303,280.2574618481989,271.9765623039887,275.79852294921875,23523910.0,KOTAKBANK,-0.011909739199343683,False
2019-05-10,272.71308827888413,279.97878979501064,272.3348681870854,278.316650390625,20748545.0,KOTAKBANK,0.009130315182543258,False
2019-05-13,277.8886505650977,278.6351279247379,274.7136310988219,276.5648803710937,8274820.0,KOTAKBANK,-0.006294161765286632,False
2019-05-14,276.3956958415436,278.0876929654903,272.4343783850537,275.2908935546875,14651480.0,KOTAKBANK,-0.004606466355007721,False
2019-05-15,275.4998848168572,279.3915235670378,274.4448659650604,277.84881591796875,10611000.0,KOTAKBANK,0.009291707147490946,False
2019-05-16,278.0677856684544,283.3528427134008,274.43493541875773,281.3025207519531,7116800.0,KOTAKBANK,0.012430158547100056,False
2019-05-17,281.86985426094407,292.5792951217042,281.75039237280606,290.6285095214844,18996095.0,KOTAKBANK,0.03315288019674267,False
2019-05-20,296.79942383507256,299.64597638293486,290.8474998155747,299.0985717773437,23343645.0,KOTAKBANK,0.029143948299515277,False
2019-05-21,299.1881162790188,301.5370170023838,295.3661560410799,296.1822814941406,16121390.0,KOTAKBANK,-0.009750264823644939,False
2019-05-22,297.1974870912905,302.11428642752975,296.34151070166314,297.6453552246094,12493315.0,KOTAKBANK,0.004939774665412289,False
2019-05-23,302.37309164506377,309.71843391773166,296.44109324196234,298.54119873046875,28982870.0,KOTAKBANK,0.0030097681355831796,False
2019-05-24,300.5815224813535,303.36835888446524,296.6003102630574,300.919921875,14366950.0,KOTAKBANK,0.007967822044818718,False
2019-05-27,299.9147114164276,305.1599789215079,298.5909714742261,304.443359375,11140315.0,KOTAKBANK,0.01170888746097587,False
2019-05-28,305.15993669835785,305.15993669835785,298.5909301599901,300.7806091308594,9966510.0,KOTAKBANK,-0.01203097433841216,False
2019-05-29,300.4421873969818,304.5627569232258,298.9890533360571,301.3578796386719,7254130.0,KOTAKBANK,0.0019192411022790345,False
2019-05-30,301.35788754946947,306.9017334033205,300.9597723629869,305.62774658203125,14697095.0,KOTAKBANK,0.014168758250087787,False
2019-05-31,305.75713115712665,307.3495918525644,292.10157111148663,303.0001220703125,13801070.0,KOTAKBANK,-0.008597467151149174,False
2019-06-03,301.2185547422633,305.5182411922788,299.7853158008444,304.81158447265625,6176510.0,KOTAKBANK,0.005978421361571007,False
2019-06-04,304.5627610203615,306.55336730154033,303.0100905509813,304.8314819335937,5872165.0,KOTAKBANK,6.527790264887479e-05,False
2019-06-05,304.5627610203615,306.55336730154033,303.0100905509813,304.8314819335937,5872165.0,KOTAKBANK,0.0,False
2019-06-06,305.0703642768721,306.73250345179525,298.79000411748177,301.42755126953125,10224595.0,KOTAKBANK,-0.011166598156039487,False
2019-06-07,303.3285709848371,303.3285709848371,296.15241403623673,300.9398193359375,7669460.0,KOTAKBANK,-0.0016180735023708648,False
2019-06-10,299.2478164782757,300.7606661685307,295.9235079603976,299.10845947265625,8575750.0,KOTAKBANK,-0.006085468740302913,False
2019-06-11,300.44216163311137,301.4275322990246,297.1079207423056,300.1236877441406,4724055.0,KOTAKBANK,0.0033941810715560905,False
2019-06-12,298.5909149163374,299.088566441198,293.84333030389354,295.3064270019531,8842145.0,KOTAKBANK,-0.016050918134440262,False
2019-06-13,295.0078487117954,300.382479667473,294.0026131809407,299.3871765136719,11516575.0,KOTAKBANK,0.013818695221596844,False
2019-06-14,299.39713756651787,299.39713756651787,291.7432539272678,293.385498046875,9767550.0,KOTAKBANK,-0.020046544867705074,False
2019-06-17,294.21159984950043,294.2912107321352,288.8568643586761,290.6981811523437,11831110.0,KOTAKBANK,-0.009159678690396467,False
2019-06-18,291.62381095530657,293.5148807876772,289.66306261548385,290.99676513671875,12124090.0,KOTAKBANK,0.001027127115799109,False
2019-06-19,293.21628990666414,299.5464028394881,292.9973220167353,298.1529846191406,19456650.0,KOTAKBANK,0.024592092901993823,False
2019-06-20,298.69047393230363,302.57215004553973,297.99374959500244,302.24371337890625,12837830.0,KOTAKBANK,0.01372023414419643,False
2019-06-21,301.77592548780206,301.77592548780206,295.2467392914288,296.5605163574219,6074210.0,KOTAKBANK,-0.018803358911752333,False
2019-06-24,296.40126418899087,298.0534710532491,291.4944269779702,292.7385559082031,10132655.0,KOTAKBANK,-0.012887624071346138,False
2019-06-25,292.98736329154593,296.84914410830686,292.0219180873557,295.38604736328125,10262450.0,KOTAKBANK,0.009043876871170697,False
2019-06-26,295.60502246131455,297.79470144405747,293.68409475668665,296.7197570800781,11052310.0,KOTAKBANK,0.004515141215037266,False
2019-06-27,298.5908998874747,299.9246022620636,294.11203638916254,294.9281921386719,19302695.0,KOTAKBANK,-0.0060379024269784365,False
2019-06-28,295.60503631955254,295.82400422809224,292.93763116042646,294.032470703125,9070430.0,KOTAKBANK,-0.0030370831253925257,False
2019-07-01,295.983262491952,296.779492880777,292.4997013859184,294.8486022949219,9521795.0,KOTAKBANK,0.0027756512396241995,False
2019-07-02,295.3860567474848,295.9932074411972,292.0318901155731,292.9176940917969,9018660.0,KOTAKBANK,-0.006548812468826326,False
2019-07-03,293.4054052570961,295.0078286460869,291.0962948075196,293.6144104003906,13235240.0,KOTAKBANK,0.002378539510062616,False
2019-07-04,293.614405059015,299.5563655899246,293.614405059015,298.1529846191406,15129625.0,KOTAKBANK,0.015457600369685354,False
2019-07-05,299.55640094233905,302.57216837930787,298.6009183890871,302.0148010253906,14836600.0,KOTAKBANK,0.012952466034116927,False
2019-07-08,301.2583381415335,301.2583381415335,292.6290771846425,293.67413330078125,8961290.0,KOTAKBANK,-0.02761675155088894,False
2019-07-09,292.81818018965527,293.216295349396,286.64728890383515,291.1958312988281,11487100.0,KOTAKBANK,-0.008438952297561864,False
2019-07-10,291.22569410574835,294.97797587053145,290.7977210611392,293.7836303710937,10903660.0,KOTAKBANK,0.008886799858099481,False
2019-07-11,294.41061872436615,297.3567375085812,293.0271633326446,295.59503173828125,7992455.0,KOTAKBANK,0.006165766843099663,False
2019-07-12,296.1527411545083,297.6564382235715,293.951913847016,295.4954833984375,10362725.0,KOTAKBANK,-0.0003367727098061435,False
2019-07-15,296.56105829219035,300.93280927749913,294.4897250336629,300.3651733398437,8760770.0,KOTAKBANK,0.016479744073922165,False
2019-07-16,300.3452580181067,301.04232757007014,296.7602290388432,299.04071044921875,6757175.0,KOTAKBANK,-0.004409508851834776,False
2019-07-17,299.1302677012426,308.0828548965497,298.1643021905467,305.64306640625,31012670.0,KOTAKBANK,0.022078451950950706,False
2019-07-18,304.9957926001721,307.36589578254194,303.9700789966925,306.3700561523437,11334100.0,KOTAKBANK,0.0023785579520636535,False
2019-07-19,306.7185781076638,306.8679479604382,296.76018271455786,298.53277587890625,10471145.0,KOTAKBANK,-0.02558109095864225,False
2019-07-22,297.3577531324415,298.1444750382406,287.2300495812584,289.6499328613281,17115785.0,KOTAKBANK,-0.029755000908782137,False
2019-07-23,290.78515726256086,301.141882812968,289.839097505633,297.5568542480469,38298140.0,KOTAKBANK,0.027298198582715427,False
2019-07-24,297.3577122455392,300.7435608257194,294.0813914344569,298.1942138671875,14691180.0,KOTAKBANK,0.002141975928436679,False
2019-07-25,297.15852371877094,299.5485326256101,294.7585466911652,295.7743225097656,14194615.0,KOTAKBANK,-0.00811515195428869,False
2019-07-26,296.76021562243267,302.32695561760386,294.18099457648054,301.1120300292969,8406765.0,KOTAKBANK,0.01804655479974948,False
2019-07-29,301.4904561225269,303.62156757576,298.19422928948023,299.24981689453125,10498675.0,KOTAKBANK,-0.006184452791821116,False
2019-07-30,299.7477486998416,300.66393459265555,295.5751779395148,298.49298095703125,8718740.0,KOTAKBANK,-0.002529110778927368,False
2019-07-31,296.78008986549355,305.6629919669461,294.91787478131846,302.6455993652344,14739040.0,KOTAKBANK,0.013911946588790691,False
2019-08-01,299.93695862828326,302.5360856313926,295.96356799063153,297.9154052734375,11288765.0,KOTAKBANK,-0.01562948247626239,False
2019-08-02,296.361889508298,301.72944948370207,292.7868287683629,300.2655639648437,19354045.0,KOTAKBANK,0.00788867795960102,False
2019-08-05,297.7560559399079,297.7560559399079,289.7993068456408,290.8050842285156,19322730.0,KOTAKBANK,-0.031507042004442876,False
2019-08-06,289.64990914424203,297.5270045078113,289.1221153396582,295.8241271972656,14153040.0,KOTAKBANK,0.017259130740664874,False
2019-08-07,297.53696073611127,298.6722324915051,291.89053671337336,294.0316162109375,11811905.0,KOTAKBANK,-0.006059380630346056,False
2019-08-08,295.7644026626804,300.7037592617483,292.16943579020256,299.29962158203125,9660605.0,KOTAKBANK,0.01791645891343374,False
2019-08-09,299.9468883871636,305.8223357279072,299.59833846215935,305.1451721191406,12228295.0,KOTAKBANK,0.01953076487772054,False
2019-08-12,299.9468883871636,305.8223357279072,299.59833846215935,305.1451721191406,12228295.0,KOTAKBANK,0.0,False
2019-08-13,303.7510215374593,305.5236150297587,299.79753661932995,301.0224304199219,13829875.0,KOTAKBANK,-0.013510755128739449,False
2019-08-14,301.7394240978003,301.8190779006088,294.659018535674,297.11871337890625,11774540.0,KOTAKBANK,-0.01296819321925613,False
2019-08-15,301.7394240978003,301.8190779006088,294.659018535674,297.11871337890625,11774540.0,KOTAKBANK,0.0,False
2019-08-16,296.5610440192446,300.0464828930331,294.2706249155725,298.54278564453125,10848770.0,KOTAKBANK,0.004792940334959361,False
2019-08-19,299.74771577035955,302.6356444953402,296.86972477563523,298.02490234375,7737990.0,KOTAKBANK,-0.0017347037868061799,False
2019-08-20,296.869742144758,300.9925328647929,295.29632887667333,299.76763916015625,8623045.0,KOTAKBANK,0.005847621466195996,False
2019-08-21,299.5485447823212,302.2970718515676,297.95522570684074,299.8970947265625,7422075.0,KOTAKBANK,0.0004318530404714416,False
2019-08-22,299.538613237207,300.7435706898707,293.2548675523863,294.41998291015625,9373755.0,KOTAKBANK,-0.018263304022335114,False
2019-08-23,294.7486121397981,296.1626873357414,288.0167268012254,292.8166809082031,18078965.0,KOTAKBANK,-0.005445629016432529,False
2019-08-26,298.75192222616937,302.63569113698617,289.4109405953991,301.30126953125,10938390.0,KOTAKBANK,0.028975769401971885,False
2019-08-27,301.54020818491887,303.28292742401084,297.64650222874326,299.0605773925781,13704020.0,KOTAKBANK,-0.007436716553361422,False
2019-08-28,298.5925298406471,298.9510478851455,293.4440563373429,295.4954833984375,11455030.0,KOTAKBANK,-0.011920976095290303,False
2019-08-29,294.66894070737214,294.66894070737214,288.1462032811743,288.9627990722656,19656835.0,KOTAKBANK,-0.022107560667394055,False
2019-08-30,288.415101477864,290.7055511209175,283.43590276333526,285.0989685058594,23587665.0,KOTAKBANK,-0.013371377142010421,False
2019-09-02,288.415101477864,290.7055511209175,283.43590276333526,285.0989685058594,23587665.0,KOTAKBANK,0.0,False
2019-09-03,284.61096810906673,284.61096810906673,279.8409179277805,281.6831970214844,13762825.0,KOTAKBANK,-0.011981002605082391,False
2019-09-04,281.6433633479438,286.40347542677887,278.5662226266416,284.10308837890625,12098145.0,KOTAKBANK,0.008590826087639503,False
2019-09-05,285.18856754764704,287.17027875198704,279.92056722109345,280.8566589355469,11905115.0,KOTAKBANK,-0.011426941755133702,False
2019-09-06,281.32467867681726,287.71798209153667,281.32467867681726,287.1105041503906,11226095.0,KOTAKBANK,0.02226703557090648,False
2019-09-09,286.6026508357831,293.68308683999186,283.625099885498,293.0357971191406,16063780.0,KOTAKBANK,0.020637673937719425,False
2019-09-10,286.6026508357831,293.68308683999186,283.625099885498,293.0357971191406,16063780.0,KOTAKBANK,0.0,False
2019-09-11,293.0358072651176,294.5494727068139,290.5860196598585,293.81256103515625,13024480.0,KOTAKBANK,0.0026507475320491913,False
2019-09-12,294.7685517472415,295.4955256702128,289.19184333876507,290.2972412109375,12124770.0,KOTAKBANK,-0.011964498086241226,False
2019-09-13,290.1876822356853,295.9635707247565,288.23584493484816,295.6150207519531,8842450.0,KOTAKBANK,0.018318395031358792,False
2019-09-16,293.57351386713145,297.128668677512,291.7810146704528,293.7627258300781,9288840.0,KOTAKBANK,-0.006265902582227811,False
2019-09-17,293.0257950231463,294.9577262304188,287.59845718168094,288.45489501953125,6772930.0,KOTAKBANK,-0.01806842850994339,False
2019-09-18,288.79349262546583,294.5594125910496,288.7735867734919,291.7312316894531,9272125.0,KOTAKBANK,0.01135822870920622,False
2019-09-19,291.74116087107177,291.74116087107177,287.7976445622205,289.3113098144531,7249365.0,KOTAKBANK,-0.008295038762171303,False
2019-09-20,289.78934273421925,318.4496070989755,288.8930931131642,306.48956298828125,35797445.0,KOTAKBANK,0.059376362385712644,False
2019-09-23,313.6895014953725,329.02542660146764,304.4879525098385,326.7549133300781,34270145.0,KOTAKBANK,0.06612084974186128,False
2019-09-24,325.30101243569527,326.97401590165214,316.6770366584374,322.2736511230469,18852705.0,KOTAKBANK,-0.013714444754207578,False
2019-09-25,322.0545076785103,322.0545076785103,314.78489104556684,318.9873352050781,17837720.0,KOTAKBANK,-0.010197283912341981,False
2019-09-26,320.06287260828816,335.3888601359949,319.7143226361381,324.016357421875,21540140.0,KOTAKBANK,0.015765585845481045,False
2019-09-27,321.82549723561954,328.5075724491361,319.8537238849664,327.3324890136719,12912805.0,KOTAKBANK,0.010234457353272441,False
2019-09-30,325.6594524329056,331.01707430032553,321.51675608334153,327.5216979980469,16789295.0,KOTAKBANK,0.0005780330114653065,False
2019-10-01,326.396401866785,330.021242261482,323.3889467801432,328.2685852050781,14627680.0,KOTAKBANK,0.002280420538842254,False
2019-10-02,326.396401866785,330.021242261482,323.3889467801432,328.2685852050781,14627680.0,KOTAKBANK,0.0,False
2019-10-03,327.48183953911973,327.48183953911973,320.0628227932921,321.8055419921875,13272830.0,KOTAKBANK,-0.019688278148373484,False
2019-10-04,324.6437165788451,325.38062817369035,310.1641999742083,311.329345703125,27438405.0,KOTAKBANK,-0.03255443092809396,False
2019-10-07,311.2994566773706,317.3939900031881,308.57083558103807,309.8355712890625,15227670.0,KOTAKBANK,-0.004798052077901183,False
2019-10-08,311.2994566773706,317.3939900031881,308.57083558103807,309.8355712890625,15227670.0,KOTAKBANK,0.0,False
2019-10-09,310.5625433206194,324.19559076489395,308.26215612585776,321.12841796875,12992150.0,KOTAKBANK,0.03644787018063789,False
2019-10-10,318.6487820968105,320.1325734500773,312.09614018211136,315.6413269042969,7847105.0,KOTAKBANK,-0.017086905914963535,False
2019-10-11,317.7126729809124,323.64786845928654,313.729314599875,316.2288513183594,12129205.0,KOTAKBANK,0.0018613672037965934,False
2019-10-14,318.2703916226274,320.4612208482003,313.93848261234314,315.7807922363281,10050950.0,KOTAKBANK,-0.001416882362767602,False
2019-10-15,317.75249519349023,324.5441287515466,314.18740269641205,321.77569580078125,13532355.0,KOTAKBANK,0.01898438319189011,False
2019-10-16,321.65623003018777,323.30932761467824,317.1948571374444,319.7740783691406,13431665.0,KOTAKBANK,-0.00622053641018272,False
2019-10-17,320.6603516553868,321.3773573840295,315.97989337249464,319.57489013671875,10381745.0,KOTAKBANK,-0.0006229029990102442,False
2019-10-18,319.4255123850934,322.5723690947113,316.8761654996886,321.7059631347656,11788035.0,KOTAKBANK,0.006668461959371097,False
2019-10-21,319.4255123850934,322.5723690947113,316.8761654996886,321.7059631347656,11788035.0,KOTAKBANK,0.0,False
2019-10-22,324.0163735485506,327.23294687128447,317.0753692978427,324.4147033691406,24475410.0,KOTAKBANK,0.008419925474742573,False
2019-10-23,324.643744520798,326.3764958861879,319.3259641316564,321.3873596191406,15426150.0,KOTAKBANK,-0.009331709440294045,False
2019-10-24,322.63212037447136,324.62379954870346,318.1807162044382,321.2976989746094,8000005.0,KOTAKBANK,-0.00027897999671644413,False
2019-10-25,321.42714072776545,321.42714072776545,312.52433216237944,316.3981628417969,14335100.0,KOTAKBANK,-0.015249210151360826,False
2019-10-28,321.42714072776545,321.42714072776545,312.52433216237944,316.3981628417969,14335100.0,KOTAKBANK,0.0,False
2019-10-29,318.1508559418044,318.1508559418044,312.2953140547445,313.79901123046875,15012650.0,KOTAKBANK,-0.008214812589249276,False
2019-10-30,314.6654276474346,316.38821081438783,313.45050204298065,314.4662475585937,8386345.0,KOTAKBANK,0.002126317497013641,False
2019-10-31,315.4720563416307,319.66453282665174,311.89699558710987,313.58990478515625,12407105.0,KOTAKBANK,-0.002786762586576619,False
2019-11-01,313.0919920640501,315.8703933050276,311.2994927805511,314.6654357910156,11098685.0,KOTAKBANK,0.003429737339906591,False
2019-11-04,315.4819920680996,318.03133916593606,311.6978135171089,312.9027709960937,7171965.0,KOTAKBANK,-0.005601710879019506,False
2019-11-05,312.4148316941992,312.64388576567023,308.7700547477218,309.487060546875,11316970.0,KOTAKBANK,-0.010916203900480426,False
2019-11-06,309.99493620822466,316.2687139087129,306.9177953063193,312.9027709960937,11236175.0,KOTAKBANK,0.011036682577885593,False
2019-11-07,314.0877947892782,316.0794739323815,310.4928285234703,315.4819641113281,12559560.0,KOTAKBANK,0.008242794101898987,False
2019-11-08,314.4662508766484,319.8637152787937,313.0919872647443,318.7184753417969,19568135.0,KOTAKBANK,0.010258942185761954,False
2019-11-11,317.65294897987883,322.5325572863328,317.0753449523478,322.0346374511719,14617870.0,KOTAKBANK,0.010404674864921803,False
2019-11-12,317.65294897987883,322.5325572863328,317.0753449523478,322.0346374511719,14617870.0,KOTAKBANK,0.0,False
2019-11-13,322.0545542691135,324.24541377466085,318.8877913034173,319.8238830566406,13019170.0,KOTAKBANK,-0.006864958415743305,False
2019-11-14,319.86370753594423,320.74002089927944,315.49195688768697,318.190673828125,13196490.0,KOTAKBANK,-0.005106589329435418,False
2019-11-15,319.8637595288021,324.4445983480432,319.1666595046815,323.1997985839844,10342030.0,KOTAKBANK,0.015742525371956972,False
2019-11-18,323.9765014052052,325.6395669999807,321.96491624386937,324.0860595703125,10074870.0,KOTAKBANK,0.002742145849753186,False
2019-11-19,324.6238306576301,324.8628224564447,321.48691134511154,323.4089050292969,7982410.0,KOTAKBANK,-0.0020894281658193625,False
2019-11-20,323.2495700227925,323.40890802034767,317.9118534718492,318.5591735839844,7812180.0,KOTAKBANK,-0.014995664528387631,False
2019-11-21,319.3558173333547,319.6446193390053,316.17908644304003,317.7226257324219,8369070.0,KOTAKBANK,-0.002626035979911734,False
2019-11-22,317.06539876258176,317.4537604205268,311.7177143475027,312.514404296875,9312170.0,KOTAKBANK,-0.01639235299513453,False
2019-11-25,313.4902782531409,319.86367568704054,312.70358688970686,319.3956298828125,10092105.0,KOTAKBANK,0.022018906941008165,False
2019-11-26,318.86784979831896,320.7599389466797,316.9359185568713,319.5450134277344,7784040.0,KOTAKBANK,0.00046770691564157474,False
2019-11-27,319.6545437292915,323.4486901770133,319.00725406690725,322.2337646484375,10204415.0,KOTAKBANK,0.00841431131051329,False
2019-11-28,322.0545187244486,323.86695407985513,320.08277577769024,321.6561889648437,11188800.0,KOTAKBANK,-0.0017924120528584053,False
2019-11-29,320.66033277044977,323.0503415949645,317.13505227968926,321.6960144042969,8652390.0,KOTAKBANK,0.00012381368933511716,False
2019-12-02,321.5565923575574,325.9382804049135,318.70850576349017,325.2412109375,11448520.0,KOTAKBANK,0.01102033091634036,False
2019-12-03,325.5400083360692,328.62711764051267,324.93256067580586,327.9798278808594,11608915.0,KOTAKBANK,0.008420264256996823,False
2019-12-04,327.2926562338402,330.59885109707795,325.28107112314467,328.87603759765625,13520395.0,KOTAKBANK,0.0027325147482009093,False
2019-12-05,328.87603241768875,330.61875174162805,326.7150470841342,328.4876403808594,14684450.0,KOTAKBANK,-0.0011809836302881793,False
2019-12-06,328.6270916927223,334.60212972349905,327.29267017938923,333.46685791015625,18997535.0,KOTAKBANK,0.0151580057122509,False
2019-12-09,334.19385226215576,334.40297009665767,329.9216912993436,330.46942138671875,9468700.0,KOTAKBANK,-0.008988708929644429,False
2019-12-10,331.6145969073968,331.80380886841283,328.83619582934136,331.0967712402344,7065780.0,KOTAKBANK,0.0018983597661870188,False
2019-12-11,331.8137606369705,336.7630845715302,330.4394971523135,335.9066467285156,10145585.0,KOTAKBANK,0.014527098739937072,False
2019-12-12,336.63365269888294,342.5688486604889,335.0004610421923,341.6925048828125,13477940.0,KOTAKBANK,0.017224601569057585,False
2019-12-13,341.8120005194629,342.36966830653586,336.0461106791249,337.1415100097656,17638170.0,KOTAKBANK,-0.013318977759280037,False
2019-12-16,337.39048121409,344.5605392743105,337.39048121409,339.3722229003906,18310635.0,KOTAKBANK,0.006616547723715227,False
2019-12-17,341.78213571517193,342.84769149037504,340.29834428375,341.23443603515625,13234410.0,KOTAKBANK,0.0054872290927363565,False
2019-12-18,342.36962505207003,343.75385661373315,339.8402144769136,343.4351806640625,22963340.0,KOTAKBANK,0.0064493626565858,False
2019-12-19,343.5546893115961,345.51649451313926,341.63272620289484,344.4609069824219,13507510.0,KOTAKBANK,0.002986666410750516,False
2019-12-20,343.1962210588096,343.44518096958075,336.0560374460214,337.1315612792969,15293395.0,KOTAKBANK,-0.021277728632059345,False
2019-12-23,338.38628752979906,340.81613861094206,337.60953384914603,339.5614013671875,8727440.0,KOTAKBANK,0.007207394284505009,False
2019-12-24,339.5713486411136,341.8717357750297,338.58547712389634,340.8858642578125,8513520.0,KOTAKBANK,0.00390051073323483,False
2019-12-25,339.5713486411136,341.8717357750297,338.58547712389634,340.8858642578125,8513520.0,KOTAKBANK,0.0,False
2019-12-26,340.7862529716457,341.57297474646816,336.5340289205243,337.44024658203125,8234850.0,KOTAKBANK,-0.010107833844278491,False
2019-12-27,339.581300216136,339.581300216136,334.87096801445296,335.7174377441406,7646830.0,KOTAKBANK,-0.005105522697251286,False
2019-12-30,336.59380811241533,339.9398148126649,335.6975584884638,336.6734619140625,9341420.0,KOTAKBANK,0.00284770483280794,False
2019-12-31,336.6734633546143,336.84276947093446,332.68016693056967,335.468505859375,9848395.0,KOTAKBANK,-0.003579005151867487,False
2020-01-01,336.3946346844311,337.9382044362754,333.00878582099614,333.4170837402344,7375280.0,KOTAKBANK,-0.0061150960024860535,False
2020-01-02,334.60209974376227,335.29919960780666,331.5448649315232,332.91912841796875,9260445.0,KOTAKBANK,-0.0014934907254290364,False
2020-01-03,332.79963291921257,333.2079307954168,327.7407508151025,330.0411682128906,7970445.0,KOTAKBANK,-0.008644622550690317,False
2020-01-06,330.0411969951475,330.1108826752207,326.3565780577594,329.1349792480469,7400435.0,KOTAKBANK,-0.0027456846361033627,False
2020-01-07,330.8278566730204,333.55647777390266,328.7067135159543,332.7797241210937,12489655.0,KOTAKBANK,0.01107370866923274,False
2020-01-08,329.5631436072042,330.9075330798619,326.2370431520419,329.593017578125,15629655.0,KOTAKBANK,-0.009576023753806284,False
2020-01-09,333.3075135272033,333.35729334905415,330.3598065427122,331.6245422363281,13342120.0,KOTAKBANK,0.006163736941792397,False
2020-01-10,333.4270631762208,336.9921560108463,332.84945911843414,335.5382385253906,12680415.0,KOTAKBANK,0.011801588213798286,False
2020-01-13,336.99211004278675,339.481709009401,335.7074684666423,336.8128662109375,9039790.0,KOTAKBANK,0.003798755370322482,False
2020-01-14,337.78880298815847,337.8087088394502,332.8096050100937,333.9647521972656,10684460.0,KOTAKBANK,-0.008456072494238298,False
2020-01-15,333.7955156341635,335.91665908409675,331.79386808722097,333.7257995605469,12451225.0,KOTAKBANK,-0.0007155025647066493,False
2020-01-16,334.3830129572802,339.70079266761473,334.3830129572802,338.8941650390625,16606410.0,KOTAKBANK,0.015486862224381115,False
2020-01-17,339.3622700463089,339.75066213774375,336.6137426011313,338.20709228515625,11479375.0,KOTAKBANK,-0.002027396233945322,False
2020-01-20,340.3779633902688,340.3779633902688,320.85953152747624,322.2337646484375,40020170.0,KOTAKBANK,-0.047229428362344894,False
2020-01-21,319.66452127202587,324.763215315798,315.72100484607927,323.66778564453125,28727345.0,KOTAKBANK,0.004450250574015158,False
2020-01-22,325.2811120038192,326.21717341369964,313.8887027808641,315.7807922363281,27395810.0,KOTAKBANK,-0.024367557594579536,False
2020-01-23,316.2787071431742,320.3417199058915,314.9442855399627,319.8338623046875,17478415.0,KOTAKBANK,0.012835074735407126,False
2020-01-24,319.75413389927684,328.4278883162716,316.0794833396361,327.2229309082031,21264685.0,KOTAKBANK,0.023102833922183263,False
2020-01-27,324.3847902230332,324.44453816937624,320.3416837705437,322.32342529296875,9372145.0,KOTAKBANK,-0.01497298982573092,False
2020-01-28,322.6520676009276,326.2370966523944,320.7101680007865,323.8570251464844,9905520.0,KOTAKBANK,0.004757953450394314,False
2020-01-29,325.24124522444936,327.8702461737676,323.25950359771286,326.7250366210937,11137465.0,KOTAKBANK,0.00885579515624868,False
2020-01-30,326.19722333576453,326.69514314552003,322.15411691179906,324.295166015625,7950780.0,KOTAKBANK,-0.007437050526025724,False
2020-01-31,340.50744487681584,344.36133946712977,335.22950687804746,336.9423522949219,47475230.0,KOTAKBANK,0.03899899722429878,False
2020-02-03,327.7507529820439,334.7614728891604,325.4403976140395,333.8552551269531,12551470.0,KOTAKBANK,-0.009162093001792382,False
2020-02-04,335.40876848826457,339.1431673806614,332.64033532499235,338.2469177246094,10352085.0,KOTAKBANK,0.013154391102773833,False
2020-02-05,338.98382588204714,340.06928750202576,334.02456365412803,336.5440368652344,10482560.0,KOTAKBANK,-0.005034431269411943,False
2020-02-06,337.37055726154455,338.1672168296678,332.21211514000265,333.4071044921875,12663090.0,KOTAKBANK,-0.009321016061571208,False
2020-02-07,333.75561710966286,334.19378894029296,327.432029926834,329.2344970703125,11450755.0,KOTAKBANK,-0.012515052515843395,False
2020-02-10,330.61876115409945,333.52662628069845,327.7706743653872,332.47100830078125,6775620.0,KOTAKBANK,0.009830413456878961,False
2020-02-11,335.0901085512017,335.75733455716374,331.9233454324018,334.0942687988281,9573830.0,KOTAKBANK,0.004882412172848349,False
2020-02-12,334.6220346090292,342.568846107612,333.6062890873547,341.5531005859375,15052685.0,KOTAKBANK,0.02232553049750341,False
2020-02-13,341.51324740904585,341.51324740904585,335.0601956232154,336.553955078125,11234600.0,KOTAKBANK,-0.01463651039687952,False
2020-02-14,337.78877696002445,339.1829462083331,331.33572593706833,334.7912902832031,9460785.0,KOTAKBANK,-0.005237391414736781,False
2020-02-17,335.5979406996052,338.4261214788056,333.05856190990363,336.8128662109375,9063825.0,KOTAKBANK,0.006038316964650736,False
2020-02-18,335.1000596184599,338.5456564769325,334.2635579159148,336.7929992675781,11095195.0,KOTAKBANK,-5.898510820823155e-05,False
2020-02-19,346.5521966565572,346.5521966565572,337.6692936462488,338.8045654296875,15842670.0,KOTAKBANK,0.005972707765553142,False
2020-02-20,338.0477461737935,338.4361382559176,333.84530129834747,335.7872009277344,10499515.0,KOTAKBANK,-0.008905914529594217,False
2020-02-21,338.0477461737935,338.4361382559176,333.84530129834747,335.7872009277344,10499515.0,KOTAKBANK,0.0,False
2020-02-24,333.0087710011708,335.34900024357694,331.07683965983244,334.2535705566406,9630665.0,KOTAKBANK,-0.004567268695341964,False
2020-02-25,333.8452788011461,336.5340580467029,332.2818336275621,333.765625,7677775.0,KOTAKBANK,-0.0014598065649022995,False
2020-02-26,332.63033581342773,334.14403147162966,330.02124089598567,331.913330078125,12929475.0,KOTAKBANK,-0.0055496875146294755,False
2020-02-27,331.81377238809006,336.37470445998326,330.7382485834811,335.1498107910156,13446760.0,KOTAKBANK,0.00975098141472297,False
2020-02-28,329.6030270513635,330.63867843362647,321.4072555735754,322.7217712402344,18716560.0,KOTAKBANK,-0.037082042569108964,False
2020-03-02,324.842879984208,326.0976171771549,315.5218058031937,318.469482421875,23814235.0,KOTAKBANK,-0.013176330812816328,False
2020-03-03,319.42555119384895,325.90844696095945,316.0795140060943,323.9068298339844,14591930.0,KOTAKBANK,0.017073370329740323,False
2020-03-04,325.0819036633873,325.26114750988535,314.20732111661493,320.2520751953125,12651105.0,KOTAKBANK,-0.011283351575343659,False
2020-03-05,321.65622192425684,333.90503803323764,320.2620524274761,328.8959655761719,25304810.0,KOTAKBANK,0.026990895767303735,False
2020-03-06,319.7043702582657,327.43206528904534,318.31020082415193,324.85284423828125,17711215.0,KOTAKBANK,-0.012293009830046886,False
2020-03-09,317.67280782598976,320.65035827466124,307.2363986846917,314.3168334960937,27677505.0,KOTAKBANK,-0.03243317991225392,False
2020-03-10,317.67280782598976,320.65035827466124,307.2363986846917,314.3168334960937,27677505.0,KOTAKBANK,0.0,False
2020-03-11,313.8786621098321,319.64458146516574,307.2164932607092,316.5375366210937,23571010.0,KOTAKBANK,0.007065174016610776,False
2020-03-12,300.7236679693396,308.00325336801274,269.06591703681715,291.7909851074219,39039565.0,KOTAKBANK,-0.07817888449449295,False
2020-03-13,278.83508197946463,299.7477131279245,233.43475924261023,292.78680419921875,57044450.0,KOTAKBANK,0.003412782240103329,False
2020-03-16,282.220949245394,287.7478775081517,273.8559023075763,275.5886535644531,32902600.0,KOTAKBANK,-0.058739500510629594,False
2020-03-17,277.2417452067384,279.4226364142584,259.5357179099892,263.4394226074219,24105575.0,KOTAKBANK,-0.04408465588076127,False
2020-03-18,264.0966884692135,264.69416794928526,231.4530506224906,233.41485595703125,55827210.0,KOTAKBANK,-0.11397142596661891,False
2020-03-19,218.0988266617748,249.67690725715863,199.3670861022722,241.1624755859375,49586245.0,KOTAKBANK,0.033192487243967506,False
2020-03-20,242.38735924328608,255.65195037467169,228.34602961342063,251.4196319580078,51895950.0,KOTAKBANK,0.04253214081979029,False
2020-03-23,226.55350715270083,239.88779868016184,214.7328960595832,218.7361602783203,33472025.0,KOTAKBANK,-0.12999570250403636,False
2020-03-24,229.6705073026936,236.0140011200896,207.3537367144645,229.62071228027344,36859170.0,KOTAKBANK,0.04976110025934255,False
2020-03-25,227.05142098989168,263.6983048530681,224.0738552180036,256.9564819335937,32245300.0,KOTAKBANK,0.11904749088990885,False
2020-03-26,258.9183047123369,276.8434181154987,249.5175761407629,273.4476013183594,36274745.0,KOTAKBANK,0.06417864714161037,False
2020-03-27,286.0051546221381,288.7934934370086,273.7662770288324,278.6558532714844,51116430.0,KOTAKBANK,0.019046617809096666,False
2020-03-30,267.92071042549014,274.8517459442781,254.09845109304044,257.6635437011719,27851625.0,KOTAKBANK,-0.0753341777100962,False
2020-03-31,264.5547385338667,264.89332033403684,255.93076438288523,258.1315612792969,22384305.0,KOTAKBANK,0.0018163903647454571,False
2020-04-01,257.9025637070216,257.9025637070216,230.63646920538497,235.34678649902344,54192310.0,KOTAKBANK,-0.08826807023268435,False
2020-04-02,257.9025637070216,257.9025637070216,230.63646920538497,235.34678649902344,54192310.0,KOTAKBANK,0.0,False
2020-04-03,235.3467889237714,235.615669886946,216.4955362381836,227.22073364257807,50557355.0,KOTAKBANK,-0.03452799580281962,False
2020-04-06,235.3467889237714,235.615669886946,216.4955362381836,227.22073364257807,50557355.0,KOTAKBANK,0.0,False
2020-04-07,243.18404435902556,244.7873468354329,233.2256476596772,238.61314392089844,42762850.0,KOTAKBANK,0.05013807541102655,False
2020-04-08,235.9741731171644,247.47610906304843,231.1045177752438,236.5417938232422,37025435.0,KOTAKBANK,-0.008680787921485633,False
2020-04-09,241.98901928206732,255.17392566939472,237.02974240084896,253.52084350585935,40487010.0,KOTAKBANK,0.0717803370312855,False
2020-04-10,241.98901928206732,255.17392566939472,237.02974240084896,253.52084350585935,40487010.0,KOTAKBANK,0.0,False
2020-04-13,248.9599010624431,250.38394440277315,242.18818871448332,249.1391448974609,21252680.0,KOTAKBANK,-0.017283386043550952,False
2020-04-14,248.9599010624431,250.38394440277315,242.18818871448332,249.1391448974609,21252680.0,KOTAKBANK,0.0,False
2020-04-15,252.11670954384437,253.1324701898665,229.7003656328002,233.7733459472656,45228380.0,KOTAKBANK,-0.061675570719805894,False
2020-04-16,232.0206833250018,232.0206833250018,221.9626968771963,225.2290496826172,55276025.0,KOTAKBANK,-0.036549488693958354,False
2020-04-17,236.4820406484517,238.59321582384285,226.05559839664696,236.2629547119141,42926975.0,KOTAKBANK,0.0489897064559186,False
2020-04-20,242.98486422722544,243.88111379584257,233.47459293664767,234.5700225830078,32800900.0,KOTAKBANK,-0.007165457364953998,False
2020-04-21,229.04311466970253,230.03895429870124,224.063916524709,225.08963012695312,23998980.0,KOTAKBANK,-0.04041604443594171,False
2020-04-22,224.47222451359795,232.37919395465943,220.71790468876165,229.4713287353516,34818460.0,KOTAKBANK,0.01946646145327602,False
2020-04-23,233.4247805015182,249.9557228305876,230.6563478148756,248.89016723632807,52791235.0,KOTAKBANK,0.08462424742993546,False
2020-04-24,242.7857146798968,250.5532671479924,241.66041098985883,246.8786163330078,33921175.0,KOTAKBANK,-0.00808208265379251,False
2020-04-27,249.33833660022927,263.8776015783077,249.33833660022927,259.63531494140625,38857060.0,KOTAKBANK,0.051671946310616335,False
2020-04-28,260.9299082653714,266.18794068613954,260.9299082653714,264.22613525390625,33391940.0,KOTAKBANK,0.017681802313895822,False
2020-04-29,264.29581231166844,269.2750100959523,261.9456455449799,264.4651184082031,33516145.0,KOTAKBANK,0.0009044644810296543,False
2020-04-30,266.8850088582374,274.85172554057283,265.699957320491,270.3106994628906,31362610.0,KOTAKBANK,0.022103410422787073,False
2020-05-01,266.8850088582374,274.85172554057283,265.699957320491,270.3106994628906,31362610.0,KOTAKBANK,0.0,False
2020-05-04,257.9224557837833,260.0933788128495,251.68850537298744,254.49676513671875,25482195.0,KOTAKBANK,-0.05850280568839594,False
2020-05-05,258.3207974237037,259.49588090918587,243.98071263665187,246.6396026611328,25024205.0,KOTAKBANK,-0.030873329456132637,False
2020-05-06,245.1757086356543,254.4170989892473,241.8396550635194,248.1532745361328,23021370.0,KOTAKBANK,0.006137180966349964,False
2020-05-07,245.07613992356707,246.9682291494116,235.86462331214747,238.9616851806641,34216360.0,KOTAKBANK,-0.037039968030445514,False
2020-05-08,243.3831922339292,247.55576259041345,241.2023162733409,242.47698974609372,17556020.0,KOTAKBANK,0.014710745627575905,False
2020-05-11,247.07777330802924,249.41800253655109,236.013994316841,236.7011260986328,23370405.0,KOTAKBANK,-0.02382025467038762,False
2020-05-12,234.6198235950331,234.6198235950331,226.45392644881025,230.4771270751953,51342750.0,KOTAKBANK,-0.02629475882106269,False
2020-05-13,241.9989939731877,242.98488072183704,233.5642307095551,236.3525848388672,59574620.0,KOTAKBANK,0.02549258504838514,False
2020-05-14,234.7990526704956,241.78985070871067,232.4588236021604,233.6438751220703,35499850.0,KOTAKBANK,-0.011460461575419356,False
2020-05-15,234.9882885554659,236.9899208253471,229.87962617695536,234.67958068847656,19319900.0,KOTAKBANK,0.004432838506317038,False
2020-05-18,234.02231669020264,234.22148158023924,221.0764012988297,221.8033599853516,31987080.0,KOTAKBANK,-0.05486723926022952,False
2020-05-19,229.04312023580428,233.00655780085089,224.12366991775133,225.14938354492188,31914605.0,KOTAKBANK,0.015085540452548951,False
2020-05-20,225.0597591173762,234.61982575977692,222.07224019103933,231.05471801757807,26271940.0,KOTAKBANK,0.026228517172368626,False
2020-05-21,232.03065010134608,236.92022667524836,227.96762230188557,229.09292602539065,29885640.0,KOTAKBANK,-0.008490594821085495,False
2020-05-22,227.05143015641573,232.4688000440284,222.37098704751585,231.0746154785156,25948740.0,KOTAKBANK,0.008650155583177277,False
2020-05-25,227.05143015641573,232.4688000440284,222.37098704751585,231.0746154785156,25948740.0,KOTAKBANK,0.0,False
2020-05-26,231.03479293689543,234.02231181107945,227.9576521433596,229.68045043945312,27353985.0,KOTAKBANK,-0.006033397637275728,False
2020-05-27,231.8214858456177,247.56572214558187,231.2339441486464,242.49688720703125,58726830.0,KOTAKBANK,0.05580116524090806,False
2020-05-28,243.78154285187884,249.93582443085717,240.91351987393577,244.86700439453125,53550015.0,KOTAKBANK,0.009773804582804857,False
2020-05-29,242.287780499848,244.93671751312397,239.0114596688734,243.7815399169922,27486760.0,KOTAKBANK,-0.004432873592842945,False
2020-06-01,248.7607464418106,254.77561121365213,246.56990226115207,248.6412353515625,34717880.0,KOTAKBANK,0.019934632606821046,False
2020-06-02,263.49919337059305,269.52401146045185,258.52993255157486,267.4626159667969,86600150.0,KOTAKBANK,0.075696939763922,False
2020-06-03,271.665034140102,284.4516415086403,267.32318801699483,276.1562805175781,61722075.0,KOTAKBANK,0.032504223139208754,False
2020-06-04,274.8617044716918,274.8617044716918,264.9630561733286,265.7696838378906,30020720.0,KOTAKBANK,-0.037611299877810866,False
2020-06-05,267.6816697460189,270.470038833535,263.10083194262194,266.44683837890625,28440585.0,KOTAKBANK,0.002547899862907821,False
2020-06-08,269.8725405155513,271.8642197813487,262.0054134937742,266.2377319335937,26511485.0,KOTAKBANK,-0.0007847961213756083,False
2020-06-09,267.2734182424205,270.8683847913103,258.73906514844685,259.7448425292969,27386665.0,KOTAKBANK,-0.024387562788869888,False
2020-06-10,259.81459318927125,267.74146934899915,259.6353493221606,265.3415222167969,24381800.0,KOTAKBANK,0.021546836630139232,False
2020-06-11,265.690019143835,265.769703338382,256.7673039633696,258.6593933105469,21884065.0,KOTAKBANK,-0.025183125695609654,False
2020-06-12,246.96822117016836,256.86686924025395,245.29521793340783,254.8951110839844,44962120.0,KOTAKBANK,-0.014553046685774396,False
2020-06-15,252.9432585389169,253.17229739235685,246.4105531905781,248.7408142089844,37767895.0,KOTAKBANK,-0.02414442885478585,False
2020-06-16,254.13826943489232,258.0818010385266,246.58980324878868,254.297607421875,26331460.0,KOTAKBANK,0.022339692143252154,False
2020-06-17,252.8337138585028,255.92080748205544,246.29105562888836,247.7250518798828,27146320.0,KOTAKBANK,-0.025845919702612186,False
2020-06-18,246.9682387505437,260.89008831105457,244.6479304904585,259.5855407714844,33362610.0,KOTAKBANK,0.047877632082816035,False
2020-06-19,259.7149689872884,262.0551982467276,254.2079921247395,259.4162292480469,42463075.0,KOTAKBANK,-0.0006522378824888042,False
2020-06-22,260.8701457436009,275.84758256250376,258.11168085859697,269.9422607421875,38169335.0,KOTAKBANK,0.04057584031905703,False
2020-06-23,269.87251539684104,277.9786638416416,268.8866439770289,276.823486328125,23349125.0,KOTAKBANK,0.025491472017082684,False
2020-06-24,277.2417460291718,278.4367657376039,266.2775724034769,267.6617736816406,26663085.0,KOTAKBANK,-0.033095864689836274,False
2020-06-25,266.287528815162,276.7936558495469,263.89751962124365,275.1903381347656,49925190.0,KOTAKBANK,0.028127155960938843,False
2020-06-26,274.85174926122795,275.4392910203836,264.28590493690564,266.9049377441406,33470980.0,KOTAKBANK,-0.03010788985828239,False
2020-06-29,266.1082473322956,272.2426226432611,261.5074734467244,270.0019836425781,19098405.0,KOTAKBANK,0.011603554151577322,False
2020-06-30,271.8442890746611,273.4376080291313,267.89080487789465,270.9579772949219,23888320.0,KOTAKBANK,0.0035406912180662165,False
2020-07-01,262.7024921295421,271.82438713069115,262.1050126415356,270.2210998535156,44697925.0,KOTAKBANK,-0.0027195266541431007,False
2020-07-02,270.49991807474754,273.2384770017206,267.3430931397852,269.2750244140625,24964910.0,KOTAKBANK,-0.003501116085923628,False
2020-07-03,270.84847047248326,272.601127536023,268.88666520774564,269.633544921875,13840515.0,KOTAKBANK,0.0013314287449890383,False
2020-07-06,272.86006901091383,275.10070826374067,271.06756976489834,272.4418029785156,16240365.0,KOTAKBANK,0.010415091554926148,False
2020-07-07,272.86005507104244,273.73639879654246,269.175436331721,272.5115051269531,17871440.0,KOTAKBANK,0.00025584234018216634,False
2020-07-08,272.46176801912065,274.6227233081668,268.478408926416,269.4244384765625,16915525.0,KOTAKBANK,-0.011328206671320062,False
2020-07-09,270.02191439906795,273.7762493209365,268.42856488460546,272.4916076660156,17229575.0,KOTAKBANK,0.011384153593475776,False
2020-07-10,271.54552969215166,273.8558848141489,267.9903750937265,268.7472229003906,15089795.0,KOTAKBANK,-0.013741284723213787,False
2020-07-13,270.8683888098018,271.8443226218702,263.7182673107024,265.99871826171875,16783485.0,KOTAKBANK,-0.0102270996850099,False
2020-07-14,264.6543394988855,265.17216514572146,257.5838723228001,258.5797119140625,14574715.0,KOTAKBANK,-0.027891135702227787,False
2020-07-15,260.1929577498249,261.29835545914176,254.9349261143411,256.9266052246094,21862715.0,KOTAKBANK,-0.006393025489960014,False
2020-07-16,256.6477485065879,264.4750321253156,252.34571471782024,263.4294128417969,21020285.0,KOTAKBANK,0.025309981469231912,False
2020-07-17,262.30416624016004,266.4667688184337,259.1374033441881,264.3854675292969,21000815.0,KOTAKBANK,0.003629263251913928,False
2020-07-20,264.8933547079389,266.22777623139825,260.7108158984095,262.71246337890625,17408710.0,KOTAKBANK,-0.0063278975430267614,False
2020-07-21,263.91742797874605,271.4659099699792,263.89752212524513,270.6692199707031,22021225.0,KOTAKBANK,0.030286939909359933,False
2020-07-22,271.8642100207736,272.1330757713824,265.0825447954605,267.3530578613281,20862875.0,KOTAKBANK,-0.012251714878159903,False
2020-07-23,266.8850215447596,274.82186463244284,265.9489298588386,273.66668701171875,21543595.0,KOTAKBANK,0.023615324249126157,False
2020-07-24,270.8683883101852,271.8642279730903,267.203705644442,268.876708984375,15561890.0,KOTAKBANK,-0.017502963475925837,False
2020-07-27,271.86425734076886,274.7521865970344,260.9398938429894,263.4195251464844,37804195.0,KOTAKBANK,-0.020296231155550792,False
2020-07-28,264.9132086512228,279.19354320804496,262.78212795811174,275.6583251953125,33758855.0,KOTAKBANK,0.046461248618614226,False
2020-07-29,275.84754444920327,278.4267651349056,268.06007218219776,276.7338562011719,20338950.0,KOTAKBANK,0.00390168156574755,False
2020-07-30,277.85918045593326,283.75456481578925,274.0550959220405,275.8475952148437,30485515.0,KOTAKBANK,-0.003202575205268343,False
2020-07-31,273.8559203823574,276.8334713916993,268.94643790343247,272.0136108398437,16115350.0,KOTAKBANK,-0.01389892259895864,False
2020-08-03,270.0717242109751,270.0717242109751,258.9382138693743,260.6211853027344,26206300.0,KOTAKBANK,-0.04188182165567056,False
2020-08-04,262.90166319009006,265.16220821705053,259.31663443210243,263.6883850097656,24732980.0,KOTAKBANK,0.011768804226212293,False
2020-08-05,265.29168650496393,269.4742253460786,263.30000713121706,265.7298583984375,17378010.0,KOTAKBANK,0.0077419920812829,False
2020-08-06,267.88087156257365,272.3422442303338,265.02281656862374,266.9049377441406,18389150.0,KOTAKBANK,0.004422082459176302,False
2020-08-07,267.18375449259963,268.438522122842,263.5489460039378,267.3829345703125,14035345.0,KOTAKBANK,0.0017908879101744546,False
2020-08-10,268.6775321054028,274.85175024542286,268.1198643187628,270.9082336425781,14800280.0,KOTAKBANK,0.013184458005634614,False
2020-08-11,273.4575797697624,275.84758890234565,270.3007546404173,271.7845764160156,12514625.0,KOTAKBANK,0.0032348325543833933,False
2020-08-12,268.8766703265971,269.8426358763578,265.60034979732063,265.9090576171875,19200950.0,KOTAKBANK,-0.02161829371006907,False
2020-08-13,267.26345677113454,270.56965178504265,265.68007533516044,266.1381530761719,16656640.0,KOTAKBANK,0.0008615556801159219,False
2020-08-14,266.3970425150834,268.2393213339233,259.3763555910601,260.4020690917969,16657510.0,KOTAKBANK,-0.021553031454055627,False
2020-08-17,262.9215737619477,265.6003848548509,261.34816048496543,264.4053955078125,14156700.0,KOTAKBANK,0.015373635201817004,False
2020-08-18,262.6228247942232,273.8459263279343,262.5033289027799,272.7305908203125,21309745.0,KOTAKBANK,0.03148648043475344,False
2020-08-19,273.32810374194696,275.0309809953908,268.8667312706745,269.9920349121094,16983820.0,KOTAKBANK,-0.010041249498144555,False
2020-08-20,267.48255063313513,268.8767201409279,264.9232352995274,266.5564270019531,14206945.0,KOTAKBANK,-0.012724849128510907,False
2020-08-21,267.2832979771118,269.2749768448855,265.1024071856509,266.7654724121094,12425830.0,KOTAKBANK,0.0007842444937735671,False
2020-08-24,268.398684031222,278.1379943205864,267.353064584171,276.29571533203125,30145690.0,KOTAKBANK,0.03572517400302533,False
2020-08-25,277.24172525667035,279.83091417053424,274.96124417274217,278.85498046875,22811185.0,KOTAKBANK,0.009262775333461981,False
2020-08-26,280.8267816763257,287.1304332974027,279.47245433800566,286.1445617675781,28593240.0,KOTAKBANK,0.026141119253364042,False
2020-08-27,287.00098947093915,287.9669551140281,281.13547954554207,282.8184509277344,21417855.0,KOTAKBANK,-0.011623882765052884,False
2020-08-28,280.8267777538909,293.57351295668724,279.03427856277125,292.19927978515625,53228510.0,KOTAKBANK,0.033169083652957454,False
2020-08-31,296.361859485073,299.05060806589006,273.6566992558187,279.1039428710937,34868765.0,KOTAKBANK,-0.044816458561058425,False
2020-09-01,282.7885581212596,287.2001200323302,276.0666411613236,284.9395751953125,21291070.0,KOTAKBANK,0.02090845533813912,False
2020-09-02,283.81430370723706,286.30390286256375,280.2591488196831,283.5155639648437,16626250.0,KOTAKBANK,-0.0049975902065998445,False
2020-09-03,285.56700034587254,286.2043219468442,276.8434349023692,278.1778564453125,11975745.0,KOTAKBANK,-0.018826858902861066,False
2020-09-04,274.85172621506416,277.7794970342562,269.6733482025934,274.8616943359375,20508780.0,KOTAKBANK,-0.011921013957582716,False
2020-09-07,274.6525737054476,274.6525737054476,270.15138925776296,272.6111145019531,11607735.0,KOTAKBANK,-0.008188044679786177,False
2020-09-08,273.23849428652125,273.28827411391546,268.4186339170226,269.0161437988281,14119345.0,KOTAKBANK,-0.013187175840914778,False
2020-09-09,267.48253109205376,268.92648032332283,261.52739915521795,264.1265563964844,17217005.0,KOTAKBANK,-0.018175814035904847,False
2020-09-10,264.8933322154733,267.49245897039424,261.9257192823636,262.80206298828125,16449740.0,KOTAKBANK,-0.005014616577270314,False
2020-09-11,262.30413817377547,266.1281584977725,261.10914891724565,264.9630432128906,17501570.0,KOTAKBANK,0.008222843458826734,False
2020-09-14,266.28751626272293,268.4684075269057,258.91830893275954,259.8544006347656,19455565.0,KOTAKBANK,-0.019280585383450455,False
2020-09-15,260.5315600003479,264.66428840040265,256.7274453074106,263.6883850097656,25149565.0,KOTAKBANK,0.014754356153424464,False
2020-09-16,263.69836943806445,265.2917192116222,259.0278782995743,263.9772033691406,16429435.0,KOTAKBANK,0.0010953017872377124,False
2020-09-17,261.90585568769603,264.2162112141266,259.1573282376108,259.93408203125,16544955.0,KOTAKBANK,-0.015316176117817326,False
2020-09-18,261.5274032599305,261.7066471026618,251.4495108937372,254.35736083984372,32645685.0,KOTAKBANK,-0.021454366998844843,False
2020-09-21,254.1382931377164,262.79215791856933,253.57067239969683,256.4984436035156,34298955.0,KOTAKBANK,0.008417616681516193,False
2020-09-22,256.5382342018032,259.2170452555561,251.29017025744457,253.0528106689453,21191625.0,KOTAKBANK,-0.013433348312617555,False
2020-09-23,254.9449223593374,256.4187456135306,251.97730921704297,254.01878356933597,14176745.0,KOTAKBANK,0.0038172778948279973,False
2020-09-24,252.34575356184777,255.91087641923016,246.1715509585736,248.1831512451172,28080625.0,KOTAKBANK,-0.022973231515479253,False
2020-09-25,249.9656820400901,250.6328927206651,245.09602720817543,249.56735229492188,18199870.0,KOTAKBANK,0.005577336909698527,False
2020-09-28,250.55325004446016,255.72166001221672,249.6868592575552,254.676025390625,9460495.0,KOTAKBANK,0.020470117780734487,False
2020-09-29,256.28927311059334,257.504198677289,250.77234343041388,251.598876953125,11747350.0,KOTAKBANK,-0.012082599580310882,False
2020-09-30,251.5988758714649,254.32748192179463,249.3582367090403,252.5847625732422,14753080.0,KOTAKBANK,0.003918481799506823,False
2020-10-01,254.93496661201,260.8701627940733,254.71588065945312,259.92413330078125,15811955.0,KOTAKBANK,0.02905706050027801,False
2020-10-02,254.93496661201,260.8701627940733,254.71588065945312,259.92413330078125,15811955.0,KOTAKBANK,0.0,False
2020-10-05,260.9099860330899,265.6302562080814,260.6311521491372,261.826171875,19300040.0,KOTAKBANK,0.0073176682367455115,False
2020-10-06,263.89752980352563,267.28337882476825,261.11912843320255,266.5364990234375,13162655.0,KOTAKBANK,0.01799028383872292,False
2020-10-07,266.86509883847816,266.88500468925264,263.270102188613,263.8377380371094,14173350.0,KOTAKBANK,-0.010125296145991669,False
2020-10-08,264.1962433430045,267.1339824262112,261.1589446086631,262.92156982421875,25856265.0,KOTAKBANK,-0.0034724684183039534,False
2020-10-09,263.49914891072274,266.53644735780193,260.0336163636876,262.87176513671875,26563380.0,KOTAKBANK,-0.0001894279253440434,False
2020-10-12,264.4950038704852,270.5098835645927,260.41205543186305,261.487548828125,25875695.0,KOTAKBANK,-0.005265747380186814,False
2020-10-13,262.8319941473246,268.81700113925285,260.3523627417644,267.8709411621094,24360745.0,KOTAKBANK,0.024411840497155612,False
2020-10-14,265.9389198469607,270.4700076960596,263.7281549951367,269.5438842773437,16790105.0,KOTAKBANK,0.006245332576861662,False
2020-10-15,269.5439072952346,272.05341204784554,259.16724569976674,260.8203430175781,17482370.0,KOTAKBANK,-0.032364085288574374,False
2020-10-16,260.6112902686445,267.5423268324935,260.6112902686445,266.19793701171875,11790145.0,KOTAKBANK,0.02061800062036645,False
2020-10-19,268.8766784585065,274.85171575758443,265.59042010025814,274.1944580078125,19853580.0,KOTAKBANK,0.03003975570156925,False
2020-10-20,273.1986674205545,276.04678484667164,269.9721564257936,272.62109375,16140555.0,KOTAKBANK,-0.005738132963167608,False
2020-10-21,273.8558947407501,278.8350928269455,270.59951013299906,277.50067138671875,21402230.0,KOTAKBANK,0.017898753062715933,False
2020-10-22,276.445089331386,279.83093801933336,274.3637881367635,277.45086669921875,18050460.0,KOTAKBANK,-0.00017947591712519362,False
2020-10-23,278.83510908481907,280.36871069415776,274.5032004191283,275.4591979980469,11929255.0,KOTAKBANK,-0.00717845550409113,False
2020-10-26,278.6359267767222,284.6109647810032,268.3489163845557,282.2010498046875,40111940.0,KOTAKBANK,0.02447495620272755,False
2020-10-27,289.29141009895125,319.0670087091543,289.29141009895125,316.2089538574219,165834400.0,KOTAKBANK,0.12050948809818873,False
2020-10-28,313.68945798469883,313.68945798469883,306.91776120667043,308.9791259765625,36224915.0,KOTAKBANK,-0.022864083362165943,False
2020-10-29,305.1252332553438,316.4379863914519,303.73106395792155,312.87286376953125,36430145.0,KOTAKBANK,0.012601944486256622,False
2020-10-30,313.49034939539223,313.61981342879875,302.4564580468317,308.1925048828125,21009920.0,KOTAKBANK,-0.01495929953888997,False
2020-11-02,309.7061075503732,319.62466119920674,305.68290716156935,314.8247375488281,28562300.0,KOTAKBANK,0.021519772742486065,False
2020-11-03,314.8844772134166,318.9673950474628,312.7334601430028,317.3939819335937,26303090.0,KOTAKBANK,0.008160871997446195,False
2020-11-04,316.4778428101258,325.79891815536445,314.2870137162195,324.7831726074219,25440305.0,KOTAKBANK,0.023280815309769,False
2020-11-05,327.2329029694352,334.6021100288528,325.0520117853195,333.6958923339844,30372525.0,KOTAKBANK,0.027442061283561747,False
2020-11-06,330.61879607922685,343.56471279317253,328.6271165847737,342.18048095703125,29788295.0,KOTAKBANK,0.025426110473529384,False
2020-11-09,344.56050291004345,348.9023489950573,338.6452132323041,344.1920471191406,26051055.0,KOTAKBANK,0.0058786700997184305,False
2020-11-10,344.759688563195,357.39689577088603,343.65429078199486,349.13140869140625,40019115.0,KOTAKBANK,0.014350597620159,False
2020-11-11,353.3239112038423,362.176940669216,350.5355722174497,360.0657653808594,52671695.0,KOTAKBANK,0.03131874250568467,False
2020-11-12,358.30305429720363,358.30305429720363,348.2351311363801,349.4898986816406,33875995.0,KOTAKBANK,-0.02937204176584829,False
2020-11-13,348.5239368393098,353.48319835101773,342.6385214487332,351.1927795410156,31322780.0,KOTAKBANK,0.004872475186832759,False
2020-11-16,348.5239368393098,353.48319835101773,342.6385214487332,351.1927795410156,31322780.0,KOTAKBANK,0.0,False
2020-11-17,352.88569805739,358.9005776142133,351.431780783768,357.83502197265625,29133725.0,KOTAKBANK,0.018913379826093202,False
2020-11-18,356.80935839577387,368.4208531412706,355.3454727963606,364.5968322753906,30876240.0,KOTAKBANK,0.01889644637201293,False
2020-11-19,362.2864198068151,370.59174848175707,361.6988781132317,363.7503051757813,43588840.0,KOTAKBANK,-0.002321816934958698,False
2020-11-20,362.485603243062,378.2198562825325,360.9121900953597,376.307861328125,45581330.0,KOTAKBANK,0.034522462177111635,False
2020-11-23,376.9054136380547,379.4746666447493,372.67309499119335,377.9908752441406,52217195.0,KOTAKBANK,0.004472438896375053,False
2020-11-24,377.6224050092126,388.0587850241434,376.59669139192965,383.37835693359375,44749430.0,KOTAKBANK,0.014252941121854823,False
2020-11-25,386.1866104787216,386.1866104787216,369.0780923034935,370.9403076171875,34185845.0,KOTAKBANK,-0.03244327461750973,False
2020-11-26,373.4398633615085,378.4290296610147,368.4706333047078,376.2481384277344,34322855.0,KOTAKBANK,0.014309123871284912,False
2020-11-27,377.4232454773506,383.4281576396374,367.8532405687055,379.8331909179688,393510620.0,KOTAKBANK,0.009528425855382716,False
2020-11-30,377.4232454773506,383.4281576396374,367.8532405687055,379.8331909179688,393510620.0,KOTAKBANK,0.0,False
2020-12-01,384.39409102530095,384.39409102530095,371.3585541241922,373.6091613769531,39778990.0,KOTAKBANK,-0.016386218186919432,False
2020-12-02,374.4356973915141,375.16267125526207,360.29476262101474,361.3304443359375,37290055.0,KOTAKBANK,-0.032865139055375026,False
2020-12-03,365.6723334176792,367.26565255294986,360.8325368919819,362.684814453125,22312640.0,KOTAKBANK,0.0037482867508620288,False
2020-12-04,364.07899735583976,369.85485541132977,358.9803029969435,367.71380615234375,19947155.0,KOTAKBANK,0.013866011199839434,False
2020-12-07,368.3511360563615,369.65568354299126,359.49810714066604,362.59515380859375,30160865.0,KOTAKBANK,-0.013920207123333639,False
2020-12-08,364.935391246261,366.26981273629866,361.9379345521003,365.2341613769531,19767180.0,KOTAKBANK,0.007278110423264206,False
2020-12-09,365.6921927967714,376.22816163428274,365.6921927967714,375.1427001953125,21853220.0,KOTAKBANK,0.027129277231362048,False
2020-12-10,378.41906664762894,382.3825193915594,370.4224754811997,379.0763244628906,23476080.0,KOTAKBANK,0.01048567455938798,False
2020-12-11,377.1244642076599,384.13515302734834,377.1244642076599,382.4820556640625,27332990.0,KOTAKBANK,0.00898428886583047,False
2020-12-14,385.1907309944327,387.7600140869311,378.219854050134,386.25628662109375,17284855.0,KOTAKBANK,0.009867733403802426,False
2020-12-15,387.9790920554507,389.9707711415766,382.26295241265376,388.6064758300781,20709490.0,KOTAKBANK,0.006084533224153921,False
2020-12-16,391.36497642430993,391.36497642430993,385.698646471803,388.8853454589844,13823490.0,KOTAKBANK,0.0007176144666929396,False
2020-12-17,391.3649679254498,392.16162745963805,386.8936577878881,391.45458984375,17301850.0,KOTAKBANK,0.006606688615980794,False
2020-12-18,391.1260076585028,391.1260076585028,382.6713079969186,388.2480163574219,16858380.0,KOTAKBANK,-0.008191431572198593,False
2020-12-21,385.3899597751373,390.16997812773,379.9327473369247,382.5717468261719,19707555.0,KOTAKBANK,-0.01462021515140055,False
2020-12-22,384.3940567579328,384.4438365779527,375.6505869416022,379.0065612792969,25368720.0,KOTAKBANK,-0.009318998531522293,False
2020-12-23,378.6182098165714,383.35838541834966,376.925270421972,382.5517578125,11704095.0,KOTAKBANK,0.009353918626729518,False
2020-12-24,382.0040745386114,393.9541496729333,381.804894463461,390.4886169433594,16685820.0,KOTAKBANK,0.020747151120788843,False
2020-12-25,382.0040745386114,393.9541496729333,381.804894463461,390.4886169433594,16685820.0,KOTAKBANK,0.0,False
2020-12-28,390.9666495012655,397.5591030683679,390.78740565946487,396.1250915527344,13715345.0,KOTAKBANK,0.014434414640549065,False
2020-12-29,394.9500249445903,401.7217226428373,394.9500249445903,398.1964416503906,15764325.0,KOTAKBANK,0.005229030278129931,False
2020-12-30,398.9731801728238,403.7133558635031,398.1366481897391,401.910888671875,13287155.0,KOTAKBANK,0.009328177334004373,False
2020-12-31,401.6619475742425,402.070245464188,395.7466578165357,397.4595031738281,13974145.0,KOTAKBANK,-0.01107555337143662,False
2021-01-01,397.71839265650704,399.9191894879763,396.483561375782,397.1507568359375,5530495.0,KOTAKBANK,-0.0007767994863003835,False
2021-01-04,399.1325584252135,399.520950514024,389.37334106125496,391.47454833984375,15707145.0,KOTAKBANK,-0.014292327027941698,False
2021-01-05,390.2695562377653,391.24549004409096,385.389947987366,390.3193664550781,16316150.0,KOTAKBANK,-0.002950847991688099,False
2021-01-06,393.1375600884445,394.1533055502001,388.0587719984399,392.4404602050781,17262575.0,KOTAKBANK,0.005434251877543206,False
2021-01-07,395.1491520999562,395.1491520999562,387.87953497427054,388.85546875,17096585.0,KOTAKBANK,-0.009135121932138945,False
2021-01-08,392.7591417773466,393.55583171121873,387.6305737899123,392.500244140625,16314485.0,KOTAKBANK,0.009373085075391474,False
2021-01-11,390.3691484554231,391.74341205483086,385.4696039345712,386.017333984375,14977605.0,KOTAKBANK,-0.0165169582771707,False
2021-01-12,384.3542652197302,384.4140131678565,377.592535834985,379.106201171875,30177900.0,KOTAKBANK,-0.017903685156220872,False
2021-01-13,380.6099253341363,380.6099253341363,373.8381974984866,374.8539733886719,27915650.0,KOTAKBANK,-0.01121645536279503,False
2021-01-14,376.825705664796,379.4148947517231,372.6531352308968,376.9551696777344,24018190.0,KOTAKBANK,0.005605372860444158,False
2021-01-15,377.2638501621548,379.2156871639908,369.26725981910937,371.2290649414063,13575820.0,KOTAKBANK,-0.015190413070136244,False
2021-01-18,372.5436065325776,372.892156476402,366.2399247427122,367.8532104492188,25023140.0,KOTAKBANK,-0.009093723555078648,False
2021-01-19,369.67561299482776,376.8257347150735,367.5146274836301,375.8298950195313,24027570.0,KOTAKBANK,0.021684422872295883,False
2021-01-20,376.4273834830333,376.4273834830333,372.3344971548792,375.1527099609375,15207240.0,KOTAKBANK,-0.0018018392564503882,False
2021-01-21,378.41904882993225,379.3949825806933,367.61418306811294,370.01416015625,28344310.0,KOTAKBANK,-0.013697221606695953,False
2021-01-22,368.46066784246153,373.4398660565489,363.38187958596967,364.0789794921875,21490875.0,KOTAKBANK,-0.016040414944001546,False
2021-01-25,367.4647932189208,371.9261653346648,353.5230395466582,357.38690185546875,33050690.0,KOTAKBANK,-0.018380840459541914,False
2021-01-26,367.4647932189208,371.9261653346648,353.5230395466582,357.38690185546875,33050690.0,KOTAKBANK,0.0,False
2021-01-27,358.1039448983946,363.1727650796499,347.81690427560886,351.4716491699219,39461595.0,KOTAKBANK,-0.016551397532579615,False
2021-01-28,344.75969809718737,351.42186776975626,338.78466021259567,343.136474609375,30179620.0,KOTAKBANK,-0.023715069423756452,False
2021-01-29,348.5139737021466,348.5139737021466,339.3821115212326,341.1646728515625,25703435.0,KOTAKBANK,-0.005746406761499734,False
2021-02-01,344.5604714766934,360.4540615938197,337.79871267447066,358.80096435546875,24146050.0,KOTAKBANK,0.0516943661150393,False
2021-02-02,364.4773373417884,374.2564906811548,358.5122671469022,370.7113037109375,29356685.0,KOTAKBANK,0.03319483652131172,False
2021-02-03,372.44402087295566,375.06308395710056,362.4856245929301,368.8988342285156,21446975.0,KOTAKBANK,-0.0048891670264124,False
2021-02-04,366.2697984675112,381.4065727811277,364.6764793950154,380.4903869628906,48208370.0,KOTAKBANK,0.031422036772267514,False
2021-02-05,381.4065815734138,398.0371156938265,381.03812576964,394.8902587890625,81341680.0,KOTAKBANK,0.037845560149661006,False
2021-02-08,398.33586691426063,404.31090491797454,388.6762099853439,389.801513671875,20107375.0,KOTAKBANK,-0.012886479227905534,False
2021-02-09,390.3691151420755,393.3566338804077,385.9575530988852,388.2081298828125,11154615.0,KOTAKBANK,-0.004087679840062863,False
2021-02-10,388.3774382072007,390.94669096500974,385.78824920769694,388.7857360839844,14304705.0,KOTAKBANK,0.0014878776530162785,False
2021-02-11,388.2181011104293,395.2985363800582,386.6347198133152,390.56829833984375,11233885.0,KOTAKBANK,0.004584947672757078,False
2021-02-12,390.3691398384893,393.3566587658247,387.58080099588864,388.5865783691406,8453765.0,KOTAKBANK,-0.005073939639050784,False
2021-02-15,390.3690965017462,398.1366326942612,389.7715867044887,395.5375061035156,14652175.0,KOTAKBANK,0.01788771954900592,False
2021-02-16,398.3358993192645,408.0951166963396,397.9375694980687,402.2495422363281,27400915.0,KOTAKBANK,0.016969404997603244,False
2021-02-17,401.3432814924556,403.0163151875248,392.19151275318217,396.2346496582031,21976120.0,KOTAKBANK,-0.014953137161287655,False
2021-02-18,394.1832020729466,395.3184738809836,386.0073669150829,387.4712524414063,17691040.0,KOTAKBANK,-0.02211668571730474,False
2021-02-19,386.8339407614053,392.3309649241443,383.4181875187896,386.1368408203125,13678415.0,KOTAKBANK,-0.0034438983864889527,False
2021-02-22,386.1368052216739,390.7774214084133,382.7210826845755,388.29779052734375,19266380.0,KOTAKBANK,0.005596331348338923,False
2021-02-23,391.3649660089787,391.3649660089787,371.6473539235502,373.0315551757813,27862010.0,KOTAKBANK,-0.03931579247677275,False
2021-02-24,376.2481252220263,383.1990661847687,368.86895013412646,380.6497192382813,19107080.0,KOTAKBANK,0.020422304646345868,False
2021-02-25,383.7966049493083,391.4048346594023,375.9394457108961,377.5228271484375,28112580.0,KOTAKBANK,-0.008214618143160712,False
2021-02-26,372.2448722091581,372.2448722091581,353.1247679721106,354.5886535644531,42000480.0,KOTAKBANK,-0.06074910425209046,False
2021-03-01,360.6931132303054,369.4365836530858,358.78108783728123,367.5444641113281,16300220.0,KOTAKBANK,0.03653757788535672,False
2021-03-02,367.4647966291613,372.1253184633941,362.5055046933833,367.3950805664063,19185745.0,KOTAKBANK,-0.0004064366614335846,False
2021-03-03,369.4564618422223,380.1617366799686,368.6996140821863,378.3194274902344,14378090.0,KOTAKBANK,0.029734603160679773,False
2021-03-04,371.2290826371163,380.4903787051067,368.4606497814102,377.9609680175781,20112570.0,KOTAKBANK,-0.0009475047978219076,False
2021-03-05,373.5394433450937,384.05550718294415,372.0456839318694,382.90032958984375,27039930.0,KOTAKBANK,0.01306844354371517,False
2021-03-08,382.4024307655916,387.9492649847671,377.08465060963135,381.5758972167969,23490050.0,KOTAKBANK,-0.003458948114423377,False
2021-03-09,381.9642716673164,396.5433794157333,381.9642716673164,394.1434020996094,39591725.0,KOTAKBANK,0.03293579331000607,False
2021-03-10,394.99977962134005,398.2063844168266,389.81146370491024,391.1558532714844,13807350.0,KOTAKBANK,-0.007579852440026347,False
2021-03-11,394.99977962134005,398.2063844168266,389.81146370491024,391.1558532714844,13807350.0,KOTAKBANK,0.0,False
2021-03-12,394.1533333794926,394.3525134718356,380.80908773912427,385.4198303222656,13101325.0,KOTAKBANK,-0.01466429020873583,False
2021-03-15,387.1824595742562,387.1824595742562,377.0448188170356,382.1335754394531,13217765.0,KOTAKBANK,-0.008526429167032501,False
2021-03-16,383.41817923333457,386.7243742351948,378.41907502494223,379.0564270019531,13846120.0,KOTAKBANK,-0.008052546636241775,False
2021-03-17,379.0564210956355,381.9443500187568,370.65153197111,372.1154174804688,13474970.0,KOTAKBANK,-0.018311283036096748,False
2021-03-18,374.6348680367937,377.0049407463072,363.5013582606497,364.5569458007813,10987875.0,KOTAKBANK,-0.020312170161786436,False
2021-03-19,362.1769426726828,372.84237734290224,361.30059887479297,365.3038635253906,24015080.0,KOTAKBANK,0.002048836905215623,False
2021-03-22,365.074792420332,368.4506727593308,359.4980847505119,363.0133972167969,12170485.0,KOTAKBANK,-0.006270030342656274,False
2021-03-23,367.2656318591049,367.2656318591049,358.27320149810623,361.021728515625,21254280.0,KOTAKBANK,-0.005486488147384838,False
2021-03-24,358.5022425271353,359.4980820897107,353.1944310304777,355.0068359375,15230805.0,KOTAKBANK,-0.016660749486895998,False
2021-03-25,357.0881665321073,358.26328041007366,347.5480361048808,351.1131286621094,20565065.0,KOTAKBANK,-0.010967978306975823,False
2021-03-26,355.5147598126711,356.9886134550368,351.0832611545586,352.7363586425781,16553785.0,KOTAKBANK,0.0046230967969040915,False
2021-03-29,355.5147598126711,356.9886134550368,351.0832611545586,352.7363586425781,16553785.0,KOTAKBANK,0.0,False
2021-03-30,354.9371894169638,358.89067413210864,353.5230837102522,354.76788330078125,27877620.0,KOTAKBANK,0.00575932876900187,False
2021-03-31,354.27992418873544,354.3197358935583,347.0700244453195,349.1413879394531,18991915.0,KOTAKBANK,-0.015859652539510827,False
2021-04-01,352.52722242182443,361.1412289819752,348.67332798835514,359.4084777832031,19013260.0,KOTAKBANK,0.029406682216462032,False
2021-04-02,352.52722242182443,361.1412289819752,348.67332798835514,359.4084777832031,19013260.0,KOTAKBANK,0.0,False
2021-04-05,355.73384291158453,358.4226221373648,345.43686452179674,350.376220703125,12241205.0,KOTAKBANK,-0.025130896009432524,False
2021-04-06,353.72223061139755,354.80769210561675,344.3015663129672,352.1886291503906,14365225.0,KOTAKBANK,0.005172749576522362,False
2021-04-07,351.74052517189324,360.6333966189596,347.6675445239952,356.908935546875,15790710.0,KOTAKBANK,0.013402779095598616,False
2021-04-08,357.70560802683593,363.2225377077406,354.2599810183328,355.16619873046875,14451450.0,KOTAKBANK,-0.004882861264697502,False
2021-04-09,352.5272372242361,359.7869168052598,347.3687951145329,358.3529052734375,15696920.0,KOTAKBANK,0.008972437564046087,False
2021-04-12,349.98784891793895,352.1288980369642,343.226089344086,347.05010986328125,16641680.0,KOTAKBANK,-0.03154096211814372,False
2021-04-13,347.7073767749258,355.7238738227149,343.2559723118433,353.6923828125,15593710.0,KOTAKBANK,0.019139233097593467,False
2021-04-14,347.7073767749258,355.7238738227149,343.2559723118433,353.6923828125,15593710.0,KOTAKBANK,0.0,False
2021-04-15,358.5022782988048,360.39436757837,349.0617073629817,353.1745300292969,17734430.0,KOTAKBANK,-0.0014641332648592797,False
2021-04-16,353.32388533334176,356.14212847918657,350.54551467231755,351.3521423339844,14561395.0,KOTAKBANK,-0.0051600201610272345,False
2021-04-19,342.5688521523573,342.5688521523573,333.60629497395263,338.73486328125,19327115.0,KOTAKBANK,-0.03591063645981918,False
2021-04-20,343.56465598248866,345.2775012801128,335.46847531379467,338.1273803710937,16585040.0,KOTAKBANK,-0.001793387619661413,False
2021-04-21,343.56465598248866,345.2775012801128,335.46847531379467,338.1273803710937,16585040.0,KOTAKBANK,0.0,False
2021-04-22,336.5440180242062,346.50241441029766,332.45110130640336,345.7654724121094,17952220.0,KOTAKBANK,0.022589392295391475,False
2021-04-23,345.33725522908463,349.808565307528,342.6186021808048,345.3970031738281,9467250.0,KOTAKBANK,-0.0010656623280247413,False
2021-04-26,346.55217800975754,355.11640457892577,345.21775660337505,350.4658203125,16265310.0,KOTAKBANK,0.01467533618443384,False
2021-04-27,348.54385923311486,351.0533640789727,343.4750393271411,348.6036071777344,22666800.0,KOTAKBANK,-0.0053135370893091505,False
2021-04-28,351.03346694723734,363.2822821482998,349.3405274326648,360.7827453613281,20872995.0,KOTAKBANK,0.034936925300902644,False
2021-04-29,363.50134144120506,367.5544157016769,354.6284074077171,359.4980773925781,19800475.0,KOTAKBANK,-0.0035607799576540256,False
2021-04-30,354.5189000270135,358.9005882188877,346.44265540321817,348.30487060546875,13108915.0,KOTAKBANK,-0.03113565131778495,False
2021-05-03,345.5563542295927,350.3363723335836,335.5979578541002,343.654296875,27969345.0,KOTAKBANK,-0.01335202037911365,False
2021-05-04,348.7430628132417,351.33222162955684,343.62443234802834,345.0883178710937,21275755.0,KOTAKBANK,0.004172859205119339,False
2021-05-05,346.75134754913034,354.12055422777814,342.94723312959144,352.67657470703125,12058215.0,KOTAKBANK,0.02198931822076955,False
2021-05-06,354.8574400048263,357.24744870125704,351.17285212842336,356.1619873046875,11901275.0,KOTAKBANK,0.009882744836544832,False
2021-05-07,357.70563672567755,361.09148566853446,353.2243580214391,354.5886535644531,8053650.0,KOTAKBANK,-0.0044174667603941176,False
2021-05-10,360.2947553697522,361.1412251084527,356.6300729329972,360.3644714355469,6662450.0,KOTAKBANK,0.01628878367379527,False
2021-05-11,353.84174608903965,357.3869327552555,349.19116162583214,349.6293334960937,14779880.0,KOTAKBANK,-0.02978966793449067,False
2021-05-12,349.340534180948,349.340534180948,341.6825249043938,342.3397827148437,15909150.0,KOTAKBANK,-0.02084936841070706,False
2021-05-13,349.340534180948,349.340534180948,341.6825249043938,342.3397827148437,15909150.0,KOTAKBANK,0.0,False
2021-05-14,344.3414413334431,344.3414413334431,338.8045751760729,339.9099426269531,14689460.0,KOTAKBANK,-0.007097743851507077,False
2021-05-17,341.9712912300091,349.5396777960224,340.57712195509873,347.3786926269531,21057205.0,KOTAKBANK,0.021972731783832744,False
2021-05-18,352.12888398285446,352.7164256922134,348.56376124324345,349.5596008300781,23292070.0,KOTAKBANK,0.006278186455917822,False
2021-05-19,348.1355768404976,348.6135908093344,344.0526282296988,344.6700439453125,11860210.0,KOTAKBANK,-0.013987763097207728,False
2021-05-20,344.9588343182736,345.9546739268082,339.60121236185915,340.2186584472656,12990190.0,KOTAKBANK,-0.012914918416156773,False
2021-05-21,341.67261385826964,351.42189322210925,341.67261385826964,350.0675354003906,21465560.0,KOTAKBANK,0.028948667889276303,False
2021-05-24,351.26253307867546,354.29983187562635,346.9505303460488,349.93804931640625,18069535.0,KOTAKBANK,-0.00036988886683331224,False
2021-05-25,352.606854577152,353.30395441856456,346.1538337415872,348.6434326171875,11008125.0,KOTAKBANK,-0.0036995596842005485,False
2021-05-26,350.5455339465545,350.8940535205359,345.9347913858492,346.6816711425781,14225500.0,KOTAKBANK,-0.005626841899423973,False
2021-05-27,346.5521743677079,355.20602276233444,343.7040877520649,353.97119140625,26699940.0,KOTAKBANK,0.021026552224833184,False
2021-05-28,355.7139331291476,361.0914611306823,354.1703634459885,358.6516418457031,16235045.0,KOTAKBANK,0.013222687475946016,False
2021-05-31,358.3031069522023,360.8524541177225,355.51476798698195,360.035888671875,11554045.0,KOTAKBANK,0.003859585917544539,False
2021-06-01,361.489783361704,363.28228252791337,356.1122554724625,357.9047546386719,11449080.0,KOTAKBANK,-0.005919226666720956,False
2021-06-02,357.10809541858634,357.10809541858634,352.5272270678308,355.1363220214844,15494245.0,KOTAKBANK,-0.007735109917671901,False
2021-06-03,356.5105842185161,364.0690032929233,356.5105842185161,361.3304443359375,17220655.0,KOTAKBANK,0.017441534223239463,False
2021-06-04,362.485628161363,362.67484012379526,357.9047597493329,360.7329406738281,7543530.0,KOTAKBANK,-0.001653621142296724,False
2021-06-07,363.4814335711341,363.4814335711341,359.8964051345021,361.4698486328125,5480695.0,KOTAKBANK,0.0020428075063172457,False
2021-06-08,361.48978132003606,361.7885210491792,356.0823794882522,357.2176208496094,6655155.0,KOTAKBANK,-0.011763713624487138,False
2021-06-09,356.490696434193,360.8922907621205,353.52308327341734,355.09649658203125,10188570.0,KOTAKBANK,-0.005937904917829195,False
2021-06-10,356.052523539858,359.0997904938336,353.7222623627363,358.41265869140625,9272445.0,KOTAKBANK,0.009338763241244497,False
2021-06-11,360.2947558652579,360.493935941913,356.1122477710178,357.376953125,8109640.0,KOTAKBANK,-0.0028897014134146026,False
2021-06-14,356.49066901945514,356.49066901945514,350.4359472654774,352.1388244628906,12715010.0,KOTAKBANK,-0.014657152948184704,False
2021-06-15,353.68244633874195,355.345481688775,351.7306089542189,352.7065124511719,8679120.0,KOTAKBANK,0.001612114168743295,False
2021-06-16,352.6965186775184,354.7081036956675,349.1413640705005,350.655029296875,14227715.0,KOTAKBANK,-0.005816402821824496,False
2021-06-17,347.9962028632503,352.88574915247784,345.7555634896897,351.74053955078125,12891210.0,KOTAKBANK,0.0030956642945714208,False
2021-06-18,353.51314281739,353.8517246852189,345.20784295654977,350.6252136230469,13393945.0,KOTAKBANK,-0.0031708768319932412,False
2021-06-21,346.55215090757525,353.9611993237446,344.81939987803264,352.9354858398437,6396605.0,KOTAKBANK,0.006589007655566359,False
2021-06-22,354.518940358727,355.51478007883577,349.3405616579147,349.9580078125,7858715.0,KOTAKBANK,-0.0084363237668168,False
2021-06-23,351.3322037631343,351.3322037631343,344.01280691063783,345.8949279785156,38011745.0,KOTAKBANK,-0.011610192489612259,False
2021-06-24,345.5563375427949,347.129750722273,344.00283021448547,346.1339111328125,17976965.0,KOTAKBANK,0.0006909125719001263,False
2021-06-25,345.55633544921875,349.34051370999697,342.7480605302073,345.55633544921875,47888225.0,KOTAKBANK,-0.0016686480723702157,False
2021-06-28,345.5563608035277,348.1455499885359,343.00701371415147,345.16796875,17502535.0,KOTAKBANK,-0.0011238882329096533,False
2021-06-29,346.1140096045749,346.15385169802244,338.9837944081085,339.7506103515625,51973310.0,KOTAKBANK,-0.01569484682502853,False
2021-06-30,339.7506103515625,347.2492813382333,338.2767568001322,339.7506103515625,44110495.0,KOTAKBANK,0.0,False
2021-07-01,340.5572523069927,343.6045191855895,339.81037257418734,341.7920837402344,14941930.0,KOTAKBANK,0.006008740901331855,False
2021-07-02,343.96300986960927,344.1621899563401,340.5771611294858,341.6028747558594,11212755.0,KOTAKBANK,-0.0005535791885653563,False
2021-07-05,343.9630062506367,346.5123533027739,342.8675765663713,344.77960205078125,9438355.0,KOTAKBANK,0.009299474710779965,False
2021-07-06,344.36131152792325,350.53552902494835,343.9629817776081,349.6094055175781,18461110.0,KOTAKBANK,0.014008379376473368,False
2021-07-07,349.7388653063732,352.22846420408194,347.17955034578176,350.8940124511719,13630910.0,KOTAKBANK,0.0036744061038402887,False
2021-07-08,350.1372154240805,351.1330550411054,343.56466787359346,345.0185852050781,11040075.0,KOTAKBANK,-0.01674416501168241,False
2021-07-09,344.3613274199985,344.560507499654,341.5630205273342,342.57879638671875,8490830.0,KOTAKBANK,-0.0070714707061626525,False
2021-07-12,344.9588207867193,347.1496799958008,343.59452543904155,344.9488830566406,8685325.0,KOTAKBANK,0.006918369423092985,False
2021-07-13,347.1496933041626,349.04178248057093,343.2858307639909,347.9762268066406,10333195.0,KOTAKBANK,0.008776209747874075,False
2021-07-14,346.55222195338337,350.12728289505145,345.6758781388187,348.1754455566406,10794920.0,KOTAKBANK,0.0005725067825128605,False
2021-07-15,349.9380649068724,349.9380649068724,346.552216001077,348.5538635253906,9752780.0,KOTAKBANK,0.0010868600114664062,False
2021-07-16,349.63929459553265,350.9338739376429,346.55218571363906,348.4442749023437,9190250.0,KOTAKBANK,-0.0003144094342794057,False
2021-07-19,345.33722980836006,346.55215524640005,340.9754478194853,343.12646484375,10731685.0,KOTAKBANK,-0.015261579660288849,False
2021-07-20,343.1265139002212,343.325693990256,337.78882786217457,339.11328125,10719295.0,KOTAKBANK,-0.011695931398289172,False
2021-07-21,343.1265139002212,343.325693990256,337.78882786217457,339.11328125,10719295.0,KOTAKBANK,0.0,False
2021-07-22,339.89003671229943,342.9572399270596,339.2128730277059,340.0195007324219,9291265.0,KOTAKBANK,0.002672320821766272,False
2021-07-23,340.57715109340853,344.02274767989405,337.4203261163745,343.1563720703125,9979000.0,KOTAKBANK,0.009225563037218887,False
2021-07-26,340.8958041083189,348.5438446047565,333.2776375829372,346.6716613769531,19695475.0,KOTAKBANK,0.010243986685814388,False
2021-07-27,348.94220930629893,349.14138939370025,337.36058924710875,338.1771850585937,21505655.0,KOTAKBANK,-0.02450294403822917,False
2021-07-28,339.58133330896135,339.74067130577487,327.8304371571555,329.1947326660156,25263775.0,KOTAKBANK,-0.026561379032774557,False
2021-07-29,331.41539330520584,331.41539330520584,325.65944186588086,326.9639892578125,14971325.0,KOTAKBANK,-0.006776364221071307,False
2021-07-30,326.9639755355411,332.5904931240835,323.8470233726715,329.5830383300781,16110005.0,KOTAKBANK,0.00801020650075479,False
2021-08-02,331.61461563126494,334.06437275088035,330.1208561013944,331.634521484375,12954880.0,KOTAKBANK,0.0062244803758448874,False
2021-08-03,331.6146246300831,336.444453319185,331.6146246300831,335.7274475097656,16150700.0,KOTAKBANK,0.012341676635686083,False
2021-08-04,338.3265487441701,349.19116283696894,335.59795786221565,348.5339050292969,35020800.0,KOTAKBANK,0.03814539923536864,False
2021-08-05,350.874145993551,357.1081120583022,349.05177276769786,352.87579345703125,30260460.0,KOTAKBANK,0.01245757834483685,False
2021-08-06,352.32805108513264,355.4550021298855,349.7687663173007,353.96124267578125,18202345.0,KOTAKBANK,0.0030760092896033875,False
2021-08-09,353.961239036647,356.4309322493289,350.953814307258,354.6981506347656,7984430.0,KOTAKBANK,0.0020818888345337516,False
2021-08-10,355.5147475262585,363.4615587057016,354.3794757617893,361.1412353515625,22974240.0,KOTAKBANK,0.01816497973069886,False
2021-08-11,362.6656321608592,362.6656321608592,351.1380386983768,354.81451416015625,15509515.0,KOTAKBANK,-0.017518689565447554,False
2021-08-12,353.71855794737223,356.8869238225426,351.1081671993599,356.2293395996094,8208450.0,KOTAKBANK,0.003987507226985931,False
2021-08-13,355.4920074655726,358.4810098727575,353.4694503862724,356.2890930175781,9199585.0,KOTAKBANK,0.00016773862039531906,False
2021-08-16,355.49198487319813,358.9193765147408,353.0509846392182,355.1632080078125,7768305.0,KOTAKBANK,-0.003160032209321928,False
2021-08-17,354.4956857612306,357.6839672696491,354.10713124563733,356.3588562011719,7096685.0,KOTAKBANK,0.0033664753735782593,False
2021-08-18,356.3588392462255,356.7971982872134,347.8401642488985,348.6571655273437,13818265.0,KOTAKBANK,-0.021612176994642796,False
2021-08-19,356.3588392462255,356.7971982872134,347.8401642488985,348.6571655273437,13818265.0,KOTAKBANK,0.0,False
2021-08-20,345.1301422611098,345.1301422611098,338.1558032357179,339.46099853515625,28216210.0,KOTAKBANK,-0.026375958682157696,False
2021-08-23,343.64559960668066,343.64559960668066,338.7535955052585,342.1112365722656,15465845.0,KOTAKBANK,0.007807194489339642,False
2021-08-24,343.73529398339764,343.73529398339764,337.0797889219002,339.73004150390625,23539855.0,KOTAKBANK,-0.00696029482170013,False
2021-08-25,339.7499576094804,342.08137595729465,337.5580102368141,338.1956787109375,14569050.0,KOTAKBANK,-0.004516417759749758,False
2021-08-26,337.51815461344324,342.04148960459173,336.54173623444035,338.25543212890625,21912885.0,KOTAKBANK,0.0001766829729952235,False
2021-08-27,337.75728306548194,343.496177604916,337.75728306548194,341.45367431640625,18306575.0,KOTAKBANK,0.009455109611606005,False
2021-08-30,341.9319180198031,346.63461640544847,341.9319180198031,345.8973388671875,12806265.0,KOTAKBANK,0.013013960267604485,False
2021-08-31,347.53130605594464,350.6299210165884,346.5349719242156,349.4542236328125,22463045.0,KOTAKBANK,0.01028306484598529,False
2021-09-01,349.4641852405619,349.4841009764895,346.32573890970616,348.04937744140625,36331770.0,KOTAKBANK,-0.004020115072016939,False
2021-09-02,349.11548451890707,356.3687960069264,347.5213437774917,353.97760009765625,28819220.0,KOTAKBANK,0.017032705818438076,False
2021-09-03,357.28541168383333,360.9618869179458,354.2067429864153,357.0562438964844,24225670.0,KOTAKBANK,0.008697284229224556,False
2021-09-06,360.27442547887034,360.27442547887034,352.7022800519807,353.60894775390625,9509655.0,KOTAKBANK,-0.009654770646098987,False
2021-09-07,353.6089465354138,354.5853649200546,347.9198872180589,351.6760559082031,14614185.0,KOTAKBANK,-0.005466184772700666,False
2021-09-08,350.7295336782649,364.2597683521793,349.71328379960187,361.7390441894531,76247785.0,KOTAKBANK,0.028614368570707427,False
2021-09-09,363.8612120049464,366.98968515210254,360.03526244563943,362.2371826171875,18214625.0,KOTAKBANK,0.0013770656934490866,False
2021-09-10,363.8612120049464,366.98968515210254,360.03526244563943,362.2371826171875,18214625.0,KOTAKBANK,0.0,False
2021-09-13,364.3594201937598,368.60378310610525,357.6341645081911,366.6609497070313,16358075.0,KOTAKBANK,0.012212349538172296,False
2021-09-14,368.6436290193053,374.4223548254341,367.677183694567,372.18060302734375,20840400.0,KOTAKBANK,0.015053834679484623,False
2021-09-15,373.4260481409544,378.2981370016564,370.2377969260799,372.9677429199219,24070115.0,KOTAKBANK,0.0021149406663740766,False
2021-09-16,374.0238321046282,380.5996435454552,372.2304428051778,379.96197509765625,20643915.0,KOTAKBANK,0.018752914455757885,False
2021-09-17,381.79525912866734,401.9211907514263,381.19745255645154,400.1178283691406,73192445.0,KOTAKBANK,0.053047027314520045,False
2021-09-20,396.5409572817193,405.9463532738224,394.8172884057735,398.8225708007813,29405445.0,KOTAKBANK,-0.0032371903387528045,False
2021-09-21,401.9211930239174,404.04338964414455,397.7565235432522,400.7156372070313,19334440.0,KOTAKBANK,0.004746638091342126,False
2021-09-22,401.8215466004461,402.99724399427663,394.30920907507056,395.65423583984375,9559045.0,KOTAKBANK,-0.012630905553038252,False
2021-09-23,399.3307035548595,408.8955171980876,396.7203130226192,403.3160400390625,14945535.0,KOTAKBANK,0.019364898704939293,False
2021-09-24,404.5116379397256,408.9652525096252,401.3034409743204,404.1330261230469,10574440.0,KOTAKBANK,0.002025672184784,False
2021-09-27,404.75078293547966,410.0911498903174,403.6149777942056,405.1792297363281,9150320.0,KOTAKBANK,0.0025887604963092947,False
2021-09-28,406.504318232725,414.03660169693393,401.1041739600452,412.1236572265625,19496335.0,KOTAKBANK,0.017139149740606152,False
2021-09-29,410.4697409095601,410.489656645868,402.548872508602,404.601318359375,17101570.0,KOTAKBANK,-0.018252625723575333,False
2021-09-30,403.6050022505434,405.50800414966017,397.8959965531932,399.629638671875,22863740.0,KOTAKBANK,-0.0122878484619372,False
2021-10-01,397.9358555680114,400.68574756661945,392.9342690541786,397.2483825683594,16869890.0,KOTAKBANK,-0.005958657399459777,False
2021-10-04,397.53734442886935,401.5027654772469,396.1424826348217,396.7303161621094,10215265.0,KOTAKBANK,-0.0013041372324803513,False
2021-10-05,397.5174100081658,398.1251592447669,393.651628642273,395.0166015625,13599035.0,KOTAKBANK,-0.004319595780296059,False
2021-10-06,393.7612091693869,399.5299923860143,386.9961222128636,389.7160949707031,14896375.0,KOTAKBANK,-0.013418440062596293,False
2021-10-07,392.1571478932802,394.9967064494333,388.4208946366859,389.05853271484375,11110650.0,KOTAKBANK,-0.0016872853452686298,False
2021-10-08,388.570314426335,391.78848464315047,384.7842568583091,385.8503112792969,9689170.0,KOTAKBANK,-0.008246115084946104,False
2021-10-11,388.3710101341365,399.5299639324359,387.5739550367021,393.6316528320313,11880835.0,KOTAKBANK,0.020166736491504134,False
2021-10-12,394.5483024319456,399.33069393550585,391.5593001407945,397.5572204589844,9454510.0,KOTAKBANK,0.009972692995367849,False
2021-10-13,399.33073517704497,402.9175443780006,397.44767935011,400.3968200683594,8712390.0,KOTAKBANK,0.007142618630084696,False
2021-10-14,400.12779055305054,403.6149599894342,395.5446474983768,402.0805969238281,8261780.0,KOTAKBANK,0.004205270299552533,False
2021-10-15,400.12779055305054,403.6149599894342,395.5446474983768,402.0805969238281,8261780.0,KOTAKBANK,0.0,False
2021-10-18,402.0805983979021,407.8892433932823,400.1178189488565,400.84515380859375,10833895.0,KOTAKBANK,-0.003072625549917829,False
2021-10-19,400.904949088824,407.4907033725584,396.9594742803711,405.5777587890625,8476015.0,KOTAKBANK,0.011806566539478647,False
2021-10-20,406.9028671925117,407.4907007015926,398.1750005768216,401.6123352050781,8974465.0,KOTAKBANK,-0.009777221502046851,False
2021-10-21,404.7109309709324,429.4200049397549,402.9175113147684,427.1782531738281,47477590.0,KOTAKBANK,0.06365819903339154,False
2021-10-22,429.4001280734585,438.7158285972414,422.9936760052409,432.6880187988281,29659130.0,KOTAKBANK,0.012898048025768771,False
2021-10-25,428.822206466676,434.98951720691815,421.45931300550416,429.32037353515625,33886310.0,KOTAKBANK,-0.0077830795338883485,False
2021-10-26,429.3203791764512,446.3576992234889,423.1829571634436,440.5690002441406,53345005.0,KOTAKBANK,0.02620100838998085,False
2021-10-27,438.38704573592406,448.94819428252174,433.7242090013752,436.045654296875,22752840.0,KOTAKBANK,-0.010267054524396912,False
2021-10-28,436.0456488361006,436.39437188107377,416.5473815896156,418.1614685058594,15511445.0,KOTAKBANK,-0.04101448005451158,False
2021-10-29,413.9867934823311,417.8525746726263,401.5226441054604,404.7408142089844,23331725.0,KOTAKBANK,-0.03209443075859808,False
2021-11-01,409.4933327209732,415.8300032749097,405.4681342701672,413.7775573730469,9832940.0,KOTAKBANK,0.02232723473100595,False
2021-11-02,411.7151871310122,417.16513635133447,410.4896851346773,413.8074645996094,7681030.0,KOTAKBANK,7.227851300672938e-05,False
2021-11-03,414.4749799450143,420.7718186684708,404.1131115275296,406.01611328125,10336455.0,KOTAKBANK,-0.018828445557158124,False
2021-11-04,406.50434608447375,410.8882104022827,406.30506708587535,409.8918762207031,1025885.0,KOTAKBANK,0.009545835282572579,False
2021-11-05,406.50434608447375,410.8882104022827,406.30506708587535,409.8918762207031,1025885.0,KOTAKBANK,0.0,False
2021-11-08,409.4933161554779,423.9600763787129,409.4933161554779,422.2164916992188,10609980.0,KOTAKBANK,0.030067967172590526,False
2021-11-09,422.4456861471121,423.8306052318143,415.1325970214576,417.90240478515625,8887865.0,KOTAKBANK,-0.01021771294792495,False
2021-11-10,415.4713127336309,416.7366460733612,411.09739151323225,413.6878662109375,7228940.0,KOTAKBANK,-0.010084982823646227,False
2021-11-11,413.08013716365247,414.01669368008754,408.0088000810057,409.3139953613281,7735765.0,KOTAKBANK,-0.010572876815727383,False
2021-11-12,412.0838001984721,414.4749960174318,409.10474048871777,413.41888427734375,7172140.0,KOTAKBANK,0.010028704032931879,False
2021-11-15,414.4949104344038,420.05447186163417,414.47499469802,417.92230224609375,9096640.0,KOTAKBANK,0.010893111418028179,False
2021-11-16,418.4404414477786,419.2275235608521,412.4823520827512,415.0429382324219,7725535.0,KOTAKBANK,-0.006889711312837221,False
2021-11-17,412.4823605691065,414.8436677683209,407.6003290493092,409.11474609375,7233815.0,KOTAKBANK,-0.01428332250132669,False
2021-11-18,408.4970147962274,410.97787718065166,400.307146600426,403.40576171875,13965995.0,KOTAKBANK,-0.013954482035931748,False
2021-11-19,408.4970147962274,410.97787718065166,400.307146600426,403.40576171875,13965995.0,KOTAKBANK,0.0,False
2021-11-22,407.3014118535196,407.3014118535196,386.7769515040991,389.6563415527344,13741645.0,KOTAKBANK,-0.03408335098496085,False
2021-11-23,386.1790990077002,397.1686627940003,385.12298730573394,395.1261596679688,16148125.0,KOTAKBANK,0.014037544194553275,False
2021-11-24,394.45865422522087,403.5053548656416,392.555652363303,400.8052978515625,9737415.0,KOTAKBANK,0.014372974414971651,False
2021-11-25,402.5190053317664,408.098482773942,401.1340862384851,405.5279235839844,15822140.0,KOTAKBANK,0.011782842586504083,False
2021-11-26,398.93219853314537,399.9285327105037,389.58657908461095,391.4198303222656,13237765.0,KOTAKBANK,-0.03478944960690722,False
2021-11-29,397.1387955974255,407.5006646065237,386.0197029095996,402.4393005371094,20859500.0,KOTAKBANK,0.028152559888882323,False
2021-11-30,403.11679359548657,406.42463019228137,387.9525869764696,390.9415893554688,21329080.0,KOTAKBANK,-0.028570050604638575,False
2021-12-01,394.34905328525394,395.7239993081194,386.5776589025874,389.2378845214844,12928465.0,KOTAKBANK,-0.004357952390773412,False
2021-12-02,388.0820988815467,394.7376032668908,387.6935139939561,391.4098510742188,9664645.0,KOTAKBANK,0.005580049216957761,False
2021-12-03,391.8980623001818,396.52106724932776,379.6431646867707,381.4365539550781,17458620.0,KOTAKBANK,-0.02548044483747436,False
2021-12-06,382.5923140934081,383.8875363277963,374.0238343112167,375.6578369140625,15406680.0,KOTAKBANK,-0.015149877433341619,False
2021-12-07,380.9981755144817,391.320213190853,380.6395098127391,386.0097351074219,36722375.0,KOTAKBANK,0.02755672097352657,False
2021-12-08,392.5556512979128,392.5556512979128,381.68564217800935,382.6819763183594,25627975.0,KOTAKBANK,-0.008620919335457722,False
2021-12-09,383.7879076389165,385.95990868043407,375.8371505716182,381.8649597167969,23272265.0,KOTAKBANK,-0.0021349753898072255,False
2021-12-10,381.59596400510645,382.5922981147804,376.3154053861164,377.9593505859375,15274610.0,KOTAKBANK,-0.010227723260484267,False
2021-12-13,380.5996240656629,381.7952371412396,371.08464562630274,373.2466735839844,20425550.0,KOTAKBANK,-0.012468740341116669,False
2021-12-14,373.2466855555206,373.4260184008981,361.8785095249634,366.7306518554688,50556260.0,KOTAKBANK,-0.017457681982661732,False
2021-12-15,367.76683787731247,374.9703443614735,366.00333746756354,372.1108703613281,26528735.0,KOTAKBANK,0.014670763075401938,False
2021-12-16,375.7972954833429,376.8036026727592,368.82295665449465,370.7857360839844,15272310.0,KOTAKBANK,-0.0035611275640967666,False
2021-12-17,369.6399751851164,370.6263362785608,356.6876310411635,357.4448547363281,14675630.0,KOTAKBANK,-0.035980028489106974,False
2021-12-20,354.6949485658402,354.6949485658402,343.21719038976323,347.2224426269531,16345895.0,KOTAKBANK,-0.028598571147193108,False
2021-12-21,350.91886630238355,352.30378545972553,342.9382498944906,346.0368347167969,11321155.0,KOTAKBANK,-0.003414548613811963,False
2021-12-22,348.3184190424533,352.7022831473243,345.3593054506671,351.1878662109375,17269195.0,KOTAKBANK,0.014885789538435557,False
2021-12-23,355.6714042653244,356.4285976040172,352.17426138924145,353.8182067871094,9598245.0,KOTAKBANK,0.007489838998571807,False
2021-12-24,354.6949717035159,354.6949717035159,344.73162980173174,348.39813232421875,11357850.0,KOTAKBANK,-0.015318811635241403,False
2021-12-27,347.34198478067265,354.4857135678185,342.9382051403389,353.3897399902344,8269165.0,KOTAKBANK,0.014327308911548542,False
2021-12-28,355.6912949939327,356.6278515364572,351.81554051816767,353.6787109375,6428355.0,KOTAKBANK,0.0008177117628644925,False
2021-12-29,353.4993457352051,354.6949588824844,349.5339552612827,351.5465393066406,7059540.0,KOTAKBANK,-0.006028555196911922,False
2021-12-30,350.51034265532263,352.6923168815555,347.451619915762,349.7630920410156,12491975.0,KOTAKBANK,-0.00507314698401673,False
2021-12-31,351.1081313364836,358.87955557269095,350.7195768478103,357.90313720703125,11064460.0,KOTAKBANK,0.02327302494529948,False
2022-01-03,358.08247322170456,364.2796726050549,357.00644576090696,363.5523681640625,9925545.0,KOTAKBANK,0.0157842454277326,False
2022-01-04,364.6583234489444,370.03852214000045,361.72909841829136,369.1617431640625,13177875.0,KOTAKBANK,0.015429345236636305,False
2022-01-05,370.03851845033046,384.2562270458583,366.6709039652871,383.020751953125,21040835.0,KOTAKBANK,0.03754183375091302,False
2022-01-06,380.0217842464909,381.59597882239154,373.62530563550087,376.992919921875,11290150.0,KOTAKBANK,-0.0157376121280961,False
2022-01-07,376.9929109179703,383.6683313091358,375.33899262250713,379.453857421875,11516755.0,KOTAKBANK,0.006527808268945723,False
2022-01-10,379.4538537642794,389.62641656444055,378.8759629504073,388.1618041992188,14310435.0,KOTAKBANK,0.02294863158463656,False
2022-01-11,388.17178103888926,389.4171986946829,382.6321657383757,385.9399719238281,13570095.0,KOTAKBANK,-0.005723984821160655,False
2022-01-12,389.52677144212856,393.7811375111788,388.0023814844969,389.8854675292969,10746980.0,KOTAKBANK,0.01022308102941838,False
2022-01-13,390.5629750722542,391.9379210228804,383.1004422426633,383.8576354980469,7435760.0,KOTAKBANK,-0.015460519904597514,False
2022-01-14,380.4003758023737,387.5739940237068,378.2084588610875,386.218994140625,9143810.0,KOTAKBANK,0.006151652134037455,False
2022-01-17,382.9908198222502,389.15813029930064,382.3133199353987,386.0694885253906,8382365.0,KOTAKBANK,-0.0003871006281476186,False
2022-01-18,384.5849579441477,393.5519647355916,384.5849579441477,387.0060424804688,10407280.0,KOTAKBANK,0.002425868873128012,False
2022-01-19,387.5739630685504,387.5739630685504,378.6268719467757,379.7328186035156,7608510.0,KOTAKBANK,-0.018793566711094,False
2022-01-20,383.5886724248455,383.5886724248455,374.0238578884352,377.1324157714844,7449105.0,KOTAKBANK,-0.006847980223553929,False
2022-01-21,372.2802618450655,378.8062689949971,368.5539817259847,377.361572265625,8769480.0,KOTAKBANK,0.0006076287387597468,False
2022-01-24,375.43862545893694,376.1958187043013,360.6729466973293,364.8376159667969,12737170.0,KOTAKBANK,-0.033188213160222135,False
2022-01-25,361.6095207758306,373.40611352651104,355.1333487660441,369.5702209472656,12845325.0,KOTAKBANK,0.012971812042811504,False
2022-01-26,361.6095207758306,373.40611352651104,355.1333487660441,369.5702209472656,12845325.0,KOTAKBANK,0.0,False
2022-01-27,366.6510062804747,378.31807190694246,362.8948370806673,376.46490478515625,18593095.0,KOTAKBANK,0.018655950742509697,False
2022-01-28,377.610634820439,389.9452562000668,376.3453014228991,378.2682189941406,24859820.0,KOTAKBANK,0.004790125682534674,False
2022-01-31,382.5923303565311,386.3584723922499,366.8502622593523,370.0883483886719,22583125.0,KOTAKBANK,-0.021624525124579574,False
2022-02-01,375.020178436477,379.6033217354212,365.47531039182405,375.0799560546875,15485430.0,KOTAKBANK,0.013487610965729147,False
2022-02-02,380.75906303299337,388.1717915535261,377.9892553077092,387.0957336425781,13552540.0,KOTAKBANK,0.03203524313663597,False
2022-02-03,386.5577344390981,387.065844179687,377.8198644844882,380.4103393554688,11198565.0,KOTAKBANK,-0.017270648333422955,False
2022-02-04,381.3967311446663,382.1938167722225,374.67147509105627,375.4585876464844,8856335.0,KOTAKBANK,-0.013016869408371545,False
2022-02-07,368.6436238883144,376.614296837251,362.665619176612,364.3494262695313,10269795.0,KOTAKBANK,-0.02958824685989858,False
2022-02-08,365.65462572653007,368.2550432112094,357.30534085183984,362.2272338867188,17846850.0,KOTAKBANK,-0.005824607450438446,False
2022-02-09,365.774187801289,368.2052455565433,363.1936860048728,365.6546325683594,8120290.0,KOTAKBANK,0.009462012684315235,False
2022-02-10,365.6546502613983,376.3951316877255,364.7081206120629,372.071044921875,12540405.0,KOTAKBANK,0.01754773981241997,False
2022-02-11,369.4606002189095,369.4606002189095,363.0641222307346,364.3095397949219,9298775.0,KOTAKBANK,-0.02086027717793204,False
2022-02-14,356.69757446252083,363.4327721816401,346.3157599485273,348.0892333984375,15134105.0,KOTAKBANK,-0.04452341930330772,False
2022-02-15,349.9125611131108,362.46634691605385,347.92983550439504,361.2906799316406,10276375.0,KOTAKBANK,0.037925466422261245,False
2022-02-16,361.6892141254352,369.2115552416747,358.68029592236275,364.6682739257813,11348780.0,KOTAKBANK,0.00934868841559866,False
2022-02-17,365.6546253242168,367.497849543913,360.7526480312785,362.1275939941406,14051145.0,KOTAKBANK,-0.006967098904133828,False
2022-02-18,360.4836556771028,364.8575771818243,359.84601763331113,363.9708251953125,6148340.0,KOTAKBANK,0.00509000482631472,False
2022-02-21,360.274440524263,368.9026980509273,359.0987735056952,364.0804443359375,6719555.0,KOTAKBANK,0.0003011756246291686,False
2022-02-22,356.687600501504,368.4642766199001,356.687600501504,366.9996643066406,15110375.0,KOTAKBANK,0.00801806308500752,False
2022-02-23,369.2214550669611,381.1675208792763,369.2214550669611,375.8371276855469,34579605.0,KOTAKBANK,0.02408030371254588,False
2022-02-24,365.5251172245273,373.5057637683104,354.04735837073326,357.6540832519531,24780215.0,KOTAKBANK,-0.04838011759393557,False
2022-02-25,362.854945971156,371.8817311727933,358.8895250048266,369.9787292480469,19969430.0,KOTAKBANK,0.03445968205935879,False
2022-02-28,366.0531658839889,369.0421683768996,361.60952402479256,367.1989440917969,13562810.0,KOTAKBANK,-0.0075133647869424225,False
2022-03-01,366.0531658839889,369.0421683768996,361.60952402479256,367.1989440917969,13562810.0,KOTAKBANK,0.0,False
2022-03-02,361.03163641125127,362.536110742631,353.7584091090681,359.8759155273437,14154775.0,KOTAKBANK,-0.01994294559469778,False
2022-03-03,361.2607630061482,362.5859043325527,353.22033984815334,357.1359558105469,14810715.0,KOTAKBANK,-0.007613623470139164,False
2022-03-04,352.7022752982916,355.88058354487663,345.4688799225183,349.1453552246094,12745970.0,KOTAKBANK,-0.02237411399197331,False
2022-03-07,337.4584058866323,344.9109662470512,334.77826445471163,341.1249084472656,13489675.0,KOTAKBANK,-0.022971655378843825,False
2022-03-08,338.75360017455824,344.6319653905641,333.28373559568263,343.3566589355469,27182480.0,KOTAKBANK,0.00654232638255503,False
2022-03-09,343.3566709407075,348.3483147770452,337.15947129284166,346.5449523925781,34597305.0,KOTAKBANK,0.009285660767190063,False
2022-03-10,358.6803067291926,361.2707816922669,345.9272413188816,349.5837707519531,20942345.0,KOTAKBANK,0.008768900941695135,False
2022-03-11,347.7206249923728,354.6750484382744,345.9272356503965,351.30743408203125,12531700.0,KOTAKBANK,0.004930615990469178,False
2022-03-14,347.81028032047215,358.15223352993746,347.12280733332005,356.43853759765625,16583245.0,KOTAKBANK,0.014605735654392271,False
2022-03-15,355.49202832528044,356.677668448825,341.54334960659804,345.4788818359375,24037275.0,KOTAKBANK,-0.030747673457492075,False
2022-03-16,350.70962563920284,353.6587662502985,349.2649289394864,350.80926513671875,14636205.0,KOTAKBANK,0.01542896999218768,False
2022-03-17,356.6876141893995,364.1800358095591,355.2030860836321,362.6656188964844,16795035.0,KOTAKBANK,0.03379715115319115,False
2022-03-18,356.6876141893995,364.1800358095591,355.2030860836321,362.6656188964844,16795035.0,KOTAKBANK,0.0,False
2022-03-21,361.7988237079496,364.658297845266,353.30009464925945,354.1170959472656,11988495.0,KOTAKBANK,-0.02357136299611229,False
2022-03-22,354.1170885577439,361.3903155176511,349.7830290270794,360.2445373535156,16987280.0,KOTAKBANK,0.017303432893741144,False
2022-03-23,361.6693085343855,364.1103394457293,350.31110492601715,352.6524963378906,16131700.0,KOTAKBANK,-0.021074687409277093,False
2022-03-24,341.74260184818155,344.5124094749211,338.952878485172,341.5732116699219,98550890.0,KOTAKBANK,-0.031417003375904806,False
2022-03-25,344.33306448901,345.09025771472324,341.1447832673966,343.1872863769531,15195750.0,KOTAKBANK,0.004725413621109675,False
2022-03-28,344.3331217476598,344.3331217476598,337.16947608128453,343.7751770019531,15351020.0,KOTAKBANK,0.0017130314797100255,False
2022-03-29,346.3257691969966,346.90362964646965,342.48987649906576,344.73162841796875,12928950.0,KOTAKBANK,0.002782200344878749,False
2022-03-30,348.59738579165975,352.4731096966105,345.9272176549265,351.32733154296875,16790770.0,KOTAKBANK,0.01913286330955133,False
2022-03-31,349.7332449447632,354.4459169937857,348.1191882902672,349.4841613769531,14242040.0,KOTAKBANK,-0.005246304515850619,False
2022-04-01,348.57745569693503,354.69496205292364,347.84017814608904,354.02740478515625,11868865.0,KOTAKBANK,0.012999854958527735,False
2022-04-04,356.08982533460403,366.6509735897992,345.72795607516395,365.8638610839844,19987830.0,KOTAKBANK,0.033433728967990906,False
2022-04-05,365.8638540995586,366.26238167775495,357.52454214283773,359.1186828613281,10664355.0,KOTAKBANK,-0.018436306342669573,False
2022-04-06,356.1894347679488,357.2854083406831,353.0509884867984,354.57537841796875,11745005.0,KOTAKBANK,-0.012651261714261008,False
2022-04-07,352.9015712978735,357.0861565224611,351.307430562252,351.9949035644531,21943915.0,KOTAKBANK,-0.007277648168998896,False
2022-04-08,353.7484504281166,356.6876485209492,349.9325037679818,355.5916748046875,11908355.0,KOTAKBANK,0.010218248059309598,False
2022-04-11,353.6986086948189,359.9057811399392,351.3671905284446,355.3824157714844,9589710.0,KOTAKBANK,-0.0005884812497876091,False
2022-04-12,352.91149788885315,361.2010050119424,352.70227623857994,359.0489196777344,12061210.0,KOTAKBANK,0.01031706618992545,False
2022-04-13,360.21465796402475,362.366743381844,353.25026156302897,354.6152648925781,9618460.0,KOTAKBANK,-0.012348330665179819,False
2022-04-14,360.21465796402475,362.366743381844,353.25026156302897,354.6152648925781,9618460.0,KOTAKBANK,0.0,False
2022-04-15,360.21465796402475,362.366743381844,353.25026156302897,354.6152648925781,9618460.0,KOTAKBANK,0.0,False
2022-04-18,353.81816327310617,353.81816327310617,344.7316010806333,348.796630859375,9800705.0,KOTAKBANK,-0.01640830107797453,False
2022-04-19,351.307422916049,352.0447004478736,336.1631318658187,340.24810791015625,11947870.0,KOTAKBANK,-0.024508616749412515,False
2022-04-20,341.34409796115733,344.13382151768405,335.4457862057356,342.9980163574219,16007725.0,KOTAKBANK,0.008082068300558243,False
2022-04-21,343.7352987333433,353.3897795563103,343.54599280303364,350.8790283203125,13653455.0,KOTAKBANK,0.022976844142090336,False
2022-04-22,346.72429506644096,348.49776869279395,343.01793069605424,344.28326416015625,11280190.0,KOTAKBANK,-0.018797829530396104,False
2022-04-25,339.251771483817,346.3058037502568,337.5579912994426,344.50244140625,10746970.0,KOTAKBANK,0.0006366189382700504,False
2022-04-26,347.93982905730536,348.3184409166048,344.98071527968887,347.2623291015625,7273885.0,KOTAKBANK,0.008011228263134162,False
2022-04-27,343.5359934116669,349.11547058101576,343.5359934116669,347.0231628417969,14112960.0,KOTAKBANK,-0.0006887192756680482,False
2022-04-28,348.5176700228087,353.30009213841134,345.20986378622024,351.8354797363281,11712485.0,KOTAKBANK,0.013867422725108103,False
2022-04-29,352.49306438875743,360.73273679183046,352.1044794788849,356.8370666503906,18443295.0,KOTAKBANK,0.014215697967160157,False
2022-05-02,351.81553397866566,354.7846206652783,348.72692246573547,353.569091796875,9897330.0,KOTAKBANK,-0.009158170938327492,False
2022-05-03,351.81553397866566,354.7846206652783,348.72692246573547,353.569091796875,9897330.0,KOTAKBANK,0.0,False
2022-05-04,352.303789704016,363.4029372119361,352.303789704016,353.8182067871094,28732370.0,KOTAKBANK,0.0007045723057079734,False
2022-05-05,358.8795566667024,362.8648930854077,355.551774000064,358.2020263671875,17840235.0,KOTAKBANK,0.012390033910029574,False
2022-05-06,349.74316702255874,357.6739781516722,348.7169440890392,353.7583923339844,14237415.0,KOTAKBANK,-0.012405384967443034,False
2022-05-09,347.72062827707856,355.49202270666206,347.322100686842,352.2041320800781,10846810.0,KOTAKBANK,-0.004393564329744248,False
2022-05-10,352.7022787443701,360.4338412511908,352.2041116839967,358.11236572265625,9949270.0,KOTAKBANK,0.01677502648161666,False
2022-05-11,358.2817412270996,362.2670775468544,357.88321367626475,360.6629638671875,13109420.0,KOTAKBANK,0.0071223403285285425,False
2022-05-12,359.2382626495166,359.9954863838424,350.1118375781812,350.88897705078125,21411340.0,KOTAKBANK,-0.02710005682758565,False
2022-05-13,355.6912555919811,357.6839236905356,349.91253026845385,354.6052551269531,13685110.0,KOTAKBANK,0.010591036821410382,False
2022-05-16,354.89423165821376,363.6619598989756,351.9351180559583,361.2408752441406,15195905.0,KOTAKBANK,0.018712695373935828,False
2022-05-17,363.2634466590897,367.627395214983,362.1873887217896,366.7107543945313,15103905.0,KOTAKBANK,0.015141916447561243,False
2022-05-18,368.03587014040073,371.43334268604434,366.8203413144221,368.0059509277344,26608920.0,KOTAKBANK,0.003531929504880571,False
2022-05-19,361.0714997510634,364.1202799009649,354.36619019788213,355.3724670410156,15541605.0,KOTAKBANK,-0.03432956411403143,False
2022-05-20,360.8722545624393,366.6310649449767,357.57439083712524,364.4889221191406,13248360.0,KOTAKBANK,0.025653239695333063,False
2022-05-23,369.042152581306,372.9278495746348,366.90004030088033,369.5004577636719,14130390.0,KOTAKBANK,0.013749486857910886,False
2022-05-24,370.22778959042193,376.6142949067042,367.2088984427154,375.13970947265625,17109500.0,KOTAKBANK,0.015261826042421767,False
2022-05-25,378.17858987984914,386.8765682228283,375.87706024769176,380.1114807128906,31263010.0,KOTAKBANK,0.013253119077218711,False
2022-05-26,381.58598773318585,382.99082246472585,375.4286502844219,380.3306274414063,24749145.0,KOTAKBANK,0.0005765327795537178,False
2022-05-27,382.7915476816565,388.5702729113914,381.1974071475464,387.8130493164063,12201835.0,KOTAKBANK,0.0196734665449807,False
2022-05-30,387.623803177033,388.9190558631792,377.7202389286845,379.2446594238281,19939000.0,KOTAKBANK,-0.022094124753361366,False
2022-05-31,376.8334932461474,377.8398004402799,364.3295121638216,368.0159301757813,74151530.0,KOTAKBANK,-0.029608140731912203,False
2022-06-01,366.6509407296125,373.4260002982045,365.72435733437646,371.6525268554688,11913225.0,KOTAKBANK,0.009881628433721534,False
2022-06-02,368.2849436686592,374.422334840153,367.8465542413092,370.1679992675781,13321505.0,KOTAKBANK,-0.003994396595258465,False
2022-06-03,374.422335656003,374.422335656003,369.2613324113315,370.3672790527344,9076875.0,KOTAKBANK,0.0005383495751942746,False
2022-06-06,367.6473020520391,374.0238345430743,367.278663280748,372.4894714355469,12940485.0,KOTAKBANK,0.005729967259095581,False
2022-06-07,371.4333636206735,371.6326426154573,365.0568310617639,370.2676696777344,8558195.0,KOTAKBANK,-0.005964737068271608,False
2022-06-08,370.6363112541567,374.6415636716556,366.4018910314949,367.7469482421875,7328080.0,KOTAKBANK,-0.006807835633450776,False
2022-06-09,366.4018994745895,373.1969059681976,364.2000094216643,371.6725158691406,6404340.0,KOTAKBANK,0.01067464365297166,False
2022-06-10,366.6509710680812,369.4805564352481,355.5019893795057,357.0462951660156,14299750.0,KOTAKBANK,-0.03935244086833323,False
2022-06-13,347.3220904808155,349.23503502002154,342.46994803928425,346.1962280273437,11747225.0,KOTAKBANK,-0.030388404208555042,False
2022-06-14,345.847488485406,348.44793630156994,343.05776516318383,346.6644897460937,7755235.0,KOTAKBANK,0.0013525904699140945,False
2022-06-15,346.3257313206539,348.7169270248264,344.5123960027561,346.05670166015625,8850845.0,KOTAKBANK,-0.0017532458729263567,False
2022-06-16,347.12278899973467,349.42431830274575,332.7755842623776,333.93133544921875,14866460.0,KOTAKBANK,-0.035038668960224784,False
2022-06-17,330.9821994589932,335.5055343710017,328.5112799503395,333.4929504394531,15819320.0,KOTAKBANK,-0.0013127998580183542,False
2022-06-20,333.4929668217069,336.73105279869606,329.188796010309,334.6088562011719,8837885.0,KOTAKBANK,0.0033461149935802847,False
2022-06-21,336.7609187687922,340.54697610746183,333.2837225622175,335.067138671875,12518015.0,KOTAKBANK,0.0013696065188053552,False
2022-06-22,331.7792638020439,333.9413222329576,329.3880679819088,332.7158203125,8859625.0,KOTAKBANK,-0.007017454378531629,False
2022-06-23,333.77196106739217,337.7572979159581,328.5511795255972,335.5852966308594,12454005.0,KOTAKBANK,0.008624406004091645,False
2022-06-24,338.7535876213341,341.7226741294801,336.7908082650647,338.43475341796875,8088605.0,KOTAKBANK,0.008491006059314188,False
2022-06-27,342.1809616212953,342.71899051097483,335.76456803703354,337.0697631835937,10640560.0,KOTAKBANK,-0.004033244873907216,False
2022-06-28,335.7446962353675,337.2292244041739,331.7194977147404,332.5364990234375,13997215.0,KOTAKBANK,-0.013449038315807127,False
2022-06-29,328.7902714242714,330.57371807680664,326.1400189210759,327.2857971191406,14664150.0,KOTAKBANK,-0.015789851398919086,False
2022-06-30,325.20343413230427,334.1505250205041,325.0041855618697,331.0021057128906,19910320.0,KOTAKBANK,0.0113549339032184,False
2022-07-01,327.7939017175665,334.668600566065,326.0005125938546,332.32720947265625,11502570.0,KOTAKBANK,0.004003309153915113,False
2022-07-04,332.0881501645695,335.6550436320082,330.7929278653115,332.9549560546875,9343905.0,KOTAKBANK,0.001888941272751632,False
2022-07-05,333.771969978064,337.71744504987805,330.1752179709506,331.3907165527344,13210485.0,KOTAKBANK,-0.004698051413585813,False
2022-07-06,335.1668255988803,341.22455468497816,332.9749085578337,339.6503295898437,27864745.0,KOTAKBANK,0.024924092995209035,False
2022-07-07,342.3404085620785,347.52132772523595,341.951823661847,346.4253845214844,15850325.0,KOTAKBANK,0.019947146642908198,False
2022-07-08,349.7132796893303,350.00222510067664,345.16999848821587,347.6708068847656,8890745.0,KOTAKBANK,0.0035950666981334756,False
2022-07-11,347.3220811783064,348.11913631401006,344.3729406893574,346.9733581542969,7665895.0,KOTAKBANK,-0.0020060606661747027,False
2022-07-12,343.0378338590129,346.5250033654739,341.1348623996504,342.5297241210937,9144160.0,KOTAKBANK,-0.012806845046665294,False
2022-07-13,343.5359999196692,347.9099213967735,343.4164446875697,347.1327819824219,18067340.0,KOTAKBANK,0.01343841873326257,False
2022-07-14,346.7243019947932,354.0971690020469,346.1364684648087,352.7122802734375,32854910.0,KOTAKBANK,0.01607309531284251,False
2022-07-15,353.16061322592105,356.6876448195785,352.7023080059519,356.2293395996094,11668660.0,KOTAKBANK,0.00997146831248763,False
2022-07-18,358.6802894130883,368.6436307856741,357.5345112363819,367.7768249511719,15585190.0,KOTAKBANK,0.03241587389893685,False
2022-07-19,365.6546263914566,369.04215635862886,364.26970735343735,365.6446533203125,14475875.0,KOTAKBANK,-0.005797460541844823,False
2022-07-20,367.8963788769765,368.6436294772682,362.2870128392069,364.2099304199219,12857345.0,KOTAKBANK,-0.003923817529840279,False
2022-07-21,363.6619442709052,363.6619442709052,356.2492161798858,358.78985595703125,10933370.0,KOTAKBANK,-0.014881731688758393,False
2022-07-22,358.8795787729363,367.0495006911102,356.62785382784097,364.0804443359375,16747900.0,KOTAKBANK,0.014745646486560293,False
2022-07-25,361.868551224205,368.4045003783297,355.71118348095126,357.79351806640625,9432575.0,KOTAKBANK,-0.017267959230818475,False
2022-07-26,356.88689183872884,357.6739738967737,349.11546750519943,351.0284423828125,9012235.0,KOTAKBANK,-0.01890776479169798,False
2022-07-27,350.9388009139292,350.9388009139292,345.1999062787431,349.5339660644531,17398225.0,KOTAKBANK,-0.004257422299500102,False
2022-07-28,353.65872660501634,365.02690178768574,351.7059203765787,364.359375,10772005.0,KOTAKBANK,0.042414787616986915,False
2022-07-29,366.1827131211415,370.018605933159,359.4076526159031,360.7427368164063,11939990.0,KOTAKBANK,-0.009926019286847443,False
2022-08-01,361.6693111397672,371.0348464490221,361.0715045443453,369.7894287109375,8277685.0,KOTAKBANK,0.025077959917833015,False
2022-08-02,368.9824035057649,377.2121337170291,365.49523381024034,375.5382995605469,16788030.0,KOTAKBANK,0.015546336382977755,False
2022-08-03,373.62529942004073,374.58177167295867,366.6509604975333,368.8628234863281,12678395.0,KOTAKBANK,-0.01777575305110124,False
2022-08-04,369.9587790560346,370.43699995630095,361.5198281554482,365.7641906738281,11805930.0,KOTAKBANK,-0.008400501799593396,False
2022-08-05,367.5975139068634,368.6436526507518,363.1937033804705,365.4354553222656,8322855.0,KOTAKBANK,-0.0008987630827306248,False
2022-08-08,364.6583054512635,368.5440026249309,362.0279686532697,367.5476684570313,7779625.0,KOTAKBANK,0.0057799896096644154,False
2022-08-09,364.6583054512635,368.5440026249309,362.0279686532697,367.5476684570313,7779625.0,KOTAKBANK,0.0,False
2022-08-10,368.24508394824016,368.4941674695247,362.8748286346074,364.3294982910156,8286635.0,KOTAKBANK,-0.008755789907539335,False
2022-08-11,368.6661506620457,370.1914583394402,365.4759803792382,369.56341552734375,13891690.0,KOTAKBANK,0.014365889286701128,False
2022-08-12,370.8594126145072,370.8594126145072,366.1738110919787,367.1109313964844,6982610.0,KOTAKBANK,-0.00663616588606275,False
2022-08-15,370.8594126145072,370.8594126145072,366.1738110919787,367.1109313964844,6982610.0,KOTAKBANK,0.0,False
2022-08-16,368.9552494164346,371.2182783310211,366.5825419565207,368.13775634765625,6568120.0,KOTAKBANK,0.002797042701141672,False
2022-08-17,369.6630754621435,369.6630754621435,365.10711069205655,366.8118591308594,16916670.0,KOTAKBANK,-0.0036016333395174627,False
2022-08-18,366.672276514993,381.2275175502979,365.27657513878745,379.7321166992188,18306580.0,KOTAKBANK,0.035223118464526415,False
2022-08-19,382.6232318847729,387.29885447141646,373.0526904529484,374.2489929199219,22819530.0,KOTAKBANK,-0.014439452282726029,False
2022-08-22,364.2696984162317,366.4729138533539,361.1492903892076,365.28656005859375,20813785.0,KOTAKBANK,-0.023947780838105892,False
2022-08-23,363.6814873531249,372.6538927689817,362.8839523746525,370.0120239257813,11071500.0,KOTAKBANK,0.012936320094639076,False
2022-08-24,369.0649582871055,373.6408814397882,367.1508317278087,372.374755859375,7078125.0,KOTAKBANK,0.006385554470704546,False
2022-08-25,373.8701601090987,379.9215565056954,370.0918023324381,372.6040649414063,11022045.0,KOTAKBANK,0.0006158018996269554,False
2022-08-26,373.3218621722943,384.21834308118105,372.6339753042154,379.24365234375,16715440.0,KOTAKBANK,0.01781941751866767,False
2022-08-29,370.4606705102138,374.4384273274298,367.8686360952016,368.8655700683594,18198365.0,KOTAKBANK,-0.02736521023161076,False
2022-08-30,371.82643904228354,382.8226187761056,370.261245512713,381.9154052734375,19429250.0,KOTAKBANK,0.03537829568278683,False
2022-08-31,371.82643904228354,382.8226187761056,370.261245512713,381.9154052734375,19429250.0,KOTAKBANK,0.0,False
2022-09-01,373.850208146927,383.9192465044858,373.850208146927,379.4031372070313,21039210.0,KOTAKBANK,-0.006578074703761927,False
2022-09-02,382.21451341727743,384.6170974116216,379.7121995212812,382.5933227539063,16656880.0,KOTAKBANK,0.008408432176811864,False
2022-09-05,381.0281832856818,390.1999577425989,381.0281832856818,386.39166259765625,19033850.0,KOTAKBANK,0.009927878030932424,False
2022-09-06,387.7973409851444,388.7942749698762,380.8287821675525,381.9653015136719,13839270.0,KOTAKBANK,-0.011455633007779187,False
2022-09-07,378.834892982972,381.84562249561446,375.983676549835,380.4798278808594,9881290.0,KOTAKBANK,-0.003889027686352131,False
2022-09-08,382.8425578366214,386.4115983527019,381.2275297336837,384.8264770507813,12060915.0,KOTAKBANK,0.011424125147793562,False
2022-09-09,388.8042229225697,388.9438082727838,382.1247535899376,384.0887145996094,14089865.0,KOTAKBANK,-0.001917130174685422,False
2022-09-12,383.8195466521629,387.607883254711,382.3739803458178,383.6201477050781,7418405.0,KOTAKBANK,-0.001219944447000243,False
2022-09-13,385.41467591058966,386.8103773730099,382.8525483257122,383.5005493164063,7922905.0,KOTAKBANK,-0.00031176253225306816,False
2022-09-14,377.2398031877518,394.3471935382023,377.2398031877518,389.7413635253906,18712145.0,KOTAKBANK,0.016273286231554662,False
2022-09-15,392.29348329019945,396.2214052264412,383.420777808844,385.6439208984375,18737490.0,KOTAKBANK,-0.010513235212936789,False
2022-09-16,384.0687982029679,394.7858379970806,380.8486906424191,384.8763122558594,25844110.0,KOTAKBANK,-0.0019904595949284953,False
2022-09-19,383.4407226636407,386.8103642093887,380.3402727499197,384.716796875,8379560.0,KOTAKBANK,-0.00041445881645563176,False
2022-09-20,387.6078980619147,391.13705267688096,385.4146616802364,386.7605285644531,8063650.0,KOTAKBANK,0.005312301688031429,False
2022-09-21,384.2183289900828,388.8042311344187,378.51586571648426,382.5235595703125,11191380.0,KOTAKBANK,-0.010955019142897204,False
2022-09-22,379.941522522312,383.7398692562034,375.0864585496544,377.3893737792969,9286135.0,KOTAKBANK,-0.013421881247740242,False
2022-09-23,372.8732088238023,376.5818041736121,367.2505174106115,371.3977661132813,13068795.0,KOTAKBANK,-0.015876460977196305,False
2022-09-26,366.0741681850128,370.4606715949488,362.2160081414267,364.6784362792969,11425880.0,KOTAKBANK,-0.01809200390272392,False
2022-09-27,365.3164644808933,365.8448382363292,357.3110863990948,358.7566223144531,13700720.0,KOTAKBANK,-0.016238453869831804,False
2022-09-28,356.90235115253404,360.49131942769657,353.9314770534254,357.4207458496094,8855585.0,KOTAKBANK,-0.0037236287269781787,False
2022-09-29,359.2949691552134,360.89006946971534,350.87089600901294,351.9774780273437,13998135.0,KOTAKBANK,-0.015229300160869874,False
2022-09-30,352.5158328764072,364.1699925931159,350.4621514777749,362.7244262695313,14023265.0,KOTAKBANK,0.03053305655355798,False
2022-10-03,360.4913251690146,361.488259126659,353.5726010690417,355.68609619140625,12200320.0,KOTAKBANK,-0.019404069779670796,False
2022-10-04,360.49131279980753,364.4391626178976,359.294979922079,363.3325805664063,8344610.0,KOTAKBANK,0.021497844467007976,False
2022-10-05,360.49131279980753,364.4391626178976,359.294979922079,363.3325805664063,8344610.0,KOTAKBANK,0.0,False
2022-10-06,363.8808723876485,366.871674078506,361.2589313708223,362.6646118164063,8740755.0,KOTAKBANK,-0.001838449909883355,False
2022-10-07,360.98978863074944,364.87782494287984,359.3348746263022,363.9606323242188,5319220.0,KOTAKBANK,0.003573606206906721,False
2022-10-10,359.1155599215502,363.2329021317104,357.80957884011093,360.5411682128906,5188610.0,KOTAKBANK,-0.009395148287032584,False
2022-10-11,360.8601973955464,360.8601973955464,355.566480345233,356.483642578125,7483590.0,KOTAKBANK,-0.011253987040863445,False
2022-10-12,356.50360329661305,361.4882732799997,354.9483886957173,360.9299926757813,5175590.0,KOTAKBANK,0.012472802582188303,False
2022-10-13,359.89311732454934,362.0664258005372,357.50048218614035,359.1952514648437,5864895.0,KOTAKBANK,-0.004806309384479235,False
2022-10-14,364.4790515401869,370.4606551308113,363.3824181304372,365.6753540039063,8351190.0,KOTAKBANK,0.018040613044398413,False
2022-10-17,364.4890081959299,371.2980841369072,362.9337936621333,370.4905700683594,5521415.0,KOTAKBANK,0.013168008212009807,False
2022-10-18,372.3448570590357,374.0296778947426,369.8824289471572,370.7996215820313,8049290.0,KOTAKBANK,0.0008341683665926691,False
2022-10-19,372.6538706570005,374.3386913412608,369.8624679739697,372.7236633300781,4566430.0,KOTAKBANK,0.00518889889864993,False
2022-10-20,370.8594461244902,375.4353695104675,369.9323048109417,371.5672607421875,7955535.0,KOTAKBANK,-0.0031025735730294546,False
2022-10-21,372.8532736684859,383.81954642344135,372.1155523279259,379.3632507324219,19709855.0,KOTAKBANK,0.020981369495962188,False
2022-10-24,379.3333854622971,381.82572045219393,376.8410504724003,377.99749755859375,3245405.0,KOTAKBANK,-0.003600119861877249,False
2022-10-25,381.02816669239775,381.1477938981897,367.270459970136,368.1876525878906,17558250.0,KOTAKBANK,-0.025952142630739194,False
2022-10-26,381.02816669239775,381.1477938981897,367.270459970136,368.1876525878906,17558250.0,KOTAKBANK,0.0,False
2022-10-27,375.5849077244946,376.44228679023126,368.7559341218812,371.85638427734375,22967460.0,KOTAKBANK,0.00996429854088432,False
2022-10-28,373.6508471449701,377.8080752683059,373.06265974196776,375.694580078125,15243435.0,KOTAKBANK,0.010321715487661365,False
2022-10-31,378.63550655459295,381.2275409402978,376.6416386308215,379.2237243652344,9371740.0,KOTAKBANK,0.009393652382143847,False
2022-11-01,380.4299960793136,387.10943519640495,379.5128034715887,380.6692504882813,12727085.0,KOTAKBANK,0.0038118029811202714,False
2022-11-02,382.57340009401577,382.8226335794191,378.3364308421602,380.81878662109375,9320405.0,KOTAKBANK,0.0003928243025161926,False
2022-11-03,379.7919483989979,381.4269346776198,377.55882609064565,378.8648071289063,7959355.0,KOTAKBANK,-0.005130995530773563,False
2022-11-04,380.03123263503807,380.4300001288987,377.6983804267336,378.8249206542969,10407065.0,KOTAKBANK,-0.00010527891178835347,False
2022-11-07,380.4299807796562,380.82874825323495,373.1822518847282,375.3655395507813,13123005.0,KOTAKBANK,-0.009131873102594779,False
2022-11-08,380.4299807796562,380.82874825323495,373.1822518847282,375.3655395507813,13123005.0,KOTAKBANK,0.0,False
2022-11-09,378.4361440621672,379.5527052494747,374.9867610176612,377.5189514160156,11613170.0,KOTAKBANK,0.005736839529306259,False
2022-11-10,377.8379398707223,381.82567538386974,377.179959860172,381.2574157714844,12550620.0,KOTAKBANK,0.00990271969512091,False
2022-11-11,385.4146674418933,385.5941082494022,377.0204702771948,378.6554565429688,17120150.0,KOTAKBANK,-0.006824678342978396,False
2022-11-14,379.40316365388014,384.5572951786976,379.0343029573044,383.38092041015625,10711335.0,KOTAKBANK,0.012479587407322024,False
2022-11-15,383.81957463852734,385.4744886631746,377.8977844816121,381.3073120117188,9951460.0,KOTAKBANK,-0.005408741771027681,False
2022-11-16,381.6263079264055,392.5228192373924,381.6163592751269,391.9744873046875,32188255.0,KOTAKBANK,0.027975270751274817,False
2022-11-17,391.55580936338026,391.795063788789,387.4583947841872,388.9139099121094,12043355.0,KOTAKBANK,-0.007808103567207625,False
2022-11-18,390.9875143024949,398.2850778572924,388.3855009655592,390.7083740234375,21360200.0,KOTAKBANK,0.004614039420018923,False
2022-11-21,389.7114262909959,389.7114262909959,385.3747578325419,387.6278381347656,5963050.0,KOTAKBANK,-0.007884489029372777,False
2022-11-22,389.5718591120954,389.5718591120954,384.8364229660056,386.7605285644531,5833775.0,KOTAKBANK,-0.0022374800904030323,False
2022-11-23,388.9039693077904,391.0972059087807,387.9369420864046,389.4722290039063,12502815.0,KOTAKBANK,0.007011316406868806,False
2022-11-24,389.701480031885,390.0603920790318,385.4246248121119,387.77740478515625,7002105.0,KOTAKBANK,-0.004351591955823575,False
2022-11-25,388.6048607679783,388.6048607679783,382.8226557414874,384.49749755859375,10487705.0,KOTAKBANK,-0.008458221613968697,False
2022-11-28,382.02512004116585,387.3985784676208,382.02512004116585,384.4476623535156,7822520.0,KOTAKBANK,-0.00012961125987698274,False
2022-11-29,385.135511141758,386.61095384082967,383.47061814395806,383.92919921875,6817525.0,KOTAKBANK,-0.0013485922416375251,False
2022-11-30,386.6109545348816,389.8011551868323,382.0250829307136,388.2160339355469,14753670.0,KOTAKBANK,0.011165690771944625,False
2022-12-01,389.8011490121821,391.1470158416549,384.3878053187108,385.673828125,12355025.0,KOTAKBANK,-0.006548430740418443,False
2022-12-02,382.2444542299523,385.7935368969715,382.2444542299523,384.9760437011719,7954840.0,KOTAKBANK,-0.001809260501861143,False
2022-12-05,387.209157390831,387.5979762522232,382.8226538996992,386.5013427734375,6227545.0,KOTAKBANK,0.003962062308088932,False
2022-12-06,382.93229294176416,387.4284748860056,382.93229294176416,385.86328125,6833490.0,KOTAKBANK,-0.0016508649591200353,False
2022-12-07,385.3149728276293,385.3149728276293,379.9315355663273,381.1178894042969,11811400.0,KOTAKBANK,-0.01229811717334306,False
2022-12-08,378.6155951607944,379.7919699848039,374.2689775029922,378.23675537109375,63099190.0,KOTAKBANK,-0.0075596924555455525,False
2022-12-09,381.6262990413334,382.174630961272,374.6976264312771,376.45220947265625,13242275.0,KOTAKBANK,-0.004718065796346704,False
2022-12-12,371.8563558878808,374.7873440759848,371.45758840068487,372.0058898925781,16407235.0,KOTAKBANK,-0.011811112986444217,False
2022-12-13,371.6071303130759,373.2022307198119,370.5005482307588,372.5542297363281,34697825.0,KOTAKBANK,0.0014740084999953496,False
2022-12-14,373.07263786424977,374.0396650486836,371.60714368627305,373.4913635253906,18735705.0,KOTAKBANK,0.0025154292026847713,False
2022-12-15,373.959895312951,375.206062803542,369.8425834802076,371.49749755859375,10208995.0,KOTAKBANK,-0.0053384526699004065,False
2022-12-16,369.8026632159918,370.25129564049325,365.9146270916758,366.9813232421875,12439140.0,KOTAKBANK,-0.01215667493343997,False
2022-12-19,366.9813430800924,371.65696575670194,366.9713944288824,370.4905700683594,8568235.0,KOTAKBANK,0.009562467090064919,False
2022-12-20,367.86862786969687,371.24824856665856,365.82492544002463,368.287353515625,7052930.0,KOTAKBANK,-0.005946754737449433,False
2022-12-21,370.9591278274151,371.0488482317794,360.69068991714016,361.8072814941406,11914345.0,KOTAKBANK,-0.017595152153953797,False
2022-12-22,364.0802613105674,365.8747301060624,362.6845295540633,364.0902099609375,8570465.0,KOTAKBANK,0.006309791382221874,False
2022-12-23,362.0764332383573,366.7021908117784,361.27889827108055,363.2727661132813,10510630.0,KOTAKBANK,-0.002245168437085665,False
2022-12-26,363.2728031888356,364.1002450412336,357.7398011076262,361.5979309082031,23733690.0,KOTAKBANK,-0.004610406728248639,False
2022-12-27,363.4123179639974,364.4690654774934,360.2919099495387,363.0633850097656,7741430.0,KOTAKBANK,0.0040527170547735025,False
2022-12-28,363.7612486088328,365.1569499928904,361.9368425228077,362.9038696289063,9521340.0,KOTAKBANK,-0.0004393595924166993,False
2022-12-29,361.7673769683568,362.8839380637887,359.0956014294293,362.63470458984375,10772450.0,KOTAKBANK,-0.0007416979029124526,False
2022-12-30,363.9007936007518,366.4729000463045,363.3425130623698,364.3294982910156,13463440.0,KOTAKBANK,0.004673556280524016,False
2023-01-02,364.43917064098287,365.4759904629058,362.1761415376026,363.890869140625,5625005.0,KOTAKBANK,-0.0012039353180243184,False
2023-01-03,363.3325803906295,366.1738177318448,363.08334690989074,365.4460754394531,8317240.0,KOTAKBANK,0.00427382611303484,False
2023-01-04,365.8548177901562,365.8548177901562,361.6776622671048,363.0334777832031,8320520.0,KOTAKBANK,-0.006601788385191543,False
2023-01-05,362.8839425029578,365.4360908734535,360.12244653050965,362.9437561035156,8663090.0,KOTAKBANK,-0.000247144368710428,False
2023-01-06,364.0803019260614,364.0803019260614,353.04423545780384,356.2643127441406,18998275.0,KOTAKBANK,-0.01840352188747929,False
2023-01-09,359.09564257595207,362.0864446059883,356.7029766127139,361.2689514160156,17134340.0,KOTAKBANK,0.014047544176756244,False
2023-01-10,360.6009453062623,362.0863974761589,356.6830024586442,358.0089111328125,7370655.0,KOTAKBANK,-0.009023859566190784,False
2023-01-11,358.89624548337804,359.7236873294552,355.7260026167044,359.2651062011719,8018505.0,KOTAKBANK,0.0035088374319636184,False
2023-01-12,360.29191342802136,360.29191342802136,353.3931477232728,354.80877685546875,17648025.0,KOTAKBANK,-0.01240401382929679,False
2023-01-13,354.80877915684727,356.3639936517744,350.7213439641759,354.9682922363281,19915985.0,KOTAKBANK,0.0004495812709963687,False
2023-01-16,356.30416237401204,358.6967975995103,354.9084610278053,355.8655090332031,10590805.0,KOTAKBANK,0.0025275970178137985,False
2023-01-17,354.90849760026225,359.2850523848693,354.23058979424906,358.4276733398437,10661970.0,KOTAKBANK,0.0071998107195083705,False
2023-01-18,359.4843945145361,364.2796441818264,358.09867220182235,358.7167663574219,14176160.0,KOTAKBANK,0.0008065588655150613,False
2023-01-19,359.59407341560234,359.59407341560234,351.91767014094154,352.3762512207031,22128220.0,KOTAKBANK,-0.017675547204284103,False
2023-01-20,354.68913245095445,354.68913245095445,350.32255721528634,351.4989318847656,21351470.0,KOTAKBANK,-0.002489723223112472,False
2023-01-23,356.90235641041085,358.82643164460404,352.9146205845962,355.6561889648437,38823135.0,KOTAKBANK,0.011827225356807025,False
2023-01-24,357.4406719269439,357.4406719269439,348.6776148463927,350.9705505371094,20795940.0,KOTAKBANK,-0.01317462924340529,False
2023-01-25,350.3225807168946,351.00048849488525,345.5373099705959,348.8869934082031,21401665.0,KOTAKBANK,-0.005936558283074378,False
2023-01-26,350.3225807168946,351.00048849488525,345.5373099705959,348.8869934082031,21401665.0,KOTAKBANK,0.0,False
2023-01-27,349.34562242522634,349.34562242522634,339.7550918780409,341.56951904296875,37584895.0,KOTAKBANK,-0.02097376658771799,False
2023-01-30,341.5694956833754,345.0587644123733,335.7374261515343,344.1914367675781,24697780.0,KOTAKBANK,0.007676088112181789,False
2023-01-31,345.03885032368817,346.65387847424296,341.55953010807525,345.1385498046875,21926920.0,KOTAKBANK,0.0027517042434408445,False
2023-02-01,347.929961310351,355.706034235935,343.0948253907202,347.8701477050781,18260490.0,KOTAKBANK,0.007914496662098314,False
2023-02-02,342.94524946506544,352.51582065121755,342.94524946506544,351.2696533203125,20922350.0,KOTAKBANK,0.009772340735935803,False
2023-02-03,353.034237980635,355.64620000611507,347.9698270091558,354.9682922363281,13376060.0,KOTAKBANK,0.010529343713739259,False
2023-02-06,353.91154085909864,354.5595418209403,346.933003433708,348.3287048339844,15201045.0,KOTAKBANK,-0.018704733767948234,False
2023-02-07,349.3655446662782,354.90849513388656,348.33870388889056,353.9913024902344,18215935.0,KOTAKBANK,0.016256477222997834,False
2023-02-08,354.66924306170785,354.90849748163004,351.1400882478024,352.01739501953125,7233450.0,KOTAKBANK,-0.005576146805916449,False
2023-02-09,352.5058678027148,353.95143418371515,348.51813204713807,353.09405517578125,10819125.0,KOTAKBANK,0.003058542479670079,False
2023-02-10,352.4959224894086,354.6393550025348,351.9177141360338,353.3233947753906,7229710.0,KOTAKBANK,0.0006495141910423108,False
2023-02-13,353.9314843879978,355.7957764539037,351.2497295951498,353.6723022460937,11945710.0,KOTAKBANK,0.0009875017501315142,False
2023-02-14,352.91461284039553,354.310314264002,351.66844542217376,352.9844055175781,8074465.0,KOTAKBANK,-0.0019450115944813495,False
2023-02-15,352.6055784628123,356.90236144178,350.9705921476546,356.005126953125,12046460.0,KOTAKBANK,0.008557662571856639,False
2023-02-16,357.69987281448334,359.6738128983094,355.6162846046711,356.4935913085937,11458010.0,KOTAKBANK,0.001372071126191976,False
2023-02-17,355.52657361515435,357.18148759154093,349.13622346638755,350.7712097167969,12939545.0,KOTAKBANK,-0.01605184982650454,False
2023-02-20,352.52579087883674,352.52579087883674,344.9590660333203,346.3946533203125,16124195.0,KOTAKBANK,-0.012476954422849795,False
2023-02-21,347.9299504129053,347.9299504129053,343.9521936667905,344.9790344238281,14684670.0,KOTAKBANK,-0.00408672271039745,False
2023-02-22,343.7329047707978,344.1615791169606,338.55881453981686,339.0672302246094,17695745.0,KOTAKBANK,-0.01713670573950221,False
2023-02-23,340.4330131448179,341.69910829731697,336.51503963421635,340.3831481933594,13850550.0,KOTAKBANK,0.0038809942437618705,False
2023-02-24,341.5495766532195,343.7926780361119,337.7612093965954,338.419189453125,10401815.0,KOTAKBANK,-0.0057698471579994415,False
2023-02-27,338.618578953241,344.89925048028965,337.12317807308574,344.1316223144531,11718990.0,KOTAKBANK,0.016879754574671946,False
2023-02-28,344.1316317601966,347.2121540069897,343.2742527448896,344.78961181640625,21975490.0,KOTAKBANK,0.0019120285939659976,False
2023-03-01,344.7895956846898,349.0464924885642,344.141594733956,347.9100036621094,28066930.0,KOTAKBANK,0.009050133005064742,False
2023-03-02,346.0557159515297,348.1991179093689,342.54651931808166,343.28424072265625,20599675.0,KOTAKBANK,-0.013295860684551242,False
2023-03-03,345.3379144708515,351.9176846309055,342.9253513473712,349.12628173828125,18131345.0,KOTAKBANK,0.017018086828940238,False
2023-03-06,350.183029292204,351.83794330140614,347.22213424138016,349.12628173828125,25934230.0,KOTAKBANK,0.0,False
2023-03-07,350.183029292204,351.83794330140614,347.22213424138016,349.12628173828125,25934230.0,KOTAKBANK,0.0,False
2023-03-08,346.135479523714,347.7903631071748,344.3110733582212,346.972900390625,26013040.0,KOTAKBANK,-0.006167915336922403,False
2023-03-09,346.79345381872685,347.8402527948133,341.6891565008563,342.2873229980469,34641580.0,KOTAKBANK,-0.013504159510160818,False
2023-03-10,340.35324947087724,341.6492818794204,337.3624475767148,338.8179626464844,24380720.0,KOTAKBANK,-0.010135813155961682,False
2023-03-13,338.7581374175777,343.6032521403394,332.21825326735507,333.7535400390625,44894690.0,KOTAKBANK,-0.014947326192106258,False
2023-03-14,333.574117624261,334.4813312019233,327.69221319476907,328.6392822265625,70694930.0,KOTAKBANK,-0.015323456380122336,False
2023-03-15,332.5771730856272,336.56490890098485,331.30109884167314,332.1684265136719,23461815.0,KOTAKBANK,0.010738656265310453,False
2023-03-16,332.9759336635468,334.7404957725337,328.6293163186489,331.6898803710937,18160315.0,KOTAKBANK,-0.0014406731777636406,False
2023-03-17,334.8900835566278,340.19374932847523,333.20526265822906,337.581787109375,44641505.0,KOTAKBANK,0.017763299657166165,False
2023-03-20,336.3654843358227,339.54570584040664,335.1791305871406,338.8877258300781,22319685.0,KOTAKBANK,0.003868510596752195,False
2023-03-21,340.46291909515804,341.3402258289371,337.3624387257347,340.3233337402344,9025900.0,KOTAKBANK,0.00423623460141509,False
2023-03-22,340.95143272794826,341.5894851003215,337.382422345022,339.9844055175781,16630495.0,KOTAKBANK,-0.0009959006305307883,False
2023-03-23,338.78806102367315,338.95755318683126,333.9728832870249,334.9100036621094,28210755.0,KOTAKBANK,-0.014925395909685002,False
2023-03-24,334.1822358222737,340.74207854440647,333.9728882021239,337.3923645019531,27403045.0,KOTAKBANK,0.007412023566630177,False
2023-03-27,339.0871407255564,341.5196619361002,337.5817607633567,339.9943542480469,14186020.0,KOTAKBANK,0.0077120587774257565,False
2023-03-28,340.742036514994,340.9114982357329,336.05643514856706,338.7381896972656,11858260.0,KOTAKBANK,-0.0036946629703880074,False
2023-03-29,338.97744666289003,344.34095580098466,337.96058505871895,343.15460205078125,14105000.0,KOTAKBANK,0.013037834197149767,False
2023-03-30,338.97744666289003,344.34095580098466,337.96058505871895,343.15460205078125,14105000.0,KOTAKBANK,0.0,False
2023-03-31,344.04192160807594,347.06263034195734,343.14468711342005,345.5074157714844,17828775.0,KOTAKBANK,0.006856424791164439,False
2023-04-03,345.73669723950104,349.3655515842292,345.577214573457,348.0695495605469,12184330.0,KOTAKBANK,0.007415568153122054,False
2023-04-04,345.73669723950104,349.3655515842292,345.577214573457,348.0695495605469,12184330.0,KOTAKBANK,0.0,False
2023-04-05,347.9299209702914,350.8609089848786,346.74356722991047,349.3056945800781,12631750.0,KOTAKBANK,0.003551431089251933,False
2023-04-06,348.9268697530275,351.2098569338483,346.8033956492605,350.342529296875,7786775.0,KOTAKBANK,0.0029682731569644627,False
2023-04-07,348.9268697530275,351.2098569338483,346.8033956492605,350.342529296875,7786775.0,KOTAKBANK,0.0,False
2023-04-10,350.35251463887283,352.5158748444665,348.85711361189465,350.7811889648437,6265855.0,KOTAKBANK,0.001252087974728866,False
2023-04-11,368.3072489186145,370.6599982326524,364.0802590735932,368.1676635742188,46468815.0,KOTAKBANK,0.04956501419213111,False
2023-04-12,367.2704831414111,369.0550035377535,365.1769156359381,367.6792297363281,17043565.0,KOTAKBANK,-0.0013266614268860888,False
2023-04-13,366.4729293039944,373.7106491558508,365.0772278466123,372.7536010742188,14620580.0,KOTAKBANK,0.013801082376966534,False
2023-04-14,366.4729293039944,373.7106491558508,365.0772278466123,372.7536010742188,14620580.0,KOTAKBANK,0.0,False
2023-04-17,376.63167057335903,381.5864333255944,364.10020401638434,377.8678588867188,51771495.0,KOTAKBANK,0.013720210342063721,False
2023-04-18,379.02431684497134,379.7520895733586,376.023535951769,376.5020751953125,14863605.0,KOTAKBANK,-0.003614447906287177,False
2023-04-19,376.50209604697903,376.5120751226085,374.0795537418929,375.8241882324219,9383280.0,KOTAKBANK,-0.0018004866574479195,False
2023-04-20,375.7045279608035,379.51282309517165,373.26205794560695,375.6447143554688,11613885.0,KOTAKBANK,-0.0004775474346054853,False
2023-04-21,375.2459439281912,379.5626850983583,374.2789167507828,377.5688171386719,8356705.0,KOTAKBANK,0.005122134585347382,False
2023-04-24,376.88091008894014,379.2336595519319,374.3586684718812,378.2865905761719,10087030.0,KOTAKBANK,0.0019010400354020351,False
2023-04-25,379.2336672767903,380.2306012235873,374.2489975428051,376.7014465332031,23692095.0,KOTAKBANK,-0.004190325754223512,False
2023-04-26,374.34869699640007,377.7183386041825,371.52738731372375,374.5680236816406,15797590.0,KOTAKBANK,-0.0056634315349635145,False
2023-04-27,374.229064106656,381.4269283096685,374.2190850316573,380.5496215820313,25306465.0,KOTAKBANK,0.015969323386436862,False
2023-04-28,380.03121969922034,387.4683381694039,378.05727959938775,386.4215393066406,21838060.0,KOTAKBANK,0.015430097394916409,False
2023-05-01,380.03121969922034,387.4683381694039,378.05727959938775,386.4215393066406,21838060.0,KOTAKBANK,0.0,False
2023-05-02,382.4238676643215,386.3019248927008,376.84103148346816,383.0519409179688,23028855.0,KOTAKBANK,-0.008720006640204114,False
2023-05-03,382.62323369196486,385.584128708323,381.3671176169104,385.00592041015625,17245035.0,KOTAKBANK,0.005101082342788388,False
2023-05-04,384.80653836824587,389.0235800690429,383.171582456587,388.3257141113281,17257895.0,KOTAKBANK,0.008622708184942152,False
2023-05-05,389.2329349127816,393.5895316315944,381.9254220681845,384.5573120117188,17421090.0,KOTAKBANK,-0.009704230141527437,False
2023-05-08,385.99286362913983,392.4928921879309,383.0220200513444,390.56878662109375,19354705.0,KOTAKBANK,0.01563219427015272,False
2023-05-09,391.76513703916106,392.79197779460793,388.4353812843722,389.6615905761719,18115375.0,KOTAKBANK,-0.0023227561341249148,False
2023-05-10,390.7980919463008,391.5956269031184,385.14546330122806,390.5388793945313,19562195.0,KOTAKBANK,0.0022514120959733486,False
2023-05-11,392.7919883232212,394.7858562842528,389.1731131061072,390.3893737792969,22059120.0,KOTAKBANK,-0.0003828187745767986,False
2023-05-12,389.60179494547725,392.39322839927553,387.5381646881756,390.9177551269531,16085405.0,KOTAKBANK,0.0013534726689434784,False
2023-05-15,390.2099453039952,394.18770227635656,389.2828039745595,393.3901672363281,14858460.0,KOTAKBANK,0.006324634982547872,False
2023-05-16,394.3870572150085,394.3870572150085,386.4115860091397,388.2160339355469,22847485.0,KOTAKBANK,-0.013152675719199869,False
2023-05-17,388.7643490044326,388.983675687223,377.94760971846586,380.6592712402344,27410085.0,KOTAKBANK,-0.01946535442832098,False
2023-05-18,383.62015752009626,385.5442630942688,381.0680091369545,384.298095703125,20726140.0,KOTAKBANK,0.009559269241058876,False
2023-05-19,384.81653090418655,388.1761936766221,383.5205288505388,387.1393737792969,19734635.0,KOTAKBANK,0.007393422210363543,False
2023-05-22,387.8072982970509,389.3026991902272,383.5504013737857,386.8502502441406,17004400.0,KOTAKBANK,-0.0007468202790478218,False
2023-05-23,386.8502577559421,386.8502577559421,381.8257021385811,383.1217041015625,21677620.0,KOTAKBANK,-0.009638215666721295,False
2023-05-24,383.21145362388216,386.8103705608854,378.3165043043053,380.8985595703125,17787685.0,KOTAKBANK,-0.005802711011800743,False
2023-05-25,382.4238622784496,385.5243122024597,380.34027401211296,384.8065185546875,29833785.0,KOTAKBANK,0.010259841856014251,False
2023-05-26,388.7942364791369,388.7942364791369,383.52047812729694,387.8172607421875,16477060.0,KOTAKBANK,0.007824041543808002,False
2023-05-29,391.4162010014329,393.4499547699475,388.4553059649225,389.4422912597656,18877545.0,KOTAKBANK,0.004190196471575813,False
2023-05-30,390.3694631826363,394.60643278575634,389.272829671144,393.7291259765625,37148525.0,KOTAKBANK,0.01100762503971997,False
2023-05-31,395.7727892762891,411.61408395311554,389.5818381187871,401.634765625,442990630.0,KOTAKBANK,0.020078879429682006,False
2023-06-01,392.3932019481802,394.6163451464672,383.8195640431928,384.8264770507813,29837160.0,KOTAKBANK,-0.041849685367905454,False
2023-06-02,387.797315031636,389.0733892297304,384.4177248700613,386.5611267089844,17790360.0,KOTAKBANK,0.004507615150332267,False
2023-06-05,387.8073157207377,389.1033177167813,383.2712783105749,383.7996520996094,12029545.0,KOTAKBANK,-0.007143694537743661,False
2023-06-06,385.7935258352306,392.0741977933855,384.8464263765197,390.6087036132813,20564205.0,KOTAKBANK,0.017741161244994474,False
2023-06-07,393.1907641181836,393.1907641181836,386.0128575615825,386.6907653808594,15502070.0,KOTAKBANK,-0.010030340328260667,False
2023-06-08,386.1922689664696,386.1922689664696,374.7574356228861,376.1431579589844,27458070.0,KOTAKBANK,-0.02727659506294766,False
2023-06-09,371.2581768851995,378.376299508073,370.9989947604954,373.2520446777344,70984620.0,KOTAKBANK,-0.007686204627348925,False
2023-06-12,373.8203256869439,375.6447014349239,371.7467164506382,374.7375183105469,14075865.0,KOTAKBANK,0.003979813785333963,False
2023-06-13,373.920049779232,375.4453576112239,369.2643545242962,370.0519409179688,47809135.0,KOTAKBANK,-0.012503624973827954,False
2023-06-14,370.0519047707949,372.444540097692,368.1477573297702,371.78656005859375,27892715.0,KOTAKBANK,0.004687501803995353,False
2023-06-15,372.4445425376841,372.6538901438568,364.618605117514,365.57568359375,24190940.0,KOTAKBANK,-0.01670548947187578,False
2023-06-16,366.2635777393297,371.1884034520931,365.47599140172986,370.3410339355469,15988285.0,KOTAKBANK,0.013035195051682935,False
2023-06-19,371.6270543888936,372.5442470015603,362.4851871835568,363.7911682128906,38049565.0,KOTAKBANK,-0.017686038333511234,False
2023-06-20,362.8839492924936,368.2673864114816,361.9468289675429,367.6692199707031,23114525.0,KOTAKBANK,0.01066010419346708,False
2023-06-21,368.2773699203698,368.8157227659528,366.09408216084825,367.978271484375,11995540.0,KOTAKBANK,0.0008405694490729587,False
2023-06-22,367.97827503506704,368.3272080017565,364.9575663888296,366.0940856933594,17141050.0,KOTAKBANK,-0.005120372416053454,False
2023-06-23,365.4760004387454,367.97828402163606,363.66157330685695,364.5887145996094,12920315.0,KOTAKBANK,-0.004111978730546584,False
2023-06-26,365.2666367774215,365.2666367774215,362.8640223581268,363.4721374511719,11068395.0,KOTAKBANK,-0.003062566403525979,False
2023-06-27,364.41923808843086,368.26738846312793,363.0135575931735,367.8088073730469,10693325.0,KOTAKBANK,0.011931230691534234,False
2023-06-28,368.0680079660681,368.48670316652846,364.7581801170573,366.9813232421875,26699910.0,KOTAKBANK,-0.002249767037307837,False
2023-06-29,368.0680079660681,368.48670316652846,364.7581801170573,366.9813232421875,26699910.0,KOTAKBANK,0.0,False
2023-06-30,368.44683455274935,368.9752083274223,365.4660117884634,368.17767333984375,19673600.0,KOTAKBANK,0.0032599754316835483,False
2023-07-03,370.06188565376857,370.66002167040864,366.47291743388325,367.6592712402344,16042700.0,KOTAKBANK,-0.0014080215535798857,False
2023-07-04,368.8655729111044,372.52433400735487,366.0841185858355,371.1983947753906,32877935.0,KOTAKBANK,0.009626096258140482,False
2023-07-05,371.4177304578621,372.4146644628324,369.4936551300318,371.8264770507813,15595925.0,KOTAKBANK,0.001692039308981208,False
2023-07-06,370.859424470618,375.4154198633231,370.670004588715,374.3088073730469,18271205.0,KOTAKBANK,0.006676045078754633,False
2023-07-07,373.2520527690908,373.7305920023159,368.96524909181466,369.56341552734375,10382720.0,KOTAKBANK,-0.012677745626684445,False
2023-07-10,369.4637238414256,373.7206208078885,367.86862345438254,372.2351989746094,17187710.0,KOTAKBANK,0.007229566929543463,False
2023-07-11,373.650827276319,377.5987075706288,371.5174044724328,372.1753845214844,20483785.0,KOTAKBANK,-0.00016068994358886535,False
2023-07-12,373.8303008509528,377.020471213739,372.43456899172384,374.4683227539063,21775415.0,KOTAKBANK,0.006160907807941207,False
2023-07-13,376.6416380320647,379.1539310833893,372.1454865594346,372.7934875488281,26326850.0,KOTAKBANK,-0.004472568447876024,False
2023-07-14,372.8732268335077,376.312661147281,370.8594311973913,372.6539001464844,35659580.0,KOTAKBANK,-0.0003744362683520963,False
2023-07-17,373.092542323206,378.7252433381633,372.1853288006554,378.2467041015625,16649280.0,KOTAKBANK,0.01500803816323848,False
2023-07-18,377.90776304252,380.4300047411797,374.717562204938,377.0105285644531,28978225.0,KOTAKBANK,-0.0032681726600780614,False
2023-07-19,377.7980685249557,381.8256900668374,377.15006756395206,380.1508483886719,16888935.0,KOTAKBANK,0.008329528186324708,False
2023-07-20,379.03427903193335,391.2766260450346,377.4192205659376,390.1799926757813,46527925.0,KOTAKBANK,0.026382012113400632,False
2023-07-21,389.18309660110526,396.3310962851292,388.92388402754415,392.8318786621094,19248750.0,KOTAKBANK,0.006796570906011601,False
2023-07-24,388.8042313310361,388.8042313310361,376.482142603146,378.2865905761719,35165465.0,KOTAKBANK,-0.037026750821433474,False
2023-07-25,379.0342897471084,379.2336582773309,370.1516048410575,373.9499206542969,39724580.0,KOTAKBANK,-0.01146398003500404,False
2023-07-26,374.8471507775759,378.41616079469225,373.9798231422883,377.8977661132813,12310365.0,KOTAKBANK,0.010557150144802518,False
2023-07-27,376.64164968699794,379.3533113598873,371.3678907791004,373.60101318359375,31450005.0,KOTAKBANK,-0.011370146412560511,False
2023-07-28,372.7735497444089,376.0036059527766,371.078749888112,374.2190856933594,11510165.0,KOTAKBANK,0.0016543651862686026,False
2023-07-31,372.0557283862877,373.8501971630676,368.69603572494975,370.1715087890625,20126035.0,KOTAKBANK,-0.010816062192011033,False
2023-08-01,368.8655700683594,372.00590599900414,367.7490088862644,368.8655700683594,22339710.0,KOTAKBANK,-0.003527928783539358,False
2023-08-02,366.9813360758711,368.44683017674856,362.4951333700026,363.6216735839844,20902255.0,KOTAKBANK,-0.01421628069923464,False
2023-08-03,362.9038786598391,365.6454469704658,360.06264129530604,363.5319519042969,35076460.0,KOTAKBANK,-0.00024674458704065927,False
2023-08-04,364.9787225717535,367.7325357815928,361.4167607948823,366.8744812011719,27217660.0,KOTAKBANK,0.009194595631458968,False
2023-08-07,368.1715423477949,368.1715423477949,364.4598930606352,365.4875793457031,18541550.0,KOTAKBANK,-0.0037803170472036074,False
2023-08-08,365.47758492173983,367.7025891717886,363.5918441117311,364.7791748046875,20448115.0,KOTAKBANK,-0.0019382451854692562,False
2023-08-09,365.9764469780576,365.9764469780576,362.53421120143565,365.4775695800781,13121620.0,KOTAKBANK,0.0019145686585988475,False
2023-08-10,364.3301580443711,365.65718897588977,358.3935352715001,359.3613586425781,25560495.0,KOTAKBANK,-0.01673484625753452,False
2023-08-11,358.79262149874813,359.1917173170664,355.5997940540839,357.4855651855469,21328080.0,KOTAKBANK,-0.005219797320771269,False
2023-08-14,356.9966444267829,359.6606630595258,356.1984527906293,358.0143737792969,16499595.0,KOTAKBANK,0.0014792446052347419,False
2023-08-15,356.9966444267829,359.6606630595258,356.1984527906293,358.0143737792969,16499595.0,KOTAKBANK,0.0,False
2023-08-16,356.59757167346214,357.166299236763,354.701843578187,356.4379272460937,9419700.0,KOTAKBANK,-0.004403305142644975,False
2023-08-17,355.59979732700907,356.6773895403515,351.80834134450066,352.3471374511719,25658695.0,KOTAKBANK,-0.011476864503528028,False
2023-08-18,350.63102118098124,352.8859264263066,348.51575533144364,349.37384033203125,20566460.0,KOTAKBANK,-0.008438544841456674,False
2023-08-21,349.4137444047193,353.7240220150395,348.9846866978802,351.279541015625,19777340.0,KOTAKBANK,0.005454617557464125,False
2023-08-22,353.0056515132327,353.60431050925104,350.9004034086241,351.82830810546875,16644060.0,KOTAKBANK,0.0015621948498827365,False
2023-08-23,353.16527776567256,355.57985776068574,350.0123689680379,355.210693359375,16691425.0,KOTAKBANK,0.009613738223964274,False
2023-08-24,356.9966599401493,358.9921695663079,354.45239734642126,355.3902893066406,20618955.0,KOTAKBANK,0.0005056039996067518,False
2023-08-25,353.4446582647216,357.0665131390289,352.60654786845345,354.9712219238281,10216750.0,KOTAKBANK,-0.0011791751081046131,False
2023-08-28,354.9712283628961,358.51327631331264,354.1331179514248,357.2660827636719,9902680.0,KOTAKBANK,0.006464920810780983,False
2023-08-29,358.58310565295454,358.7028313549231,355.0011391910572,355.8193054199219,13543460.0,KOTAKBANK,-0.004049579329104769,False
2023-08-30,357.3957856267185,357.78489416965704,352.2074484277619,354.1830139160156,12979480.0,KOTAKBANK,-0.004598658585922344,False
2023-08-31,354.1830252186417,355.95902762166475,350.07224968723904,350.96026611328125,41570050.0,KOTAKBANK,-0.009099103220965188,False
2023-09-01,351.9879437597628,355.1209085063569,350.08222840195964,353.4247131347656,13476050.0,KOTAKBANK,0.007022011490864566,False
2023-09-04,354.68189534503347,356.9966633924764,350.6709014702678,351.6487121582031,23488415.0,KOTAKBANK,-0.0050251182516636295,False
2023-09-05,352.2074590542247,355.7993825734852,351.8283073425998,353.41473388671875,21286715.0,KOTAKBANK,0.005022119141790293,False
2023-09-06,353.40477597653324,354.6020635132972,351.24962187148463,353.2650756835937,31101115.0,KOTAKBANK,-0.00042346339519905296,False
2023-09-07,354.2029721802158,357.6651827318835,352.6664211836123,356.9966735839844,11040445.0,KOTAKBANK,0.010563166747150854,False
2023-09-08,358.5930813182325,360.1894951427495,355.51002253447143,357.8348083496094,11930910.0,KOTAKBANK,0.002347738305824354,False
2023-09-11,359.1917188128917,361.48654261457256,358.24383959751174,360.7681579589844,11584510.0,KOTAKBANK,0.008197496556872297,False
2023-09-12,362.9831918628765,362.9831918628765,358.47335103159696,361.42669677734375,17044830.0,KOTAKBANK,0.0018253795514686644,False
2023-09-13,359.3114364112938,366.3755571067871,359.3114364112938,364.1006774902344,29659350.0,KOTAKBANK,0.00739840398269731,False
2023-09-14,364.7791470808394,365.5274631523472,361.9854154777747,363.4920349121094,12797115.0,KOTAKBANK,-0.0016716326438072082,False
2023-09-15,362.4244433007611,363.87119993835904,361.38680023353743,361.9654846191406,20607700.0,KOTAKBANK,-0.004199680175489551,False
2023-09-18,361.3868062575496,361.58633895116014,357.994415526504,358.86248779296875,19850560.0,KOTAKBANK,-0.00857263180614265,False
2023-09-19,361.3868062575496,361.58633895116014,357.994415526504,358.86248779296875,19850560.0,KOTAKBANK,0.0,False
2023-09-20,356.5876094068658,359.88018813020847,354.3426610639338,357.08648681640625,26840715.0,KOTAKBANK,-0.004948973595666262,False
2023-09-21,355.9989197312585,357.3558821662246,349.4137620540397,350.3516540527344,23923755.0,KOTAKBANK,-0.018860508622759897,False
2023-09-22,350.8105832811088,353.18524450595964,349.64319680242545,350.50128173828125,18550615.0,KOTAKBANK,0.00042707857609936006,False
2023-09-25,352.0078787451764,357.05651556117755,350.57110940751767,356.0787353515625,11132835.0,KOTAKBANK,0.015912790919395015,False
2023-09-26,354.422468024626,355.55989268477924,349.9525154738255,352.0278625488281,18280835.0,KOTAKBANK,-0.011376340119650497,False
2023-09-27,352.00790166127223,353.4247269569719,349.2142002389851,352.2373962402344,15021030.0,KOTAKBANK,0.00059521905422244,False
2023-09-28,351.6486902857667,353.58433695738734,345.02358405938264,345.8617248535156,41315985.0,KOTAKBANK,-0.01810049544645842,False
2023-09-29,348.0168724429419,348.0168724429419,345.81184279489497,346.3606262207031,17858645.0,KOTAKBANK,0.0014424879405166013,False
2023-10-02,348.0168724429419,348.0168724429419,345.81184279489497,346.3606262207031,17858645.0,KOTAKBANK,0.0,False
2023-10-03,345.22316264806096,346.2209174534022,342.3196925106308,344.6344909667969,27674345.0,KOTAKBANK,-0.004983635907871209,False
2023-10-04,342.2298808918636,344.62448621354014,341.032563006496,343.63671875,31104895.0,KOTAKBANK,-0.002895160649759254,False
2023-10-05,345.2231608749258,348.61552110585,343.45714584020413,346.0712585449219,14834005.0,KOTAKBANK,0.007084632293596682,False
2023-10-06,346.28080861872166,348.61555140022824,345.26310959572527,347.9969482421875,9961615.0,KOTAKBANK,0.005564431167622175,False
2023-10-09,345.2231615523584,345.98146494571023,342.6389802686138,343.08795166015625,9197565.0,KOTAKBANK,-0.014106435722576638,False
2023-10-10,344.72429859402087,352.9457887646909,343.34739203748296,350.43145751953125,16844910.0,KOTAKBANK,0.021404149646878423,False
2023-10-11,351.2196657430243,355.190710233574,351.2196657430243,353.48455810546875,17499220.0,KOTAKBANK,0.008712404438655064,False
2023-10-12,354.2029398679033,354.58209154862544,351.4591142773773,351.9779357910156,11919135.0,KOTAKBANK,-0.004262201218995232,False
2023-10-13,350.2119444971497,353.19522168805554,349.6432169376276,351.6087951660156,10619635.0,KOTAKBANK,-0.0010487606962362728,False
2023-10-16,351.4092856685669,351.6387498066705,348.5058152746089,349.1643371582031,7899785.0,KOTAKBANK,-0.006952209505050377,False
2023-10-17,350.2119299433335,354.1630303708036,349.3738195768434,353.5144958496094,16086785.0,KOTAKBANK,0.012458771496572485,False
2023-10-18,353.80385129777403,354.24286583717173,348.23636257043944,349.89263916015625,15258400.0,KOTAKBANK,-0.01024528479588549,False
2023-10-19,347.61779074276336,349.8926706292161,346.34066572666813,346.9093933105469,9965895.0,KOTAKBANK,-0.008526174934031294,False
2023-10-20,345.9216057624482,353.84378141166303,345.75197404669296,353.1253967285156,20361915.0,KOTAKBANK,0.017918233226980718,False
2023-10-23,353.0056250040145,353.0056250040145,343.7165305428797,347.3683166503906,37732210.0,KOTAKBANK,-0.01630321730314699,False
2023-10-24,353.0056250040145,353.0056250040145,343.7165305428797,347.3683166503906,37732210.0,KOTAKBANK,0.0,False
2023-10-25,349.01460985660987,351.5589028149889,343.62674013454165,344.8340148925781,17563340.0,KOTAKBANK,-0.007295719374323828,False
2023-10-26,344.76421035787206,344.76421035787206,337.041567315934,338.2089538574219,31396400.0,KOTAKBANK,-0.019212318823072283,False
2023-10-27,340.8330387729418,340.8330387729418,337.0415523413401,339.7754211425781,14874150.0,KOTAKBANK,0.004631655274912161,False
2023-10-30,339.6357441646341,343.4072562720589,336.92184976014966,342.7287902832031,7557815.0,KOTAKBANK,0.008692121197859448,False
2023-10-31,344.76422576758983,348.61554494423063,342.5990843054808,347.0989685058594,24196680.0,KOTAKBANK,0.01275112668254419,False
2023-11-01,345.42272602477163,346.4104935390351,342.7986260130816,344.1056823730469,12640525.0,KOTAKBANK,-0.008623725232309254,False
2023-11-02,346.22090848318226,350.94029955183345,345.6422241086639,346.7597045898437,12752790.0,KOTAKBANK,0.007712811362177829,False
2023-11-03,347.21867920553404,348.066776896854,345.2431136897717,345.8717041015625,7794790.0,KOTAKBANK,-0.002560852591945606,False
2023-11-06,348.01687893644066,348.6155379352829,345.6222733901332,347.25860595703125,5933425.0,KOTAKBANK,0.004009873716242174,False
2023-11-07,346.2508513329499,350.09221345054345,344.4449175584112,349.463623046875,17998015.0,KOTAKBANK,0.006349783855656543,False
2023-11-08,349.8128564849112,351.3992830424562,347.2186877852094,348.46588134765625,18214185.0,KOTAKBANK,-0.002855065973733417,False
2023-11-09,348.3960272712945,350.551181376785,347.0390953062049,348.2064514160156,9718555.0,KOTAKBANK,-0.000744491628957511,False
2023-11-10,346.1411025522932,349.0645167573268,346.1411025522932,348.30621337890625,8173995.0,KOTAKBANK,0.00028650233930171964,False
2023-11-13,349.41375125137466,349.65320266523435,345.9216093703035,348.8550109863281,14276385.0,KOTAKBANK,0.0015756181955470794,False
2023-11-14,349.41375125137466,349.65320266523435,345.9216093703035,348.8550109863281,14276385.0,KOTAKBANK,0.0,False
2023-11-15,351.40927324289373,353.66417851709724,349.2441318029803,353.1054382324219,17161355.0,KOTAKBANK,0.012183936340992796,False
2023-11-16,353.404761378104,355.87917378797334,352.20744344173755,353.77392578125,10395580.0,KOTAKBANK,0.0018931669593491574,False
2023-11-17,351.2097071697887,356.0488242816848,351.0700068752512,352.1276550292969,13554350.0,KOTAKBANK,-0.004653454175057137,False
2023-11-20,350.4115017022465,354.3925336532945,349.2341278843185,353.31494140625,9618255.0,KOTAKBANK,0.00337174987535227,False
2023-11-21,354.99118369338737,354.99118369338737,351.33939752421423,352.6464538574219,13528825.0,KOTAKBANK,-0.0018920443787840968,False
2023-11-22,350.8106166231799,351.8083714881781,346.71981558687486,348.3461608886719,22568660.0,KOTAKBANK,-0.012194346268653122,False
2023-11-23,347.2286670754808,348.974738022668,346.6200207975211,347.0789794921875,14181445.0,KOTAKBANK,-0.0036377073691630235,False
2023-11-24,347.11890295397785,349.1144126351724,345.96150368499764,348.0168762207031,12809895.0,KOTAKBANK,0.0027022573648449733,False
2023-11-27,347.11890295397785,349.1144126351724,345.96150368499764,348.0168762207031,12809895.0,KOTAKBANK,0.0,False
2023-11-28,348.2164165209174,348.81507547580816,346.819565925545,347.66766357421875,16746460.0,KOTAKBANK,-0.001003435954821108,False
2023-11-29,348.9148813732222,351.0600481995273,347.2586046771233,349.90264892578125,17365700.0,KOTAKBANK,0.006428510861739678,False
2023-11-30,350.5013209684937,352.407036446702,348.4060296268101,350.3017578125,31274735.0,KOTAKBANK,0.0011406283660442273,False
2023-12-01,351.2096928917057,352.4070108425516,348.86496299991774,349.31396484375,10011890.0,KOTAKBANK,-0.002819834461917581,False
2023-12-04,353.2052111885091,364.3700902153928,349.7430006970322,362.8934020996094,22895865.0,KOTAKBANK,0.038874590261324116,False
2023-12-05,364.7791632408594,366.57510971241663,360.8879255864453,364.8689575195313,27857360.0,KOTAKBANK,0.005443900077796604,False
2023-12-06,365.58731964595086,367.0440330474228,361.8158079290861,363.4620971679688,23479400.0,KOTAKBANK,-0.0038557962319586414,False
2023-12-07,364.1804877099446,366.54516162130767,361.8656893570004,364.5496520996094,12503210.0,KOTAKBANK,0.0029922100271653207,False
2023-12-08,364.5496729502067,367.7724319737379,363.3224540115685,366.8644714355469,14927330.0,KOTAKBANK,0.006349805362878325,False
2023-12-11,368.1715399689173,371.4940502247082,367.2336479731799,367.9819641113281,16029165.0,KOTAKBANK,0.0030460640448732867,False
2023-12-12,368.7701723151403,369.7679270938885,362.9931636204517,364.05078125,19074810.0,KOTAKBANK,-0.010683085707262507,False
2023-12-13,363.98093784587695,366.32566770915366,361.8058396957138,364.4199523925781,16256660.0,KOTAKBANK,0.0010140649645373756,False
2023-12-14,367.9719827294204,372.252359634116,365.66717142282937,369.93756103515625,24394315.0,KOTAKBANK,0.015140797331080869,False
2023-12-15,372.1625401588313,372.1625401588313,367.72251912208446,369.28900146484375,19385985.0,KOTAKBANK,-0.0017531595561631752,False
2023-12-18,368.2114486672023,370.34662815642736,367.1737751248082,368.5606689453125,18793650.0,KOTAKBANK,-0.001972256191335786,False
2023-12-19,369.1393568046435,370.1371116377021,366.3157240246746,368.4808349609375,15444615.0,KOTAKBANK,-0.0002166101570291179,False
2023-12-20,369.5983150398985,371.9629891194404,362.2448668013028,364.4798278808594,19842810.0,KOTAKBANK,-0.010858114453909828,False
2023-12-21,363.382307125495,370.6559176298365,360.1894796141117,369.70806884765625,12019200.0,KOTAKBANK,0.01434439046241498,False
2023-12-22,370.1071881173826,375.0859750970087,369.36885926884565,371.26458740234375,16546475.0,KOTAKBANK,0.004210128709224659,False
2023-12-25,370.1071881173826,375.0859750970087,369.36885926884565,371.26458740234375,16546475.0,KOTAKBANK,0.0,False
2023-12-26,372.56164769979546,378.94727252657,370.5960694653212,376.5227355957031,21753345.0,KOTAKBANK,0.014162805642599752,False
2023-12-27,377.9495197176093,381.1423473726064,375.7844087748464,379.6157836914063,17036215.0,KOTAKBANK,0.008214771123474351,False
2023-12-28,381.3418972649405,384.4349127899533,379.76542762729525,383.4072265625,24750070.0,KOTAKBANK,0.009987579637035893,False
2023-12-29,381.56140570672807,382.6888430585205,377.1613033653158,380.76318359375,12230850.0,KOTAKBANK,-0.006896174056121973,False
2024-01-01,380.9427858579088,382.9382955385664,377.769932773438,380.97271728515625,7129510.0,KOTAKBANK,0.0005502992422445896,False
2024-01-02,380.7432256749933,380.7432256749933,371.1847179431585,372.1725158691406,25603980.0,KOTAKBANK,-0.023099295610264692,False
2024-01-03,371.9629808688316,373.1602988200709,368.70033360284185,372.3421325683594,18907575.0,KOTAKBANK,0.0004557475148927459,False
2024-01-04,373.459617933116,373.459617933116,371.2745324356178,371.8831787109375,14328830.0,KOTAKBANK,-0.0012326132803077705,False
2024-01-05,372.26231732567726,373.140346410573,367.4531319418995,368.6903381347656,38996705.0,KOTAKBANK,-0.008585600960062889,False
2024-01-08,368.77019549148406,369.4586487680127,362.9033921518804,364.4000244140625,61265835.0,KOTAKBANK,-0.011636631820644339,False
2024-01-09,366.5751254704168,370.7657080162716,363.382328222726,364.509765625,21696115.0,KOTAKBANK,0.00030115588250567704,False
2024-01-10,363.3424072265625,365.6771499049469,361.50654196960375,363.3424072265625,35263790.0,KOTAKBANK,-0.003202543548966097,False
2024-01-11,365.57737335123306,367.4531573534027,362.2548630764985,363.7514953613281,20850350.0,KOTAKBANK,0.0011259025278338441,False
2024-01-12,364.18049293734254,367.682621941891,362.0652576858299,365.8267822265625,10863105.0,KOTAKBANK,0.005705232532921656,False
2024-01-15,367.772432488713,369.88766783380765,366.4254573928279,369.4685974121094,30861560.0,KOTAKBANK,0.009955026155770819,False
2024-01-16,369.27903691035806,371.35438407226985,367.3733519214292,368.7702026367188,23254490.0,KOTAKBANK,-0.001890268294199804,False
2024-01-17,363.7913637487542,366.1061621972137,354.422461991303,355.130859375,54184415.0,KOTAKBANK,-0.03698602317702748,False
2024-01-18,353.20519041783285,357.7350056229393,352.127628658212,354.6519470214844,21467250.0,KOTAKBANK,-0.0013485517827385163,False
2024-01-19,356.60755169619915,359.1817457185201,350.04230796914703,352.0677490234375,22801645.0,KOTAKBANK,-0.007286574963848547,False
2024-01-22,356.60755169619915,359.1817457185201,350.04230796914703,352.0677490234375,22801645.0,KOTAKBANK,0.0,False
2024-01-23,359.3913030663606,364.1605699506708,351.9879488070869,356.09869384765625,33904120.0,KOTAKBANK,0.011449344154355945,False
2024-01-24,356.99667710848524,359.8901905648156,351.78839551577727,356.9168701171875,16341755.0,KOTAKBANK,0.002297610981637721,False
2024-01-25,357.19623351918733,358.7128099177184,349.693128067262,352.88592529296875,33510850.0,KOTAKBANK,-0.01129379180898693,False
2024-01-26,357.19623351918733,358.7128099177184,349.693128067262,352.88592529296875,33510850.0,KOTAKBANK,0.0,False
2024-01-29,356.2583386995169,365.1882566461335,354.4025293232668,363.7614440917969,26180740.0,KOTAKBANK,0.03081879445829183,False
2024-01-30,364.1805237071427,367.0640498665654,359.8602585632178,363.9011535644531,19145935.0,KOTAKBANK,0.00038406894113007795,False
2024-01-31,362.3845551783538,367.4631234514037,356.8969037838246,364.2303771972656,40587005.0,KOTAKBANK,0.0009047062082319091,False
2024-02-01,365.1782630118904,365.5873461407364,361.8258214424123,363.73150634765625,10360840.0,KOTAKBANK,-0.001369657449903472,False
2024-02-02,367.532948020318,369.1692805279368,362.8634628068202,363.77142333984375,25249380.0,KOTAKBANK,0.00010974301508359652,False
2024-02-05,364.18051188558667,364.56965088369856,358.99217460512654,360.8580017089844,17304030.0,KOTAKBANK,-0.008008934852855587,False
2024-02-06,361.9854346070345,361.9854346070345,355.82930445157973,356.5975646972656,23459485.0,KOTAKBANK,-0.011806408591583883,False
2024-02-07,357.3957989627686,361.1473364882963,355.9989178154222,357.7150573730469,22961120.0,KOTAKBANK,0.0031337641824054074,False
2024-02-08,359.50103123168395,359.95003307340573,344.63449073203867,345.1632995605469,22713870.0,KOTAKBANK,-0.03508870413416865,False
2024-02-09,345.2231807147886,349.0146369938812,343.02810784853807,347.70758056640625,20319880.0,KOTAKBANK,0.007371238509710221,False
2024-02-12,347.81734688603274,349.0146344368925,337.46064666861554,341.1423645019531,22532445.0,KOTAKBANK,-0.018881429199094746,False
2024-02-13,341.8308208071855,348.23638995094007,341.0325986504924,346.64996337890625,22461670.0,KOTAKBANK,0.016144576136106314,False
2024-02-14,343.9560322047016,352.1675349370985,341.6611778349576,349.0046691894531,19251615.0,KOTAKBANK,0.006792747899335705,False
2024-02-15,350.2119524503066,350.7008425832469,343.2376557905088,347.06903076171875,12708350.0,KOTAKBANK,-0.005546167712397132,False
2024-02-16,349.2042147211192,349.41376516565185,345.6621971374647,346.27081298828125,8215730.0,KOTAKBANK,-0.0022998818756189143,False
2024-02-19,348.01686410811715,348.01686410811715,344.4549025924441,345.5025329589844,22239770.0,KOTAKBANK,-0.00221872592340866,False
2024-02-20,347.1588279273229,352.9358370841897,346.68988192583174,351.7085876464844,38055620.0,KOTAKBANK,0.017962399969544407,False
2024-02-21,353.0056473358922,353.0056473358922,347.3284199066284,348.4359436035156,20924355.0,KOTAKBANK,-0.009304987588924618,False
2024-02-22,348.1166503763135,348.21643194805915,342.07025860706574,344.175537109375,31003800.0,KOTAKBANK,-0.012227230205011597,False
2024-02-23,344.12562996008734,345.77191931673025,342.3097088871321,344.0258483886719,17268830.0,KOTAKBANK,-0.0004349196981293657,False
2024-02-26,343.6467136807452,344.3052050383715,339.62576314752835,340.4938049316406,29790330.0,KOTAKBANK,-0.010266796735112882,False
2024-02-27,341.83081170468887,342.21992025585257,338.63798406106093,340.5836181640625,22158260.0,KOTAKBANK,0.00026377346994577167,False
2024-02-28,341.4316963897589,341.8008607848812,334.28776854257967,335.9639892578125,15381635.0,KOTAKBANK,-0.013563861148555567,False
2024-02-29,336.6424576248985,339.6856279818561,332.73127592781924,337.1313781738281,33034875.0,KOTAKBANK,0.0034747441789655387,False
2024-03-01,338.3386774879959,345.27305546219606,338.2388959126636,344.76422119140625,17220745.0,KOTAKBANK,0.022640559472463462,False
2024-03-04,344.81408584466993,347.5179928909723,342.9283450615194,344.6644287109375,13885990.0,KOTAKBANK,-0.00028945138252423064,False
2024-03-05,344.6045594080774,344.66442226045007,341.0226233121672,342.3695983886719,15610970.0,KOTAKBANK,-0.006658158287028315,False
2024-03-06,343.79638512413635,353.59434474974665,342.9083687201072,351.1598205566406,37258560.0,KOTAKBANK,0.025674657473499618,False
2024-03-07,351.15981576324214,352.18750199432395,348.2164269091709,348.8250427246094,15696800.0,KOTAKBANK,-0.006648761319931973,False
2024-03-08,351.15981576324214,352.18750199432395,348.2164269091709,348.8250427246094,15696800.0,KOTAKBANK,0.0,False
2024-03-11,352.3870428148762,353.17527765466525,344.07575849593974,345.1533203125,18200715.0,KOTAKBANK,-0.01052597136785316,False
2024-03-12,346.2009553381941,347.9071074409777,340.7033169025976,343.2974853515625,51216490.0,KOTAKBANK,-0.00537684226608981,False
2024-03-13,343.2974966633233,347.7674186189828,342.66890627604374,345.13336181640625,29080415.0,KOTAKBANK,0.005347771373750865,False
2024-03-14,344.2254036761385,350.78065997565847,343.0580171704331,347.6976013183594,24048165.0,KOTAKBANK,0.007429706269071579,False
2024-03-15,346.38057814031106,350.4115162688976,343.4671205743279,346.87945556640625,77537270.0,KOTAKBANK,-0.0023530382402725536,False
2024-03-18,346.69987045506764,348.18651545594355,342.2897805668598,346.79962158203125,11570715.0,KOTAKBANK,-0.00023014907079077496,False
2024-03-19,346.19097204813505,350.59107421590244,345.33288711667944,349.1443176269531,22405375.0,KOTAKBANK,0.0067609532969667985,False
2024-03-20,349.49356061864125,352.9058955346739,345.38281559107685,352.2872619628906,22104430.0,KOTAKBANK,0.009001848740656238,False
2024-03-21,353.6242899829592,357.3259519784445,352.0677643921654,353.6342468261719,18918405.0,KOTAKBANK,0.0038235412083198472,False
2024-03-22,353.1852612392173,355.69959241750536,352.2074505564639,354.4823303222656,35306415.0,KOTAKBANK,0.00239819390713758,False
2024-03-25,353.1852612392173,355.69959241750536,352.2074505564639,354.4823303222656,35306415.0,KOTAKBANK,0.0,False
2024-03-26,352.2074502777679,354.2827668988151,349.2141858278152,349.9525146484375,26518150.0,KOTAKBANK,-0.01277867833273949,False
2024-03-27,350.8106068062432,355.1608032803515,349.99244053206496,354.3226928710937,41155650.0,KOTAKBANK,0.01248791775948943,False
2024-03-28,354.7916287861183,359.96997867940587,354.043312679563,356.2982482910156,33150360.0,KOTAKBANK,0.005575582540068069,False
2024-03-29,354.7916287861183,359.96997867940587,354.043312679563,356.2982482910156,33150360.0,KOTAKBANK,0.0,False
2024-04-01,358.19399205762465,362.71382032161495,356.4977966287021,357.3359375,14429400.0,KOTAKBANK,0.002912417374942633,False
2024-04-02,357.974485714171,358.79265200317207,350.10221574051843,350.6908874511719,34255950.0,KOTAKBANK,-0.018596086627385766,False
2024-04-03,349.9126325635468,350.5511798239777,345.02360951629896,345.4526672363281,63417755.0,KOTAKBANK,-0.014936858647554896,False
2024-04-04,348.6155283987687,349.55342036651746,343.88618029050514,349.0445556640625,65626460.0,KOTAKBANK,0.010397628295853112,False
2024-04-05,349.02463261091896,356.6375072275088,347.2386428475557,356.2284240722656,32790115.0,KOTAKBANK,0.020581522592540313,False
2024-04-08,357.9545148219136,359.56088540308684,356.21840079835687,356.8769226074219,13174055.0,KOTAKBANK,0.0018204570195237135,False
2024-04-09,357.2660686102988,357.7948774364349,354.34265435352887,355.3204345703125,11866155.0,KOTAKBANK,-0.004361414085666593,False
2024-04-10,356.9767197690291,365.1583215067432,355.99890907969314,364.3700866699219,27629090.0,KOTAKBANK,0.02546898860616631,False
2024-04-11,356.9767197690291,365.1583215067432,355.99890907969314,364.3700866699219,27629090.0,KOTAKBANK,0.0,False
2024-04-12,361.3867847476179,362.8035794494486,359.06199911502017,361.79583740234375,19831135.0,KOTAKBANK,-0.00706493030507771,False
2024-04-15,357.1862382803759,361.1273819991356,355.20071593220706,358.82257080078125,21599340.0,KOTAKBANK,-0.00821807852436951,False
2024-04-16,354.8016302664901,360.1096933690341,354.3326842696665,357.7150573730469,20483890.0,KOTAKBANK,-0.0030865210771516827,False
2024-04-17,354.8016302664901,360.1096933690341,354.3326842696665,357.7150573730469,20483890.0,KOTAKBANK,0.0,False
2024-04-18,357.2062208243942,361.7859118965212,355.819326978091,356.5476989746094,21253700.0,KOTAKBANK,-0.003263375064528229,False
2024-04-19,352.0078905052807,360.189492259781,351.8083578094764,357.7250366210937,19351900.0,KOTAKBANK,0.003302048084646847,False
2024-04-22,361.78592291716456,363.68165108541046,359.19175415843006,361.1772766113281,30755695.0,KOTAKBANK,0.009650540601917834,False
2024-04-23,361.1872216168249,364.9786775094223,359.8103151819059,361.79583740234375,29780025.0,KOTAKBANK,0.0017126237752804752,False
2024-04-24,361.5863400926008,368.2713095553988,360.7482296990454,367.7325134277344,16475385.0,KOTAKBANK,0.01640891191014071,False
2024-04-25,332.25235591733895,338.7976251175034,319.68063906308697,327.7524719238281,330895395.0,KOTAKBANK,-0.1087204422889928,False
2024-04-26,327.75248630476244,330.2568607630096,320.2793120994746,320.9777526855469,110734245.0,KOTAKBANK,-0.020670230794951117,False
2024-04-29,321.2969920926077,328.71033345230614,321.1772663875786,327.3433837890625,56137045.0,KOTAKBANK,0.019832000972827002,False
2024-04-30,327.34338239441,328.66042604224,323.27255619546094,324.060791015625,91032240.0,KOTAKBANK,-0.010027979595740866,False
2024-05-01,327.34338239441,328.66042604224,323.27255619546094,324.060791015625,91032240.0,KOTAKBANK,0.0,False
2024-05-02,317.2860368500258,318.1840101097892,309.7829314685677,314.4224853515625,133202390.0,KOTAKBANK,-0.029742276545877355,False
2024-05-03,315.88915591371943,316.8669360688599,308.0767192693183,308.6454467773437,80617945.0,KOTAKBANK,-0.01837349058468063,False
2024-05-06,320.2792962563123,325.86672932131245,318.0842234792928,324.130615234375,108041055.0,KOTAKBANK,0.05017138149522826,False
2024-05-07,325.0086563184569,328.73029288462527,322.87347676493323,328.0418395996094,49333925.0,KOTAKBANK,0.012066815602735481,False
2024-05-08,327.26357616531607,330.7457306924002,326.48532863508046,328.9298400878906,49268765.0,KOTAKBANK,0.0027069732609874553,False
2024-05-09,328.8600128875933,331.62378292966224,326.6649399829832,327.8822021484375,23280220.0,KOTAKBANK,-0.0031849890516870705,False
2024-05-10,327.86222993169,329.8776836448934,322.4543855748129,324.8589782714844,58847010.0,KOTAKBANK,-0.009220457399467086,False
2024-05-13,324.6694013016454,327.9919417907757,322.4743590416982,327.5030212402344,29196240.0,KOTAKBANK,0.00813904846594804,False
2024-05-14,327.6626974379401,329.2591113403117,325.76696925033866,328.5207824707031,21410130.0,KOTAKBANK,0.0031076392108218,False
2024-05-15,329.1992549105562,330.0573095110093,326.67493622562483,329.41876220703125,26304500.0,KOTAKBANK,0.002733403133813095,False
2024-05-16,330.2568322332641,334.2478513539078,328.70033721213787,333.6591796875,34991785.0,KOTAKBANK,0.012872422481521317,False
2024-05-17,334.04830325113033,340.3641083452468,332.25235674564306,338.5481872558594,48087255.0,KOTAKBANK,0.01465269911931788,False
2024-05-20,334.04830325113033,340.3641083452468,332.25235674564306,338.5481872558594,48087255.0,KOTAKBANK,0.0,False
2024-05-21,337.64022712145385,342.2299054121284,337.24113128075624,338.8874206542969,29050835.0,KOTAKBANK,0.0010020239694301658,False
2024-05-22,339.7953851407248,340.22441241322366,335.4651327983629,339.1468505859375,30293485.0,KOTAKBANK,0.0007655342624985906,False
2024-05-23,339.2366382362106,341.9505325600627,338.6479665472762,341.0425720214844,28406475.0,KOTAKBANK,0.005589677251231162,False
2024-05-24,341.4317294640809,342.79864876721547,338.1790388368412,339.92510986328125,24680885.0,KOTAKBANK,-0.003276606059998688,False
2024-05-27,339.9251125649603,343.6267746446961,339.7355367018008,341.4317321777344,17271435.0,KOTAKBANK,0.004432218364389451,False
2024-05-28,341.6910926157639,342.4294518565582,338.8375285673379,339.9649963378906,18580705.0,KOTAKBANK,-0.004295839260424206,False
2024-05-29,338.83754434639843,341.41173839493064,335.6846354484275,336.8121032714844,24762360.0,KOTAKBANK,-0.009274169695025258,False
2024-05-30,336.1136659120689,340.753219798346,335.8442830686676,337.2610778808594,27902445.0,KOTAKBANK,0.0013330121008541251,False
2024-05-31,339.83527997300945,339.83527997300945,331.36432128976213,335.3254089355469,64022380.0,KOTAKBANK,-0.005739378399295392,False
2024-06-03,343.5170279375858,346.9891953494666,339.25659521457504,342.8385314941406,49005355.0,KOTAKBANK,0.022405467520171918,False
2024-06-04,339.8851674758297,342.3296789222549,319.77042699797846,326.8544921875,76147340.0,KOTAKBANK,-0.046622645468057056,False
2024-06-05,331.763469166386,344.1755417211591,328.2613399598925,342.8485107421875,72131590.0,KOTAKBANK,0.048933145901242536,False
2024-06-06,343.4272332187564,346.91937521072896,339.99495408214983,346.1610717773437,31799505.0,KOTAKBANK,0.009661879609700774,False
2024-06-07,345.2331538530775,350.94031262228305,343.62675276475807,349.9525146484375,23040730.0,KOTAKBANK,0.010952828553560057,False
2024-06-10,349.234146885008,353.8936755021369,346.4504327349877,348.3461608886719,24240220.0,KOTAKBANK,-0.004590204935030595,False
2024-06-11,348.53572413019924,348.65544983781444,342.64897672965213,343.2276611328125,20528235.0,KOTAKBANK,-0.014693716568603743,False
2024-06-12,343.24758890703697,346.02134598113605,341.8108195860156,342.3795471191406,29407880.0,KOTAKBANK,-0.002470995521959729,False
2024-06-13,345.5025235643677,346.7297729038802,343.0280807514294,344.4947814941406,30080725.0,KOTAKBANK,0.006178039526011592,False
2024-06-14,343.8263140298027,346.2009753523116,341.3119524181766,342.6689147949219,15768330.0,KOTAKBANK,-0.005300128760440503,False
2024-06-17,343.8263140298027,346.2009753523116,341.3119524181766,342.6689147949219,15768330.0,KOTAKBANK,0.0,False
2024-06-18,342.94826574150017,344.1555404697888,339.88515133467087,343.10791015625,28536650.0,KOTAKBANK,0.0012811064627524793,False
2024-06-19,345.02360348513423,351.818311351919,342.2299021775944,348.5556640625,49798990.0,KOTAKBANK,0.015877669225897728,False
2024-06-20,352.20743996525016,357.16628247677426,351.2695480291346,352.4568786621094,46215520.0,KOTAKBANK,0.011192515290498362,False
2024-06-21,353.20520430698895,356.9966604221855,348.2762930877971,354.3326721191406,95158445.0,KOTAKBANK,0.005322050924787103,False
2024-06-24,350.6409788280807,354.24288966187845,349.1643211408476,353.7140808105469,21144440.0,KOTAKBANK,-0.0017457924636025135,False
2024-06-25,354.51225954615063,358.8425117730497,351.80835253342417,355.5798645019531,29669295.0,KOTAKBANK,0.005274835785815446,False
2024-06-26,355.20071593220706,362.3845628160782,354.42246839054275,358.82257080078125,33429660.0,KOTAKBANK,0.009119487975985496,False
2024-06-27,357.395780729821,366.7746697387579,356.19846279290994,365.2879943847656,66713845.0,KOTAKBANK,0.018018441731676882,False
2024-06-28,363.6217692216933,368.7602004574951,358.9722281042409,359.69061279296875,24845035.0,KOTAKBANK,-0.015323201632246986,False
2024-07-01,359.6906249040049,361.8158476150935,357.1962377687483,360.80810546875,14507550.0,KOTAKBANK,0.0031068163472602883,False
2024-07-02,363.3723276938674,363.3723276938674,346.63999044559563,353.1253967285156,48125085.0,KOTAKBANK,-0.021293060282704168,False
2024-07-03,352.3670858249953,362.35462103175024,349.6531915741146,361.3269348144531,44905015.0,KOTAKBANK,0.023225568486207937,False
2024-07-04,360.5087875723026,366.8844251924891,359.4511698734982,365.946533203125,25344465.0,KOTAKBANK,0.012785092788734742,False
2024-07-05,363.1827439876362,370.7556991987659,362.8734424382967,369.70806884765625,17328265.0,KOTAKBANK,0.010278921381237316,False
2024-07-08,369.96747530424994,370.616040296898,366.2658134455069,369.807861328125,19306015.0,KOTAKBANK,0.00026992237626788373,False
2024-07-09,371.40425327377255,373.1603115423776,365.178272792808,368.7402648925781,19601055.0,KOTAKBANK,-0.0028868949181143355,False
2024-07-10,367.7724460909631,368.0717603682031,363.2226863825439,365.1483459472656,28148945.0,KOTAKBANK,-0.00974105430650185,False
2024-07-11,365.3478956563177,369.56837905543176,363.4920558585239,368.0717468261719,23076860.0,KOTAKBANK,0.008006063594023338,False
2024-07-12,368.0717340106862,369.3688335003189,364.4299351360991,365.7469787597656,21204275.0,KOTAKBANK,-0.006316073120125054,False
2024-07-15,366.9742110896012,370.7457230961023,364.5097554630608,367.8821716308594,29549980.0,KOTAKBANK,0.005837896127902642,False
2024-07-16,367.5928505671285,368.9897012495798,359.3713300021582,360.2493591308594,32713510.0,KOTAKBANK,-0.020747981523983494,False
2024-07-17,367.5928505671285,368.9897012495798,359.3713300021582,360.2493591308594,32713510.0,KOTAKBANK,0.0,False
2024-07-18,360.18948462923964,365.4177100640922,357.8248106130801,364.52972412109375,37954190.0,KOTAKBANK,0.011881672740684968,False
2024-07-19,363.2811705374184,365.7782915048671,360.774051331721,363.90045166015625,20694325.0,KOTAKBANK,-0.001726258297467309,False
2024-07-22,363.7805821218166,363.7805821218166,349.3771754685415,351.1051940917969,53711805.0,KOTAKBANK,-0.03516142260880939,False
2024-07-23,353.39255510584275,355.68992473726854,347.42942888153146,353.3725891113281,30775980.0,KOTAKBANK,0.006457879455176618,False
2024-07-24,353.18279562916894,355.7698092798928,345.4117564388016,348.8377990722656,37436035.0,KOTAKBANK,-0.012832885681559825,False
2024-07-25,346.00105823231297,355.390226514264,346.00105823231297,354.6211242675781,15481985.0,KOTAKBANK,0.016578837530489166,False
2024-07-26,351.215050411895,365.5485302681175,351.215050411895,362.3522033691406,26546755.0,KOTAKBANK,0.02180095480078914,False
2024-07-29,364.51973098032175,364.9791927009789,356.2892300666897,358.3668212890625,40031835.0,KOTAKBANK,-0.01099864177179588,False
2024-07-30,358.3668253225037,360.9138765323999,355.8497383451087,356.8086242675781,28397685.0,KOTAKBANK,-0.004348050458129693,False
2024-07-31,358.18702563430367,362.7817341565402,354.2215964519134,361.16357421875,29031285.0,KOTAKBANK,0.012205282201660062,False
2024-08-01,361.00378229615495,363.2311945969579,356.83857128484254,358.1170959472656,19080220.0,KOTAKBANK,-0.008435175884152657,False
2024-08-02,355.8097741696683,361.58311663588313,354.5911779164047,360.2746276855469,16212945.0,KOTAKBANK,0.006024654401304952,False
2024-08-05,353.63229485332545,360.7041280887021,353.3026578122975,354.3215026855469,24559090.0,KOTAKBANK,-0.01652385303467996,False
2024-08-06,356.5888653537957,358.0272094341535,351.5946235421179,353.7021789550781,19620110.0,KOTAKBANK,-0.001747914607989176,False
2024-08-07,356.58887408336034,356.9085128829166,351.6046303876664,354.9008178710937,17688725.0,KOTAKBANK,0.0033888366748451304,False
2024-08-08,352.92309683042856,355.94960630661524,352.12403029192143,354.1416931152344,12361105.0,KOTAKBANK,-0.002138977194848457,False
2024-08-09,356.59886998364385,356.6787644417922,352.59347822450513,353.5223999023437,12322215.0,KOTAKBANK,-0.0017487159092820503,False
2024-08-12,351.79440830804464,357.79746628712115,349.8466417924581,354.10174560546875,22722215.0,KOTAKBANK,0.0016387807485045425,False
2024-08-13,352.1939501500617,357.8873677117227,348.8178376979969,350.0064697265625,17651595.0,KOTAKBANK,-0.01156525187952362,False
2024-08-14,350.5957767748808,351.5946251417608,348.5081873459935,349.1773986816406,12928245.0,KOTAKBANK,-0.0023687306282355047,False
2024-08-15,350.5957767748808,351.5946251417608,348.5081873459935,349.1773986816406,12928245.0,KOTAKBANK,0.0,False
2024-08-16,351.9941551264076,356.7386848250703,348.797858671505,355.0506286621094,14809355.0,KOTAKBANK,0.01682018940127228,False
2024-08-19,355.6998912904797,357.587729409714,353.7921176592326,355.8597106933594,10861395.0,KOTAKBANK,0.002278779323103164,False
2024-08-20,356.18932949914955,362.19238738480817,354.84087812337646,360.714111328125,15577430.0,KOTAKBANK,0.013641332493940617,False
2024-08-21,359.5854107138844,362.9814890519178,357.05832557455363,362.1724243164063,28585950.0,KOTAKBANK,0.004042849842807339,False
2024-08-22,362.3821900352871,364.43981531606994,360.74409449791045,363.8804626464844,16089940.0,KOTAKBANK,0.00471609160554376,False
2024-08-23,363.8804499855,365.1589746832722,362.122497577584,363.1812744140625,9075930.0,KOTAKBANK,-0.0019214778043775693,False
2024-08-26,363.5808226697199,364.17013957604513,361.52319737562334,362.0825500488281,11781285.0,KOTAKBANK,-0.003025278125935893,False
2024-08-27,361.7928737924008,362.2024052981002,357.9273353256535,360.2546691894531,22708480.0,KOTAKBANK,-0.005048243443735445,False
2024-08-28,358.7863625748993,360.7640629262642,356.7587015133633,357.8474426269531,21403980.0,KOTAKBANK,-0.006682013498717665,False
2024-08-29,356.2392797355444,359.2857856789731,354.19165268568725,355.0406799316406,27655790.0,KOTAKBANK,-0.007843461657034867,False
2024-08-30,355.05064134383275,357.5877247978712,354.4613244496836,355.7498474121094,37290860.0,KOTAKBANK,0.0019974259868060784,False
2024-09-02,355.98955664287337,358.2769279688446,354.13171328708114,355.63995361328125,20242600.0,KOTAKBANK,-0.0003089075079794057,False
2024-09-03,355.60001533934496,356.8785400242322,354.06178032579163,356.3491516113281,25981365.0,KOTAKBANK,0.0019941460199885963,False
2024-09-04,353.59232037605153,357.2481090412213,352.2938296975872,356.3491516113281,15962215.0,KOTAKBANK,0.0,False
2024-09-05,355.8397245256233,356.85853886848406,351.59461904005445,355.18048095703125,17865025.0,KOTAKBANK,-0.0032795662596990516,False
2024-09-06,353.1028850547385,355.9795731399417,350.8954082845711,352.42364501953125,16274400.0,KOTAKBANK,-0.007761788964505412,False
2024-09-09,353.13285641591096,358.37681028640475,351.28498086029805,357.61767578125,17182305.0,KOTAKBANK,0.014738031443465971,False
2024-09-10,359.1858733034622,359.5154798471938,355.20044765283893,357.9073486328125,17488060.0,KOTAKBANK,0.000810007086281983,False
2024-09-11,358.58656626211655,360.674155705862,356.5888695141382,357.4378967285156,18669360.0,KOTAKBANK,-0.0013116576289650128,False
2024-09-12,360.3645243700796,366.4075449943789,358.6165396708684,365.069091796875,31827540.0,KOTAKBANK,0.021349708965402447,False
2024-09-13,366.9768779135837,366.9768779135837,362.9315542866308,363.6507263183594,10283600.0,KOTAKBANK,-0.0038851973787603633,False
2024-09-16,366.177831117934,368.71491459997264,365.2389111792842,365.8382263183594,13653170.0,KOTAKBANK,0.006015387407984907,False
2024-09-17,367.4563512074656,370.2531145111887,365.7083665220301,368.9046630859375,18374310.0,KOTAKBANK,0.008381947393626632,False
2024-09-18,369.5738910401208,371.4617290610556,366.6972029029436,367.5162658691406,34387495.0,KOTAKBANK,-0.0037635664596450402,False
2024-09-19,369.5539372593694,374.5681451892939,368.5950208603325,373.9588623046875,14462150.0,KOTAKBANK,0.017530098757154944,False
2024-09-20,374.368353136013,384.81632892899216,373.5692866409841,380.4613342285156,94247895.0,KOTAKBANK,0.017388201161362415,False
2024-09-23,382.5489215720012,387.9526948282527,381.200500679244,386.494384765625,18431360.0,KOTAKBANK,0.015857197550292357,False
2024-09-24,386.5543148176572,387.2734868552199,381.4801785677217,382.4989929199219,18546930.0,KOTAKBANK,-0.010337515894638383,False
2024-09-25,381.57008910217314,384.097174348544,378.423692239208,379.1528625488281,16537335.0,KOTAKBANK,-0.008748076290476137,False
2024-09-26,378.56354046908,382.2193292407368,376.42599027919033,380.0218505859375,21022565.0,KOTAKBANK,0.002291920022092553,False
2024-09-27,379.5623800859372,381.5600768232316,372.83015183563367,374.0587158203125,33215560.0,KOTAKBANK,-0.015691557620780783,False
2024-09-30,370.9123610185573,376.45598792533417,368.1954921525751,370.3630065917969,16234200.0,KOTAKBANK,-0.009880024371069385,False
2024-10-01,368.9745949130581,376.5159186644084,368.9745949130581,375.4471435546875,24357630.0,KOTAKBANK,0.013727442731596096,False
2024-10-02,368.9745949130581,376.5159186644084,368.9745949130581,375.4471435546875,24357630.0,KOTAKBANK,0.0,False
2024-10-03,371.15207197232377,372.3007720087156,362.74178558444726,364.1401672363281,31816160.0,KOTAKBANK,-0.03011602701596372,False
2024-10-04,362.6818524808789,369.5739001989125,359.2558098569812,361.3833312988281,18673160.0,KOTAKBANK,-0.0075708097747723135,False
2024-10-07,361.58312824917823,366.85704669053183,353.4724839512757,357.6376647949219,37233165.0,KOTAKBANK,-0.010364801526523526,False
2024-10-08,359.5854083532607,362.3821715585907,355.9595839418427,360.2646179199219,25485515.0,KOTAKBANK,0.007345292131091252,False
2024-10-09,359.78520172843366,363.5808134117366,357.56775708668016,359.7452392578125,35394010.0,KOTAKBANK,-0.0014416588148682408,False
2024-10-10,361.5631595952249,376.3660699126659,360.6442056427807,374.7879028320313,29528990.0,KOTAKBANK,0.04181476759846281,False
2024-10-11,374.0087885307892,378.2838583628608,371.8013421538319,376.0464477539063,26057900.0,KOTAKBANK,0.00335801906188804,False
2024-10-14,376.5758464846987,382.75872054304006,376.05642580594593,381.7199096679688,21955690.0,KOTAKBANK,0.015087130720020436,False
2024-10-15,381.9995633828908,382.6288427172364,377.05525188368864,378.6034851074219,21477465.0,KOTAKBANK,-0.008164165613624097,False
2024-10-16,376.3660664286437,378.0541226699734,373.1997340581738,374.83782958984375,15727780.0,KOTAKBANK,-0.009946172356310123,False
2024-10-17,374.83783484268696,375.2274003572688,369.8336249966492,372.3806762695313,17707160.0,KOTAKBANK,-0.006555243698324498,False
2024-10-18,373.1697698394893,375.2673575844245,369.1743762233973,373.779052734375,19173835.0,KOTAKBANK,0.0037552337002351166,False
2024-10-21,369.5738864567671,370.5727347985421,346.600374595941,357.4278869628906,65890685.0,KOTAKBANK,-0.04374553804411363,False
2024-10-22,357.9772838669972,358.686457678402,351.3648820170518,352.2239074707031,27471910.0,KOTAKBANK,-0.014559522863216823,False
2024-10-23,351.8243770934673,356.9984044042072,351.2150637286676,353.15283203125,14180685.0,KOTAKBANK,0.002637312632232769,False
2024-10-24,352.7932531607866,354.1416740616652,349.65685467690025,352.0341186523437,11584100.0,KOTAKBANK,-0.0031677882135950908,False
2024-10-25,352.59347706911507,356.888512897097,350.9953135694823,353.3625793457031,14146135.0,KOTAKBANK,0.0037736702864059612,False
2024-10-28,353.1927799260653,355.719865012732,348.6080696929002,349.56695556640625,16510740.0,KOTAKBANK,-0.010741442363039644,False
2024-10-29,348.2984326803545,353.02296587852425,345.7413833367647,351.63458251953125,20790595.0,KOTAKBANK,0.005914823813294445,False
2024-10-30,345.00223870300283,351.59464438164565,344.92234424155106,346.5205078125,21929745.0,KOTAKBANK,-0.01454371942141719,False
2024-10-31,345.0721527737749,348.9177251523838,344.39294318778155,345.8212890625,14723350.0,KOTAKBANK,-0.002017827904079894,False
2024-11-01,347.51935502054965,350.4259770925354,346.8700791628689,348.4782409667969,912445.0,KOTAKBANK,0.00768302006941135,False
2024-11-04,348.39829808592816,348.39829808592816,344.4528653272181,345.4716796875,14424150.0,KOTAKBANK,-0.008627687258049854,False
2024-11-05,343.9034749373325,351.6945103618963,341.8059177869044,351.0252685546875,20143075.0,KOTAKBANK,0.016075380975398845,False
2024-11-06,351.61458949077104,353.2826796679288,348.9177172022693,352.114013671875,18261260.0,KOTAKBANK,0.003101614654894558,False
2024-11-07,352.19395422097216,352.59348748707686,346.20086378209834,348.9776611328125,15304920.0,KOTAKBANK,-0.008907207373987647,False
2024-11-08,348.5980846540268,352.41369278178325,347.37948841101047,348.7579040527344,18234125.0,KOTAKBANK,-0.0006297167542609339,False
2024-11-11,348.5980973059312,352.2538861676621,347.0398962150209,348.3983154296875,16025150.0,KOTAKBANK,-0.0010310551212410202,False
2024-11-12,348.55811744380054,349.4770713532644,342.6449521841975,343.8835144042969,16141950.0,KOTAKBANK,-0.01295873379818846,False
2024-11-13,342.4052012438376,345.2319591367133,335.4232610509485,337.1812438964844,17967450.0,KOTAKBANK,-0.019489944202247478,False
2024-11-14,337.61075121507906,342.12553490262246,337.57078874494266,341.1866149902344,16638790.0,KOTAKBANK,0.011878985460352709,False
2024-11-15,337.61075121507906,342.12553490262246,337.57078874494266,341.1866149902344,16638790.0,KOTAKBANK,0.0,False
2024-11-18,342.4052135715692,345.2519375602057,339.5485218271554,344.1531982421875,10412075.0,KOTAKBANK,0.008694899276860735,False
2024-11-19,345.5615700596741,347.55926677949583,342.3053451344192,345.15203857421875,13798315.0,KOTAKBANK,0.002902313089441,False
2024-11-20,345.5615700596741,347.55926677949583,342.3053451344192,345.15203857421875,13798315.0,KOTAKBANK,0.0,False
2024-11-21,342.6249705890235,347.7490678089821,340.3575956722348,347.0199279785156,16470295.0,KOTAKBANK,0.005411787257618039,False
2024-11-22,346.40060947196827,354.0318258034216,346.1808616068627,351.8843078613281,17768630.0,KOTAKBANK,0.014017580809116081,False
2024-11-25,355.9895641258548,358.50668160588174,352.97305292761337,357.737548828125,34357160.0,KOTAKBANK,0.016633992582310686,False
2024-11-26,358.58657724471067,358.77636088017584,354.5911836263852,356.3092041015625,11563695.0,KOTAKBANK,-0.003992716814998798,False
2024-11-27,355.77981510770184,360.6841644243865,355.4102460757766,356.22930908203125,16012220.0,KOTAKBANK,-0.0002242294574812398,False
2024-11-28,356.2392727782695,357.3679763380005,350.2961431375327,351.434814453125,19856975.0,KOTAKBANK,-0.013459012233612122,False
2024-11-29,350.9953083983824,354.3114922768384,350.9953083983824,352.6434020996094,14939970.0,KOTAKBANK,0.0034390094457916742,False
2024-12-02,352.5934631364908,354.11170163581085,348.7978516469745,350.3860168457031,21326400.0,KOTAKBANK,-0.006401325646434808,False
2024-12-03,351.5946280762931,351.83434193196643,347.59923457542607,349.57696533203125,19858250.0,KOTAKBANK,-0.002309029112963046,False
2024-12-04,349.99647550024144,352.9930207193915,348.8777701622816,351.09521484375,15933930.0,KOTAKBANK,0.004343105130730551,False
2024-12-05,352.393681499869,357.31802697350645,349.19738510730707,354.6211242675781,28486145.0,KOTAKBANK,0.010042601763733172,False
2024-12-06,354.37143004037387,356.5988729203273,351.79441461040454,354.9807434082031,12979410.0,KOTAKBANK,0.0010140939611753552,False
2024-12-09,353.2127679435522,360.5742758079748,353.2127679435522,356.8385925292969,12770115.0,KOTAKBANK,0.005233661700227321,False
2024-12-10,356.2392705083643,360.14477135264343,356.2392705083643,358.5266418457031,9899420.0,KOTAKBANK,0.004730568250595368,False
2024-12-11,358.78635218025084,360.94383786788217,357.57772368672767,358.5266418457031,11967140.0,KOTAKBANK,0.0,False
2024-12-12,357.5877148757108,358.8762378023833,352.66339974921186,353.3326110839844,17441295.0,KOTAKBANK,-0.014487154245999001,False
2024-12-13,351.26501442464985,361.38332265583085,349.20735876945594,360.714111328125,19467655.0,KOTAKBANK,0.02089108113031246,False
2024-12-16,360.1847211953006,362.1824178957932,358.35681164418764,360.4743957519531,14946965.0,KOTAKBANK,-0.0006645583542302935,False
2024-12-17,358.80630655758563,360.9538244198913,354.5911652889381,356.3990783691406,17964305.0,KOTAKBANK,-0.01130542815478297,False
2024-12-18,355.98956011499934,356.9284800402349,353.662256778469,355.59002685546875,17647150.0,KOTAKBANK,-0.0022700718457916436,False
2024-12-19,352.28383824568294,353.1927939310905,348.677979736212,352.01416015625,20370400.0,KOTAKBANK,-0.010056150142456532,False
2024-12-20,350.595781973686,353.3625810172951,346.2707818932329,348.30841064453125,73428440.0,KOTAKBANK,-0.010527273988278907,False
2024-12-23,349.0974967403447,352.43364655630904,347.5992242221458,348.6679992675781,13740180.0,KOTAKBANK,0.0010323857020320126,False
2024-12-24,348.1086443621025,350.5258402722013,347.20965647110114,349.4071350097656,13563125.0,KOTAKBANK,0.0021198840838281274,False
2024-12-25,348.1086443621025,350.5258402722013,347.20965647110114,349.4071350097656,13563125.0,KOTAKBANK,0.0,False
2024-12-26,350.9553470168828,353.4824626443474,348.0087626285679,350.1562805175781,5660030.0,KOTAKBANK,0.002144047538673144,False
2024-12-27,351.5946425083198,355.0306834987004,350.3960122158858,351.5746765136719,12241355.0,KOTAKBANK,0.004050751264541574,False
2024-12-30,352.5934629937345,355.7897898654041,346.3007306630232,347.73907470703125,27513860.0,KOTAKBANK,-0.010909778385279845,False
2024-12-31,346.61037950909224,358.9062003945532,346.61037950909224,356.7986145019531,23658490.0,KOTAKBANK,0.026052694258056786,False
2025-01-01,355.4401873590276,358.9361565438495,354.9906934137204,357.26806640625,7424140.0,KOTAKBANK,0.0013157335404796466,False
2025-01-02,359.5854300343208,367.6161798401689,358.96614889311786,367.0068664550781,25484935.0,KOTAKBANK,0.027259083485379643,False
2025-01-03,369.7736752242475,370.173208471933,363.00148455982776,367.3065185546875,21385745.0,KOTAKBANK,0.0008164754586303946,False
2025-01-06,363.7806070323967,364.5796735760278,354.1716596194765,355.5201110839844,19961975.0,KOTAKBANK,-0.03208875115280119,False
2025-01-07,356.9884085041089,359.0759979814022,353.57236408033214,354.0018615722656,21999690.0,KOTAKBANK,-0.004270502467749515,False
2025-01-08,355.61000328649465,356.52895724457613,352.0840695854549,353.3226623535156,21823395.0,KOTAKBANK,-0.0019186317714076084,False
2025-01-09,354.3913960401411,361.3234062947951,354.3913960401411,357.627685546875,27349135.0,KOTAKBANK,0.012184395885288524,False
2025-01-10,356.4290365136822,357.5177775418878,350.2661593515311,350.8354797363281,17513090.0,KOTAKBANK,-0.01899239372410555,False
2025-01-13,346.180862721715,348.5081965481599,344.35298357433106,347.27960205078125,15461940.0,KOTAKBANK,-0.010135456334744997,False
2025-01-14,349.5170454844923,353.3625874379313,345.5216518851299,349.716796875,24744805.0,KOTAKBANK,0.0070179613482233005,False
2025-01-15,351.6145828876974,358.5865552986561,351.6145828876974,357.5078125,17549305.0,KOTAKBANK,0.02227807098377599,False
2025-01-16,358.74638627131435,362.5719621379428,356.6587968240108,360.6941223144531,22257670.0,KOTAKBANK,0.008912559958261346,False
2025-01-17,358.98608938625773,360.68414376710126,349.25731625248386,351.31494140625,17608640.0,KOTAKBANK,-0.026003143184092026,False
2025-01-20,377.56467283305534,385.5354935665399,372.7702129900529,383.65765380859375,66621575.0,KOTAKBANK,0.09206187551511968,False
2025-01-21,383.7475684091018,383.7475684091018,377.7644762603512,378.2239379882813,22078315.0,KOTAKBANK,-0.014162928241810424,False
2025-01-22,379.3625984501575,383.6576647274148,376.97536669850274,383.058349609375,20883345.0,KOTAKBANK,0.012781876384681645,False
2025-01-23,380.9807600440592,384.3468741856657,377.9842149234693,378.5335693359375,15805795.0,KOTAKBANK,-0.011812248128912128,False
2025-01-24,377.76445835602897,383.2581242838365,374.1785659531558,376.8055419921875,20126830.0,KOTAKBANK,-0.004565057061600819,False
2025-01-27,374.56815493794255,379.3226831390005,372.1209641327075,375.8466796875,9642515.0,KOTAKBANK,-0.002544713911631802,False
2025-01-28,378.56354624049777,380.5612430544318,373.7291236086696,377.1152038574219,25786920.0,KOTAKBANK,0.003375110752545707,False
2025-01-29,377.12520316233065,384.4967093037823,376.5658504914421,383.6277160644531,11758155.0,KOTAKBANK,0.017269291029415657,False
2025-01-30,383.6277079634501,387.1736075503584,375.0575717182489,379.8620300292969,21195905.0,KOTAKBANK,-0.009815990548825648,False
2025-01-31,380.17165505534354,381.3503192724916,377.4847810433821,379.8220825195313,11666145.0,KOTAKBANK,-0.00010516320823772407,False
2025-02-03,378.2838537214999,380.3215129196158,375.8766255058072,376.4659423828125,16599040.0,KOTAKBANK,-0.008836084817544054,False
2025-02-04,377.7744338311648,387.7928817722108,375.007634817388,385.2558288574219,26663090.0,KOTAKBANK,0.02334842408047444,False
2025-02-05,387.11369020585886,387.3434363155355,380.0318585844416,381.9096984863281,17136925.0,KOTAKBANK,-0.008685476300300476,False
2025-02-06,382.9584678892273,383.5577830216854,378.8532156243916,382.7487182617188,15969855.0,KOTAKBANK,0.0021969061762927566,False
2025-02-07,383.7575459772404,391.6684077919596,381.1405377105844,385.4056396484375,22070870.0,KOTAKBANK,0.006941685915462514,False
2025-02-10,386.61424415523874,392.5474058579458,384.26694441049216,391.5785217285156,17846865.0,KOTAKBANK,0.016016584722810423,False
2025-02-11,392.4675241006207,393.6461578889093,380.8808766420632,383.2781066894531,17533410.0,KOTAKBANK,-0.021197319511863433,False
2025-02-12,384.2469703482383,389.35107073400496,380.551219297313,388.3422546386719,16095020.0,KOTAKBANK,0.013212724287750444,False
2025-02-13,392.1478870135796,398.1010149284876,391.6584305706764,394.1056213378906,63391865.0,KOTAKBANK,0.014840946691678347,False
2025-02-14,394.34533639696,394.34533639696,386.224724504646,390.03033447265625,13050240.0,KOTAKBANK,-0.010340595628653526,False
2025-02-17,390.5497067234525,392.3376538136104,386.0848533582375,388.6119384765625,11500595.0,KOTAKBANK,-0.0036366299508767685,False
2025-02-18,387.9627001326211,392.7471923733586,387.3833510062412,392.2178039550781,21720625.0,KOTAKBANK,0.00927883351358516,False
2025-02-19,392.3376729187464,398.5205469745791,391.9481074098399,396.5428161621094,19570825.0,KOTAKBANK,0.011027067520694711,False
2025-02-20,396.00342776401135,396.013426002381,391.5485724391979,393.6561279296875,23621860.0,KOTAKBANK,-0.007279638199880534,False
2025-02-21,393.6561256263229,395.2143571636088,386.4544372461792,390.16015625,20042760.0,KOTAKBANK,-0.008880775457690615,False
2025-02-24,387.21355647067867,393.54625137553006,386.2646383416479,392.7671508789063,11090405.0,KOTAKBANK,0.006681857660616242,False
2025-02-25,393.3464902809318,395.4540762694816,391.2688990077135,392.9969177246094,20099470.0,KOTAKBANK,0.0005849950668963544,False
2025-02-26,393.3464902809318,395.4540762694816,391.2688990077135,392.9969177246094,20099470.0,KOTAKBANK,0.0,False
2025-02-27,393.94578448199593,394.5450995905187,387.53319512337055,389.0614318847656,18540340.0,KOTAKBANK,-0.010014037419503463,False
2025-02-28,386.9638561768171,386.9638561768171,378.3437897440708,380.1517028808594,34851575.0,KOTAKBANK,-0.022900571153362748,False
2025-03-03,380.6710908152998,384.28694754992296,378.6034978389065,382.4790344238281,13038950.0,KOTAKBANK,0.006122112633803356,False
2025-03-04,379.7921200545828,382.7587008808819,378.91312862717086,381.1205749511719,15860250.0,KOTAKBANK,-0.00355172270998505,False
2025-03-05,380.18165356084,390.2800262158888,378.6434185689396,386.17474365234375,19058440.0,KOTAKBANK,0.013261337837295661,False
2025-03-06,388.35222446983926,388.5420080940458,381.5301036835318,383.8973693847656,25965465.0,KOTAKBANK,-0.0058972636222640595,False
2025-03-07,382.9584615974769,387.6730271556253,381.5700782044857,386.63421630859375,13901690.0,KOTAKBANK,0.007129110908507208,False
2025-03-10,386.05489706084006,387.5631678619506,382.8286058348833,383.9073791503906,11142670.0,KOTAKBANK,-0.007052756955237216,False
2025-03-11,384.1571067437002,388.3522517998409,380.451387656834,386.5942993164063,16035260.0,KOTAKBANK,0.006998876062142889,False
2025-03-12,387.5531658975251,399.07988457296057,387.1536326477256,396.0533752441406,33522470.0,KOTAKBANK,0.024467706700435743,False
2025-03-13,394.6849653005036,398.21089887864855,393.45637081383774,396.5627746582031,24628970.0,KOTAKBANK,0.0012861887965189833,False
2025-03-14,394.6849653005036,398.21089887864855,393.45637081383774,396.5627746582031,24628970.0,KOTAKBANK,0.0,False
2025-03-17,395.5639377354779,399.3096192860545,394.39530216186137,398.1609497070313,15854645.0,KOTAKBANK,0.004030068253899177,False
2025-03-18,395.5639377354779,399.3096192860545,394.39530216186137,398.1609497070313,15854645.0,KOTAKBANK,0.0,False
2025-03-19,407.3803227113612,409.7276225286888,402.9853958837203,403.8443908691406,26691440.0,KOTAKBANK,0.014274230474613958,False
2025-03-20,405.7322111646116,407.310378142236,402.8355265693654,406.6611328125,13416530.0,KOTAKBANK,0.006974820022378703,False
2025-03-21,407.53013144871016,419.036853598292,406.5312830873162,415.3211364746094,94254040.0,KOTAKBANK,0.021295380756493953,False
2025-03-24,419.5163185212448,436.34691977745285,417.56855199228,434.7287902832031,42541755.0,KOTAKBANK,0.04672927068757615,False
2025-03-25,435.4779138085197,439.99269736856905,431.5024864091302,433.5001831054688,36712165.0,KOTAKBANK,-0.0028261463358200123,False
2025-03-26,434.4990487533557,434.698830623917,425.4894472678244,428.4859924316406,15084580.0,KOTAKBANK,-0.011566755607593904,False
2025-03-27,428.3061875568384,429.7844941826364,421.8835995732027,425.23974609375,47106120.0,KOTAKBANK,-0.007576085088495721,False
2025-03-28,427.3672413177579,435.4779155424295,427.3073128552237,433.7398986816406,18361265.0,KOTAKBANK,0.01998908301957414,False
2025-03-31,427.3672413177579,435.4779155424295,427.3073128552237,433.7398986816406,18361265.0,KOTAKBANK,0.0,False
2025-04-01,434.3591813250202,435.198240768343,426.6880332690831,428.6857299804688,18754695.0,KOTAKBANK,-0.0116525335034523,False
2025-04-02,427.7068982152902,431.6323651219901,427.437189637812,430.42376708984375,10660960.0,KOTAKBANK,0.004054338616436226,False
2025-04-03,425.3096365264536,429.84441679752905,424.9400674956435,426.02880859375,8470190.0,KOTAKBANK,-0.01021077094745182,False
2025-04-04,425.689206703621,428.765676866796,423.1421554591985,425.8989868164063,18942015.0,KOTAKBANK,-0.0003047253489082413,False
2025-04-07,403.2750405561581,416.2401036748553,399.6991767204186,407.10064697265625,35695245.0,KOTAKBANK,-0.04413802433358105,False
2025-04-08,412.0149506970586,415.50095220519376,407.1305980623664,410.556640625,20471695.0,KOTAKBANK,0.008489285580958184,False
2025-04-09,410.3269100802715,412.52438875085255,407.9496764961044,410.0672302246094,19597890.0,KOTAKBANK,-0.0011920654836944378,False
2025-04-10,410.3269100802715,412.52438875085255,407.9496764961044,410.0672302246094,19597890.0,KOTAKBANK,0.0,False
2025-04-11,412.5243740224748,427.4072085384213,411.2258833432223,421.7537231445313,27973445.0,KOTAKBANK,0.028498968116815293,False
2025-04-14,412.5243740224748,427.4072085384213,411.2258833432223,421.7537231445313,27973445.0,KOTAKBANK,0.0,False
2025-04-15,428.5059455803453,428.9054788270572,419.4364159020108,423.5516662597656,28178320.0,KOTAKBANK,0.004263016581878887,False
2025-04-16,423.5117083937138,429.8244374006494,422.1732552373427,424.19091796875,14498895.0,KOTAKBANK,0.0015092650080434922,False
2025-04-17,422.5128692381526,438.2746956230587,419.0568623416407,437.1160278320313,26943160.0,KOTAKBANK,0.03047002968657031,False
2025-04-18,422.5128692381526,438.2746956230587,419.0568623416407,437.1160278320313,26943160.0,KOTAKBANK,0.0,False
2025-04-21,438.49445141439935,451.71919459106056,434.578952240068,447.7637634277344,24432490.0,KOTAKBANK,0.024359060107021824,False
2025-04-22,449.2819956855329,459.8498287702682,448.5628236221437,453.2374572753906,33664915.0,KOTAKBANK,0.012224512778242325,False
2025-04-23,456.4737015417818,457.4725499040176,443.4886728327158,444.8870544433594,17619395.0,KOTAKBANK,-0.01842390274234873,False
2025-04-24,443.08913382847385,447.06453074977406,442.2301083972448,444.0879821777344,20842685.0,KOTAKBANK,-0.001796123887274681,False
2025-04-25,443.4886860413507,446.1655924160865,435.1383281159242,440.3722839355469,10680015.0,KOTAKBANK,-0.008367031739896058,False
2025-04-28,438.89397733604426,445.8459536090885,437.37573875392286,444.6073913574219,12190890.0,KOTAKBANK,0.009617107107710021,False
2025-04-29,444.607376828097,448.8824465867352,439.2535642536522,440.49212646484375,15291325.0,KOTAKBANK,-0.009255952493308572,False
2025-04-30,442.2700874642522,445.6861623591955,437.13602260724144,441.1114196777344,23114585.0,KOTAKBANK,0.0014059121053098256,False
2025-05-01,442.2700874642522,445.6861623591955,437.13602260724144,441.1114196777344,23114585.0,KOTAKBANK,0.0,False
2025-05-02,440.2923490894421,444.2078481102132,433.7399062240153,435.8374938964844,9079030.0,KOTAKBANK,-0.011955994667068537,False
2025-05-05,420.5351424840396,426.268553029318,411.1260076241954,416.4998168945313,44108085.0,KOTAKBANK,-0.04436900742308769,False
2025-05-06,416.7195566423275,417.798299481268,412.5243812501996,414.3222961425781,17025485.0,KOTAKBANK,-0.005228143359555348,False
2025-05-07,412.2646630535336,419.8758826924956,410.4267857258982,418.49749755859375,18697280.0,KOTAKBANK,0.010077182557848285,False
2025-05-08,419.3165478694598,427.2474066370105,418.49751534470624,422.0334167480469,34624355.0,KOTAKBANK,0.008449080842969803,False
2025-05-09,414.5220667297594,423.51170191185065,414.5220667297594,420.1355895996094,23271500.0,KOTAKBANK,-0.004496864639442766,False
2025-05-12,426.3084723197471,432.2216680851464,424.73030530668944,428.5059509277344,15109370.0,KOTAKBANK,0.019922999944141706,False
2025-05-13,426.50825753224206,428.7257021513557,419.7360667466949,422.6327209472656,21539120.0,KOTAKBANK,-0.013706297351887331,False
2025-05-14,421.71379455308727,423.4917434346924,416.31998896215583,417.9980773925781,10687970.0,KOTAKBANK,-0.010966125728030907,False
2025-05-15,416.5397266105025,421.9135355934969,412.6042616855004,420.7948303222656,21311795.0,KOTAKBANK,0.006690827257228804,False
2025-05-16,419.496357478891,422.4929026465553,417.5385926886647,421.1544494628906,10289540.0,KOTAKBANK,0.0008546187232139069,False
2025-05-19,419.9158458140422,424.3107725158581,419.5962070220181,421.7537231445313,7528520.0,KOTAKBANK,0.0014229309043392036,False
2025-05-20,422.4728874818281,423.0921685785619,416.4598314183801,417.53857421875,19545490.0,KOTAKBANK,-0.009994337203128367,False
2025-05-21,418.5174599056229,418.7771702317805,411.5255214346458,413.7829284667969,10708700.0,KOTAKBANK,-0.008994727634399458,False
2025-05-22,414.3222996088333,415.0414716682881,409.6676929401339,412.6842041015625,16446640.0,KOTAKBANK,-0.002655315842307715,False
2025-05-23,412.6842086599538,421.374171451716,412.6842086599538,419.6761474609375,8254765.0,KOTAKBANK,0.016942599910255485,False
2025-05-26,417.5385730547617,421.9135336710173,416.5397247125091,417.3787536621094,10201425.0,KOTAKBANK,-0.005474206272449544,False
2025-05-27,417.5186127620736,419.3165276097028,411.765236477768,415.0015258789063,17299700.0,KOTAKBANK,-0.005695612827306351,False
2025-05-28,414.5220860736088,415.6008289335294,412.2047504694131,414.3822326660156,8173180.0,KOTAKBANK,-0.001492267315352902,False
2025-05-29,414.9815506908779,418.717264461597,410.5266953301626,415.840576171875,24936910.0,KOTAKBANK,0.003519319582012015,False
2025-05-30,415.8405738745379,417.5585943446064,412.6242808020526,414.462158203125,49038640.0,KOTAKBANK,-0.003314775054996777,False
2025-06-02,412.92389949984965,414.681882340463,409.7675350734904,412.2446899414063,13505700.0,KOTAKBANK,-0.005350230938651612,False
2025-06-03,413.5232406399512,414.681908450361,406.371482385484,408.4291076660156,32319090.0,KOTAKBANK,-0.009255625041363236,False
2025-06-04,408.94851568718207,411.2258887661281,407.689956978511,408.7886962890625,11655570.0,KOTAKBANK,0.0008804186976334449,False
2025-06-05,410.4867109390572,410.80634972805433,406.3714605986257,407.5101623535156,18626660.0,KOTAKBANK,-0.003127615678107709,False
2025-06-06,408.3092239750878,416.49979257149033,406.2915612981625,414.2024230957031,22121620.0,KOTAKBANK,0.01642231620320178,False
2025-06-09,421.7137845234557,427.98655092669617,417.5186092708237,427.14752197265625,28895440.0,KOTAKBANK,0.03125307375124198,False
2025-06-10,428.8455568942334,434.0795126154525,427.1475329492437,429.72454833984375,24578710.0,KOTAKBANK,0.0060331062095040355,False
2025-06-11,429.3050255048349,431.6423575602116,426.10872894870886,428.5658874511719,8910305.0,KOTAKBANK,-0.0026962874081737365,False
2025-06-12,428.5658682551451,429.26507428927226,423.9511937807166,424.8701171875,14890860.0,KOTAKBANK,-0.008623575445194431,False
2025-06-13,413.9227652598258,423.9112491246017,413.9227652598258,420.99462890625,22336370.0,KOTAKBANK,-0.009121583572185399,False
2025-06-16,421.0944740543355,428.4460137624854,417.27889652331726,427.3073120117188,14707980.0,KOTAKBANK,0.014994687988939992,False
2025-06-17,427.3073240942392,430.663470496589,425.5493716762783,426.8678283691406,15541500.0,KOTAKBANK,-0.0010284954884323128,False
2025-06-18,424.5105545321729,426.9877094475895,421.2542991124417,425.9888610839844,19503255.0,KOTAKBANK,-0.00205910876093518,False
2025-06-19,427.4072288472776,430.4437365509244,426.1287041008633,428.78564453125,17025995.0,KOTAKBANK,0.006565391029589085,False
2025-06-20,428.5059561528863,434.6988283182325,425.7691213388294,433.4602355957031,16863180.0,KOTAKBANK,0.010901929959813428,False
2025-06-23,431.1229318105392,437.435660871994,429.744516172428,436.3169555664063,8603070.0,KOTAKBANK,0.006590500664443111,False
2025-06-24,441.0914531389984,446.2055519956353,437.7752691833114,444.2078552246094,28022600.0,KOTAKBANK,0.01808524641899245,False
2025-06-25,444.0880000054653,444.207856934999,437.6953764100549,439.1536865234375,17877145.0,KOTAKBANK,-0.011377936346074535,False
2025-06-26,439.97275757302407,441.4909961789677,435.49790573309934,440.27239990234375,28350635.0,KOTAKBANK,0.002547430235101844,False
2025-06-27,441.4909713702978,442.9492814284309,436.01727143031167,441.0714416503906,48247195.0,KOTAKBANK,0.0018148803972815042,False
2025-06-30,441.0714383639628,441.29118621895634,430.4037453650353,432.2016906738281,18638285.0,KOTAKBANK,-0.02010955627363653,False
2025-07-01,432.2017119658876,436.7963901890356,431.3626524909893,436.2170715332031,20128770.0,KOTAKBANK,0.009290525571787445,False
2025-07-02,436.4967345305596,438.9339269743134,431.702274582236,433.3204040527344,9382555.0,KOTAKBANK,-0.006640426680889933,False
2025-07-03,427.3273211447125,429.8843705583035,423.8912802797434,424.8302001953125,23336995.0,KOTAKBANK,-0.01959336273578438,False
2025-07-04,424.3107841133649,426.96772449012434,421.7138026838777,425.4694519042969,8431075.0,KOTAKBANK,0.0015047228485416397,False
2025-07-07,425.5094126743062,430.8632253946964,423.87128668878063,429.46484375,10852925.0,KOTAKBANK,0.009390549257580538,False
2025-07-08,436.4967382408718,447.783712643143,434.73875535307457,444.38763427734375,37631455.0,KOTAKBANK,0.034747408884603814,False
2025-07-09,442.8893686032041,446.3054434982735,442.2900534746473,445.3465270996094,10104510.0,KOTAKBANK,0.002157784664339246,False
2025-07-10,445.3065811284953,448.0234498745312,436.8762985701678,440.2524108886719,28609065.0,KOTAKBANK,-0.011438544820622565,False
2025-07-11,439.8528712489597,444.4875425034859,439.2136241173486,443.6085510253906,13395830.0,KOTAKBANK,0.007623218076067362,False
2025-07-14,444.2677703037788,444.887051406949,438.9538897371681,440.2524108886719,11976685.0,KOTAKBANK,-0.007565544282140402,False
2025-07-15,441.4909886601973,446.2055542832868,435.877465582024,437.1160278320313,14870715.0,KOTAKBANK,-0.007124056516373489,False
2025-07-16,436.3169411225778,437.49557485320224,430.703418304162,435.3780212402344,11438515.0,KOTAKBANK,-0.003976076101388726,False
2025-07-17,434.49903261892985,437.8351824528706,432.8409406986301,433.6600036621094,10897805.0,KOTAKBANK,-0.0039460365344832216,False
2025-07-18,433.5199890136719,433.6000061035156,426.2000122070313,428.1000061035156,12832715.0,KOTAKBANK,-0.01282109835272216,False
2025-07-21,427.6199951171875,433.5199890136719,426.0400085449219,433.0400085449219,9135495.0,KOTAKBANK,0.011539365500994103,False
2025-07-22,434.3999938964844,435.0,429.0,432.0400085449219,7822810.0,KOTAKBANK,-0.002309255450460901,False
2025-07-23,434.2000122070313,435.9599914550781,431.239990234375,434.0799865722656,13952705.0,KOTAKBANK,0.0047217340685976605,False
2025-07-24,433.0799865722656,434.3599853515625,428.0,428.4200134277344,10292000.0,KOTAKBANK,-0.013039009674750246,False
2025-07-25,427.8200073242188,429.9800109863281,423.6600036621094,424.9200134277344,8727375.0,KOTAKBANK,-0.008169552986091677,False
2025-07-28,405.05999755859375,411.05999755859375,392.0,393.3200073242188,69123495.0,KOTAKBANK,-0.07436695167310525,False
2025-07-29,393.3999938964844,395.9400024414063,390.6000061035156,394.5400085449219,25219670.0,KOTAKBANK,0.003101803106846379,False
2025-07-30,393.2200012207031,396.1799926757813,391.3999938964844,391.9400024414063,17949955.0,KOTAKBANK,-0.006589968183719819,False
2025-07-31,388.239990234375,399.7200012207031,387.0,395.7200012207031,21519590.0,KOTAKBANK,0.009644330141733715,False
2025-08-01,396.6000061035156,401.3999938964844,394.4200134277344,398.4800109863281,13361865.0,KOTAKBANK,0.0069746531818231094,False
2025-08-04,397.3999938964844,401.3999938964844,396.4200134277344,399.3999938964844,7716305.0,KOTAKBANK,0.0023087303874518295,False
2025-08-05,401.6000061035156,401.6000061035156,398.9599914550781,400.6000061035156,12106660.0,KOTAKBANK,0.003004537369478033,False
2025-08-06,400.6000061035156,405.1199951171875,398.5400085449219,400.4800109863281,13311395.0,KOTAKBANK,-0.0002995384806770973,False
2025-08-07,396.2000122070313,399.1000061035156,393.0,398.4200134277344,72760995.0,KOTAKBANK,-0.005143821169801388,False
2025-08-08,398.7799987792969,399.8999938964844,389.6400146484375,390.5400085449219,10928645.0,KOTAKBANK,-0.019778135177041745,False
2025-08-11,392.7999877929688,404.7999877929688,391.2799987792969,395.1799926757813,11012565.0,KOTAKBANK,0.011880944408607874,False
2025-08-12,395.0,397.1799926757813,391.2799987792969,391.7999877929688,7889120.0,KOTAKBANK,-0.008553076940779114,False
2025-08-13,393.6000061035156,399.260009765625,392.4400024414063,397.5400085449219,13733665.0,KOTAKBANK,0.014650385224070472,False
2025-08-14,397.6000061035156,398.7000122070313,395.1000061035156,395.6400146484375,9922965.0,KOTAKBANK,-0.004779377812660246,False
2025-08-15,397.6000061035156,398.7000122070313,395.1000061035156,395.6400146484375,9922965.0,KOTAKBANK,0.0,False
2025-08-18,399.5799865722656,405.2000122070313,399.4200134277344,400.2799987792969,21519720.0,KOTAKBANK,0.011727792839615558,False
2025-08-19,398.7999877929688,406.5,398.5,405.9800109863281,15558845.0,KOTAKBANK,0.014240062517273167,False
2025-08-20,404.1000061035156,404.8399963378906,401.1000061035156,403.5,13134705.0,KOTAKBANK,-0.006108702200147587,False
2025-08-21,407.7999877929688,407.7999877929688,402.5799865722656,403.55999755859375,14493935.0,KOTAKBANK,0.0001486928341851712,False
2025-08-22,402.0400085449219,403.7200012207031,396.0400085449219,397.3200073242188,8958465.0,KOTAKBANK,-0.01546236067034601,False
2025-08-25,397.3999938964844,399.760009765625,395.3399963378906,396.6600036621094,11849075.0,KOTAKBANK,-0.001661138754512459,False
2025-08-26,395.6000061035156,396.7799987792969,392.239990234375,393.1400146484375,18550690.0,KOTAKBANK,-0.00887407094532866,False
2025-08-27,395.6000061035156,396.7799987792969,392.239990234375,393.1400146484375,18550690.0,KOTAKBANK,0.0,False
2025-08-28,391.0,393.6000061035156,388.2200012207031,388.9400024414063,17989700.0,KOTAKBANK,-0.010683247826571485,False
2025-08-29,390.0400085449219,396.9800109863281,390.0400085449219,392.05999755859375,15371790.0,KOTAKBANK,0.008021790244261418,False
2025-09-01,392.05999755859375,394.55999755859375,391.0400085449219,393.7200012207031,7891610.0,KOTAKBANK,0.00423405517636688,False
2025-09-02,393.2000122070313,395.0400085449219,388.0799865722656,388.5,12917095.0,KOTAKBANK,-0.013258156061462079,False
2025-09-03,388.7999877929688,392.760009765625,386.2200012207031,392.0400085449219,20037270.0,KOTAKBANK,0.009111991106619977,False
2025-09-04,392.2000122070313,394.3399963378906,389.2999877929688,389.9400024414063,9457295.0,KOTAKBANK,-0.005356611717538318,False
2025-09-05,389.9400024414063,391.4599914550781,387.4200134277344,389.1000061035156,9906260.0,KOTAKBANK,-0.0021541681608233665,False
2025-09-08,388.5,392.2999877929688,386.2999877929688,390.0199890136719,12527790.0,KOTAKBANK,0.002364386779041938,False
2025-09-09,391.2000122070313,393.1799926757813,387.9599914550781,392.0799865722656,15873920.0,KOTAKBANK,0.005281774310602172,False
2025-09-10,396.9800109863281,397.7799987792969,393.1600036621094,394.6600036621094,42604510.0,KOTAKBANK,0.006580333549792705,False
2025-09-11,395.3999938964844,397.0,392.6600036621094,394.4599914550781,11816335.0,KOTAKBANK,-0.0005067962427793837,False
2025-09-12,394.6400146484375,397.0,393.2000122070313,394.4599914550781,18077285.0,KOTAKBANK,0.0,False
2025-09-15,393.6000061035156,396.3200073242188,392.9800109863281,394.1600036621094,13098130.0,KOTAKBANK,-0.0007605024577072017,False
2025-09-16,395.2799987792969,406.1000061035156,394.6400146484375,404.3399963378906,20084385.0,KOTAKBANK,0.025827056477571997,False
2025-09-17,405.7999877929688,410.5400085449219,404.05999755859375,410.05999755859375,23917190.0,KOTAKBANK,0.01414651350969276,False
2025-09-18,410.0,412.260009765625,408.4400024414063,410.9200134277344,17420580.0,KOTAKBANK,0.002097292772425874,False
2025-09-19,410.9200134277344,410.9200134277344,405.4800109863281,406.2000122070313,22431125.0,KOTAKBANK,-0.011486423309808313,False
2025-09-22,406.3999938964844,407.9200134277344,403.4800109863281,404.3399963378906,13229910.0,KOTAKBANK,-0.00457906404048225,False
2025-09-23,404.6000061035156,410.6199951171875,401.6799926757813,409.5400085449219,25428240.0,KOTAKBANK,0.012860494272463274,False
2025-09-24,408.3999938964844,409.6199951171875,405.7999877929688,406.260009765625,18394385.0,KOTAKBANK,-0.008008982543489584,False
2025-09-25,406.4599914550781,407.5,402.0,402.7000122070313,20039275.0,KOTAKBANK,-0.008762855001769654,False
2025-09-26,401.7999877929688,403.8399963378906,397.8200073242188,398.9599914550781,9595825.0,KOTAKBANK,-0.009287361903605795,False
2025-09-29,399.1799926757813,400.739990234375,394.05999755859375,398.3200073242188,26530510.0,KOTAKBANK,-0.0016041311022821914,False
2025-09-30,400.7999877929688,403.0,397.2200012207031,398.5400085449219,29309685.0,KOTAKBANK,0.0005523227973933675,False
2025-10-01,397.2000122070313,414.3999938964844,397.2000122070313,412.6600036621094,30579755.0,KOTAKBANK,0.03542930399570143,False
2025-10-02,397.2000122070313,414.3999938964844,397.2000122070313,412.6600036621094,30579755.0,KOTAKBANK,0.0,False
2025-10-03,412.6600036621094,421.6000061035156,412.3999938964844,420.1000061035156,23679650.0,KOTAKBANK,0.01802937618228251,False
2025-10-06,422.7999877929688,430.9200134277344,418.6000061035156,429.2000122070313,25764180.0,KOTAKBANK,0.021661523378491365,False
2025-10-07,428.3999938964844,430.6199951171875,424.3399963378906,425.3800048828125,12364695.0,KOTAKBANK,-0.008900296401613716,False
2025-10-08,425.2999877929688,426.5,422.4400024414063,423.55999755859375,4402475.0,KOTAKBANK,-0.00427854460324284,False
2025-10-09,423.6000061035156,430.3999938964844,420.260009765625,428.9200134277344,15827485.0,KOTAKBANK,0.012654679148257353,False
2025-10-10,429.0,431.55999755859375,427.3200073242188,430.0199890136719,9681210.0,KOTAKBANK,0.002564523807474073,False
2025-10-13,427.2000122070313,431.2000122070313,426.760009765625,430.4200134277344,10600020.0,KOTAKBANK,0.0009302460915363575,False
2025-10-14,429.7999877929688,433.0,428.3200073242188,430.3599853515625,8022815.0,KOTAKBANK,-0.00013946395218433771,False
2025-10-15,431.0,433.1799926757813,428.239990234375,429.9200134277344,11540535.0,KOTAKBANK,-0.0010223346472807426,False
2025-10-16,430.5799865722656,442.9200134277344,430.4400024414063,441.0799865722656,33692100.0,KOTAKBANK,0.025958254549615534,False
2025-10-17,440.7799987792969,441.9800109863281,438.0799865722656,441.1600036621094,16706510.0,KOTAKBANK,0.00018141174453556452,False
2025-10-20,442.7999877929688,453.2000122070313,440.0400085449219,442.760009765625,15207085.0,KOTAKBANK,0.0036268158723224975,False
2025-10-21,442.760009765625,443.9599914550781,437.3800048828125,439.3999938964844,1134020.0,KOTAKBANK,-0.007588797079752685,False
2025-10-22,442.760009765625,443.9599914550781,437.3800048828125,439.3999938964844,1134020.0,KOTAKBANK,0.0,False
2025-10-23,445.0,448.8800048828125,442.2000122070313,445.1199951171875,21496105.0,KOTAKBANK,0.013017754438227502,False
2025-10-24,447.6000061035156,447.6000061035156,433.6400146484375,437.3999938964844,16293685.0,KOTAKBANK,-0.01734364060340776,False
2025-10-27,434.4400024414063,437.2000122070313,424.3999938964844,429.7200012207031,18599700.0,KOTAKBANK,-0.017558282539891445,False
2025-10-28,428.3999938964844,433.6199951171875,428.3999938964844,432.1600036621094,23304345.0,KOTAKBANK,0.005678121647758827,False
2025-10-29,434.0,434.8599853515625,429.3800048828125,430.1000061035156,7088915.0,KOTAKBANK,-0.0047667473647200476,False
2025-10-30,430.0,430.6000061035156,425.2799987792969,427.4400024414063,12438465.0,KOTAKBANK,-0.006184616657431752,False
2025-10-31,429.3800048828125,429.3800048828125,420.0,420.4400024414063,18931270.0,KOTAKBANK,-0.016376567377920037,False
2025-11-03,420.4400024414063,423.8399963378906,417.5799865722656,422.7000122070313,7657265.0,KOTAKBANK,0.005375344288130579,False
2025-11-04,423.3399963378906,424.2200012207031,418.6000061035156,419.3200073242188,9581885.0,KOTAKBANK,-0.007996226130121409,False
2025-11-05,423.3399963378906,424.2200012207031,418.6000061035156,419.3200073242188,9581885.0,KOTAKBANK,0.0,False
2025-11-06,414.6000061035156,420.760009765625,414.4200134277344,416.6400146484375,11902845.0,KOTAKBANK,-0.006391282621792782,False
2025-11-07,415.739990234375,419.8599853515625,411.8399963378906,417.6600036621094,7000945.0,KOTAKBANK,0.0024481302270800143,False
2025-11-10,416.2000122070313,420.9599914550781,416.2000122070313,418.5400085449219,10866480.0,KOTAKBANK,0.0021069886393154658,False
2025-11-11,420.0,420.6000061035156,414.9800109863281,417.3800048828125,10814210.0,KOTAKBANK,-0.00277154785307665,False
2025-11-12,420.0199890136719,420.0199890136719,416.0,416.8999938964844,9035425.0,KOTAKBANK,-0.001150057455346687,False
2025-11-13,417.8999938964844,417.8999938964844,412.9200134277344,415.0400085449219,10711530.0,KOTAKBANK,-0.004461466487870269,False
2025-11-14,413.2000122070313,417.1000061035156,412.6000061035156,415.9400024414063,12202755.0,KOTAKBANK,0.002168450939560529,False
2025-11-17,419.0,423.9800109863281,418.4800109863281,420.5799865722656,25151640.0,KOTAKBANK,0.011155416895764825,False
2025-11-18,418.1199951171875,421.3999938964844,416.0,418.6199951171875,10300340.0,KOTAKBANK,-0.004660210941210274,False
2025-11-19,419.8999938964844,422.0,417.8999938964844,421.1799926757813,12464500.0,KOTAKBANK,0.0061153255660355565,False
2025-11-20,422.9599914550781,422.9599914550781,418.6400146484375,419.739990234375,36702845.0,KOTAKBANK,-0.00341897161889837,False
2025-11-21,420.0,422.2999877929688,415.7000122070313,417.55999755859375,39194210.0,KOTAKBANK,-0.005193674004147164,False
2025-11-24,419.0,420.7999877929688,415.4800109863281,417.4599914550781,24922845.0,KOTAKBANK,-0.0002395011593551155,False
2025-11-25,418.8599853515625,418.8599853515625,413.3399963378906,413.9800109863281,15164895.0,KOTAKBANK,-0.008336081396974948,False
2025-11-26,415.0,422.0,414.8200073242188,420.760009765625,14896715.0,KOTAKBANK,0.016377599399408638,False
2025-11-27,420.7999877929688,426.1000061035156,418.2799987792969,422.0400085449219,20148975.0,KOTAKBANK,0.0030421112976251052,False
2025-11-28,423.7999877929688,428.3599853515625,420.4400024414063,424.8800048828125,15840785.0,KOTAKBANK,0.0067292111657426545,False
2025-12-01,426.7999877929688,432.6000061035156,425.6199951171875,429.5199890136719,16310160.0,KOTAKBANK,0.010920693084013555,False
2025-12-02,428.0,432.0,427.8800048828125,428.4800109863281,18294165.0,KOTAKBANK,-0.002421256411679229,False
2025-12-03,427.0199890136719,430.3399963378906,423.8200073242188,429.2200012207031,14031015.0,KOTAKBANK,0.0017270122652199849,False
2025-12-04,429.2200012207031,429.3599853515625,424.2999877929688,427.0799865722656,12871640.0,KOTAKBANK,-0.004985822287757569,False
2025-12-05,427.0,433.2000122070313,426.3999938964844,430.9800109863281,9658475.0,KOTAKBANK,0.009131836041683883,False
2025-12-08,431.739990234375,431.7799987792969,425.2000122070313,426.3200073242188,14960235.0,KOTAKBANK,-0.010812574929970786,False
2025-12-09,424.0,426.6799926757813,421.7799987792969,425.5400085449219,16037550.0,KOTAKBANK,-0.0018296086646099052,False
2025-12-10,426.0,431.1000061035156,424.739990234375,425.8999938964844,10941335.0,KOTAKBANK,0.0008459494861445815,False
2025-12-11,425.8999938964844,441.0,423.8200073242188,436.0400085449219,24978600.0,KOTAKBANK,0.023808440464317293,False
2025-12-12,436.3399963378906,440.2000122070313,434.9400024414063,435.3200073242188,14312745.0,KOTAKBANK,-0.001651227425450541,False
2025-12-15,433.4200134277344,437.1199951171875,431.2999877929688,436.260009765625,13779900.0,KOTAKBANK,0.0021593366387731017,False
2025-12-16,435.6000061035156,438.7999877929688,434.2999877929688,436.4800109863281,8544595.0,KOTAKBANK,0.0005042892215156858,False
2025-12-17,437.6000061035156,438.6400146484375,432.7000122070313,434.6400146484375,8060720.0,KOTAKBANK,-0.004215534025791334,False
2025-12-18,434.6400146484375,435.7799987792969,431.9800109863281,432.9200134277344,5633400.0,KOTAKBANK,-0.003957300668909536,False
2025-12-19,433.7000122070313,435.5,431.260009765625,431.8999938964844,11504670.0,KOTAKBANK,-0.0023561385466422946,False
2025-12-22,434.0,435.2000122070313,429.4200134277344,429.9400024414063,9041130.0,KOTAKBANK,-0.004538067799898626,False
2025-12-23,430.5,434.1799926757813,429.9400024414063,432.5400085449219,8070815.0,KOTAKBANK,0.006047369606809072,False
2025-12-24,433.6000061035156,435.6400146484375,432.2200012207031,432.739990234375,7791790.0,KOTAKBANK,0.00046234263999278546,False
2025-12-25,433.6000061035156,435.6400146484375,432.2200012207031,432.739990234375,7791790.0,KOTAKBANK,0.0,False
2025-12-26,432.3999938964844,434.7200012207031,430.5799865722656,432.8399963378906,3691745.0,KOTAKBANK,0.00023109974990176418,False
2025-12-29,434.1199951171875,436.3599853515625,431.0799865722656,431.7200012207031,4858980.0,KOTAKBANK,-0.0025875499645674482,False
2025-12-30,431.9400024414063,433.0,427.7799987792969,430.5400085449219,28360690.0,KOTAKBANK,-0.0027332360614398254,False
2025-12-31,431.6000061035156,441.0799865722656,431.1400146484375,440.2200012207031,14284445.0,KOTAKBANK,0.022483375490459867,False
2026-01-01,442.0,444.1799926757813,437.7999877929688,443.55999755859375,6734875.0,KOTAKBANK,0.00758710719328759,False
2026-01-02,443.55999755859375,445.5799865722656,436.1000061035156,439.0199890136719,12238470.0,KOTAKBANK,-0.01023538770382948,False
2026-01-05,439.3800048828125,441.3399963378906,436.3999938964844,438.1799926757813,10914245.0,KOTAKBANK,-0.0019133441731838952,False
2026-01-06,440.4200134277344,445.6000061035156,427.0,429.2799987792969,26541035.0,KOTAKBANK,-0.02031127400896582,False
2026-01-07,429.2799987792969,430.1000061035156,421.8399963378906,428.7999877929688,10561315.0,KOTAKBANK,-0.0011181769187780244,False
2026-01-08,428.0199890136719,428.6000061035156,423.7200012207031,426.6000061035156,11484710.0,KOTAKBANK,-0.0051305544591464525,False
2026-01-09,426.6000061035156,426.6000061035156,423.2000122070313,425.3599853515625,10319615.0,KOTAKBANK,-0.0029067527759298883,False
2026-01-12,425.3599853515625,427.8800048828125,421.2000122070313,426.6600036621094,12720435.0,KOTAKBANK,0.003056277871253954,False
2026-01-13,425.3800048828125,428.8800048828125,424.0,426.5199890136719,12717650.0,KOTAKBANK,-0.00032816445702832375,False
2026-01-14,426.0,427.6000061035156,418.7999877929688,421.0,10818517.0,KOTAKBANK,-0.012941923370196173,False
2026-01-15,426.0,427.6000061035156,418.7999877929688,421.0,10818517.0,KOTAKBANK,0.0,False
2026-01-16,424.0,427.6000061035156,417.1000061035156,418.2000122070313,17993251.0,KOTAKBANK,-0.006650802358595498,False
2026-01-19,419.0,430.3999938964844,415.0,426.8999938964844,22228439.0,KOTAKBANK,0.02080339893712413,False
2026-01-20,428.0,431.0,422.5,423.7999877929688,18805991.0,KOTAKBANK,-0.007261668184205372,False
2026-01-21,422.1000061035156,425.5,416.3999938964844,421.6000061035156,16386060.0,KOTAKBANK,-0.005191084834405224,False
2026-01-22,423.7999877929688,429.7999877929688,420.2999877929688,426.0,10087657.0,KOTAKBANK,0.010436418009453385,False
2026-01-23,429.0,429.7999877929688,420.3999938964844,422.7999877929688,10548118.0,KOTAKBANK,-0.007511765744204646,False
2026-01-26,429.0,429.7999877929688,420.3999938964844,422.7999877929688,10548118.0,KOTAKBANK,0.0,False
2026-01-27,415.0,415.0,400.5,408.7000122070313,47613963.0,KOTAKBANK,-0.03334904444898379,False
2026-01-28,409.2999877929688,414.2000122070313,406.2999877929688,412.3999938964844,14823671.0,KOTAKBANK,0.009053050107517002,False
2026-01-29,407.0,414.6000061035156,407.0,412.3999938964844,26085514.0,KOTAKBANK,0.0,False
2026-01-30,410.0,412.5,405.3999938964844,408.0,20681886.0,KOTAKBANK,-0.010669238510194523,False
2026-02-02,408.7000122070313,410.8500061035156,405.1000061035156,408.2000122070313,15422034.0,KOTAKBANK,0.0004902259976258261,False
2026-02-03,415.0,425.0,410.2999877929688,415.7999877929688,35396945.0,KOTAKBANK,0.018618263984967687,False
2026-02-04,416.7000122070313,418.6499938964844,410.6000061035156,412.3500061035156,14948177.0,KOTAKBANK,-0.008297214503938277,False
2026-02-05,411.0,413.9500122070313,404.1000061035156,408.75,24814864.0,KOTAKBANK,-0.008730462107988668,False
2026-02-06,411.0,424.6499938964844,410.2999877929688,422.3500061035156,21228778.0,KOTAKBANK,0.03327218618597105,False
2026-02-09,430.0,434.8999938964844,424.2000122070313,428.7999877929688,22538542.0,KOTAKBANK,0.015271650517917346,False
2026-02-10,430.7999877929688,433.8999938964844,428.2000122070313,429.2999877929688,18428055.0,KOTAKBANK,0.0011660448093142595,False
2026-02-11,431.7000122070313,431.7000122070313,427.75,429.5499877929688,12299205.0,KOTAKBANK,0.0005823433661977795,False
2026-02-12,429.3999938964844,431.0499877929688,425.1000061035156,426.25,14003384.0,KOTAKBANK,-0.007682430186819911,False
2026-02-13,426.0,428.8999938964844,419.5499877929688,420.6499938964844,23233320.0,KOTAKBANK,-0.013137844231121742,False
2026-02-16,419.0,426.7000122070313,418.25,425.6000061035156,12403028.0,KOTAKBANK,0.011767531864625091,False
2026-02-17,423.6499938964844,425.5,420.6000061035156,424.4500122070313,6427007.0,KOTAKBANK,-0.002702053289455608,False
2026-02-18,425.7000122070313,427.3999938964844,421.3500061035156,426.3500061035156,7333331.0,KOTAKBANK,0.004476366690637779,False
2026-02-19,425.7000122070313,425.9500122070313,415.8500061035156,416.3999938964844,6473423.0,KOTAKBANK,-0.02333766169717244,False
2026-02-20,415.0,423.3999938964844,415.0,421.3500061035156,6603883.0,KOTAKBANK,0.011887637559048203,False
2026-02-23,423.0,431.7999877929688,420.3500061035156,430.7000122070313,10399627.0,KOTAKBANK,0.022190592068529913,False
2026-02-24,430.8999938964844,432.4500122070313,425.7999877929688,427.7000122070313,15016915.0,KOTAKBANK,-0.006965404956984167,False
2026-02-25,425.5,430.1499938964844,421.3999938964844,424.9500122070313,10192468.0,KOTAKBANK,-0.006429740288781738,False
2026-02-26,426.7000122070313,426.7000122070313,421.7000122070313,424.5499877929688,13417228.0,KOTAKBANK,-0.0009413446348310872,False
2026-02-27,420.5,422.3500061035156,414.4500122070313,415.2000122070313,17806739.0,KOTAKBANK,-0.022023261935640415,False
2026-03-02,410.0,414.6000061035156,407.1000061035156,413.1000061035156,15236666.0,KOTAKBANK,-0.005057818019688631,False
2026-03-03,410.0,414.6000061035156,407.1000061035156,413.1000061035156,15236666.0,KOTAKBANK,0.0,False
2026-03-04,405.0,410.5,402.2000122070313,403.3500061035156,18393751.0,KOTAKBANK,-0.02360203305723707,False
2026-03-05,403.6000061035156,410.0499877929688,402.3500061035156,407.2999877929688,14963265.0,KOTAKBANK,0.009792938216640179,False
2026-03-06,403.7000122070313,406.7000122070313,399.0,399.7999877929688,17512726.0,KOTAKBANK,-0.018413946046598628,False
2026-03-09,390.0,393.8500061035156,385.1000061035156,386.3500061035156,20275976.0,KOTAKBANK,-0.03364177613836772,False
2026-03-10,390.5,394.25,387.5,391.8500061035156,21346381.0,KOTAKBANK,0.014235796332630057,False
2026-03-11,388.8500061035156,391.1000061035156,379.9500122070313,383.2000122070313,29991868.0,KOTAKBANK,-0.02207475759027866,False
2026-03-12,377.0,380.1499938964844,374.0499877929688,375.2999877929688,25048123.0,KOTAKBANK,-0.020615929442597047,False
2026-03-13,373.0,373.6000061035156,363.3999938964844,366.8500061035156,32179473.0,KOTAKBANK,-0.02251527301971179,False
2026-03-16,366.8500061035156,373.3500061035156,364.0499877929688,369.8500061035156,27927294.0,KOTAKBANK,0.0081777291811016,False
2026-03-17,369.8500061035156,375.1499938964844,368.6000061035156,374.2000122070313,15176772.0,KOTAKBANK,0.01176154125112605,False
2026-03-18,375.0,376.9500122070313,371.1000061035156,375.3999938964844,15235416.0,KOTAKBANK,0.0032067922242320357,False
2026-03-19,366.1499938964844,370.1499938964844,363.3500061035156,368.1499938964844,17308390.0,KOTAKBANK,-0.019312733398709536,False
2026-03-20,368.6000061035156,372.6000061035156,365.3999938964844,366.75,17077194.0,KOTAKBANK,-0.003802781256810328,False
2026-03-23,364.8500061035156,364.8999938964844,355.25,356.54998779296875,16980244.0,KOTAKBANK,-0.02781189422503405,False
2026-03-24,363.0,370.9500122070313,361.3999938964844,366.8500061035156,19990983.0,KOTAKBANK,0.028888006347451034,False
2026-03-25,368.9500122070313,378.0,363.0,371.1000061035156,42442702.0,KOTAKBANK,0.011585116339893897,False
2026-03-26,368.9500122070313,378.0,363.0,371.1000061035156,42442702.0,KOTAKBANK,0.0,False
2026-03-27,367.5499877929688,368.8500061035156,362.5,366.1499938964844,28928069.0,KOTAKBANK,-0.013338755391048118,False
2026-03-30,361.0,362.9500122070313,351.6499938964844,353.3999938964844,39762775.0,KOTAKBANK,-0.034821794927039074,False
2026-03-31,361.0,362.9500122070313,351.6499938964844,353.3999938964844,39762775.0,KOTAKBANK,0.0,False
2026-04-01,363.7999877929688,364.0499877929688,355.0,356.04998779296875,21245776.0,KOTAKBANK,0.007498568031273356,False
2026-04-02,350.29998779296875,359.8500061035156,345.5,358.0,22056018.0,KOTAKBANK,0.005476793354547427,False
2026-04-03,350.29998779296875,359.8500061035156,345.5,358.0,22056018.0,KOTAKBANK,0.0,False
2026-04-06,358.0,361.3999938964844,350.1000061035156,360.5499877929688,18320378.0,KOTAKBANK,0.0071228709300805715,False
2026-04-07,357.0,364.0,357.0,362.9500122070313,23655155.0,KOTAKBANK,0.006656564957202571,False
2026-04-08,377.0,381.1499938964844,369.4500122070313,380.1499938964844,30162218.0,KOTAKBANK,0.047389395539245704,False
2026-04-09,377.0,378.7000122070313,369.4500122070313,371.8999938964844,12422256.0,KOTAKBANK,-0.021701960101165985,False
2026-04-10,373.5,379.1499938964844,372.3500061035156,374.5499877929688,23751660.0,KOTAKBANK,0.00712555509538948,False
2026-04-13,367.9500122070313,373.0,365.6000061035156,371.8999938964844,30027087.0,KOTAKBANK,-0.007075140789883583,False
2026-04-14,367.9500122070313,373.0,365.6000061035156,371.8999938964844,30027087.0,KOTAKBANK,0.0,False
2026-04-15,375.5,383.0,375.5,382.3999938964844,19100372.0,KOTAKBANK,0.028233396537571842,False
2026-04-16,383.1499938964844,386.4500122070313,378.25,379.1499938964844,12060624.0,KOTAKBANK,-0.008498954110547907,False
2026-04-17,379.2999877929688,385.2000122070313,376.6499938964844,383.6000061035156,11626179.0,KOTAKBANK,0.011736812023386722,False
2026-04-20,384.1000061035156,386.0,378.0,379.2000122070313,11146713.0,KOTAKBANK,-0.01147026544962293,False
2026-04-21,381.4500122070313,383.1499938964844,378.3500061035156,382.1499938964844,12323488.0,KOTAKBANK,0.007779487327237877,False
2026-04-22,378.1000061035156,382.7999877929688,376.25,376.8500061035156,14471487.0,KOTAKBANK,-0.013868867925206363,False
2026-04-23,370.0499877929688,375.9500122070313,367.6499938964844,370.3999938964844,27628052.0,KOTAKBANK,-0.017115595336515743,False
2026-04-24,370.6000061035156,372.7999877929688,367.6499938964844,370.8500061035156,19678907.0,KOTAKBANK,0.0012149357841431119,False
2026-04-27,375.0,380.4500122070313,373.25,376.7999877929688,11559552.0,KOTAKBANK,0.01604417309296835,False
2026-04-28,372.0,383.25,372.0,377.9500122070313,12852733.0,KOTAKBANK,0.0030520818771744285,False
2026-04-29,378.0,386.0499877929688,377.5499877929688,382.0,7913344.0,KOTAKBANK,0.010715670491234786,False
2026-04-30,376.6000061035156,386.8500061035156,375.2999877929688,383.2999877929688,24812228.0,KOTAKBANK,0.0034031094056774513,False
