Date,Open,High,Low,Close,Volume,Symbol,Daily_Return,Is_Outlier
2018-01-01,697.9104224585105,705.2519795507221,690.4759572392455,692.0093383789062,2476302.0,M_M,,False
2018-01-02,700.6983637649797,704.4155964639982,693.5426794752752,699.6761474609375,3020597.0,M_M,0.011079054366508245,False
2018-01-03,702.4639760165452,705.3448082765254,696.981035846369,701.53466796875,2256643.0,M_M,0.002656258205395279,False
2018-01-04,707.2035478864398,707.2035478864398,697.4458116803851,702.5570068359375,1663380.0,M_M,0.001457289160274211,False
2018-01-05,702.5570279884552,704.8802985836551,700.3266655288738,702.8822631835938,1255982.0,M_M,0.00046296079106955546,False
2018-01-08,703.5327730035009,706.2742435825539,703.0681188958808,706.1813354492188,2309604.0,M_M,0.004693634252032952,False
2018-01-09,706.2741481915479,711.8499967299022,703.6720968844087,708.5509643554688,1947163.0,M_M,0.00335555301067636,False
2018-01-10,708.1792548716913,710.920725221541,700.884208680154,706.134765625,1275821.0,M_M,-0.0034100563714095644,False
2018-01-11,706.5530214259678,714.5915601387009,702.0923533575983,712.4541625976562,2291617.0,M_M,0.00894927891995656,False
2018-01-12,712.8722115961561,715.102573695478,707.9004360136846,713.2439575195312,1363265.0,M_M,0.0011085554177905355,False
2018-01-15,715.5673403392451,720.8179545507029,702.2317898665667,705.5308227539062,2127778.0,M_M,-0.010814160686967722,False
2018-01-16,705.344907970315,708.6439406621823,688.6173607457226,693.9144287109375,1611817.0,M_M,-0.01646475769495992,False
2018-01-17,694.2396251996666,700.6983280289071,686.6192872112271,692.6597900390625,1940533.0,M_M,-0.0018080596395807502,False
2018-01-18,696.9812297098803,710.9208543040778,692.334688178481,705.5773315429688,2810014.0,M_M,0.01864918635334356,False
2018-01-19,706.2741331676383,713.9873788041923,695.4012174050439,711.2924194335938,2005133.0,M_M,0.008099874578066713,False
2018-01-22,708.2257974898279,714.6380471288487,702.5570398301816,705.9025268554688,934811.0,M_M,-0.007577604415378136,False
2018-01-23,708.0864432893591,718.3552882652261,707.5753350881165,714.6845092773438,2775928.0,M_M,0.012440786210237142,False
2018-01-24,714.6843495530419,716.4965116074255,699.2114044436025,701.9993286132812,2080315.0,M_M,-0.017749343240822668,False
2018-01-25,703.021525162102,708.1327193304979,695.4476420243853,704.2296142578125,2878048.0,M_M,0.003177048116181247,False
2018-01-26,703.021525162102,708.1327193304979,695.4476420243853,704.2296142578125,2878048.0,M_M,0.0,False
2018-01-29,703.7650393821239,717.4258803124783,703.7650393821239,710.316650390625,2074165.0,M_M,0.00864353899576864,False
2018-01-30,709.9913588456927,714.3126640189988,699.8618782891593,710.8277587890625,1648188.0,M_M,0.0007195500741203897,False
2018-01-31,710.7348708261775,716.6360116861016,703.1610433395156,709.1085815429688,2242045.0,M_M,-0.002418556710591102,False
2018-02-01,714.5449679915147,745.816149214092,709.0620279183782,742.2847900390625,6896060.0,M_M,0.046785794671818426,False
2018-02-02,742.2849045616974,743.4465397801039,711.4318618167292,715.7996215820312,3783976.0,M_M,-0.03568060239471893,False
2018-02-05,708.969192759339,715.3349307409483,692.3345545982546,706.7388305664062,2018332.0,M_M,-0.012658278577458826,False
2018-02-06,691.2194042820267,706.1812998249032,679.0919440290234,698.6538696289062,5626253.0,M_M,-0.011439814239470047,False
2018-02-07,713.151134629332,717.3794755908569,691.1729730339139,694.2861328125,1909559.0,M_M,-0.00625164621034191,False
2018-02-08,700.6983781704789,706.9247544134354,693.2639126195985,699.025634765625,3024010.0,M_M,0.006826439027272091,False
2018-02-09,694.19314850353,700.0477781709125,689.5466080182318,697.0275268554688,2214895.0,M_M,-0.0028584186484466034,False
2018-02-12,715.567249778768,715.567249778768,690.4759306306813,693.2638549804688,2662221.0,M_M,-0.005399602928135683,False
2018-02-13,715.567249778768,715.567249778768,690.4759306306813,693.2638549804688,2662221.0,M_M,0.0,False
2018-02-14,698.6538503194146,700.6518855143541,689.5930959283276,694.146728515625,1207191.0,M_M,0.0012735029077508564,False
2018-02-15,695.2153790149498,698.1891763307715,690.9405843687766,696.3770141601562,1652980.0,M_M,0.0032129887715535155,False
2018-02-16,699.4438392995986,700.4660556312368,689.5466842830882,691.1729736328125,1042980.0,M_M,-0.00747302168441033,False
2018-02-19,691.4053089676742,692.1487441923622,665.431133126743,673.4232177734375,1185926.0,M_M,-0.02568062776830249,False
2018-02-20,675.421128720313,681.3687233628366,653.3036068592152,658.8794555664062,2981323.0,M_M,-0.02159676385248166,False
2018-02-21,665.3846801763093,665.3846801763093,651.4450569882581,658.3219604492188,2290218.0,M_M,-0.0008461261198503545,False
2018-02-22,652.3743526718553,673.2837870523634,650.8874822485408,670.9140625,3325355.0,M_M,0.019127574055388896,False
2018-02-23,671.4716803365242,672.8191886745117,663.5261059580129,667.847412109375,1648932.0,M_M,-0.004570854245024902,False
2018-02-26,670.9605165463033,684.9001394662404,668.4049190109815,683.4132690429688,1525511.0,M_M,0.023307505054829036,False
2018-02-27,689.4537173158799,689.5466254397472,679.324236113821,687.5021362304688,1429191.0,M_M,0.005983008192430805,False
2018-02-28,682.1121860315759,682.9950401232581,673.8413207607168,676.861572265625,1814444.0,M_M,-0.015477135857621227,False
2018-03-01,676.536307857484,684.4354268365892,676.0716537998895,680.7646484375,1831321.0,M_M,0.005766431914298931,False
2018-03-02,676.536307857484,684.4354268365892,676.0716537998895,680.7646484375,1831321.0,M_M,0.0,False
2018-03-05,675.6070841880814,690.4760158896073,671.0999619542456,687.3163452148438,2170367.0,M_M,0.009624026148216336,False
2018-03-06,690.475905145656,690.475905145656,665.384586923674,669.0089111328125,1763292.0,M_M,-0.026636110445341754,False
2018-03-07,670.0310986975056,674.4917659577795,652.7924458518078,657.7642211914062,2343794.0,M_M,-0.01680798230679159,False
2018-03-08,660.319844177344,677.6514625385641,657.1137199607596,675.28173828125,2500680.0,M_M,0.02663190931564241,False
2018-03-09,675.5141062342148,687.4092390218989,672.3079818233531,677.0009765625,2191343.0,M_M,0.0025459570188079983,False
2018-03-12,683.087971552813,686.9910772825501,679.5101577208281,684.9930419921875,1867680.0,M_M,0.01180510177439853,False
2018-03-13,684.8536397967015,688.6173263903693,678.8131369336281,681.182861328125,1823994.0,M_M,-0.005562364039467083,False
2018-03-14,679.2778877682731,682.3910477683942,671.9827838544232,676.7222900390625,1366237.0,M_M,-0.006548272926840237,False
2018-03-15,679.3242857719516,685.7365349605865,678.209104601693,682.902099609375,1249262.0,M_M,0.009131972836236457,False
2018-03-16,686.7587205086694,698.8397264174822,683.5525960580062,688.385009765625,4929069.0,M_M,0.008028837749051165,False
2018-03-19,689.3143504645682,696.0518348472688,686.7587529400956,690.1972045898438,2081202.0,M_M,0.002632530921665044,False
2018-03-20,688.0596927054213,691.4051789476285,680.2999365707082,688.57080078125,1248986.0,M_M,-0.002356433491439991,False
2018-03-21,690.4759386279549,697.6780766149894,687.2233601821973,692.6597900390625,2788242.0,M_M,0.005938371556233779,False
2018-03-22,694.239679676952,695.9589338797574,674.6777534050996,679.1848754882812,1877037.0,M_M,-0.019453871503095854,False
2018-03-23,673.7484087471562,685.1788876480143,670.2170491212648,681.0899658203125,2276332.0,M_M,0.002804965777045032,False
2018-03-26,682.4373992129771,696.9810940639651,675.6534612415145,693.728515625,1890961.0,M_M,0.0185563588350115,False
2018-03-27,696.0517787703855,698.8397031179303,689.1748760249214,692.2416381835938,2422064.0,M_M,-0.0021433131375127035,False
2018-03-28,691.4052200627483,693.2638362457127,683.0414472394086,686.665771484375,3301815.0,M_M,-0.008054798197128843,False
2018-03-29,691.4052200627483,693.2638362457127,683.0414472394086,686.665771484375,3301815.0,M_M,0.0,False
2018-03-30,691.4052200627483,693.2638362457127,683.0414472394086,686.665771484375,3301815.0,M_M,0.0,False
2018-04-02,695.958891266655,698.7003049132564,685.0859746449969,695.1689453125,3567965.0,M_M,0.012383279000121927,False
2018-04-03,695.1225288924319,716.8683633133513,692.3810583769036,715.6602172851562,2500384.0,M_M,0.029476679173930487,False
2018-04-04,718.355246639557,731.1332345325633,696.1447577227972,703.068115234375,3295198.0,M_M,-0.017595084575958597,False
2018-04-05,715.5671857150309,725.7895740823884,712.4075157132995,719.8419799804688,2224647.0,M_M,0.023858093380471512,False
2018-04-06,719.8420269481531,719.8420269481531,710.03783790022,717.37939453125,1194886.0,M_M,-0.0034210083847646677,False
2018-04-09,717.4258833930423,732.4806865907203,715.567267114822,730.6220703125,1813902.0,M_M,0.01845979391407382,False
2018-04-10,721.607849540486,729.5069695934083,714.0804754723613,722.6300659179688,2193150.0,M_M,-0.01093862985977545,False
2018-04-11,726.2543100567372,734.7109914267924,719.2380449569043,733.22412109375,1448946.0,M_M,0.014660412949084156,False
2018-04-12,733.64232256429,738.4282254536436,725.4644222753001,732.1553955078125,1146053.0,M_M,-0.001457570141505049,False
2018-04-13,738.7999638396062,739.2646179049141,727.787685179995,733.7816772460938,2183881.0,M_M,0.002221224822297918,False
2018-04-16,727.8341927521972,748.0931001449476,727.8341927521972,744.7940673828125,2896629.0,M_M,0.01500772025004582,False
2018-04-17,758.3154812188782,760.9175328005351,749.48705343508,752.1355590820312,4339790.0,M_M,0.009857075963314976,False
2018-04-18,755.5275406333359,755.5275406333359,739.4505206699799,741.86669921875,1503151.0,M_M,-0.013652937611159155,False
2018-04-19,744.7476871630516,747.628520177222,737.5920019776081,745.2123413085938,2590266.0,M_M,0.004509761785192579,False
2018-04-20,735.9191532437227,747.5819592862586,735.9191532437227,742.9818725585938,2561105.0,M_M,-0.0029930646962761376,False
2018-04-23,747.070894072237,774.8571755697251,743.4930234249165,766.0287475585938,2751312.0,M_M,0.031019431094104544,False
2018-04-24,765.657031512028,784.3361032252956,763.9842314131337,779.2713623046875,2872669.0,M_M,0.017287360021799758,False
2018-04-25,782.4774069482793,801.5282226756424,779.2712827134839,793.4896850585938,3602302.0,M_M,0.01824566311773057,False
2018-04-26,798.2756680154168,807.336422105231,790.8412031212104,797.4857788085938,5461957.0,M_M,0.0050361004374051,False
2018-04-27,799.1121208224166,805.5243131852113,791.0271283714873,801.7141723632812,1087577.0,M_M,0.005302155432795885,False
2018-04-30,803.2940105959163,816.8154332222729,803.0151727665415,811.5648193359375,1137366.0,M_M,0.012286981211294679,False
2018-05-01,803.2940105959163,816.8154332222729,803.0151727665415,811.5648193359375,1137366.0,M_M,0.0,False
2018-05-02,817.3265514412894,817.6053325536278,800.1343499612851,802.1323852539062,1341643.0,M_M,-0.011622527070295319,False
2018-05-03,801.9930553546762,813.6094089953872,791.3989181461573,803.944580078125,2126154.0,M_M,0.002259221616697449,False
2018-05-04,803.8051754878011,807.1042084037331,792.0958576030274,793.9080200195312,961238.0,M_M,-0.012484144190160973,False
2018-05-07,801.0636499658503,825.1327544801585,797.8110713406991,822.9953002929688,1916654.0,M_M,0.03663809854537292,False
2018-05-08,823.367124600808,823.8317787343299,798.7404555241473,804.1304321289062,1834833.0,M_M,-0.022922206429790037,False
2018-05-09,803.8515451950408,807.2435426115076,793.3968285667816,799.2979125976562,1630905.0,M_M,-0.006009621496920636,False
2018-05-10,799.2050322328334,811.0537114897737,791.9099857314542,795.9524536132812,1369399.0,M_M,-0.004185496961330082,False
2018-05-11,797.2999303957852,811.1001335924605,788.8431922859122,807.6616821289062,1304682.0,M_M,0.014710964784981906,False
2018-05-14,810.3567241892486,812.2153405291322,789.911944450529,792.3746337890625,1492933.0,M_M,-0.01892753943649872,False
2018-05-15,793.5362046362916,803.8515017977649,777.9237832712464,787.17041015625,2060487.0,M_M,-0.006567882679341164,False
2018-05-16,785.7301266563594,797.1141527374243,775.228954758329,792.7928466796875,1559853.0,M_M,0.007142591300302481,False
2018-05-17,794.6049693115714,798.7404021677617,786.1947414007287,788.982666015625,1065979.0,M_M,-0.00480602301095423,False
2018-05-18,788.2856361352656,793.4432850099173,769.5136002112341,776.901611328125,1983383.0,M_M,-0.015312192786832046,False
2018-05-21,775.0430535978005,787.3563874828975,763.5196090095964,767.5621337890625,1670673.0,M_M,-0.012021441843963365,False
2018-05-22,764.0771923197992,777.8309419565378,754.8305646406186,771.5116577148438,1937535.0,M_M,0.005145542949447579,False
2018-05-23,769.5600835355855,776.4369867769144,762.5438180991102,772.99853515625,1315364.0,M_M,0.0019272261495182352,False
2018-05-24,777.8308833478817,787.867399530858,773.0914347038406,783.4531860351562,1394760.0,M_M,0.013524800375970925,False
2018-05-25,785.2654620080887,800.0879397652354,784.3361537690258,797.0676879882812,2069467.0,M_M,0.017377556433236574,False
2018-05-28,801.4353764016159,803.5263197525613,785.3118458631568,789.865478515625,3096495.0,M_M,-0.009035881872007545,False
2018-05-29,793.6291504607601,813.7951484149221,789.9119179059088,808.7304077148438,4666224.0,M_M,0.023883724143345386,False
2018-05-30,816.8618887163844,837.3066686387513,813.1911100680472,834.4722900390625,8212884.0,M_M,0.031829991896749954,False
2018-05-31,836.3773824921984,867.5092072849635,828.0136086672763,857.7050170898438,9417129.0,M_M,0.027841220527159427,False
2018-06-01,857.286884501795,861.9334258812086,833.6359775364851,837.8643188476562,3431462.0,M_M,-0.023132309881439328,False
2018-06-04,843.811852606872,853.4301698685524,841.9532361914384,849.8523559570312,3364222.0,M_M,0.014307850137194711,False
2018-06-05,847.5289963045051,851.1533206216251,834.9833368197344,837.5853881835938,1836194.0,M_M,-0.0144342340024739,False
2018-06-06,838.6077097534674,852.2684943858018,833.4500040676813,849.6664428710938,2102493.0,M_M,0.014423669345162926,False
2018-06-07,854.0341593274261,862.3514783167647,851.2462349770645,855.2422485351562,2668799.0,M_M,0.006562346566520105,False
2018-06-08,852.1756336870402,852.7797067153562,839.2582268022866,847.203857421875,1335422.0,M_M,-0.009398964009377786,False
2018-06-11,847.7148233323735,854.9634148533419,845.67033425711,852.0360717773438,1747134.0,M_M,0.0057037209086532314,False
2018-06-12,854.9634553987713,860.9110499506011,849.4340608376971,852.7330932617188,2032546.0,M_M,0.000818065698698689,False
2018-06-13,853.1048982565621,856.2645687160705,850.0846467104469,852.7796630859375,1353228.0,M_M,5.4612427483835546e-05,False
2018-06-14,849.4805194652596,859.6100005381658,845.2521789148136,856.8685302734375,1385264.0,M_M,0.004794752225567578,False
2018-06-15,857.3332776538264,859.0525318743336,839.0258945756699,845.1593627929688,2619109.0,M_M,-0.013665068872038333,False
2018-06-18,850.3170161523102,855.9393195051791,844.7411668660656,849.2947998046875,1496081.0,M_M,0.004893085486330717,False
2018-06-19,850.316964787632,850.3634188514502,823.3670281987344,828.3853149414062,1878313.0,M_M,-0.02461981972348093,False
2018-06-20,832.6601579598439,844.6017457959676,829.3611251513072,840.4663696289062,2671370.0,M_M,0.014583859068475258,False
2018-06-21,845.4845425611549,845.4845425611549,812.3082302999176,821.1366577148438,4202520.0,M_M,-0.022998792828078596,False
2018-06-22,820.3931714282405,848.1795060385975,819.6961903599586,843.9976196289062,4589148.0,M_M,0.0278406300574654,False
2018-06-25,847.5290770926075,849.8523475890237,837.3066869083765,841.5814819335938,2984963.0,M_M,-0.0028627304616982707,False
2018-06-26,841.0238949918004,850.3169767044169,828.1064887230756,834.5187377929688,2106484.0,M_M,-0.008392228550939351,False
2018-06-27,836.3772051184608,842.2318342101981,822.9486930921892,829.5468139648438,2168303.0,M_M,-0.0059578336626378015,False
2018-06-28,829.5469374862691,852.8260951509607,828.0600104234873,843.5794677734375,4493297.0,M_M,0.01691604810284808,False
2018-06-29,844.74109984439,850.2240405623701,831.591366966106,834.2399291992188,2441612.0,M_M,-0.011071320404312024,False
2018-07-02,842.8824669367959,843.5329939665074,816.5366043574431,823.9710693359375,2180118.0,M_M,-0.012309240428156287,False
2018-07-03,824.203427517473,834.9833794555338,816.9083244493254,830.9873657226562,1406654.0,M_M,0.008515221769100911,False
2018-07-04,831.730705437859,838.8863887728693,822.9022789555577,836.4701538085938,1457165.0,M_M,0.006597919910815264,False
2018-07-05,837.8641856690573,851.2462454028788,837.8641856690573,847.854248046875,1935437.0,M_M,0.013609683724455035,False
2018-07-06,850.2704566067533,861.4686078566983,839.0257945754818,859.5635375976562,2998570.0,M_M,0.01381049818144442,False
2018-07-09,865.1859664487571,873.5497405605066,862.0262957627957,866.812255859375,2472960.0,M_M,0.008433022045092553,False
2018-07-10,871.1335566319813,871.2264647667005,860.9111661120519,864.7677612304688,1617650.0,M_M,-0.002358636042679496,False
2018-07-11,863.2808426665232,873.270905572725,860.9575722232205,865.1859130859375,2732003.0,M_M,0.00048354237312664416,False
2018-07-12,872.2123815527735,872.2123815527735,852.5384180591019,857.97216796875,2173358.0,M_M,-0.008337797701140959,False
2018-07-13,860.5016592986256,867.4344119248108,845.0435456585304,849.44677734375,2296504.0,M_M,-0.00993667503828688,False
2018-07-16,847.8540808580431,857.8784444104876,838.4855274783962,843.4976806640625,1901810.0,M_M,-0.007003495496551881,False
2018-07-17,845.9803618915929,866.872224287245,844.2003138944596,864.2022094726562,1791101.0,M_M,0.02454604118448045,False
2018-07-18,868.0900467020211,871.0879949207141,843.1697200701676,845.4650268554688,1442856.0,M_M,-0.02168147964886724,False
2018-07-19,848.7909505119198,864.155401186126,848.7909505119198,855.3489379882812,2040980.0,M_M,0.011690502645122614,False
2018-07-20,855.3489180122243,857.4100111785966,846.9172200252473,852.3041381835938,1667834.0,M_M,-0.0035597165898734184,False
2018-07-23,852.5382599376213,855.3488256297234,846.9171285534172,852.9130249023438,1179253.0,M_M,0.000714400753758726,False
2018-07-24,856.1453502298023,866.4976489404803,853.6627175376307,862.2817993164062,1982289.0,M_M,0.010984442892210788,False
2018-07-25,866.49752377077,866.5911864319937,851.3204558802793,852.6320190429688,1433236.0,M_M,-0.011190982206846556,False
2018-07-26,856.6606018432958,859.0027403466063,848.7909935997262,855.9110717773438,2785063.0,M_M,0.0038458006046449,False
2018-07-27,857.2225937483522,858.0657863851386,845.7929477288191,852.3977661132812,1658854.0,M_M,-0.004104755482093436,False
2018-07-30,858.1594967498494,875.9597483199882,854.4589066977296,874.3202514648438,2458481.0,M_M,0.02571860957768979,False
2018-07-31,875.9597684452908,882.3303735068521,866.169618420562,876.8497924804688,2011316.0,M_M,0.002893151578482911,False
2018-08-01,880.1755994082331,883.8293581377213,867.6217148731267,871.041259765625,2000884.0,M_M,-0.006624318970769538,False
2018-08-02,867.2938581439271,867.2938581439271,852.5852174094492,853.7562866210938,1652795.0,M_M,-0.019844034884389017,False
2018-08-03,856.33265034688,866.5912282143977,856.33265034688,862.5159301757812,1575164.0,M_M,0.010260121877819994,False
2018-08-06,863.7337762225513,876.7091995698485,862.422155898292,873.52392578125,1702042.0,M_M,0.012762657732275473,False
2018-08-07,881.5339863300323,884.3913834951456,864.9984677810113,868.46484375,5202007.0,M_M,-0.005791578091836835,False
2018-08-08,877.739790521997,879.660332531907,865.6543337690107,869.6828002929688,2056171.0,M_M,0.0014024246942565544,False
2018-08-09,870.3386335332716,880.6440425417387,868.9333504866624,874.2734375,2452570.0,M_M,0.0052785190249649006,False
2018-08-10,873.1491792886319,892.5420963163508,870.4791644347114,886.2183227539062,3163115.0,M_M,0.013662642305664496,False
2018-08-13,884.3914731616684,905.3770564142214,879.3324312690183,894.2284545898438,4285645.0,M_M,0.00903855362756012,False
2018-08-14,898.3505818920491,901.1611478291215,888.1388361149083,890.4341430664062,1801054.0,M_M,-0.0042431120414053725,False
2018-08-15,898.3505818920491,901.1611478291215,888.1388361149083,890.4341430664062,1801054.0,M_M,0.0,False
2018-08-16,885.3282481931669,904.2995677973062,884.3913929040735,891.18359375,1832039.0,M_M,0.0008416688526933225,False
2018-08-17,894.2752211385107,907.6254092524806,890.1530920997053,900.786376953125,2246030.0,M_M,0.010775314166991734,False
2018-08-20,906.5481340812656,920.2261997983394,901.3485409615906,908.328125,1877608.0,M_M,0.00837240464535527,False
2018-08-21,911.5601575137828,914.9797020459636,895.1651906520241,897.3199462890625,1557070.0,M_M,-0.01211916531918189,False
2018-08-22,911.5601575137828,914.9797020459636,895.1651906520241,897.3199462890625,1557070.0,M_M,0.0,False
2018-08-23,899.3811107245318,908.7496639612456,894.0410239433827,902.2853393554688,1978510.0,M_M,0.005533581513417873,False
2018-08-24,905.189609149424,910.998123489622,900.4585012848264,907.156982421875,1634893.0,M_M,0.005399226668014068,False
2018-08-27,912.7781575553682,921.7720032386836,906.6885977704504,914.7924194335938,1635797.0,M_M,0.008416886117476707,False
2018-08-28,919.991891817193,925.28514706109,912.5907121775848,918.5866088867188,1460036.0,M_M,0.00414759608029347,False
2018-08-29,919.382959320811,930.2973468364016,913.8555471578418,921.72509765625,1795568.0,M_M,0.0034166498174135196,False
2018-08-30,922.7556686677068,928.9857223031888,916.1508500278014,920.8819580078124,1831626.0,M_M,-0.0009147409033143372,False
2018-08-31,919.991930941056,925.6130629019996,898.5848095955748,904.346435546875,2243187.0,M_M,-0.017956180286895274,False
2018-09-03,913.3403537746984,913.387185108549,882.5177881935803,887.9515380859375,2189450.0,M_M,-0.018129001029371206,False
2018-09-04,892.0736191206446,895.3526126376531,869.4953723091493,872.9149169921875,2067396.0,M_M,-0.016934056025357913,False
2018-09-05,871.2754692397663,885.3282993887948,856.6605487572216,870.71337890625,2133045.0,M_M,-0.0025220534591428034,False
2018-09-06,875.9597341623416,884.1103869752617,868.9333191824298,875.9129028320312,2144816.0,M_M,0.0059715677417437885,False
2018-09-07,880.7376904285615,915.9166545166628,876.0065823539128,912.216064453125,3132025.0,M_M,0.041446086139063754,False
2018-09-10,909.3587071853392,914.5114118303926,875.5850246305984,878.161376953125,2151834.0,M_M,-0.03733182173284333,False
2018-09-11,883.4546636578899,900.3180612674785,877.1777208892086,883.59521484375,3909701.0,M_M,0.00618774411313594,False
2018-09-12,888.5604875514164,890.9494573098731,854.7868628824647,878.910888671875,2787531.0,M_M,-0.005301439044917533,False
2018-09-13,888.5604875514164,890.9494573098731,854.7868628824647,878.910888671875,2787531.0,M_M,0.0,False
2018-09-14,881.768239172561,894.5094486600979,869.4485688343997,891.7926025390625,2803861.0,M_M,0.014656450424289424,False
2018-09-17,887.8109466796922,896.0084305432636,877.4586498842373,890.808837890625,1978897.0,M_M,-0.0011031316537462033,False
2018-09-18,889.4972988198932,900.3179663760154,881.0187695738023,886.7803955078125,2227889.0,M_M,-0.004522229923483501,False
2018-09-19,887.2020076442849,904.674382620812,878.9576920823345,888.9820556640625,2083160.0,M_M,0.0024827569118610615,False
2018-09-20,887.2020076442849,904.674382620812,878.9576920823345,888.9820556640625,2083160.0,M_M,0.0,False
2018-09-21,902.191704305754,915.0266340690677,815.0641565379085,899.2874755859375,4633394.0,M_M,0.011592382384115751,False
2018-09-24,894.6968734782506,897.6948220821491,829.1169979353422,839.46923828125,4569708.0,M_M,-0.06651736950490994,False
2018-09-25,839.4223211786114,843.1697422553016,810.6140216515553,836.6117553710938,4269089.0,M_M,-0.0034039161649409566,False
2018-09-26,845.9803741922842,859.8926531545629,829.3980231954821,836.939697265625,2357565.0,M_M,0.0003919881503287037,False
2018-09-27,831.9275750008295,838.9071589975886,811.785184389886,822.0437622070312,2588148.0,M_M,-0.01779809836629853,False
2018-09-28,822.0437457392277,825.3227394939265,786.5369047801861,806.5856323242188,4188699.0,M_M,-0.01880450967879177,False
2018-10-01,806.1640708002071,809.8646610623,787.848559186873,794.07861328125,3060818.0,M_M,-0.015506126741842818,False
2018-10-02,806.1640708002071,809.8646610623,787.848559186873,794.07861328125,3060818.0,M_M,0.0,False
2018-10-03,792.111146981389,792.111146981389,737.3051125657636,741.6146240234375,6680994.0,M_M,-0.06606901178338442,False
2018-10-04,730.8876876729314,749.4842425692367,717.1159032794998,744.5189208984375,5036305.0,M_M,0.003916180696712068,False
2018-10-05,741.0525901693226,745.5026531317806,705.3584238060521,720.95703125,5157618.0,M_M,-0.031647133453646226,False
2018-10-08,720.2075078207081,731.6371538525887,705.7330820809676,725.9223022460938,3874262.0,M_M,0.006887055373445694,False
2018-10-09,726.5780292027556,733.0423528687096,712.2909875939046,716.5068359375,2933355.0,M_M,-0.012970349966464956,False
2018-10-10,719.5049552624512,725.6881780992912,703.4847506153822,715.8511962890625,7578601.0,M_M,-0.0009150500952019858,False
2018-10-11,699.8309732906521,708.7310994569991,669.8516009408518,684.0449829101562,6199047.0,M_M,-0.044431319726485174,False
2018-10-12,691.8676674817394,726.9060800140584,689.1039327969442,719.9733276367188,4477653.0,M_M,0.052523365603401206,False
2018-10-15,726.0629529150848,726.4845492917104,691.3993022597839,701.7047119140625,5282462.0,M_M,-0.025374017371757596,False
2018-10-16,706.0142184335754,730.7472242817107,702.7352244784652,728.5924682617188,4357854.0,M_M,0.03831776513843499,False
2018-10-17,739.3662769190508,740.8183913210165,703.7657724989451,711.447998046875,2634539.0,M_M,-0.023530946258265795,False
2018-10-18,739.3662769190508,740.8183913210165,703.7657724989451,711.447998046875,2634539.0,M_M,0.0,False
2018-10-19,700.8614229854951,710.1363132740511,685.8717382725863,694.3971557617188,2985488.0,M_M,-0.02396639295066627,False
2018-10-22,699.830935736531,701.7046464078471,684.841250366003,687.4176025390625,1842855.0,M_M,-0.010051241086954099,False
2018-10-23,684.3728640099616,688.0266229120297,670.9758433375707,683.8576049804688,2967082.0,M_M,-0.00517879895051343,False
2018-10-24,694.0224461189555,701.8920540932686,679.829121583184,689.759765625,3729119.0,M_M,0.00863068656624777,False
2018-10-25,682.030684359029,697.4887973973861,678.283263016397,687.4176025390625,3966709.0,M_M,-0.00339562149412298,False
2018-10-26,684.8413234319258,694.9593507003052,677.0654347525749,682.2181396484375,1813847.0,M_M,-0.007563761636914967,False
2018-10-29,682.0307053660774,705.311538301801,682.0307053660774,702.173095703125,1954444.0,M_M,0.02925011062439764,False
2018-10-30,703.5783412782085,714.5863912249714,690.4623668735549,699.1751098632812,2756355.0,M_M,-0.0042695823269071065,False
2018-10-31,701.7047010098153,720.5354718493811,688.7292764737358,717.5844116210938,3093083.0,M_M,0.026330030200034216,False
2018-11-01,721.8470189567021,729.5292439626126,703.5783403458576,708.3094482421875,4171044.0,M_M,-0.012925257612485197,False
2018-11-02,716.7412336661832,745.6432579250651,716.7412336661832,734.0730590820312,4117317.0,M_M,0.03637338299493442,False
2018-11-05,734.494537217828,735.1035160203626,721.3785633389382,726.4844360351562,2168486.0,M_M,-0.010337694529158559,False
2018-11-06,730.7471756735077,732.6208863803629,720.3012156103451,729.2482299804688,1839552.0,M_M,0.0038043402008667293,False
2018-11-07,738.2419667837592,743.863098510539,734.1666691542872,742.8325805664062,731279.0,M_M,0.01862788283531569,False
2018-11-08,738.2419667837592,743.863098510539,734.1666691542872,742.8325805664062,731279.0,M_M,0.0,False
2018-11-09,749.4842423766112,755.0117115365825,741.0525446498742,745.0341796875,3085813.0,M_M,0.002963789121116722,False
2018-11-12,747.6105349068091,756.6980428199685,728.9670914270399,731.59033203125,2101138.0,M_M,-0.018044605231251176,False
2018-11-13,726.5313031054345,743.6757440829189,724.9854689497871,740.1625366210938,3010295.0,M_M,0.011717219616671493,False
2018-11-14,743.0199456566984,747.0484693547784,717.1627612016885,721.0038452148438,4237768.0,M_M,-0.02588443815828767,False
2018-11-15,725.1260243395304,726.8123524947954,707.3257730960536,718.099609375,4315301.0,M_M,-0.004028044869827774,False
2018-11-16,719.1769544252817,727.4681005025461,711.7757750892588,719.1300659179688,2373384.0,M_M,0.0014349771668384914,False
2018-11-19,726.3439384473784,734.1198263843455,721.4722792110853,732.0119018554688,2681651.0,M_M,0.017913082136339797,False
2018-11-20,730.7471214974,742.3641498910843,724.5170109865493,733.1829223632812,2902880.0,M_M,0.0015997287815188166,False
2018-11-21,738.0546062294208,738.0546062294208,716.4132713104505,720.535400390625,1851514.0,M_M,-0.017250158980639196,False
2018-11-22,721.4722596314157,724.1423316041986,696.1771659713661,698.9877319335938,2578750.0,M_M,-0.02990507953578625,False
2018-11-23,721.4722596314157,724.1423316041986,696.1771659713661,698.9877319335938,2578750.0,M_M,0.0,False
2018-11-26,700.767795962556,707.3257833579275,692.5703117183416,700.6741333007812,2676798.0,M_M,0.0024126337132162057,False
2018-11-27,699.8309429690098,706.2952677243011,691.4929075230385,704.281005859375,2179714.0,M_M,0.0051477175867793434,False
2018-11-28,707.0448170379525,711.2606665479668,698.472566828476,701.1426391601562,2007876.0,M_M,-0.004456128552536076,False
2018-11-29,708.2627227157581,731.028298795398,704.5153009024472,724.3766479492188,5038807.0,M_M,0.03313734965098214,False
2018-11-30,728.8735264243093,745.7369242079051,727.6556257983842,740.958984375,5214780.0,M_M,0.022891870510634904,False
2018-12-03,749.4843028450539,750.2337757116761,708.824756543264,712.9937744140625,5839713.0,M_M,-0.037741913588545284,False
2018-12-04,713.8837889946265,713.8837889946265,691.8676878904615,693.5540161132812,7101096.0,M_M,-0.027264976214914083,False
2018-12-05,693.5540162763992,693.5540162763992,669.9452496080299,672.708984375,4837874.0,M_M,-0.030055383220326637,False
2018-12-06,672.1938262161423,676.4096759972889,661.8884156400063,666.0574340820312,3970063.0,M_M,-0.009887708425878383,False
2018-12-07,680.9064319500501,680.9064319500501,664.7925090853141,675.5663452148438,2716587.0,M_M,0.014276413183373249,False
2018-12-10,665.1673581350274,679.6886173619188,655.7988037950975,665.6826171875,3150111.0,M_M,-0.014630284793420989,False
2018-12-11,655.7050702818957,683.8107302651556,650.1776009460767,676.7374267578125,4383980.0,M_M,0.01660672711722433,False
2018-12-12,679.2201344155449,705.4520844343522,675.7069268237403,703.3909912109375,3460143.0,M_M,0.039385385526584216,False
2018-12-13,707.325876759313,716.7880940925196,699.1283914326323,711.2606811523438,3510371.0,M_M,0.011188215430308679,False
2018-12-14,705.545682533567,715.7574278717192,704.1403996254419,709.4336547851562,1760631.0,M_M,-0.0025687155435436537,False
2018-12-17,712.010121337588,714.8206876060258,703.1099948208681,708.590576171875,2022203.0,M_M,-0.001188382602932192,False
2018-12-18,707.8878523449235,723.2523023660772,704.8899610851856,722.2686157226562,3600834.0,M_M,0.01930316322392578,False
2018-12-19,726.0628921390713,737.3051562754183,718.6617120435313,733.2298583984375,3361238.0,M_M,0.015176130371958862,False
2018-12-20,730.4661465124809,746.6737330457582,729.3419086275067,745.2216186523438,2707144.0,M_M,0.016354708031256937,False
2018-12-21,744.8000708996979,762.6003241664831,728.592483308796,731.8246459960938,6125095.0,M_M,-0.0179771658805028,False
2018-12-24,733.464094785966,742.4578834991249,726.0629144628666,738.8510131835938,2034516.0,M_M,0.00960116228107677,False
2018-12-25,733.464094785966,742.4578834991249,726.0629144628666,738.8510131835938,2034516.0,M_M,0.0,False
2018-12-26,736.0404564312588,743.3947483343958,723.2523575477676,737.9609985351562,1683700.0,M_M,-0.0012045928510032722,False
2018-12-27,744.3315900361539,751.3580052976657,738.3356928072183,745.4089965820312,3156130.0,M_M,0.01009267164749783,False
2018-12-28,748.8752549303788,756.0422207879874,746.6736678662031,752.81005859375,1820270.0,M_M,0.009928860592849365,False
2018-12-31,757.822352013866,758.852870076091,750.6085540349443,753.0911865234375,2232551.0,M_M,0.0003734380624678124,False
2019-01-01,754.1684586150295,754.9647626864667,722.5964259920675,724.5169677734375,3442903.0,M_M,-0.037942574898412684,False
2019-01-02,724.0017780944507,724.0017780944507,688.6823211803477,694.8656005859375,10596260.0,M_M,-0.040925704305619814,False
2019-01-03,696.4584058426967,697.8168005811282,670.9759246502298,672.9432983398438,11084172.0,M_M,-0.03154898188600508,False
2019-01-04,674.5358594172556,682.3117474715374,667.5094442149925,679.7822265625,5919404.0,M_M,0.010162710943890652,False
2019-01-07,688.1670646915311,689.4318536837079,677.8616561592253,683.4827880859375,2792255.0,M_M,0.005443745627405461,False
2019-01-08,674.5358603045885,686.902362513062,672.1937219007532,677.72119140625,4764487.0,M_M,-0.008429761188021412,False
2019-01-09,682.9674477480481,683.8574716333233,674.676302016141,680.4379272460938,2569424.0,M_M,0.004008633453244315,False
2019-01-10,682.0306239645896,688.4480595731325,677.1589652143355,686.9022827148438,2550750.0,M_M,0.009500286815158798,False
2019-01-11,688.5887232626363,688.5887232626363,675.7069614328931,681.9370727539062,2215240.0,M_M,-0.007228408007778797,False
2019-01-14,679.2201192870676,680.5317396312391,669.195755745505,678.7985229492188,1713221.0,M_M,-0.004602403843529057,False
2019-01-15,681.5622123627045,683.9043505495179,677.674240100151,681.0001220703125,2138402.0,M_M,0.0032433764168022794,False
2019-01-16,681.3747998401343,686.2464584902108,678.7984479481916,680.39111328125,1288969.0,M_M,-0.0008942858735635495,False
2019-01-17,682.967547642148,693.2729564543066,681.9838609644826,688.2608032226562,3318440.0,M_M,0.011566420824419499,False
2019-01-18,688.1202127639255,691.3055436328257,682.030653358935,688.5418090820312,1601885.0,M_M,0.00040828397906622627,False
2019-01-21,691.3992838418969,691.3992838418969,681.4217509790493,684.1854858398438,1341152.0,M_M,-0.006326882673973522,False
2019-01-22,681.7497210001959,681.7497210001959,660.6236420823346,663.7620849609375,5097285.0,M_M,-0.02985067836368427,False
2019-01-23,663.762133835099,664.9332032314206,649.802963758496,651.910888671875,4714919.0,M_M,-0.017854584583209432,False
2019-01-24,654.8618304262491,655.8455170185649,642.7295433047344,653.2691650390625,3891245.0,M_M,0.0020835307260393954,False
2019-01-25,657.672461330411,659.0777443674418,637.99849881198,640.3406372070312,3421228.0,M_M,-0.019790506767999982,False
2019-01-28,640.3406258277788,640.3406258277788,625.3509403658264,630.5504760742188,5762442.0,M_M,-0.015288989272200793,False
2019-01-29,629.5199290895772,634.1573742520943,619.8234424441123,627.3651733398438,4860919.0,M_M,-0.005051622122635657,False
2019-01-30,629.4731621254115,637.061667944659,627.9741591862842,635.7969360351562,2738163.0,M_M,0.013439959777214128,False
2019-01-31,635.1878566199294,639.87213284869,630.2693665797309,637.1083984375,3496189.0,M_M,0.0020627063894362863,False
2019-02-01,645.4933036881937,670.226306556818,637.5768649425883,644.9312133789062,8005192.0,M_M,0.012278624737315669,False
2019-02-04,644.5565005268236,644.9312655507384,628.0209802208044,631.8621215820312,2652101.0,M_M,-0.02026431893163272,False
2019-02-05,632.6115451081781,648.8659617879398,630.1757441860552,641.6522216796875,3550741.0,M_M,0.015494044924142969,False
2019-02-06,644.4628171183689,654.159247103091,638.9821790208676,651.2081298828125,2221744.0,M_M,0.01489265973101439,False
2019-02-07,651.114498082735,664.1368109168359,649.3344499637319,656.6419677734375,2710457.0,M_M,0.008344241481756054,False
2019-02-08,657.6724982788282,662.0757301451234,635.703227462778,639.029052734375,10858152.0,M_M,-0.026822706898837034,False
2019-02-11,627.1310304572818,630.8784520741616,604.4591182389357,606.6607055664062,7931599.0,M_M,-0.05065238744540035,False
2019-02-12,606.1454325578472,616.2634592539655,603.3348664099747,607.7380981445312,3357448.0,M_M,0.001775939282434802,False
2019-02-13,606.1454325578472,616.2634592539655,603.3348664099747,607.7380981445312,3357448.0,M_M,0.0,False
2019-02-14,600.2432417967862,601.8359073482155,592.3736338844957,594.341064453125,3530468.0,M_M,-0.022044090591503807,False
2019-02-15,594.9031062620584,596.6831541768607,579.7260392015132,587.9235229492188,5765467.0,M_M,-0.01079774205036843,False
2019-02-18,590.2188618853678,590.2188618853678,576.728122169829,585.2535400390625,4750172.0,M_M,-0.004541377927460233,False
2019-02-19,587.4082355783453,601.461064180698,585.7687389080708,592.6546020507812,3526711.0,M_M,0.01264590729553694,False
2019-02-20,596.7769013985727,597.0579465878118,588.4857538198776,593.5447387695312,2369483.0,M_M,0.0015019485475515904,False
2019-02-21,593.5445857158766,595.7930610122224,585.5344853919353,594.153564453125,2813880.0,M_M,0.0010257452283308766,False
2019-02-22,594.903130992249,607.644340531607,592.3267788501565,605.7706298828125,4053346.0,M_M,0.019552294431457673,False
2019-02-25,608.8622825670392,612.6565350972169,601.742147975747,609.6117553710938,1863303.0,M_M,0.006340890922731379,False
2019-02-26,604.0842688479419,614.5770593461713,599.5873749718744,610.173828125,3862642.0,M_M,0.0009220175775057626,False
2019-02-27,613.1718171909001,620.1982322083666,606.2859533462279,614.7176513671875,3193418.0,M_M,0.007446768498986955,False
2019-02-28,621.8377753125795,621.8377753125795,601.9295979485233,605.1149291992188,3955320.0,M_M,-0.015621354204831128,False
2019-03-01,608.9559108606784,610.8296213556342,600.5242136333767,608.6748657226562,3957539.0,M_M,0.005883075018738193,False
2019-03-04,608.9559108606784,610.8296213556342,600.5242136333767,608.6748657226562,3957539.0,M_M,0.0,False
2019-03-05,608.8154600111304,616.3571917408085,601.5079993130274,615.27978515625,6039244.0,M_M,0.010851309632691875,False
2019-03-06,618.3244632120776,622.8681882889965,612.7033317283315,617.2939453125,7495708.0,M_M,0.0032735679033213394,False
2019-03-07,619.9171786417542,634.7194813083692,612.8907637195213,629.37939453125,8703088.0,M_M,0.01957811073723037,False
2019-03-08,629.5668388444241,636.7806369757398,624.3204713931673,627.8336791992188,3877059.0,M_M,-0.0024559357129613213,False
2019-03-11,629.5199277623581,640.6684714792613,629.0983314428163,638.0452880859375,4027884.0,M_M,0.016264831316063377,False
2019-03-12,643.5259132767659,649.334370254993,640.2000312952578,644.4627685546875,3876498.0,M_M,0.01005803285218465,False
2019-03-13,644.9312639779902,645.8681193543783,638.2327251643699,640.9964599609375,1808059.0,M_M,-0.005378601779469361,False
2019-03-14,639.8721471471338,644.5564234805681,634.3915667094586,642.5890502929688,1901877.0,M_M,0.0024845540209821326,False
2019-03-15,644.7905556703736,652.9880382161284,643.6194867352657,650.7395629882812,5208071.0,M_M,0.012683864892494734,False
2019-03-18,652.0513419660938,659.7335674886988,638.9821980292575,640.9964599609375,2600716.0,M_M,-0.014972353890091106,False
2019-03-19,642.6828326898407,649.9902936952799,632.47108550789,645.8681640625,2331409.0,M_M,0.007600204378444442,False
2019-03-20,645.4933182421371,650.5054713531404,633.4547502010671,635.75,2369729.0,M_M,-0.015665989787849166,False
2019-03-21,645.4933182421371,650.5054713531404,633.4547502010671,635.75,2369729.0,M_M,0.0,False
2019-03-22,635.843837322738,641.2775877697342,627.6931830616828,635.9375,2770303.0,M_M,0.0002949272512779988,False
2019-03-25,629.5667855594085,632.3773515663701,621.5098525452297,622.634033203125,2337486.0,M_M,-0.02091945638820636,False
2019-03-26,622.6809708425261,629.9416002666865,619.2614257251525,627.318359375,2434715.0,M_M,0.007523402066180962,False
2019-03-27,629.6136016462832,630.1757491427323,616.9660549211677,618.371337890625,2426853.0,M_M,-0.014262330044491178,False
2019-03-28,617.4344408036186,620.9008166633092,612.328568257152,614.5302124023438,3910004.0,M_M,-0.00621168099637992,False
2019-03-29,617.4344408036186,620.9008166633092,612.328568257152,614.5302124023438,3910004.0,M_M,0.0,False
2019-04-01,635.328479420938,645.4933371111283,617.3876765692795,619.167724609375,5458057.0,M_M,0.007546434843133554,False
2019-04-02,623.0087526023927,628.5362215505563,619.6829278405113,626.3814086914062,3802792.0,M_M,0.011650613872973281,False
2019-04-03,630.3162259914122,634.0168158132451,615.4202612288835,616.8723754882812,2745080.0,M_M,-0.015180899482618138,False
2019-04-04,619.2613877023147,620.8540532370153,610.0802166884878,612.0944213867188,3684739.0,M_M,-0.007745449936513271,False
2019-04-05,615.9823734329605,621.1350776974186,612.7033798101234,616.63818359375,2694077.0,M_M,0.00742330275897185,False
2019-04-08,618.6992849967536,626.1472391517557,616.7318544881153,624.8825073242188,3413270.0,M_M,0.013369791151143229,False
2019-04-09,625.6320627063458,627.5057736202199,618.7461979703061,625.6788940429688,2401571.0,M_M,0.0012744583332315873,False
2019-04-10,630.1288943597849,632.3773701037102,621.2287684101772,627.9273071289062,2499060.0,M_M,0.00359355750584589,False
2019-04-11,627.0372469271593,636.827396343207,627.0372469271593,630.2694091796875,4863931.0,M_M,0.0037298936105998326,False
2019-04-12,631.4405012982345,636.5932056856831,625.3977728985498,635.3753051757812,3302657.0,M_M,0.008101132502589925,False
2019-04-15,637.0616218323607,642.6827537897052,630.7846797104373,640.0595703125,2408677.0,M_M,0.007372438145707871,False
2019-04-16,643.8538423055874,651.5828989793176,641.5585352511055,644.650146484375,3002929.0,M_M,0.0071721076987156795,False
2019-04-17,643.8538423055874,651.5828989793176,641.5585352511055,644.650146484375,3002929.0,M_M,0.0,False
2019-04-18,646.0554179615666,648.2570623136791,638.232698764748,641.4180297851562,2996875.0,M_M,-0.005013753144779698,False
2019-04-19,646.0554179615666,648.2570623136791,638.232698764748,641.4180297851562,2996875.0,M_M,0.0,False
2019-04-22,637.9984957834624,642.4485587129359,628.5362795848166,630.87841796875,1483513.0,M_M,-0.016431736133043384,False
2019-04-23,628.6299161835806,633.173641587575,621.8377151517907,623.71142578125,3248237.0,M_M,-0.01136033819412574,False
2019-04-24,625.8192877115769,626.9435254131479,620.4323701901073,625.9598388671875,2247998.0,M_M,0.0036048932134298273,False
2019-04-25,629.3794067372138,630.5036445827964,622.0719465125954,623.1493530273438,3169504.0,M_M,-0.004489882042480464,False
2019-04-26,624.5077465062053,626.1941318623785,610.3612537506609,617.8092651367188,3632433.0,M_M,-0.008569515260959726,False
2019-04-29,624.5077465062053,626.1941318623785,610.3612537506609,617.8092651367188,3632433.0,M_M,0.0,False
2019-04-30,618.0435364270134,620.3856749937512,599.5874730848955,604.5527954101562,5042085.0,M_M,-0.02145722065794675,False
2019-05-01,618.0435364270134,620.3856749937512,599.5874730848955,604.5527954101562,5042085.0,M_M,0.0,False
2019-05-02,605.208591867309,618.9803777624323,595.0905649255649,605.1149291992188,3007579.0,M_M,0.0009298340745924616,False
2019-05-03,604.3185986444819,611.2981832069769,602.2575052112384,605.021240234375,2330580.0,M_M,-0.0001548283810609563,False
2019-05-06,599.5874119028974,604.2716885583889,594.9967979080712,598.18212890625,1498420.0,M_M,-0.011303919388806372,False
2019-05-07,601.2269453372595,602.3043519060636,594.1536985930442,595.8400268554688,3160875.0,M_M,-0.003915366136169385,False
2019-05-08,595.418434881609,596.7768866406404,579.9134895299159,582.3961791992188,3853705.0,M_M,-0.022562847493142746,False
2019-05-09,581.6934964485503,588.2983150795072,577.1965451260073,585.9561767578125,1366143.0,M_M,0.006112673272494096,False
2019-05-10,586.7057129876988,591.9520805228065,579.9135111207753,589.0478515625,2093110.0,M_M,0.005276290151584817,False
2019-05-13,589.0008725794559,589.0008725794559,576.1659449707167,578.6017456054688,1463136.0,M_M,-0.01773388346858762,False
2019-05-14,577.9461296691151,581.3656176327871,571.9970634619868,575.4634399414062,2756314.0,M_M,-0.005423947798115392,False
2019-05-15,578.9765886910415,588.7199069071538,568.6243488246164,571.1538696289062,2805369.0,M_M,-0.007488868993899556,False
2019-05-16,571.4817399754105,573.9644294231576,559.4900034252632,567.0316772460938,1940170.0,M_M,-0.0072173062321906345,False
2019-05-17,568.6711576811902,583.1924145906769,568.6711576811902,580.5223999023438,2599966.0,M_M,0.023791832445358985,False
2019-05-20,594.9031229818456,620.6666440558625,592.3267708744439,612.000732421875,4938702.0,M_M,0.05422414798262154,False
2019-05-21,618.3244864271148,620.854007125993,594.3410140684459,598.7910766601562,2150188.0,M_M,-0.02158437900792065,False
2019-05-22,603.1943335884995,603.1943335884995,591.3899782806122,600.1027221679688,1458607.0,M_M,0.0021904894026283372,False
2019-05-23,608.9559380573812,613.6402145039765,594.9967713740838,599.1189575195312,3161573.0,M_M,-0.001639327088674869,False
2019-05-24,604.0373839751923,625.35083955555,597.5730602893678,623.4302978515625,3165620.0,M_M,0.04057848617023385,False
2019-05-27,625.5383665730683,639.8722428612629,623.0088455384184,636.4526977539062,2987573.0,M_M,0.020888301302039558,False
2019-05-28,637.0616070519159,639.1695314870142,625.1167019196924,628.2083129882812,5411769.0,M_M,-0.012953648864589828,False
2019-05-29,625.8193639122649,634.7194895966459,619.1208253931544,629.7073364257812,5418102.0,M_M,0.0023861884768276997,False
2019-05-30,618.3245098163106,625.3509247005869,614.9049650335186,619.9171752929688,5394745.0,M_M,-0.015547160667337079,False
2019-05-31,618.0434419148617,623.898787436298,604.3653204681215,606.1921997070312,4226041.0,M_M,-0.02214001504225327,False
2019-06-03,606.1922911658694,617.3877249281804,594.9500260685429,612.141357421875,4170532.0,M_M,0.009813979324905464,False
2019-06-04,613.4528217580494,617.7623903255621,606.8948348424112,609.6585693359375,1640476.0,M_M,-0.004055906459896952,False
2019-06-05,613.4528217580494,617.7623903255621,606.8948348424112,609.6585693359375,1640476.0,M_M,0.0,False
2019-06-06,612.9844254550025,614.1086632770865,591.4835843891706,594.0599365234375,3846513.0,M_M,-0.02558585017428794,False
2019-06-07,599.5873395996916,604.9274257792223,590.2656187431318,603.381591796875,2173168.0,M_M,0.015691439028845844,False
2019-06-10,602.7728074670777,608.3939400557748,597.9011477873165,606.0986328125,2306052.0,M_M,0.004503022718233218,False
2019-06-11,607.0354199314039,607.0354199314039,595.8399873492331,596.6362915039062,2274832.0,M_M,-0.015611883604959353,False
2019-06-12,593.0294411112608,598.5569105912201,589.7036160294028,592.2799682617188,1734002.0,M_M,-0.0073014721099294855,False
2019-06-13,592.092576542448,602.1169401448163,588.4388178337443,600.5711059570312,2141936.0,M_M,0.013998679914240864,False
2019-06-14,599.6342921030783,600.5243161763805,593.4042379521959,597.0111083984375,1338649.0,M_M,-0.005927687035360729,False
2019-06-17,600.5243376530725,601.4143617582048,582.9582981351394,585.5814819335938,2647789.0,M_M,-0.019144746729261475,False
2019-06-18,584.5976378157002,590.0313864745614,580.9438797069108,586.377685546875,2252507.0,M_M,0.0013596803140909497,False
2019-06-19,590.0783072071357,592.4204455340373,569.6080411024607,576.3065795898438,2316163.0,M_M,-0.017175118025916314,False
2019-06-20,575.9786906186027,591.1089282571281,572.6528653724989,587.5488891601562,2283701.0,M_M,0.01950751556283392,False
2019-06-21,587.40829867995,593.4510270643154,582.9582358111625,587.8298950195312,2713987.0,M_M,0.0004782680463861766,False
2019-06-24,586.4714265854287,596.7768350398053,586.4714265854287,594.7625732421875,2166403.0,M_M,0.01179368092945654,False
2019-06-25,594.9031289874033,603.9438057098138,594.9031289874033,601.1332397460938,3352119.0,M_M,0.01071127671867167,False
2019-06-26,599.5874611499612,606.6138767103123,599.5874611499612,602.866455078125,2124949.0,M_M,0.002883246537428663,False
2019-06-27,604.271780291258,619.0740853334864,604.271780291258,616.3572387695312,3744033.0,M_M,0.02237773154861955,False
2019-06-28,618.1370960029802,620.6197853421011,610.3612086945135,613.9680786132812,3503838.0,M_M,-0.003876258776516761,False
2019-07-01,615.7950638589647,621.5567476367296,613.1250487508986,618.3245849609375,3547891.0,M_M,0.007095656108858206,False
2019-07-02,619.261319513661,626.2877338803061,614.8580884076753,624.1798095703125,2275170.0,M_M,0.009469499922512226,False
2019-07-03,626.7093113153271,632.3772739642674,621.4160564459991,626.9903564453125,2615478.0,M_M,0.0045027840245821515,False
2019-07-04,629.0983575854578,631.6278784267148,623.2898430710079,629.7073364257812,1777421.0,M_M,0.0043333680534936025,False
2019-07-05,629.5667622714603,632.6583733285358,598.1821096879872,601.5079345703125,3039710.0,M_M,-0.04478175848407384,False
2019-07-08,599.9153120467685,604.4590948903914,586.6588428977857,595.699462890625,3903971.0,M_M,-0.009656517139440157,False
2019-07-09,592.0925419130734,598.1821012840148,590.2188313373991,592.7483520507812,1260744.0,M_M,-0.0049540263567193765,False
2019-07-10,590.2188988753586,595.933693912658,580.0071521969737,582.3961791992188,2081711.0,M_M,-0.017464701193594556,False
2019-07-11,585.9092674532917,595.5120332942795,584.222882341211,594.1067504882812,1399434.0,M_M,0.02010756888062737,False
2019-07-12,594.0598760848701,596.7767791134014,588.8135096903811,591.9988403320312,1806912.0,M_M,-0.0035480326633514636,False
2019-07-15,592.1393478177752,597.7136479772958,585.9561260559699,591.9519653320312,2223638.0,M_M,-7.918089835057263e-05,False
2019-07-16,585.2534666295198,588.2514147659466,579.7728292907933,583.567138671875,3177195.0,M_M,-0.014164707866884285,False
2019-07-17,583.6608564004143,586.8930186465583,576.4470590985692,578.9297485351562,1881478.0,M_M,-0.007946626582286398,False
2019-07-18,583.1569852346124,585.5792741002173,565.2034409768403,567.4832763671875,4915489.0,M_M,-0.019771780940487704,False
2019-07-19,571.0453794180725,571.3778287787018,541.4552990920366,542.690185546875,6294798.0,M_M,-0.04368955324820922,False
2019-07-22,542.6902427573934,547.8198430073157,531.8611704211168,536.6107788085938,4198301.0,M_M,-0.011202352465900844,False
2019-07-23,537.7507099509576,538.6056627658458,528.0140114618043,531.1012573242188,4805198.0,M_M,-0.010267258321958184,False
2019-07-24,529.1063607510654,529.9613134302605,518.6572225674715,522.4569091796875,3041526.0,M_M,-0.016276271285974753,False
2019-07-25,522.45689722919,525.3066621231674,514.7625552068971,520.1295776367188,4763735.0,M_M,-0.004454590420907456,False
2019-07-26,518.5621944793695,538.0355861470788,517.7072418976359,536.1832275390625,5063750.0,M_M,0.03086471254967993,False
2019-07-29,535.7558461448491,536.7057678578719,524.4992970369773,525.44921875,2984154.0,M_M,-0.020019292357071117,False
2019-07-30,524.1667808302443,533.1910369521122,520.1296136178297,521.26953125,3186153.0,M_M,-0.007954503215254816,False
2019-07-31,519.2271523678573,526.0665998655693,514.6200555419922,522.4569091796875,2986522.0,M_M,0.0022778579189928205,False
2019-08-01,518.6572401071139,524.1667742854218,512.2927532206985,521.0795288085938,2737518.0,M_M,-0.002636352102714845,False
2019-08-02,517.6123994470468,535.613370737195,515.0001145604568,528.583984375,5848740.0,M_M,0.01440174704917796,False
2019-08-05,522.8843121890199,526.494002368672,515.1899130911895,518.1347045898438,3152495.0,M_M,-0.01976843811776008,False
2019-08-06,515.8074421676772,524.5942171953955,515.8074421676772,521.9344482421875,2811436.0,M_M,0.007333505396732054,False
2019-08-07,523.8818019667617,523.8818019667617,489.2096609481093,492.3443908691406,8411409.0,M_M,-0.05669305306960026,False
2019-08-08,492.5343733537164,514.382571207401,490.4920186237735,512.5302124023438,5648169.0,M_M,0.04099939373244177,False
2019-08-09,513.8126355129738,520.8420208241209,503.4584665010347,518.229736328125,4313483.0,M_M,0.011120366737145781,False
2019-08-12,513.8126355129738,520.8420208241209,503.4584665010347,518.229736328125,4313483.0,M_M,0.0,False
2019-08-13,517.7073226818018,517.7073226818018,484.69754385025567,486.7398986816406,3618940.0,M_M,-0.06076424303553685,False
2019-08-14,490.0645858268309,499.5162595412879,477.3830974417123,497.3314514160156,4641413.0,M_M,0.021760190120149847,False
2019-08-15,490.0645858268309,499.5162595412879,477.3830974417123,497.3314514160156,4641413.0,M_M,0.0,False
2019-08-16,498.4238585070322,505.2633053948479,489.7320529652189,501.41607666015625,3120580.0,M_M,0.008213084518404745,False
2019-08-19,500.6087264153432,508.9205411328656,492.0594312773202,494.4817199707031,2998027.0,M_M,-0.013829545984328284,False
2019-08-20,496.7140406531905,508.2080691184421,491.5844406893341,501.3686218261719,3175896.0,M_M,0.013927515573026295,False
2019-08-21,501.8435943831674,508.7780108087312,492.1543819905775,494.814208984375,2709407.0,M_M,-0.013073041583502532,False
2019-08-22,495.4315963932763,497.52143549849137,484.3175311227412,486.16986083984375,2516270.0,M_M,-0.017469886651545696,False
2019-08-23,485.4099295643424,509.4429340507684,483.74756679186174,506.5456848144531,2807785.0,M_M,0.04191091553764914,False
2019-08-26,525.021661718157,525.021661718157,502.41354001749073,517.0422973632812,4036331.0,M_M,0.020721946437413763,False
2019-08-27,519.6072013884796,531.0062624792689,517.2323969945652,526.3041381835938,4144339.0,M_M,0.0179131201983751,False
2019-08-28,528.8213976490151,531.8611585448473,507.9706056978585,512.6727294921875,3322911.0,M_M,-0.02590024987918893,False
2019-08-29,509.1580283425071,516.9473978345155,497.99644843014806,501.55865478515625,4399017.0,M_M,-0.02167869299004832,False
2019-08-30,504.0284510484945,506.2133174290396,493.0568665690749,502.318603515625,2929342.0,M_M,0.0015151741939221086,False
2019-09-02,504.0284510484945,506.2133174290396,493.0568665690749,502.318603515625,2929342.0,M_M,0.0,False
2019-09-03,492.67687628837183,495.7641215839758,487.30979589072194,489.6371154785156,3379359.0,M_M,-0.02524590558333739,False
2019-09-04,490.1595782648226,493.7217845022122,477.9530790935055,480.3753967285156,3431149.0,M_M,-0.018915475271821802,False
2019-09-05,481.4677980417454,493.4843012147531,481.3253155909407,491.1094970703125,2329699.0,M_M,0.022345233363113337,False
2019-09-06,493.436819391348,504.40840300216894,488.829664539092,502.9835205078125,2670087.0,M_M,0.0241779552387682,False
2019-09-09,497.42649984571386,509.87045038513867,495.8591059171726,505.8807678222656,3061953.0,M_M,0.005760123734328326,False
2019-09-10,497.42649984571386,509.87045038513867,495.8591059171726,505.8807678222656,3061953.0,M_M,0.0,False
2019-09-11,506.4982933288613,520.7946042014107,506.4982933288613,518.4197998046875,3224627.0,M_M,0.024786536235406498,False
2019-09-12,518.752184471363,524.3092608531624,513.1951660681792,516.3773803710938,3726538.0,M_M,-0.003939701829218767,False
2019-09-13,514.8575122236394,525.1166540080187,514.3825514190052,523.644287109375,4358612.0,M_M,0.014072860304335855,False
2019-09-16,517.7073132153188,522.9318824312531,508.8255687396774,510.0604553222656,2441611.0,M_M,-0.025940952897805736,False
2019-09-17,510.5828849977004,512.4827282907152,493.9592561838218,495.8116149902344,2445056.0,M_M,-0.027935591131111215,False
2019-09-18,498.7088603358115,504.7408395503317,492.24940478813744,500.6087036132813,2401637.0,M_M,0.009675224375575331,False
2019-09-19,502.5085322284556,502.9360085491364,487.3097864521696,493.2942810058594,2336366.0,M_M,-0.01461105760772452,False
2019-09-20,498.1863753188902,545.2549771705567,492.67684184912594,540.410400390625,14378491.0,M_M,0.09551320823888898,False
2019-09-23,547.3923061674675,572.0427825702108,524.356708033739,536.7056884765625,9599883.0,M_M,-0.006855367534349122,False
2019-09-24,535.6607960303357,546.584894075463,526.8264790544307,530.7686767578125,3615703.0,M_M,-0.011061950425012568,False
2019-09-25,530.7212461963895,530.7212461963895,501.5586394651005,507.9231262207031,5044376.0,M_M,-0.04304238651885195,False
2019-09-26,510.96289239384754,541.2178745641711,509.1580180191236,538.55810546875,6270296.0,M_M,0.06031420438756574,False
2019-09-27,534.6158604923528,539.3654684533343,521.649465546041,527.3014526367188,4326078.0,M_M,-0.0209014639603905,False
2019-09-30,529.8187796962821,530.5787053910246,513.2426359522848,519.7496337890625,3381186.0,M_M,-0.014321634825571028,False
2019-10-01,523.4068459582107,537.7506401423879,509.7279505674927,528.8214111328125,5664019.0,M_M,0.0174541293615067,False
2019-10-02,523.4068459582107,537.7506401423879,509.7279505674927,528.8214111328125,5664019.0,M_M,0.0,False
2019-10-03,530.056291615926,536.6582588151095,519.7021222262468,534.5209350585938,3797753.0,M_M,0.010777785856991073,False
2019-10-04,536.7531507284796,546.2048815793572,527.633927201381,535.9932250976562,4653685.0,M_M,0.0027544104309049633,False
2019-10-07,533.0009195171939,534.710824564979,519.132089093334,525.2590942382812,2367535.0,M_M,-0.020026616674901576,False
2019-10-08,533.0009195171939,534.710824564979,519.132089093334,525.2590942382812,2367535.0,M_M,0.0,False
2019-10-09,528.1563702633706,549.814569534564,523.3592781363765,547.67724609375,4863273.0,M_M,0.04268017841362459,False
2019-10-10,547.1549809939721,547.1549809939721,531.2437901404148,537.7032470703125,2156410.0,M_M,-0.01821145409011604,False
2019-10-11,540.0779978211909,545.5400478680597,526.3516169772482,532.0511474609375,3133395.0,M_M,-0.010511559378096669,False
2019-10-14,534.7109845211473,543.6876988143291,526.7791029990241,540.1730346679688,2630640.0,M_M,0.015265237648280028,False
2019-10-15,539.5554498198762,557.1764832842925,536.8956810291625,554.1842651367188,4967499.0,M_M,0.025938411526525762,False
2019-10-16,553.3293972578526,557.5090759822355,546.5374338253854,554.9917602539062,2279203.0,M_M,0.0014570877738440124,False
2019-10-17,551.9993257394455,566.4856277033002,549.7670335462929,563.58837890625,3744228.0,M_M,0.015489632942317533,False
2019-10-18,559.5037283088838,565.6782176705268,554.3741293400774,563.58837890625,2955289.0,M_M,0.0,False
2019-10-21,559.5037283088838,565.6782176705268,554.3741293400774,563.58837890625,2955289.0,M_M,0.0,False
2019-10-22,563.6835406563838,571.0929180667717,558.0314951393317,565.9633178710938,3494913.0,M_M,0.0042139601413584415,False
2019-10-23,567.0082714509371,569.6205560592695,557.7465351123041,562.2111206054688,2371317.0,M_M,-0.006629753461300458,False
2019-10-24,562.3535568512476,565.6782822718209,549.6245849067517,551.951904296875,2212393.0,M_M,-0.01824797826401081,False
2019-10-25,556.3691489588424,556.3691489588424,541.6928471594987,548.769775390625,2284548.0,M_M,-0.005765228603212602,False
2019-10-28,556.3691489588424,556.3691489588424,541.6928471594987,548.769775390625,2284548.0,M_M,0.0,False
2019-10-29,565.6309121057241,587.0516357631705,562.8286313748843,581.162109375,6543163.0,M_M,0.059027183050155196,False
2019-10-30,586.2917277126988,588.856528085993,574.7026705294383,585.6742553710938,4296705.0,M_M,0.0077640058140511226,False
2019-10-31,586.6716090835441,590.5188382881903,573.5152169462857,576.0800170898438,4595842.0,M_M,-0.01638152640868762,False
2019-11-01,578.5023008623887,579.2147421196083,551.9044939261869,560.21630859375,7558094.0,M_M,-0.02753733513658696,False
2019-11-04,561.4036738499547,564.7758839837874,552.7594103543706,557.0340576171875,3128961.0,M_M,-0.005680396889106154,False
2019-11-05,554.0893255529331,561.0237424865854,548.199799315821,551.0971069335938,2653917.0,M_M,-0.010658146665196933,False
2019-11-06,560.6912185798683,560.7387030636527,548.1997264780881,550.7645263671875,2763550.0,M_M,-0.0006034881370667877,False
2019-11-07,550.7646029883081,554.2793249565071,543.3552251501663,551.2870483398438,3279435.0,M_M,0.0009487211823586694,False
2019-11-08,549.0546856058055,566.6282352315968,547.9622525727569,550.9545288085938,8374614.0,M_M,-0.0006031694962748135,False
2019-11-11,552.5695045368763,557.5565938233486,541.4554082455842,546.2050170898438,3492576.0,M_M,-0.008620514888988295,False
2019-11-12,552.5695045368763,557.5565938233486,541.4554082455842,546.2050170898438,3492576.0,M_M,0.0,False
2019-11-13,545.2550871213912,551.8095704193518,543.3552436122574,545.9200439453125,3342543.0,M_M,-0.0005217329310697183,False
2019-11-14,546.3949931332362,550.6221564463491,539.3180646173894,549.4822387695312,2193683.0,M_M,0.006525121881356677,False
2019-11-15,554.516763391593,561.2611839176287,550.7170767901945,553.851806640625,3063043.0,M_M,0.007952154888352103,False
2019-11-18,551.0494951712849,553.4242991635393,543.1651575127227,544.9700317382812,3212994.0,M_M,-0.016036374343916915,False
2019-11-19,545.0175591055217,546.2049611950763,531.6236867267938,532.5736083984375,3208662.0,M_M,-0.022746981701549873,False
2019-11-20,534.093392118172,539.9829173308485,529.581264750344,532.383544921875,2876499.0,M_M,-0.00035687738476952724,False
2019-11-21,532.4310778899534,534.4734326022977,522.646896618118,524.166748046875,3346254.0,M_M,-0.01543397979403327,False
2019-11-22,526.9689790774614,527.2064594646076,512.1977105926886,518.6571655273438,2798026.0,M_M,-0.010511125591351922,False
2019-11-25,520.0821005319685,525.1641581402409,518.8946984759594,520.3670654296875,3054435.0,M_M,0.0032967825685108476,False
2019-11-26,522.4569070926118,525.2117030669103,510.0604411655013,511.6277770996094,4408905.0,M_M,-0.01679446857933209,False
2019-11-27,514.8574838459461,526.7315033073379,508.2080329475668,512.91015625,6630809.0,M_M,0.002506468975668863,False
2019-11-28,514.76263513569,516.0924908388678,509.3955538938897,514.8101196289062,2426425.0,M_M,0.0037042810631735534,False
2019-11-29,515.8074628091634,516.5673885435456,501.7961182853418,503.9809265136719,3328894.0,M_M,-0.02103531516249224,False
2019-12-02,498.70888911335794,510.5829102827236,497.2840065730341,507.4006958007813,4087250.0,M_M,0.006785513314493841,False
2019-12-03,510.34537132286255,510.34537132286255,495.8590671578116,496.7140197753906,3052238.0,M_M,-0.0210616109000894,False
2019-12-04,496.6190690014599,502.746075757574,493.1518894730632,499.2313537597656,2612985.0,M_M,0.005067974496699934,False
2019-12-05,499.2313002187292,504.5508961250323,495.8590900335725,498.4713745117188,2332044.0,M_M,-0.0015222987144604128,False
2019-12-06,501.3686533840822,501.46368033968446,482.6552135967239,484.6500549316406,3409528.0,M_M,-0.02772740880781155,False
2019-12-09,484.65003533722745,492.5343734025283,484.50752389889504,487.9272766113281,2566094.0,M_M,0.006762037157201473,False
2019-12-10,488.8296345723954,489.0671149735632,478.5230083531574,480.4228515625,2462096.0,M_M,-0.015380212192576348,False
2019-12-11,482.2277559362744,485.7899623905304,477.4781473305999,482.32275390625,2148791.0,M_M,0.0039546460739134925,False
2019-12-12,485.40996888089313,488.49721427984207,482.7501998252144,486.264892578125,2994158.0,M_M,0.008173238023601925,False
2019-12-13,488.7821849066144,496.6190387034161,488.02225916446633,490.3495788574219,4066433.0,M_M,0.008400125819571835,False
2019-12-16,490.15961032018896,493.7693012810863,482.1802736244666,483.36767578125,2346317.0,M_M,-0.014238623580427268,False
2019-12-17,484.3650544744297,487.0723370359236,479.7104440821871,480.5178833007813,3521314.0,M_M,-0.0058957034639577355,False
2019-12-18,481.51526785660326,498.6138861648699,481.13530500293234,496.4765625,10092679.0,M_M,0.03321141575334319,False
2019-12-19,498.23387467547286,511.8177418363933,498.23387467547286,508.5880432128906,10732682.0,M_M,0.02439486901839527,False
2019-12-20,506.7832385674107,512.6252803477804,502.0336299585315,504.0284423828125,4746509.0,M_M,-0.008965214363424456,False
2019-12-23,503.41101404386137,509.0630597268885,498.4239251432996,499.5638427734375,2963573.0,M_M,-0.008857832681561484,False
2019-12-24,502.5085616993113,505.9757989743168,499.8487926281953,501.0836791992188,2372038.0,M_M,0.003042326717129118,False
2019-12-25,502.5085616993113,505.9757989743168,499.8487926281953,501.0836791992188,2372038.0,M_M,0.0,False
2019-12-26,503.4584766844191,509.348002535696,500.6561962090372,501.8910827636719,4623580.0,M_M,0.0016113148321721393,False
2019-12-27,503.36353275824615,506.0707864157612,498.7563777193308,503.60101318359375,3017840.0,M_M,0.003406975096082787,False
2019-12-30,504.7408582970194,512.8151925261565,504.7408582970194,510.0129699707031,4697710.0,M_M,0.012732215820169257,False
2019-12-31,511.6753257463575,511.6753257463575,504.02840999454713,504.9308471679688,2502181.0,M_M,-0.00996469325677396,False
2020-01-01,506.2132720579284,511.057849296617,503.0309997333167,509.7279357910156,2611808.0,M_M,0.009500486353631432,False
2020-01-02,510.1079320042212,513.9076186485729,506.7832061904134,512.815185546875,2776519.0,M_M,0.0060566618760427016,False
2020-01-03,511.9602653473085,512.0077498322751,503.83844714513526,506.07073974609375,1930883.0,M_M,-0.013151805934898064,False
2020-01-06,503.363517459379,503.45848643518383,494.4342305462513,498.2339172363281,2059404.0,M_M,-0.015485626601722813,False
2020-01-07,502.41350746948746,505.3582409452064,496.8564318749368,500.2761840820313,2111349.0,M_M,0.004099012080573505,False
2020-01-08,494.8142280138585,500.0862817603586,493.0093536241724,498.3764343261719,1612378.0,M_M,-0.0037974019477767795,False
2020-01-09,503.3159508281575,515.2849981144243,499.37381086363945,514.1450805664062,2897598.0,M_M,0.03164003181963104,False
2020-01-10,516.8523078692426,520.1770333952717,512.2452114031901,519.2271118164062,2355888.0,M_M,0.00988443037206821,False
2020-01-13,521.4119825733441,529.1063242406955,519.2271165391908,527.1589965820312,3442869.0,M_M,0.015276330116655412,False
2020-01-14,527.1590356951157,535.5183346896702,527.1590356951157,534.3309326171875,2793249.0,M_M,0.01360488217341893,False
2020-01-15,533.8560022385093,542.4052976480227,528.8214287597419,541.2178955078125,2564513.0,M_M,0.012888946662496625,False
2020-01-16,540.7429285214821,541.2653738615278,535.8033240784825,539.0330810546875,2243200.0,M_M,-0.0040368481368766584,False
2020-01-17,538.4155402867882,545.2549872628107,536.84820446597,540.7903442382812,2646260.0,M_M,0.0032600284571688842,False
2020-01-20,540.5054407051325,545.2550491471811,536.0882816625798,538.7955932617188,1847978.0,M_M,-0.003688584675771489,False
2020-01-21,535.7557714825151,536.6107240965384,522.5518383201359,525.1166381835938,3101684.0,M_M,-0.025388023304564133,False
2020-01-22,525.7816789674121,528.6314441650675,521.507031170929,525.8766479492188,1862669.0,M_M,0.0014473161015311486,False
2020-01-23,525.7815741381598,538.9855067795052,522.0293724469623,538.1305541992188,2113303.0,M_M,0.0233018642257401,False
2020-01-24,537.7506601765443,543.3552214917712,535.850816744755,539.3180541992188,2284717.0,M_M,0.0022067135767214197,False
2020-01-27,536.7057147081854,553.3293430398548,534.8058714702803,549.3396606445312,3654906.0,M_M,0.018581996963169756,False
2020-01-28,552.1420154821404,560.2163503322018,540.0305132070483,543.8302001953125,3689004.0,M_M,-0.010029242095418,False
2020-01-29,548.5797193090619,551.6194799987915,543.4976619839642,548.8171997070312,1934080.0,M_M,0.009170140808523852,False
2020-01-30,549.0546914147925,558.1264312083625,535.6132774214103,539.4129638671875,2901951.0,M_M,-0.017135461215253334,False
2020-01-31,542.215225852172,548.1047512393747,536.9906571661814,538.748046875,2352196.0,M_M,-0.001232667801345677,False
2020-02-03,517.7072543345939,537.418126862012,508.3980345679694,530.72119140625,3818209.0,M_M,-0.014899089686374989,False
2020-02-04,533.8559113323946,549.8145817836196,530.8161507753492,548.009765625,2793702.0,M_M,0.032575624449705076,False
2020-02-05,551.1920145101468,560.3112387797911,548.4847611115813,555.086669921875,3320830.0,M_M,0.012913828805229066,False
2020-02-06,555.7042040664572,559.64640238077,547.2023931093745,551.0971069335938,2207104.0,M_M,-0.0071872794006073715,False
2020-02-07,550.0045264257249,552.3793300804128,533.1909049548134,540.6002807617188,4083215.0,M_M,-0.019047144395805793,False
2020-02-10,538.4155206957322,538.6055166006607,499.706217694891,501.9385681152344,9648880.0,M_M,-0.07151626446070114,False
2020-02-11,506.49826430491976,510.7729119740709,496.5240864102338,497.8064575195313,5404802.0,M_M,-0.008232303429519305,False
2020-02-12,500.2762503256765,507.5431160180989,497.6639658395488,504.4083862304688,3426829.0,M_M,0.013262039114224411,False
2020-02-13,503.8859250533347,511.0578215481106,501.8435704188997,506.8781433105469,3392352.0,M_M,0.004896344207389047,False
2020-02-14,508.4455299304503,510.06040822562494,494.576697938365,496.8089904785156,3507540.0,M_M,-0.01986503652784699,False
2020-02-17,497.8539348114612,499.0888793920356,490.1595923096754,496.5715637207031,2652464.0,M_M,-0.0004779035048939617,False
2020-02-18,494.4341626430555,498.6138406195704,488.3546415824175,496.99896240234375,2868873.0,M_M,0.0008606990670956272,False
2020-02-19,501.7011813752259,503.12606396024086,495.6691436448232,500.038818359375,1952880.0,M_M,0.006116423145709371,False
2020-02-20,499.5637787324045,506.3081987133135,496.8089829776041,498.5663146972656,2077458.0,M_M,-0.0029447787012629734,False
2020-02-21,499.5637787324045,506.3081987133135,496.8089829776041,498.5663146972656,2077458.0,M_M,0.0,False
2020-02-24,495.8590850268944,495.8590850268944,485.5049451795582,487.4997863769531,1911411.0,M_M,-0.022196702813811697,False
2020-02-25,489.7321063271456,493.4843085266813,480.7553639217374,483.462646484375,2105613.0,M_M,-0.008281316229042268,False
2020-02-26,482.27522062596535,486.78734834488137,474.9608125174733,477.8105773925781,3058370.0,M_M,-0.01169080824112756,False
2020-02-27,478.7604928523936,478.7604928523936,463.1342707260719,468.7863159179688,6039260.0,M_M,-0.018886692554725082,False
2020-02-28,460.7120364456212,460.7120364456212,430.8845000900967,434.1617126464844,8613275.0,M_M,-0.07386009807833904,False
2020-03-02,430.8369928365495,448.7905368829645,422.09773023724233,435.34912109375,9225488.0,M_M,0.0027349450969031963,False
2020-03-03,438.8638034360339,447.4130983081644,432.451832281936,442.9009704589844,4582866.0,M_M,0.017346651226173293,False
2020-03-04,442.71097798586527,453.1126317571458,434.5891593897153,450.88031005859375,5912943.0,M_M,0.01801608064064597,False
2020-03-05,449.0279647683988,458.337185119137,445.5132431520731,455.2974243164063,4081050.0,M_M,0.00979664482851006,False
2020-03-06,435.8715439771012,450.0253704095343,433.6392223576832,447.4130859375,4502562.0,M_M,-0.01731689651164625,False
2020-03-09,430.8369559624844,442.37852728717377,418.9154507621422,440.0037231445313,4540694.0,M_M,-0.016560451685142974,False
2020-03-10,430.8369559624844,442.37852728717377,418.9154507621422,440.0037231445313,4540694.0,M_M,0.0,False
2020-03-11,439.6712688863449,446.13072491296447,427.1798042086456,428.9846496582031,5104905.0,M_M,-0.02504313692524973,False
2020-03-12,406.47145427305816,414.1183406864389,379.6361685824681,402.1493225097656,9408350.0,M_M,-0.06255544847541461,False
2020-03-13,380.4436455585984,427.2272898626208,328.34043387087587,407.3739318847656,6230411.0,M_M,0.012991714973915158,False
2020-03-16,399.9170145395468,407.1364248754144,369.3295258222714,372.1792907714844,3156508.0,M_M,-0.08639394511683385,False
2020-03-17,372.3692934314222,387.5680401020925,351.4235322716282,354.70074462890625,4526913.0,M_M,-0.0469627047392861,False
2020-03-18,360.02027489607593,364.4849178691374,322.1184100650362,329.0528259277344,6595508.0,M_M,-0.07230861251223242,False
2020-03-19,315.1364741524282,315.1839586341971,286.8763080453152,298.4653625488281,10486153.0,M_M,-0.09295608780343301,False
2020-03-20,300.17527381863346,311.7643307959634,292.8133802360562,306.4447631835937,8819518.0,M_M,0.02673476267605479,False
2020-03-23,284.0265676637857,288.6811778577388,266.5480154515681,278.7070007324219,6001358.0,M_M,-0.0905147216842922,False
2020-03-24,284.97646856485244,294.38068622963146,251.1592551639622,255.5289001464844,6690908.0,M_M,-0.08316296513911414,False
2020-03-25,250.20932193785572,273.9098753976857,233.11073462106415,263.9356994628906,9393732.0,M_M,0.03289960279086612,False
2020-03-26,263.9357714427443,279.2770023379351,259.42364300361095,271.2026672363281,7557558.0,M_M,0.02753309911552626,False
2020-03-27,282.12672670425906,289.7260998141381,266.7379845610309,279.7519226074219,9505126.0,M_M,0.03152349295902712,False
2020-03-30,267.5929227647671,270.5851699671987,256.4788285965284,260.6584777832031,8942833.0,M_M,-0.06825134442780123,False
2020-03-31,269.63525620692224,272.81749941493115,263.8882130427732,270.68017578125,6236559.0,M_M,0.03844761959510179,False
2020-04-01,266.92798232004947,268.82782561058366,252.2041968184097,259.1861267089844,5980392.0,M_M,-0.04246357916345722,False
2020-04-02,266.92798232004947,268.82782561058366,252.2041968184097,259.1861267089844,5980392.0,M_M,0.0,False
2020-04-03,260.2785488288839,275.4772962057531,257.761262092452,266.6430358886719,6961905.0,M_M,0.0287704796331949,False
2020-04-06,260.2785488288839,275.4772962057531,257.761262092452,266.6430358886719,6961905.0,M_M,0.0,False
2020-04-07,280.7018623708564,307.58463488713,278.08957769566234,304.92486572265625,10795407.0,M_M,0.14356958435609668,False
2020-04-08,299.225312106288,332.85253185941883,297.13547293394964,310.0544128417969,8451195.0,M_M,0.016822331320812012,False
2020-04-09,318.9361925359956,372.0368067314688,315.75394922511657,362.3001098632813,11027315.0,M_M,0.16850492964324437,False
2020-04-10,318.9361925359956,372.0368067314688,315.75394922511657,362.3001098632813,11027315.0,M_M,0.0,False
2020-04-13,360.970227678707,360.970227678707,337.2221863840552,344.6790771484375,7717484.0,M_M,-0.04863656464662225,False
2020-04-14,360.970227678707,360.970227678707,337.2221863840552,344.6790771484375,7717484.0,M_M,0.0,False
2020-04-15,354.3682798493558,360.8752493153555,331.8076393941336,335.46484375,11300538.0,M_M,-0.026732790033754616,False
2020-04-16,325.9181263172234,342.39927286416975,325.823128353661,338.8370666503906,6155773.0,M_M,0.010052388389478306,False
2020-04-17,352.1834944104604,352.1834944104604,337.7446719852307,345.0115966796875,6178483.0,M_M,0.018222711258646607,False
2020-04-20,348.6212219328977,349.0486982421619,336.2722413194708,338.02960205078125,4834154.0,M_M,-0.0202369853538239,False
2020-04-21,331.5701145478941,331.5701145478941,307.2996298738288,315.42144775390625,8003757.0,M_M,-0.0668821729212894,False
2020-04-22,310.6244124110554,328.43544523279024,304.5449190057655,323.16339111328125,9071476.0,M_M,0.024544758812391487,False
2020-04-23,321.0735225101169,332.14010410054766,314.9465161801028,330.0977783203125,6738333.0,M_M,0.02145783649299715,False
2020-04-24,324.8731847152481,327.48546909526834,315.3739687879016,317.55877685546875,5754928.0,M_M,-0.03798571904557457,False
2020-04-27,320.6460258680013,326.15558856536137,311.71676858732906,313.75909423828125,5770537.0,M_M,-0.011965289244443844,False
2020-04-28,317.701307709331,321.07351797398536,312.0492622912845,319.1261901855469,4244512.0,M_M,0.017105786081820007,False
2020-04-29,320.12358558040927,334.1824139448942,319.4111443662095,330.5727233886719,7748491.0,M_M,0.03586836040147556,False
2020-04-30,337.8396194697448,349.5711573133111,337.22217621256914,348.28875732421875,7422465.0,M_M,0.05359194114366539,False
2020-05-01,337.8396194697448,349.5711573133111,337.22217621256914,348.28875732421875,7422465.0,M_M,0.0,False
2020-05-04,332.5200434495969,344.251580970954,324.0182625496353,339.16949462890625,7125034.0,M_M,-0.026183052147225827,False
2020-05-05,345.53400405552634,362.68007843424215,343.3491958317921,349.7136535644531,13401536.0,M_M,0.03108817008169762,False
2020-05-06,352.8958785779526,373.3191932197453,340.3094172289408,367.76214599609375,7015473.0,M_M,0.051609344524245815,False
2020-05-07,368.0946266210631,383.2458880093174,365.8148205379166,380.5860900878906,12971483.0,M_M,0.03487021225923859,False
2020-05-08,384.7183035068145,387.47307074640855,361.63521689213,367.3347473144531,9444781.0,M_M,-0.034818253001252075,False
2020-05-11,369.0445726393058,381.8685153178917,365.1024034656023,370.564453125,7658595.0,M_M,0.008792268725348995,False
2020-05-12,369.42453010278376,375.4090539920596,361.1602290023201,373.36669921875,4686856.0,M_M,0.007562101734579274,False
2020-05-13,394.2175017152055,397.9221905117756,384.0058435382453,392.3651428222656,7361621.0,M_M,0.050884140560121915,False
2020-05-14,381.39352425318623,387.0930538808802,376.16895542780014,380.3961181640625,4765875.0,M_M,-0.030504811340045235,False
2020-05-15,382.5809393547753,383.7208569150564,354.5107665732579,362.2051086425781,14226503.0,M_M,-0.04782122806426403,False
2020-05-18,362.96509648894926,364.2949811045065,348.85875309160366,358.3104858398437,7717665.0,M_M,-0.01075253415759414,False
2020-05-19,364.7699257511856,371.4193775226916,352.6109398218697,363.7250061035156,5950003.0,M_M,0.015111252608141834,False
2020-05-20,363.7250174792792,392.9826235825439,360.685285396535,384.7657775878906,10608175.0,M_M,0.05784802015615842,False
2020-05-21,380.1111412019457,391.5577144404579,377.8788195339116,387.8529968261719,6249309.0,M_M,0.008023632604841069,False
2020-05-22,383.7683306781216,408.7987709150139,378.7337577377205,404.99908447265625,10016203.0,M_M,0.04420769669640823,False
2020-05-25,383.7683306781216,408.7987709150139,378.7337577377205,404.99908447265625,10016203.0,M_M,0.0,False
2020-05-26,405.61657910566674,413.4059488949893,400.5344920473472,407.6589050292969,5895376.0,M_M,0.006567473010720359,False
2020-05-27,405.1415352352782,413.168383812801,394.2174375677384,410.841064453125,7591278.0,M_M,0.0078059362485884964,False
2020-05-28,407.9913492989792,421.7652132450448,402.6242977661325,418.3454895019531,7449375.0,M_M,0.01826600527096134,False
2020-05-29,412.26599983760326,427.4647463753951,409.5112328254902,414.4983215332031,9539035.0,M_M,-0.009196150228200417,False
2020-06-01,419.7228887691393,446.9381383681932,419.39041039225776,438.0088806152344,9668047.0,M_M,0.056720516973548074,False
2020-06-02,441.80858847346457,454.8700118486302,437.7714212484134,439.6712646484375,8520940.0,M_M,0.0037953203845275674,False
2020-06-03,446.4631542870214,467.9313883548544,443.1384286699904,460.8069763183594,9873294.0,M_M,0.048071623891140725,False
2020-06-04,460.99696080164,461.89939795635246,445.8932125069443,454.4900207519531,5829493.0,M_M,-0.01370846339366627,False
2020-06-05,455.0124528984955,464.9391453559913,451.5927292917936,459.9520568847656,6265829.0,M_M,0.012017945132822838,False
2020-06-08,461.1869767298365,469.403793483392,444.8008277111143,447.2706298828125,5955200.0,M_M,-0.02757119315400791,False
2020-06-09,450.0728700923274,458.62216501675215,440.0986926804985,454.7749938964844,7656301.0,M_M,0.01677812830151182,False
2020-06-10,452.3051764076974,459.47710207735446,445.3707601338402,448.4104919433594,4849036.0,M_M,-0.013994837092062506,False
2020-06-11,448.3630202184507,455.9623934424922,445.9882160859377,450.7853088378906,4331683.0,M_M,0.005296077895588613,False
2020-06-12,434.11419077852383,487.2148338048049,433.2592670978281,482.9876708984375,18368009.0,M_M,0.07143613917579406,False
2020-06-15,479.8529023655172,494.8616814120391,473.7259252868581,482.7026672363281,17605860.0,M_M,-0.0005900847563649059,False
2020-06-16,491.2044064734126,493.0092805957465,476.19565769647016,481.3727416992188,6712936.0,M_M,-0.0027551650889432455,False
2020-06-17,479.6154468904786,479.6154468904786,467.8364239433703,472.6810302734375,9273745.0,M_M,-0.018056093901578363,False
2020-06-18,472.01609444726046,483.41515502874864,467.3614838410148,481.2303466796875,7114752.0,M_M,0.018086861665052245,False
2020-06-19,481.2303048683036,481.2303048683036,471.5410926201556,475.00830078125,9811021.0,M_M,-0.012929454556154463,False
2020-06-22,476.623202537594,477.098163377193,469.35630748959113,473.7734375,5149581.0,M_M,-0.0025996667410211893,False
2020-06-23,474.96084247422607,493.8643071961477,472.68103622821167,490.5395812988281,9132472.0,M_M,0.035388526396286535,False
2020-06-24,493.9592424652638,501.22616605066975,486.88231479960587,489.5420837402344,7568963.0,M_M,-0.002033470073816712,False
2020-06-25,484.3650036525109,490.4919803969052,478.14302895307736,481.84771728515625,5248401.0,M_M,-0.01571747702728865,False
2020-06-26,489.2096820578368,489.44716248602015,473.72596973600207,476.2907409667969,4079405.0,M_M,-0.01153264012470312,False
2020-06-29,469.3562904883396,485.36247600090377,468.3588553677258,482.0377502441406,4459947.0,M_M,0.012066178875697275,False
2020-06-30,483.5101215934537,489.6846123407179,481.7052762498074,485.125,5487685.0,M_M,0.006404580874207033,False
2020-07-01,488.022237968111,495.2891616373304,469.49876616202215,473.9634094238281,8990865.0,M_M,-0.023007659007826642,False
2020-07-02,481.1352993078957,505.35830055636825,479.1404581131012,503.1734924316406,16513522.0,M_M,0.06162940519674631,False
2020-07-03,504.788363279106,508.6830186619161,497.9489161383491,503.9334106445313,7982179.0,M_M,0.001510250886266551,False
2020-07-06,506.9257663617535,544.8276094954928,506.9257663617535,541.9778442382812,16728066.0,M_M,0.07549496181467918,False
2020-07-07,536.7057854788644,539.5555507114955,524.0243533851046,531.9561767578125,9208254.0,M_M,-0.018490917270896245,False
2020-07-08,535.7557876275511,539.792954466943,521.5069634885205,523.644287109375,5172833.0,M_M,-0.01562513983594882,False
2020-07-09,526.2565940682715,536.0407754669584,520.6045486553891,532.2410888671875,4123902.0,M_M,0.016417254937065362,False
2020-07-10,527.4915022346222,540.4579564791657,524.3567722570699,527.0640258789062,5752443.0,M_M,-0.009726913416812755,False
2020-07-13,531.956113980318,532.431074796372,521.6969719492779,528.013916015625,3165043.0,M_M,0.001802229122229937,False
2020-07-14,525.3066548581778,526.2090919911797,511.057830585352,517.8972778320312,3097258.0,M_M,-0.019159794612864656,False
2020-07-15,522.4569148285857,531.6711665585588,515.5699827694816,522.5994262695312,5671780.0,M_M,0.009079307111216517,False
2020-07-16,521.8362336702365,548.0711448693801,517.5909363943613,544.6367797851562,11751032.0,M_M,0.042168728873152705,False
2020-07-17,545.6383761136753,564.0504991552207,539.4850862956065,561.7131958007812,9124092.0,M_M,0.03135376942842738,False
2020-07-20,561.8085910855771,570.1083144813224,555.3691143788121,566.6739501953125,5771917.0,M_M,0.008831472060148338,False
2020-07-21,565.576940585028,570.013048690037,558.5650878795258,561.2362670898438,3850519.0,M_M,-0.009595788025185459,False
2020-07-22,561.5224401415829,583.845986443597,555.2260851473421,564.7660522460938,11559026.0,M_M,0.006289303388308909,False
2020-07-23,563.7644079866568,580.9840381957588,557.611117118918,575.5939331054688,7605913.0,M_M,0.019172329527088472,False
2020-07-24,566.7694171501411,573.3043294927402,562.9534303436029,571.1578369140625,3531702.0,M_M,-0.0077069891398480195,False
2020-07-27,570.6331517019572,572.3980223131543,560.9500618668912,567.0556640625,3345182.0,M_M,-0.007182205314254841,False
2020-07-28,564.384365325388,597.0110606941101,561.6654983060492,591.811767578125,10289416.0,M_M,0.04365727226541982,False
2020-07-29,591.4779136177679,596.1525204195515,573.3519775552879,577.0248413085938,5182915.0,M_M,-0.02498586050433549,False
2020-07-30,578.1220117661628,586.5171712486525,568.8205437550736,570.8239135742188,4958267.0,M_M,-0.010746379168550813,False
2020-07-31,572.3026636086388,582.7488812566033,564.9091889254212,578.5513305664062,3962668.0,M_M,0.01353730425167754,False
2020-08-03,581.93797217537,591.9549372701919,566.8648363448194,569.6791381835938,5002825.0,M_M,-0.015335186204008089,False
2020-08-04,569.6791822657482,581.5563952153776,569.6791822657482,574.87841796875,4889709.0,M_M,0.009126681032649353,False
2020-08-05,578.0266432539083,591.4779738852004,575.4508404318435,585.9924926757812,3834812.0,M_M,0.019332913464209067,False
2020-08-06,589.569975329644,589.569975329644,577.6927044724381,581.6041259765625,3857553.0,M_M,-0.0074887763138064,False
2020-08-07,582.0334267998502,588.1390296360771,571.1578981712099,572.827392578125,7679198.0,M_M,-0.0150905624744333,False
2020-08-10,577.1679630369013,611.3210308570891,577.1679630369013,599.968505859375,12341769.0,M_M,0.04738096263011449,False
2020-08-11,601.0179332160685,611.1302751506731,593.7675814396356,600.588623046875,5128836.0,M_M,0.0010335828988419227,False
2020-08-12,599.1098850997224,618.7621924346716,595.627774100805,605.7401733398438,8891590.0,M_M,0.008577502295721517,False
2020-08-13,605.9310446537716,615.6140764997544,599.4915667443028,602.4012451171875,5773589.0,M_M,-0.005512145916039435,False
2020-08-14,604.8339755376621,608.5068399530652,579.6007483512293,586.183349609375,3622823.0,M_M,-0.026922081651171825,False
2020-08-17,599.1099010654923,602.9258876964826,585.5631368800093,594.9122924804688,5687622.0,M_M,0.01489114775592082,False
2020-08-18,596.2479113361586,603.641385436727,590.1423094331424,594.0060424804688,3989439.0,M_M,-0.0015233337946698455,False
2020-08-19,598.1558524191697,602.8304589267747,593.3858695450136,595.198486328125,2762486.0,M_M,0.0020074608040632214,False
2020-08-20,591.4779622743791,594.3399524144164,581.9379951409213,583.8936767578125,3165784.0,M_M,-0.018993343951618002,False
2020-08-21,591.4779706420693,592.3842791780371,580.0300099199646,581.7471923828125,4191258.0,M_M,-0.0036761562257683345,False
2020-08-24,584.8000143779134,587.3758172775748,573.3520532481664,574.2583618164062,3707968.0,M_M,-0.01287299821032617,False
2020-08-25,577.1679481028367,584.2275462961844,573.8289599733162,581.3178100585938,4248590.0,M_M,0.01229315707281664,False
2020-08-26,584.8000355453797,596.7249954871697,582.4150435570218,585.1339111328125,5814785.0,M_M,0.006564569342601301,False
2020-08-27,590.6671382149365,609.890138674991,587.2804030148268,607.4574584960938,7637436.0,M_M,0.03815117691617487,False
2020-08-28,612.7044181998439,617.2359028031125,600.3978367231884,602.3535766601562,7809917.0,M_M,-0.008402039952844387,False
2020-08-31,607.6959307886095,611.0349194193162,574.4014208657699,578.9806518554688,5012805.0,M_M,-0.038802666258383245,False
2020-09-01,581.9379503860671,592.9565999323364,577.1679671861813,579.6006469726562,5572232.0,M_M,0.0010708390948825919,False
2020-09-02,580.030010210035,616.186509466366,574.3537180370183,613.181396484375,7887097.0,M_M,0.05793773641750777,False
2020-09-03,611.0348481709715,625.821796097045,602.9258767276409,614.9939575195312,9194655.0,M_M,0.0029559948255906132,False
2020-09-04,600.063913272906,619.9070326227908,597.4881105847728,602.9259033203125,5889085.0,M_M,-0.01962304515623714,False
2020-09-07,603.211988178963,604.6906711400576,577.4540821292088,582.3671875,9387992.0,M_M,-0.03409824608147649,False
2020-09-08,582.8920325550264,595.7709890844746,577.4542392637909,580.6024169921875,6825892.0,M_M,-0.0030303398709469187,False
2020-09-09,578.8852184836073,588.6159970165452,569.9176839354811,585.6586303710938,6589023.0,M_M,0.008708564123966145,False
2020-09-10,591.000942973063,595.1985516539596,584.7045881790546,587.1372680664062,4699612.0,M_M,0.0025247432866746244,False
2020-09-11,586.6126138425644,593.2905909670748,583.9413764108887,585.9924926757812,2837723.0,M_M,-0.001949757668074814,False
2020-09-14,586.7079532688726,600.4455286363465,583.7505868766631,586.994140625,4918699.0,M_M,0.001709318739980814,False
2020-09-15,590.7624785028801,595.2939629968465,583.7983139786734,585.2293090820312,3805649.0,M_M,-0.0030065573415939406,False
2020-09-16,587.6619688034905,619.9070457060066,587.6619688034905,610.033203125,18993356.0,M_M,0.04238320545133867,False
2020-09-17,601.9718968946734,613.8968552325235,598.7760313510638,607.5050659179688,6363964.0,M_M,-0.0041442616468749804,False
2020-09-18,610.5578696114072,629.0654283249373,605.3585761075303,624.0569458007812,13518207.0,M_M,0.027245665610708736,False
2020-09-21,626.7758203121897,635.9341651719354,587.1372698054935,593.8152465820312,9301954.0,M_M,-0.048459839157697804,False
2020-09-22,593.8152314379455,595.5324137769375,575.2599847937418,587.4711303710938,5369370.0,M_M,-0.01068365328686638,False
2020-09-23,593.4336770869791,594.6738612382347,575.4985495182846,584.4183959960938,4116481.0,M_M,-0.005196398966995419,False
2020-09-24,577.1680190413564,578.5036377482555,541.3931418280491,548.6434936523438,8991885.0,M_M,-0.061214538400651386,False
2020-09-25,557.0387085753003,568.0573590552555,550.0744859314736,565.05224609375,5415792.0,M_M,0.02990785934992579,False
2020-09-28,567.6280389109165,589.5699631041116,565.8154218822826,586.9464721679688,5494528.0,M_M,0.038747259612850415,False
2020-09-29,586.946465266249,597.6789280606339,575.3553821573784,584.9907836914062,5747565.0,M_M,-0.003331970749119395,False
2020-09-30,587.6142933242588,594.3399585776228,577.6927041116422,579.9346313476562,4990827.0,M_M,-0.008643131626526968,False
2020-10-01,586.4217891063853,593.2905770617905,580.1731223032292,582.0811157226562,3842191.0,M_M,0.003701252277367839,False
2020-10-02,586.4217891063853,593.2905770617905,580.1731223032292,582.0811157226562,3842191.0,M_M,0.0,False
2020-10-05,586.7079622623752,587.900458120632,569.6313982812022,579.0759887695312,5977261.0,M_M,-0.005162728822415308,False
2020-10-06,583.4643425884494,603.8798947051177,580.9839745267246,598.5375366210938,9071955.0,M_M,0.03360793441447307,False
2020-10-07,600.9225636639152,607.6005407755374,596.2479563948438,602.5443115234375,6086867.0,M_M,0.006694275057439247,False
2020-10-08,604.9769897460938,611.4641552225936,598.7282652011561,604.9769897460938,4683786.0,M_M,0.004037343272738969,False
2020-10-09,604.9771094097875,617.6652555272778,599.3961930513268,604.07080078125,4972397.0,M_M,-0.0014978899697062342,False
2020-10-12,608.5545035059814,610.2716858789921,601.0179064672826,605.2155151367188,3247640.0,M_M,0.0018950003112023772,False
2020-10-13,605.1676965828882,612.4657935823951,595.6277309507636,599.0144653320312,3769222.0,M_M,-0.010246019227194925,False
2020-10-14,594.7215659380597,598.9191164807194,587.9481544331705,595.1508178710938,2776984.0,M_M,-0.006450006943982345,False
2020-10-15,592.384210549879,603.8798581310783,585.8492987916819,588.902099609375,3794955.0,M_M,-0.010499386162436841,False
2020-10-16,589.0929674604607,595.2462578753534,574.353706669626,578.7421264648438,4274910.0,M_M,-0.017252397556861254,False
2020-10-19,584.513781501303,586.2309638916452,567.8188394864881,569.96533203125,3646287.0,M_M,-0.015165293888670939,False
2020-10-20,569.9176340693629,580.983972152767,563.1442227745301,574.5444946289062,4377671.0,M_M,0.008034107234797805,False
2020-10-21,578.9806502531072,582.7012026377647,564.9568863974827,573.2089233398438,3684706.0,M_M,-0.0023245741653571406,False
2020-10-22,572.2072390304279,579.0283390841729,566.7694459097137,576.5479125976562,3818694.0,M_M,0.005825082481894395,False
2020-10-23,581.6995395050681,599.109980826868,577.5019303612038,596.39111328125,6421723.0,M_M,0.034417262208425115,False
2020-10-26,596.2002341225123,597.0587961942382,567.2464000786966,569.6791381835938,4800537.0,M_M,-0.04478935802830997,False
2020-10-27,572.7796273796101,577.1679887968834,566.197027026364,569.6791381835938,5712121.0,M_M,0.0,False
2020-10-28,571.4440105132206,584.7999640143644,566.8648381011528,576.3571166992188,6811118.0,M_M,0.011722350474194121,False
2020-10-29,570.6808634341296,576.3571557017016,563.0965776801362,564.7183837890625,3680773.0,M_M,-0.020193613599864824,False
2020-10-30,565.2906435535788,574.0674234512278,559.8051633959642,566.6739501953125,4209087.0,M_M,0.003462905516071313,False
2020-11-02,564.7659642443851,572.3025603689834,561.9039745607142,568.629638671875,4085120.0,M_M,0.003451170599757525,False
2020-11-03,571.7302238787354,577.5973270102747,566.6740528973413,568.3912353515625,3669816.0,M_M,-0.0004192593985591353,False
2020-11-04,570.299211536929,575.8801271284284,564.7660423619583,569.34521484375,2475177.0,M_M,0.001678385296700613,False
2020-11-05,575.5461748279415,579.4575960805055,571.6824999903698,574.4013671875,3794240.0,M_M,0.008880644311970887,False
2020-11-06,575.2599733697316,590.8101069413902,574.0197893843847,585.372314453125,5908936.0,M_M,0.019099793093013018,False
2020-11-09,592.4319576070296,593.3859543181521,582.128804772375,587.995849609375,3819808.0,M_M,0.0044818230918572954,False
2020-11-10,593.3859795470452,598.8237726771084,582.8920152785283,591.4302978515625,7876161.0,M_M,0.005840939599266015,False
2020-11-11,596.2480151766631,614.8986414459201,593.5291475183956,604.07080078125,7561527.0,M_M,0.02137276865186921,False
2020-11-12,603.927625568593,624.2954909362746,600.5409487816942,603.59375,6913788.0,M_M,-0.0007897266026317684,False
2020-11-13,604.786176990133,609.5561601539839,599.1575735658554,600.874755859375,4107823.0,M_M,-0.004504675770126809,False
2020-11-16,604.786176990133,609.5561601539839,599.1575735658554,600.874755859375,4107823.0,M_M,0.0,False
2020-11-17,609.603881404932,616.2818581965354,604.5000224337128,607.9343872070312,6173551.0,M_M,0.011748923180437965,False
2020-11-18,607.8866827608031,677.2899397031143,607.695871783536,673.2831420898438,32986476.0,M_M,0.10749310494350772,False
2020-11-19,666.8436427451755,694.8911668897686,660.4518536942829,671.5182495117188,15336768.0,M_M,-0.0026213229884931577,False
2020-11-20,677.3376346232085,685.4942944932743,665.3172998912521,682.6799926757812,6730897.0,M_M,0.01662165275802785,False
2020-11-23,683.4432232028917,687.5930853385589,666.8436582055535,672.9969482421875,4484068.0,M_M,-0.014183870242982843,False
2020-11-24,677.3376126704754,711.2044933039991,673.7601252796102,695.7974243164062,16121626.0,M_M,0.033879018521215665,False
2020-11-25,698.3256049830527,699.2319135202335,683.0616573331499,686.8299560546875,5423034.0,M_M,-0.01288804463530302,False
2020-11-26,688.7855939269475,702.9047329603153,686.8776005919698,694.986572265625,6798860.0,M_M,0.011875743244792458,False
2020-11-27,703.0001569173487,708.7718250227839,678.2916203126352,688.7855834960938,11302666.0,M_M,-0.00892245838551431,False
2020-11-30,703.0001569173487,708.7718250227839,678.2916203126352,688.7855834960938,11302666.0,M_M,0.0,False
2020-12-01,702.5231685155553,702.618544891273,675.4773280833392,700.7582397460938,5710611.0,M_M,0.01738226893372241,False
2020-12-02,700.2335728682524,723.1294935069964,696.9422726309655,718.931884765625,6337698.0,M_M,0.025934258048990078,False
2020-12-03,715.5451887619631,721.5553561213181,709.4873332147037,711.5383911132812,2957787.0,M_M,-0.01028399742592312,False
2020-12-04,714.638970843491,729.2828564806891,709.010424728778,716.0222778320312,5356456.0,M_M,0.006301679255471315,False
2020-12-07,715.4975306439408,721.0783880920283,709.8212385886978,717.6917114257812,3525945.0,M_M,0.002331538620285345,False
2020-12-08,718.693416429481,728.8535049398002,709.3442600796478,719.3135375976562,4333519.0,M_M,0.002259781109430703,False
2020-12-09,721.9846995248552,727.8518025907607,715.6883445207005,720.2675170898438,3213975.0,M_M,0.001326235976836454,False
2020-12-10,710.7276386977553,720.2199188063689,697.4193712672745,702.2847900390625,3814006.0,M_M,-0.024966733365178517,False
2020-12-11,704.9081583030007,712.3493206365486,688.880967766331,694.0802612304688,4197494.0,M_M,-0.01168262352390892,False
2020-12-14,697.9917187364024,703.4771998391311,677.3376665978017,678.95947265625,4183639.0,M_M,-0.021785360308925306,False
2020-12-15,677.337650695284,686.8776176064852,668.7516804752029,684.9219360351562,5495877.0,M_M,0.00878176624531024,False
2020-12-16,703.1909411128821,711.9200341695137,692.7924120661052,698.2778930664062,11262389.0,M_M,0.01949996974628143,False
2020-12-17,701.2829585058614,704.4788824220212,691.9814905797034,697.0377197265625,3630553.0,M_M,-0.001776045543125604,False
2020-12-18,692.6968933270213,704.0017877344602,689.3102171140742,699.8518676757812,6671658.0,M_M,0.004037296504302068,False
2020-12-21,695.4636538075678,696.4176505891968,629.8763750705715,654.3941040039062,9130116.0,M_M,-0.06495340767302793,False
2020-12-22,657.1129596756036,667.1776138945914,636.6020292409303,663.075439453125,7305751.0,M_M,0.01326621892847446,False
2020-12-23,661.1197371653747,682.1076653293549,656.5882526754244,678.7686767578125,4383472.0,M_M,0.023667348194393423,False
2020-12-24,679.7225993454668,689.3102538381362,667.8930178343458,678.1962280273438,3373695.0,M_M,-0.0008433635052269572,False
2020-12-25,679.7225993454668,689.3102538381362,667.8930178343458,678.1962280273438,3373695.0,M_M,0.0,False
2020-12-28,682.4892544299815,685.732808235364,674.7618463146217,678.2439575195312,2484872.0,M_M,7.0377112427078e-05,False
2020-12-29,681.6306637505377,684.015655576117,671.6136980831051,674.5233764648438,2808820.0,M_M,-0.005485608848318169,False
2020-12-30,677.3376942939032,690.9798362095657,671.9475893511914,687.5454711914062,3219036.0,M_M,0.019305624061260795,False
2020-12-31,686.6390773239056,692.1722461556582,680.6765983613847,687.449951171875,3723205.0,M_M,-0.00013892902147361053,False
2021-01-01,691.647656285871,710.4890924398654,689.7396627512893,698.7549438476562,9543128.0,M_M,0.016444822865300912,False
2021-01-04,701.187585623177,716.4515330653143,693.7941110808919,714.638916015625,4547027.0,M_M,0.022731820801874525,False
2021-01-05,713.5895145210237,713.5895145210237,696.4175743320151,706.0529174804688,3551554.0,M_M,-0.012014457011418234,False
2021-01-06,706.9116069783558,712.1109010233276,696.8469526945103,702.2369995117188,3601608.0,M_M,-0.0054045778641733655,False
2021-01-07,708.8195936455878,720.2675547811828,706.0529797468824,710.1552124023438,4063641.0,M_M,0.011275698797031053,False
2021-01-08,715.4975113816109,737.2486240821446,710.7275279724003,735.054443359375,5998381.0,M_M,0.0350616745778729,False
2021-01-11,737.4871318139939,754.9930060654226,728.0902876796966,752.7987670898438,6643610.0,M_M,0.024140148924714833,False
2021-01-12,753.6096439928716,760.0968093838787,741.6369980195524,743.9742431640625,5532160.0,M_M,-0.011722287962684819,False
2021-01-13,748.5058073332034,798.9722573893914,746.2639383198226,790.2431640625,19610461.0,M_M,0.06219156284451399,False
2021-01-14,790.7679270808817,805.0301318702961,789.2891855407822,791.721923828125,8576718.0,M_M,0.0018712718222362312,False
2021-01-15,789.9092695842312,799.4492366081953,777.8411880079814,781.9434204101562,4996951.0,M_M,-0.012350931714367408,False
2021-01-18,780.2738573534693,783.04041260998,760.4784275248868,771.7832641601562,3955069.0,M_M,-0.012993467282672033,False
2021-01-19,772.7373193522124,781.8956642906371,764.6760356715274,770.8770141601562,3991167.0,M_M,-0.0011742286236099408,False
2021-01-20,769.8752500627747,793.6774766884965,765.1052671007997,786.5701904296875,4502291.0,M_M,0.020357561558153936,False
2021-01-21,785.1392609690351,796.5872210317672,763.4835248715666,771.0678100585938,4455107.0,M_M,-0.01970883280311586,False
2021-01-22,770.829304151843,788.6690534057748,758.4273475256376,761.6709594726562,5588252.0,M_M,-0.012186801813479198,False
2021-01-25,765.2007101295762,775.5516089951794,748.1718927627921,757.998046875,3353172.0,M_M,-0.00482217754527392,False
2021-01-26,765.2007101295762,775.5516089951794,748.1718927627921,757.998046875,3353172.0,M_M,0.0,False
2021-01-27,760.3353215703288,779.4152543575391,728.2810577787492,734.5297241210938,6585102.0,M_M,-0.03096092773676551,False
2021-01-28,723.1295180376839,742.3048289321802,721.3169009680257,729.8074951171875,4622634.0,M_M,-0.006428914785656437,False
2021-01-29,737.0102046596799,763.1497398615109,711.6816016615633,715.115966796875,8761073.0,M_M,-0.020130689830684,False
2021-02-01,718.3595116051612,771.6402037500142,707.4362377978357,758.5704956054688,6592083.0,M_M,0.06076570909643353,False
2021-02-02,772.7373623934958,798.8768964616934,765.6777631992117,779.272216796875,5334431.0,M_M,0.027290438148247276,False
2021-02-03,783.2313449952088,819.3878457225869,780.3693546968098,794.8701171875,8802838.0,M_M,0.020015984215039362,False
2021-02-04,796.5872859789744,852.4437840270019,796.5872859789744,826.63818359375,14706560.0,M_M,0.0399663614461383,False
2021-02-05,839.421718824304,841.1389012372068,802.5020349238741,825.6841430664062,15668083.0,M_M,-0.0011541210486988307,False
2021-02-08,850.0110522016242,908.2525385773793,850.0110522016242,885.6905517578125,21179625.0,M_M,0.07267477424061441,False
2021-02-09,886.7399751290262,895.8029442131852,844.4779309399426,853.8270874023438,9210613.0,M_M,-0.03597584313418489,False
2021-02-10,857.6429966575049,874.8149365238398,845.3364164623641,872.0960693359375,6465767.0,M_M,0.021396582754448223,False
2021-02-11,874.2902914130747,877.7246562580589,860.8389029443207,872.143798828125,3640848.0,M_M,5.472962654651248e-05,False
2021-02-12,873.8610104756362,876.2936905078024,863.3670463760379,866.7537231445312,2484145.0,M_M,-0.006180260286017369,False
2021-02-15,868.9956051982625,877.6769517562208,856.9275238206798,869.90185546875,4178613.0,M_M,0.0036320955308937197,False
2021-02-16,872.9069578538267,879.3464354117649,860.6003774521663,870.2357788085938,4223635.0,M_M,0.0003838632343919901,False
2021-02-17,863.3670349188866,877.8201085733814,862.985412938484,872.8593139648438,3903522.0,M_M,0.0030147406256288978,False
2021-02-18,872.8592382680538,872.8592382680538,850.6311281797579,853.3023071289062,4616205.0,M_M,-0.02240568041498292,False
2021-02-19,849.0570389414363,863.9871101643184,823.1560059794232,838.8015747070312,5171996.0,M_M,-0.016993663676669768,False
2021-02-22,839.517055939878,841.9020475760708,794.7745895539665,798.590576171875,5960870.0,M_M,-0.04793863024065115,False
2021-02-23,803.3606110914642,817.5274972576246,781.418686627867,802.2635498046875,7348084.0,M_M,0.00459932003007002,False
2021-02-24,802.4066525300459,816.5258511772508,801.3572793836944,810.515625,3184114.0,M_M,0.010285990429605762,False
2021-02-25,813.8545505515146,826.7335058285901,803.312898803524,819.483154296875,6134649.0,M_M,0.011063980779981941,False
2021-02-26,809.0369069784135,817.2413137091278,761.7663811345666,769.302978515625,12073749.0,M_M,-0.06123393204379546,False
2021-03-01,783.2313077835037,813.4730154785902,778.6521351690923,781.7526245117188,9223619.0,M_M,0.016183020661268532,False
2021-03-02,794.631575589668,828.0691488127329,782.3249946723682,820.48486328125,9706013.0,M_M,0.04954539013376946,False
2021-03-03,827.0674177934814,828.0691026431472,808.0828609281249,812.8528442382812,5028771.0,M_M,-0.009301840149063878,False
2021-03-04,803.1221105371203,818.8153681307634,796.3964453476557,806.36572265625,4574138.0,M_M,-0.007980683869182159,False
2021-03-05,801.3572696108116,821.1527021636977,799.7831516831397,801.7388916015625,5179108.0,M_M,-0.005737881614618079,False
2021-03-08,808.9414571666769,817.9089905867828,801.3571722835268,811.8511352539062,3474579.0,M_M,0.01261288900697255,False
2021-03-09,813.7591724664393,825.8749420138103,803.2652089293574,812.80517578125,3536262.0,M_M,0.0011751421977692633,False
2021-03-10,817.0028369424333,834.7471531352872,809.9432377278387,824.0623779296875,3971353.0,M_M,0.01384981602463009,False
2021-03-11,817.0028369424333,834.7471531352872,809.9432377278387,824.0623779296875,3971353.0,M_M,0.0,False
2021-03-12,829.5001872491296,835.8919772207269,805.3163925449363,816.430419921875,4012449.0,M_M,-0.009261383861482009,False
2021-03-15,822.3451899397527,822.3451899397527,786.0933138171185,805.5548706054688,3069303.0,M_M,-0.013320852642221381,False
2021-03-16,812.8051424066789,817.0981273137564,801.3571826544721,804.0760498046875,2996797.0,M_M,-0.0018357791067289408,False
2021-03-17,808.6076627995593,812.185150792527,795.3471422420322,798.4476318359375,2034583.0,M_M,-0.006999857749919514,False
2021-03-18,803.2652032857144,820.9618300261735,795.6332298578216,806.747314453125,5033325.0,M_M,0.010394773916610367,False
2021-03-19,801.309567746238,820.43719060261,782.8020078300805,811.1834106445312,7538327.0,M_M,0.00549874305365794,False
2021-03-22,810.7063954469027,819.8170524149112,793.8683883908601,813.806884765625,2906300.0,M_M,0.0032341318703859034,False
2021-03-23,820.3894728076277,825.2071444912712,802.7882220686759,805.7933349609375,3925212.0,M_M,-0.009846991902747737,False
2021-03-24,797.779794355008,806.1272660448212,771.4017605242616,774.072998046875,4066262.0,M_M,-0.03936535031727484,False
2021-03-25,774.4544845685724,776.5532888867064,751.8447518584677,755.2791748046875,4501404.0,M_M,-0.024279135546140584,False
2021-03-26,763.0542688776122,777.1734672055547,755.7085405645691,762.5772705078125,4170972.0,M_M,0.009662778938678285,False
2021-03-29,763.0542688776122,777.1734672055547,755.7085405645691,762.5772705078125,4170972.0,M_M,0.0,False
2021-03-30,768.4920834380923,768.4920834380923,746.9794680037589,758.4274291992188,5670999.0,M_M,-0.005441863361374866,False
2021-03-31,758.5227707553794,768.68285914076,753.7527871429638,758.6658935546875,3972382.0,M_M,0.0003144194767856767,False
2021-04-01,764.6283364337118,772.5464972054621,743.8789087138949,770.4476928710938,5678798.0,M_M,0.015529628281038432,False
2021-04-02,764.6283364337118,772.5464972054621,743.8789087138949,770.4476928710938,5678798.0,M_M,0.0,False
2021-04-05,771.1154551176228,771.592453426891,733.8618988092372,738.8226928710938,4176802.0,M_M,-0.04104756272570376,False
2021-04-06,747.9333615783406,755.1837127108706,739.3473918663443,745.166748046875,2984229.0,M_M,0.00858670860680788,False
2021-04-07,745.3576512483831,761.8617834248319,739.7291053437872,759.6676025390625,2271095.0,M_M,0.01945987865158383,False
2021-04-08,765.1053496777414,773.6913199359705,756.5193794195125,758.5704956054688,3324494.0,M_M,-0.0014441933944884244,False
2021-04-09,758.4273806256067,764.1513608567433,748.8874135737123,754.7545166015625,2065092.0,M_M,-0.005030486983098936,False
2021-04-12,743.1635006354478,743.1635006354478,704.5743187708472,716.9285888671875,4628388.0,M_M,-0.05011686171113494,False
2021-04-13,719.3135561621244,779.4153519687741,716.2607548883819,773.9298706054688,12501628.0,M_M,0.0795076143195077,False
2021-04-14,719.3135561621244,779.4153519687741,716.2607548883819,773.9298706054688,12501628.0,M_M,0.0,False
2021-04-15,767.9673677585473,771.6879782970091,749.0305559563066,768.062744140625,5256004.0,M_M,-0.007580953633762322,False
2021-04-16,768.0626880813121,799.3060787128375,766.2501293627545,783.8513793945312,6915568.0,M_M,0.020556439398153437,False
2021-04-19,748.9827971344165,769.8753484693148,748.9827971344165,758.3796997070312,4317341.0,M_M,-0.03249554744315819,False
2021-04-20,770.8293596587239,783.4221281699037,763.7220723579868,773.83447265625,4830957.0,M_M,0.02037867437009333,False
2021-04-21,770.8293596587239,783.4221281699037,763.7220723579868,773.83447265625,4830957.0,M_M,0.0,False
2021-04-22,758.42739758752,767.8242420528574,749.3644286855308,762.9111938476562,4576665.0,M_M,-0.014115782114356712,False
2021-04-23,759.3813296609195,768.5396741648914,738.4887798378575,742.114013671875,4796085.0,M_M,-0.02726028972113126,False
2021-04-26,744.1174230386171,756.8055674526543,739.9675607010674,744.5944213867188,3528851.0,M_M,0.0033423539633365973,False
2021-04-27,745.071432615198,751.7017214138995,741.255445764416,742.591064453125,3624649.0,M_M,-0.002690534438685055,False
2021-04-28,749.8413989592261,764.7237240445812,743.0202993291583,746.1207885742188,5214319.0,M_M,0.004753254233799797,False
2021-04-29,751.7493993796886,755.6130743680887,733.2418401141774,738.9658203125,3642323.0,M_M,-0.009589557577388219,False
2021-04-30,733.0511201191923,742.5910875427771,715.9268669483895,717.9302368164062,4466148.0,M_M,-0.028466246905977433,False
2021-05-03,710.6321668055435,731.2861604731028,706.0052478631725,718.3118286132812,3749870.0,M_M,0.0005315165420070045,False
2021-05-04,724.0834430398677,727.6132422205749,697.466913739959,707.0546264648438,3820769.0,M_M,-0.0156717482575357,False
2021-05-05,708.9626667660108,714.5435241375656,703.4294393563735,713.1602172851562,3102424.0,M_M,0.008635246262144403,False
2021-05-06,716.928514025101,724.5604875609637,711.8246550139277,713.0171508789062,3662506.0,M_M,-0.0002006090676154315,False
2021-05-07,717.4054743300012,736.4854071579267,716.4514776886049,732.0970458984375,4833670.0,M_M,0.026759377381052163,False
2021-05-10,736.4855293619803,747.7426799528733,733.2896633739506,744.5468139648438,2095644.0,M_M,0.017005625328166296,False
2021-05-11,734.5774723328266,743.8312521362533,730.952296452496,740.3014526367188,2938331.0,M_M,-0.005701940090936275,False
2021-05-12,736.0084307971648,736.199241776604,720.4106085358844,724.7512817382812,3480378.0,M_M,-0.02100518760709269,False
2021-05-13,736.0084307971648,736.199241776604,720.4106085358844,724.7512817382812,3480378.0,M_M,0.0,False
2021-05-14,727.9948551392162,728.5672880929926,702.1415679787593,707.3885498046875,4984389.0,M_M,-0.023956814387344094,False
2021-05-17,705.957572405289,721.2215199167547,701.5692107866781,718.8842163085938,3479938.0,M_M,0.01625085182263719,False
2021-05-18,725.9914835414346,763.149666387873,719.3135066888854,761.003173828125,8634396.0,M_M,0.05858934799794091,False
2021-05-19,757.4734372242754,757.4734372242754,742.2094888671111,748.6966552734375,4360320.0,M_M,-0.016171441825638122,False
2021-05-20,747.981162798593,772.308080658836,746.0254810474537,766.2979125976562,10092542.0,M_M,0.02350919721658218,False
2021-05-21,767.0133120658666,783.2312552314384,763.9128229312719,781.2755737304688,5721630.0,M_M,0.0195454807935469,False
2021-05-24,783.7082664207176,786.0932581018518,769.8753146701389,772.7373046875,3495533.0,M_M,-0.01092862663323757,False
2021-05-25,781.9434666706252,789.9093163159669,771.1632567139087,773.9298706054688,5044078.0,M_M,0.0015433005637679464,False
2021-05-26,778.4613245446277,788.0012917571845,775.5993343808607,783.422119140625,3084558.0,M_M,0.012264998284315043,False
2021-05-27,787.3334510088387,792.7712437486106,779.3199138062655,790.4816284179688,6902630.0,M_M,0.009011118150566988,False
2021-05-28,790.863228931235,813.75914870729,773.2142907705258,806.9380493164062,11638455.0,M_M,0.020818220571896973,False
2021-05-31,786.0932510204191,786.0932510204191,753.6573644491882,770.7816162109375,17596018.0,M_M,-0.044806950342840435,False
2021-06-01,775.5993089999644,780.3692924501486,763.4358512019944,769.20751953125,7230033.0,M_M,-0.0020422083850748507,False
2021-06-02,769.2074979574251,774.6452905835898,765.391511304304,769.1121215820312,4244490.0,M_M,-0.0001240210824731136,False
2021-06-03,774.6454172037032,775.7902250322319,761.3848381256576,765.1531372070312,5001405.0,M_M,-0.005147473643838163,False
2021-06-04,776.5532853012077,776.5532853012077,766.1546983618913,767.585693359375,5084092.0,M_M,0.0031791755585333092,False
2021-06-07,770.7339725515358,774.4068366286574,765.6777433590927,766.8702392578125,2994862.0,M_M,-0.0009320836849254777,False
2021-06-08,767.1087306021006,772.7373344775017,760.8123756121082,770.6862182617188,2960405.0,M_M,0.00497604263219209,False
2021-06-09,770.8293034602369,779.1767742588472,764.1513268213488,767.442626953125,4176767.0,M_M,-0.004208705477969588,False
2021-06-10,770.8293215926791,773.6436234593078,766.1070263557715,769.82763671875,2264605.0,M_M,0.003107736893758206,False
2021-06-11,771.7832641601562,778.3181177042011,768.444275996299,771.7832641601562,1783272.0,M_M,0.0025403445500369326,False
2021-06-14,771.7833708171605,772.2603691922021,757.4734195659153,770.3046875,1598770.0,M_M,-0.0019157925920629815,False
2021-06-15,770.2092374846832,776.07634067129,768.9213651887644,771.4017333984375,1640381.0,M_M,0.001424171391190665,False
2021-06-16,771.5925094111499,784.0421545408913,764.7237216138432,769.064453125,3863280.0,M_M,-0.003029913172661103,False
2021-06-17,765.1053324969059,772.6419295119371,756.0900522827408,768.6351318359375,1988175.0,M_M,-0.0005582383730232676,False
2021-06-18,768.9214249372213,771.7357271578326,737.534906757407,745.59619140625,5793496.0,M_M,-0.029973832154480684,False
2021-06-21,740.3014917610197,743.0203592581228,727.2794125905239,741.1123657226562,3024852.0,M_M,-0.0060137454231584675,False
2021-06-22,744.2128180349036,753.2280986850236,737.1532772427962,739.5382690429688,2925669.0,M_M,-0.0021239649376955105,False
2021-06-23,745.9300339790143,749.841397110667,739.3474335378714,745.9777221679688,2700327.0,M_M,0.008707396756266972,False
2021-06-24,746.9794134689437,757.4733771319812,743.1634266823846,755.3745727539062,3251137.0,M_M,0.012596690633908336,False
2021-06-25,756.7102291265822,765.0100124463894,753.6574278997482,757.7119140625,1763201.0,M_M,0.0030942811591769814,False
2021-06-28,758.4273328582822,762.2433194387012,752.9418521489298,756.996337890625,1409432.0,M_M,-0.0009443908147601654,False
2021-06-29,752.703397712306,755.565387817676,743.5450526660571,745.643798828125,3167773.0,M_M,-0.014996821641348967,False
2021-06-30,748.7920054046592,753.0849903957559,739.7767252778891,741.9232177734375,2393862.0,M_M,-0.004989756584222738,False
2021-07-01,742.209466513825,762.0048989433388,739.2520998996288,743.5927734375,5697553.0,M_M,0.002250307881013658,False
2021-07-02,749.8413903225661,751.0815743608384,741.2554202043688,746.5977783203125,1963778.0,M_M,0.004041196996739105,False
2021-07-05,749.8414231478923,756.9963985596088,748.410428065549,755.326904296875,1320469.0,M_M,0.011691872424535177,False
2021-07-06,754.2297785380116,758.427387369103,742.87725258172,745.9300537109375,1420179.0,M_M,-0.012440773038112418,False
2021-07-07,742.0186228910109,745.9300443041421,733.1941534008303,743.0680541992188,3004815.0,M_M,-0.0038368202185721234,False
2021-07-08,742.161722980826,751.3677559336027,735.5314344618056,740.5399169921875,2010027.0,M_M,-0.0034022956480826982,False
2021-07-09,736.4854625101109,740.3014493624948,731.7154789446308,736.05615234375,1658120.0,M_M,-0.0060547237840317125,False
2021-07-12,740.3013772930732,745.0713603941883,733.1464026414004,737.2962646484375,2681410.0,M_M,0.0016848066560393171,False
2021-07-13,742.1140493280168,746.2162234544473,738.0595633906757,745.2145385742188,2189466.0,M_M,0.010739609442558251,False
2021-07-14,744.1173943241305,750.7953709398598,741.3030925334632,749.9844970703125,2067565.0,M_M,0.006400785611643922,False
2021-07-15,753.4575465636636,756.3035247452804,747.8620989675184,752.3963623046875,2109663.0,M_M,0.003215886786722244,False
2021-07-16,756.3518233020459,756.3518233020459,749.1163147883145,752.2999267578125,845054.0,M_M,-0.00012817120298080908,False
2021-07-19,748.44091796875,753.1681399695693,742.8454703581791,748.44091796875,1265906.0,M_M,-0.0051296147345031295,False
2021-07-20,747.6692330549765,748.3445589775058,725.8179732067977,733.3911743164062,2179910.0,M_M,-0.020108125158614265,False
2021-07-21,747.6692330549765,748.3445589775058,725.8179732067977,733.3911743164062,2179910.0,M_M,0.0,False
2021-07-22,737.2500426421688,740.0477370815927,729.0015752720209,731.7028198242188,2182264.0,M_M,-0.0023021200026864808,False
2021-07-23,731.7510630236299,740.7713063647699,731.5098794168323,737.2500610351562,1179241.0,M_M,0.007581276251293012,False
2021-07-26,736.0923589048499,737.1535432086382,725.962647543774,727.6991577148438,1187498.0,M_M,-0.012954767758041719,False
2021-07-27,729.339176269747,733.1981137103277,716.459996114894,719.2576904296875,1732564.0,M_M,-0.011600215824990823,False
2021-07-28,724.2261723218681,724.2261723218681,699.0948513660212,703.0020141601562,4016758.0,M_M,-0.022600629073315948,False
2021-07-29,704.2560916456061,712.7939672857586,700.4936040412636,705.6549682617188,2489035.0,M_M,0.0037737503565076214,False
2021-07-30,709.2727980138591,733.1982012246457,706.0409021919871,716.8941650390625,4642619.0,M_M,0.015927326076977666,False
2021-08-02,723.55078157945,732.2816159006327,718.3411923989926,730.979248046875,2260861.0,M_M,0.019647367344725275,False
2021-08-03,736.4783027963192,745.4503214061551,728.8568770870603,743.66552734375,3235393.0,M_M,0.01735518392727542,False
2021-08-04,745.739740836562,748.4409855598143,737.5877228374194,739.227783203125,2659372.0,M_M,-0.005967392567564511,False
2021-08-05,738.9865522510306,739.3241857387904,730.0145340851003,732.571044921875,1451370.0,M_M,-0.009004989304387201,False
2021-08-06,736.8641520502679,745.0643947741851,728.3745007714618,731.5098876953125,4471604.0,M_M,-0.0014485383143633124,False
2021-08-09,735.1276488111436,754.4223377563179,734.6452815875142,747.6209716796875,6700633.0,M_M,0.0220244240787153,False
2021-08-10,749.550435246273,761.9472492523417,747.8139250300943,758.5706787109375,4724852.0,M_M,0.014646067253369255,False
2021-08-11,758.5706665727344,762.09197077694,740.4336711599525,751.2387084960938,3147983.0,M_M,-0.009665507012877383,False
2021-08-12,753.457556544605,766.626204485442,746.4632322360924,748.8268432617188,3551026.0,M_M,-0.0032105177849571787,False
2021-08-13,755.3388983852755,761.6578976659981,745.3538608506481,751.1905517578125,3391864.0,M_M,0.003156548830164807,False
2021-08-16,752.8787976513031,775.5982824534536,752.7340639289246,771.1122436523438,7131928.0,M_M,0.02652015769888716,False
2021-08-17,771.0640268920589,775.5982906878617,754.4223572469066,762.767333984375,3835522.0,M_M,-0.01082191306993574,False
2021-08-18,765.9026858151335,768.8933389883505,759.1495448202547,763.4425659179688,2450964.0,M_M,0.0008852397100787002,False
2021-08-19,765.9026858151335,768.8933389883505,759.1495448202547,763.4425659179688,2450964.0,M_M,0.0,False
2021-08-20,760.9824202605242,763.4424810013434,748.8750163143669,757.9435424804688,3050982.0,M_M,-0.007202930099775018,False
2021-08-23,762.1401503892176,765.4684957339157,736.7194233565358,738.8900756835938,2512960.0,M_M,-0.02513837209367875,False
2021-08-24,739.9512571367167,752.3963539845392,734.7416680183927,750.7080688476562,1662376.0,M_M,0.015994250772862095,False
2021-08-25,753.4092791198592,755.3869726996829,743.37601863692,744.8231201171875,1693443.0,M_M,-0.007839197385346108,False
2021-08-26,743.8101840287233,755.2905463495665,740.192430215354,753.8434448242188,2576883.0,M_M,0.012110693751842705,False
2021-08-27,752.3963922704575,757.3165142237933,738.0218259633144,747.8139038085938,2907125.0,M_M,-0.007998399478065354,False
2021-08-30,756.3036006522686,766.1439040373747,755.3870911278685,763.6355590820312,3028708.0,M_M,0.02115720929078524,False
2021-08-31,760.2106503079417,767.7355662882549,753.7469185351265,765.32373046875,3324467.0,M_M,0.002210702954624111,False
2021-09-01,765.3237097315997,774.1992770834281,741.7842281006822,742.7489624023438,6031309.0,M_M,-0.029497018278238363,False
2021-09-02,745.5949129300396,746.8491146812603,723.5507567604881,725.9143676757812,4879865.0,M_M,-0.022665255124844297,False
2021-09-03,729.3392634858064,730.3039979613168,718.8236341496561,723.4544067382812,4257842.0,M_M,-0.003388775655971954,False
2021-09-06,726.4450764461794,733.0052592510881,720.704894410864,728.1333618164062,3682183.0,M_M,0.00646751894044062,False
2021-09-07,728.4709116439636,731.943990764758,721.7177709389189,726.5414428710938,2273976.0,M_M,-0.0021863013409264553,False
2021-09-08,729.3392799379968,731.0757902565432,722.5861384570895,728.1333618164062,2380939.0,M_M,0.002191091727708816,False
2021-09-09,723.5508022251187,729.821575844403,721.1871911613069,724.2743530273438,3313559.0,M_M,-0.005299865370041235,False
2021-09-10,723.5508022251187,729.821575844403,721.1871911613069,724.2743530273438,3313559.0,M_M,0.0,False
2021-09-13,726.9273403693841,726.9273403693841,714.2410599803902,719.2576904296875,3139833.0,M_M,-0.0069264672657363135,False
2021-09-14,718.5341849875522,726.0108767503365,718.3895101540312,723.7437744140625,3089381.0,M_M,0.006237102562914654,False
2021-09-15,725.4802940745216,733.1981695433994,720.174254689668,728.470947265625,3336656.0,M_M,0.006531555805629585,False
2021-09-16,733.053431817229,734.1628999629008,724.8531891763819,730.2557373046875,2686018.0,M_M,0.002450049718196512,False
2021-09-17,731.4616671156444,738.9865840012548,722.7308321752018,727.5545043945312,5504398.0,M_M,-0.0036990231944308283,False
2021-09-20,722.9719256642861,729.8215158088128,706.378483521701,712.0221557617188,2933375.0,M_M,-0.021348707951081236,False
2021-09-21,713.9998573769113,714.7716919506439,703.8219219249554,712.4080810546875,2380834.0,M_M,0.0005420130396867062,False
2021-09-22,712.8422820079762,732.2334201749377,712.4081397451635,725.962646484375,2287017.0,M_M,0.019026406058758605,False
2021-09-23,729.8215759615883,735.1276151787579,726.2038219498819,731.7028198242188,1890322.0,M_M,0.007906981671359725,False
2021-09-24,732.7158161824246,754.4705662951683,726.0108999655021,751.9622802734375,4967824.0,M_M,0.027688099458309967,False
2021-09-27,761.6578202485821,785.0526298002326,755.4352714985071,782.7372436523438,9210666.0,M_M,0.040926206255605724,False
2021-09-28,791.0822020633601,793.0116708488805,768.1697602353055,777.6241455078125,3853344.0,M_M,-0.0065323302116977455,False
2021-09-29,771.7874921291627,786.9338334387401,770.8227577640013,783.4607543945312,2291977.0,M_M,0.007505694004533936,False
2021-09-30,779.5536526700158,788.5739550160131,773.041695198307,774.72998046875,3264689.0,M_M,-0.011143856124010365,False
2021-10-01,771.7875054908418,801.694271328612,759.2459585266157,798.6553344726562,7704216.0,M_M,0.030882184253964384,False
2021-10-04,803.141412789497,821.953734170152,798.8965577453909,811.4863891601562,6544700.0,M_M,0.016065822306154498,False
2021-10-05,811.4863149829463,816.1652529865815,805.6014001696101,813.3192749023438,2647442.0,M_M,0.0022586771222181667,False
2021-10-06,816.1652993942438,824.7514590757088,799.7648146546431,804.6849365234375,3288323.0,M_M,-0.010616173310220578,False
2021-10-07,810.0874561933737,856.4911554894605,807.6273953448562,847.2779541015625,9515673.0,M_M,0.05293129726293122,False
2021-10-08,862.1832352227221,863.4373782973361,841.7790769757917,846.8439331054688,3938358.0,M_M,-0.000512253380360872,False
2021-10-11,848.0015456424537,870.6728042574681,848.0015456424537,864.01611328125,5493159.0,M_M,0.020277856998761168,False
2021-10-12,856.6841642805058,863.0996717215037,846.072085668923,858.7100830078125,3433345.0,M_M,-0.006141124212703519,False
2021-10-13,861.5078395935888,936.9018582913998,861.5078395935888,902.3643188476562,17519612.0,M_M,0.05083698992672314,False
2021-10-14,905.403240636438,912.8799322879375,889.6780815846656,898.5536499023438,3354982.0,M_M,-0.004222982741802994,False
2021-10-15,905.403240636438,912.8799322879375,889.6780815846656,898.5536499023438,3354982.0,M_M,0.0,False
2021-10-18,924.2155716530748,924.2155716530748,876.2682593429639,878.8248291015625,2885649.0,M_M,-0.021956196831347197,False
2021-10-19,878.8730253214407,894.8875925700411,869.418640118675,885.143798828125,3476818.0,M_M,0.00719024943005131,False
2021-10-20,880.8024980743064,892.2828608684482,863.0996455708055,867.6338500976562,3551282.0,M_M,-0.019782038527130674,False
2021-10-21,876.2682472408741,878.9694917951124,861.8937399531305,865.3667602539062,2614538.0,M_M,-0.002612956886703821,False
2021-10-22,872.1199131009489,877.7153609438587,853.886409063783,856.5394287109375,1999394.0,M_M,-0.010200682471763423,False
2021-10-25,851.8605342929931,873.9529771386169,851.8605342929931,859.2890014648438,2833933.0,M_M,0.0032100947857640616,False
2021-10-26,861.8937645616504,868.2609882557728,852.8252373534478,863.003173828125,3410657.0,M_M,0.004322378567571228,False
2021-10-27,868.2609956370325,871.9269747309564,852.3428773836869,855.5264892578125,3362019.0,M_M,-0.00866356555462855,False
2021-10-28,855.719417888187,864.4020275398146,846.9403583490719,852.6804809570312,2171227.0,M_M,-0.0033266162258169807,False
2021-10-29,852.3428554389313,869.7080749045801,831.6010655216285,853.06640625,2482056.0,M_M,0.00045260247136846843,False
2021-11-01,853.0663867880745,856.5876908746932,830.0574950741028,839.6565551757812,4146270.0,M_M,-0.015719586395585794,False
2021-11-02,844.1425662226131,848.290912200079,828.7068164402568,831.11865234375,3704926.0,M_M,-0.010168327489855522,False
2021-11-03,833.5305253423145,839.2224818809557,813.2711028513554,819.0595092773438,3288759.0,M_M,-0.014509532462542496,False
2021-11-04,825.5714254347353,844.1425617942078,822.9184059548106,842.068359375,973315.0,M_M,0.028091792888110145,False
2021-11-05,825.5714254347353,844.1425617942078,822.9184059548106,842.068359375,973315.0,M_M,0.0,False
2021-11-08,847.0367952161504,847.277978813877,824.1725783751168,829.189208984375,4481883.0,M_M,-0.015294661350515715,False
2021-11-09,833.5305086835275,873.4705357776987,832.1798569913714,860.6878051757812,15376349.0,M_M,0.03798722396542886,False
2021-11-10,873.9529796548975,892.379384473092,863.4373503820729,887.2180786132812,17083220.0,M_M,0.03082450254082736,False
2021-11-11,886.5426749019493,896.0452850414317,878.8730247644,892.1381225585938,4935551.0,M_M,0.005545473051002947,False
2021-11-12,901.061987131071,906.3680266698514,892.379376976703,904.7279663085938,6239600.0,M_M,0.014111989423670313,False
2021-11-15,902.026647196426,915.0987862963664,888.6168157331476,895.659423828125,3757546.0,M_M,-0.010023501890263797,False
2021-11-16,895.6593966826795,931.8851598533756,892.9098684476028,926.4343872070312,7368780.0,M_M,0.03436011787535431,False
2021-11-17,926.0968107513802,944.4749895269184,913.844671940116,920.790771484375,5416608.0,M_M,-0.006091759762577809,False
2021-11-18,921.3212951505363,921.3212951505363,885.8190831977178,891.1251220703125,3463426.0,M_M,-0.03221757899054478,False
2021-11-19,921.3212951505363,921.3212951505363,885.8190831977178,891.1251220703125,3463426.0,M_M,0.0,False
2021-11-22,893.7300056134864,897.4442096412853,862.183177760329,869.0809936523438,3731367.0,M_M,-0.024737411023442513,False
2021-11-23,866.1867231907247,876.4611676969996,862.0866021530667,869.5632934570312,3195288.0,M_M,0.0005549538054683278,False
2021-11-24,875.6894549154832,875.6894549154832,858.6136437078952,861.7008056640625,2708554.0,M_M,-0.009041880967296412,False
2021-11-25,859.4819537433066,867.1998294212971,852.3428951880779,859.7713623046875,2288825.0,M_M,-0.0022391105435813907,False
2021-11-26,853.7899800827004,853.7899800827004,813.2711335703011,823.6420288085938,3934155.0,M_M,-0.04202202478487549,False
2021-11-29,815.3935313895394,837.19650540301,799.1377213255528,820.7960205078125,3936245.0,M_M,-0.003455394699682812,False
2021-11-30,820.7960078984739,830.4433518062668,799.3306677036348,806.0355834960938,6067618.0,M_M,-0.01798307574954705,False
2021-12-01,806.5179368552673,812.9816689391428,794.2175735838503,805.2637939453125,5121634.0,M_M,-0.0009575130013909083,False
2021-12-02,806.3249900500934,829.6233490830945,805.6014392587917,819.590087890625,4677008.0,M_M,0.017790808494098753,False
2021-12-03,819.0113226712258,825.4267714307048,804.5403059288732,807.4345092773438,2933597.0,M_M,-0.014831290413194198,False
2021-12-06,808.4473880161003,810.9556737814424,791.1303945988789,793.1563720703125,1552749.0,M_M,-0.017683337834805024,False
2021-12-07,797.3529798375968,804.2508543354362,793.4940422461262,796.8223876953125,1976433.0,M_M,0.004622059097162401,False
2021-12-08,805.0709343217435,813.9465034329312,797.7872006769226,811.1005249023438,2346456.0,M_M,0.017918845438477993,False
2021-12-09,827.1633232294733,827.1633232294733,806.5179828895023,821.08544921875,4078098.0,M_M,0.012310341332362418,False
2021-12-10,820.1207162807475,837.968303255134,820.1207162807475,829.3822021484375,3434165.0,M_M,0.010104615710315734,False
2021-12-13,838.3060363288791,838.3060363288791,810.0875528509393,813.3676147460938,2683048.0,M_M,-0.019309056018877002,False
2021-12-14,810.3769498101882,812.2581937916484,796.8706673133518,807.3380126953125,1979863.0,M_M,-0.007413132686212798,False
2021-12-15,814.2358488708388,823.5937845028881,808.6404010224402,816.3582763671875,3208613.0,M_M,0.011172846478218812,False
2021-12-16,822.8219662893329,831.8422090799971,816.3582342450768,823.2078247070312,3965285.0,M_M,0.008390370426970328,False
2021-12-17,818.0947617266704,822.1948828791922,800.7295427277553,805.1672973632812,2675800.0,M_M,-0.021914912373640738,False
2021-12-20,796.870656810397,800.7295946157742,768.893357721412,785.583251953125,2907378.0,M_M,-0.024322951856451502,False
2021-12-21,793.3976149264039,797.8353697297342,779.0230484362278,783.5573120117188,1973119.0,M_M,-0.0025788990999608963,False
2021-12-22,789.9245138516245,798.0283063535094,782.3995973185685,789.8280639648438,1979912.0,M_M,0.008002926980574587,False
2021-12-23,795.8094278245504,804.3955286302302,793.7352253174294,797.6906127929688,1495208.0,M_M,0.009954760012775399,False
2021-12-24,801.694370660826,802.7073301107486,779.5054771286973,783.9915161132812,1071730.0,M_M,-0.017173446020284255,False
2021-12-27,779.5054132304953,794.1211632816536,778.4924538636078,789.683349609375,1492196.0,M_M,0.007260070267484098,False
2021-12-28,794.9411344417372,810.3768846250719,790.1656874522253,809.1227416992188,1677680.0,M_M,0.024616692373544025,False
2021-12-29,813.7052454366652,813.7052454366652,801.5495566075786,803.3343505859375,1575343.0,M_M,-0.007153909802516734,False
2021-12-30,813.2710718304976,813.2710718304976,797.9800556581813,800.05419921875,1874659.0,M_M,-0.004083170805275538,False
2021-12-31,805.3602801948132,815.2005830328176,800.9225254260641,807.62744140625,1528983.0,M_M,0.0094659114281197,False
2022-01-03,805.5533133418309,810.3769858768118,797.1601113544195,800.5366821289062,1537088.0,M_M,-0.00877974040232865,False
2022-01-04,808.399258843283,812.3064216602355,796.5330366692081,802.5143432617188,1886453.0,M_M,0.002470419128768997,False
2022-01-05,800.7294940778086,817.1299776914504,800.7294940778086,809.8944702148438,2634010.0,M_M,0.009196255512554874,False
2022-01-06,809.4121770318272,812.5475638916049,798.3177312203063,810.232177734375,2962301.0,M_M,0.0004169771889437346,False
2022-01-07,811.3415826261404,819.7830081290878,793.4939972770517,799.7647705078125,2531717.0,M_M,-0.012919021873251446,False
2022-01-10,806.4697114338483,816.8888308927849,800.4401215985015,812.2581176757812,3403434.0,M_M,0.015621277191337324,False
2022-01-11,812.3063561432456,818.8183132738476,806.0838075530163,811.7275390625,2117911.0,M_M,-0.0006532142944898345,False
2022-01-12,816.9370416272618,853.0181301275625,812.7886956692313,849.496826171875,9022415.0,M_M,0.046529513034627934,False
2022-01-13,849.4968800387786,877.4259532179151,837.3894748687744,864.4020385742188,5658001.0,M_M,0.01754593065345733,False
2022-01-14,858.4206546633545,864.3537947579164,848.6286358635554,850.1239624023438,2027852.0,M_M,-0.016517864991880238,False
2022-01-17,853.0182076523746,872.1199378780268,851.5228810398573,869.0327758789062,3617269.0,M_M,0.022242419121005108,False
2022-01-18,870.1904153154419,878.0047402812644,856.9735424637089,860.6878051757812,3468168.0,M_M,-0.0096025960524736,False
2022-01-19,876.8953330300018,876.8953330300018,849.7380364769878,862.8584594726562,4215758.0,M_M,0.0025219995959298025,False
2022-01-20,864.4020531658148,865.945604707667,842.06842745783,849.4486694335938,2486026.0,M_M,-0.015541123682391689,False
2022-01-21,844.9143273076388,853.6934451739934,834.6881668069528,844.3355102539062,1872843.0,M_M,-0.0060193857070809376,False
2022-01-24,840.4766508796758,847.3744667548062,818.1430251741126,824.5585327148438,3386669.0,M_M,-0.023423126587575616,False
2022-01-25,816.2618075244569,827.9833548307558,815.4418067820523,824.3656005859375,4742388.0,M_M,-0.00023398233266835877,False
2022-01-26,816.2618075244569,827.9833548307558,815.4418067820523,824.3656005859375,4742388.0,M_M,0.0,False
2022-01-27,815.7793289727668,832.420996228054,811.5345332343779,827.790283203125,2927566.0,M_M,0.0041543249921556225,False
2022-01-28,833.9164674687526,864.4020519995795,830.0575297366115,838.9813232421875,4208702.0,M_M,0.013519172991206085,False
2022-01-31,847.9050746154232,857.5041346409738,841.344833690588,854.5617065429688,2335040.0,M_M,0.01857059611359624,False
2022-02-01,860.5430443117193,863.1478388457075,833.7234410301162,839.0294799804688,2921070.0,M_M,-0.018175664137039083,False
2022-02-02,844.8179323125376,849.2556870333643,834.6399960913019,838.6918334960938,1341479.0,M_M,-0.0004024250546987851,False
2022-02-03,837.389469518101,851.2816686023631,822.0984526427749,826.005615234375,2630289.0,M_M,-0.015126197436352906,False
2022-02-04,831.0223099632195,831.0223099632195,806.6627641867442,812.0170288085938,2080640.0,M_M,-0.016935219528516177,False
2022-02-07,811.3416380879389,814.9111671783053,793.2046429726232,800.2471923828125,1801701.0,M_M,-0.014494568473582548,False
2022-02-08,800.7295206893448,808.157987055415,788.3327076871791,802.7072143554688,2729631.0,M_M,0.003074077605110137,False
2022-02-09,808.4473968419065,816.1170468104457,803.7684587306918,810.56982421875,2165223.0,M_M,0.00979511548254175,False
2022-02-10,814.2358401905616,827.5009382979316,800.874292195497,822.9666748046875,6949276.0,M_M,0.015293994688102108,False
2022-02-11,822.9184923112078,831.552877483045,806.132089196321,823.5455932617188,5146850.0,M_M,0.0007034530981082643,False
2022-02-14,812.0652400211901,815.5865443893384,753.1682124115816,795.9541625976562,4202165.0,M_M,-0.033503221788589,False
2022-02-15,798.8001233558681,827.7421568107909,791.4681651003748,824.4620361328125,2728328.0,M_M,0.03581597392759228,False
2022-02-16,824.462017742202,847.5191941000597,824.462017742202,833.771728515625,4401342.0,M_M,0.011291838768562545,False
2022-02-17,841.2483843822484,846.3614648502308,828.7068373673754,831.8422241210938,2041741.0,M_M,-0.0023141878388781567,False
2022-02-18,826.9703661701576,839.0777715047201,817.2747969135047,821.9537353515625,1616856.0,M_M,-0.011887457119622913,False
2022-02-21,815.3934955350659,820.5065758833698,802.6589901645664,811.4380493164062,2255753.0,M_M,-0.012793525453909549,False
2022-02-22,797.8353295447782,825.8126264695649,794.3140255166766,823.1596069335938,2768989.0,M_M,0.014445412840896843,False
2022-02-23,825.8125961547779,839.0294684071617,815.8758442159063,820.3135986328125,2265060.0,M_M,-0.00345741977231262,False
2022-02-24,789.2492230063226,802.5626054046611,762.6225759750804,767.7356567382812,5677898.0,M_M,-0.06409492903952951,False
2022-02-25,784.0396263677845,795.9058472225603,773.7169569363556,779.1194458007812,3470318.0,M_M,0.014827745673379189,False
2022-02-28,778.5406897709906,778.5406897709906,759.0048174440234,762.960205078125,5026913.0,M_M,-0.02074038943547063,False
2022-03-01,778.5406897709906,778.5406897709906,759.0048174440234,762.960205078125,5026913.0,M_M,0.0,False
2022-03-02,757.7988755290537,782.1584192682118,741.8807578381188,750.9010009765625,5779175.0,M_M,-0.0158058100819658,False
2022-03-03,764.0696495201967,765.1791176401366,733.2463734732366,735.1758422851562,2763929.0,M_M,-0.02094172024135721,False
2022-03-04,723.5507859099552,729.3391921972349,704.2560982856897,706.4749755859375,4829850.0,M_M,-0.039039458383191006,False
2022-03-07,694.464032740677,694.464032740677,657.7076757356016,666.1973266601562,7008637.0,M_M,-0.057012138175702165,False
2022-03-08,666.1973096108061,678.256489275337,647.4814981010819,675.941162109375,4000294.0,M_M,0.014626050059473261,False
2022-03-09,680.1378185252856,713.8070759316114,675.314146053475,708.9351196289062,5490287.0,M_M,0.048811877969627826,False
2022-03-10,735.0794068944576,735.6099990516565,709.0798023645475,712.7940063476562,4064470.0,M_M,0.005443215622848552,False
2022-03-11,708.1150650600056,715.6399817677512,703.0019844049166,708.8868408203125,2364792.0,M_M,-0.005481479210752593,False
2022-03-14,708.8868082680527,719.6918450643279,699.866565398415,716.9906005859375,3563695.0,M_M,0.011431669060533611,False
2022-03-15,718.7271856851874,742.073771815532,718.7271856851874,734.3558959960938,4811450.0,M_M,0.024219697435315046,False
2022-03-16,741.7359882254021,748.6338624440475,738.0217844970314,746.3667602539062,2277631.0,M_M,0.01635564489003083,False
2022-03-17,757.316483102774,771.6910488192113,749.5986081157394,766.385009765625,3787641.0,M_M,0.026820928500230545,False
2022-03-18,757.316483102774,771.6910488192113,749.5986081157394,766.385009765625,3787641.0,M_M,0.0,False
2022-03-21,761.7543024255941,763.2014041086843,752.5893250993562,755.8694458007812,3008019.0,M_M,-0.013720993796655256,False
2022-03-22,755.3870388081363,761.2236701794722,741.8807571436229,757.8953247070312,5436875.0,M_M,0.0026801968481524607,False
2022-03-23,762.1402044050968,766.1921008126546,744.8714344484008,746.8009033203125,3277274.0,M_M,-0.014638461308634332,False
2022-03-24,746.4150260179463,752.4928410343731,735.7547225465024,738.64892578125,2248114.0,M_M,-0.010915864593653346,False
2022-03-25,745.7396368330388,745.7396368330388,731.4615805305008,737.7805786132812,3148869.0,M_M,-0.0011755884800757066,False
2022-03-28,737.9253770928318,745.4502937482537,724.8049537279813,742.1219482421875,4719388.0,M_M,0.005884364206314885,False
2022-03-29,743.8101683855323,755.3869803448401,743.5207598630916,746.0772705078125,3519610.0,M_M,0.005329747051672218,False
2022-03-30,751.8175027942692,766.9638445833384,748.5374411785101,765.3720092773438,4407033.0,M_M,0.025861582348432055,False
2022-03-31,769.8580995216245,784.3291164299258,769.8580995216245,778.1065673828125,7059986.0,M_M,0.01663839015682389,False
2022-04-01,782.3996362480381,800.2472235114027,779.216024350576,797.4012451171875,3406177.0,M_M,0.024796960394863676,False
2022-04-04,789.1527305746301,806.5179495848299,781.4348554589859,804.299072265625,4163250.0,M_M,0.00865038422083697,False
2022-04-05,807.4827262589072,821.9537428585292,804.2991143835337,807.048583984375,2669967.0,M_M,0.0034185190727684667,False
2022-04-06,809.122737845504,809.122737845504,793.9281713311532,798.6553344726562,2049292.0,M_M,-0.01039993090661473,False
2022-04-07,796.8706456302288,810.666336314354,793.3011164337921,804.8779296875,2913537.0,M_M,0.007791339951360277,False
2022-04-08,800.7295829435288,830.2987169992895,797.8836045770055,827.163330078125,4145522.0,M_M,0.027687925794259938,False
2022-04-11,824.7996694033909,830.9739341016145,816.3582435840624,826.6326293945312,2922901.0,M_M,-0.0006415911637954741,False
2022-04-12,820.0242396361658,836.8106417418038,813.5605073824906,830.443359375,2961076.0,M_M,0.0046099438190092545,False
2022-04-13,832.0834979424507,844.1426790720514,831.9387642158073,835.5565185546875,3695363.0,M_M,0.006157143797905329,False
2022-04-14,832.0834979424507,844.1426790720514,831.9387642158073,835.5565185546875,3695363.0,M_M,0.0,False
2022-04-15,832.0834979424507,844.1426790720514,831.9387642158073,835.5565185546875,3695363.0,M_M,0.0,False
2022-04-18,835.5564774837635,845.107372022031,827.8386019401834,843.2743530273438,3076843.0,M_M,0.009236759334971367,False
2022-04-19,847.133263076402,856.4911986432949,834.5917157285107,841.7307739257812,3301212.0,M_M,-0.001830458967501003,False
2022-04-20,842.647263719279,858.5171561924363,842.647263719279,850.1721801757812,2208791.0,M_M,0.010028629713310533,False
2022-04-21,850.1721391562704,881.7671888667587,849.6897719851179,878.8729858398438,3206906.0,M_M,0.0337588153709385,False
2022-04-22,871.9269294648975,894.3570040210642,857.6970972195875,888.1827392578125,4924905.0,M_M,0.010592831464802055,False
2022-04-25,882.1048502526781,895.2734979950221,863.5337135755185,872.119873046875,5476626.0,M_M,-0.01808509161567362,False
2022-04-26,874.6281704100984,909.6480757126776,874.6281704100984,906.9950561523438,6384561.0,M_M,0.03998897878983931,False
2022-04-27,897.2029994382804,907.5256693804037,890.4016336384365,894.1640625,3154605.0,M_M,-0.014146707377629353,False
2022-04-28,911.6740000558171,911.6740000558171,886.1085386785905,890.3533935546875,2869224.0,M_M,-0.004261711139070146,False
2022-04-29,896.1418453052733,906.1268232110464,885.6262163510679,889.5816040039062,3467791.0,M_M,-0.0008668350751154241,False
2022-05-02,882.7319922270351,900.7725376152129,877.6189115895855,888.8580322265625,2740823.0,M_M,-0.0008133843754041248,False
2022-05-03,882.7319922270351,900.7725376152129,877.6189115895855,888.8580322265625,2740823.0,M_M,0.0,False
2022-05-04,885.529731191887,891.3663625477274,859.6265771673002,864.4984741210938,2408261.0,M_M,-0.02740545421460472,False
2022-05-05,877.9083362666822,888.5204150567191,864.0644206709484,867.344482421875,2690817.0,M_M,0.0032920917572176744,False
2022-05-06,858.6136159375747,882.5390172792922,856.0088212812211,862.3278198242188,4247088.0,M_M,-0.005783933257577534,False
2022-05-09,848.9662602314672,870.0939668516769,844.1425882983339,863.7266845703125,1790691.0,M_M,0.00162219600705793,False
2022-05-10,863.7267054766708,878.824822545911,852.9216683083752,857.0217895507812,2436623.0,M_M,-0.007762750809148344,False
2022-05-11,857.2629657060888,866.7174099479122,845.5897029998499,855.7676391601562,3048794.0,M_M,-0.0014633821519081103,False
2022-05-12,853.6934425277419,857.6488297756474,823.593719290007,834.7363891601562,4908042.0,M_M,-0.024575888404286816,False
2022-05-13,848.7733507521111,873.084670480146,839.4154148831285,858.1312866210938,4956950.0,M_M,0.02802668934138053,False
2022-05-16,863.4372891538832,876.8471208848898,861.2184118074608,871.4927978515625,2856221.0,M_M,0.01557047440034487,False
2022-05-17,875.0140748760919,884.6614185902715,866.4761992421281,878.6800537109375,3469290.0,M_M,0.008247062829541685,False
2022-05-18,877.9083071902863,890.2086708349855,873.2775938300015,881.0919189453125,3203522.0,M_M,0.002744873090255062,False
2022-05-19,869.2256919732562,880.8025047409354,849.1110033424992,851.4263305664062,2658159.0,M_M,-0.033669118670860865,False
2022-05-20,865.2703088725235,879.21067387792,857.3112500544999,871.9269409179688,3426756.0,M_M,0.024077961434343376,False
2022-05-23,878.8730332702829,910.1786761441042,878.149482474506,908.683349609375,6613972.0,M_M,0.04215537674831893,False
2022-05-24,915.5330039147332,926.5310003283348,909.841047039099,913.4588012695312,4546511.0,M_M,0.00525535288195722,False
2022-05-25,920.1636418020146,920.1636418020146,890.7874680927113,895.659423828125,1363358.0,M_M,-0.019485692640618835,False
2022-05-26,897.2994183014749,900.5795387283432,882.5389941459945,897.010009765625,2384886.0,M_M,0.0015079235494754872,False
2022-05-27,906.8503181053652,924.215536962702,890.4498336289915,919.2471313476562,3269005.0,M_M,0.02479027139044021,False
2022-05-30,937.9629740472652,976.0699809640736,923.299000115394,963.1425170898438,11690785.0,M_M,0.047751452515097714,False
2022-05-31,962.756630729158,1006.2179002631176,957.016449722927,997.8729248046876,13301109.0,M_M,0.03605946897639045,False
2022-06-01,998.5001648039585,1019.9655065110968,979.0125169607096,1010.4146118164062,7889745.0,M_M,0.012568420988247064,False
2022-06-02,1008.0992395178966,1020.6407876552362,998.5001786266467,1007.7134399414062,4081658.0,M_M,-0.002673330178929345,False
2022-06-03,1013.0675906710328,1019.2901983379538,989.528047275009,992.3740844726562,2660682.0,M_M,-0.015221941933851624,False
2022-06-06,991.7469129212484,1011.6204170006322,982.0995694103412,999.41650390625,3443406.0,M_M,0.007096537025486738,False
2022-06-07,998.3072436516036,1008.1474878140452,982.19610787608,1005.783935546875,2162861.0,M_M,0.006371149181285007,False
2022-06-08,1019.675928326158,1019.675928326158,997.7765055971282,1008.1473999023438,4293398.0,M_M,0.002349872842404954,False
2022-06-09,999.4648975133796,1012.295912898442,995.6059596851424,1008.2439575195312,2757706.0,M_M,9.577728137455388e-05,False
2022-06-10,996.5706950223108,1006.7004068303788,990.3963709385914,999.947265625,2425545.0,M_M,-0.008228853575222628,False
2022-06-13,987.5503975370008,992.7117030522622,963.3355286343768,968.8827514648438,4047155.0,M_M,-0.03106615241428745,False
2022-06-14,964.7344047016802,988.852764819222,963.8178952406704,983.3055419921876,3614327.0,M_M,0.014886001949707683,False
2022-06-15,988.5151433420943,1002.6485260957946,984.0291047526358,989.3351440429688,3333753.0,M_M,0.006131971999837615,False
2022-06-16,1001.1048395375328,1001.1048395375328,961.8401965729724,969.7992553710938,3255301.0,M_M,-0.019746482058689008,False
2022-06-17,964.7343874135864,972.4040375700672,948.478636538753,962.46728515625,5318310.0,M_M,-0.007560296808062805,False
2022-06-20,969.5580596994251,972.4522628627072,944.5714155033396,948.0444946289062,3722583.0,M_M,-0.01498522677059333,False
2022-06-21,948.0445141508868,969.3168960625032,947.176229630937,962.7567138671876,6263423.0,M_M,0.015518490241368088,False
2022-06-22,960.0555456527718,968.545197338497,938.3490197549244,949.1057739257812,2629024.0,M_M,-0.014179012978858818,False
2022-06-23,951.2281411934408,995.2200073344932,950.4563654314904,991.45751953125,7303072.0,M_M,0.04462278785881724,False
2022-06-24,1000.3330935555472,1036.6070823779007,995.2199542794344,1034.2435302734375,7273273.0,M_M,0.043154658570158766,False
2022-06-27,1051.367530288381,1056.3841017475886,1034.2434957623354,1044.517822265625,6316257.0,M_M,0.009934112896477165,False
2022-06-28,1043.842635559521,1081.9013610714846,1041.3825156985642,1072.78466796875,11020641.0,M_M,0.027062099947526397,False
2022-06-29,1066.9961128552254,1076.1128046880124,1052.2356312764691,1072.5433349609375,5052023.0,M_M,-0.00022495941172373524,False
2022-06-30,1070.179972221346,1078.0907476031773,1049.679365164015,1054.5994873046875,4165189.0,M_M,-0.016730184293116235,False
2022-07-01,1053.875852219651,1074.0869902201855,1026.4773724837294,1068.298583984375,2839545.0,M_M,0.012989857139698913,False
2022-07-04,1062.1724607930769,1063.1371950898915,1041.3342235349608,1052.718017578125,2784613.0,M_M,-0.014584467900481513,False
2022-07-05,1052.525327828106,1063.1374072104245,1039.9837794671846,1043.79443359375,3675577.0,M_M,-0.008476708705817071,False
2022-07-06,1044.5178715837649,1072.784636171801,1042.4919529282529,1065.597412109375,4957228.0,M_M,0.020888191979102633,False
2022-07-07,1079.537868184749,1098.784273688302,1075.293012978388,1093.3336181640625,4917004.0,M_M,0.026028785111051445,False
2022-07-08,1143.1620141645965,1152.7611923892762,1086.4357004171543,1093.6229248046875,10482265.0,M_M,0.00026460966334385105,False
2022-07-11,1089.1368609070591,1126.7133366924215,1083.059104806511,1123.9638671875,4520273.0,M_M,0.027743513504191686,False
2022-07-12,1122.9507636087928,1123.384846952473,1101.7266082828537,1106.212646484375,2452632.0,M_M,-0.01579340868629875,False
2022-07-13,1112.531701612776,1115.715372349519,1097.9642352199244,1100.1348876953125,3379695.0,M_M,-0.005494204761062993,False
2022-07-14,1105.982548091073,1122.1122003458718,1102.4738725465595,1113.6331787109375,2423203.0,M_M,0.012269669080218648,False
2022-07-15,1113.9743506588154,1146.038903006422,1111.4403995520145,1142.7252197265625,3879759.0,M_M,0.026123540113361043,False
2022-07-18,1149.54745160653,1149.54745160653,1129.8116856929798,1133.8563232421875,3480683.0,M_M,-0.00776118031813211,False
2022-07-19,1132.3943522813072,1159.2934449914385,1131.517183383825,1156.1259765625,4056414.0,M_M,0.019640630707631335,False
2022-07-20,1164.6537236078525,1164.6537236078525,1132.9790407482246,1136.049072265625,3028752.0,M_M,-0.01736567182459603,False
2022-07-21,1137.462359437194,1150.0347975434072,1135.220837570003,1145.3079833984375,2062279.0,M_M,0.008150097877680063,False
2022-07-22,1150.0347690074311,1155.7849666465536,1140.5811409520663,1151.1068115234375,1983433.0,M_M,0.005063116828884162,False
2022-07-25,1154.9077532732008,1154.9077532732008,1103.2536512280703,1107.005859375,4380502.0,M_M,-0.03831178106753785,False
2022-07-26,1105.2027663110007,1116.898033679371,1096.57753042091,1107.1519775390625,2598868.0,M_M,0.00013199402950325734,False
2022-07-27,1111.0505051046755,1121.0889914670363,1098.1857573705804,1109.19873046875,1647876.0,M_M,0.00184866483663515,False
2022-07-28,1113.0971220243534,1122.7457420390856,1106.5185336920931,1119.9681396484375,1929675.0,M_M,0.009709179143341018,False
2022-07-29,1129.3730897823864,1154.1279784442754,1123.9639807650012,1134.8795166015625,2230572.0,M_M,0.013314108165439098,False
2022-08-01,1159.1960742486965,1216.9901224157588,1154.176830965927,1206.3182373046875,12673841.0,M_M,0.06294828627892657,False
2022-08-02,1206.2693992975746,1227.759502071838,1195.0614340077743,1222.642822265625,5626351.0,M_M,0.013532569148098084,False
2022-08-03,1227.9544450074766,1227.9544450074766,1199.739656641328,1221.8631591796875,3820503.0,M_M,-0.0006376867158085497,False
2022-08-04,1232.7788223544724,1232.8762591342315,1207.5852878097278,1229.757568359375,3075648.0,M_M,0.006460960149569761,False
2022-08-05,1245.7408839923091,1246.0333132730696,1199.983196689454,1204.51513671875,5766297.0,M_M,-0.020526347867328876,False
2022-08-08,1213.384099554764,1247.495299140641,1211.0937999480825,1244.279052734375,5412651.0,M_M,0.03301238382437166,False
2022-08-09,1213.384099554764,1247.495299140641,1211.0937999480825,1244.279052734375,5412651.0,M_M,0.0,False
2022-08-10,1244.5715508844646,1247.202938838492,1228.2469044652676,1235.848876953125,2530492.0,M_M,-0.006775148840386103,False
2022-08-11,1244.571443142631,1246.4718766148617,1222.1555126866558,1234.045654296875,3077633.0,M_M,-0.0014590964072368484,False
2022-08-12,1232.8762725814822,1236.6772587969654,1217.575009909156,1227.4671630859375,3355489.0,M_M,-0.005330832929909546,False
2022-08-15,1232.8762725814822,1236.6772587969654,1217.575009909156,1227.4671630859375,3355489.0,M_M,0.0,False
2022-08-16,1248.0800593118886,1265.7203990225812,1242.2812028750072,1255.5845947265625,4085782.0,M_M,0.02290687073855069,False
2022-08-17,1261.1396967195776,1261.1396967195776,1237.7979392564037,1241.8912353515625,2197165.0,M_M,-0.010905963192374246,False
2022-08-18,1241.6476831032874,1245.8871941769412,1222.837745182391,1229.1240234375,2659857.0,M_M,-0.010280458989186947,False
2022-08-19,1237.749303788523,1240.3320328227974,1204.12540537852,1207.9263916015625,2513148.0,M_M,-0.017246129301625612,False
2022-08-22,1207.9263925549112,1215.7232385691816,1188.0931893001969,1195.548828125,2443323.0,M_M,-0.01024695177009205,False
2022-08-23,1188.9703074138945,1244.571616326605,1187.069873677216,1240.7706298828125,4449168.0,M_M,0.03782513996415737,False
2022-08-24,1242.5734396947885,1250.9063656831038,1228.977738314292,1236.0924072265625,2570071.0,M_M,-0.0037704169840737656,False
2022-08-25,1241.647677553357,1245.0100196728474,1224.7869511412682,1227.662109375,1769049.0,M_M,-0.006820119436278804,False
2022-08-26,1247.3979302162013,1266.0128763515338,1236.5798301246043,1242.28125,4325600.0,M_M,0.011908114222440647,False
2022-08-29,1217.2825012672631,1248.2750096563116,1210.606476115246,1244.3765869140625,2554692.0,M_M,0.0016866848099514886,False
2022-08-30,1251.3935977210806,1281.6063714978357,1251.3935977210806,1275.46630859375,5078317.0,M_M,0.02498417441040668,False
2022-08-31,1251.3935977210806,1281.6063714978357,1251.3935977210806,1275.46630859375,5078317.0,M_M,0.0,False
2022-09-01,1247.4952853070724,1292.034717827133,1247.4952853070724,1278.7314453125,4913035.0,M_M,0.002559955285961202,False
2022-09-02,1285.1638554569888,1296.8591240877513,1277.9029714664691,1282.5323486328125,2316436.0,M_M,0.002972401542361114,False
2022-09-05,1285.5049385530303,1290.8164921135444,1268.0594724540938,1287.015625,2271837.0,M_M,0.0034956438891906583,False
2022-09-06,1291.3524949334374,1293.3017062465444,1267.5720931194478,1273.224853515625,1930221.0,M_M,-0.010715310068108108,False
2022-09-07,1258.2158874654976,1278.6338281363571,1248.6647045580737,1256.9488525390625,3162428.0,M_M,-0.012783288773873136,False
2022-09-08,1271.8605592111187,1298.1261377307917,1268.936741833622,1288.3314208984375,4026323.0,M_M,0.0249672596430488,False
2022-09-09,1304.022448554575,1304.022448554575,1261.1885749065912,1268.2056884765625,3415016.0,M_M,-0.01562154900160706,False
2022-09-12,1274.7843120572768,1282.1912919112306,1262.1144373961572,1264.1124267578125,3077887.0,M_M,-0.003227600818970555,False
2022-09-13,1276.6846802307623,1276.6846802307623,1258.2159499326235,1266.8411865234375,2460291.0,M_M,0.0021586369280648388,False
2022-09-14,1251.3449999384204,1280.4857355367392,1247.4953548300457,1265.0870361328125,2955136.0,M_M,-0.0013846647940448653,False
2022-09-15,1271.8604948277878,1280.875597952046,1256.315580812508,1264.1124267578125,2555055.0,M_M,-0.0007703891883827918,False
2022-09-16,1258.459664334464,1264.0636473508614,1203.1507884769765,1218.3546142578125,9047956.0,M_M,-0.0361975814266452,False
2022-09-19,1227.9057453028893,1265.4767236580471,1218.3545618541073,1255.9256591796875,4476773.0,M_M,0.030837528320736274,False
2022-09-20,1266.9875093757912,1278.682778693106,1263.6251670352358,1269.862548828125,3780649.0,M_M,0.011096906529913797,False
2022-09-21,1275.7100274888342,1289.403284561574,1260.7498544439002,1273.468505859375,2887754.0,M_M,0.0028396435776278928,False
2022-09-22,1264.0636720936595,1287.0156853547733,1260.165249049423,1277.1234130859375,2010645.0,M_M,0.002870041316095362,False
2022-09-23,1271.8604026295727,1284.6277131454103,1228.977753038997,1239.9908447265625,4639618.0,M_M,-0.029075160614001172,False
2022-09-26,1218.2571777766873,1226.9798515813975,1185.4130118519988,1205.0025634765625,3345338.0,M_M,-0.028216564177710124,False
2022-09-27,1211.0450439429612,1221.0835304476702,1190.188457739756,1204.3690185546875,3588217.0,M_M,-0.0005257623021540647,False
2022-09-28,1201.786217416024,1229.7086934124184,1180.4911075060763,1210.85009765625,3361451.0,M_M,0.005381306727185731,False
2022-09-29,1223.1302360802154,1235.7513331591656,1214.066354870094,1226.3951416015625,3474302.0,M_M,0.012838124203319534,False
2022-09-30,1225.0305591711897,1250.1266553755363,1201.7375786471805,1235.994873046875,3320684.0,M_M,0.007827600680785585,False
2022-10-03,1237.7003951660895,1243.6942436957438,1210.508992761538,1219.57275390625,3150821.0,M_M,-0.01328655927199962,False
2022-10-04,1232.876178462568,1245.497274361428,1223.1301217158282,1228.34423828125,3011962.0,M_M,0.007192260032790276,False
2022-10-05,1232.876178462568,1245.497274361428,1223.1301217158282,1228.34423828125,3011962.0,M_M,0.0,False
2022-10-06,1235.8000331179694,1244.5714844571348,1222.6428561092214,1224.98193359375,3531469.0,M_M,-0.002737265810929923,False
2022-10-07,1228.0031933283008,1229.9036268726634,1201.6400613119326,1207.3902587890625,3501889.0,M_M,-0.01436076265474262,False
2022-10-10,1202.6634848511037,1214.8948344934734,1187.069792989177,1211.4349365234375,2230590.0,M_M,0.0033499340457090465,False
2022-10-11,1217.5262236219226,1217.5262236219226,1194.3793372412774,1198.3265380859375,1569478.0,M_M,-0.010820555064325887,False
2022-10-12,1204.2716505367478,1227.3697598326453,1198.862540893445,1216.2105712890625,2884899.0,M_M,0.014924173532608886,False
2022-10-13,1223.1301740768492,1241.7938973399157,1208.9983911891088,1216.5028076171875,2137351.0,M_M,0.00024028431837685993,False
2022-10-14,1235.5564326626925,1239.6985070770615,1196.8158543165343,1199.0574951171875,1696759.0,M_M,-0.014340544379154219,False
2022-10-17,1195.8411975395388,1207.2928145493918,1166.1157235990695,1198.7650146484375,2158727.0,M_M,-0.00024392530795314116,False
2022-10-18,1204.7588786912577,1235.166529418658,1202.17614975178,1221.960693359375,2722206.0,M_M,0.019349646033622436,False
2022-10-19,1227.9545013202787,1232.6814345157568,1212.409586763057,1216.6978759765625,1449579.0,M_M,-0.004306863069665656,False
2022-10-20,1209.680502646208,1222.155502734375,1192.478807851839,1218.257080078125,1831346.0,M_M,0.001281504745219486,False
2022-10-21,1221.278358818713,1236.6771762139854,1212.5556855351356,1224.835693359375,1750934.0,M_M,0.005400020561200591,False
2022-10-24,1228.9777698422013,1245.546066501454,1228.9777698422013,1238.675048828125,318933.0,M_M,0.011298948539613995,False
2022-10-25,1238.6749194055071,1251.2473552332788,1227.6131698211095,1248.859619140625,2809493.0,M_M,0.008222148595093959,False
2022-10-26,1238.6749194055071,1251.2473552332788,1227.6131698211095,1248.859619140625,2809493.0,M_M,0.0,False
2022-10-27,1250.7115625211372,1266.8412157333971,1246.5694882294947,1261.2860107421875,3279938.0,M_M,0.009950190887037857,False
2022-10-28,1267.6208903485683,1282.483626837982,1257.241316153681,1278.341552734375,2111224.0,M_M,0.013522342947537735,False
2022-10-31,1284.7738918742682,1324.0017690962968,1283.165768765493,1314.3531494140625,4306893.0,M_M,0.028170559427297626,False
2022-11-01,1326.4382564315786,1331.8473652417829,1315.0840770993416,1319.664794921875,3405472.0,M_M,0.004041262053642525,False
2022-11-02,1319.6649577908702,1326.4384201365335,1304.607227634837,1318.008056640625,2298917.0,M_M,-0.0012554235648516432,False
2022-11-03,1305.9716879881407,1320.5907740477096,1294.812499884174,1301.488525390625,1931917.0,M_M,-0.012533710372078732,False
2022-11-04,1304.0223900459655,1317.666869463487,1297.200150337205,1304.3148193359375,2204968.0,M_M,0.002171585757518857,False
2022-11-07,1310.8446776604922,1321.1754743743638,1302.6579659167064,1316.9847412109375,2599224.0,M_M,0.009713852581580529,False
2022-11-08,1310.8446776604922,1321.1754743743638,1302.6579659167064,1316.9847412109375,2599224.0,M_M,0.0,False
2022-11-09,1330.1905257299284,1330.1905257299284,1297.200147574063,1303.5838623046875,2459869.0,M_M,-0.01017542457927656,False
2022-11-10,1304.9969911199537,1304.9969911199537,1257.8260529343793,1265.2330322265625,2792546.0,M_M,-0.0294195342448641,False
2022-11-11,1271.9578188134549,1285.2612098219988,1246.0821100093358,1254.4149169921875,5308986.0,M_M,-0.008550294656263668,False
2022-11-14,1270.8857935143194,1276.4409982444276,1235.8487672705544,1245.6922607421875,3794391.0,M_M,-0.0069535654685253245,False
2022-11-15,1251.929736063621,1263.3813524581456,1242.8658559248945,1258.8980712890625,3192070.0,M_M,0.010601182140288046,False
2022-11-16,1256.218009379116,1262.1144216398122,1243.5969127508884,1254.025146484375,2478281.0,M_M,-0.003870785821204592,False
2022-11-17,1247.6901333678552,1252.368288180354,1222.301727001392,1227.36962890625,2319979.0,M_M,-0.021255967356677785,False
2022-11-18,1218.3059214216928,1224.0559999628988,1186.3388063868292,1195.9874267578125,4525364.0,M_M,-0.025568664409924557,False
2022-11-21,1187.0698251205622,1203.540686389638,1171.4761328365482,1187.3134765625,4120736.0,M_M,-0.007252542962618458,False
2022-11-22,1189.6525410093343,1204.0766348298669,1185.071822569434,1197.25439453125,2469455.0,M_M,0.008372614448486582,False
2022-11-23,1203.2481479764465,1208.8521306329185,1192.9173515690338,1204.3201904296875,2396267.0,M_M,0.0059016662880606585,False
2022-11-24,1210.3628624599778,1225.0793849770732,1207.195393883068,1222.204345703125,2133523.0,M_M,0.0148500003699652,False
2022-11-25,1226.0540153366314,1235.5076433834097,1214.358746509891,1228.782958984375,1370326.0,M_M,0.005382580502498069,False
2022-11-28,1226.9311693713564,1239.6984805578595,1214.3587317414251,1218.9393310546875,2126619.0,M_M,-0.008010876011678714,False
2022-11-29,1224.1047153749653,1232.8761663609323,1216.843950758082,1225.1767578125,2435651.0,M_M,0.0051170936886708596,False
2022-11-30,1230.0498420697502,1282.5811136017803,1225.7128942509837,1272.4451904296875,7536690.0,M_M,0.03858090868584818,False
2022-12-01,1281.606561266568,1283.506994890921,1255.2922060162275,1260.603759765625,2613761.0,M_M,-0.009306043791217244,False
2022-12-02,1253.7815627737298,1260.9450104598195,1228.0032873846617,1232.4864501953125,2892150.0,M_M,-0.022304637244252024,False
2022-12-05,1237.2131997533263,1237.2131997533263,1220.791116951875,1227.808349609375,2764806.0,M_M,-0.003795660865233974,False
2022-12-06,1216.7951482791086,1233.3146663804346,1216.7951482791086,1230.9757080078125,1686075.0,M_M,0.0025796846873089585,False
2022-12-07,1229.9525061085756,1236.6773098488975,1220.596314325291,1234.4356689453125,1731982.0,M_M,0.0028107467231011096,False
2022-12-08,1240.6242977357092,1249.444527047577,1237.2619556060051,1241.98876953125,1906386.0,M_M,0.006118666833720754,False
2022-12-09,1248.957241724199,1252.0272735646606,1224.5920984989905,1233.26611328125,1308941.0,M_M,-0.007023136169976851,False
2022-12-12,1231.8042966123503,1244.8640381497437,1224.5921898853928,1231.9017333984375,1723401.0,M_M,-0.001106314256200891,False
2022-12-13,1235.7999589658832,1253.294082721122,1234.8253533200111,1250.7601318359375,2164600.0,M_M,0.015308362612231674,False
2022-12-14,1254.3174527579474,1258.2158752995415,1244.035315716327,1253.7813720703125,1436837.0,M_M,0.0024155232945746175,False
2022-12-15,1253.2455341920918,1260.6525139589558,1249.2008966114354,1254.268798828125,2417555.0,M_M,0.00038876535309162463,False
2022-12-16,1245.4972413019232,1254.317470011773,1218.2570610059954,1219.81640625,2136354.0,M_M,-0.0274681093959398,False
2022-12-19,1219.1344194365745,1262.0170746514357,1213.4329992986857,1257.875,2767603.0,M_M,0.031200263871676404,False
2022-12-20,1255.2434120754522,1255.2921899505,1231.0244832916885,1242.865966796875,1286604.0,M_M,-0.011932054618404075,False
2022-12-21,1247.3978215132388,1251.8809838036211,1226.5412363696826,1233.558349609375,1251993.0,M_M,-0.007488834223603136,False
2022-12-22,1233.558354177551,1245.2049633658391,1198.0828028149972,1202.6146240234375,1557590.0,M_M,-0.025084930595894672,False
2022-12-23,1189.018912924272,1198.7649695875857,1177.3236449282954,1193.5020751953125,1913648.0,M_M,-0.007577280906196138,False
2022-12-26,1193.5020744080523,1215.7231311739174,1185.4129187650888,1205.635986328125,1677560.0,M_M,0.010166644352777476,False
2022-12-27,1211.678555932681,1216.7952359396363,1192.8686180332302,1202.9071044921875,1304940.0,M_M,-0.002263437610425467,False
2022-12-28,1198.6187361329328,1223.1300920505796,1193.89192251949,1220.54736328125,1959508.0,M_M,0.014664689171080658,False
2022-12-29,1216.0154600173053,1235.4101368540669,1207.0979132167315,1230.29345703125,1289676.0,M_M,0.007985018888410078,False
2022-12-30,1233.2173231533657,1233.2173231533657,1213.384120559194,1217.4774169921875,1372710.0,M_M,-0.010417059414416618,False
2023-01-02,1219.2317081811425,1238.7238218211285,1211.044996658264,1230.78076171875,1718385.0,M_M,0.010926974530196087,False
2023-01-03,1230.9270017019296,1232.8762131060498,1215.040881170181,1217.574951171875,1510751.0,M_M,-0.01072962054463178,False
2023-01-04,1220.5475243225726,1223.909985644547,1199.7397147216093,1204.8076171875,1344532.0,M_M,-0.010485871093263599,False
2023-01-05,1208.511057953407,1223.1301433318758,1199.739606726326,1220.83984375,2745160.0,M_M,0.013306876827294367,False
2023-01-06,1220.8397675429374,1242.5734017333546,1216.454042203162,1232.7786865234375,2214972.0,M_M,0.009779204729070345,False
2023-01-09,1240.6243071374422,1280.5344828647335,1239.3573910801722,1277.0745849609375,3634805.0,M_M,0.03593175232646084,False
2023-01-10,1277.2207444144408,1292.716998529921,1272.591367431634,1281.509033203125,3139930.0,M_M,0.003472348674391057,False
2023-01-11,1282.0937141227805,1286.47943948466,1267.474629583182,1279.267333984375,2041750.0,M_M,-0.001749265249537002,False
2023-01-12,1282.581215784776,1293.3018794425516,1276.733581062353,1286.3822021484375,2448619.0,M_M,0.00556167422950038,False
2023-01-13,1291.3525756178308,1303.0478442271997,1278.2928352099505,1294.422607421875,2600139.0,M_M,0.0062504015214210895,False
2023-01-16,1299.1494478025534,1301.3423107114477,1269.8624978089313,1282.1912841796875,1651972.0,M_M,-0.009449250323701364,False
2023-01-17,1285.45608678132,1290.2316783061062,1270.983216534396,1287.307861328125,1607137.0,M_M,0.003990494407167144,False
2023-01-18,1286.8204914180585,1291.3524312917682,1274.8815727136628,1288.5748291015625,1179938.0,M_M,0.000984199515514872,False
2023-01-19,1284.1403412132988,1294.9584398020197,1278.9750028091626,1286.0408935546875,2066881.0,M_M,-0.001966463638469307,False
2023-01-20,1290.4267961392047,1291.3526240173096,1278.341660995825,1281.3629150390625,1332666.0,M_M,-0.003637503705418599,False
2023-01-23,1287.7951673457314,1311.7704428304455,1278.975057489237,1294.71484375,1681075.0,M_M,0.010420099219533352,False
2023-01-24,1301.196053893862,1301.196053893862,1287.502915110948,1290.280517578125,1408040.0,M_M,-0.003424944259564855,False
2023-01-25,1291.2551753474268,1298.1748523428564,1272.883880848222,1278.1954345703125,1359090.0,M_M,-0.009366244660111822,False
2023-01-26,1291.2551753474268,1298.1748523428564,1272.883880848222,1278.1954345703125,1359090.0,M_M,0.0,False
2023-01-27,1284.6276683594087,1305.7766820978754,1253.9763686156368,1286.67431640625,1914769.0,M_M,0.0066334784232646715,False
2023-01-30,1286.577067698238,1307.9209580961283,1271.8605441992904,1297.7850341796875,2402331.0,M_M,0.008635221541120286,False
2023-01-31,1316.010065490337,1350.3161370091511,1301.3909806436122,1343.737548828125,5265862.0,M_M,0.035408417756553456,False
2023-02-01,1351.3394700634751,1354.70181186447,1288.428629701316,1317.715576171875,3010838.0,M_M,-0.019365368392766702,False
2023-02-02,1313.8172517258502,1343.201518186508,1296.7128742295802,1318.0567626953125,2029111.0,M_M,0.00025892273689942513,False
2023-02-03,1324.6841138767277,1356.602452817263,1316.2538691496943,1352.7528076171875,1803085.0,M_M,0.026323634841738164,False
2023-02-06,1356.5536266603226,1356.5536266603226,1325.463682662609,1341.057373046875,1504382.0,M_M,-0.008645655366196214,False
2023-02-07,1347.7823371297525,1349.828985443559,1326.4384470676418,1331.99365234375,1413825.0,M_M,-0.006758637538774592,False
2023-02-08,1338.6697980003778,1344.9559576053612,1325.4638422777473,1338.1824951171875,1241238.0,M_M,0.004646300500417366,False
2023-02-09,1337.158886233347,1350.8033646642996,1328.387435813449,1337.353759765625,1866387.0,M_M,-0.0006192992021539778,False
2023-02-10,1343.5428212882475,1351.7294145157198,1316.4975113827838,1330.775390625,3282665.0,M_M,-0.004918944664108804,False
2023-02-13,1340.0828043619792,1348.8542554450758,1291.4012984389608,1318.6414794921875,4401219.0,M_M,-0.00911792569827563,False
2023-02-14,1323.5144486060397,1342.0319556189372,1315.7176035479777,1328.53369140625,2373179.0,M_M,0.00750182067522398,False
2023-02-15,1329.5569663861793,1348.025814644849,1325.5124481568569,1344.322265625,2007214.0,M_M,0.011884210630772829,False
2023-02-16,1345.0532281620174,1361.524087372417,1328.582368951618,1333.40673828125,2646301.0,M_M,-0.008119725175179782,False
2023-02-17,1325.4148982268102,1337.6950245199257,1298.467147341314,1307.4334716796875,2150027.0,M_M,-0.019478877566676878,False
2023-02-20,1308.0182289388408,1320.5418878417383,1298.7594751939912,1312.0628662109375,1497314.0,M_M,0.003540826077599535,False
2023-02-21,1320.1033586606172,1327.802767123153,1306.9461823284516,1317.5206298828125,2118816.0,M_M,0.004159681530837123,False
2023-02-22,1312.696407719484,1318.4952638987495,1277.8542548311234,1286.23583984375,2196484.0,M_M,-0.023745199376380977,False
2023-02-23,1291.596222035404,1292.5708277490696,1271.8604563336746,1280.5831298828125,1847879.0,M_M,-0.004394769439502011,False
2023-02-24,1286.674414046642,1287.0156212223542,1245.740974121887,1247.690185546875,2824384.0,M_M,-0.0256859110262897,False
2023-02-27,1237.7979009554515,1252.758073255372,1216.6976657323692,1225.4691162109375,2019964.0,M_M,-0.017809765271334377,False
2023-02-28,1231.609177566277,1260.4088236377204,1228.0031840584013,1237.359375,3407211.0,M_M,0.009702618068275992,False
2023-03-01,1243.5480345890498,1272.3964570763635,1236.823350763837,1239.8446044921875,2338935.0,M_M,0.0020084944943239424,False
2023-03-02,1246.0820516957665,1246.0820516957665,1218.2570139098996,1219.7677001953125,1563750.0,M_M,-0.016193081152373945,False
2023-03-03,1225.9565322366718,1244.5226994153784,1221.4245919434554,1236.384765625,1493291.0,M_M,0.013623139411731211,False
2023-03-06,1237.3108161848595,1251.6374735696072,1235.800129636957,1238.1878662109375,1570410.0,M_M,0.0014583652565680616,False
2023-03-07,1237.3108161848595,1251.6374735696072,1235.800129636957,1238.1878662109375,1570410.0,M_M,0.0,False
2023-03-08,1237.749290024765,1259.141838433479,1226.3464504528654,1257.192626953125,2370800.0,M_M,0.015348850736476072,False
2023-03-09,1258.215931097244,1261.9194802641643,1213.335292008667,1216.4541015625,3596577.0,M_M,-0.032404362320639035,False
2023-03-10,1217.2825839779498,1224.7870006785136,1194.2331341541776,1195.548828125,2664696.0,M_M,-0.017185419006477742,False
2023-03-13,1191.6502816933055,1199.7395561834403,1152.4224042470153,1163.14306640625,3842775.0,M_M,-0.02710534355135663,False
2023-03-14,1162.0224684270277,1162.1199052066938,1127.472623649873,1131.3223876953125,5379592.0,M_M,-0.027357493355700035,False
2023-03-15,1137.3649412708546,1144.5770478116456,1123.9153339658544,1130.8837890625,2226887.0,M_M,-0.00038768669088751206,False
2023-03-16,1130.5425567811806,1145.4052929802433,1111.196658375172,1137.41357421875,3604480.0,M_M,0.00577405496427108,False
2023-03-17,1143.114959948652,1156.1259212322943,1122.7456786171574,1141.75048828125,3683701.0,M_M,0.0038129614071811258,False
2023-03-20,1140.2398125889792,1149.2062557936388,1115.9234496370195,1137.998291015625,2082268.0,M_M,-0.003286354859609819,False
2023-03-21,1140.8734507058136,1145.161739738067,1127.0340968435328,1130.8350830078125,2209422.0,M_M,-0.006294568334913375,False
2023-03-22,1137.8522576926266,1150.5221329388828,1129.7143231554642,1134.53857421875,2211909.0,M_M,0.003275005583561308,False
2023-03-23,1131.517298158807,1145.161778929025,1124.50018420801,1135.366943359375,2594282.0,M_M,0.0007301374844794761,False
2023-03-24,1131.0786995779004,1140.824756636965,1117.9701814512048,1121.5762939453125,1839876.0,M_M,-0.012146424990371885,False
2023-03-27,1112.5123406979235,1121.3812282488702,1096.918650420949,1109.0037841796875,2446528.0,M_M,-0.011209678586731942,False
2023-03-28,1114.559101532079,1119.82199632718,1094.8721131534885,1099.647705078125,1903339.0,M_M,-0.008436471755128405,False
2023-03-29,1105.1540689910553,1123.184274164754,1103.2536354933472,1115.2413330078125,4003003.0,M_M,0.014180566974019815,False
2023-03-30,1105.1540689910553,1123.184274164754,1103.2536354933472,1115.2413330078125,4003003.0,M_M,0.0,False
2023-03-31,1118.4574138354328,1133.4663645548335,1116.7518539575558,1129.2755126953125,2343070.0,M_M,0.012583984535122772,False
2023-04-03,1131.8096985718446,1150.034778404146,1125.9620641053828,1140.1912841796875,2546562.0,M_M,0.009666172126872485,False
2023-04-04,1131.8096985718446,1150.034778404146,1125.9620641053828,1140.1912841796875,2546562.0,M_M,0.0,False
2023-04-05,1142.2378030575633,1143.5048379699397,1122.696912507534,1126.1080322265625,2028469.0,M_M,-0.012351657260086135,False
2023-04-06,1124.6951294857256,1145.1618519460378,1119.1399238346737,1141.507080078125,2029418.0,M_M,0.013674574206806067,False
2023-04-07,1124.6951294857256,1145.1618519460378,1119.1399238346737,1141.507080078125,2029418.0,M_M,0.0,False
2023-04-10,1141.5068754158744,1160.7553371358008,1141.5068754158744,1158.416259765625,2586918.0,M_M,0.014813030933056304,False
2023-04-11,1169.5269335859052,1173.620230265283,1158.026537817471,1171.1837158203125,2443384.0,M_M,0.011021475179630702,False
2023-04-12,1172.937977340328,1182.147953753709,1168.1623855454393,1176.690185546875,2469405.0,M_M,0.0047016276372198185,False
2023-04-13,1182.6351989704442,1191.162998556243,1169.088275376195,1173.9613037109375,4470196.0,M_M,-0.002319116679527,False
2023-04-14,1182.6351989704442,1191.162998556243,1169.088275376195,1173.9613037109375,4470196.0,M_M,0.0,False
2023-04-17,1187.995583483016,1187.995583483016,1172.840536063714,1182.14794921875,1956198.0,M_M,0.006973522450811842,False
2023-04-18,1182.1966966537918,1186.9722883074007,1172.0607737292878,1174.107421875,2075066.0,M_M,-0.006801625252629173,False
2023-04-19,1174.0587311031177,1187.0209149877164,1172.8404740291655,1184.6331787109375,1818732.0,M_M,0.008964901030204198,False
2023-04-20,1187.0698013607644,1193.7946048177314,1183.707459117495,1187.654541015625,2172677.0,M_M,0.0025504623363454826,False
2023-04-21,1190.91945032463,1190.91945032463,1178.347131308023,1181.953125,1015815.0,M_M,-0.004800567689278945,False
2023-04-24,1179.662807120519,1186.192617966161,1165.6284607224177,1177.080078125,1389756.0,M_M,-0.004122876594619629,False
2023-04-25,1177.0799389037998,1184.1458296568965,1168.9420057615573,1179.1265869140625,1360260.0,M_M,0.0017386317440037935,False
2023-04-26,1181.222101671374,1186.3387815672277,1174.6922911067388,1182.7327880859375,1708865.0,M_M,0.0030583664314727255,False
2023-04-27,1179.3216566813294,1193.8919640834035,1179.3216566813294,1192.9173583984375,1340045.0,M_M,0.00861104927088574,False
2023-04-28,1193.8919997632022,1197.5467711910487,1180.7348226229549,1195.7437744140625,2333102.0,M_M,0.0023693309479708713,False
2023-05-01,1193.8919997632022,1197.5467711910487,1180.7348226229549,1195.7437744140625,2333102.0,M_M,0.0,False
2023-05-02,1198.7649697187103,1209.290758504408,1186.5823988882355,1205.879638671875,2607580.0,M_M,0.00847661888332163,False
2023-05-03,1205.879653767755,1210.4602528691885,1198.862421499305,1204.0765380859375,1307304.0,M_M,-0.0014952575100475318,False
2023-05-04,1203.6381216175955,1206.6107167935686,1196.815881252152,1200.421875,1541188.0,M_M,-0.003035241506945341,False
2023-05-05,1201.4938369785689,1210.8012491205584,1177.372348263925,1180.4422607421875,4753718.0,M_M,-0.016643827202676098,False
2023-05-08,1186.0462980323357,1208.3647912086528,1182.8788296702282,1200.519287109375,3513667.0,M_M,0.017008054552845486,False
2023-05-09,1207.5364726054586,1218.2571353969518,1202.712221937456,1213.8226318359375,1846359.0,M_M,0.01108132528099115,False
2023-05-10,1218.25710012405,1223.9098606567936,1203.6380149225613,1216.94140625,2108081.0,M_M,0.0025693823234662627,False
2023-05-11,1218.2571349133957,1228.8315830503593,1212.5557153160858,1219.524169921875,4100467.0,M_M,0.0021223402035712713,False
2023-05-12,1224.4946256446128,1246.3258171253035,1219.5241603671934,1243.548095703125,2427624.0,M_M,0.01969942570534622,False
2023-05-15,1247.3978483286355,1255.0484792127263,1240.28317919261,1253.0018310546875,2647630.0,M_M,0.007602227355924862,False
2023-05-16,1254.3174857063293,1258.89808472486,1226.8823125551105,1230.390869140625,1571371.0,M_M,-0.018045434055774856,False
2023-05-17,1232.8761886537716,1239.405999139896,1228.6853366298633,1231.0244140625,1643851.0,M_M,0.0005149135431390395,False
2023-05-18,1237.7003984609698,1237.7003984609698,1209.7292638753418,1213.871337890625,1900447.0,M_M,-0.013933985366925583,False
2023-05-19,1221.0835235471648,1230.3909367388123,1206.0257938751945,1228.39306640625,1588996.0,M_M,0.01196315298197903,False
2023-05-22,1227.2721682447243,1237.213098314764,1219.5241008934067,1233.4122314453125,917769.0,M_M,0.0040859600858431655,False
2023-05-23,1233.4123643672365,1238.480266719605,1224.6409125470698,1236.336181640625,1803955.0,M_M,0.002370618776729838,False
2023-05-24,1228.0033020322214,1245.5462063469674,1222.6429701582713,1243.3045654296875,1369297.0,M_M,0.005636317930787671,False
2023-05-25,1247.4952812154831,1248.2750133544114,1225.6154310979582,1245.3511962890625,2040166.0,M_M,0.0016461218886201223,False
2023-05-26,1257.2412775458138,1259.9702209302034,1236.1410416130743,1249.2982177734375,3508112.0,M_M,0.0031694043384198345,False
2023-05-29,1287.9414628742995,1315.7177259782857,1265.038228385048,1296.371826171875,6185862.0,M_M,0.03768004126535485,False
2023-05-30,1296.1767522426096,1301.3909877092517,1286.4794734964662,1294.71484375,2493657.0,M_M,-0.001278169108910654,False
2023-05-31,1291.3525168510707,1294.51998528863,1270.1548434612514,1285.5048828125,5629378.0,M_M,-0.0071135053266434545,False
2023-06-01,1285.5049074782205,1303.729986326627,1279.462399777257,1285.407470703125,2364455.0,M_M,-7.577731572816493e-05,False
2023-06-02,1291.2064088307743,1310.844738559412,1286.772024034262,1307.336181640625,2313841.0,M_M,0.017059735093576833,False
2023-06-05,1315.5227286874842,1365.4224894207628,1312.160267877326,1359.9647216796875,5105293.0,M_M,0.040256317218281934,False
2023-06-06,1359.9648266105596,1378.9696378868398,1352.8014984620463,1375.363525390625,2335838.0,M_M,0.011322943503945027,False
2023-06-07,1386.6691049257174,1386.6691049257174,1359.5750175610606,1370.685546875,2491079.0,M_M,-0.003401266959072835,False
2023-06-08,1376.8254232405586,1379.6031446587467,1342.5193502276295,1345.979248046875,1776230.0,M_M,-0.018024775182354902,False
2023-06-09,1345.6868779871336,1351.7781638733688,1328.3876260702248,1335.8433837890625,1881329.0,M_M,-0.007530475876593501,False
2023-06-12,1342.909192614036,1349.6339956118777,1334.5276075454656,1346.3203125,1389300.0,M_M,0.007842931917078522,False
2023-06-13,1348.0259647106864,1353.240081670607,1333.4555373896642,1338.2799072265625,2516583.0,M_M,-0.005972133970486682,False
2023-06-14,1339.1081965389992,1345.930436259358,1331.3113511443034,1343.64013671875,905086.0,M_M,0.004005312687759055,False
2023-06-15,1346.7101953188835,1371.4650847657624,1336.6717090842926,1357.382080078125,1720070.0,M_M,0.010227398679034438,False
2023-06-16,1363.473259788255,1373.9990480524125,1358.0154921207118,1368.2000732421875,2132678.0,M_M,0.007969748033980206,False
2023-06-19,1373.7066893449692,1379.4081087099264,1360.5495128241057,1366.9332275390625,1476764.0,M_M,-0.0009259213823333834,False
2023-06-20,1366.9820083678958,1374.0966779686032,1345.6381185362031,1360.9881591796875,1042428.0,M_M,-0.004349201731000507,False
2023-06-21,1358.6490459853744,1367.7615849652334,1335.8432501153293,1339.351806640625,2008628.0,M_M,-0.01589753179932396,False
2023-06-22,1343.9811499772895,1356.651023037264,1339.7416393243805,1343.688720703125,1296616.0,M_M,0.003238069371316099,False
2023-06-23,1341.9346540461531,1344.5660419301887,1333.7479421163157,1338.3773193359375,1258590.0,M_M,-0.003952851047531403,False
2023-06-26,1340.0828713864626,1369.223606347424,1335.1610648888366,1362.15771484375,2281046.0,M_M,0.017768080170105893,False
2023-06-27,1370.9778426618811,1381.0163293412409,1358.2105313011532,1366.787109375,2737379.0,M_M,0.0033985745415545665,False
2023-06-28,1373.1705298044135,1377.8486843314222,1354.8480156761875,1359.5748291015625,2611913.0,M_M,-0.005276813209582842,False
2023-06-29,1373.1705298044135,1377.8486843314222,1354.8480156761875,1359.5748291015625,2611913.0,M_M,0.0,False
2023-06-30,1367.0307744408626,1423.8989959683038,1364.4480454179502,1416.6868896484375,4114865.0,M_M,0.04200729472508402,False
2023-07-03,1432.670474758275,1460.0082140586717,1422.2422406594312,1430.6724853515625,3615176.0,M_M,0.009872044278320224,False
2023-07-04,1449.2386359866412,1449.2386359866412,1424.9709309309114,1427.26123046875,1595700.0,M_M,-0.0023843716278462157,False
2023-07-05,1426.7739925110618,1440.4672504297716,1420.097967140435,1437.884521484375,1456527.0,M_M,0.00744313009338593,False
2023-07-06,1440.3210143434292,1513.4652199396642,1435.2531122761425,1509.4693603515625,5628945.0,M_M,0.04978483167291348,False
2023-07-07,1507.6176167078806,1551.523533146924,1500.2106370071406,1524.4295654296875,6905845.0,M_M,0.009910903441352925,False
2023-07-10,1527.2071209149938,1538.9023892308712,1506.6916234893904,1512.0032958984375,2276342.0,M_M,-0.008151422547192255,False
2023-07-11,1518.6791913219745,1535.9784408942287,1511.028561079877,1529.5947265625,1563376.0,M_M,0.01163451872875032,False
2023-07-12,1529.1562318960637,1539.5358056389628,1502.5007917370824,1530.959228515625,2658457.0,M_M,0.0008920676368906477,False
2023-07-13,1535.9785067752568,1554.3011406117575,1518.87413000314,1527.109619140625,1859405.0,M_M,-0.0025145080961642696,False
2023-07-14,1538.976753716034,1543.113066050839,1519.2803717898437,1523.072021484375,2174792.0,M_M,-0.002643947497706245,False
2023-07-17,1535.3328831810268,1535.3328831810268,1506.2807215044131,1512.9775390625,1520990.0,M_M,-0.006627711808425807,False
2023-07-18,1512.6821684116985,1518.7388300435014,1502.8339772111017,1511.40185546875,1059058.0,M_M,-0.001041445463047852,False
2023-07-19,1506.9701122512995,1525.9771686341608,1500.864282025467,1521.0037841796875,1081196.0,M_M,0.006352995185360255,False
2023-07-20,1526.5187360697385,1530.1625182757907,1507.3147656070655,1521.8900146484375,1538263.0,M_M,0.0005826615804429558,False
2023-07-21,1525.4354229659225,1529.030036550234,1495.792393535268,1500.371826171875,1668783.0,M_M,-0.014139121926976639,False
2023-07-24,1498.8945804442071,1533.3632468801777,1491.9515581180942,1523.3673095703125,2129706.0,M_M,0.015326523064025599,False
2023-07-25,1527.897386916297,1545.6734179235316,1524.5490984956086,1541.9803466796875,1996604.0,M_M,0.012218351406414918,False
2023-07-26,1546.313675453096,1550.1052048013298,1508.7428041649537,1521.397705078125,2100855.0,M_M,-0.013348186730059552,False
2023-07-27,1476.243636787778,1477.2284557582836,1416.5143421831865,1425.427001953125,11879512.0,M_M,-0.06308061515057417,False
2023-07-28,1437.8358193439274,1448.668828941724,1427.9876288004757,1445.5174560546875,4714146.0,M_M,0.014094340905591363,False
2023-07-31,1454.3807382045147,1456.54729190412,1435.4721413922978,1452.804931640625,2460789.0,M_M,0.0050414303579753295,False
2023-08-01,1452.8049542987922,1481.1677898508876,1447.8808592527453,1470.679443359375,4184243.0,M_M,0.012303449230836927,False
2023-08-02,1470.6795525370485,1474.274166230946,1443.0061603673305,1462.7518310546875,3188395.0,M_M,-0.005390442043970545,False
2023-08-03,1462.4562816460311,1478.755084925654,1425.6240253241049,1446.846923828125,2222395.0,M_M,-0.01087327794701487,False
2023-08-04,1458.516927613677,1479.6412469118986,1394.2574883653365,1442.4151611328125,8066091.0,M_M,-0.003063048773388366,False
2023-08-07,1466.395549218463,1507.7579488606225,1458.270792145896,1503.72021484375,9257291.0,M_M,0.04250167036707464,False
2023-08-08,1506.773171260983,1510.7124475257176,1462.4563132827188,1476.93310546875,3426948.0,M_M,-0.01781389191325289,False
2023-08-09,1482.1526828187357,1514.2085912549394,1469.5962398247564,1511.4510498046875,3713003.0,M_M,0.0233713661154491,False
2023-08-10,1511.2047797390774,1532.4276776163488,1508.545816483294,1521.9393310546875,3600607.0,M_M,0.0069392133151486846,False
2023-08-11,1525.0414826374567,1535.923660258078,1509.776788416712,1522.9732666015625,2402812.0,M_M,0.0006793539832881113,False
2023-08-14,1521.4961293489262,1527.2081278737544,1500.8642185262624,1523.3673095703125,1875450.0,M_M,0.00025873268913589875,False
2023-08-15,1521.4961293489262,1527.2081278737544,1500.8642185262624,1523.3673095703125,1875450.0,M_M,0.0,False
2023-08-16,1535.382247598697,1549.1204257926972,1515.242625113999,1546.7568359375,2361632.0,M_M,0.015353832408143697,False
2023-08-17,1549.1203834380958,1555.0785868458795,1536.4654825437171,1549.61279296875,2377711.0,M_M,0.0018464162982148036,False
2023-08-18,1544.9349086102084,1558.5254597975204,1521.151504140998,1529.079345703125,2202570.0,M_M,-0.013250695501995091,False
2023-08-21,1522.5302130261964,1529.079283587498,1508.496541916479,1515.193359375,1487526.0,M_M,-0.009081272575648947,False
2023-08-22,1514.651676122622,1531.3935997208562,1511.4510142582535,1526.9619140625,975607.0,M_M,0.007767031590182327,False
2023-08-23,1522.57962463753,1531.2459606270434,1512.7806024172023,1519.0341796875,1405076.0,M_M,-0.005191835043159787,False
2023-08-24,1526.5187672635573,1531.3442842790548,1504.8527488629331,1518.787841796875,2111147.0,M_M,-0.00016216744423469542,False
2023-08-25,1507.6595057997429,1523.761273203638,1485.3040412624468,1496.9742431640625,1455320.0,M_M,-0.014362505435258743,False
2023-08-28,1504.8035516177183,1529.4240285748144,1500.962733168977,1525.73095703125,2132512.0,M_M,0.019209892219926417,False
2023-08-29,1531.2951599146502,1540.6016518200545,1516.6213320738782,1537.15478515625,1325882.0,M_M,0.0074874459827625195,False
2023-08-30,1545.1811444230937,1564.877526123834,1536.1208569276223,1559.16552734375,3140040.0,M_M,0.014319144955374563,False
2023-08-31,1564.828112125109,1565.86222016869,1543.359129915988,1551.48388671875,3512885.0,M_M,-0.004926764022346486,False
2023-09-01,1553.0597174167451,1580.1422426094914,1551.0900792209093,1567.78271484375,2147299.0,M_M,0.010505315759012257,False
2023-09-04,1581.5209115172029,1581.5209115172029,1540.453885649026,1552.46875,2200142.0,M_M,-0.009767912797326805,False
2023-09-05,1553.650496648228,1560.0518204213618,1541.4880055227077,1547.2984619140625,1078759.0,M_M,-0.0033303653203566874,False
2023-09-06,1553.0596923828125,1556.9005108462177,1535.0374550945448,1553.0596923828125,1301466.0,M_M,0.003723412522250724,False
2023-09-07,1548.332381132234,1553.945921553175,1536.563842188716,1541.9803466796875,1514369.0,M_M,-0.007133882720326334,False
2023-09-08,1541.3402949879464,1554.0444849731766,1536.3177417985776,1543.753173828125,1223910.0,M_M,0.0011497080051992015,False
2023-09-11,1543.851687470402,1564.8775512298348,1540.2570737089122,1558.082275390625,1921950.0,M_M,0.009281990026273057,False
2023-09-12,1558.180690667532,1565.3206289534437,1490.0805478797813,1534.298828125,3770868.0,M_M,-0.0152645644208117,False
2023-09-13,1540.2570806660856,1544.7872245069625,1506.8716889534817,1513.61767578125,2382637.0,M_M,-0.013479220582488183,False
2023-09-14,1521.5454838193696,1551.4840079975029,1514.9964128714698,1542.2266845703125,2220196.0,M_M,0.018901080006413107,False
2023-09-15,1555.669381382988,1586.2479396742335,1547.9877449776664,1576.793701171875,5425897.0,M_M,0.022413706718602988,False
2023-09-18,1584.327713787963,1644.6478831551813,1577.7786427846586,1616.53125,6887528.0,M_M,0.0252014888178409,False
2023-09-19,1584.327713787963,1644.6478831551813,1577.7786427846586,1616.53125,6887528.0,M_M,0.0,False
2023-09-20,1595.5053270289918,1639.7237266437803,1595.5053270289918,1609.1943359375,6116670.0,M_M,-0.0045386775309788074,False
2023-09-21,1612.9367738684905,1631.0573491774594,1551.1885440226472,1559.21484375,2898266.0,M_M,-0.03105870501239516,False
2023-09-22,1556.0140919944463,1593.3879266868128,1542.325083217644,1582.751953125,3827771.0,M_M,0.015095488264075252,False
2023-09-25,1588.4638038085736,1595.4068260458248,1558.3283655822524,1565.320556640625,3231962.0,M_M,-0.011013347006117002,False
2023-09-26,1565.3206885468812,1582.2103603510318,1557.9838342537323,1570.9833984375,1479841.0,M_M,0.003617688257431473,False
2023-09-27,1570.6385923350051,1575.316482686949,1559.2147157294808,1565.0743408203125,1991198.0,M_M,-0.0037613749598275348,False
2023-09-28,1571.7219183869247,1572.6575686168849,1520.5606167082524,1532.427734375,2369699.0,M_M,-0.020859460534124685,False
2023-09-29,1550.1052057991194,1552.5672534576313,1526.568006140311,1530.655029296875,1254881.0,M_M,-0.001156795220003004,False
2023-10-02,1550.1052057991194,1552.5672534576313,1526.568006140311,1530.655029296875,1254881.0,M_M,0.0,False
2023-10-03,1572.9528965000889,1573.7407998058818,1509.776852306145,1514.060791015625,3436776.0,M_M,-0.010841265970211955,False
2023-10-04,1508.545858843956,1514.553230965569,1478.9519985014088,1498.9930419921875,2580901.0,M_M,-0.009951878493154931,False
2023-10-05,1509.7276107586022,1527.2574380180097,1490.0805187054607,1514.6024169921875,1991367.0,M_M,0.010413240463915008,False
2023-10-06,1521.5455066483537,1530.408878531742,1516.9660737985012,1525.3370361328125,1743027.0,M_M,0.007087417146700803,False
2023-10-09,1516.621314063754,1517.852337857637,1491.0160191509892,1492.19775390625,2123175.0,M_M,-0.021725875292833985,False
2023-10-10,1498.352850274446,1520.4128203715077,1496.1370074788806,1514.50390625,1956653.0,M_M,0.014948522932270336,False
2023-10-11,1516.621351440599,1535.480660471103,1516.621351440599,1532.6739501953125,1536986.0,M_M,0.011997356936703119,False
2023-10-12,1535.3329313541212,1546.2152301731664,1531.9845224700173,1542.8668212890625,1731806.0,M_M,0.006650384507710161,False
2023-10-13,1536.8101196991468,1550.4991284678724,1526.7650135271667,1538.73046875,1465554.0,M_M,-0.0026809524205119173,False
2023-10-16,1539.124395813461,1553.3058138780348,1534.8404570796747,1550.6468505859375,1089610.0,M_M,0.0077442944543872905,False
2023-10-17,1551.0899630188733,1559.8548763771432,1544.7870972209507,1552.6656494140625,997962.0,M_M,0.0013019075409479441,False
2023-10-18,1552.6656940840137,1555.4724043401252,1538.0411551982374,1550.9422607421875,1212994.0,M_M,-0.0011099547880931704,False
2023-10-19,1529.768637680068,1554.9308123366302,1529.768637680068,1545.7227783203125,1239578.0,M_M,-0.0033653621762664843,False
2023-10-20,1542.2265856880715,1551.0899568701868,1521.643844121726,1534.59423828125,1435102.0,M_M,-0.007199570450242998,False
2023-10-23,1524.7461814957742,1550.9916347249757,1523.0227480595606,1541.3896484375,4069167.0,M_M,0.004428147836564866,False
2023-10-24,1524.7461814957742,1550.9916347249757,1523.0227480595606,1541.3896484375,4069167.0,M_M,0.0,False
2023-10-25,1550.1051783843975,1552.6656838605315,1523.515064142734,1545.279541015625,2510769.0,M_M,0.002523627028420794,False
2023-10-26,1530.408818921685,1534.5450108859563,1477.228589692746,1483.2359619140625,3343802.0,M_M,-0.0401503918577637,False
2023-10-27,1485.451745293294,1510.6630881706817,1484.4177574522314,1487.8646240234375,3341111.0,M_M,0.0031206512168178158,False
2023-10-30,1479.296661476296,1492.443971666061,1440.987176633503,1475.06201171875,2637486.0,M_M,-0.008604688960254347,False
2023-10-31,1471.5165651171974,1474.5696003224757,1433.453405300879,1436.45703125,2555737.0,M_M,-0.02617176780504793,False
2023-11-01,1442.661384030603,1462.4562219816696,1427.9875568171185,1432.5177001953125,2627536.0,M_M,-0.0027423939379930262,False
2023-11-02,1442.7599482282983,1455.0701866944105,1430.4497097621868,1447.3885498046875,2091122.0,M_M,0.010380918579468545,False
2023-11-03,1457.5322285568411,1465.5092390075356,1438.2789675859954,1446.69921875,2456723.0,M_M,-0.0004762584689373961,False
2023-11-06,1459.304853209898,1469.54687471283,1451.1800963990834,1465.7061767578125,1271868.0,M_M,0.013138154608416164,False
2023-11-07,1465.6569727907151,1474.2741396053757,1452.6081201856575,1457.2860107421875,1940908.0,M_M,-0.005744784424836502,False
2023-11-08,1462.505645458706,1466.7895844795232,1451.623346369541,1464.8199462890625,1342202.0,M_M,0.005169840025458061,False
2023-11-09,1464.8199468175758,1535.03747620253,1464.8199468175758,1528.488525390625,4831782.0,M_M,0.043465122974915005,False
2023-11-10,1526.469607327006,1527.4544264285073,1492.2964325917817,1500.9627685546875,4872228.0,M_M,-0.018008481175154967,False
2023-11-13,1503.080086902333,1519.8712999239658,1490.0805234268023,1516.8675537109375,1968032.0,M_M,0.010596388857509798,False
2023-11-14,1503.080086902333,1519.8712999239658,1490.0805234268023,1516.8675537109375,1968032.0,M_M,0.0,False
2023-11-15,1525.4847224162324,1527.25744480933,1510.269316041299,1520.7083740234375,2782942.0,M_M,0.002532073616515529,False
2023-11-16,1520.757612562172,1559.904171952665,1515.144191755311,1545.673583984375,3224223.0,M_M,0.0164168294114706,False
2023-11-17,1551.090046911422,1571.7712475369076,1548.775746122957,1560.4951171875,2035309.0,M_M,0.009589044774200417,False
2023-11-20,1565.665401508038,1565.665401508038,1517.2122312595309,1528.6361083984375,2918577.0,M_M,-0.02041596185605654,False
2023-11-21,1529.4240045292213,1547.5446993281853,1525.6324751808734,1536.071533203125,2213144.0,M_M,0.004864090782519703,False
2023-11-22,1536.3177243299597,1540.897156974762,1511.697247978518,1520.0189208984375,1269475.0,M_M,-0.01045043278109159,False
2023-11-23,1532.9693735916617,1537.2533125957102,1511.7957631270883,1522.382568359375,1552635.0,M_M,0.0015550118675762281,False
2023-11-24,1525.4847795637377,1535.825380070787,1524.0075509198737,1529.6209716796875,1239270.0,M_M,0.004754654625422461,False
2023-11-27,1525.4847795637377,1535.825380070787,1524.0075509198737,1529.6209716796875,1239270.0,M_M,0.0,False
2023-11-28,1529.6209793568703,1548.1356265397633,1518.7388004227582,1542.2760009765625,2596766.0,M_M,0.008273310533248202,False
2023-11-29,1552.0748305879513,1598.7552778356169,1543.4576638572123,1594.5205078125,3581220.0,M_M,0.033874939895878864,False
2023-11-30,1590.5320607346189,1634.799629110719,1589.2024588384138,1622.735595703125,5214960.0,M_M,0.017695029792581973,False
2023-12-01,1630.8603452543448,1640.7085357450112,1596.5885942599582,1600.8233642578125,2489755.0,M_M,-0.013503266646355927,False
2023-12-04,1637.6063018821324,1649.571877153876,1614.5615125101017,1631.6973876953125,3001010.0,M_M,0.019286339846628975,False
2023-12-05,1635.6860002388369,1682.070953905562,1615.694125240796,1660.4542236328125,3423953.0,M_M,0.017623878149438887,False
2023-12-06,1662.4729482603595,1684.483629110588,1658.5829612541622,1676.555908203125,2279220.0,M_M,0.009697156561826015,False
2023-12-07,1677.146832557958,1680.1012896910606,1656.1209700041445,1666.9539794921875,2461051.0,M_M,-0.005727174777743316,False
2023-12-08,1673.2075401561603,1682.2186583681807,1637.310934423903,1643.2198486328125,1942667.0,M_M,-0.014238024055472254,False
2023-12-11,1648.5871461035838,1649.0302666043767,1622.0954887087833,1627.1180419921875,2037178.0,M_M,-0.009798936310331241,False
2023-12-12,1637.754102220039,1644.6478356629375,1601.8082064106393,1610.5731201171875,2051527.0,M_M,-0.010168236998185476,False
2023-12-13,1614.1184613550738,1645.1402621681823,1604.8119691980105,1640.8563232421875,2247441.0,M_M,0.018802749621697812,False
2023-12-14,1650.5566646856053,1683.8927642099572,1645.681858661377,1677.6884765625,3326228.0,M_M,0.02244690945733474,False
2023-12-15,1701.6688380941696,1713.1911727403274,1672.222724844117,1698.7635498046875,3858594.0,M_M,0.012561970554491264,False
2023-12-18,1693.888778450666,1705.5588602355112,1672.9613734843424,1684.8284912109375,1739425.0,M_M,-0.008203059569621751,False
2023-12-19,1693.888783732578,1697.680313071336,1665.6245247885597,1673.55224609375,1660221.0,M_M,-0.006692814833089034,False
2023-12-20,1684.040645683375,1685.960994824039,1615.6941767215624,1621.94775390625,3047660.0,M_M,-0.030835303951789017,False
2023-12-21,1610.179196845545,1628.0536872025862,1595.8008623116432,1609.046630859375,3211338.0,M_M,-0.007954092858912576,False
2023-12-22,1605.2550707451337,1626.9210901048837,1598.115132547034,1609.4405517578125,2751274.0,M_M,0.00024481633464357166,False
2023-12-25,1605.2550707451337,1626.9210901048837,1598.115132547034,1609.4405517578125,2751274.0,M_M,0.0,False
2023-12-26,1615.9896397795296,1643.6630316677083,1609.6867736733789,1637.0155029296875,1203594.0,M_M,0.017133252384971875,False
2023-12-27,1644.6478629902358,1666.116967013145,1635.0458769637958,1662.3253173828125,1793638.0,M_M,0.01546094976365775,False
2023-12-28,1663.3101171621838,1713.5358896407663,1662.7685388049726,1708.119384765625,2963938.0,M_M,0.027548198240108235,False
2023-12-29,1703.7369855607071,1731.311919431054,1688.9646995587357,1703.1461181640625,2273255.0,M_M,-0.0029115450863200776,False
2024-01-01,1703.1461366921203,1703.7370040951928,1673.207612692331,1677.4423828125,1307485.0,M_M,-0.015091914356279879,False
2024-01-02,1677.7376976595365,1679.1164683632098,1624.4097224361217,1631.0572509765625,2857334.0,M_M,-0.02765229513169054,False
2024-01-03,1646.6174229015633,1652.7232528182788,1623.031055152011,1630.1217041015625,1927812.0,M_M,-0.00057358310043365,False
2024-01-04,1641.5949792312783,1649.0302912941872,1613.3305989757762,1616.7774658203125,2835768.0,M_M,-0.008186038041009147,False
2024-01-05,1622.9325012222532,1636.2768474025936,1611.6563712153743,1617.0728759765625,1709313.0,M_M,0.00018271540919823082,False
2024-01-08,1623.1295665352548,1628.2998666281358,1581.7178767520716,1591.6153564453125,1492195.0,M_M,-0.015742963665676513,False
2024-01-09,1600.3309787546432,1611.95189179493,1590.482788116153,1605.1566162109375,2542484.0,M_M,0.008507872024977159,False
2024-01-10,1620.027440400637,1622.440199139895,1596.7364443417152,1608.0126953125,1954233.0,M_M,0.0017793149109053275,False
2024-01-11,1618.9441505288587,1626.1825469061716,1601.1681175991987,1603.9256591796875,2228002.0,M_M,-0.0025416690706028255,False
2024-01-12,1605.255100622251,1609.0466300373412,1577.187756838365,1599.789306640625,3061539.0,M_M,-0.0025788929277296146,False
2024-01-15,1610.1791266377109,1615.989583003568,1591.5660227817682,1610.7208251953125,1405514.0,M_M,0.00683309890203132,False
2024-01-16,1613.133544479406,1615.1031825068535,1592.9940437356229,1595.75146484375,2236688.0,M_M,-0.009293578450969231,False
2024-01-17,1587.5282726832502,1590.4827297664076,1566.8470731011485,1573.4453125,2548169.0,M_M,-0.013978462708749029,False
2024-01-18,1575.710479788221,1598.6568117370043,1556.654255216716,1592.6986083984375,2328588.0,M_M,0.012236393438959992,False
2024-01-19,1600.281677039302,1633.8148139846246,1597.622713674839,1630.417236328125,2836976.0,M_M,0.023682213151184905,False
2024-01-22,1600.281677039302,1633.8148139846246,1597.622713674839,1630.417236328125,2836976.0,M_M,0.0,False
2024-01-23,1594.4221413759751,1622.5879439189223,1564.1389537000575,1570.9833984375,2772880.0,M_M,-0.036453146204757036,False
2024-01-24,1570.7863042220763,1607.5201009907494,1551.089924231831,1603.3837890625,2543323.0,M_M,0.02062427308730652,False
2024-01-25,1606.830690563864,1617.8114466910624,1579.551251769986,1610.6715087890625,2038472.0,M_M,0.004545212304300383,False
2024-01-26,1606.830690563864,1617.8114466910624,1579.551251769986,1610.6715087890625,2038472.0,M_M,0.0,False
2024-01-29,1610.6715856784729,1620.0273668242664,1600.330985464701,1615.103271484375,3075670.0,M_M,0.002751500024138709,False
2024-01-30,1624.9020836065383,1634.3071532744657,1589.9410086193473,1595.75146484375,2569098.0,M_M,-0.011981776634530372,False
2024-01-31,1590.5320109394422,1633.1254336776694,1584.6230968023472,1626.4779052734375,3154787.0,M_M,0.019255154143127173,False
2024-02-01,1634.061117236662,1676.7530018460573,1620.5691434424768,1626.0841064453125,4065784.0,M_M,-0.00024211753928427004,False
2024-02-02,1629.8756202193567,1661.439120649448,1624.9515246899932,1635.538330078125,3304158.0,M_M,0.00581410493795409,False
2024-02-05,1651.245989907379,1686.8472212469842,1639.8221134076418,1677.6884765625,3525423.0,M_M,0.02577142076661798,False
2024-02-06,1684.9761785143187,1703.7370303165235,1680.101372092479,1701.4227294921875,2219874.0,M_M,0.014146996454501348,False
2024-02-07,1705.1648458389263,1725.4029248075246,1689.6539462580367,1694.87353515625,1213661.0,M_M,-0.0038492458237537885,False
2024-02-08,1702.7521970519936,1717.4260254540604,1650.1136650738376,1660.3065185546875,2550690.0,M_M,-0.020395041803738967,False
2024-02-09,1660.404938746491,1664.0980102294684,1603.2854331431126,1621.4061279296875,2033950.0,M_M,-0.023429643978548742,False
2024-02-12,1628.8906412586125,1649.6211294896705,1615.6448736713985,1635.24267578125,1197925.0,M_M,0.008533671862477776,False
2024-02-13,1644.647898589314,1653.905222181695,1598.804521353143,1621.7508544921875,2075130.0,M_M,-0.00825065385638657,False
2024-02-14,1606.2398255589096,1654.151295042834,1599.2476345431962,1631.8944091796875,4368695.0,M_M,0.006254693598219951,False
2024-02-15,1655.5300840153252,1757.8035165800657,1642.7766054037938,1738.2548828125,9887134.0,M_M,0.06517607575252193,False
2024-02-16,1760.8564975081842,1836.342903282045,1749.8757408320787,1807.6846923828125,7188957.0,M_M,0.03994224912400357,False
2024-02-19,1808.177066550848,1828.267279016129,1792.3706726965193,1820.4873046875,2682236.0,M_M,0.007082326004438144,False
2024-02-20,1809.5065778556216,1831.763464727696,1792.8631115789087,1825.5098876953125,1830562.0,M_M,0.0027589222923334322,False
2024-02-21,1821.8167157972064,1861.0124403758111,1818.665222825991,1831.418701171875,4466234.0,M_M,0.0032368016828561164,False
2024-02-22,1842.54710542268,1887.8980695784492,1824.8696520234048,1881.3489990234373,3360123.0,M_M,0.027263180079799998,False
2024-02-23,1897.1061646992407,1918.2797744056636,1872.2394835323955,1900.6514892578125,3323441.0,M_M,0.01025992000654563,False
2024-02-26,1905.6247949733704,1921.381899221212,1895.973520534701,1900.5037841796875,2436063.0,M_M,-7.771286790858589e-05,False
2024-02-27,1896.761512242546,1927.2416141057847,1885.977791607163,1920.988037109375,2821465.0,M_M,0.01077832788348232,False
2024-02-28,1922.317452889009,1923.4993078524608,1868.250984446038,1872.7811279296875,2010429.0,M_M,-0.025094851320483613,False
2024-02-29,1873.963000629436,1921.2836064773128,1863.8194360284533,1903.064453125,5539065.0,M_M,0.016170242610672902,False
2024-03-01,1904.2460524380008,1952.206811331151,1901.193137488317,1942.9986572265625,3384932.0,M_M,0.020984157439327467,False
2024-03-04,1937.1391068396863,1944.968370343756,1889.9170806139148,1891.88671875,1645331.0,M_M,-0.026305699330497534,False
2024-03-05,1895.7766315656424,1938.1238498291864,1893.8562825452088,1909.810302734375,2208384.0,M_M,0.009473920296991789,False
2024-03-06,1915.4730104533912,1949.843218591849,1892.8221727976445,1940.733642578125,1673183.0,M_M,0.016191838424724825,False
2024-03-07,1900.848484705021,1902.8181227752868,1855.6945559876156,1868.743408203125,18323831.0,M_M,-0.03709434040591275,False
2024-03-08,1900.848484705021,1902.8181227752868,1855.6945559876156,1868.743408203125,18323831.0,M_M,0.0,False
2024-03-11,1883.958818031236,1884.64814327036,1844.8615503440096,1865.5919189453125,3250782.0,M_M,-0.001686421605009314,False
2024-03-12,1863.27767870146,1869.531255746691,1848.1607300344997,1866.3798828125,3186510.0,M_M,0.00042236668115114284,False
2024-03-13,1867.216977236853,1872.535024316721,1816.25258980436,1825.55908203125,4270994.0,M_M,-0.02187164636587058,False
2024-03-14,1825.5590527258837,1866.822995593321,1816.5972232777085,1861.8497314453125,2388133.0,M_M,0.019879197431223572,False
2024-03-15,1846.535723220643,1853.5279144491376,1761.6443689919804,1772.181884765625,5504948.0,M_M,-0.04816062497701157,False
2024-03-18,1780.5036403628403,1839.0512078765,1773.7084847595386,1827.87353515625,3404076.0,M_M,0.03142547097979742,False
2024-03-19,1827.873535069424,1836.687617910328,1799.0675764507234,1815.907958984375,2189225.0,M_M,-0.0065461728843577704,False
2024-03-20,1823.8355802055944,1830.8278915907963,1792.912358401855,1816.4002685546875,1550415.0,M_M,0.0002711093191021252,False
2024-03-21,1831.7142015819084,1846.5357768375268,1816.9912044081264,1837.524658203125,2072960.0,M_M,0.011629809802464974,False
2024-03-22,1837.5245973651308,1876.523407637306,1819.2069871088088,1850.278076171875,3786990.0,M_M,0.006940542491125745,False
2024-03-25,1837.5245973651308,1876.523407637306,1819.2069871088088,1850.278076171875,3786990.0,M_M,0.0,False
2024-03-26,1849.6871140152025,1888.3905512356089,1832.8467320997688,1835.6534423828125,4092744.0,M_M,-0.007904019388977557,False
2024-03-27,1841.513192750944,1871.057764685927,1827.134858452686,1852.5924072265625,4196597.0,M_M,0.00922775751274818,False
2024-03-28,1852.5923301764797,1933.1504541717852,1841.9562366353764,1892.1820068359373,3790854.0,M_M,0.021369837992935903,False
2024-03-29,1852.5923301764797,1933.1504541717852,1841.9562366353764,1892.1820068359373,3790854.0,M_M,0.0,False
2024-04-01,1908.5793218447477,1934.036870283092,1863.0807297514152,1886.864013671875,2765845.0,M_M,-0.0028105082623393063,False
2024-04-02,1886.8639295198443,1947.479587524345,1872.5840539096785,1942.0137939453125,3431715.0,M_M,0.02922827499694325,False
2024-04-03,1937.1390730167363,1972.8880526493629,1926.5029791807167,1959.1005859375,3615370.0,M_M,0.008798491568628108,False
2024-04-04,1968.6533366394167,1984.4104418851557,1933.3967655652089,1972.297119140625,3007920.0,M_M,0.006736016158562785,False
2024-04-05,1965.0587532744428,1996.6714221179216,1962.0058381294216,1982.736328125,2767027.0,M_M,0.005292919045039035,False
2024-04-08,1987.364889828332,2055.317405882918,1986.281612891186,2046.5526123046875,2781568.0,M_M,0.03218596606843649,False
2024-04-09,2063.1958130739067,2066.790306264242,2038.673916051676,2059.157958984375,2853137.0,M_M,0.00615930741477122,False
2024-04-10,2066.593498393277,2076.589556064624,2038.575444358408,2044.6812744140625,2280814.0,M_M,-0.007030390508483753,False
2024-04-11,2066.593498393277,2076.589556064624,2038.575444358408,2044.6812744140625,2280814.0,M_M,0.0,False
2024-04-12,2052.3628003217405,2055.8096668289986,2020.5038094309232,2039.5108642578125,4008660.0,M_M,-0.0025287120398418406,False
2024-04-15,2024.049333688506,2052.2643030348668,2004.106748111476,2022.276611328125,2024919.0,M_M,-0.00845018932319297,False
2024-04-16,2015.9737899357744,2042.2684092519355,1996.966735074436,2000.462890625,1981730.0,M_M,-0.0107867146269367,False
2024-04-17,2015.9737899357744,2042.2684092519355,1996.966735074436,2000.462890625,1981730.0,M_M,0.0,False
2024-04-18,2000.463047925913,2055.317422667299,1985.8876774358453,1994.2093505859373,3539862.0,M_M,-0.0031260465107197932,False
2024-04-19,2003.1219847535467,2055.317395369052,1967.865414024507,2051.279541015625,3253248.0,M_M,0.028617953482626746,False
2024-04-22,2092.2973755255125,2100.619048469854,2033.6513525973976,2058.911865234375,2449171.0,M_M,0.00372076260994203,False
2024-04-23,2064.1807014574338,2081.9074441226217,2025.6251323343845,2031.287841796875,2886136.0,M_M,-0.013416807151361732,False
2024-04-24,2023.803227893884,2059.1090884082537,2021.7843006745652,2027.2008056640625,1929834.0,M_M,-0.0020120418429704356,False
2024-04-25,2028.727385687563,2081.858329085082,2010.9021836722875,2065.01806640625,3084498.0,M_M,0.018654915998713495,False
2024-04-26,2067.6768289932525,2071.074406537653,2007.8490733122435,2013.8564453125,2952484.0,M_M,-0.02477538667871637,False
2024-04-29,2014.4474120893087,2036.950624061746,1970.6229633784928,2030.7462158203125,2724604.0,M_M,0.008386779776247577,False
2024-04-30,2041.5790328996163,2136.072365866168,2041.5790328996163,2123.614501953125,5745143.0,M_M,0.045731113720332006,False
2024-05-01,2041.5790328996163,2136.072365866168,2041.5790328996163,2123.614501953125,5745143.0,M_M,0.0,False
2024-05-02,2132.231864913233,2170.541230567572,2132.231864913233,2151.977294921875,3347541.0,M_M,0.013355904728783896,False
2024-05-03,2176.45017638687,2176.45017638687,2139.371834035285,2159.708251953125,3859227.0,M_M,0.003592490055305486,False
2024-05-06,2167.045028994725,2205.9946704822955,2156.753718016173,2191.173095703125,2111447.0,M_M,0.01456902510862057,False
2024-05-07,2202.055404938113,2202.941645913056,2131.985625413572,2158.23095703125,1727823.0,M_M,-0.01503401932803683,False
2024-05-08,2158.427908409919,2161.6778594289585,2127.209191966538,2149.26904296875,1993202.0,M_M,-0.004152435138279897,False
2024-05-09,2152.3713115701594,2222.4903794769825,2151.829613008622,2178.96142578125,3998822.0,M_M,0.013815107470903865,False
2024-05-10,2178.271969232853,2197.771192798124,2149.8598453276973,2159.75732421875,3045912.0,M_M,-0.008813419703203151,False
2024-05-13,2174.4805174831176,2174.529806523734,2127.209201885659,2151.091064453125,2575573.0,M_M,-0.004012608115015803,False
2024-05-14,2141.9814418053866,2245.7322252868,2141.9814418053866,2235.440673828125,3830189.0,M_M,0.039212477225572195,False
2024-05-15,2246.6676775411493,2281.973295133852,2221.7517082579507,2267.348876953125,2569084.0,M_M,0.01427378659544476,False
2024-05-16,2284.238543466458,2357.5582751295924,2251.493309394092,2335.74462890625,7444517.0,M_M,0.03016551737950257,False
2024-05-17,2388.530927091648,2519.1177860181,2388.530927091648,2476.426025390625,9796445.0,M_M,0.06022978485890862,False
2024-05-20,2388.530927091648,2519.1177860181,2388.530927091648,2476.426025390625,9796445.0,M_M,0.0,False
2024-05-21,2465.0019187490216,2498.4364751933317,2429.5484352991757,2484.353515625,3747292.0,M_M,0.003201181926330454,False
2024-05-22,2483.418356574427,2496.516499114245,2452.199638183223,2482.7783203125,2974921.0,M_M,-0.0006340463636085314,False
2024-05-23,2481.7440316682923,2577.665311956656,2462.293855229622,2569.58984375,4715263.0,M_M,0.03496547505963932,False
2024-05-24,2550.4843934843134,2565.453594779654,2533.348397957237,2540.5869140625,2919241.0,M_M,-0.011286987982943586,False
2024-05-27,2541.965602045822,2550.4351420739204,2502.425213248318,2510.40234375,3328559.0,M_M,-0.01188094378721083,False
2024-05-28,2511.2886011253154,2542.753521981959,2509.318963006786,2514.046142578125,1549203.0,M_M,0.0014514800136307127,False
2024-05-29,2472.141855378244,2508.3339530518424,2462.638448353327,2495.1865234375,2720451.0,M_M,-0.007501699678942542,False
2024-05-30,2479.7743063606,2493.0200741675185,2440.381545338192,2455.646240234375,3367101.0,M_M,-0.015846624222966788,False
2024-05-31,2479.5283005620718,2530.19719540596,2457.271292624771,2468.202880859375,8769724.0,M_M,0.005113375216375449,False
2024-06-03,2535.958153027292,2614.0543459353344,2531.37860052687,2594.01318359375,2701157.0,M_M,0.05097243168704613,False
2024-06-04,2594.259564792205,2598.937455247842,2411.033933700843,2533.8408203125,6372249.0,M_M,-0.023196629709447802,False
2024-06-05,2533.840947153239,2711.8962871805334,2532.7577904119985,2699.33984375,4242881.0,M_M,0.06531547763805023,False
2024-06-06,2703.3282528164086,2719.971598344896,2630.3530661021664,2658.86376953125,4992660.0,M_M,-0.014994804864036482,False
2024-06-07,2627.842141522748,2824.067347187593,2627.842141522748,2814.0712890625,6447821.0,M_M,0.05837362609917118,False
2024-06-10,2817.567239912259,2842.187715619287,2757.493279187111,2764.9287109375,2021106.0,M_M,-0.017463160338547,False
2024-06-11,2778.174497066705,2811.6583442486503,2770.689776228772,2792.503662109375,2298974.0,M_M,0.009973114700134511,False
2024-06-12,2792.5037368081244,2805.355673642436,2739.8159170389126,2745.232421875,2580846.0,M_M,-0.016927906264111336,False
2024-06-13,2806.734257143888,2835.3925873116177,2746.315513013741,2818.256591796875,2492637.0,M_M,0.02660035971453345,False
2024-06-14,2831.354716992457,2901.2768682642704,2821.5065266724832,2884.14111328125,3515019.0,M_M,0.02337775831914879,False
2024-06-17,2831.354716992457,2901.2768682642704,2821.5065266724832,2884.14111328125,3515019.0,M_M,0.0,False
2024-06-18,2919.988582207201,2967.7523077508945,2911.765246687281,2916.935546875,4887512.0,M_M,0.011370606466768907,False
2024-06-19,2929.83673197665,2931.806370115794,2882.0237180620616,2889.3115234375,3512298.0,M_M,-0.009470220714027922,False
2024-06-20,2900.3415354595736,2909.8942326325514,2813.923659526413,2827.612548828125,4024418.0,M_M,-0.021354213316523873,False
2024-06-21,2840.956857184244,2876.5579709549406,2782.1632058608006,2796.8369140625,8400461.0,M_M,-0.010883964558149772,False
2024-06-24,2793.439202554911,2879.561579380233,2770.345244190196,2871.535400390625,2699784.0,M_M,0.026708202381247492,False
2024-06-25,2876.8533346463296,2902.261713992445,2847.1611367322216,2865.232421875,1910886.0,M_M,-0.002194985482250167,False
2024-06-26,2862.9181702392007,2868.7285062632977,2801.416270740572,2808.21142578125,3282318.0,M_M,-0.01990100197750644,False
2024-06-27,2798.8555699379517,2860.8991663158863,2750.648728458151,2845.0927734375,6900180.0,M_M,0.01313339420160986,False
2024-06-28,2811.658302246385,2852.035882068488,2811.658302246385,2823.13134765625,2548169.0,M_M,-0.007719054361350675,False
2024-07-01,2797.870855271904,2850.115552732996,2795.162602948076,2832.19189453125,1718501.0,M_M,0.003209396148897481,False
2024-07-02,2846.323816693061,2847.1117199774294,2806.734141105387,2821.654052734375,1507890.0,M_M,-0.0037207372202507916,False
2024-07-03,2827.4155652789345,2851.051223086909,2821.605228908212,2834.260009765625,1019710.0,M_M,0.004467577100401021,False
2024-07-04,2846.126934619717,2877.641142892323,2841.252128614414,2858.732666015625,1502213.0,M_M,0.008634584041576243,False
2024-07-05,2862.998466472152,2862.998466472152,2817.365088281674,2857.6416015625,1966103.0,M_M,-0.0003816601902288941,False
2024-07-08,2857.641632523133,2895.338771436734,2824.8053435915176,2828.624755859375,1631998.0,M_M,-0.010154123486744826,False
2024-07-09,2832.5927902342946,2916.5680279012136,2814.6369514158905,2902.18359375,2902129.0,M_M,0.026005159481918172,False
2024-07-10,2906.647760662118,2906.647760662118,2676.397511821845,2710.225830078125,14481615.0,M_M,-0.0661425293993343,False
2024-07-11,2735.9688823290912,2735.9688823290912,2669.552527310803,2676.54638671875,4314565.0,M_M,-0.012426803325981228,False
2024-07-12,2668.213336919688,2700.603261060401,2665.7332619714625,2682.3994140625,3398732.0,M_M,0.002186783450790708,False
2024-07-15,2701.1488501029403,2717.1700369404543,2686.516408319489,2709.283447265625,2017720.0,M_M,0.010022382596038826,False
2024-07-16,2732.992862104299,2744.7981638252827,2718.162062791897,2734.778564453125,1925983.0,M_M,0.009410280498052481,False
2024-07-17,2732.992862104299,2744.7981638252827,2718.162062791897,2734.778564453125,1925983.0,M_M,0.0,False
2024-07-18,2734.034508649503,2803.4269543614964,2714.689924861889,2796.978759765625,4122844.0,M_M,0.02274414320814966,False
2024-07-19,2797.4747572444453,2797.4747572444453,2721.1381024449315,2727.387939453125,2042568.0,M_M,-0.024880711042057135,False
2024-07-22,2729.12403633582,2796.532422849909,2703.281607756652,2782.39599609375,2208103.0,M_M,0.020168768749360577,False
2024-07-23,2801.492551995673,2831.749465181179,2721.5348419127736,2798.86376953125,2572524.0,M_M,0.005918558487224557,False
2024-07-24,2800.500661542339,2807.841586589813,2741.6235847626963,2783.14013671875,2276082.0,M_M,-0.0056178628569454325,False
2024-07-25,2777.4855177553463,2804.468684105085,2759.628978556941,2788.992919921875,1857122.0,M_M,0.0021029423297473926,False
2024-07-26,2799.1118444819404,2874.3075220290307,2767.763600728381,2864.7841796875,2352661.0,M_M,0.02717513523402859,False
2024-07-29,2876.8867916675545,2921.528138434809,2852.5820584276044,2909.623779296875,2388937.0,M_M,0.015651999172330733,False
2024-07-30,2921.528179814356,2926.488329525416,2881.450267026915,2898.810791015625,2290006.0,M_M,-0.0037162839945799053,False
2024-07-31,2913.5919821493057,2955.8525551728085,2850.0524149985067,2884.624755859375,4238740.0,M_M,-0.004893743048086208,False
2024-08-01,2903.175657131394,2903.175657131394,2797.6237670218666,2805.857421875,4971708.0,M_M,-0.027305920405896633,False
2024-08-02,2787.9018703594743,2787.9018703594743,2712.0612276673046,2727.735107421875,3041513.0,M_M,-0.027842581680761258,False
2024-08-05,2658.293005350739,2707.448138675949,2614.792636595744,2657.5986328125,3731770.0,M_M,-0.025712348101009197,False
2024-08-06,2666.874289240377,2726.842454117056,2604.7731145533608,2611.96533203125,3069277.0,M_M,-0.017170877580169774,False
2024-08-07,2676.0008447045843,2683.193061988776,2639.791750791065,2659.483642578125,2479171.0,M_M,0.018192550247181583,False
2024-08-08,2639.295626916683,2694.8493029577785,2635.3275071994617,2661.566650390625,2673182.0,M_M,0.0007832376853729173,False
2024-08-09,2712.209856953295,2742.962785104557,2683.440988682759,2727.239013671875,2279076.0,M_M,0.024674326029600513,False
2024-08-12,2727.239179395318,2735.0267117783114,2687.111614308192,2695.990234375,2321474.0,M_M,-0.011458027382353464,False
2024-08-13,2696.43685697053,2716.8228798438963,2682.5484368824914,2696.38720703125,1292521.0,M_M,0.00014724558390022402,False
2024-08-14,2707.051516244151,2749.857513926392,2693.659111225326,2723.370361328125,2609359.0,M_M,0.010007151134121983,False
2024-08-15,2707.051516244151,2749.857513926392,2693.659111225326,2723.370361328125,2609359.0,M_M,0.0,False
2024-08-16,2766.771629130405,2822.3749582480204,2754.0239469407784,2817.8115234375,4376092.0,M_M,0.03467804579591527,False
2024-08-19,2837.1064118408203,2837.1064118408203,2738.002714802525,2743.111572265625,2500718.0,M_M,-0.026509917555006313,False
2024-08-20,2757.5952511156265,2761.0177060011893,2726.594315205072,2749.212646484375,1762399.0,M_M,0.002224143662414413,False
2024-08-21,2751.891071350175,2758.7856310387847,2733.0425023683247,2747.32763671875,1497501.0,M_M,-0.0006856544065573233,False
2024-08-22,2749.014300932306,2753.6271433380057,2702.339243182688,2711.168212890625,2346622.0,M_M,-0.01316167148935743,False
2024-08-23,2711.1683125111367,2746.9310420866937,2703.5793799661824,2737.0107421875,1943539.0,M_M,0.009531879716648817,False
2024-08-26,2742.913321295045,2776.6919914955047,2731.1579110209364,2770.839111328125,2765969.0,M_M,0.012359604081636943,False
2024-08-27,2775.6501798370828,2777.683889695287,2751.841460782552,2758.636962890625,1604159.0,M_M,-0.0044037737115856235,False
2024-08-28,2759.728171229661,2804.4688212876663,2758.637083542164,2775.699951171875,1851275.0,M_M,0.0061852967645914525,False
2024-08-29,2767.118776384046,2779.3205507418925,2719.7987550653484,2735.621826171875,2237121.0,M_M,-0.014438925570135708,False
2024-08-30,2757.8433072100943,2799.0622007622155,2742.962857710759,2783.040771484375,4895220.0,M_M,0.01733388177373052,False
2024-09-02,2826.094986771696,2826.094986771696,2734.530573404303,2754.8671875,2270687.0,M_M,-0.010123309824652038,False
2024-09-03,2757.8433428779776,2775.799182383996,2750.502417907957,2762.65478515625,1592710.0,M_M,0.002826850489049182,False
2024-09-04,2738.9948361631423,2757.7441063274014,2709.333235974329,2727.685791015625,1697000.0,M_M,-0.012657750193224793,False
2024-09-05,2734.2330201300224,2738.0027825449547,2690.286042971224,2701.39697265625,2360312.0,M_M,-0.009637773692983354,False
2024-09-06,2701.2976410809906,2717.070820917417,2658.739651729622,2676.59619140625,2835519.0,M_M,-0.009180724455174705,False
2024-09-09,2666.7252837826136,2692.667012978482,2638.8493867668367,2687.260498046875,1269082.0,M_M,0.003984279240501376,False
2024-09-10,2669.8005843038454,2693.3612954519053,2655.664157615009,2668.560546875,2034126.0,M_M,-0.006958741508486521,False
2024-09-11,2660.1282747543005,2686.4170680718426,2623.026452006712,2633.095458984375,2034245.0,M_M,-0.013289969355260167,False
2024-09-12,2643.7599514765034,2729.669846402413,2614.5943663381445,2719.054931640625,3730285.0,M_M,0.032645786677785615,False
2024-09-13,2733.042466170512,2736.564220872597,2690.1371715564014,2717.269287109375,2102332.0,M_M,-0.0006567151367451451,False
2024-09-16,2718.360472814659,2762.1090913287017,2710.275525444641,2735.42333984375,1234752.0,M_M,0.006680991398422265,False
2024-09-17,2742.962747939389,2771.2356008566667,2723.4198068179862,2765.43212890625,1387175.0,M_M,0.010970436870007205,False
2024-09-18,2759.3314508979747,2825.301446038983,2755.512038511881,2785.818603515625,2526756.0,M_M,0.007371894756078579,False
2024-09-19,2789.588292071604,2829.2694911053395,2769.946050110941,2775.203857421875,2807727.0,M_M,-0.0038102789895776423,False
2024-09-20,2776.3942791109785,2936.408764622085,2776.1959215523334,2927.331787109375,12492909.0,M_M,0.05481684860038527,False
2024-09-23,2939.1366663341864,3032.5361870869665,2932.589171937808,3025.492919921875,3925490.0,M_M,0.033532629695327554,False
2024-09-24,2995.93057458058,3073.854578858387,2995.93057458058,3049.7978515625,3697722.0,M_M,0.008033379116700212,False
2024-09-25,3020.731277793649,3123.902395327488,3010.364612980414,3066.414306640625,4218815.0,M_M,0.005448379167036332,False
2024-09-26,3047.51601722392,3171.718118966089,3021.375931070653,3155.74658203125,4753617.0,M_M,0.02913248715190475,False
2024-09-27,3145.7270407807223,3196.4198692208997,3127.424136238795,3158.276123046875,6803795.0,M_M,0.0008015665865022115,False
2024-09-30,3137.9394425924897,3153.6632141935884,3062.396458702613,3070.2333984375,3554400.0,M_M,-0.027876829377552315,False
2024-10-01,3080.74895599129,3160.0617006714733,3071.126314083089,3140.270751953125,4028211.0,M_M,0.022811735925766463,False
2024-10-02,3080.74895599129,3160.0617006714733,3071.126314083089,3140.270751953125,4028211.0,M_M,0.0,False
2024-10-03,3060.4123892558628,3145.7269647748267,3047.9623649708187,3104.905029296875,3237011.0,M_M,-0.011261997913477373,False
2024-10-04,3102.127463923846,3132.4340289017414,2985.514288835084,2993.40087890625,4281562.0,M_M,-0.035912257971985606,False
2024-10-07,3003.8667420740658,3042.5062608754542,2959.126093654679,3035.81005859375,2732276.0,M_M,0.01416755770546696,False
2024-10-08,3049.5001148271017,3151.579901428586,3041.563875100811,3140.6181640625,6060165.0,M_M,0.03452393379225427,False
2024-10-09,3139.5763629112894,3178.7615450465446,3119.9341219083262,3127.870361328125,2432656.0,M_M,-0.00405901070058301,False
2024-10-10,3130.84651317926,3194.6340872194346,3129.854483232118,3168.84130859375,2507231.0,M_M,0.013098671790293892,False
2024-10-11,3174.4958093354744,3184.912123709856,3096.125444042505,3109.369140625,1652856.0,M_M,-0.018767796231216827,False
2024-10-14,3125.886307106923,3148.7029954799664,3090.173229653464,3129.755126953125,2425178.0,M_M,0.006556309465407306,False
2024-10-15,3151.679180053283,3167.502009461928,3061.950118691862,3130.648193359375,2245701.0,M_M,0.0002853470543298098,False
2024-10-16,3112.989947263078,3122.8109467770937,3027.824080158088,3043.5478515625,1972106.0,M_M,-0.027821823602418583,False
2024-10-17,3030.6515810505507,3040.86953825705,2928.670850931719,2940.97216796875,3622197.0,M_M,-0.03370266826627666,False
2024-10-18,2921.8754868316764,2965.028789312872,2891.469623789534,2940.624755859375,3407751.0,M_M,-0.00011812832272228846,False
2024-10-21,2936.16069541889,2977.478646674825,2869.843395233673,2974.30419921875,5059952.0,M_M,0.011453159160231818,False
2024-10-22,2981.050147171847,2984.968617229165,2855.26069485222,2864.18896484375,4195638.0,M_M,-0.037022183004658205,False
2024-10-23,2853.226772132832,2901.588230980345,2759.083229120929,2771.235595703125,7913897.0,M_M,-0.03245364404429085,False
2024-10-24,2740.978779759051,2819.547504160087,2740.978779759051,2803.823974609375,3992102.0,M_M,0.01175951223951488,False
2024-10-25,2802.4846176651263,2802.5342676017467,2657.945901929289,2699.164794921875,4532596.0,M_M,-0.03732730037094467,False
2024-10-28,2708.2419188663025,2812.305769713308,2692.2701388771093,2758.83544921875,2813985.0,M_M,0.022107080830758186,False
2024-10-29,2739.986829790899,2775.650259458735,2681.010695380092,2725.007080078125,3156567.0,M_M,-0.01226182922588026,False
2024-10-30,2667.816481052345,2733.885771065188,2647.7775249669007,2686.119384765625,5677865.0,M_M,-0.01427067679816274,False
2024-10-31,2686.1195447104064,2730.066521530106,2650.307407531937,2706.803466796875,3833325.0,M_M,0.007700358423590625,False
2024-11-01,2757.8432841808585,2818.257811765744,2757.8432841808585,2795.193115234375,1061709.0,M_M,0.03265462362588778,False
2024-11-04,2782.148109413808,2948.065125387942,2782.148109413808,2860.96484375,7559263.0,M_M,0.023530298553311235,False
2024-11-05,2852.5822387513394,2884.823213454667,2799.607934116724,2876.34130859375,3562624.0,M_M,0.005374573153997808,False
2024-11-06,2886.807236688905,2930.2581981749395,2862.403202346185,2911.16162109375,2902347.0,M_M,0.01210576519412565,False
2024-11-07,2948.0650197332257,2948.858692136448,2835.171962378425,2868.305908203125,4251557.0,M_M,-0.014721172668703875,False
2024-11-08,2886.8072914743225,2967.1120712981915,2828.5255291464478,2951.18994140625,4455563.0,M_M,0.02889651099141255,False
2024-11-11,2938.740116011968,2985.613532692672,2866.0242698439965,2907.2431640625,2628672.0,M_M,-0.014891205993609935,False
2024-11-12,2907.838167614137,2922.4209595736397,2857.046282148242,2875.448486328125,2414528.0,M_M,-0.010936366839692235,False
2024-11-13,2853.078294306624,2871.9268644011395,2760.720203965569,2776.642333984375,3949602.0,M_M,-0.03436199702882625,False
2024-11-14,2792.564298033508,2819.745821676406,2714.4419397847905,2784.826416015625,2478112.0,M_M,0.0029474743401705084,False
2024-11-15,2792.564298033508,2819.745821676406,2714.4419397847905,2784.826416015625,2478112.0,M_M,0.0,False
2024-11-18,2821.333170967392,2851.788441919673,2777.733503209442,2824.2099609375,2405351.0,M_M,0.014142190226068996,False
2024-11-19,2822.3253087884914,2974.105896572196,2822.3253087884914,2925.44677734375,5230405.0,M_M,0.035846065910993596,False
2024-11-20,2822.3253087884914,2974.105896572196,2822.3253087884914,2925.44677734375,5230405.0,M_M,0.0,False
2024-11-21,2938.888686217872,2950.297030485047,2894.7433540535867,2912.847900390625,3821808.0,M_M,-0.004306650543328128,False
2024-11-22,2920.536108333793,3039.0836847420437,2873.6130442955828,2988.9365234375,4827125.0,M_M,0.026121728853975235,False
2024-11-25,3050.4922452327405,3124.547187739079,2998.311370436358,3021.32666015625,6299837.0,M_M,0.010836676009933877,False
2024-11-26,3029.1634078734287,3043.647141808812,2928.9683843937446,2961.40771484375,2144702.0,M_M,-0.01983199834121918,False
2024-11-27,3001.8331443626566,3045.5321145098164,2962.2512440520063,2980.851806640625,3593911.0,M_M,0.006565827359540366,False
2024-11-28,2971.129700604098,2976.0402004182206,2868.9506157419205,2875.59716796875,4457143.0,M_M,-0.03531025542343058,False
2024-11-29,2879.8630167914685,2967.806377177945,2879.8630167914685,2942.460205078125,3542836.0,M_M,0.023251878898116196,False
2024-12-02,2960.217456427566,3002.1307230274538,2938.2934970204665,2992.359130859375,2318823.0,M_M,0.016958233010299972,False
2024-12-03,3017.457497907875,3017.457497907875,2963.838229828564,3003.17236328125,2308865.0,M_M,0.0036136145258638397,False
2024-12-04,2979.066051927002,3027.5268136855943,2979.066051927002,3007.5869140625,3364025.0,M_M,0.00146996250872089,False
2024-12-05,3025.6417903724314,3074.3009093514693,2992.012070913794,3047.119384765625,3797063.0,M_M,0.013144248805673442,False
2024-12-06,3050.988131532132,3074.3008355123,3041.514197007612,3048.508056640625,2688767.0,M_M,0.00045573267721077393,False
2024-12-09,3038.984463544929,3048.508047979184,3015.7710595043013,3026.931396484375,1879542.0,M_M,-0.007077776983153816,False
2024-12-10,3023.657623940532,3056.6922695645653,2981.347643642983,3042.45654296875,2061909.0,M_M,0.00512900507173919,False
2024-12-11,3027.6754247775016,3090.1733119862115,3023.50894740255,3047.565673828125,2409385.0,M_M,0.0016792781711811866,False
2024-12-12,3060.214013637909,3061.4044011293927,3020.731173505833,3043.002197265625,1958999.0,M_M,-0.0014974169717457686,False
2024-12-13,3026.683450126903,3068.448008902681,2976.089921462049,3056.841064453125,2467964.0,M_M,0.004547767727520968,False
2024-12-16,3064.777214367668,3067.505296715673,3015.7710319759826,3060.263671875,2300493.0,M_M,0.0011196550130379013,False
2024-12-17,3030.750737134003,3069.0925970646617,3003.8666291432064,3017.259033203125,2564201.0,M_M,-0.014052592613866599,False
2024-12-18,3001.9820286790614,3037.595808193738,3000.444333766322,3026.8818359375,2014105.0,M_M,0.00318925310305862,False
2024-12-19,2982.042084527656,3020.731253288993,2946.825020655157,2990.623046875,2372390.0,M_M,-0.011978924526226065,False
2024-12-20,2990.622926787257,3000.890533424168,2863.345680728781,2883.186279296875,8046336.0,M_M,-0.035924543446018475,False
2024-12-23,2894.7434051276664,2918.9488391219534,2868.057896248932,2886.11279296875,2142508.0,M_M,0.0010150276077856013,False
2024-12-24,2886.211927241869,2926.6867988691497,2877.680614729851,2905.358154296875,1858546.0,M_M,0.006668263754282755,False
2024-12-25,2886.211927241869,2926.6867988691497,2877.680614729851,2905.358154296875,1858546.0,M_M,0.0,False
2024-12-26,2901.6876175618804,2960.6637499311414,2900.0508650145143,2951.933837890625,2162163.0,M_M,0.01603096111399105,False
2024-12-27,2963.39188614965,3039.5798364955517,2954.3149087769457,3025.145751953125,2290315.0,M_M,0.02480133975997756,False
2024-12-30,3003.916496748452,3020.334641724635,2967.2113866652467,2978.966796875,2336275.0,M_M,-0.015265034766774654,False
2024-12-31,2970.53432690849,2994.839060204899,2947.519280960648,2983.13330078125,1536411.0,M_M,0.0013986405993584583,False
2025-01-01,2983.1333335663185,3062.346779067685,2971.328031947151,3057.436279296875,1686613.0,M_M,0.024907696379563582,False
2025-01-02,3075.292940609911,3202.372078033688,3060.4621408352887,3185.507568359375,4298090.0,M_M,0.04188845730971469,False
2025-01-03,3189.376422744382,3211.2507324964145,3150.389595638589,3165.121337890625,2257218.0,M_M,-0.00639968043750383,False
2025-01-06,3184.0195716544536,3209.217036671877,3065.4719871467905,3080.947509765625,2657204.0,M_M,-0.026594186806467635,False
2025-01-07,3085.213247368235,3106.3435344467307,3057.188400346321,3084.072509765625,1978328.0,M_M,0.0010142983579222165,False
2025-01-08,3110.013828780857,3110.013828780857,3032.635494284874,3061.503662109375,2715102.0,M_M,-0.007317871932253972,False
2025-01-09,3079.06275460563,3132.7314321521985,3060.7598495911584,3101.581787109375,2434207.0,M_M,0.013090993649959026,False
2025-01-10,3085.2131680664056,3124.497651264405,3030.6515203996364,3068.199951171875,2341303.0,M_M,-0.01076284239101477,False
2025-01-13,3029.31229547808,3042.40728515983,2969.5921382550227,2975.74267578125,2207294.0,M_M,-0.030134044997723097,False
2025-01-14,2976.089830300049,3053.914530923433,2975.742522941923,3025.1953125,2851530.0,M_M,0.01661858638558744,False
2025-01-15,3032.73493839456,3039.5301984174966,2927.4804609975404,2936.65673828125,2440803.0,M_M,-0.029267060494544528,False
2025-01-16,2954.4140592970352,2973.5106368725,2921.5283615450107,2956.8447265625,2598449.0,M_M,0.006874480090943713,False
2025-01-17,2946.279262167889,2946.6762194594685,2879.962206214023,2894.0986328125,2002830.0,M_M,-0.02122062521116752,False
2025-01-20,2886.807146073031,2912.550274761421,2854.3678152416883,2865.081787109375,2905527.0,M_M,-0.010026211744872837,False
2025-01-21,2876.986219232072,2883.83112916227,2786.5128920123034,2798.814208984375,3381309.0,M_M,-0.0231293844465984,False
2025-01-22,2825.3013902657644,2829.1702103197317,2783.4874233797523,2803.923095703125,3133157.0,M_M,0.0018253754401953426,False
2025-01-23,2803.923026730672,2876.2915637376304,2787.60418235832,2863.44482421875,2650506.0,M_M,0.021228017489794526,False
2025-01-24,2852.0862590149627,2872.918889080812,2767.7637087484336,2779.07275390625,2665366.0,M_M,-0.02946523348342145,False
2025-01-27,2750.204799507101,2824.210091707678,2732.199309807606,2809.0322265625,2022141.0,M_M,0.010780384433670909,False
2025-01-28,2812.405070412617,2901.6877710606364,2761.8115400454058,2847.721435546875,2432787.0,M_M,0.01377314529129503,False
2025-01-29,2860.964812243056,2910.1199461886317,2833.535280175316,2901.04296875,1808565.0,M_M,0.018724279888311823,False
2025-01-30,2901.042868854463,2984.9188070153195,2895.7354117665523,2947.767333984375,3055352.0,M_M,0.01610605762744277,False
2025-01-31,2946.3291036911505,3025.5427961683185,2931.5479535505624,2966.02099609375,2412370.0,M_M,0.006192368678128446,False
2025-02-03,3032.238938648293,3162.5419314150686,3020.48328648836,3148.0087890625,3664084.0,M_M,0.06135755384349206,False
2025-02-04,3199.2967306263213,3244.4837452916518,3112.8414135277903,3163.63330078125,3862456.0,M_M,0.0049632999034296965,False
2025-02-05,3163.6332403851457,3192.997182329855,3116.958181619888,3153.415283203125,2264208.0,M_M,-0.0032298362694569427,False
2025-02-06,3144.735110586192,3155.498733000355,3096.373647923391,3114.924560546875,2341341.0,M_M,-0.012206043035712266,False
2025-02-07,3142.7509873976887,3194.2868965961334,3085.213248360736,3172.958251953125,4790111.0,M_M,0.01863084972949114,False
2025-02-10,3183.622603266351,3244.880455298883,3103.863488752934,3112.24609375,3852783.0,M_M,-0.01913424425479071,False
2025-02-11,3121.769504821768,3128.8624219949743,3046.623237077278,3061.354736328125,2470280.0,M_M,-0.01635197085605633,False
2025-02-12,3044.093579762511,3050.492124560431,2931.54782932948,2963.391845703125,4609887.0,M_M,-0.03199984943348955,False
2025-02-13,3000.8408935749344,3022.715202008741,2947.370577132125,2954.26513671875,2481783.0,M_M,-0.0030798184848921384,False
2025-02-14,2975.097853875709,2995.9304830625683,2883.8807473750685,2919.1474609375,1959802.0,M_M,-0.01188711038314405,False
2025-02-17,2917.361706631392,2931.448483391808,2769.995610067944,2809.379150390625,4773279.0,M_M,-0.03760286591059103,False
2025-02-18,2821.333200210535,2822.3252301684147,2733.9352640433867,2767.813232421875,2301836.0,M_M,-0.014795410567124967,False
2025-02-19,2728.082414950537,2760.472096562841,2706.2577556309325,2735.42333984375,2671072.0,M_M,-0.011702340388691446,False
2025-02-20,2723.2214573709143,2821.8291355223178,2668.610161292472,2816.8193359375,3799854.0,M_M,0.029756270229967186,False
2025-02-21,2792.7626155477847,2792.7626155477847,2632.2027164037945,2648.0751953125,8940621.0,M_M,-0.059905915325179415,False
2025-02-24,2647.7278673659985,2695.14694617592,2610.179437861698,2687.607421875,6167313.0,M_M,0.014928664651395973,False
2025-02-25,2718.162019336489,2781.602285180946,2706.406367739902,2755.71044921875,4916248.0,M_M,0.02533964848788739,False
2025-02-26,2718.162019336489,2781.602285180946,2706.406367739902,2755.71044921875,4916248.0,M_M,0.0,False
2025-02-27,2814.3889965829894,2817.365086463056,2681.9529969200253,2704.8193359375,2669767.0,M_M,-0.01846751108980904,False
2025-02-28,2673.620125163145,2677.488945249453,2551.699493973278,2564.496826171875,7549863.0,M_M,-0.051878699586783594,False
2025-03-03,2592.96801009134,2674.463176068161,2574.317798028891,2591.0830078125,4340806.0,M_M,0.010367016784462724,False
2025-03-04,2540.5886212639016,2606.360253299035,2529.6762921604645,2592.521484375,1984876.0,M_M,0.0005551642144088209,False
2025-03-05,2640.7340163715703,2715.0866109790786,2621.5877903369205,2704.868896484375,3665710.0,M_M,0.043335190387615796,False
2025-03-06,2726.0984336149177,2744.7982959490487,2673.520843738065,2720.54296875,3706264.0,M_M,0.005794762284411448,False
2025-03-07,2699.6112859240566,2743.905328521271,2686.5165383703697,2706.109130859375,1886774.0,M_M,-0.005305498959737753,False
2025-03-10,2673.520778059323,2712.854669622974,2643.859178735405,2681.060302734375,2520931.0,M_M,-0.009256399839663976,False
2025-03-11,2663.352525816283,2663.600533314729,2592.3230813832943,2624.5146484375,3616140.0,M_M,-0.021090780479351756,False
2025-03-12,2624.514494107862,2656.65616713856,2615.090209721074,2632.153076171875,3447155.0,M_M,0.0029104153558154877,False
2025-03-13,2655.763455281349,2664.939732247182,2597.432046237956,2622.43115234375,2446428.0,M_M,-0.0036935252421809173,False
2025-03-14,2655.763455281349,2664.939732247182,2597.432046237956,2622.43115234375,2446428.0,M_M,0.0,False
2025-03-17,2613.99903648766,2705.31544595459,2613.99903648766,2683.58984375,2527623.0,M_M,0.023321371602678997,False
2025-03-18,2613.99903648766,2705.31544595459,2613.99903648766,2683.58984375,2527623.0,M_M,0.0,False
2025-03-19,2772.723729477036,2809.329538007949,2757.396915082217,2766.870849609375,2438912.0,M_M,0.031033433090877915,False
2025-03-20,2781.4040319156816,2824.3093281726065,2778.675949494721,2805.56005859375,2354374.0,M_M,0.013983019478425174,False
2025-03-21,2816.472403741644,2869.9427226081257,2759.0833727113204,2779.519287109375,3824316.0,M_M,-0.009281844245183524,False
2025-03-24,2792.86196199926,2799.6572218284987,2687.805845153216,2752.58544921875,5395134.0,M_M,-0.00969010649270774,False
2025-03-25,2752.5856045247733,2780.114437144424,2703.3314116886268,2714.194091796875,3576766.0,M_M,-0.013947380791674013,False
2025-03-26,2729.372207113055,2772.7238699865816,2715.235779511156,2720.394287109375,3111504.0,M_M,0.0022843595936041794,False
2025-03-27,2713.2018332790203,2729.074312011183,2674.066301343993,2711.2177734375,4325599.0,M_M,-0.0033732292834748323,False
2025-03-28,2713.995562709942,2717.8643826043176,2613.9988961561635,2644.553466796875,6074446.0,M_M,-0.024588326062831345,False
2025-03-31,2713.995562709942,2717.8643826043176,2613.9988961561635,2644.553466796875,6074446.0,M_M,0.0,False
2025-04-01,2631.657124130426,2706.257728621197,2602.243290524088,2616.875732421875,3300417.0,M_M,-0.010465938663181462,False
2025-04-02,2610.1300199068187,2638.7995877225744,2604.3761979307183,2616.528564453125,2243574.0,M_M,-0.00013266505720876953,False
2025-04-03,2586.966256155402,2631.2602991825,2579.526031087368,2590.63671875,2361203.0,M_M,-0.009895495143786626,False
2025-04-04,2594.108723332173,2610.52686778552,2536.6702849090243,2575.85546875,3598415.0,M_M,-0.005705643671696348,False
2025-04-07,2405.672549234822,2504.5282336069004,2405.672549234822,2471.39453125,3937471.0,M_M,-0.04055388152297701,False
2025-04-08,2489.995264523981,2529.676463958626,2434.4415853154774,2503.536376953125,4253527.0,M_M,0.013005550225470452,False
2025-04-09,2519.756176764347,2551.451486533107,2495.897807045389,2502.990966796875,3347213.0,M_M,-0.00021785589427458785,False
2025-04-10,2519.756176764347,2551.451486533107,2495.897807045389,2502.990966796875,3347213.0,M_M,0.0,False
2025-04-11,2528.684431069624,2583.24608022962,2511.869571267462,2559.78466796875,3600209.0,M_M,0.022690334054443317,False
2025-04-14,2528.684431069624,2583.24608022962,2511.869571267462,2559.78466796875,3600209.0,M_M,0.0,False
2025-04-15,2585.230176999185,2668.560696902459,2585.230176999185,2624.911376953125,3287861.0,M_M,0.02544226074924283,False
2025-04-16,2638.799759658733,2643.759909582904,2597.432157730115,2613.602294921875,3070954.0,M_M,-0.004308367181667272,False
2025-04-17,2611.0227996408507,2661.4179689847347,2581.658616566358,2658.044921875,2638979.0,M_M,0.01700435718145621,False
2025-04-18,2611.0227996408507,2661.4179689847347,2581.658616566358,2658.044921875,2638979.0,M_M,0.0,False
2025-04-21,2678.3814882766324,2751.891002340358,2644.6524709444143,2741.970703125,3120955.0,M_M,0.03157425239856293,False
2025-04-22,2742.9628471383867,2799.5085550179124,2734.0345774731986,2794.647705078125,3193757.0,M_M,0.019211365713386108,False
2025-04-23,2807.444884070858,2899.703673547391,2803.476764093373,2894.545166015625,3906215.0,M_M,0.03574599430045411,False
2025-04-24,2894.5450714587305,2904.6637286318046,2842.165841028046,2878.275634765625,2488496.0,M_M,-0.005620755703181879,False
2025-04-25,2878.2755351818114,2916.1712721735707,2808.5360250244426,2841.3720703125,2299310.0,M_M,-0.012821414324389435,False
2025-04-28,2895.6362195095176,2921.528298934882,2859.3280674610387,2907.2431640625,1864672.0,M_M,0.023182846920415834,False
2025-04-29,2926.4883129510827,2945.8328967146576,2878.6725184462334,2886.410400390625,2051228.0,M_M,-0.007165813967471513,False
2025-04-30,2885.616919482819,2925.397177263029,2863.990616991064,2905.45751953125,2689753.0,M_M,0.006598894993604221,False
2025-05-01,2885.616919482819,2925.397177263029,2863.990616991064,2905.45751953125,2689753.0,M_M,0.0,False
2025-05-02,2926.48833766527,2976.089834913834,2887.005497416451,2893.94970703125,2868096.0,M_M,-0.003960757444444241,False
2025-05-05,2925.396986669802,3019.739130631516,2914.28629980552,2997.41845703125,4049197.0,M_M,0.035753472062285185,False
2025-05-06,3125.489635144685,3134.516962308668,3031.643505663436,3043.944580078125,5683215.0,M_M,0.015522064641236621,False
2025-05-07,2997.815243470502,3100.0936293685554,2997.815243470502,3095.0341796875,2942902.0,M_M,0.016784011096569795,False
2025-05-08,3102.474504142808,3111.998088956338,2984.522234818344,3008.92626953125,3323894.0,M_M,-0.027821311545239258,False
2025-05-09,2937.996148645794,3032.735013767293,2931.448653759468,2958.332763671875,2308852.0,M_M,-0.016814471784068252,False
2025-05-12,3020.4335255566752,3087.3955468542435,3009.521196160035,3079.955322265625,2166730.0,M_M,0.041111858708819726,False
2025-05-13,3025.691419302203,3086.205247688247,3010.8109696990773,3029.461181640625,2681662.0,M_M,-0.016394439315391196,False
2025-05-14,3013.291037690517,3085.213210606587,2993.9464532510224,3077.07861328125,2236302.0,M_M,0.015718119092992477,False
2025-05-15,3060.4123230178493,3145.42923927342,3048.507963900762,3119.23974609375,3590003.0,M_M,0.013701675553729586,False
2025-05-16,3110.0140601201333,3124.398495166941,3090.173460055571,3110.609375,2269659.0,M_M,-0.0027668187751703766,False
2025-05-19,3090.173434284337,3131.8386940724404,3078.864389219781,3103.06982421875,2011149.0,M_M,-0.0024238179315748676,False
2025-05-20,3103.2680293156227,3110.311538811685,3024.798605886781,3039.083740234375,2667772.0,M_M,-0.020620252720379706,False
2025-05-21,3038.587713565781,3107.037779591259,3023.806564301972,3066.06689453125,1395136.0,M_M,0.008878713652949344,False
2025-05-22,3052.0796013365434,3065.174348925289,2956.7454212568737,2982.33984375,3870830.0,M_M,-0.02730763993785934,False
2025-05-23,2995.9305881133573,3006.6445605098133,2960.4158658153005,2988.688720703125,1828093.0,M_M,0.0021288241064914004,False
2025-05-26,3013.787018886935,3076.284906375374,3003.5690618585927,3055.650634765625,2164190.0,M_M,0.022405114858112807,False
2025-05-27,3055.650667851693,3060.4124601508584,2990.573647079151,3015.57275390625,2599143.0,M_M,-0.013115989244120163,False
2025-05-28,3015.4734292634766,3020.5328789513123,2969.1456784430707,2973.907470703125,1491995.0,M_M,-0.013816706345139096,False
2025-05-29,2975.097767082866,3004.759365181861,2963.391765442311,2985.01806640625,2093429.0,M_M,0.0037360260238687992,False
2025-05-30,2981.0501487209067,2993.351223837699,2933.432708741338,2953.074951171875,3700191.0,M_M,-0.010701146366203451,False
2025-06-02,2953.074920115665,3014.283122006738,2938.6904852731127,3001.783447265625,2967741.0,M_M,0.01649416181408503,False
2025-06-03,3017.7551035127403,3040.3734347788195,3002.8746542843737,3022.21923828125,3204094.0,M_M,0.006807883171666029,False
2025-06-04,3020.8305540015576,3062.39651280439,3015.870404158985,3029.064208984375,1584653.0,M_M,0.0022648822482573827,False
2025-06-05,3053.468191807066,3070.332700988586,2970.931348251763,3017.3583984375,3504632.0,M_M,-0.0038644973296224627,False
2025-06-06,3017.358321442344,3088.089861448809,3002.874587636936,3081.740966796875,2028071.0,M_M,0.021337395117767555,False
2025-06-09,3105.0537862199794,3115.966115820114,3053.4682281102546,3062.793212890625,1364639.0,M_M,-0.006148392778755896,False
2025-06-10,3077.277036693918,3082.137886779174,3035.413419449941,3043.052001953125,1787253.0,M_M,-0.006445492583179835,False
2025-06-11,3060.4125058931118,3099.10167533552,3051.4842360217863,3056.146728515625,1749787.0,M_M,0.004303155698323735,False
2025-06-12,3063.388426430681,3069.340606015715,2983.034002032726,2995.13671875,2278398.0,M_M,-0.01996304994009812,False
2025-06-13,2908.631776810961,2994.44236640651,2908.631776810961,2982.0419921875,2003184.0,M_M,-0.00437199626999496,False
2025-06-16,2977.0819786339007,3020.731297880782,2964.284888732629,2999.501953125,1673726.0,M_M,0.005855035235332817,False
2025-06-17,3018.747142579605,3018.747142579605,2970.1376749534465,2983.232421875,1455355.0,M_M,-0.005424077564960328,False
2025-06-18,2976.089777852992,3050.3927224287986,2962.7966737231704,3016.8623046875,2161043.0,M_M,0.011272967726518424,False
2025-06-19,3013.78692885251,3082.13769418589,3010.0171666776564,3070.13427734375,2482920.0,M_M,0.01765807228705052,False
2025-06-20,3075.292790123237,3177.4718731499124,3065.67014821891,3159.02001953125,8315834.0,M_M,0.028951744177262206,False
2025-06-23,3138.386069671237,3159.0200990264307,3097.8118991023425,3110.013916015625,1731432.0,M_M,-0.015513071526180644,False
2025-06-24,3129.9538021095764,3190.9636442292385,3111.79960552769,3124.99365234375,2834887.0,M_M,0.004816613922845825,False
2025-06-25,3154.655251115204,3199.792613984934,3135.310667028177,3189.872314453125,2078771.0,M_M,0.020761214046216114,False
2025-06-26,3200.189278928195,3212.192938051462,3158.1273064505344,3190.169921875,2907261.0,M_M,9.329759706266927e-05,False
2025-06-27,3179.4559336963066,3215.6650262329417,3161.6986947822907,3177.76953125,5098406.0,M_M,-0.00388706273605377,False
2025-06-30,3179.852851450725,3194.138228706202,3135.806816518025,3157.829833984375,2083572.0,M_M,-0.006274746192113434,False
2025-07-01,3162.5914363148963,3192.352334398161,3142.94919514098,3150.786376953125,1407074.0,M_M,-0.0022304739018704778,False
2025-07-02,3142.7508768259927,3177.17426759974,3128.5648001235795,3139.97314453125,1559309.0,M_M,-0.0034319154421162956,False
2025-07-03,3139.973226191099,3195.328547195574,3139.576511079309,3149.099853515625,2102806.0,M_M,0.002906620077394839,False
2025-07-04,3161.10009765625,3177.0,3134.10009765625,3162.5,968006.0,M_M,0.00425523073503542,False
2025-07-07,3162.5,3173.0,3152.10009765625,3160.199951171875,853459.0,M_M,-0.0007272881669960762,False
2025-07-08,3150.0,3168.0,3123.0,3157.89990234375,1513129.0,M_M,-0.0007278175000515752,False
2025-07-09,3145.0,3189.0,3141.0,3176.300048828125,1245661.0,M_M,0.005826703522400667,False
2025-07-10,3172.10009765625,3192.60009765625,3137.60009765625,3162.39990234375,1701384.0,M_M,-0.004376206992630749,False
2025-07-11,3158.0,3162.39990234375,3062.39990234375,3073.199951171875,3041614.0,M_M,-0.028206410930434855,False
2025-07-14,3072.800048828125,3104.800048828125,3053.60009765625,3092.10009765625,2958843.0,M_M,0.006149989191939209,False
2025-07-15,3086.10009765625,3148.300048828125,3082.89990234375,3128.60009765625,2826720.0,M_M,0.011804275038724166,False
2025-07-16,3128.60009765625,3210.0,3082.39990234375,3196.5,2892812.0,M_M,0.02170296625465684,False
2025-07-17,3186.300048828125,3238.0,3171.0,3195.0,3267180.0,M_M,-0.000469263256686947,False
2025-07-18,3208.0,3252.0,3176.699951171875,3192.39990234375,2040381.0,M_M,-0.0008138020833333703,False
2025-07-21,3177.0,3253.60009765625,3152.800048828125,3246.699951171875,2436535.0,M_M,0.017009162538897282,False
2025-07-22,3246.699951171875,3271.89990234375,3210.5,3257.199951171875,1854072.0,M_M,0.00323405308710778,False
2025-07-23,3260.0,3303.0,3248.0,3268.800048828125,2159800.0,M_M,0.0035613710641486662,False
2025-07-24,3255.0,3286.5,3243.699951171875,3260.89990234375,1469406.0,M_M,-0.002416833812520003,False
2025-07-25,3256.0,3259.0,3214.0,3246.39990234375,1475856.0,M_M,-0.004446625297997664,False
2025-07-28,3246.39990234375,3256.89990234375,3199.199951171875,3209.800048828125,1939520.0,M_M,-0.011273981831135926,False
2025-07-29,3203.0,3225.89990234375,3186.60009765625,3199.39990234375,1824673.0,M_M,-0.003240122850696525,False
2025-07-30,3195.0,3241.60009765625,3151.89990234375,3208.89990234375,2199654.0,M_M,0.002969306835647778,False
2025-07-31,3225.0,3238.199951171875,3135.60009765625,3203.10009765625,4465859.0,M_M,-0.0018074121549456201,False
2025-08-01,3205.0,3205.0,3116.699951171875,3159.300048828125,3781457.0,M_M,-0.013674267894460801,False
2025-08-04,3170.0,3223.0,3160.0,3200.199951171875,2684012.0,M_M,0.012945874627805942,False
2025-08-05,3195.0,3222.0,3170.10009765625,3212.199951171875,1805644.0,M_M,0.0037497656968608073,False
2025-08-06,3212.199951171875,3240.10009765625,3178.60009765625,3227.5,1866321.0,M_M,0.004763105989881833,False
2025-08-07,3198.0,3229.60009765625,3161.10009765625,3211.10009765625,2374621.0,M_M,-0.005081302042989955,False
2025-08-08,3207.0,3214.89990234375,3135.60009765625,3144.199951171875,1721037.0,M_M,-0.020834027109028708,False
2025-08-11,3150.89990234375,3230.0,3130.300048828125,3186.199951171875,2046761.0,M_M,0.013357929092373988,False
2025-08-12,3186.10009765625,3253.0,3185.10009765625,3236.5,3315978.0,M_M,0.015786846274234767,False
2025-08-13,3255.0,3300.0,3238.699951171875,3282.199951171875,2436029.0,M_M,0.01412017647825592,False
2025-08-14,3273.199951171875,3313.5,3262.0,3265.39990234375,1508721.0,M_M,-0.005118533019941918,False
2025-08-15,3273.199951171875,3313.5,3262.0,3265.39990234375,1508721.0,M_M,0.0,False
2025-08-18,3350.0,3432.0,3335.300048828125,3383.10009765625,5787481.0,M_M,0.036044649608772295,False
2025-08-19,3400.0,3403.89990234375,3338.10009765625,3354.0,2596242.0,M_M,-0.008601607051594518,False
2025-08-20,3354.10009765625,3404.199951171875,3335.0,3395.60009765625,2957816.0,M_M,0.01240312989154746,False
2025-08-21,3410.0,3410.0,3370.0,3375.10009765625,1964795.0,M_M,-0.00603722447002808,False
2025-08-22,3380.0,3420.0,3375.39990234375,3403.0,2509867.0,M_M,0.008266392562141789,False
2025-08-25,3428.0,3429.0,3381.800048828125,3398.89990234375,1859862.0,M_M,-0.0012048479742139406,False
2025-08-26,3395.0,3414.0,3318.10009765625,3330.800048828125,3122442.0,M_M,-0.020035851443776287,False
2025-08-27,3395.0,3414.0,3318.10009765625,3330.800048828125,3122442.0,M_M,0.0,False
2025-08-28,3375.0,3375.0,3287.300048828125,3295.300048828125,2936428.0,M_M,-0.010658099999875437,False
2025-08-29,3271.0,3280.0,3187.0,3199.5,3017625.0,M_M,-0.02907172257718793,False
2025-09-01,3191.10009765625,3324.89990234375,3191.10009765625,3315.39990234375,3525726.0,M_M,0.036224379541725193,False
2025-09-02,3325.0,3330.0,3223.0,3234.5,3073407.0,M_M,-0.02440125014377892,False
2025-09-03,3269.0,3293.699951171875,3232.800048828125,3286.0,2672659.0,M_M,0.01592208996753741,False
2025-09-04,3527.0,3550.0,3463.39990234375,3481.5,7600320.0,M_M,0.05949482653682292,False
2025-09-05,3511.0,3577.800048828125,3481.5,3561.300048828125,3700943.0,M_M,0.022921168699734373,False
2025-09-08,3511.0,3577.800048828125,3481.5,3561.300048828125,3700943.0,M_M,0.0,False
2025-09-09,3702.199951171875,3723.800048828125,3673.10009765625,3696.300048828125,2879258.0,M_M,0.0379075051663853,False
2025-09-10,3702.0,3708.89990234375,3591.39990234375,3604.39990234375,2298202.0,M_M,-0.024862739839941028,False
2025-09-11,3620.0,3647.89990234375,3580.0,3595.699951171875,1949934.0,M_M,-0.00241370308722344,False
2025-09-12,3594.89990234375,3641.0,3582.0,3589.89990234375,2839264.0,M_M,-0.001613051396636922,False
2025-09-15,3590.0,3603.39990234375,3526.60009765625,3530.300048828125,2550444.0,M_M,-0.016602093411215657,False
2025-09-16,3545.0,3619.89990234375,3528.89990234375,3608.0,2465043.0,M_M,0.02200944681675643,False
2025-09-17,3608.0,3644.89990234375,3593.10009765625,3633.199951171875,2237804.0,M_M,0.006984465402404272,False
2025-09-18,3636.10009765625,3650.0,3603.300048828125,3642.199951171875,2480472.0,M_M,0.0024771551582503104,False
2025-09-19,3601.0,3636.699951171875,3584.5,3592.10009765625,4018342.0,M_M,-0.013755382512567804,False
2025-09-22,3600.0,3616.60009765625,3569.300048828125,3584.800048828125,1664133.0,M_M,-0.0020322509478196693,False
2025-09-23,3610.0,3679.199951171875,3606.800048828125,3614.60009765625,2523224.0,M_M,0.008312890097696535,False
2025-09-24,3614.5,3626.300048828125,3568.0,3574.89990234375,1320014.0,M_M,-0.010983288397032331,False
2025-09-25,3579.89990234375,3584.10009765625,3521.800048828125,3530.0,2106344.0,M_M,-0.01255976490819033,False
2025-09-26,3510.0,3547.5,3391.60009765625,3396.5,3046760.0,M_M,-0.03781869688385264,False
2025-09-29,3419.0,3458.0,3405.0,3418.10009765625,3175716.0,M_M,0.006359516459958803,False
2025-09-30,3420.0,3454.0,3393.10009765625,3427.0,2611078.0,M_M,0.0026037570841921376,False
2025-10-01,3419.199951171875,3501.0,3415.5,3463.39990234375,2364844.0,M_M,0.010621506374015155,False
2025-10-02,3419.199951171875,3501.0,3415.5,3463.39990234375,2364844.0,M_M,0.0,False
2025-10-03,3462.10009765625,3492.39990234375,3404.199951171875,3462.0,2357702.0,M_M,-0.0004041988748693104,False
2025-10-06,3462.0,3480.0,3425.10009765625,3472.0,1156082.0,M_M,0.002888503755054783,False
2025-10-07,3468.10009765625,3521.39990234375,3465.10009765625,3492.800048828125,1508939.0,M_M,0.005990797473538256,False
2025-10-08,3500.0,3509.699951171875,3422.60009765625,3426.5,1444911.0,M_M,-0.018981919348738385,False
2025-10-09,3450.0,3475.0,3424.0,3442.89990234375,1997853.0,M_M,0.004786196510652374,False
2025-10-10,3425.0,3473.89990234375,3395.699951171875,3454.89990234375,1416272.0,M_M,0.00348543389014333,False
2025-10-13,3432.0,3470.0,3432.0,3459.699951171875,1090517.0,M_M,0.0013893452672446571,False
2025-10-14,3469.89990234375,3487.10009765625,3428.0,3459.800048828125,1518505.0,M_M,2.893246745760969e-05,False
2025-10-15,3461.0,3500.0,3460.0,3497.199951171875,1319445.0,M_M,0.010809845024546405,False
2025-10-16,3503.0,3573.199951171875,3498.300048828125,3560.800048828125,2125552.0,M_M,0.018186005531350302,False
2025-10-17,3561.0,3656.0,3560.10009765625,3647.199951171875,3339579.0,M_M,0.024264182531727574,False
2025-10-20,3674.0,3676.0,3593.0,3599.10009765625,2827250.0,M_M,-0.01318815917952898,False
2025-10-21,3608.199951171875,3628.10009765625,3604.300048828125,3621.199951171875,286950.0,M_M,0.00614038312799825,False
2025-10-22,3608.199951171875,3628.10009765625,3604.300048828125,3621.199951171875,286950.0,M_M,0.0,False
2025-10-23,3632.10009765625,3650.0,3600.0,3623.60009765625,3724956.0,M_M,0.0006628041855567535,False
2025-10-24,3630.0,3655.300048828125,3615.10009765625,3625.0,1654500.0,M_M,0.00038632914947078767,False
2025-10-27,3626.800048828125,3635.300048828125,3593.0,3611.60009765625,1440893.0,M_M,-0.003696524784482791,False
2025-10-28,3605.0,3624.89990234375,3562.0,3579.10009765625,2851093.0,M_M,-0.0089987814600766,False
2025-10-29,3580.0,3583.5,3522.10009765625,3534.699951171875,2526473.0,M_M,-0.012405393890338567,False
2025-10-30,3540.0,3550.0,3496.0,3502.10009765625,2103351.0,M_M,-0.009222806452020671,False
2025-10-31,3516.10009765625,3526.699951171875,3483.699951171875,3487.199951171875,1915577.0,M_M,-0.004254631812022347,False
2025-11-03,3511.0,3590.0,3511.0,3548.89990234375,1776510.0,M_M,0.017693264520475926,False
2025-11-04,3548.60009765625,3632.800048828125,3537.199951171875,3581.199951171875,3494428.0,M_M,0.009101425714146849,False
2025-11-05,3548.60009765625,3632.800048828125,3537.199951171875,3581.199951171875,3494428.0,M_M,0.0,False
2025-11-06,3625.0,3674.699951171875,3586.300048828125,3618.5,4535984.0,M_M,0.010415516959872528,False
2025-11-07,3615.60009765625,3718.0,3566.800048828125,3690.199951171875,2595934.0,M_M,0.01981482690945824,False
2025-11-10,3690.199951171875,3715.800048828125,3645.10009765625,3663.89990234375,1620889.0,M_M,-0.0071269983134039094,False
2025-11-11,3699.89990234375,3759.0,3670.0,3749.10009765625,3044040.0,M_M,0.0232539636953506,False
2025-11-12,3761.0,3781.0,3740.0,3754.300048828125,1984901.0,M_M,0.0013869864864706205,False
2025-11-13,3748.199951171875,3754.10009765625,3690.199951171875,3699.5,1599079.0,M_M,-0.014596608719441684,False
2025-11-14,3700.0,3716.800048828125,3660.5,3698.60009765625,1847028.0,M_M,-0.00024324972124611932,False
2025-11-17,3710.0,3754.5,3682.300048828125,3734.89990234375,2094008.0,M_M,0.009814471348362996,False
2025-11-18,3718.5,3732.699951171875,3688.0,3694.800048828125,2613743.0,M_M,-0.010736526965678839,False
2025-11-19,3695.0,3746.5,3667.800048828125,3722.5,1626043.0,M_M,0.007497009528475207,False
2025-11-20,3744.800048828125,3759.0,3711.10009765625,3716.699951171875,1815617.0,M_M,-0.0015581057966755907,False
2025-11-21,3730.0,3779.0,3726.0,3749.60009765625,3184145.0,M_M,0.008851978076412026,False
2025-11-24,3745.10009765625,3749.5,3677.199951171875,3690.800048828125,4059935.0,M_M,-0.01568168532555747,False
2025-11-25,3687.0,3695.800048828125,3653.0,3669.300048828125,1714176.0,M_M,-0.005825295251859153,False
2025-11-26,3681.0,3708.0,3669.300048828125,3686.39990234375,2116524.0,M_M,0.00466024944487331,False
2025-11-27,3701.5,3717.60009765625,3665.0,3681.199951171875,1993274.0,M_M,-0.0014105770696687392,False
2025-11-28,3692.0,3768.89990234375,3690.10009765625,3757.300048828125,2944457.0,M_M,0.02067263356124527,False
2025-12-01,3790.0,3795.0,3730.0,3741.60009765625,1830158.0,M_M,-0.004178519406979886,False
2025-12-02,3722.800048828125,3748.0,3705.5,3716.5,2285922.0,M_M,-0.006708385984908638,False
2025-12-03,3736.0,3740.0,3640.0,3649.39990234375,2002476.0,M_M,-0.018054647559868187,False
2025-12-04,3675.0,3678.199951171875,3620.199951171875,3671.60009765625,1984001.0,M_M,0.006083245439405749,False
2025-12-05,3659.300048828125,3721.5,3642.5,3717.10009765625,2393280.0,M_M,0.01239241714506023,False
2025-12-08,3720.0,3725.0,3671.60009765625,3681.699951171875,1500195.0,M_M,-0.00952359246572243,False
2025-12-09,3658.0,3674.39990234375,3604.5,3635.89990234375,3901255.0,M_M,-0.012439918905816083,False
2025-12-10,3660.0,3694.89990234375,3626.199951171875,3630.0,1593915.0,M_M,-0.0016226800798192498,False
2025-12-11,3623.39990234375,3669.10009765625,3615.89990234375,3665.199951171875,981456.0,M_M,0.009696956245695665,False
2025-12-12,3665.39990234375,3695.0,3661.300048828125,3679.60009765625,1078982.0,M_M,0.003928884283590284,False
2025-12-15,3632.0,3665.39990234375,3603.60009765625,3608.0,1704069.0,M_M,-0.019458662831826845,False
2025-12-16,3581.0,3633.5,3577.89990234375,3621.0,1394406.0,M_M,0.003603104212860364,False
2025-12-17,3647.89990234375,3647.89990234375,3594.0,3612.800048828125,1209367.0,M_M,-0.0022645543142433278,False
2025-12-18,3600.0,3611.89990234375,3540.10009765625,3586.60009765625,2446168.0,M_M,-0.007251979300756828,False
2025-12-19,3571.0,3615.0,3560.0,3603.60009765625,1647819.0,M_M,0.004739864924196313,False
2025-12-22,3600.0,3625.0,3576.89990234375,3616.699951171875,1400786.0,M_M,0.0036352128872860767,False
2025-12-23,3619.199951171875,3637.5,3605.0,3625.10009765625,1413628.0,M_M,0.002322599772661027,False
2025-12-24,3624.60009765625,3658.0,3612.10009765625,3636.699951171875,842897.0,M_M,0.003199871232004048,False
2025-12-25,3624.60009765625,3658.0,3612.10009765625,3636.699951171875,842897.0,M_M,0.0,False
2025-12-26,3636.699951171875,3647.0,3614.60009765625,3623.10009765625,829910.0,M_M,-0.0037396138527300282,False
2025-12-29,3622.699951171875,3640.199951171875,3588.10009765625,3592.10009765625,1034692.0,M_M,-0.008556208540871801,False
2025-12-30,3590.0,3666.0,3575.199951171875,3660.300048828125,2063179.0,M_M,0.01898609429519338,False
2025-12-31,3653.0,3723.60009765625,3640.39990234375,3709.199951171875,1868363.0,M_M,0.013359533833682713,False
2026-01-01,3725.0,3774.0,3721.10009765625,3761.0,1498161.0,M_M,0.013965288879010052,False
2026-01-02,3759.89990234375,3812.0,3743.199951171875,3802.39990234375,1478292.0,M_M,0.011007684749734015,False
2026-01-05,3805.89990234375,3839.89990234375,3785.0,3790.300048828125,1574098.0,M_M,-0.0031821622728758214,False
2026-01-06,3788.0,3819.10009765625,3758.10009765625,3785.60009765625,1299489.0,M_M,-0.0012399944889134318,False
2026-01-07,3800.0,3808.60009765625,3718.5,3748.800048828125,1046776.0,M_M,-0.009721060830199302,False
2026-01-08,3730.0,3756.800048828125,3693.199951171875,3724.0,1261005.0,M_M,-0.006615463216257056,False
2026-01-09,3712.10009765625,3748.5,3667.10009765625,3677.300048828125,1235928.0,M_M,-0.01254026615786119,False
2026-01-12,3675.300048828125,3717.0,3598.800048828125,3682.0,1665237.0,M_M,0.0012780983627846965,False
2026-01-13,3717.0,3717.0,3631.5,3661.5,1700985.0,M_M,-0.005567626290059802,False
2026-01-14,3663.0,3682.0,3635.10009765625,3649.5,1573135.0,M_M,-0.0032773453502662475,False
2026-01-15,3663.0,3682.0,3635.10009765625,3649.5,1573135.0,M_M,0.0,False
2026-01-16,3650.10009765625,3729.89990234375,3650.10009765625,3658.199951171875,2089943.0,M_M,0.0023838748244622288,False
2026-01-19,3689.0,3689.0,3614.0,3657.39990234375,1715818.0,M_M,-0.00021870013635227892,False
2026-01-20,3646.0,3677.5,3540.0,3557.5,1753439.0,M_M,-0.027314459728544294,False
2026-01-21,3543.0,3586.699951171875,3517.10009765625,3553.300048828125,1587467.0,M_M,-0.001180590631588152,False
2026-01-22,3600.0,3620.0,3533.39990234375,3573.699951171875,2107171.0,M_M,0.005741114474832498,False
2026-01-23,3573.699951171875,3596.0,3534.800048828125,3543.39990234375,1922549.0,M_M,-0.008478621384593099,False
2026-01-26,3573.699951171875,3596.0,3534.800048828125,3543.39990234375,1922549.0,M_M,0.0,False
2026-01-27,3437.199951171875,3497.699951171875,3344.10009765625,3393.5,7139715.0,M_M,-0.04230397541203301,False
2026-01-28,3379.0,3456.89990234375,3376.0,3449.199951171875,3964878.0,M_M,0.016413717746242895,False
2026-01-29,3449.199951171875,3479.60009765625,3321.0,3384.39990234375,5592638.0,M_M,-0.018786979515672653,False
2026-01-30,3283.0,3452.39990234375,3282.800048828125,3431.800048828125,5291090.0,M_M,0.014005480395963055,False
2026-02-02,3355.0,3472.10009765625,3343.699951171875,3463.199951171875,2950641.0,M_M,0.009149688763036234,False
2026-02-03,3638.0,3643.800048828125,3513.0,3527.89990234375,5492214.0,M_M,0.018682129846410378,False
2026-02-04,3549.0,3620.0,3519.10009765625,3574.0,2395062.0,M_M,0.013067291854177432,False
2026-02-05,3592.0,3598.800048828125,3528.10009765625,3572.0,1251428.0,M_M,-0.0005595970900951208,False
2026-02-06,3577.0,3590.0,3530.60009765625,3578.0,1462031.0,M_M,0.0016797312430010258,False
2026-02-09,3593.800048828125,3619.10009765625,3557.10009765625,3609.60009765625,1294690.0,M_M,0.008831776874301367,False
2026-02-10,3616.300048828125,3699.0,3601.0,3675.800048828125,1917432.0,M_M,0.018339968246027905,False
2026-02-11,3704.699951171875,3787.0,3666.10009765625,3674.89990234375,4787745.0,M_M,-0.00024488450743176404,False
2026-02-12,3698.199951171875,3699.0,3582.199951171875,3593.10009765625,2554236.0,M_M,-0.02225905653520799,False
2026-02-13,3530.0,3596.5,3520.300048828125,3533.39990234375,1632115.0,M_M,-0.016615232999337204,False
2026-02-16,3535.0,3549.5,3469.0,3509.699951171875,1562001.0,M_M,-0.006707406981065089,False
2026-02-17,3509.699951171875,3515.800048828125,3462.0,3489.199951171875,1991583.0,M_M,-0.005840955148646021,False
2026-02-18,3491.10009765625,3545.0,3483.199951171875,3530.5,1682427.0,M_M,0.01183653829132214,False
2026-02-19,3534.89990234375,3546.5,3421.300048828125,3431.800048828125,2479531.0,M_M,-0.027956366285759815,False
2026-02-20,3443.0,3449.89990234375,3402.5,3412.800048828125,2260853.0,M_M,-0.005536453094488469,False
2026-02-23,3425.0,3457.60009765625,3416.89990234375,3447.10009765625,1789276.0,M_M,0.010050412663321184,False
2026-02-24,3415.0,3441.0,3390.0,3433.199951171875,1929400.0,M_M,-0.004032417420609891,False
2026-02-25,3435.0,3500.89990234375,3425.39990234375,3491.300048828125,2273269.0,M_M,0.01692301598583512,False
2026-02-26,3505.0,3507.0,3461.60009765625,3484.60009765625,1998012.0,M_M,-0.001919041926552234,False
2026-02-27,3460.0,3488.10009765625,3381.10009765625,3397.39990234375,3765500.0,M_M,-0.025024448392557574,False
2026-03-02,3299.89990234375,3374.89990234375,3283.0,3334.300048828125,2997529.0,M_M,-0.018572983849235558,False
2026-03-03,3299.89990234375,3374.89990234375,3283.0,3334.300048828125,2997529.0,M_M,0.0,False
2026-03-04,3240.0,3278.10009765625,3207.89990234375,3264.300048828125,4537215.0,M_M,-0.020993911458149106,False
2026-03-05,3277.300048828125,3360.60009765625,3276.199951171875,3348.0,2304760.0,M_M,0.02564101029925947,False
2026-03-06,3315.0,3367.0,3315.0,3332.5,2084605.0,M_M,-0.00462962962962965,False
2026-03-09,3250.0,3250.0,3142.89990234375,3187.60009765625,3961149.0,M_M,-0.04348084091335336,False
2026-03-10,3278.0,3309.39990234375,3228.89990234375,3293.699951171875,2672336.0,M_M,0.033285183293110476,False
2026-03-11,3276.0,3292.89990234375,3156.0,3168.199951171875,4574950.0,M_M,-0.03810304577238377,False
2026-03-12,3115.10009765625,3142.800048828125,3020.0,3031.199951171875,6968585.0,M_M,-0.04324222022329294,False
2026-03-13,2965.0,3025.0,2922.60009765625,2931.10009765625,7217643.0,M_M,-0.03302317733177784,False
2026-03-16,2902.0,3043.699951171875,2896.0,3036.10009765625,5378638.0,M_M,0.03582272747490256,False
2026-03-17,3052.0,3139.300048828125,3024.5,3128.89990234375,3491894.0,M_M,0.030565462831458667,False
2026-03-18,3140.10009765625,3236.199951171875,3140.10009765625,3214.60009765625,3746758.0,M_M,0.027389880784714382,False
2026-03-19,3136.300048828125,3147.89990234375,3032.60009765625,3045.39990234375,3059501.0,M_M,-0.05263491263994646,False
2026-03-20,3059.199951171875,3106.60009765625,3043.199951171875,3066.10009765625,4471960.0,M_M,0.006797201016710108,False
2026-03-23,3015.10009765625,3019.699951171875,2935.0,2955.800048828125,3978740.0,M_M,-0.03597405346043303,False
2026-03-24,3030.0,3057.300048828125,2965.89990234375,3031.300048828125,3944279.0,M_M,0.025542999781035025,False
2026-03-25,3099.89990234375,3157.89990234375,3082.89990234375,3128.10009765625,3328790.0,M_M,0.031933509474110666,False
2026-03-26,3099.89990234375,3157.89990234375,3082.89990234375,3128.10009765625,3328790.0,M_M,0.0,False
2026-03-27,3100.0,3105.199951171875,3030.0,3041.300048828125,3155168.0,M_M,-0.027748488257508308,False
2026-03-30,2980.0,3023.699951171875,2945.0,2954.699951171875,5416854.0,M_M,-0.028474697091994794,False
2026-03-31,2980.0,3023.699951171875,2945.0,2954.699951171875,5416854.0,M_M,0.0,False
2026-04-01,3079.89990234375,3079.89990234375,3010.10009765625,3031.5,3522875.0,M_M,0.02599250350197657,False
2026-04-02,2975.0,3028.800048828125,2928.10009765625,3011.699951171875,3297975.0,M_M,-0.006531436195983842,False
2026-04-03,2975.0,3028.800048828125,2928.10009765625,3011.699951171875,3297975.0,M_M,0.0,False
2026-04-06,3006.10009765625,3030.0,2961.0,3021.60009765625,2554900.0,M_M,0.0032872286897380754,False
2026-04-07,3001.60009765625,3017.0,2949.5,3006.60009765625,2292715.0,M_M,-0.00496425718665916,False
2026-04-08,3125.0,3231.0,3109.0,3210.10009765625,4227961.0,M_M,0.06768442539419706,False
2026-04-09,3179.89990234375,3199.89990234375,3131.0,3166.800048828125,3039565.0,M_M,-0.01348869116565532,False
2026-04-10,3180.0,3270.0,3180.0,3259.800048828125,2801451.0,M_M,0.02936718408679284,False
2026-04-13,3194.60009765625,3249.199951171875,3183.10009765625,3220.199951171875,3183080.0,M_M,-0.012148014314708022,False
2026-04-14,3194.60009765625,3249.199951171875,3183.10009765625,3220.199951171875,3183080.0,M_M,0.0,False
2026-04-15,3250.0,3301.89990234375,3225.0,3256.5,2591177.0,M_M,0.011272607098486098,False
2026-04-16,3273.0,3288.0,3201.0,3222.300048828125,2678634.0,M_M,-0.010502057783471463,False
2026-04-17,3210.0,3242.5,3185.0,3200.199951171875,2180404.0,M_M,-0.006858485343190557,False
2026-04-20,3207.0,3235.5,3162.60009765625,3221.60009765625,3201466.0,M_M,0.006687127932908821,False
2026-04-21,3212.0,3262.300048828125,3212.0,3247.300048828125,1972188.0,M_M,0.007977387134601832,False
2026-04-22,3214.10009765625,3249.89990234375,3143.0,3149.699951171875,3096787.0,M_M,-0.03005576823474365,False
2026-04-23,3105.0,3114.699951171875,3032.199951171875,3047.699951171875,4540875.0,M_M,-0.03238403707694437,False
2026-04-24,3047.699951171875,3089.0,3035.0,3038.39990234375,2300917.0,M_M,-0.0030514975152160506,False
2026-04-27,3050.0,3114.0,3050.0,3102.39990234375,1816150.0,M_M,0.021063718423184552,False
2026-04-28,3115.89990234375,3144.0,3075.0,3088.10009765625,2645344.0,M_M,-0.004609271898409095,False
2026-04-29,3100.0,3192.0,3092.0,3152.300048828125,3917359.0,M_M,0.02078946573674867,False
2026-04-30,3105.39990234375,3117.300048828125,3047.0,3097.5,3331158.0,M_M,-0.017384147441325326,False
