Date,Open,High,Low,Close,Volume,Symbol,Daily_Return,Is_Outlier
2018-01-01,407.5852391130104,407.5852391130104,400.8709416288824,401.8648376464844,9453202.0,RELIANCE,,False
2018-01-02,403.3004239092856,406.19376806809856,400.38499382912,402.4832153320313,9499419.0,RELIANCE,0.0015387703218039395,False
2018-01-03,408.60119648615387,409.0429444047575,403.3225137949618,404.0955505371094,13507800.0,RELIANCE,0.0040059688048057485,False
2018-01-04,405.5753003845597,407.1876314889184,404.49306083752754,406.5250244140625,9008932.0,RELIANCE,0.006012127264761968,False
2018-01-05,407.18766379869743,409.44048674987306,406.5029707499239,407.8281555175781,7441284.0,RELIANCE,0.0032055372369605983,False
2018-01-08,409.08710243343984,411.2515816485914,407.9386050633928,410.1693420410156,8827020.0,RELIANCE,0.005740620140525232,False
2018-01-09,409.9925869069714,416.9498577273488,408.1594261625461,415.6467590332031,14294571.0,RELIANCE,0.013354038029589788,False
2018-01-10,416.55234523885497,418.4959652231692,413.2393686921782,416.2652282714844,11727682.0,RELIANCE,0.0014879683886379613,False
2018-01-11,416.02226547112144,416.3977556186325,413.0184917270892,414.2332763671875,7849171.0,RELIANCE,-0.004881387553638428,False
2018-01-12,416.55238906773815,420.8813479031911,414.4541674186841,419.2027587890625,15071161.0,RELIANCE,0.011996820886668536,False
2018-01-15,419.6444720789422,423.3991671219498,417.52416468209697,419.26898193359375,11120925.0,RELIANCE,0.00015797401887951423,False
2018-01-16,418.6285038363339,418.6285038363339,406.39254932082434,407.6956481933594,10825151.0,RELIANCE,-0.027603601122268118,False
2018-01-17,409.0429477158351,410.3681325079495,400.65003206654507,408.3803405761719,13204016.0,RELIANCE,0.0016794203858849777,False
2018-01-18,410.3681089235729,410.6331399693217,404.2280461071302,406.260009765625,9381821.0,RELIANCE,-0.005192049175421487,False
2018-01-19,407.7177134588513,412.7534508067957,407.3201668868598,411.3840942382813,9973533.0,RELIANCE,0.012612820237001499,False
2018-01-22,418.7610151096373,430.3785342098395,415.2271791983068,429.1416931152344,45700733.0,RELIANCE,0.0431654969787616,False
2018-01-23,430.68779599967,437.7333823817351,430.68779599967,434.3320617675781,22526810.0,RELIANCE,0.012094766683390157,False
2018-01-24,433.6694626437357,433.6694626437357,425.23240397722265,426.8668212890625,14289485.0,RELIANCE,-0.017187864161201327,False
2018-01-25,427.5514666866288,429.3625713090736,422.3611274544124,426.66802978515625,13669901.0,RELIANCE,-0.00046569912204919017,False
2018-01-26,427.5514666866288,429.3625713090736,422.3611274544124,426.66802978515625,13669901.0,RELIANCE,0.0,False
2018-01-29,426.8005113405526,431.7037037022086,423.752565811496,426.049560546875,9897064.0,RELIANCE,-0.0014495326462418134,False
2018-01-30,426.623837213525,426.623837213525,419.20273170398895,419.8211669921875,9182956.0,RELIANCE,-0.014618941389571649,False
2018-01-31,419.6445118110791,426.0496064501861,415.9118728485194,424.6360778808594,12551686.0,RELIANCE,0.011468956944616027,False
2018-02-01,425.4974289045024,429.6275847106691,413.7252788299651,416.9278259277344,16524809.0,RELIANCE,-0.01815260726689294,False
2018-02-02,413.0185154741004,416.9720135440018,397.9996753776233,399.4794616699219,28965593.0,RELIANCE,-0.04184984348067189,False
2018-02-05,394.9075357718175,403.0795625259468,389.5184235547581,398.5076293945313,19191099.0,RELIANCE,-0.0024327465330209463,False
2018-02-06,387.3981122361158,396.6744644456121,384.7477132531693,394.0682373046875,24062503.0,RELIANCE,-0.011140042906051195,False
2018-02-07,398.6843824701822,399.9433095820772,393.1406388136535,395.0842590332031,15532284.0,RELIANCE,0.0025782888148127014,False
2018-02-08,396.63026277546993,402.2623196457638,394.1786372659936,399.5677490234375,13825894.0,RELIANCE,0.011348186842993435,False
2018-02-09,392.6988590622236,398.4413456444961,391.3736449002144,396.6081848144531,11580639.0,RELIANCE,-0.007406914637674511,False
2018-02-12,398.88312679383546,405.5974238941796,398.4634647955566,404.4047546386719,11877059.0,RELIANCE,0.019658116304045237,False
2018-02-13,398.88312679383546,405.5974238941796,398.4634647955566,404.4047546386719,11877059.0,RELIANCE,0.0,False
2018-02-14,407.71776159993226,416.3315370617093,406.8342951817592,412.4222106933594,22247829.0,RELIANCE,0.019825325896207557,False
2018-02-15,414.18909986996863,417.76710752483655,409.9926274541938,413.3056335449219,13363743.0,RELIANCE,0.0021420351005763116,False
2018-02-16,415.0504503430303,416.3756645727888,405.5532389615524,406.966796875,9628162.0,RELIANCE,-0.015336922982524315,False
2018-02-19,406.8342810135634,411.6933314006896,403.5433900987056,409.4846801757813,8941900.0,RELIANCE,0.006186950188849627,False
2018-02-20,410.368111374123,410.61105650084346,405.862465620646,406.87841796875,8458450.0,RELIANCE,-0.006364736785543501,False
2018-02-21,410.8098831184978,411.9142087796218,407.3423046707783,410.5227661132813,11917390.0,RELIANCE,0.008956848000748918,False
2018-02-22,407.27598865425296,411.25157226062186,406.39252235425874,408.3140563964844,11196908.0,RELIANCE,-0.005380236856797005,False
2018-02-23,408.77783867211497,414.3436672156727,407.6072554711117,412.6871643066406,10610664.0,RELIANCE,0.010710157638829543,False
2018-02-26,414.7854085885204,417.3916356517289,413.7252549243972,414.6528930664063,8435611.0,RELIANCE,0.004763241820395114,False
2018-02-27,414.7853865628141,422.20646181760696,414.49826961347975,419.86529541015625,14021366.0,RELIANCE,0.012570519658511525,False
2018-02-28,417.8554614653701,422.78076939325695,416.6407062963173,421.65435791015625,56650480.0,RELIANCE,0.004261039241769904,False
2018-03-01,419.5340630082536,424.01762315313385,417.8554739505857,418.9377136230469,8956590.0,RELIANCE,-0.00644282274366581,False
2018-03-02,419.5340630082536,424.01762315313385,417.8554739505857,418.9377136230469,8956590.0,RELIANCE,0.0,False
2018-03-05,416.5523890668225,419.7107645018421,407.0993486846546,408.2036743164063,12325694.0,RELIANCE,-0.025622041075774038,False
2018-03-06,410.36810239425415,413.5485633542669,399.8107377011336,402.3506774902344,16019726.0,RELIANCE,-0.01433842269051988,False
2018-03-07,401.6439272474934,401.6439272474934,392.27923105957655,393.0301818847656,15853546.0,RELIANCE,-0.023165104787713386,False
2018-03-08,396.5198315639016,403.96302280572274,394.5983269581754,402.61572265625,13283967.0,RELIANCE,0.024388815956874366,False
2018-03-09,404.1396660098428,406.1053717297787,402.4389913117748,403.3445434570313,10638527.0,RELIANCE,0.0018102144545497634,False
2018-03-12,406.3925346228884,412.1792228445798,405.3102950073458,410.9423522949219,8315150.0,RELIANCE,0.01883701902291879,False
2018-03-13,411.64916111790114,413.4602657445959,406.9889135028455,411.6270751953125,11148731.0,RELIANCE,0.001666226166679552,False
2018-03-14,410.27976815072793,411.7153824792569,406.0391534398378,410.3901977539063,14724464.0,RELIANCE,-0.003004849573656765,False
2018-03-15,408.6011847573007,410.5668906949928,401.97523155334886,402.7703247070313,12711836.0,RELIANCE,-0.018567385596876096,False
2018-03-16,401.53354705844913,401.8427794875933,391.3958423631331,397.580078125,30814962.0,RELIANCE,-0.012886367896658202,False
2018-03-19,397.9996396217284,400.6058372127639,394.0240559865256,395.5701293945313,12630833.0,RELIANCE,-0.00505545634969351,False
2018-03-20,394.59835013975066,399.3248554393932,391.83752140311753,393.0522766113281,15192983.0,RELIANCE,-0.006365123643327308,False
2018-03-21,395.2830158130466,398.5959926221546,394.5983522212361,396.1885681152344,14715126.0,RELIANCE,0.007979324101479834,False
2018-03-22,395.7909938358825,402.8366089726244,395.6805642320225,401.1580200195313,22129723.0,RELIANCE,0.012543148147706074,False
2018-03-23,393.4056125892194,397.5578835023807,392.7430349885296,394.86334228515625,23469999.0,RELIANCE,-0.015691267331682912,False
2018-03-26,394.8854783339088,399.4573823078872,394.24495708472136,398.0438537597656,13227705.0,RELIANCE,0.008054714464510893,False
2018-03-27,400.7384083677235,402.3065383113062,396.2327328598373,397.4695739746094,15179544.0,RELIANCE,-0.0014427550626189278,False
2018-03-28,395.7027045865575,395.72479051036765,388.7233462520352,389.916015625,19160609.0,RELIANCE,-0.01900411715562389,False
2018-03-29,395.7027045865575,395.72479051036765,388.7233462520352,389.916015625,19160609.0,RELIANCE,0.0,False
2018-03-30,395.7027045865575,395.72479051036765,388.7233462520352,389.916015625,19160609.0,RELIANCE,0.0,False
2018-04-02,394.4658115084952,397.9775911440199,391.5945826015695,394.4437255859375,12494499.0,RELIANCE,0.011612013304147073,False
2018-04-03,393.5823498776638,398.3088549568981,391.0423804814751,397.359130859375,13922126.0,RELIANCE,0.007391181768975352,False
2018-04-04,399.6340427596775,402.7703320513572,394.0461572250184,395.3050842285156,14214534.0,RELIANCE,-0.005169244824995145,False
2018-04-05,399.8107581409622,401.975237398549,399.103979173534,401.18011474609375,8527915.0,RELIANCE,0.014862016078148743,False
2018-04-06,401.09180730513367,405.7299691370228,399.76662242276734,402.4169921875,9664888.0,RELIANCE,0.0030830975812174977,False
2018-04-09,403.10168268736186,405.9508552301464,403.10168268736186,404.6256408691406,7813897.0,RELIANCE,0.005488457805011171,False
2018-04-10,405.68576690463857,408.1153067420872,403.8084340815711,405.0894470214844,8455132.0,RELIANCE,0.001146259914096115,False
2018-04-11,407.187693763826,412.0246288422403,404.6477241610922,411.1853637695313,13140816.0,RELIANCE,0.015048322766412658,False
2018-04-12,410.7436024323613,413.7473763194558,408.2478342441375,410.2356262207031,10822592.0,RELIANCE,-0.002309755240608502,False
2018-04-13,412.0025204080658,415.97810427358496,410.235617180111,414.71917724609375,12616816.0,RELIANCE,0.010929209310013732,False
2018-04-16,412.77557479784633,415.2272006795392,410.1472910217412,413.924072265625,8934275.0,RELIANCE,-0.0019172129578105546,False
2018-04-17,415.2271898371154,418.407651084965,413.4602570925726,417.1045227050781,9599816.0,RELIANCE,0.007683656623411306,False
2018-04-18,417.5462358681623,418.8493346523352,413.0405606934608,414.34368896484375,7360987.0,RELIANCE,-0.006619045323050798,False
2018-04-19,414.8296060980608,417.4358333225374,413.0185015426797,416.2431640625,9802587.0,RELIANCE,0.004584298369312068,False
2018-04-20,414.3437056623568,416.0443510802386,406.9226297362246,409.8822021484375,7326696.0,RELIANCE,-0.015281841152609,False
2018-04-23,410.8098062947384,417.1486420708678,410.1472287142982,413.460205078125,7674482.0,RELIANCE,0.008729344457829802,False
2018-04-24,413.3718910099758,430.9969571946898,413.01848678788514,428.5011596679688,19921115.0,RELIANCE,0.036378240046105015,False
2018-04-25,430.0913936410903,433.6914871196546,425.6299197816937,428.699951171875,14079382.0,RELIANCE,0.0004639229076071061,False
2018-04-26,429.8043088875614,436.4302624121801,425.055688220536,430.8423767089844,34096999.0,RELIANCE,0.00499749424102558,False
2018-04-27,437.2253604916714,446.5900562795913,435.3259123317311,440.09661865234375,25518647.0,RELIANCE,0.02147941438362788,False
2018-04-30,433.7799021555844,438.4622356704007,424.0618013918304,425.51953125,19406069.0,RELIANCE,-0.033122470804209936,False
2018-05-01,433.7799021555844,438.4622356704007,424.0618013918304,425.51953125,19406069.0,RELIANCE,0.0,False
2018-05-02,427.1538695964357,432.5429814945542,426.29248923209184,429.6717529296875,13381914.0,RELIANCE,0.009758004920455754,False
2018-05-03,431.9688024258402,431.9688024258402,423.7305173495132,424.7685852050781,8634812.0,RELIANCE,-0.011411426725581708,False
2018-05-04,425.3207259013143,426.1379345154058,419.64449642179534,421.3893432617188,8302649.0,RELIANCE,-0.00795548932067991,False
2018-05-07,423.5538411189474,429.9147639561923,422.4495154661152,428.9208679199219,7683268.0,RELIANCE,0.01787307813696981,False
2018-05-08,431.7920472067953,433.77983891470734,426.3587341453245,427.1980285644531,10792648.0,RELIANCE,-0.004016683459174608,False
2018-05-09,426.6679829745652,434.7958079868842,425.05565183184376,431.4386596679688,9831044.0,RELIANCE,0.009926616744383887,False
2018-05-10,432.89641223828414,434.9283759705078,430.3564428293989,433.4043884277344,8781584.0,RELIANCE,0.004556218400266543,False
2018-05-11,433.4485565516016,437.8879446397296,431.902512588023,436.982421875,8774740.0,RELIANCE,0.008255646557354224,False
2018-05-14,438.17508005448985,438.17508005448985,431.43866788109705,435.8117980957031,5642499.0,RELIANCE,-0.0026788807070865506,False
2018-05-15,434.2436605785683,441.7309939178403,431.4165743385117,432.43255615234375,10501479.0,RELIANCE,-0.0077539019322677705,False
2018-05-16,430.2459934161951,430.2459934161951,420.7266963976513,422.361083984375,18840763.0,RELIANCE,-0.02329027272502726,False
2018-05-17,423.7746584228482,424.0617753975009,415.88974868277296,417.5904235839844,10353948.0,RELIANCE,-0.011295217720785788,False
2018-05-18,417.7008676450071,421.1905317654943,411.69331996725697,412.5105285644531,11440117.0,RELIANCE,-0.012164778530917575,False
2018-05-21,411.1411579111766,413.32772307835273,407.3201756052975,411.40618896484375,14491208.0,RELIANCE,-0.00267711857792452,False
2018-05-22,412.20132350955527,412.5767841797532,408.6012003111627,409.3742370605469,11310073.0,RELIANCE,-0.004939040682420348,False
2018-05-23,409.0429831767209,409.0429831767209,401.59979100455536,402.96917724609375,9991028.0,RELIANCE,-0.015645976797279082,False
2018-05-24,403.7421176445989,406.8342349064793,402.0414723172509,404.559326171875,11632489.0,RELIANCE,0.003946080781285444,False
2018-05-25,404.625603248716,407.8944080266636,403.94093969597446,406.7459106445313,17782410.0,RELIANCE,0.0054048549401808366,False
2018-05-28,408.55697502387966,409.484613104353,405.55320159358695,406.5691833496094,11369679.0,RELIANCE,-0.0004344906495602485,False
2018-05-29,407.05519311652574,409.92642218156897,403.9189034789805,405.2661743164063,17878384.0,RELIANCE,-0.0032048888272051546,False
2018-05-30,404.1176517445624,407.8060892478365,400.4733565988856,404.6697998046875,13105124.0,RELIANCE,-0.0014715625174609448,False
2018-05-31,406.8342301585668,407.4084935591212,403.9850875371664,406.9888610839844,37080158.0,RELIANCE,0.005730749565241,False
2018-06-01,406.3926093418798,413.34988214221727,405.70791617820464,411.0528869628906,19174278.0,RELIANCE,0.009985594858989533,False
2018-06-04,412.3117399143121,416.9940731297958,411.052812926165,415.6026306152344,12250151.0,RELIANCE,0.011068511611632248,False
2018-06-05,416.4640517846973,421.85316448905,415.6689290611793,418.6064453125,17436812.0,RELIANCE,0.0072276123296404204,False
2018-06-06,418.319299374377,422.2948537425408,416.397765211798,421.5881042480469,9164022.0,RELIANCE,0.007122821372998578,False
2018-06-07,421.8089647797292,431.12948915232346,421.6101914837833,429.075439453125,14999572.0,RELIANCE,0.017759835084608655,False
2018-06-08,426.8667348710353,435.7896820476492,424.3267657235713,434.8179016113281,14289325.0,RELIANCE,0.013383339222403645,False
2018-06-11,436.0327226652633,441.7089521456387,432.4767712178357,434.0670166015625,15018718.0,RELIANCE,-0.0017268953439658619,False
2018-06-12,434.3982713230844,441.7310033783938,433.0289147576214,440.4720764160156,16285583.0,RELIANCE,0.014755923784765423,False
2018-06-13,441.7310016347373,444.33722871888426,437.0928403746388,442.8353271484375,12962502.0,RELIANCE,0.0053652679907678635,False
2018-06-14,440.6045767284937,446.94341264998974,436.16518888890295,445.2427673339844,11997529.0,RELIANCE,0.0054364230628327626,False
2018-06-15,444.3814214752195,452.1117004349542,441.39973360172974,448.0036010742188,24705890.0,RELIANCE,0.0062007379856290346,False
2018-06-18,445.61822691586,450.76439366581286,444.8231043157724,448.5999145507813,12363932.0,RELIANCE,0.0013310461682287666,False
2018-06-19,447.87108648190514,448.268662558196,438.9260228427197,439.9862060546875,13881382.0,RELIANCE,-0.01920131550787163,False
2018-06-20,439.96409593561367,451.84667575416256,439.4561197323496,450.2343444824219,15735681.0,RELIANCE,0.0232919538992562,False
2018-06-21,452.0895750287103,457.6333177816928,451.13985099696606,455.8442993164063,22988909.0,RELIANCE,0.012460077519038437,False
2018-06-22,454.2761236267251,454.62952781540525,445.4636061111001,447.2526245117188,35370008.0,RELIANCE,-0.018847827684961183,False
2018-06-25,446.7667785132994,449.0196015812494,442.74702267208113,443.6967468261719,11369371.0,RELIANCE,-0.007950490373150987,False
2018-06-26,444.3813927967452,444.3813927967452,430.7981685744807,432.43255615234375,17649122.0,RELIANCE,-0.02538713829750283,False
2018-06-27,435.1231946488491,438.1915151045293,428.0971816175969,429.4979553222656,19595831.0,RELIANCE,-0.006786262477990412,False
2018-06-28,427.7858611664616,430.6763127931449,418.136229723001,420.2040100097656,18770484.0,RELIANCE,-0.0216390909370604,False
2018-06-29,422.0494613662418,433.78913734978505,422.0049942458948,432.4328308105469,17425606.0,RELIANCE,0.029102104000618745,False
2018-07-02,432.38833426741104,432.38833426741104,425.5624536526587,427.1632995605469,14570004.0,RELIANCE,-0.012185779789482765,False
2018-07-03,429.1199301915295,435.1009358294562,427.0521497802258,431.9214477539063,11084063.0,RELIANCE,0.011138944282560015,False
2018-07-04,432.1437740285319,441.1263990714656,431.7880370826304,440.281494140625,10938521.0,RELIANCE,0.019355478710753715,False
2018-07-05,443.3498434827821,448.41924371659167,426.2739940083303,428.8976135253906,40946479.0,RELIANCE,-0.025855914379173006,False
2018-07-06,429.008714861248,437.1242006901133,428.8975470755728,434.70068359375,20039239.0,RELIANCE,0.013530199015704847,False
2018-07-09,438.9474867032681,444.6838938453295,437.3466109475184,443.3943176269531,11309207.0,RELIANCE,0.019999126666494504,False
2018-07-10,445.90671311160025,457.35732207415697,444.6838377303352,456.1122131347656,22846197.0,RELIANCE,0.028683036751302238,False
2018-07-11,455.8009512965808,462.871430694699,452.62146337592776,461.9375915527344,18953870.0,RELIANCE,0.012771809765698139,False
2018-07-12,464.405578823077,488.7075411717945,463.6273745858488,481.3035583496094,52736376.0,RELIANCE,0.04192334018926491,False
2018-07-13,480.4809025934431,493.15438686680193,480.258537329094,489.0632934570313,39301408.0,RELIANCE,0.016122330643118632,False
2018-07-16,489.0633234859249,493.1099500281566,477.1680130122752,478.56878662109375,14427529.0,RELIANCE,-0.02145838171937886,False
2018-07-17,479.5026190457951,487.35127318235175,475.63386103299104,485.75042724609375,14150770.0,RELIANCE,0.015006496089528865,False
2018-07-18,488.4407718955738,491.1978224103776,479.0579423423618,485.8393859863281,10241565.0,RELIANCE,0.00018313672051450958,False
2018-07-19,486.1728292563324,495.822460338135,483.0822757211457,491.3089294433594,11885426.0,RELIANCE,0.011257925180205852,False
2018-07-20,495.11101288806327,506.2725561540274,494.4439764454092,501.8924560546875,17538801.0,RELIANCE,0.02154149044943887,False
2018-07-23,502.4038163146124,502.4038163146124,494.97762936510736,498.1793212890625,12779803.0,RELIANCE,-0.007398267738099706,False
2018-07-24,498.9353103502395,501.0475281307351,492.4429033591059,494.02154541015625,9775749.0,RELIANCE,-0.008345942316810406,False
2018-07-25,493.5990747533097,499.37997813582,491.0199225689629,495.8891906738281,13014255.0,RELIANCE,0.0037804935453196187,False
2018-07-26,493.6435229040962,498.7129522116367,492.620749556292,493.8880920410156,14053674.0,RELIANCE,-0.004035374576512485,False
2018-07-27,497.8235609049751,505.783412274329,494.55513877231033,502.4260559082031,14610585.0,RELIANCE,0.017287243820566678,False
2018-07-30,502.49265271416266,514.6325300012267,501.6033105108488,512.0089111328125,30344461.0,RELIANCE,0.019073165318401086,False
2018-07-31,511.8311724812808,529.351693278489,510.1191586214534,527.3950805664062,30350826.0,RELIANCE,0.030050589157817775,False
2018-08-01,529.3516115813917,534.9101790096715,527.1281964838087,530.21875,21227054.0,RELIANCE,0.0053539927421415445,False
2018-08-02,529.840851084874,529.840851084874,518.4791758845154,519.54638671875,13668930.0,RELIANCE,-0.020128226852124675,False
2018-08-03,522.5036499032327,526.2834744798223,520.0801024003579,523.3707885742188,14536058.0,RELIANCE,0.0073610402328503355,False
2018-08-06,523.2595074690602,531.8418991839944,522.6592310277675,530.3300170898438,8785462.0,RELIANCE,0.013296937214596127,False
2018-08-07,531.3527046103314,534.2431858687016,523.3928534238551,526.5946044921875,8879612.0,RELIANCE,-0.007043562455985697,False
2018-08-08,526.9504127623593,543.6260583601007,526.9504127623593,541.4915771484375,17307566.0,RELIANCE,0.028289261851848435,False
2018-08-09,543.1812733077003,547.7170375108376,538.9567788914352,541.6026611328125,14976885.0,RELIANCE,0.0002051444363364574,False
2018-08-10,538.5121025668275,540.2908464147048,534.6433450872064,535.4882202148438,7833494.0,RELIANCE,-0.011289532634828348,False
2018-08-13,532.5311623692227,533.5984326141039,525.9276466509217,528.1510620117188,10211072.0,RELIANCE,-0.013701810658283464,False
2018-08-14,529.173766696257,541.2691786123656,526.6390816837095,538.3342895507812,11592139.0,RELIANCE,0.01928089948408851,False
2018-08-15,529.173766696257,541.2691786123656,526.6390816837095,538.3342895507812,11592139.0,RELIANCE,0.0,False
2018-08-16,535.065912895792,540.7356191605268,531.6195626479612,533.9763793945312,13086024.0,RELIANCE,-0.00809517476563959,False
2018-08-17,537.6228226346489,540.4688371828257,533.6429261586562,535.2882690429688,8379864.0,RELIANCE,0.002456830861928827,False
2018-08-20,537.1335984386398,549.9849508674034,537.022400966974,549.1400756835938,16639535.0,RELIANCE,0.025877284150819024,False
2018-08-21,550.1851129422862,556.5218255922935,545.6270849879666,554.6096801757812,15923396.0,RELIANCE,0.00996030837009787,False
2018-08-22,550.1851129422862,556.5218255922935,545.6270849879666,554.6096801757812,15923396.0,RELIANCE,0.0,False
2018-08-23,554.2094426675111,566.5271896535445,550.6964812369201,564.50390625,17429373.0,RELIANCE,0.017839980851186654,False
2018-08-24,562.6363084475881,569.1731533495449,560.3239587837522,568.0836791992188,14550512.0,RELIANCE,0.006341449385176334,False
2018-08-27,568.9285652803909,576.2436146238632,568.639558672343,574.3092651367188,12188510.0,RELIANCE,0.010958924125888725,False
2018-08-28,576.3103509505812,588.3168302007017,575.8656797269444,586.5380859375,19018790.0,RELIANCE,0.021293093361239857,False
2018-08-29,585.3373565772522,590.984858666815,573.731141940907,575.5098266601562,24230135.0,RELIANCE,-0.018802290152593604,False
2018-08-30,575.2430786861214,576.8217505776374,564.9486727350436,566.7274169921875,21545859.0,RELIANCE,-0.015260225388218807,False
2018-08-31,564.7484154702348,564.7484154702348,549.895984372119,552.1416625976562,33479841.0,RELIANCE,-0.025736807426650965,False
2018-09-03,553.6314372432969,559.3678738414986,545.2046508263741,546.5831909179688,26686176.0,RELIANCE,-0.010067111497322312,False
2018-09-04,549.2513243577563,557.9893813609275,546.5165665542459,552.2752075195312,19333815.0,RELIANCE,0.01041381567552957,False
2018-09-05,552.5196563733415,557.0332171292616,537.4004211508131,545.6270751953125,22584608.0,RELIANCE,-0.01203771640243989,False
2018-09-06,547.0279531674066,562.8364622572454,544.8934716789304,560.92431640625,24487897.0,RELIANCE,0.028036074282900447,False
2018-09-07,562.4806412778075,569.7956904493466,557.8559419711983,568.5728149414062,23389269.0,RELIANCE,0.013635526775089613,False
2018-09-10,566.9718366519835,567.86123827691,555.8992287180316,558.4561767578125,15440786.0,RELIANCE,-0.01779303884698802,False
2018-09-11,559.8570479349355,564.0370762282482,548.8511084806238,550.38525390625,23787332.0,RELIANCE,-0.01445220446556661,False
2018-09-12,556.6552845469216,559.7236347017905,546.4498128904398,556.9666137695312,17642490.0,RELIANCE,0.011957732909033014,False
2018-09-13,556.6552845469216,559.7236347017905,546.4498128904398,556.9666137695312,17642490.0,RELIANCE,0.0,False
2018-09-14,560.0348380467377,567.2386890601483,554.8098034113691,557.2555541992188,17233514.0,RELIANCE,0.0005187751339923441,False
2018-09-17,556.1883445058162,556.1883445058162,543.2257940620204,545.137939453125,14773803.0,RELIANCE,-0.021745166386913595,False
2018-09-18,545.182436718355,551.1412088051937,540.0018689028976,541.2469482421875,16660044.0,RELIANCE,-0.007137626881814296,False
2018-09-19,544.293104487942,544.293104487942,534.0654282770611,538.4010620117188,24642640.0,RELIANCE,-0.005258018063125092,False
2018-09-20,544.293104487942,544.293104487942,534.0654282770611,538.4010620117188,24642640.0,RELIANCE,0.0,False
2018-09-21,542.0696557591392,550.2518437229493,526.2834117890841,541.4026489257812,41713856.0,RELIANCE,0.005575001844994709,False
2018-09-24,540.0464122011078,551.3636221768511,535.6217847889385,547.8728637695312,22098277.0,RELIANCE,0.011950837064775843,False
2018-09-25,549.406975730444,553.6314711353804,531.397256671615,547.22802734375,21250513.0,RELIANCE,-0.0011769818664582044,False
2018-09-26,550.9633146880527,557.6112971297255,545.6938128793007,556.4773559570312,13992341.0,RELIANCE,0.016902147096115705,False
2018-09-27,558.0782685884523,561.6357569371647,550.2962850888881,557.5223999023438,23642923.0,RELIANCE,0.0018779631086969228,False
2018-09-28,560.2571530768485,565.504450762396,554.6541184706492,559.3900146484375,24220992.0,RELIANCE,0.003349847013179863,False
2018-10-01,559.278908851697,559.278908851697,535.3993542498139,547.7171020507812,16039441.0,RELIANCE,-0.020867216596621607,False
2018-10-02,559.278908851697,559.278908851697,535.3993542498139,547.7171020507812,16039441.0,RELIANCE,0.0,False
2018-10-03,546.7388838825808,551.2301819824413,533.6429304390846,535.8885498046875,16135428.0,RELIANCE,-0.0215960980619464,False
2018-10-04,528.9514776332984,529.3516817175322,491.8203634047585,499.0464782714844,50774608.0,RELIANCE,-0.06874950313200523,False
2018-10-05,488.9299261248213,495.9559090483925,461.64854708088967,466.40667724609375,47998260.0,RELIANCE,-0.06540433095218512,False
2018-10-08,466.9180653014089,496.7118653974098,456.0455284684863,493.332275390625,53983473.0,RELIANCE,0.057729872787229075,False
2018-10-09,498.77965656282095,499.5133937069796,480.7922023836776,484.7276611328125,24042005.0,RELIANCE,-0.0174418230613419,False
2018-10-10,486.4396676649719,496.20049693497,482.17070558841056,490.0860900878906,20784941.0,RELIANCE,0.011054514492850442,False
2018-10-11,473.14367076089087,495.7113578938818,463.80530825210366,483.7271423339844,28926389.0,RELIANCE,-0.012975164736395262,False
2018-10-12,491.3534231595213,502.0480617036656,489.9971463987832,500.9585876464844,19814528.0,RELIANCE,0.03562224197169961,False
2018-10-15,502.44827066136577,510.007918143828,497.223265595101,506.8284301757813,19406012.0,RELIANCE,0.01171722109181439,False
2018-10-16,509.6077473830085,519.1239486657785,506.9396014097709,517.5231323242188,16358598.0,RELIANCE,0.021101227775893072,False
2018-10-17,524.2823178286584,524.4379230679324,506.9396063095974,511.9645690917969,27967162.0,RELIANCE,-0.010740704879138696,False
2018-10-18,524.2823178286584,524.4379230679324,506.9396063095974,511.9645690917969,27967162.0,RELIANCE,0.0,False
2018-10-19,489.1523045983079,494.0438365495893,475.9229496105136,489.7303771972656,55606079.0,RELIANCE,-0.04342916138508135,False
2018-10-22,493.5991103059648,495.73359146893216,470.18651819439566,472.5433349609375,28798142.0,RELIANCE,-0.03509490739514631,False
2018-10-23,468.14097912297376,473.4549485591432,464.0943523327568,469.0081176757813,23128845.0,RELIANCE,-0.0074812552068868055,False
2018-10-24,477.99068917766,478.45762361338166,458.6469580162404,465.0281677246094,29869514.0,RELIANCE,-0.008485887133244052,False
2018-10-25,460.6925062102336,462.7602866268105,451.9766836664981,458.380126953125,30833933.0,RELIANCE,-0.014295995883460866,False
2018-10-26,459.3139440027393,470.03084576750143,454.4669094942622,464.650146484375,20085933.0,RELIANCE,0.0136786460899323,False
2018-10-29,465.1393515578372,486.41746250580826,465.1393515578372,483.7271423339844,16781215.0,RELIANCE,0.04105668747540325,False
2018-10-30,482.7043380782404,482.7043380782404,467.8518754425523,470.0308532714844,19263668.0,RELIANCE,-0.028314080116355278,False
2018-10-31,470.9202059910433,473.9662926855967,465.5840033067991,471.9207458496094,35999348.0,RELIANCE,0.004020784093152763,False
2018-11-01,474.8779252398085,474.8779252398085,466.9181027230076,469.6973571777344,20552752.0,RELIANCE,-0.004711360310876267,False
2018-11-02,474.47773094195526,480.7033061692329,472.76568736493937,477.99072265625,36739798.0,RELIANCE,0.01765682806551827,False
2018-11-05,477.34588920002255,485.9060466371976,473.588299102528,484.83880615234375,16585905.0,RELIANCE,0.014326812575018444,False
2018-11-06,486.4841364998654,494.4884552638269,485.4168959769588,490.9754638671875,18886485.0,RELIANCE,0.012657109202012906,False
2018-11-07,495.8225460283746,495.8225460283746,492.1316858048141,493.910400390625,2808599.0,RELIANCE,0.005977766180656596,False
2018-11-08,495.8225460283746,495.8225460283746,492.1316858048141,493.910400390625,2808599.0,RELIANCE,0.0,False
2018-11-09,491.9315321822815,495.28888863484895,482.482002474835,486.2395629882813,23712291.0,RELIANCE,-0.015530827851118256,False
2018-11-12,488.1294620538174,488.61860033760775,477.8350276926302,480.258544921875,12690610.0,RELIANCE,-0.012300558246739035,False
2018-11-13,477.5904761786528,490.4862967119038,475.8339656351982,488.9076843261719,14899604.0,RELIANCE,0.018009339960216364,False
2018-11-14,491.397885450904,494.7774753824064,482.7043266374612,488.2406311035156,17034346.0,RELIANCE,-0.001364374592671025,False
2018-11-15,487.7959624783827,490.4862824288341,483.1490003245572,487.7514953613281,14943663.0,RELIANCE,-0.0010018333400110269,False
2018-11-16,488.2406861278763,502.4705806953958,487.86271559228567,501.3366394042969,24131016.0,RELIANCE,0.0278525933229683,False
2018-11-19,503.78235976463816,512.1424156344762,502.9374845012898,511.386474609375,15987574.0,RELIANCE,0.020046081644899516,False
2018-11-20,509.1630363867548,514.0100708905497,502.4927313435867,505.7834167480469,12511640.0,RELIANCE,-0.01095660159101397,False
2018-11-21,505.82790977537366,509.3853980648034,492.2872860213554,494.888671875,16422494.0,RELIANCE,-0.02154033626308871,False
2018-11-22,495.6001537869009,500.4249844525121,489.1967107672728,490.4195861816406,12670591.0,RELIANCE,-0.009030486950584726,False
2018-11-23,495.6001537869009,500.4249844525121,489.1967107672728,490.4195861816406,12670591.0,RELIANCE,0.0,False
2018-11-26,493.154442149216,496.93423648634064,487.9961076927503,493.4879455566406,13969873.0,RELIANCE,0.006256600391697065,False
2018-11-27,492.6652298685223,502.4927298832469,491.5757558178303,501.69232177734375,14896607.0,RELIANCE,0.016625281923449586,False
2018-11-28,503.582165544558,514.8327014984241,500.8474083735428,512.5648193359375,17507771.0,RELIANCE,0.021671644325900408,False
2018-11-29,516.2779456717894,524.6824681597061,515.833274507063,519.6130981445312,27640198.0,RELIANCE,0.013750999956893883,False
2018-11-30,521.3029530031962,527.3951272863349,516.8561217278038,519.1907348632812,23443212.0,RELIANCE,-0.0008128418678401417,False
2018-12-03,522.459029076167,522.459029076167,510.71935465234606,514.254638671875,12182825.0,RELIANCE,-0.009507288670523084,False
2018-12-04,514.9439259920243,514.9439259920243,507.9179427577676,512.4092407226562,11358720.0,RELIANCE,-0.0035884906239926906,False
2018-12-05,508.6071438208508,515.2996524235381,506.62826814892566,513.676513671875,12729759.0,RELIANCE,0.002473165681851297,False
2018-12-06,510.9417181505975,510.9417181505975,497.2677235013036,499.6690368652344,12831451.0,RELIANCE,-0.02726906220903902,False
2018-12-07,502.2481460146356,505.5832388629861,492.8652883151784,504.1824951171875,15779984.0,RELIANCE,0.009032895614803582,False
2018-12-10,493.5991137501297,495.5112593228649,481.6371316667679,484.8166198730469,20521072.0,RELIANCE,-0.03841044747029432,False
2018-12-11,474.033013014826,490.086118536217,469.1415110006821,488.0628051757813,29518062.0,RELIANCE,0.006695697238235043,False
2018-12-12,488.7075441891058,495.1554840289615,483.7048747236817,493.8214111328125,27572962.0,RELIANCE,0.011798903534468552,False
2018-12-13,501.6034212762664,501.6034212762664,486.9510896606352,492.2872924804688,20337275.0,RELIANCE,-0.003106626439757787,False
2018-12-14,490.5307357848042,495.7780038716629,485.5058032769813,494.5773620605469,15795834.0,RELIANCE,0.004651896595866178,False
2018-12-17,496.2449914808065,503.826843329135,494.2661452465646,502.44830322265625,11077711.0,RELIANCE,0.015914479242068014,False
2018-12-18,499.5133445075365,506.4948595739579,498.2682059357479,505.3387145996094,12841994.0,RELIANCE,0.005752654269930435,False
2018-12-19,507.60661538435954,510.1857674825031,503.91572601692445,505.5166015625,16118419.0,RELIANCE,0.00035201530726092223,False
2018-12-20,498.49060945378,503.60450641252686,496.3339244271901,501.8035583496094,12609700.0,RELIANCE,-0.007345047029937324,False
2018-12-21,500.2693536549157,503.0486377366628,487.3735325095152,489.2412109375,18115814.0,RELIANCE,-0.02503439284772291,False
2018-12-24,489.5524887743134,490.5752622459267,483.1712787781089,484.3274536132813,9065704.0,RELIANCE,-0.010043629224943618,False
2018-12-25,489.5524887743134,490.5752622459267,483.1712787781089,484.3274536132813,9065704.0,RELIANCE,0.0,False
2018-12-26,482.8377764410723,489.152285769515,473.87738434318686,488.4185485839844,15771193.0,RELIANCE,0.008446960708466511,False
2018-12-27,492.3539531107081,501.15870931046913,490.9309757026109,498.13482666015625,27294221.0,RELIANCE,0.019893343740406966,False
2018-12-28,500.4916832889124,504.82737590371954,498.5795377632693,500.5139465332031,16768547.0,RELIANCE,0.004776056091075009,False
2018-12-31,502.9152052782862,504.2048110605463,496.3561273100057,498.6017761230469,15799099.0,RELIANCE,-0.0038204138434120294,False
2019-01-01,500.3805422248043,501.29214786232393,493.64356580482286,498.4906005859375,9746670.0,RELIANCE,-0.00022297461106901562,False
2019-01-02,495.6001863012743,501.1587544539115,489.5969469449025,491.9982604980469,15628818.0,RELIANCE,-0.013023997002670429,False
2019-01-03,492.4873924856328,495.6446470445033,484.74990584992383,485.9283142089844,16288287.0,RELIANCE,-0.012337332824953307,False
2019-01-04,487.9961019121786,491.131122957813,480.7477534863932,488.5519409179688,18516544.0,RELIANCE,0.005399205257786477,False
2019-01-07,492.2650356863747,497.3566691059738,489.5969195602257,491.2644958496094,12060290.0,RELIANCE,0.0055522344800100765,False
2019-01-08,491.4201337699942,493.5768483693272,487.3735072802789,491.2200317382813,12304389.0,RELIANCE,-9.050951514655292e-05,False
2019-01-09,494.4884553327521,496.7118706154236,488.5741504955051,493.9325866699219,12614237.0,RELIANCE,0.005522077188183205,False
2019-01-10,492.5985335161184,494.04377419977465,490.4862860716892,492.48736572265625,8925160.0,RELIANCE,-0.0029259477634574482,False
2019-01-11,492.5317927995779,495.2888429062768,484.0828037087233,488.2850646972656,14139060.0,RELIANCE,-0.008532809809698061,False
2019-01-14,486.928840745638,489.3745916363414,483.10454981021815,487.7292785644531,8994060.0,RELIANCE,-0.001138241107491389,False
2019-01-15,491.37565675274993,503.38213462554216,491.37565675274993,502.3371276855469,22011407.0,RELIANCE,0.029950732431092586,False
2019-01-16,504.7161611262395,509.1630510728316,502.64841043601535,505.1164245605469,13961606.0,RELIANCE,0.0055327323461142885,False
2019-01-17,508.9185415635364,510.45268710215913,502.4928340356817,504.4717102050781,16379077.0,RELIANCE,-0.0012763678314947624,False
2019-01-18,510.8528098048495,529.1293300822731,504.8273667420513,526.6613159179688,56181172.0,RELIANCE,0.043985827676779055,False
2019-01-21,530.9525868652364,551.385793856642,528.573506735167,550.38525390625,48206814.0,RELIANCE,0.04504590952713228,False
2019-01-22,548.2285379681914,554.4985800560028,542.3364367197829,549.2512817382812,36207430.0,RELIANCE,-0.0020603243999010035,False
2019-01-23,548.428553374555,553.2756471049843,543.4036505494876,545.3157958984375,19313542.0,RELIANCE,-0.007165182805561554,False
2019-01-24,544.7376911259244,557.2777732565327,542.5587432111155,554.7208251953125,28775487.0,RELIANCE,0.017246940887490236,False
2019-01-25,556.0549254924592,562.3916378569832,549.3624168361791,554.0760498046875,18703992.0,RELIANCE,-0.001162342139215622,False
2019-01-28,556.0772380521597,558.5007853675066,543.5816199737301,546.7611083984375,18744303.0,RELIANCE,-0.013202053055403673,False
2019-01-29,547.4058319436815,547.6948978925816,534.2209456710425,538.3565063476562,20405845.0,RELIANCE,-0.015371616454944781,False
2019-01-30,540.2909471494282,544.7377779138919,529.6629491926045,531.70849609375,17164298.0,RELIANCE,-0.012348713492863705,False
2019-01-31,534.5101002266729,546.8278500631961,534.0654289766883,545.6939086914062,22279301.0,RELIANCE,0.026302781882180826,False
2019-02-01,548.7399266020019,558.0782591486003,545.6493727513893,555.8325805664062,20187323.0,RELIANCE,0.018579411852539973,False
2019-02-04,554.5207606926173,576.7327691603633,552.3196086388238,574.0424194335938,25528059.0,RELIANCE,0.032761373665126436,False
2019-02-05,574.5314915581412,580.0455917322412,568.572720249511,574.3313598632812,20479210.0,RELIANCE,0.0005033433417214184,False
2019-02-06,576.4214587816766,585.9377193107048,575.5321163811374,582.6470336914062,20586783.0,RELIANCE,0.014478878238695758,False
2019-02-07,582.6469989486654,587.5162967228948,571.9079229435836,573.820068359375,20150710.0,RELIANCE,-0.015149764474226002,False
2019-02-08,571.3298323524249,578.311407759681,565.7490602967357,568.172607421875,14230054.0,RELIANCE,-0.00984186724881686,False
2019-02-11,567.3721777883574,567.4166449072653,556.2995089683704,557.300048828125,16457901.0,RELIANCE,-0.019136013337716196,False
2019-02-12,556.5218574185877,565.7935190840021,556.5218574185877,558.7008056640625,13998153.0,RELIANCE,0.002513469788640643,False
2019-02-13,556.5218574185877,565.7935190840021,556.5218574185877,558.7008056640625,13998153.0,RELIANCE,0.0,False
2019-02-14,551.8526713645188,551.8526713645188,541.6249373017182,544.3819580078125,14496604.0,RELIANCE,-0.025628829439812373,False
2019-02-15,546.8499357176113,555.810326626612,539.8461572542001,553.3867797851562,20994460.0,RELIANCE,0.016541367039968113,False
2019-02-18,555.8548632656433,556.9666006579668,540.290955353684,542.558837890625,21106139.0,RELIANCE,-0.0195666797438403,False
2019-02-19,541.624965624784,551.2746276536953,538.6011420504902,540.7800903320312,13658461.0,RELIANCE,-0.0032784417732631965,False
2019-02-20,544.2264022595144,551.40805031561,542.0696577706717,548.8955688476562,13776558.0,RELIANCE,0.015006984651824373,False
2019-02-21,549.6292834807225,559.3234126066798,546.6721309103161,554.476318359375,23142949.0,RELIANCE,0.01016723367513217,False
2019-02-22,553.4535348502544,553.764804671846,545.1824135447996,548.0061645507812,19152470.0,RELIANCE,-0.011668945263051289,False
2019-02-25,549.6292906047091,552.742107821758,542.8033797195588,547.9839477539062,17176522.0,RELIANCE,-4.054114408225118e-05,False
2019-02-26,537.8451245393707,549.0956619235902,536.2887753653348,542.62548828125,22160532.0,RELIANCE,-0.009778497152370336,False
2019-02-27,546.0940216134371,553.5869387145924,537.6227685570489,544.0706787109375,24308835.0,RELIANCE,0.0026633294249871486,False
2019-02-28,548.6287111035471,551.3412646659417,545.4269598752707,547.4280395507812,24688859.0,RELIANCE,0.006170817452979316,False
2019-03-01,550.0739489514001,552.453028929686,543.5149003151358,545.2046508789062,17329606.0,RELIANCE,-0.0040615176995674185,False
2019-03-04,550.0739489514001,552.453028929686,543.5149003151358,545.2046508789062,17329606.0,RELIANCE,0.0,False
2019-03-05,544.0262041170199,551.3190487732026,541.8917231342477,550.3629760742188,15577500.0,RELIANCE,0.009461264108801881,False
2019-03-06,551.3190805032713,566.1270468840365,549.2290665171735,562.4361572265625,26332276.0,RELIANCE,0.021936761150727513,False
2019-03-07,562.0803962714617,569.1063789616119,559.4789808376285,564.8596801757812,17738092.0,RELIANCE,0.00430897430415822,False
2019-03-08,562.9919279466452,566.7272840737029,561.1909802351112,563.4588623046875,13211934.0,RELIANCE,-0.0024799395677486125,False
2019-03-11,564.7707924193708,583.4252544303251,563.8591867487826,579.9122924804688,21258869.0,RELIANCE,0.02920076562197038,False
2019-03-12,585.6041400637596,593.2082544635542,584.4257317916117,592.0298461914062,24561597.0,RELIANCE,0.020895493798048115,False
2019-03-13,594.5423268583403,604.7700011248371,590.5846347537425,599.12255859375,24577591.0,RELIANCE,0.011980329113425503,False
2019-03-14,600.2120350971369,605.6594053107309,594.1420658815271,596.5656127929688,22753310.0,RELIANCE,-0.004267817601097956,False
2019-03-15,598.0997697695152,604.2364100965389,583.0694684590887,587.7164306640625,34764353.0,RELIANCE,-0.014833543769773527,False
2019-03-18,591.874205781967,603.8584800704158,590.9848634151969,600.345458984375,22104063.0,RELIANCE,0.02148830228558163,False
2019-03-19,604.7700026803525,613.6637228437745,597.2548818688533,612.1295776367188,21448030.0,RELIANCE,0.019628896123041084,False
2019-03-20,612.6853877853137,617.2211524223837,606.5487475796755,611.640380859375,21639437.0,RELIANCE,-0.0007991719322442137,False
2019-03-21,612.6853877853137,617.2211524223837,606.5487475796755,611.640380859375,21639437.0,RELIANCE,0.0,False
2019-03-22,610.3285651498567,614.0639216497333,594.4089219621295,596.654541015625,25078643.0,RELIANCE,-0.0245010635541989,False
2019-03-25,591.6963648094636,594.4756488877699,585.5152569671774,588.9615478515625,17394088.0,RELIANCE,-0.012893546659290434,False
2019-03-26,591.5629736823022,609.9284290452625,591.4295723187786,607.9940795898438,20734876.0,RELIANCE,0.032315406341396846,False
2019-03-27,612.7521034470577,612.7521034470577,597.7662699100543,599.9896850585938,22079870.0,RELIANCE,-0.013165250781142168,False
2019-03-28,600.4344470864746,609.1280366604836,597.12155742008,604.7700805664062,22930248.0,RELIANCE,0.007967462819540971,False
2019-03-29,600.4344470864746,609.1280366604836,597.12155742008,604.7700805664062,22930248.0,RELIANCE,0.0,False
2019-04-01,609.2169554334296,625.5812716150122,605.9040658511692,618.9332885742188,22088854.0,RELIANCE,0.023419161203457328,False
2019-04-02,621.6680623919196,623.9359447841351,613.7082107757865,617.9771728515625,17526740.0,RELIANCE,-0.0015447799307398702,False
2019-04-03,619.3334225165113,623.8914503447172,610.106228754018,611.5292358398438,17169813.0,RELIANCE,-0.010433940434993239,False
2019-04-04,613.2190476033604,615.3090614383648,599.10029291152,601.6795043945312,18320845.0,RELIANCE,-0.01610672207974717,False
2019-04-05,605.1925774826051,606.5043873396944,597.2105208444899,602.0575561523438,14717266.0,RELIANCE,0.0006283274651226467,False
2019-04-08,602.9913484888758,603.6583552715974,588.6280535203862,591.0960083007812,19081843.0,RELIANCE,-0.01820681052757822,False
2019-04-09,590.940372210303,596.1876106976699,587.4273512674519,593.4083862304688,20774977.0,RELIANCE,0.003912017501750409,False
2019-04-10,594.9647482369978,599.4338419665922,589.8731148625114,592.0520629882812,16651949.0,RELIANCE,-0.0022856489285622006,False
2019-04-11,592.7413646626808,601.6572893551589,590.9848837435666,598.9002685546875,12558520.0,RELIANCE,0.011566897566138268,False
2019-04-12,600.3232959288863,603.3916463436193,594.3867862183274,597.2550048828125,12948769.0,RELIANCE,-0.002747141315941448,False
2019-04-15,598.0997389733817,599.8562790788998,593.6529087106474,595.9430541992188,9285737.0,RELIANCE,-0.0021966340555843455,False
2019-04-16,598.0997545833641,604.7700001515543,595.8763393939673,597.5439453125,17360317.0,RELIANCE,0.002686315583344534,False
2019-04-17,598.0997545833641,604.7700001515543,595.8763393939673,597.5439453125,17360317.0,RELIANCE,0.0,False
2019-04-18,611.4403940056471,617.9994430523104,606.9935629801839,616.3096923828125,39286534.0,RELIANCE,0.03140479828725984,False
2019-04-19,611.4403940056471,617.9994430523104,606.9935629801839,616.3096923828125,39286534.0,RELIANCE,0.0,False
2019-04-22,604.770013246378,607.8828302001219,596.4544248221322,598.2554321289062,23607922.0,RELIANCE,-0.02929413649833057,False
2019-04-23,599.4338101256589,610.5508857514487,598.5444678230537,606.4820556640625,19807450.0,RELIANCE,0.013751021876862168,False
2019-04-24,609.3503203942593,620.2450612802776,607.5493130403371,617.8882446289062,16101112.0,RELIANCE,0.018807133464739723,False
2019-04-25,617.7103647867747,628.07150005961,605.9262223781365,610.2841186523438,30469914.0,RELIANCE,-0.012306636422787731,False
2019-04-26,611.4403870024071,620.7565162983317,609.5282413717472,619.355712890625,15069884.0,RELIANCE,0.014864542531949798,False
2019-04-29,611.4403870024071,620.7565162983317,609.5282413717472,619.355712890625,15069884.0,RELIANCE,0.0,False
2019-04-30,620.9565886646793,620.9565886646793,607.7939642305762,619.355712890625,22348580.0,RELIANCE,0.0,False
2019-05-01,620.9565886646793,620.9565886646793,607.7939642305762,619.355712890625,22348580.0,RELIANCE,0.0,False
2019-05-02,618.9999337216068,628.7385297006279,614.5975701695064,624.8031005859375,18992003.0,RELIANCE,0.008795248969108105,False
2019-05-03,626.0927158038522,630.3394745889589,623.7358988512833,626.492919921875,14240262.0,RELIANCE,0.002704562980485825,False
2019-05-06,621.668083175341,623.8025642845884,612.8188295325302,615.8427124023438,15832114.0,RELIANCE,-0.01699972526562532,False
2019-05-07,620.2450227062299,620.3339569377828,595.9652650685441,597.4327392578125,19417647.0,RELIANCE,-0.02989395307239362,False
2019-05-08,595.8764676788632,595.8764676788632,574.6205877698956,577.8445434570312,31958919.0,RELIANCE,-0.03278728217190707,False
2019-05-09,573.1085830669476,573.1085830669476,556.633069435921,558.7230834960938,42670173.0,RELIANCE,-0.033091010683497735,False
2019-05-10,562.5249933027688,568.1724946022689,553.6313334761146,556.3661499023438,24557430.0,RELIANCE,-0.004218428884308789,False
2019-05-13,554.9211109567997,560.6574888878597,545.8495205047966,547.8728637695312,17603659.0,RELIANCE,-0.015265641402344987,False
2019-05-14,549.8516289609847,564.4595235931789,547.6282135242501,560.5018310546875,28438234.0,RELIANCE,0.023050908559816508,False
2019-05-15,566.0825389036912,568.3059540878594,556.1216080069211,558.923095703125,24419559.0,RELIANCE,-0.002816646198268158,False
2019-05-16,560.2795021817708,565.593471669986,559.4568307423665,562.6807861328125,14451308.0,RELIANCE,0.0067230902758819155,False
2019-05-17,563.414477718221,567.8390450416779,556.7441724991771,563.5923461914062,17276949.0,RELIANCE,0.0016200305413993643,False
2019-05-20,584.1367489505126,594.8536213108704,579.6453918934102,589.6063232421875,26979100.0,RELIANCE,0.046157434937816655,False
2019-05-21,592.4078542813324,607.8828266181661,591.4517815790188,595.7874145507812,30343560.0,RELIANCE,0.010483420996241222,False
2019-05-22,598.3889343980982,604.6367138649781,593.6975043019173,596.0543212890625,24689918.0,RELIANCE,0.0004479898899552026,False
2019-05-23,610.1062655891104,618.9999268330204,589.2061260447321,593.163818359375,38766006.0,RELIANCE,-0.004849395141429902,False
2019-05-24,599.4337562150573,602.0129080292991,585.4262006282923,594.4755249023438,22269265.0,RELIANCE,0.0022113731525243985,False
2019-05-27,594.5868913041141,594.7647597991761,581.2018714701064,582.824951171875,16076686.0,RELIANCE,-0.01959807131232627,False
2019-05-28,586.8937267895313,593.5639721575324,584.0255088138755,588.6502075195312,42594251.0,RELIANCE,0.009994864385856284,False
2019-05-29,587.4274372482987,592.8970714875246,579.9345192266695,583.8922119140625,15558515.0,RELIANCE,-0.008082891239464818,False
2019-05-30,585.3152415011444,596.7658526460594,585.3152415011444,591.3184814453125,23494381.0,RELIANCE,0.01271856239853908,False
2019-05-31,594.9425676489825,596.7213117869429,587.071650070184,591.4962768554688,25724066.0,RELIANCE,0.0003006762273380925,False
2019-06-03,593.6529988664066,607.994090978728,587.5163579234107,604.8590698242188,18556942.0,RELIANCE,0.022591508166018626,False
2019-06-04,603.6360367914572,611.1067495489239,599.4782725066448,601.056884765625,15442761.0,RELIANCE,-0.006286067694576736,False
2019-06-05,603.6360367914572,611.1067495489239,599.4782725066448,601.056884765625,15442761.0,RELIANCE,0.0,False
2019-06-06,605.6150578117641,605.6150578117641,587.471936309381,590.251220703125,16764835.0,RELIANCE,-0.01797777271399781,False
2019-06-07,589.6285473858957,590.2066198858296,580.5792222472563,584.7147827148438,14722419.0,RELIANCE,-0.009379799302551395,False
2019-06-10,587.3829406264767,590.0954943640182,582.5803728426142,586.604736328125,11768468.0,RELIANCE,0.0032322658313959085,False
2019-06-11,587.8053547784031,593.4305934724914,586.0933410981103,591.051513671875,11492074.0,RELIANCE,0.007580534333194722,False
2019-06-12,593.5195001916372,595.1648428048112,589.2060713267981,592.3855590820312,10297599.0,RELIANCE,0.0022570713030891643,False
2019-06-13,591.4294793282596,593.5194930635028,581.9354832912998,590.2066040039062,15686169.0,RELIANCE,-0.003678271768645991,False
2019-06-14,587.8275376717066,589.206077611282,582.2690295355039,585.8931884765625,14942768.0,RELIANCE,-0.007308314576763397,False
2019-06-17,586.9827186282585,586.9827186282585,568.5283297408919,570.2181396484375,14908257.0,RELIANCE,-0.026754106612645878,False
2019-06-18,568.7062067925273,572.7306295845631,564.3483102839548,569.6400756835938,16797371.0,RELIANCE,-0.0010137593398907851,False
2019-06-19,572.2637263980207,578.9784400081198,561.4579187765696,568.0169677734375,14492763.0,RELIANCE,-0.0028493569526484297,False
2019-06-20,569.1952881291243,578.0890081049911,568.3059458158605,576.6437377929688,10748848.0,RELIANCE,0.015187521692084704,False
2019-06-21,576.288009856738,576.3102730992397,567.2164806453644,568.9729614257812,23236832.0,RELIANCE,-0.013302453255707669,False
2019-06-24,565.7044677988246,567.616612929062,559.012019211633,561.3688354492188,11267228.0,RELIANCE,-0.013364652614611838,False
2019-06-25,559.8126044598255,577.1997252115926,557.7447941029602,576.24365234375,14966899.0,RELIANCE,0.026497404122243662,False
2019-06-26,574.0868659940008,580.1345720095973,572.0190560013318,575.4876098632812,11593027.0,RELIANCE,-0.0013120187569853892,False
2019-06-27,575.0429225698807,576.7104690943013,565.1931299068178,566.5939331054688,24905533.0,RELIANCE,-0.015454158535099238,False
2019-06-28,567.9057420091402,570.462690213797,555.2544617015469,557.2333374023438,18942165.0,RELIANCE,-0.016520818801959436,False
2019-07-01,559.4344949342307,565.9268719949085,554.2761907260495,564.2371215820312,13478857.0,RELIANCE,0.01256885349382908,False
2019-07-02,566.5050367269992,569.6400576488289,561.7691401630615,568.5283203125,10146746.0,RELIANCE,0.0076053108991427365,False
2019-07-03,570.48501032405,572.0858861834106,566.9942519788366,570.329345703125,8806492.0,RELIANCE,0.0031678727800843465,False
2019-07-04,569.817975906356,574.0869384125054,569.1953768214119,570.97412109375,9351405.0,RELIANCE,0.0011305316752201477,False
2019-07-05,571.4632479644022,573.8645912734532,560.3017035746956,561.7913818359375,10926753.0,RELIANCE,-0.016082583988609067,False
2019-07-08,559.4124236169092,563.9037221474076,555.0545264664063,556.7665405273438,14009219.0,RELIANCE,-0.008944318960843689,False
2019-07-09,555.3879134410759,570.7517485679084,553.8537681265412,569.2398071289062,17535754.0,RELIANCE,0.022403046328445697,False
2019-07-10,569.2175653620112,573.3531259576268,564.1703991885711,568.6839599609375,12018196.0,RELIANCE,-0.0009764727642156412,False
2019-07-11,572.3081907746865,573.5533295685975,568.8841036179219,569.8846435546875,8608376.0,RELIANCE,0.0021113371895216115,False
2019-07-12,570.5294025820405,578.089050270766,568.3281911431877,569.417724609375,15692436.0,RELIANCE,-0.000819321858543276,False
2019-07-15,571.4187536167633,573.4198333665262,564.9041721766271,567.4611206054688,10659498.0,RELIANCE,-0.003436148752216095,False
2019-07-16,569.1731496419003,575.8211919875307,567.8835437708728,574.9762573242188,10070773.0,RELIANCE,0.013243438970288457,False
2019-07-17,575.5543101387531,576.7549817270252,569.1953339807314,570.0180053710938,9482233.0,RELIANCE,-0.00862340294919195,False
2019-07-18,570.0847820634675,572.0413948379173,559.4123757340398,561.1243896484375,11942908.0,RELIANCE,-0.015602341748601978,False
2019-07-19,563.9480803959793,566.0602981891096,552.6086090736543,555.41015625,16336536.0,RELIANCE,-0.01018354130359167,False
2019-07-22,556.299508951372,571.1964093656397,545.7605049272529,569.417724609375,29092589.0,RELIANCE,0.025220223652284046,False
2019-07-23,571.418722404301,575.3764145680664,560.4795147418307,566.3271484375,20316348.0,RELIANCE,-0.005427607955117986,False
2019-07-24,566.3049327715216,568.6617495471938,557.433474995596,559.9014892578125,15189179.0,RELIANCE,-0.011346196624011262,False
2019-07-25,562.0804028036227,564.3260813225814,545.6270941432515,547.628173828125,21805071.0,RELIANCE,-0.021920490774112067,False
2019-07-26,547.6282425921565,552.5197449388812,538.0675141486604,539.75732421875,20387504.0,RELIANCE,-0.014372616285160844,False
2019-07-29,541.1358118566359,543.4036943148075,535.888513661204,538.4899291992188,17626045.0,RELIANCE,-0.0023480830415144593,False
2019-07-30,539.824026146295,542.5143760427064,522.9260450730362,525.127197265625,20853117.0,RELIANCE,-0.024815193765026056,False
2019-07-31,522.8370435528417,526.9503408040927,516.9004758223577,518.612548828125,21229950.0,RELIANCE,-0.012405848471422232,False
2019-08-01,517.3451584523216,528.373359591736,511.54205130875664,524.838134765625,22628222.0,RELIANCE,0.012004310253517003,False
2019-08-02,525.9529875749496,536.0407802154169,519.8689802518164,529.8225708007812,23766807.0,RELIANCE,0.009497091969854932,False
2019-08-05,522.0610382541031,522.0610382541031,504.61428752999774,511.4811706542969,30399133.0,RELIANCE,-0.03461800451189334,False
2019-08-06,507.6339087573893,514.2771215118842,501.9301703949488,504.74847412109375,29067994.0,RELIANCE,-0.013163136630407135,False
2019-08-07,503.9433076149418,509.3339082477903,493.4752147377102,496.2935485839844,25349369.0,RELIANCE,-0.016750769879654848,False
2019-08-08,495.8237534899631,518.0348268120429,489.9858131797809,515.50732421875,31198568.0,RELIANCE,0.038714538380734576,False
2019-08-09,519.7572133327016,525.8635582584843,515.4849637925847,519.8690185546875,21970009.0,RELIANCE,0.008460974521647513,False
2019-08-12,519.7572133327016,525.8635582584843,515.4849637925847,519.8690185546875,21970009.0,RELIANCE,0.0,False
2019-08-13,551.6535302947624,582.8116539527516,548.4549569719392,570.263427734375,104827144.0,RELIANCE,0.0969367424890819,False
2019-08-14,583.3484312700429,583.5497045483337,572.7685043829358,576.3026123046875,31688983.0,RELIANCE,0.010590166362773434,False
2019-08-15,583.3484312700429,583.5497045483337,572.7685043829358,576.3026123046875,31688983.0,RELIANCE,0.0,False
2019-08-16,577.6223570848148,577.8907613008839,569.4805236306593,571.71728515625,21977767.0,RELIANCE,-0.00795645733775241,False
2019-08-19,573.0817265434819,580.1275465408661,572.6119892836517,578.2486572265625,16317602.0,RELIANCE,0.011424129092979074,False
2019-08-20,576.996105223358,578.2486582851755,569.3016118006965,570.8002319335938,14969299.0,RELIANCE,-0.012881007504095932,False
2019-08-21,570.6659748321008,572.0080555654605,566.5727211691215,568.5634155273438,10677848.0,RELIANCE,-0.003918737731890443,False
2019-08-22,568.5634849082636,568.5858220652894,554.2258371735678,557.737548828125,14031953.0,RELIANCE,-0.019040737415680797,False
2019-08-23,554.2704931165212,574.4013453869694,548.6785598455581,570.7554321289062,21307915.0,RELIANCE,0.023340518005526834,False
2019-08-26,578.874926990228,578.874926990228,563.2175958540626,566.7069702148438,19202504.0,RELIANCE,-0.007093164052704326,False
2019-08-27,574.8485764487846,574.8485764487846,564.2015800488343,570.3079833984375,28401906.0,RELIANCE,0.006354277206487513,False
2019-08-28,569.8160916975007,573.0593990833148,561.8979279657484,565.1412353515625,11605488.0,RELIANCE,-0.009059575172149281,False
2019-08-29,562.0767529347145,563.7767057901501,552.6152368804542,555.5006713867188,18890222.0,RELIANCE,-0.01705868084258011,False
2019-08-30,557.1782457593526,561.1596939883926,546.2181094841907,558.5426635742188,24735240.0,RELIANCE,0.00547612693231514,False
2019-09-02,557.1782457593526,561.1596939883926,546.2181094841907,558.5426635742188,24735240.0,RELIANCE,0.0,False
2019-09-03,555.724365883025,556.0599009833398,536.8236700987924,539.686767578125,18730619.0,RELIANCE,-0.03375909706777158,False
2019-09-04,537.0697305786537,539.1722897682706,530.5831168851553,537.338134765625,32949395.0,RELIANCE,-0.004351844354160472,False
2019-09-05,539.8656362518998,542.7286736485036,533.8263635508591,536.1973266601562,22995486.0,RELIANCE,-0.0021230730366202932,False
2019-09-06,538.1657244644699,549.7969304899724,534.6987475890814,546.8890991210938,23186819.0,RELIANCE,0.01993999583611128,False
2019-09-09,546.0615974259554,551.5864004741132,542.7064848250591,546.7550048828125,11747929.0,RELIANCE,-0.00024519457143457046,False
2019-09-10,546.0615974259554,551.5864004741132,542.7064848250591,546.7550048828125,11747929.0,RELIANCE,0.0,False
2019-09-11,546.8891780630742,554.7178732593286,546.8891780630742,552.2127075195312,12127900.0,RELIANCE,0.009981989351681486,False
2019-09-12,552.4811260640912,554.9191609506446,539.3736948324291,541.453857421875,11880005.0,RELIANCE,-0.01948316283046736,False
2019-09-13,542.1919324610177,549.5732268594613,539.9104371214981,548.2759399414062,12947715.0,RELIANCE,0.012599563981341877,False
2019-09-16,531.9028903197632,545.3681943191327,530.6055434723909,541.6328125,20547730.0,RELIANCE,-0.01211639424140365,False
2019-09-17,541.7445926965229,541.7445926965229,533.9158982485218,535.6829223632812,15640772.0,RELIANCE,-0.010985099128791753,False
2019-09-18,539.0381831060973,544.1156458544061,535.571205489745,539.3737182617188,14933909.0,RELIANCE,0.00688988904509924,False
2019-09-19,540.3354831037566,541.1630927089793,524.5886828970018,527.4517211914062,13766222.0,RELIANCE,-0.02210340746437267,False
2019-09-20,531.4331523287888,568.09374218297,525.3268067417363,561.1373901367188,48165560.0,RELIANCE,0.06386493320985553,False
2019-09-23,569.994978423035,573.0593493887246,552.4810961684015,554.3599853515625,21610844.0,RELIANCE,-0.01207797752259021,False
2019-09-24,556.3283315585267,581.0221752076171,555.9480624084689,572.0303955078125,34958974.0,RELIANCE,0.031875334842293546,False
2019-09-25,574.4012775817592,579.32219978032,567.6239231049967,572.4105834960938,18192270.0,RELIANCE,0.0006646289974570063,False
2019-09-26,577.9802090632921,581.0221831301985,574.1776966858998,580.1275024414062,18350457.0,RELIANCE,0.013481440014927903,False
2019-09-27,578.2039128132178,588.26936977172,574.4014002150042,585.6076049804688,19058663.0,RELIANCE,0.00944637603975007,False
2019-09-30,586.0326139534781,597.5519570913995,584.0418596982262,595.9862060546875,25263770.0,RELIANCE,0.017722790800445365,False
2019-10-01,598.1111422538224,600.3479037772651,578.5617712854157,583.7510986328125,17920384.0,RELIANCE,-0.020529178859472363,False
2019-10-02,598.1111422538224,600.3479037772651,578.5617712854157,583.7510986328125,17920384.0,RELIANCE,0.0,False
2019-10-03,575.296115069358,588.1351414776207,573.1935556971858,586.5023193359375,13524851.0,RELIANCE,0.00471300304113953,False
2019-10-04,590.4613512863376,594.3533316552545,583.2813298639416,585.1825561523438,14992253.0,RELIANCE,-0.0022502267085456884,False
2019-10-07,585.1825301515461,590.8639313350587,582.3194924065126,586.0772705078125,10061584.0,RELIANCE,0.0015289491220511486,False
2019-10-08,585.1825301515461,590.8639313350587,582.3194924065126,586.0772705078125,10061584.0,RELIANCE,0.0,False
2019-10-09,585.4510800476256,594.9573319134045,578.2039269700573,592.6310424804688,17588647.0,RELIANCE,0.01118243668958141,False
2019-10-10,592.7428273528446,612.4263389969542,590.9534063442875,609.6304321289062,35006390.0,RELIANCE,0.02868460885424806,False
2019-10-11,610.0553797608088,610.9053861013408,597.9097614777667,605.0897827148438,16597126.0,RELIANCE,-0.007448200048357112,False
2019-10-14,610.6145980694955,610.6145980694955,604.3069201919269,607.5054931640625,13394275.0,RELIANCE,0.0039923173688047875,False
2019-10-15,609.518572468822,612.8737443545717,605.8502623557373,610.2567138671875,9672791.0,RELIANCE,0.004528717409279404,False
2019-10-16,612.8290351255885,617.1906930560849,610.0554055497727,613.925048828125,19403660.0,RELIANCE,0.006011134130243789,False
2019-10-17,615.1105205456134,625.8469872240627,613.768439813928,624.7285766601562,16038940.0,RELIANCE,0.0175974703307078,False
2019-10-18,628.0837788207052,638.7755119795819,625.7128152032572,633.6085815429688,28121951.0,RELIANCE,0.014214180709142044,False
2019-10-21,628.0837788207052,638.7755119795819,625.7128152032572,633.6085815429688,28121951.0,RELIANCE,0.0,False
2019-10-22,637.4781217793438,642.7792539618401,627.7929349463449,632.6243896484375,27786502.0,RELIANCE,-0.0015533121286560592,False
2019-10-23,633.5862634199051,637.9031875827602,618.7564822001889,622.8944702148438,18446160.0,RELIANCE,-0.015380247098915834,False
2019-10-24,626.7416786905978,644.814766083547,620.2774614179121,642.600341796875,22642488.0,RELIANCE,0.031635971299013965,False
2019-10-25,644.6804973751445,644.8370366166074,631.327001295776,640.251708984375,13539957.0,RELIANCE,-0.003654888831731151,False
2019-10-28,644.6804973751445,644.8370366166074,631.327001295776,640.251708984375,13539957.0,RELIANCE,0.0,False
2019-10-29,646.6489146143203,662.0825743744294,645.1278977377407,656.2893676757812,25768505.0,RELIANCE,0.02504899005556216,False
2019-10-30,662.0825379232862,664.1180259398081,653.2696948361131,661.679931640625,16341366.0,RELIANCE,0.008213699978005362,False
2019-10-31,663.8720501104048,666.39961281965,653.8960611110986,655.08154296875,19463741.0,RELIANCE,-0.009972175906127867,False
2019-11-01,650.8987716125406,653.9407456609271,644.6358276540866,651.7487182617188,13904301.0,RELIANCE,-0.005087648618410601,False
2019-11-04,655.7748757812135,658.0563711617599,646.4699581291821,652.084228515625,14063434.0,RELIANCE,0.0005147846777528997,False
2019-11-05,654.522317533806,657.1392882739638,644.6357978154026,647.4541015625,12685356.0,RELIANCE,-0.007100504429718879,False
2019-11-06,645.3963568103856,647.0739130856232,639.0439442858003,641.906982421875,14625505.0,RELIANCE,-0.008567586686435646,False
2019-11-07,641.9518063666713,654.4776361290503,640.6991935279236,652.5093383789062,14084039.0,RELIANCE,0.016516966238674158,False
2019-11-08,648.2146155357956,652.9788793630199,644.7699757434531,646.6488647460938,12019353.0,RELIANCE,-0.008981440246314754,False
2019-11-11,643.7857778606185,646.0896700523681,636.382086667725,638.730712890625,11357841.0,RELIANCE,-0.012244901811708564,False
2019-11-12,643.7857778606185,646.0896700523681,636.382086667725,638.730712890625,11357841.0,RELIANCE,0.0,False
2019-11-13,639.7149054535805,660.248424410004,639.7149054535805,658.637939453125,25225749.0,RELIANCE,0.03116685351234838,False
2019-11-14,660.2931312586918,662.7982967967988,651.2566178185523,654.36572265625,14258133.0,RELIANCE,-0.0064864420054852046,False
2019-11-15,655.6630893679287,665.1246062674503,654.5446787993037,657.9893188476562,15691605.0,RELIANCE,0.005537570300438555,False
2019-11-18,658.7945257246133,664.7666684900898,651.0776959332642,652.7776489257812,14076051.0,RELIANCE,-0.007920599579036125,False
2019-11-19,656.2669899955055,677.6952498210799,655.3723092919387,675.391357421875,30176255.0,RELIANCE,0.03464228368313038,False
2019-11-20,695.6564462284737,703.4180100751444,690.3553139483255,692.3460083007812,43538120.0,RELIANCE,0.025103446605574176,False
2019-11-21,691.1605356274156,696.0813988250823,683.8015779854442,687.85009765625,14897371.0,RELIANCE,-0.006493733755417397,False
2019-11-22,689.8631857536991,702.1206693826493,687.8500945047838,691.83154296875,22352865.0,RELIANCE,0.005788245616401344,False
2019-11-25,693.9117501131308,700.0180949160125,693.844619201281,698.564208984375,15146156.0,RELIANCE,0.009731655175382992,False
2019-11-26,701.4943771827839,705.1850244813896,696.0813800314871,697.982666015625,35330983.0,RELIANCE,-0.0008324832009293237,False
2019-11-27,697.8484938217292,704.8048452673582,696.1261438952308,702.2772827148438,9642739.0,RELIANCE,0.0061528987872065954,False
2019-11-28,703.5298454170753,708.6744386628012,699.6379246125003,706.9521484375,13747479.0,RELIANCE,0.006656723544558263,False
2019-11-29,707.6901835082276,707.6901835082276,692.4354603682556,693.9117431640625,18559594.0,RELIANCE,-0.01844595182610209,False
2019-12-02,715.7649818734178,722.2291992065935,705.4758552570175,709.7257080078125,31225364.0,RELIANCE,0.02278959103882916,False
2019-12-03,712.5216785466492,713.0808241214206,703.5075017351681,706.3258056640625,12990426.0,RELIANCE,-0.004790445527601772,False
2019-12-04,703.6864112318285,705.6995024548221,686.1277955034981,694.6051635742188,20987607.0,RELIANCE,-0.016593818314233122,False
2019-12-05,704.1338478101695,706.7061446633726,690.7132776391448,693.7776489257812,19942460.0,RELIANCE,-0.0011913453740818314,False
2019-12-06,694.7393478229513,701.4496318188408,689.4158188233732,695.5892944335938,13085234.0,RELIANCE,0.002611276841532062,False
2019-12-09,696.1486098703353,705.6548619668907,691.831625773185,703.507568359375,12642677.0,RELIANCE,0.011383547718670561,False
2019-12-10,703.2614209575684,703.9548283487694,695.2537899519466,698.7431640625,10173333.0,RELIANCE,-0.0067723568461187655,False
2019-12-11,695.9023636388895,704.3573337746473,693.6656025287685,698.9443969726562,12364641.0,RELIANCE,0.000287992670992665,False
2019-12-12,702.4562010874308,704.0666860237436,696.3721933363692,701.5391235351562,10326606.0,RELIANCE,0.0037123504727107903,False
2019-12-13,706.8178876216022,711.2914703427954,703.4180412015133,708.115234375,12668303.0,RELIANCE,0.009373833360434292,False
2019-12-16,712.1861071903043,713.0360538117269,699.8168186594121,700.8233642578125,11892718.0,RELIANCE,-0.010297575540262893,False
2019-12-17,700.8904324959013,706.3705007919149,695.8801014038346,699.0786743164062,20324601.0,RELIANCE,-0.0024894859823257898,False
2019-12-18,699.212892125798,706.8178569998239,698.7655517905632,704.9613647460938,14742077.0,RELIANCE,0.008414919015288014,False
2019-12-19,703.9995298991538,722.4304886268787,703.1495832902942,720.216064453125,20507816.0,RELIANCE,0.02163905778372066,False
2019-12-20,722.4752563243196,723.6160040571339,714.0202849737523,715.3623657226562,21271510.0,RELIANCE,-0.006739225865718845,False
2019-12-23,697.9155779264252,705.7218761773056,696.886695107476,702.970703125,25107772.0,RELIANCE,-0.017322217649985316,False
2019-12-24,701.8522634418367,703.2614153675864,690.042120180771,691.8092041015625,18048449.0,RELIANCE,-0.015877616199110323,False
2019-12-25,701.8522634418367,703.2614153675864,690.042120180771,691.8092041015625,18048449.0,RELIANCE,0.0,False
2019-12-26,689.6618963804922,694.7169615393198,675.57025796671,677.9188842773438,29761019.0,RELIANCE,-0.020078252416802944,False
2019-12-27,683.1081535254751,691.6973267522384,680.5582539222193,689.9750366210938,17677571.0,RELIANCE,0.017784063290406493,False
2019-12-30,691.5855488098815,692.3460274000547,683.5779176956529,690.8026733398438,17123749.0,RELIANCE,0.001199516902528952,False
2019-12-31,689.8184320015399,690.5789702805088,674.6308397260912,677.31494140625,22203005.0,RELIANCE,-0.019524724576389096,False
2020-01-01,679.0819357370663,683.1528519736394,673.4900624593615,675.3241577148438,14004468.0,RELIANCE,-0.0029392289608626276,False
2020-01-02,676.397899264457,689.3487905881979,676.397899264457,686.8212280273438,17710316.0,RELIANCE,0.017024521011366867,False
2020-01-03,685.7922517653002,689.6618949086101,681.3187290426969,687.6488037109375,20984698.0,RELIANCE,0.0012049360879113902,False
2020-01-06,679.9767186772816,683.5107670428088,670.13493269889,671.70068359375,24519177.0,RELIANCE,-0.023192245854457227,False
2020-01-07,679.5293813804267,686.4633961016671,677.0689495898322,682.0346069335938,16683622.0,RELIANCE,0.015384714638899677,False
2020-01-08,677.7399018936877,686.4408797211686,675.5031406802602,676.9122924804688,16047902.0,RELIANCE,-0.007510343904915229,False
2020-01-09,688.2974451452224,693.3972440896104,685.0094043047601,692.5025634765625,14982742.0,RELIANCE,0.02303144908030097,False
2020-01-10,694.247234586273,696.9537331994524,688.7671661721967,692.3460083007812,12478359.0,RELIANCE,-0.00022607161913634766,False
2020-01-13,691.182979891191,697.289325272827,688.2080768341074,690.5790405273438,18282382.0,RELIANCE,-0.0025521455345343114,False
2020-01-14,688.9238120878065,693.3973351908096,680.8043754201078,684.181884765625,15816535.0,RELIANCE,-0.0092634664336666,False
2020-01-15,687.0673605574593,688.879119007135,679.1939307600682,681.6990966796875,15817859.0,RELIANCE,-0.0036288421854198116,False
2020-01-16,684.0028644434916,690.4223472080394,683.5554644082378,687.9842529296875,12847975.0,RELIANCE,0.00921983948726468,False
2020-01-17,694.9631011634697,709.0323441677112,694.8288990509899,707.2653198242188,29463471.0,RELIANCE,0.028025447984347585,False
2020-01-20,719.7911481994419,719.7911481994419,682.839761284159,685.5015258789062,32545850.0,RELIANCE,-0.030771753308534322,False
2020-01-21,683.8239827310947,691.5408127343894,680.8714169985212,686.1949462890625,18922720.0,RELIANCE,0.0010115519571851639,False
2020-01-22,690.7131763493682,691.9433921150559,684.9423069375898,685.9488525390625,10322817.0,RELIANCE,-0.0003586353285328636,False
2020-01-23,687.3581232334355,689.796218032275,680.2899656476081,683.0411987304688,11247739.0,RELIANCE,-0.0042388784496555365,False
2020-01-24,683.1081395891008,687.2909208972738,679.3280242942884,680.6701049804688,14628445.0,RELIANCE,-0.0034713773552854654,False
2020-01-27,677.6952189115842,681.9674086637826,673.2663704558863,673.9597778320312,13387750.0,RELIANCE,-0.009858413200958815,False
2020-01-28,674.8768456496997,675.5031818296184,654.7459935025485,658.3919067382812,24532236.0,RELIANCE,-0.023099110074236373,False
2020-01-29,659.4207487202938,668.5243925324733,654.9472262974796,662.0154418945312,24746565.0,RELIANCE,0.0055036143657980485,False
2020-01-30,661.6352224321117,661.9483606637074,644.1884717288344,645.8660278320312,22402689.0,RELIANCE,-0.024394316265923033,False
2020-01-31,650.004074503463,650.115939458839,629.5153479649114,631.5060424804688,34750310.0,RELIANCE,-0.022233690475661705,False
2020-02-03,612.8289902103342,626.2719547408867,609.7646194987522,619.8076782226562,30712290.0,RELIANCE,-0.018524548414236786,False
2020-02-04,626.2943485822723,640.8333280510134,625.3101998110101,638.1044921875,25383901.0,RELIANCE,0.029520147309744837,False
2020-02-05,641.9069587229454,649.9145900708021,639.8491930659694,647.990966796875,18472100.0,RELIANCE,0.015493504168075933,False
2020-02-06,650.4961469348968,656.26695662953,644.2332031533095,652.1513061523438,15538577.0,RELIANCE,0.006420366283860446,False
2020-02-07,649.109342186217,649.7132815022266,638.9544179355763,641.3477783203125,12209212.0,RELIANCE,-0.016565983584041932,False
2020-02-10,638.8202476362594,646.6489428047836,630.9692153123326,642.2201538085938,15142476.0,RELIANCE,0.0013602222035695721,False
2020-02-11,647.4987907400189,655.9090270916164,646.4475111960692,649.8921508789062,13999816.0,RELIANCE,0.01194605467426535,False
2020-02-12,651.4132707150139,659.7787743619559,650.8987994375913,657.7432861328125,13533565.0,RELIANCE,0.01208067406767177,False
2020-02-13,661.0760000110254,661.0760000110254,654.2985851368666,659.4655151367188,13565659.0,RELIANCE,0.00261839085280835,False
2020-02-14,660.8523610746443,671.6782959370149,650.0487633667867,665.4824829101562,21227841.0,RELIANCE,0.009124006692283304,False
2020-02-17,666.108801931165,673.7808982963232,659.5327193324579,661.2997436523438,13149130.0,RELIANCE,-0.006285273264476254,False
2020-02-18,660.248435272722,660.248435272722,651.9723999060855,656.4459228515625,11127161.0,RELIANCE,-0.007339819571037021,False
2020-02-19,661.7917537765035,673.9150349477495,659.8905275306022,672.7295532226562,14084409.0,RELIANCE,0.02480574530855284,False
2020-02-20,669.6876451612479,674.6085086758875,663.7825731086709,664.744384765625,16892268.0,RELIANCE,-0.011869804765940462,False
2020-02-21,669.6876451612479,674.6085086758875,663.7825731086709,664.744384765625,16892268.0,RELIANCE,0.0,False
2020-02-24,657.4972328720769,660.7405401434429,643.9871953423907,646.4028930664062,21370214.0,RELIANCE,-0.027591796364982546,False
2020-02-25,649.2881870055619,649.2881870055619,630.767762177695,633.630859375,27745062.0,RELIANCE,-0.019758627055052713,False
2020-02-26,630.7678186366056,631.8190982347916,620.6352917833475,622.7154541015625,29362748.0,RELIANCE,-0.017226757680653737,False
2020-02-27,620.9261263497503,623.520820005058,612.4264202255112,620.143310546875,25054993.0,RELIANCE,-0.004130527896402558,False
2020-02-28,606.1186214911856,607.0580958283585,592.7427884250544,594.3756103515625,39315769.0,RELIANCE,-0.04155120237060883,False
2020-03-02,606.2081680239584,612.426378055896,582.0511321802886,588.7838134765625,29500495.0,RELIANCE,-0.009407850486483738,False
2020-03-03,594.8454740172322,605.6714099989539,591.4008335900859,600.7281494140625,27398798.0,RELIANCE,0.02028645432178733,False
2020-03-04,604.8213738082619,605.6265863851147,585.0930684252744,599.3189086914062,22105261.0,RELIANCE,-0.002345887609946029,False
2020-03-05,604.9108873026663,607.4831839260905,584.2431656944867,586.5470581054688,30510390.0,RELIANCE,-0.021310608426863165,False
2020-03-06,568.1384140570675,576.2579099445863,555.2099199542964,568.5857543945312,33734039.0,RELIANCE,-0.030622101778077337,False
2020-03-09,554.7401548853941,555.1651580471522,489.85162058131226,498.4184265136719,88187018.0,RELIANCE,-0.12340676377933235,False
2020-03-10,554.7401548853941,555.1651580471522,489.85162058131226,498.4184265136719,88187018.0,RELIANCE,0.0,False
2020-03-11,495.6672390040311,527.183262933386,495.6672390040311,516.044189453125,59578576.0,RELIANCE,0.0353633854645814,False
2020-03-12,485.3781326945414,492.5357574215292,469.13920029845366,475.5363464355469,55970485.0,RELIANCE,-0.07849684938901469,False
2020-03-13,446.45838815033005,509.98250923399024,421.5855779962733,494.4593811035156,73297403.0,RELIANCE,0.03979303540057266,False
2020-03-16,474.44030673011787,483.0071128058158,449.5898351157526,454.3765258789063,38482258.0,RELIANCE,-0.08106399990865565,False
2020-03-17,468.4905324264047,474.19430109253625,448.7846523850041,450.9319458007813,45445979.0,RELIANCE,-0.00758089355840319,False
2020-03-18,458.6711221665263,463.4130789981454,429.9063325319352,433.261474609375,44730415.0,RELIANCE,-0.03918655876115951,False
2020-03-19,411.6095658236809,432.59042415453,399.1284125023437,410.5359191894531,61404010.0,RELIANCE,-0.05245228747931274,False
2020-03-20,420.2882223245293,462.9657149231966,416.0383696644293,455.3830871582031,63360475.0,RELIANCE,0.10924054600945654,False
2020-03-23,409.86492511955976,424.98547763271785,391.7247653699988,395.4825439453125,40670949.0,RELIANCE,-0.13153879645969546,False
2020-03-24,416.0383884925765,433.9325104811008,400.73893016882965,422.0329284667969,45734887.0,RELIANCE,0.06713415023737634,False
2020-03-25,431.15890365113535,515.1494078462537,430.912866475202,484.1478576660156,73130298.0,RELIANCE,0.14718029094287988,False
2020-03-26,490.2095274623136,499.6486775382283,466.2984990986507,476.9678649902344,45744488.0,RELIANCE,-0.014830165128468464,False
2020-03-27,489.8516259919914,495.3540612398386,468.020791266076,476.6994323730469,41657940.0,RELIANCE,-0.0005627897325808373,False
2020-03-30,465.5156291793591,480.81508630927294,456.30014975804846,460.9749755859375,30229866.0,RELIANCE,-0.03298610344222941,False
2020-03-31,480.4348787671312,505.41952430798887,468.8260681247117,498.2395324707031,44292810.0,RELIANCE,0.08083856794482025,False
2020-04-01,502.0419846435416,503.093264271414,467.5734569491014,483.3426513671875,41597459.0,RELIANCE,-0.029899034766759702,False
2020-04-02,502.0419846435416,503.093264271414,467.5734569491014,483.3426513671875,41597459.0,RELIANCE,0.0,False
2020-04-03,507.4997575779397,507.4997575779397,472.53909292167856,482.0006103515625,41367807.0,RELIANCE,-0.0027765830551657045,False
2020-04-06,507.4997575779397,507.4997575779397,472.53909292167856,482.0006103515625,41367807.0,RELIANCE,0.0,False
2020-04-07,493.0278157060707,543.0865994063779,492.0883712024452,539.5525512695312,54373624.0,RELIANCE,0.11940221585194966,False
2020-04-08,527.8766166035285,549.7969487728319,518.929571501776,533.3119506835938,49880330.0,RELIANCE,-0.011566251649174464,False
2020-04-09,543.0865877041133,551.4968241624882,533.692202595293,545.7483520507812,33032857.0,RELIANCE,0.023319187487260695,False
2020-04-10,543.0865877041133,551.4968241624882,533.692202595293,545.7483520507812,33032857.0,RELIANCE,0.0,False
2020-04-13,538.5908487718674,543.5341094585195,527.8767178037374,531.9700317382812,23673784.0,RELIANCE,-0.025246654911049493,False
2020-04-14,538.5908487718674,543.5341094585195,527.8767178037374,531.9700317382812,23673784.0,RELIANCE,0.0,False
2020-04-15,535.50397581859,552.9283884903713,511.3245453160948,514.388916015625,35321842.0,RELIANCE,-0.033049071702794364,False
2020-04-16,514.3889290016788,531.2094028193618,512.2192985890305,522.53076171875,37455706.0,RELIANCE,0.015828190401516506,False
2020-04-17,543.9813374764348,550.2442808995188,533.535612903734,547.5601196289062,33269335.0,RELIANCE,0.04790025725533886,False
2020-04-20,548.4549490845818,562.3228590945811,537.7184814324796,556.4178466796875,36030932.0,RELIANCE,0.016176720570490577,False
2020-04-21,541.2972025264376,560.0860337092978,520.7190100428373,553.5323486328125,61371628.0,RELIANCE,-0.0051858474060342274,False
2020-04-22,590.5059862027734,619.5392052539516,581.5589420943985,610.0105590820312,142683366.0,RELIANCE,0.10203235743803618,False
2020-04-23,611.6883400063555,619.964375961398,605.4029986108286,613.2764282226562,65464502.0,RELIANCE,0.005353791163122734,False
2020-04-24,603.993843697594,668.7705820869983,602.674159716329,633.8994140625,134986308.0,RELIANCE,0.03362755340134549,False
2020-04-27,641.5042534438866,659.8457429084622,636.583390790588,639.60302734375,58482901.0,RELIANCE,0.008997662964691733,False
2020-04-28,648.6620459031445,651.1000807620374,622.7826591494636,638.8873901367188,78453401.0,RELIANCE,-0.001118877141659702,False
2020-04-29,646.3804914740855,650.294808910519,635.2413590168171,638.3504638671875,37494672.0,RELIANCE,-0.0008404083064096346,False
2020-04-30,650.4290406318744,668.770532341543,643.3161499559969,655.8196411132812,71345899.0,RELIANCE,0.027366122897857448,False
2020-05-01,650.4290406318744,668.770532341543,643.3161499559969,655.8196411132812,71345899.0,RELIANCE,0.0,False
2020-05-04,644.1884308722197,655.372237059235,634.100578563775,642.0411376953125,53456868.0,RELIANCE,-0.02100959250713985,False
2020-05-05,650.3172243173109,661.6352335022636,647.409392668105,653.42626953125,44903763.0,RELIANCE,0.017732713945411538,False
2020-05-06,654.9248941405343,664.2969422025669,646.6488596777011,653.4710083007812,40489094.0,RELIANCE,6.846796894666163e-05,False
2020-05-07,650.8988338602702,677.1360939711861,646.4253105657003,674.1387939453125,50026966.0,RELIANCE,0.03162770097218792,False
2020-05-08,691.1605902433332,706.7731874423821,687.6264818225529,698.6761474609375,84262770.0,RELIANCE,0.03639807371420245,False
2020-05-11,706.817841580586,722.475230772329,703.3732613494101,705.3863525390625,67085063.0,RELIANCE,0.00960417083438525,False
2020-05-12,700.0181429966896,701.6062908611085,655.372320874391,661.7470703125,100683202.0,RELIANCE,-0.061865787549590934,False
2020-05-13,689.5833490177412,689.5833490177412,656.6169951579172,675.7871704101562,66430125.0,RELIANCE,0.021216716669445912,False
2020-05-14,663.3909205122524,675.9000855316069,645.8013667337839,648.4657592773438,49266771.0,RELIANCE,-0.04042901719520697,False
2020-05-15,652.1011647623593,662.352366946693,639.0501134333077,659.0557250976562,62152260.0,RELIANCE,0.01633080184852642,False
2020-05-18,663.842565100716,669.2616544401022,644.875632962838,650.6334228515625,62796089.0,RELIANCE,-0.012779347671770469,False
2020-05-19,657.9718098763932,660.0943173105137,633.6986696085636,636.2501220703125,42315854.0,RELIANCE,-0.022106612227529965,False
2020-05-20,636.7469251931129,653.3881649537279,629.0698124523583,647.44970703125,55320985.0,RELIANCE,0.01760248772054429,False
2020-05-21,648.0367682176926,659.981412669229,643.5208404585119,650.8592529296875,39167981.0,RELIANCE,0.005266116983929647,False
2020-05-22,655.6236787750627,658.4235281412857,644.1983415471118,646.4788818359375,37828973.0,RELIANCE,-0.0067301356998964446,False
2020-05-25,655.6236787750627,658.4235281412857,644.1983415471118,646.4788818359375,37828973.0,RELIANCE,0.0,False
2020-05-26,653.9751868958597,654.6751640177939,639.5919112653286,643.091796875,33216635.0,RELIANCE,-0.005239281678186436,False
2020-05-27,646.2303793438942,656.61703698639,637.6501047337907,652.8010864257812,35667956.0,RELIANCE,0.0150978283317591,False
2020-05-28,657.0686489767882,668.2455885276171,654.3591041621977,664.858642578125,40126278.0,RELIANCE,0.018470490327093803,False
2020-05-29,662.9393134152917,664.7456963541632,656.007389810822,661.3135986328125,40022527.0,RELIANCE,-0.005332026566678749,False
2020-06-01,668.358459270055,694.7089545568629,666.5295002853659,686.5802612304688,39943702.0,RELIANCE,0.038206779128528545,False
2020-06-02,689.1318561237848,695.454167278361,686.7835281692161,693.5122680664062,22153960.0,RELIANCE,0.010096426051506624,False
2020-06-03,697.7121144364211,704.4860062831307,692.4509975159605,696.1992797851562,25381289.0,RELIANCE,0.0038744977449955975,False
2020-06-04,697.2604674305974,717.8080227909754,695.9057249087699,713.4275512695312,34202350.0,RELIANCE,0.0247461782633438,False
2020-06-05,720.291708575871,730.6783659768879,710.6727564801458,714.2855224609375,33076685.0,RELIANCE,0.0012026045109689854,False
2020-06-08,730.8590266524802,730.8590266524802,706.7439184964705,708.7760620117188,31414953.0,RELIANCE,-0.007713246700334797,False
2020-06-09,704.6214390965813,714.8726404733965,692.29294201313,694.1670532226562,25857161.0,RELIANCE,-0.02061160015421193,False
2020-06-10,696.8540015463917,713.3146329578219,695.4766830422209,709.9728393554688,22132647.0,RELIANCE,0.022769427127713016,False
2020-06-11,707.1955445300772,708.0761301554923,691.3897970340737,694.4154663085938,20385805.0,RELIANCE,-0.021912631278963257,False
2020-06-12,677.3903002260765,719.3885083960947,676.0354981246212,717.4918212890625,38548899.0,RELIANCE,0.0332313378662763,False
2020-06-15,706.7440266277353,734.7202416055604,704.9827954950456,729.1204833984375,53107403.0,RELIANCE,0.016207379323826432,False
2020-06-16,741.9682427707079,744.474543171046,715.9112353938917,730.5429077148438,51187003.0,RELIANCE,0.0019508769110097024,False
2020-06-17,726.2752912652263,738.5586354119855,723.4980185831051,729.4816284179688,41782053.0,RELIANCE,-0.0014527268496722368,False
2020-06-18,725.7107978465832,751.9031997400788,725.0785489207035,747.793701171875,40471557.0,RELIANCE,0.025102856659488193,False
2020-06-19,754.1611973181019,807.8105013724783,750.5484911968546,794.53369140625,105804173.0,RELIANCE,0.06250385655980817,False
2020-06-22,800.8560305108304,814.7650899304879,783.5148135515716,788.5501098632812,60198705.0,RELIANCE,-0.007530934946733847,False
2020-06-23,790.2886927800162,796.4981230069162,774.9796793150689,777.1473388671875,37962078.0,RELIANCE,-0.014460426615209965,False
2020-06-24,783.9212306484618,800.5398941664224,772.9926883895107,780.285888671875,51586221.0,RELIANCE,0.0040385518263015285,False
2020-06-25,779.9021630835538,789.8372411261851,773.6024276097627,775.7926635742188,39679374.0,RELIANCE,-0.00575843439294299,False
2020-06-26,780.715062751448,791.1920256721493,775.3862173365937,786.5180053710938,30921913.0,RELIANCE,0.013825010599431753,False
2020-06-29,780.3762026333931,785.6598351283517,774.7312935693344,778.1633911132812,25621946.0,RELIANCE,-0.010622279719929129,False
2020-06-30,784.418040909027,786.2243641857787,765.6994455798191,769.5606079101562,30276420.0,RELIANCE,-0.011055240199384642,False
2020-07-01,776.7409392467646,789.8371415415186,771.3443662186169,784.68896484375,28464103.0,RELIANCE,0.0196584346679034,False
2020-07-02,790.3307243392775,801.4851428535685,786.7259244633,798.19775390625,28789533.0,RELIANCE,0.017215469654514592,False
2020-07-03,807.0169546549783,813.0023064997346,801.6664846343106,810.6897583007812,29434266.0,RELIANCE,0.01565026252378865,False
2020-07-06,818.4434654093601,842.4753051236336,812.5941809641026,839.6640625,47016185.0,RELIANCE,0.03574031113942944,False
2020-07-07,843.3821557977242,845.3545651080822,819.0329064848479,826.8092041015625,35189589.0,RELIANCE,-0.015309525526391643,False
2020-07-08,827.0813186844387,832.0237061429656,811.6420023700266,815.2694702148438,26204095.0,RELIANCE,-0.013956948990738627,False
2020-07-09,820.257139626406,832.0463193953086,809.9415548565688,827.1719360351562,36418942.0,RELIANCE,0.014599425411055744,False
2020-07-10,829.0990778284718,854.5365672443328,827.1719444149811,851.5665893554688,43759967.0,RELIANCE,0.029491635605098265,False
2020-07-13,863.0383906975433,883.1480789947044,861.519399808991,877.3895263671875,69608392.0,RELIANCE,0.030324037291391992,False
2020-07-14,876.9361375023506,880.4275378777578,855.7608760819069,869.227783203125,67331128.0,RELIANCE,-0.009302302932491124,False
2020-07-15,878.7271917009155,897.2498869730036,815.2695276782453,836.1273193359375,139669773.0,RELIANCE,-0.03808031048571814,False
2020-07-16,837.4874939607755,847.4629995747565,821.8214399496038,835.8551635742188,60961724.0,RELIANCE,-0.0003254955978891916,False
2020-07-17,836.5807150882681,870.5880602549773,833.4066658222266,866.8245849609375,49726765.0,RELIANCE,0.037051181516053244,False
2020-07-20,869.5904907729887,876.0292010321696,861.3607145700907,870.5426635742188,36592938.0,RELIANCE,0.004289309137959885,False
2020-07-21,879.2031842537095,896.4335647635958,878.0696081666921,893.9623413085938,42173371.0,RELIANCE,0.026902389411014083,False
2020-07-22,899.1542423284164,911.3969015052352,889.0427280371777,908.6763305664062,59771457.0,RELIANCE,0.016459294287804127,False
2020-07-23,908.6535486923684,943.0009721388484,902.9403320698102,933.0708618164062,58333751.0,RELIANCE,0.026846227231201336,False
2020-07-24,933.161502678431,980.771759562493,933.0708309814,973.1314697265624,120597372.0,RELIANCE,0.04293415382425536,False
2020-07-27,987.9361194684092,997.0047292904096,964.8564523008032,977.6885375976562,80304827.0,RELIANCE,0.0046828902495306135,False
2020-07-28,977.688488793748,994.8281988813133,975.1719293046234,987.437255859375,55114422.0,RELIANCE,0.009971190094621551,False
2020-07-29,987.5279599955765,989.7497164572248,938.806733983119,950.6866455078124,72663399.0,RELIANCE,-0.037218172732988775,False
2020-07-30,951.7522658851112,970.2068959629854,939.5096069794464,956.2185668945312,72857444.0,RELIANCE,0.005818869353912071,False
2020-07-31,958.7804523943248,965.3551702803412,930.803734578172,937.2877807617188,74958061.0,RELIANCE,-0.019797551300737792,False
2020-08-03,930.1235431581412,932.7081063612384,908.2681255398212,910.9434204101562,46715383.0,RELIANCE,-0.028107013547272408,False
2020-08-04,916.2032119273854,982.5855095976556,906.9758674005031,975.1492309570312,92041055.0,RELIANCE,0.07048276447066937,False
2020-08-05,983.492374105097,995.7349719814192,960.5033812650584,964.1988525390624,74549993.0,RELIANCE,-0.011229438603178599,False
2020-08-06,978.0512526670176,982.9029683593162,955.7424156591268,967.6676635742188,49322975.0,RELIANCE,0.0035976095864684865,False
2020-08-07,965.7178380803712,978.4139143017512,961.3649370691896,973.2674560546876,32984416.0,RELIANCE,0.005786896360456373,False
2020-08-10,979.0033749181196,981.67860962935,955.8783752585292,961.2061767578124,26958997.0,RELIANCE,-0.012392564060209832,False
2020-08-11,967.9850346750636,979.4115277857608,952.3643158271036,967.5316162109376,46828306.0,RELIANCE,0.0065807311751377995,False
2020-08-12,961.7276301780032,972.6100326976988,955.2889203298892,964.7202758789062,30264617.0,RELIANCE,-0.002905683168309414,False
2020-08-13,964.901699164418,969.8440862641454,956.7399270901238,962.2037963867188,24830322.0,RELIANCE,-0.00260850689584069,False
2020-08-14,962.4304379520208,978.051155897154,947.3312021833392,958.4629516601562,33224635.0,RELIANCE,-0.003887788367298306,False
2020-08-17,954.4728113825544,954.4728113825544,938.6480809006554,948.2835083007812,30979066.0,RELIANCE,-0.0106205913767905,False
2020-08-18,945.4041850307872,967.758357006886,944.202605110072,960.6168212890624,30547672.0,RELIANCE,0.01300593428054131,False
2020-08-19,970.7963711289711,976.6909912734272,961.8864371354928,966.5114135742188,34087543.0,RELIANCE,0.006136257615441565,False
2020-08-20,961.2742374165048,963.0426353692126,946.7644269706008,950.8679809570312,22537845.0,RELIANCE,-0.016185460820723363,False
2020-08-21,960.3674398053548,962.1811736813316,941.7767425366628,943.9758911132812,25280895.0,RELIANCE,-0.00724820898566092,False
2020-08-24,948.3061551600296,954.2460509640608,938.829403447164,950.278564453125,32717218.0,RELIANCE,0.006676731258899782,False
2020-08-25,954.9262408658594,957.329460746316,942.2301636663344,944.0892333984376,19388008.0,RELIANCE,-0.006513175490019951,False
2020-08-26,945.404223995661,973.9477001185352,928.1738418761494,969.11865234375,59870421.0,RELIANCE,0.026511708914647825,False
2020-08-27,973.970330310942,974.8772272109728,953.6792992534804,957.0120239257812,28085062.0,RELIANCE,-0.012492410902101292,False
2020-08-28,961.2742345079783,967.1235185049004,955.0395957954092,959.528564453125,27166900.0,RELIANCE,0.002629580887626215,False
2020-08-31,985.7595292256586,985.7595292256586,934.2270624878475,943.4544067382812,62076132.0,RELIANCE,-0.016752140905784363,False
2020-09-01,952.205597527122,962.362446519786,935.1565603111148,946.4243774414062,38616258.0,RELIANCE,0.0031479748061093993,False
2020-09-02,948.5782147606872,969.4360647157956,945.4042254030268,964.992431640625,26949439.0,RELIANCE,0.019619163075042634,False
2020-09-03,964.9017393534516,969.7761228830587,953.5659776492616,957.6921997070312,18586429.0,RELIANCE,-0.007565066516824759,False
2020-09-04,944.7467140146103,950.8226774812872,939.6002554209448,941.8900756835938,28475945.0,RELIANCE,-0.016500211684162713,False
2020-09-07,944.950776960414,954.812883543974,926.9268380792043,944.338623046875,21926473.0,RELIANCE,0.0025996105347050324,False
2020-09-08,948.5781353786672,961.7276301292338,943.363673326264,955.4249877929688,27397082.0,RELIANCE,0.011739819250772499,False
2020-09-09,945.4042412879572,982.9483238635318,943.7945186882138,980.023681640625,55310877.0,RELIANCE,0.02574633713995622,False
2020-09-10,989.8858259136236,1063.2737150092375,986.3716977544624,1049.239990234375,140304404.0,RELIANCE,0.07062717961863663,False
2020-09-11,1048.3331597240744,1060.0542764084548,1037.042733630043,1051.84716796875,59470807.0,RELIANCE,0.002484824976783928,False
2020-09-14,1054.2277957192978,1070.0978626809967,1034.7301409572988,1044.0482177734375,44063445.0,RELIANCE,-0.007414527920794112,False
2020-09-15,1048.3104335818653,1054.5677402462595,1037.518702454909,1051.4390869140625,27178393.0,RELIANCE,0.007079049621278033,False
2020-09-16,1051.9605405191994,1074.3373820752818,1047.675702726847,1054.023681640625,33952295.0,RELIANCE,0.0024581497480260506,False
2020-09-17,1051.9605029718427,1058.17259404091,1039.1964218842008,1042.3251953125,25828669.0,RELIANCE,-0.011098883765036427,False
2020-09-18,1049.3532551234189,1051.7110790333331,1032.2588818564082,1045.4764404296875,33074915.0,RELIANCE,0.0030232840301271935,False
2020-09-21,1042.891757906889,1059.215300889657,1019.0185972834088,1022.8728637695312,33627381.0,RELIANCE,-0.02162035966192244,False
2020-09-22,1032.4629482711289,1032.4629482711289,998.2515919553894,1002.6045532226562,34792254.0,RELIANCE,-0.019815082856124877,False
2020-09-23,1024.754631202086,1032.3495853551422,999.95196363165,1011.514404296875,42988708.0,RELIANCE,0.008886705177609588,False
2020-09-24,1001.1309446575592,1009.337993312908,986.689136840463,989.0243530273438,29826318.0,RELIANCE,-0.022234039549011264,False
2020-09-25,992.5610883137336,1003.3527603033637,982.7216491326262,998.3196411132812,28374935.0,RELIANCE,0.009398442068170754,False
2020-09-28,1009.791436796348,1014.7792199657464,1000.7454952765088,1004.9170532226562,19666849.0,RELIANCE,0.0066085167892899754,False
2020-09-29,1008.8845531281476,1026.5682927534233,1004.9170066954656,1017.975830078125,25842539.0,RELIANCE,0.01299488033722862,False
2020-09-30,1024.754589473698,1027.928578554187,1008.8845241351472,1013.1241455078124,24465159.0,RELIANCE,-0.004766011556423977,False
2020-10-01,1026.4776536649397,1026.4776536649397,1003.8968020817643,1008.9979248046876,20783227.0,RELIANCE,-0.004072769088981243,False
2020-10-02,1026.4776536649397,1026.4776536649397,1003.8968020817643,1008.9979248046876,20783227.0,RELIANCE,0.0,False
2020-10-05,1017.4997065200467,1019.8348626021702,1000.269384966474,1003.0806274414062,18922799.0,RELIANCE,-0.005864528774354838,False
2020-10-06,1008.9979425426257,1012.9200933518428,998.296942586189,1002.2418212890624,18412175.0,RELIANCE,-0.0008362300391380195,False
2020-10-07,1013.4189091449192,1046.9728362062017,1006.6174520301324,1023.6211547851562,53170865.0,RELIANCE,0.021331512058233804,False
2020-10-08,1024.301155767066,1028.3821018510423,1007.5695886566496,1015.3458862304688,21077808.0,RELIANCE,-0.008084307867224916,False
2020-10-09,1013.4188900706192,1021.5806624419674,1005.3024535496828,1012.716064453125,18545499.0,RELIANCE,-0.002590074784374341,False
2020-10-12,1013.418883808066,1022.8275119437076,1009.4513972409952,1014.348388671875,14226473.0,RELIANCE,0.0016118281086332509,False
2020-10-13,1011.4236482729492,1036.430445017385,1009.2698357927376,1034.140625,23112012.0,RELIANCE,0.019512266741054995,False
2020-10-14,1033.3245163972065,1044.7056133384592,1028.608748631058,1037.2239990234375,26742011.0,RELIANCE,0.0029815809851174713,False
2020-10-15,1038.3575230267356,1038.3575230267356,995.2815705789496,1000.4960327148438,20036197.0,RELIANCE,-0.03540986936589752,False
2020-10-16,1004.3502142447804,1012.2851869024872,985.147364528142,986.57568359375,21583600.0,RELIANCE,-0.013913447595909956,False
2020-10-19,993.03711473914,1010.5622392043456,977.2123844835456,986.757080078125,31200385.0,RELIANCE,0.00018386474285914112,False
2020-10-20,988.0267509433464,994.374789553876,975.8974318290544,977.552490234375,18482288.0,RELIANCE,-0.00932812140858541,False
2020-10-21,983.0390454596968,993.9213889927784,951.1854522370076,963.360107421875,34082321.0,RELIANCE,-0.014518282091529722,False
2020-10-22,964.6296137675084,966.9421018379,948.1247264007278,955.35693359375,30802210.0,RELIANCE,-0.008307562007672242,False
2020-10-23,954.9262685377892,968.075764596618,950.573367065108,958.1229858398438,23422125.0,RELIANCE,0.0028953076581428316,False
2020-10-26,953.0898169372152,953.0898169372152,915.2509933655792,920.057373046875,37324416.0,RELIANCE,-0.03972935975395919,False
2020-10-27,922.6872638083933,934.0003573150688,909.129685940206,922.5059204101562,36478896.0,RELIANCE,0.0026612985613849727,False
2020-10-28,925.8159103792912,933.0255097674074,910.2179195551136,912.0543212890624,29924017.0,RELIANCE,-0.011329574032920009,False
2020-10-29,905.5022363151312,925.9066672658702,902.7816655110512,919.059814453125,30655304.0,RELIANCE,0.007681004300447158,False
2020-10-30,922.0524364064572,936.3809035347286,916.7473024873174,931.5745239257812,34021563.0,RELIANCE,0.013616860704657174,False
2020-11-02,919.1051761545776,919.1051761545776,842.9967754989971,851.2945556640625,99366895.0,RELIANCE,-0.08617664631210409,False
2020-11-03,856.9850494031045,865.600239943717,832.0917105106013,839.0291748046875,88691623.0,RELIANCE,-0.01440791648174844,False
2020-11-04,832.953205081128,874.6689020903103,832.953205081128,867.504638671875,80180117.0,RELIANCE,0.03393858607338185,False
2020-11-05,886.4354619573483,889.1560327894556,876.0292050636682,886.4581298828125,37205373.0,RELIANCE,0.021848288027548568,False
2020-11-06,902.3282736472202,924.9997976298748,896.9550756882459,920.080078125,66674086.0,RELIANCE,0.03792841095228283,False
2020-11-09,935.0205666821016,938.1492199552744,923.1859913130512,929.8514404296876,35838510.0,RELIANCE,0.010620121592677334,False
2020-11-10,941.7767378395364,947.6713579150476,925.543924674604,945.2001342773438,36934242.0,RELIANCE,0.016506608669190737,False
2020-11-11,947.217858238175,949.9384288213168,896.9323084725518,905.5928344726562,56724780.0,RELIANCE,-0.041903612122282885,False
2020-11-12,898.247362719015,910.6940326424576,890.9924272689508,897.7938842773438,40046527.0,RELIANCE,-0.008611983110327959,False
2020-11-13,898.7007210390979,923.4807196009718,898.5873814202945,905.2301025390624,45388670.0,RELIANCE,0.008282767784394407,False
2020-11-16,898.7007210390979,923.4807196009718,898.5873814202945,905.2301025390624,45388670.0,RELIANCE,0.0,False
2020-11-17,945.4042408434397,945.4042408434397,900.0610723827276,903.8018798828124,46542562.0,RELIANCE,-0.0015777454287523307,False
2020-11-18,903.801832450074,909.8098520291384,888.7705994600573,901.05859375,30402290.0,RELIANCE,-0.0030352737628385196,False
2020-11-19,901.0585724391552,911.6008364153228,892.4433818817643,894.6878662109375,27796343.0,RELIANCE,-0.00707026999492788,False
2020-11-20,895.5266860839987,899.5169003772073,859.2521905953536,861.2926635742188,57471248.0,RELIANCE,-0.03732609315263169,False
2020-11-23,884.644369365096,893.2595600473776,873.4219475565428,884.5083618164062,45327567.0,RELIANCE,0.026954482749041775,False
2020-11-24,890.538977583329,895.0732820966707,876.0291671598031,890.5616455078125,30936268.0,RELIANCE,0.006843670396710966,False
2020-11-25,897.7938413094128,903.6657931642696,880.654192057057,883.193359375,32637879.0,RELIANCE,-0.008273751929447792,False
2020-11-26,885.5739443403047,890.9924179780169,875.1450197156285,885.369873046875,25838637.0,RELIANCE,0.0024643682482115015,False
2020-11-27,879.8833317328676,886.956863707273,871.2228051404243,875.0316162109375,47336811.0,RELIANCE,-0.011676766005556338,False
2020-11-30,879.8833317328676,886.956863707273,871.2228051404243,875.0316162109375,47336811.0,RELIANCE,0.0,False
2020-12-01,879.8153351253683,891.5592393178523,875.1450229329691,886.4127807617188,19750687.0,RELIANCE,0.01300657523674853,False
2020-12-02,888.0451500921909,889.6322047606417,877.3895457117752,887.886474609375,22188887.0,RELIANCE,0.0016625367770417565,False
2020-12-03,894.166445181224,898.2926670858094,888.1130898872199,890.5616455078125,27785372.0,RELIANCE,0.003012965029807857,False
2020-12-04,892.8060689658076,892.8060689658076,879.6565747800778,882.7172241210938,18464552.0,RELIANCE,-0.008808397965809234,False
2020-12-07,879.9286890581647,890.9923750186222,879.9286890581647,887.9090576171875,18242188.0,RELIANCE,0.005881649699611469,False
2020-12-08,889.2467387240156,913.3239128258732,884.1909519390108,904.028564453125,43403061.0,RELIANCE,0.018154457033241922,False
2020-12-09,911.374225280082,922.1885651259228,906.522509499852,919.08251953125,29175254.0,RELIANCE,0.01665207900508281,False
2020-12-10,916.6565508314588,919.7852039036752,907.3158674920908,910.0364379882812,16065507.0,RELIANCE,-0.009842512887289434,False
2020-12-11,912.7571538037538,924.0929759507372,895.1866924423914,909.4924926757812,26944202.0,RELIANCE,-0.0005977181679697186,False
2020-12-14,910.4672819578382,913.6639990942832,900.6731791916262,902.9176635742188,17312747.0,RELIANCE,-0.007229118606816631,False
2020-12-15,902.1921882018914,902.1921882018914,889.2240359631435,895.2320556640625,18551265.0,RELIANCE,-0.008511969828713495,False
2020-12-16,901.421286250231,904.5726673465,891.3097731763147,896.2294921875,18561011.0,RELIANCE,0.0011141653352633174,False
2020-12-17,899.8344365499054,909.1297859332948,896.5017115282488,900.3331909179688,20252358.0,RELIANCE,0.004578848125665447,False
2020-12-18,897.8392107518212,909.084299862856,890.992358453629,903.0309448242188,18466344.0,RELIANCE,0.0029963950384850335,False
2020-12-21,911.3967647349846,916.8379057961084,841.2282692058656,879.5205078125,44135540.0,RELIANCE,-0.02603502919414924,False
2020-12-22,883.7375484737753,888.2265172786522,856.2822534289644,878.1603393554688,28140001.0,RELIANCE,-0.0015464886207305906,False
2020-12-23,875.1223093610237,884.8484079017386,870.8826879671385,881.40234375,19501410.0,RELIANCE,0.003691813726079518,False
2020-12-24,882.8306298588741,906.3183777688924,882.3318755488342,904.2099609375,20776988.0,RELIANCE,0.025876510709584855,False
2020-12-25,882.8306298588741,906.3183777688924,882.3318755488342,904.2099609375,20776988.0,RELIANCE,0.0,False
2020-12-28,909.900545527166,915.0243362502358,904.7314189530316,908.35888671875,17221499.0,RELIANCE,0.0045884539658780366,False
2020-12-29,910.943413813905,912.4397367118077,898.9501027379986,902.3508911132812,18611939.0,RELIANCE,-0.006614121019029584,False
2020-12-30,904.7086818653784,910.1271552061417,895.7760806552021,904.822021484375,22043630.0,RELIANCE,0.002738547050189055,False
2020-12-31,903.9152831436564,912.2583993085362,897.1591616899547,900.1971435546875,18781189.0,RELIANCE,-0.00511136756165631,False
2021-01-01,901.421320358103,905.5022064134912,898.7007496438623,901.1946411132812,10015175.0,RELIANCE,0.0011080878957856477,False
2021-01-04,904.640757614628,906.3637598470406,892.352762889534,902.7136840820312,24513534.0,RELIANCE,0.0016855881065531708,False
2021-01-05,892.80613046262,899.4262438413816,886.9115106039434,891.4912109375,24123091.0,RELIANCE,-0.012431929793933927,False
2021-01-06,891.4005200596658,891.4458559107388,863.8546128646693,867.9808349609375,46401468.0,RELIANCE,-0.0263719660812346,False
2021-01-07,870.8146344257167,881.9237155642203,863.8545027482037,866.5750732421875,32325918.0,RELIANCE,-0.001619576910143694,False
2021-01-08,869.6811807226603,878.9311936650147,867.0059456976594,876.800048828125,27540187.0,RELIANCE,0.01179929575827976,False
2021-01-11,879.1124426510808,879.1124426510808,858.1185873709477,860.2723999023438,33307825.0,RELIANCE,-0.018849963509777412,False
2021-01-12,862.8797693273197,888.725343947094,861.4741179787063,887.3877563476562,41161546.0,RELIANCE,0.03151950062374498,False
2021-01-13,890.3349713085404,895.5040980209848,869.8852636562669,879.112548828125,26619458.0,RELIANCE,-0.009325356880728997,False
2021-01-14,881.9237826562116,891.8539526683576,879.225879879633,888.997314453125,21553242.0,RELIANCE,0.011244027443558346,False
2021-01-15,888.9972940596249,894.9825854452455,870.6106693815333,878.5003662109375,20593268.0,RELIANCE,-0.011807626492825518,False
2021-01-18,883.7828981720585,905.5022489944744,872.1070575050039,899.5849609375,35100458.0,RELIANCE,0.024000666974679286,False
2021-01-19,904.4366615381476,920.9188817318542,904.4366615381476,914.298828125,32006615.0,RELIANCE,0.016356284093684614,False
2021-01-20,916.5659852036084,933.1615451092316,907.4973158868204,931.6652221679688,30924537.0,RELIANCE,0.018994221045413484,False
2021-01-21,944.0438358240184,961.2742166156672,940.869846715687,951.9335327148438,39087742.0,RELIANCE,0.021754928771207105,False
2021-01-22,957.1933717044934,959.165840987856,922.8006124178714,929.3527221679688,30532660.0,RELIANCE,-0.023720994975853227,False
2021-01-25,922.7099125187834,922.7099125187834,876.0291603627637,880.1100463867188,54207104.0,RELIANCE,-0.05298599187010289,False
2021-01-26,922.7099125187834,922.7099125187834,876.0291603627637,880.1100463867188,54207104.0,RELIANCE,0.0,False
2021-01-27,872.8551706594984,872.8551706594984,856.0782081201552,859.252197265625,42370131.0,RELIANCE,-0.02369913763253284,False
2021-01-28,852.5187439949068,872.084340959147,847.9164357485394,850.8864135742188,34067814.0,RELIANCE,-0.009736121383254526,False
2021-01-29,858.9347876285253,867.4593064405973,829.7791594362084,835.1976928710938,43712383.0,RELIANCE,-0.01843809050519829,False
2021-02-01,843.1100367737496,863.7864814872391,837.9409106033642,859.3882446289062,34180952.0,RELIANCE,0.028963863243748333,False
2021-02-02,867.9807655747403,879.6566053024357,841.092290337818,873.2178955078125,41470034.0,RELIANCE,0.016092436643554642,False
2021-02-03,874.3516028138517,885.097879377404,861.5194571782569,875.4171752929688,30301696.0,RELIANCE,0.0025185922053021503,False
2021-02-04,872.4016522189917,879.6565870210757,863.7864621175551,872.5377197265625,25626981.0,RELIANCE,-0.0032892381457362285,False
2021-02-05,875.1450294447208,881.7651430554548,870.5880568440388,872.2883911132812,20248046.0,RELIANCE,-0.00028575110008932647,False
2021-02-08,876.5052135771294,892.8060891318694,874.6915398289318,884.848388671875,21183400.0,RELIANCE,0.01439890486512585,False
2021-02-09,889.6095735403137,902.1469161459931,885.233944002577,886.9796142578125,19604141.0,RELIANCE,0.0024085771226145525,False
2021-02-10,885.8913937556059,899.9477267102546,873.8980819416108,895.2093505859375,21234156.0,RELIANCE,0.009278382722483824,False
2021-02-11,897.793837177367,935.9727980522624,894.2797692311354,932.1185913085938,42539278.0,RELIANCE,0.0412297310104035,False
2021-02-12,932.0279220969352,942.2301071014969,913.8453084946966,925.7252197265624,30497029.0,RELIANCE,-0.006858967991461018,False
2021-02-15,928.6498762091928,934.6578356915304,918.1982839074868,921.6443481445312,15791099.0,RELIANCE,-0.004408296862903338,False
2021-02-16,924.8864053509031,942.864948032298,922.7325927047402,933.8416748046876,21421660.0,RELIANCE,0.01323430961705796,False
2021-02-17,934.0683329596526,950.3692089797069,929.8061035808392,944.6106567382812,23742994.0,RELIANCE,0.011531914053681591,False
2021-02-18,945.4041756996926,956.014443525895,933.6602717704308,937.559814453125,18646877.0,RELIANCE,-0.007464284078164685,False
2021-02-19,932.708199212136,954.4502194028356,931.0304727699604,943.2731323242188,23403483.0,RELIANCE,0.006093816930951013,False
2021-02-22,943.1370313830364,947.6260001116776,904.5727145749872,910.5352783203124,23804335.0,RELIANCE,-0.034706653759172035,False
2021-02-23,928.627233675732,930.8490501461664,913.0291825324456,917.4954833984376,25644108.0,RELIANCE,0.007644080623613991,False
2021-02-24,920.46551838717,936.4489852163128,918.7197882041788,934.5219116210938,10807663.0,RELIANCE,0.018557506310101557,False
2021-02-25,941.3233367992898,975.7841010050624,939.9630213818828,972.3153686523438,34855693.0,RELIANCE,0.04044148838168016,False
2021-02-26,959.9139702500598,967.576928004242,938.9200542247918,945.7669067382812,37481215.0,RELIANCE,-0.02730437342655545,False
2021-03-01,956.8306484903324,957.646873714604,935.2019693603648,952.9765014648438,17680764.0,RELIANCE,0.007623014376160198,False
2021-03-02,962.1811437745008,965.8085514456496,947.263250572338,954.9262084960938,17150760.0,RELIANCE,0.0020459130191070596,False
2021-03-03,961.750393670414,1006.572077071357,955.4703590572256,998.5009765625,31924461.0,RELIANCE,0.04563155527486451,False
2021-03-04,988.480126250495,992.991762854271,978.368612759976,986.598388671875,21435754.0,RELIANCE,-0.011920456934956247,False
2021-03-05,977.5977682721734,1002.9672532884404,976.260120871694,987.890625,25511666.0,RELIANCE,0.001309789619527546,False
2021-03-08,983.2656636273796,1012.0132094952947,983.0389843818928,993.5132446289062,19506841.0,RELIANCE,0.005691540628707026,False
2021-03-09,997.5487577867862,1003.8061245628406,973.3355758572836,993.4905395507812,15154484.0,RELIANCE,-2.2853322034444012e-05,False
2021-03-10,1000.7227465962088,1004.3955499162572,984.0591241137868,989.3642578125,11519358.0,RELIANCE,-0.0041533175948982315,False
2021-03-11,1000.7227465962088,1004.3955499162572,984.0591241137868,989.3642578125,11519358.0,RELIANCE,0.0,False
2021-03-12,995.2816157511662,1000.4507422731192,963.0426687169552,969.2546997070312,16864952.0,RELIANCE,-0.020325737408314448,False
2021-03-15,970.3656071763525,974.3784296324052,943.3637304935054,956.2412109375,16698099.0,RELIANCE,-0.013426283899850788,False
2021-03-16,958.553685547253,963.9948870594852,950.165234013291,952.4777221679688,13873801.0,RELIANCE,-0.003935710704040418,False
2021-03-17,951.3215496881083,953.566034236816,922.778012469734,931.9600219726562,19210236.0,RELIANCE,-0.021541396420917236,False
2021-03-18,939.917659532268,945.3135252330828,907.3159659802868,910.98876953125,20647480.0,RELIANCE,-0.02250230905507833,False
2021-03-19,902.7816055754888,950.3238575711216,899.0634664039354,944.0438232421876,41787429.0,RELIANCE,0.036284809227611126,False
2021-03-22,939.0561589834672,940.4164143959772,921.9164490477824,935.1566162109376,18572478.0,RELIANCE,-0.009413977203651558,False
2021-03-23,934.9526119187764,956.603958736694,932.2547090305418,946.5377807617188,17421165.0,RELIANCE,0.012170329924943823,False
2021-03-24,943.0236984833992,943.0236984833992,925.1812218990748,928.3098754882812,16822814.0,RELIANCE,-0.01925745136001733,False
2021-03-25,931.3477881428614,931.3477881428614,900.0610147041692,902.9856567382812,22001648.0,RELIANCE,-0.027279919581464918,False
2021-03-26,912.303674731854,913.0745041101142,894.937285828174,904.4366455078124,20180202.0,RELIANCE,0.0016068790890568785,False
2021-03-29,912.303674731854,913.0745041101142,894.937285828174,904.4366455078124,20180202.0,RELIANCE,0.0,False
2021-03-30,910.4899154033928,929.0352757477536,903.0309690022071,920.1480102539062,20441701.0,RELIANCE,0.01737143759502624,False
2021-03-31,915.0243084377212,929.4887232737644,906.40905776399,908.2681274414062,16250796.0,RELIANCE,-0.012910838995589313,False
2021-04-01,915.0242884490824,920.465429845356,908.290775524704,916.7699584960938,11723312.0,RELIANCE,0.00936048595984218,False
2021-04-02,915.0242884490824,920.465429845356,908.290775524704,916.7699584960938,11723312.0,RELIANCE,0.0,False
2021-04-05,918.1756272004716,918.198295125252,889.677488179083,903.5071411132812,14875099.0,RELIANCE,-0.01446689789505029,False
2021-04-06,908.6763154469584,909.107066008566,892.8061886370579,899.7437133789062,14009194.0,RELIANCE,-0.004165354719540826,False
2021-04-07,906.8625944881164,928.1285275370888,903.8246126194148,908.1548461914062,24266353.0,RELIANCE,0.009348365192697772,False
2021-04-08,911.850225266319,916.8379481306634,903.6884533297168,909.288330078125,15369188.0,RELIANCE,0.0012481174234464376,False
2021-04-09,906.159667024016,909.7417386895142,897.7938238938312,898.723388671875,14037885.0,RELIANCE,-0.011618912348014265,False
2021-04-12,888.2717533622153,889.3599935534187,861.632686520503,866.5750732421875,20901482.0,RELIANCE,-0.035771090231885405,False
2021-04-13,872.4018023162757,879.9288134604777,869.6132274999836,875.9385986328125,19411189.0,RELIANCE,0.010805209703981467,False
2021-04-14,872.4018023162757,879.9288134604777,869.6132274999836,875.9385986328125,19411189.0,RELIANCE,0.0,False
2021-04-15,873.4446120904353,889.1786704861084,867.4139846330557,881.6063842773438,19723716.0,RELIANCE,0.00647052847468732,False
2021-04-16,878.1150581636493,884.1456861292494,873.5126894782757,876.0745849609375,15656948.0,RELIANCE,-0.006274681552970729,False
2021-04-19,863.3331266419872,868.9556716698464,856.985088064207,862.2902221679688,18478808.0,RELIANCE,-0.015734234310179618,False
2021-04-20,866.2803940149797,870.1345408290238,857.1891171314771,862.0408325195312,17203668.0,RELIANCE,-0.0002892177622175751,False
2021-04-21,866.2803940149797,870.1345408290238,857.1891171314771,862.0408325195312,17203668.0,RELIANCE,0.0,False
2021-04-22,858.0052836359382,868.0714611843059,850.9544197704057,864.4213256835938,14490954.0,RELIANCE,0.0027614621886353774,False
2021-04-23,864.2400438171045,870.0892682363567,859.4109960022909,863.4918823242188,11828857.0,RELIANCE,-0.0010752203025995444,False
2021-04-26,870.5880540621903,889.6321696188024,866.7338471259807,878.6817626953125,20846778.0,RELIANCE,0.017591225444074654,False
2021-04-27,879.6566953316482,905.5929405224553,878.8631979839778,901.7161254882812,19992524.0,RELIANCE,0.02621468177774844,False
2021-04-28,905.8876517747104,910.4899602170952,897.861946907099,905.6382446289062,17122437.0,RELIANCE,0.0043496162814002926,False
2021-04-29,917.2460958998796,927.0402589004968,910.1726236848529,917.767578125,17412606.0,RELIANCE,0.013393133039631966,False
2021-04-30,910.7166908105166,923.1860285256436,901.2173310194296,904.36865234375,19828769.0,RELIANCE,-0.014599476055390914,False
2021-05-03,891.4458158814281,897.3404357451366,881.0622873144365,888.2944946289062,23640186.0,RELIANCE,-0.017773899695866513,False
2021-05-04,884.1908961551087,892.2619961748394,866.507097421783,869.0462646484375,21849830.0,RELIANCE,-0.02166874848020972,False
2021-05-05,872.1070779189138,878.976538945821,865.1695531457119,870.6334228515625,12393609.0,RELIANCE,0.001826321874551784,False
2021-05-06,871.4268548191382,877.3894784194164,864.5119984908221,875.5757446289062,14624666.0,RELIANCE,0.0056766965839150085,False
2021-05-07,878.6364644741296,886.7529013481309,873.308662266205,875.9158935546875,12288548.0,RELIANCE,0.00038848600805563294,False
2021-05-10,879.2031788665513,882.7399146478764,871.0187391792962,873.3992309570312,13941237.0,RELIANCE,-0.0028731783681227308,False
2021-05-11,868.3208227406878,878.9990936540107,866.05361064843,876.5505981445312,13478264.0,RELIANCE,0.0036081634558424724,False
2021-05-12,875.1676804843173,876.4372641804301,864.6934200952072,867.4819946289062,13177961.0,RELIANCE,-0.01034578441315459,False
2021-05-13,875.1676804843173,876.4372641804301,864.6934200952072,867.4819946289062,13177961.0,RELIANCE,0.0,False
2021-05-14,874.2380874670803,880.5634577549068,864.2399737584975,878.432373046875,13291616.0,RELIANCE,0.01262317660282175,False
2021-05-17,878.4323799585411,890.2895633789483,875.3036666921718,888.8839721679688,11873078.0,RELIANCE,0.011898012233818367,False
2021-05-18,898.2473602910601,908.0414631541172,894.3931533556103,901.398681640625,12064918.0,RELIANCE,0.014079126032763511,False
2021-05-19,897.7938805270868,914.3214965481936,894.1664727852633,905.52490234375,16317002.0,RELIANCE,0.004577575702257475,False
2021-05-20,905.9103738478552,911.8049942540358,898.247415294268,900.2424926757812,11422532.0,RELIANCE,-0.005833533295767412,False
2021-05-21,903.235087003718,911.2154560407944,900.5145161905418,908.018798828125,10785605.0,RELIANCE,0.008638012775013859,False
2021-05-24,910.4898938764024,911.3061190300916,898.700714595752,900.355712890625,8551760.0,RELIANCE,-0.008439347233107797,False
2021-05-25,905.230195052024,905.50227013301,888.7253062731775,890.1536254882812,14780102.0,RELIANCE,-0.011331174175137515,False
2021-05-26,895.5267109206686,897.5671839561246,891.1284738713696,893.2822265625,7480204.0,RELIANCE,0.0035146754275168224,False
2021-05-27,893.395613685115,903.688470513556,889.7454781714291,896.0255126953125,26819294.0,RELIANCE,0.003071018376094914,False
2021-05-28,902.3281938924274,954.4727544116488,902.3281938924274,949.8477783203124,56469931.0,RELIANCE,0.06006778251558753,False
2021-05-31,953.1124880356036,993.7852821100848,945.4268620793822,979.5475463867188,59124142.0,RELIANCE,0.03126792391821631,False
2021-06-01,982.1321030027278,998.4556475299046,973.2901730558312,983.4470825195312,28013832.0,RELIANCE,0.003980956460150287,False
2021-06-02,978.0511883191928,1001.8563467317178,978.0511883191928,998.1155395507812,24630162.0,RELIANCE,0.01491534958207441,False
2021-06-03,1007.0707146193824,1020.2202690838112,995.7803496561332,1001.92431640625,23974257.0,RELIANCE,0.0038159678960443255,False
2021-06-04,1004.2595618006808,1005.007723278059,990.4072405064372,993.2412109375,14468646.0,RELIANCE,-0.0086664285181689,False
2021-06-07,998.4556731308024,1016.5928919877746,990.7473191357552,1009.9727783203124,16336573.0,RELIANCE,0.016845422037029545,False
2021-06-08,1009.6100858849402,1009.8594330639162,996.7099374722952,1004.1688842773438,9674735.0,RELIANCE,-0.005746584628370965,False
2021-06-09,1006.1638408568944,1007.0706776986876,978.481869674918,986.212890625,11409161.0,RELIANCE,-0.017881447965066077,False
2021-06-10,994.556163411871,1011.1517839840508,987.3692913998711,989.8405151367188,14155653.0,RELIANCE,0.003678338162280248,False
2021-06-11,993.2457554895082,1013.7668141971928,991.9716855769274,1007.0098266601562,13762778.0,RELIANCE,0.017345533205484154,False
2021-06-14,1007.8517599235836,1027.5310032039945,998.7742213753507,1021.4566040039062,20332436.0,RELIANCE,0.014346212878243891,False
2021-06-15,1028.7822714120728,1035.1068867541692,1019.363468899092,1023.777099609375,15174215.0,RELIANCE,0.002271751532441968,False
2021-06-16,1021.456501659872,1022.434740881434,1003.6882448935254,1006.3045654296876,10797349.0,RELIANCE,-0.01706673668160197,False
2021-06-17,1001.0264608448158,1016.9519142263862,991.8807422543712,1008.1473999023438,15745975.0,RELIANCE,0.0018312889913891794,False
2021-06-18,1012.6292689125116,1016.9519117351164,993.9055193524756,1012.697509765625,29369026.0,RELIANCE,0.004513337894559877,False
2021-06-21,1002.6189877915084,1022.6394327555988,1001.0947014517697,1017.9755859375,12186448.0,RELIANCE,0.005211898045544228,False
2021-06-22,1025.597054027167,1028.7822288722175,1009.830889872548,1012.7429809570312,12871913.0,RELIANCE,-0.005140206752257015,False
2021-06-23,1023.777092514532,1024.0500559302593,1001.799987098414,1003.4608154296876,16653951.0,RELIANCE,-0.009165371374454834,False
2021-06-24,1004.1433786288184,1007.6696977965144,973.7258293406423,979.8684692382812,91461975.0,RELIANCE,-0.023510979032403956,False
2021-06-25,979.868355835384,979.868355835384,946.9254774381874,957.5499877929688,55355022.0,RELIANCE,-0.02277701767734419,False
2021-06-28,965.535542609245,967.5830690553375,946.880034202098,949.1550903320312,20277042.0,RELIANCE,-0.008767059232371421,False
2021-06-29,950.7476377872767,959.6203929887992,948.2906059997632,949.97412109375,27144063.0,RELIANCE,0.000862905093236277,False
2021-06-30,953.8189497184268,965.8312654969786,951.4529057551116,960.3711547851562,19762858.0,RELIANCE,0.010944544130776501,False
2021-07-01,963.715500911565,966.0587979305756,953.2502184775108,954.592529296875,12534407.0,RELIANCE,-0.006017075231267155,False
2021-07-02,954.1601447164786,970.4951021153942,952.3173409366495,968.7432861328124,14086620.0,RELIANCE,0.014823871339492367,False
2021-07-05,972.1103871470752,979.8911076185376,969.8580780772136,978.3668212890624,11702287.0,RELIANCE,0.009934040621501383,False
2021-07-06,975.9780344174736,977.7752841489312,964.7164890232146,966.8095092773438,10070124.0,RELIANCE,-0.011812861761288151,False
2021-07-07,968.15182763501,968.15182763501,954.6152261057076,960.0980834960938,10454892.0,RELIANCE,-0.006941828474842482,False
2021-07-08,963.2377120648708,963.2377120648708,946.880007204719,952.1581420898438,11185460.0,RELIANCE,-0.008269927357148266,False
2021-07-09,950.0651388442452,951.7487141684176,940.1004093189324,942.4209594726562,9037675.0,RELIANCE,-0.010226434230574233,False
2021-07-12,946.3112426024384,956.2077909534228,943.9224517127792,948.2905883789062,8585292.0,RELIANCE,0.0062282452944748545,False
2021-07-13,955.525214607773,956.9130192420056,950.087790995972,955.3887329101562,6717133.0,RELIANCE,0.007485199809252885,False
2021-07-14,955.6844881859736,958.6420731903104,946.9937689554592,949.1550903320312,8532544.0,RELIANCE,-0.006524718539580254,False
2021-07-15,953.2502049164672,953.2502049164672,945.7425076403308,947.4943237304688,9448356.0,RELIANCE,-0.0017497315438529393,False
2021-07-16,949.951367281346,962.2367066615388,949.8831264283724,961.1674194335938,8828185.0,RELIANCE,0.014430794317892515,False
2021-07-19,955.525231478772,966.4455126172754,951.9989126340372,955.0474853515624,8354449.0,RELIANCE,-0.006367188440113525,False
2021-07-20,955.2977362314512,959.1653798198788,948.245098287798,952.7041625976562,6741464.0,RELIANCE,-0.002453619102555482,False
2021-07-21,955.2977362314512,959.1653798198788,948.245098287798,952.7041625976562,6741464.0,RELIANCE,0.0,False
2021-07-22,964.1705140611996,966.4000763573124,954.6835309155986,964.9440307617188,7972397.0,RELIANCE,0.012847501506332293,False
2021-07-23,971.200376447822,971.200376447822,956.4579462312084,958.1187744140624,9937030.0,RELIANCE,-0.007073214746215473,False
2021-07-26,959.1653976108204,965.0805075916204,942.3754396207584,944.9917602539062,12389668.0,RELIANCE,-0.013700821349820647,False
2021-07-27,944.9689777697636,948.1085383406383,929.1345728588084,935.0496826171876,10824523.0,RELIANCE,-0.010520808810065563,False
2021-07-28,936.414732655119,936.414732655119,917.4179602018662,927.0187377929688,12897848.0,RELIANCE,-0.008588789423189191,False
2021-07-29,934.5946824013536,943.8769425785124,929.7715466212894,934.25341796875,13765738.0,RELIANCE,0.007804243734064631,False
2021-07-30,936.4147387774316,940.9421040230186,924.1748936428288,926.0859985351562,11350608.0,RELIANCE,-0.008742188443207732,False
2021-08-02,934.7312372274596,946.1520117827724,928.7478263645152,943.012451171875,10925104.0,RELIANCE,0.018277409078090168,False
2021-08-03,950.9751482931742,951.430147484226,939.2358562430207,949.9513549804688,11817299.0,RELIANCE,0.007358231378568503,False
2021-08-04,952.9771655453944,961.8954143261994,949.6100753022612,957.2315673828124,13169800.0,RELIANCE,0.007663773901868121,False
2021-08-05,962.0318379378848,980.4598152724984,957.4589790719468,971.109375,21252078.0,RELIANCE,0.014497858292671362,False
2021-08-06,969.1528622918456,976.8880893431024,945.8562535112904,950.5429077148438,16620987.0,RELIANCE,-0.02117832225145211,False
2021-08-09,946.8799898333924,950.8841149123824,940.2822912594686,945.128173828125,7494143.0,RELIANCE,-0.005696464454967187,False
2021-08-10,947.3349664779624,961.4403616289128,943.5811181110124,950.0877685546876,11919198.0,RELIANCE,0.005247536645187845,False
2021-08-11,954.1373988131746,964.6254274166216,947.972012709084,963.3969116210938,9184963.0,RELIANCE,0.0140083300794962,False
2021-08-12,966.8550623942888,967.4466034758628,957.800331624984,960.3029174804688,8137612.0,RELIANCE,-0.003211546667114318,False
2021-08-13,963.3969420853272,978.2303606065248,959.5975996548036,976.2965087890624,12780901.0,RELIANCE,0.016654735727092973,False
2021-08-16,977.980105672493,1002.3914951366928,968.3338340297282,988.9686279296876,21935444.0,RELIANCE,0.012979785369040098,False
2021-08-17,986.8529072733436,994.2923038234344,977.297622981309,984.7598266601562,12658169.0,RELIANCE,-0.004255748009258986,False
2021-08-18,989.196136150576,995.0202580244994,979.4588769168306,988.5818481445312,10075860.0,RELIANCE,0.0038811712063209214,False
2021-08-19,989.196136150576,995.0202580244994,979.4588769168306,988.5818481445312,10075860.0,RELIANCE,0.0,False
2021-08-20,975.09076320503,988.2861007519195,972.3607078932538,977.4796142578124,9426282.0,RELIANCE,-0.011230465041975668,False
2021-08-23,989.1960842036104,989.1960842036104,970.2220598111206,983.8952026367188,9854395.0,RELIANCE,0.006563398648244512,False
2021-08-24,985.1237449789752,997.3863365967812,980.823849400721,993.6097412109376,11864472.0,RELIANCE,0.009873550097800221,False
2021-08-25,994.383378575713,1010.1267969703356,991.9717803975888,1002.2095336914062,13380559.0,RELIANCE,0.008655100814518812,False
2021-08-26,1004.666525440298,1021.4564824929126,1003.3014677332652,1014.8815307617188,18589616.0,RELIANCE,0.012644059594641988,False
2021-08-27,1017.8619111430866,1020.4782919319844,1008.3294342208058,1013.4937744140624,10480636.0,RELIANCE,-0.0013674072348275335,False
2021-08-30,1023.7771290070832,1035.539228921763,1017.7709708130756,1032.9910888671875,14027062.0,RELIANCE,0.019237724932644307,False
2021-08-31,1036.016904489164,1039.1337183154053,1020.2507393885752,1027.4854736328125,26485463.0,RELIANCE,-0.00532977998911166,False
2021-09-01,1034.242360892605,1043.2970916409213,1029.6922485674477,1031.5577392578125,11145486.0,RELIANCE,0.003963331579377005,False
2021-09-02,1026.052128476792,1050.0767599227504,1026.052128476792,1043.9796142578125,9956770.0,RELIANCE,0.012041861087618067,False
2021-09-03,1051.0777738490865,1089.753849755498,1047.6652497127798,1086.7962646484375,30664428.0,RELIANCE,0.041012918074137206,False
2021-09-06,1097.944051619568,1128.4299004209945,1097.4889922462603,1103.67724609375,33641710.0,RELIANCE,0.015532793030691217,False
2021-09-07,1105.6792381399396,1118.4195769224002,1097.4890117544835,1110.638916015625,17349882.0,RELIANCE,0.006307704491067989,False
2021-09-08,1115.689388852755,1116.599387104017,1095.0545376191697,1106.2933349609375,14301651.0,RELIANCE,-0.003912685745135924,False
2021-09-09,1104.7237261918483,1109.2510915570197,1099.35460328716,1103.67724609375,8963249.0,RELIANCE,-0.002364733461292956,False
2021-09-10,1104.7237261918483,1109.2510915570197,1099.35460328716,1103.67724609375,8963249.0,RELIANCE,0.0,False
2021-09-13,1107.0443192185294,1107.0443192185294,1077.4913349676583,1079.0838623046875,16311160.0,RELIANCE,-0.022283130214114655,False
2021-09-14,1080.6536720322044,1089.2988378614205,1076.5584984650136,1077.67333984375,8908356.0,RELIANCE,-0.0013071481376109029,False
2021-09-15,1077.6960268089388,1090.09504087413,1077.6960268089388,1082.1551513671875,9071075.0,RELIANCE,0.0041587848170090425,False
2021-09-16,1083.6338341939222,1108.750437452325,1077.013388880378,1104.860107421875,13448882.0,RELIANCE,0.02098123917444017,False
2021-09-17,1112.9594649804742,1117.441336518829,1080.9265822690463,1087.72900390625,34882133.0,RELIANCE,-0.015505224055558875,False
2021-09-20,1079.3339306750968,1100.3782281549334,1078.3784384748346,1089.4580078125,11779819.0,RELIANCE,0.0015895539238548473,False
2021-09-21,1094.3039621775245,1099.5820973964808,1084.7486779581968,1094.16748046875,9915736.0,RELIANCE,0.004322766570605152,False
2021-09-22,1095.6689260415033,1111.1392587944545,1091.2325487612284,1105.90673828125,10995912.0,RELIANCE,0.010728940516008478,False
2021-09-23,1113.596411926489,1136.1649964932392,1112.731907489886,1132.9344482421875,15748397.0,RELIANCE,0.024439411593551563,False
2021-09-24,1139.1453680882423,1140.009872555042,1124.7897556991463,1129.6583251953125,15192163.0,RELIANCE,-0.0028917145665030564,False
2021-09-27,1131.6149158288963,1151.134928281977,1126.2912870102596,1148.655029296875,15373834.0,RELIANCE,0.01681632727159177,False
2021-09-28,1153.0004562253168,1167.0603586138618,1143.354184437372,1159.3934326171875,18035258.0,RELIANCE,0.00934867566538733,False
2021-09-29,1169.380959813766,1169.380959813766,1146.6531442405346,1150.2022705078125,9719875.0,RELIANCE,-0.007927560956272672,False
2021-09-30,1148.905443362043,1153.2735802131847,1137.6893908621353,1146.2890625,13590654.0,RELIANCE,-0.0034021911694582796,False
2021-10-01,1138.417354693103,1155.6395643825465,1135.2550471541776,1148.3138427734375,8958928.0,RELIANCE,0.0017663784290338214,False
2021-10-04,1161.645680951927,1171.587662580675,1154.38820045178,1163.0789794921875,10918552.0,RELIANCE,0.012858102174479358,False
2021-10-05,1162.6012346483487,1188.4914771861918,1159.0748554855732,1187.2174072265625,13533634.0,RELIANCE,0.020753902495008525,False
2021-10-06,1192.108616460151,1192.108616460151,1160.7811333493105,1164.762451171875,10258881.0,RELIANCE,-0.018913937681510395,False
2021-10-07,1180.7560859021985,1182.4624681330135,1168.334326130549,1170.472900390625,6336665.0,RELIANCE,0.004902672826553323,False
2021-10-08,1176.3197940015025,1221.4343385648035,1174.613532001241,1215.450927734375,15772493.0,RELIANCE,0.03842722657546305,False
2021-10-11,1229.1693106657974,1237.632498829578,1203.665891085462,1206.9874267578125,14768666.0,RELIANCE,-0.006963260123005188,False
2021-10-12,1203.5068077762007,1220.7972576970285,1201.800425485858,1213.8809814453125,6682011.0,RELIANCE,0.005711372409253235,False
2021-10-13,1218.9770173074653,1237.4050535570852,1214.5633873865163,1226.2344970703125,9959762.0,RELIANCE,0.010176875504129823,False
2021-10-14,1228.69173058792,1236.47251177523,1222.7083196035724,1228.7144775390625,8623469.0,RELIANCE,0.0020224357369451607,False
2021-10-15,1228.69173058792,1236.47251177523,1222.7083196035724,1228.7144775390625,8623469.0,RELIANCE,0.0,False
2021-10-18,1214.24509076485,1249.0079672854492,1211.3784935963072,1231.9906005859375,13594479.0,RELIANCE,0.00266630133099488,False
2021-10-19,1239.3617971163028,1251.8974138396732,1232.172677010528,1243.024658203125,8833409.0,RELIANCE,0.008956283929390185,False
2021-10-20,1247.9842743668398,1247.9842743668398,1224.6649184645307,1228.7144775390625,12710570.0,RELIANCE,-0.01151238679749833,False
2021-10-21,1240.999848015025,1241.2728114223185,1184.487275783306,1193.26904296875,20831669.0,RELIANCE,-0.028847576241882167,False
2021-10-22,1192.13138489237,1212.5615152599455,1188.2638017444342,1195.49853515625,11027475.0,RELIANCE,0.00186839020138585,False
2021-10-25,1219.4323525860243,1219.4323525860243,1169.3809932455636,1183.850341796875,17198417.0,RELIANCE,-0.009743377358344185,False
2021-10-26,1190.8119938799573,1214.3815653473446,1184.464511564794,1210.8096923828125,9750178.0,RELIANCE,0.022772600246934838,False
2021-10-27,1206.6918395131022,1217.9761316670556,1192.1086379430944,1195.49853515625,9896298.0,RELIANCE,-0.012645387068574654,False
2021-10-28,1192.131424255356,1200.2989032113676,1178.7086777178667,1182.3941650390625,9886181.0,RELIANCE,-0.010961427163501125,False
2021-10-29,1181.2794715076984,1181.2794715076984,1138.303621720808,1154.0242919921875,14233025.0,RELIANCE,-0.023993583430731658,False
2021-11-01,1154.0243384080532,1163.0108284889366,1134.845529109983,1154.7296142578125,15481114.0,RELIANCE,0.0006111849382368639,False
2021-11-02,1158.005596587504,1159.3706543132414,1135.3687704240997,1137.89404296875,10569130.0,RELIANCE,-0.014579665301026612,False
2021-11-03,1140.2828162204378,1146.6302984409235,1119.7845647630193,1130.06787109375,11989430.0,RELIANCE,-0.006877768561457276,False
2021-11-04,1134.3222142818038,1139.7596984467234,1132.9800238081948,1137.0068359375,1705656.0,RELIANCE,0.006140308048076859,False
2021-11-05,1134.3222142818038,1139.7596984467234,1132.9800238081948,1137.0068359375,1705656.0,RELIANCE,0.0,False
2021-11-08,1146.3572476973711,1146.63033145871,1117.6915164906068,1138.4173583984375,20337183.0,RELIANCE,0.0012405575906448973,False
2021-11-09,1139.8052450774455,1150.679973201881,1131.6377653308823,1147.4039306640625,15682497.0,RELIANCE,0.007893917111618576,False
2021-11-10,1145.1287260147478,1163.920714976533,1139.1908094185892,1160.235107421875,10253470.0,RELIANCE,0.01118278961305852,False
2021-11-11,1155.7533749476677,1169.6084350981216,1153.7057882040397,1162.35107421875,10722478.0,RELIANCE,0.0018237396742604162,False
2021-11-12,1166.1503984605802,1182.4626105860948,1163.465776749054,1179.8917236328125,8712341.0,RELIANCE,0.01509066391653846,False
2021-11-15,1183.0312646799675,1184.03237124433,1169.3809275416072,1172.9300537109375,4803269.0,RELIANCE,-0.005900261678622898,False
2021-11-16,1170.3136027722971,1171.6559135252794,1135.255016670807,1145.6748046875,11337581.0,RELIANCE,-0.023236892035639167,False
2021-11-17,1137.0523041547756,1137.0523041547756,1119.7846004549367,1121.149658203125,10202029.0,RELIANCE,-0.02140672587372172,False
2021-11-18,1119.3296951135449,1132.5250946894785,1114.8023291834122,1125.38134765625,8505625.0,RELIANCE,0.0037744197861213635,False
2021-11-19,1119.3296951135449,1132.5250946894785,1114.8023291834122,1125.38134765625,8505625.0,RELIANCE,0.0,False
2021-11-22,1108.4546749722033,1114.3243503421943,1069.7331113718908,1075.5345458984375,24124307.0,RELIANCE,-0.04429325389266925,False
2021-11-23,1061.5657022414562,1092.5975959560926,1050.6227346718351,1085.59033203125,25326999.0,RELIANCE,0.009349570565780896,False
2021-11-24,1082.9285842980569,1096.5334264323562,1066.3434103717225,1069.915283203125,16820296.0,RELIANCE,-0.01443919346517708,False
2021-11-25,1079.7435455818988,1138.4400635861748,1072.5315589664726,1134.3221435546875,42401936.0,RELIANCE,0.060198093589934,False
2021-11-26,1122.8786907081894,1127.3378152568512,1092.7114193284249,1097.7620849609375,15763138.0,RELIANCE,-0.032230754553710605,False
2021-11-29,1109.820013179238,1137.530255730691,1091.6194414696515,1110.9119873046875,24325354.0,RELIANCE,0.011978827219395027,False
2021-11-30,1122.9695939867834,1126.56421376736,1086.9553960411952,1094.48583984375,32172299.0,RELIANCE,-0.014786182567703587,False
2021-12-01,1107.044315866843,1125.699825172228,1103.4496957163708,1122.5147705078125,10104610.0,RELIANCE,0.025609221831562445,False
2021-12-02,1123.7431517479451,1135.800961053092,1120.0575440347766,1129.7265625,12720411.0,RELIANCE,0.006424674473481495,False
2021-12-03,1136.801959680644,1136.8474535768446,1092.028744565764,1095.7825927734375,19222481.0,RELIANCE,-0.03004618184018537,False
2021-12-06,1099.3091917377635,1103.4042449873536,1072.5316957069635,1075.011474609375,10332254.0,RELIANCE,-0.01895551024541331,False
2021-12-07,1081.1768723394634,1093.8488493527543,1073.8284038337267,1083.7703857421875,11235122.0,RELIANCE,0.008147737340194583,False
2021-12-08,1102.994641711683,1106.4981533356588,1094.895403830012,1100.2645263671875,8744178.0,RELIANCE,0.015219220641191855,False
2021-12-09,1107.9542272517804,1126.1091818377995,1103.4041151302852,1117.7142333984375,13213547.0,RELIANCE,0.015859556145888742,False
2021-12-10,1110.343003210938,1122.0596079618992,1105.8383850496557,1118.851806640625,8364414.0,RELIANCE,0.0010177675189200208,False
2021-12-13,1125.4723509045857,1125.7453143246432,1093.8489128488443,1096.4197998046875,12901733.0,RELIANCE,-0.020049131353052085,False
2021-12-14,1082.928585323525,1094.758924705155,1079.925506579218,1082.996826171875,12991523.0,RELIANCE,-0.012242549464359986,False
2021-12-15,1084.7485356529048,1094.3038186187,1074.3287482907106,1079.83447265625,9366969.0,RELIANCE,-0.002920002569908875,False
2021-12-16,1094.6223552854042,1099.0814796358936,1077.764217447417,1093.8033447265625,9761279.0,RELIANCE,0.012936123474508898,False
2021-12-17,1091.1415595298963,1095.6689246022736,1055.6277943848347,1064.932861328125,21049821.0,RELIANCE,-0.02639458321061794,False
2021-12-20,1054.6495980178693,1054.6495980178693,1022.4574879615028,1036.2216796875,14325846.0,RELIANCE,-0.026960555621147853,False
2021-12-21,1051.6921003499008,1067.458265728843,1042.9786937245733,1051.6466064453125,12836561.0,RELIANCE,0.014885740242825518,False
2021-12-22,1057.8573860824,1079.2430094666254,1056.5379426212896,1076.6038818359375,17658543.0,RELIANCE,0.02373161786256639,False
2021-12-23,1080.19860357355,1082.928719262124,1072.941242613357,1076.21728515625,9072401.0,RELIANCE,-0.0003590890634986854,False
2021-12-24,1078.3785179602155,1088.3887407376528,1063.6133400712515,1079.652587890625,7886494.0,RELIANCE,0.0031920159448808327,False
2021-12-27,1074.5337382222722,1082.0186888381238,1068.413845410363,1078.4923095703125,4017223.0,RELIANCE,-0.0010746774780389101,False
2021-12-28,1080.9264873926504,1094.2356191315223,1079.766272622182,1091.30078125,6374613.0,RELIANCE,0.011876275394852476,False
2021-12-29,1087.9337410579972,1100.6740785888855,1083.884061988693,1093.1663818359375,15425312.0,RELIANCE,0.0017095200681525036,False
2021-12-30,1092.02896140955,1094.2812707813944,1067.276305271878,1073.4189453125,29333171.0,RELIANCE,-0.018064438178452158,False
2021-12-31,1079.7435583793856,1084.703115610681,1073.828388538488,1077.5367431640625,9477290.0,RELIANCE,0.003836151643814789,False
2022-01-03,1076.1033704774222,1095.6461284145312,1075.4435886178533,1093.780517578125,5421611.0,RELIANCE,0.015074914630163416,False
2022-01-04,1099.2635318209975,1119.7845295836617,1093.8487950722674,1118.4649658203125,10847728.0,RELIANCE,0.02256800870511433,False
2022-01-05,1120.239735754301,1127.0649046036283,1107.0215901475167,1123.69775390625,11643813.0,RELIANCE,0.004678544474658208,False
2022-01-06,1115.3254092772324,1116.5994791465537,1096.1238548571223,1099.5364990234375,14447422.0,RELIANCE,-0.021501560182728863,False
2022-01-07,1106.111498715673,1118.4422714413886,1097.2842377517782,1108.4093017578125,13112115.0,RELIANCE,0.00806958454062734,False
2022-01-10,1115.6895654128748,1117.9646215781718,1099.3318598320666,1109.3193359375,9246731.0,RELIANCE,0.0008210271947775016,False
2022-01-11,1108.4094288062329,1126.1320732620725,1107.9543693940095,1117.304931640625,16205164.0,RELIANCE,0.007198644650303843,False
2022-01-12,1124.471284081761,1148.8827357783716,1121.604686652831,1147.130859375,14800442.0,RELIANCE,0.026694527957179304,False
2022-01-13,1147.199063341914,1156.185552589028,1141.3521345231045,1153.5919189453125,11856712.0,RELIANCE,0.005632364884536889,False
2022-01-14,1153.455515914101,1168.1523329319614,1149.2921017722908,1155.2755126953125,19930176.0,RELIANCE,0.0014594361509912002,False
2022-01-17,1154.82047798332,1167.1057561240766,1154.3654186486065,1161.3043212890625,8036453.0,RELIANCE,0.005218502883078013,False
2022-01-18,1162.4418646639435,1165.8998821993202,1144.696356607209,1147.44921875,6215029.0,RELIANCE,-0.011930638924759318,False
2022-01-19,1151.1804880553775,1156.6405988874542,1141.625203833563,1147.3583984375,9755485.0,RELIANCE,-7.914974450806689e-05,False
2022-01-20,1137.5529609143537,1142.0575796806486,1117.0545865844654,1127.2696533203125,16494486.0,RELIANCE,-0.017508692266117398,False
2022-01-21,1115.689679954786,1138.5539787102412,1115.689679954786,1127.45166015625,13338594.0,RELIANCE,0.00016145811732037885,False
2022-01-24,1126.1547030087693,1139.6914253053906,1071.5988501296624,1081.97314453125,21868937.0,RELIANCE,-0.04033744171231013,False
2022-01-25,1069.0734401117095,1086.8644436444313,1048.802657948011,1079.8572998046875,24510205.0,RELIANCE,-0.001955542738982796,False
2022-01-26,1069.0734401117095,1086.8644436444313,1048.802657948011,1079.8572998046875,24510205.0,RELIANCE,0.0,False
2022-01-27,1062.9081551085756,1072.053874198635,1051.555620579178,1063.8636474609375,20020431.0,RELIANCE,-0.014810894315983036,False
2022-01-28,1076.103482458547,1081.0630398643073,1059.4500666597933,1062.83984375,14667727.0,RELIANCE,-0.0009623448581789207,False
2022-01-31,1073.91956734709,1094.9411228295262,1072.0994499584988,1085.931884765625,12143683.0,RELIANCE,0.021726736301256544,False
2022-02-01,1095.6690383601324,1101.402112704543,1067.9587979070466,1082.337158203125,13200509.0,RELIANCE,-0.003310268915509229,False
2022-02-02,1095.2139504085303,1095.2139504085303,1080.6991087798986,1084.5439453125,10017691.0,RELIANCE,0.002038909126097721,False
2022-02-03,1088.3887863228124,1092.6886822523618,1068.0042683536662,1070.529541015625,9572839.0,RELIANCE,-0.01292193309219658,False
2022-02-04,1065.1830393454286,1068.5729364671636,1056.1283095273284,1060.7694091796875,11061241.0,RELIANCE,-0.009117106499161087,False
2022-02-07,1065.638135750538,1072.372315976767,1048.8026250078512,1054.308349609375,10714467.0,RELIANCE,-0.006090918077387819,False
2022-02-08,1060.4737500675897,1073.8283759531455,1051.077695211511,1072.031005859375,12060849.0,RELIANCE,0.016809746651979207,False
2022-02-09,1078.901658786714,1086.204633140618,1072.918368570495,1084.5211181640625,11486225.0,RELIANCE,0.011650887181826386,False
2022-02-10,1090.0723137940836,1090.0723137940836,1076.1490130370194,1083.406494140625,12464491.0,RELIANCE,-0.001027756864084295,False
2022-02-11,1079.857350777376,1084.976257286365,1066.5937118273357,1081.2906494140625,15943370.0,RELIANCE,-0.001952955550853397,False
2022-02-14,1064.8418760134352,1071.5305623649283,1052.4427424947037,1064.068359375,10719633.0,RELIANCE,-0.01592753072302533,False
2022-02-15,1069.824295697398,1102.9037798370225,1062.7716573911962,1100.1964111328125,11212671.0,RELIANCE,0.033952754481895386,False
2022-02-16,1105.6793011160346,1107.0443589837334,1090.186219274119,1097.92138671875,10392840.0,RELIANCE,-0.002067834789353684,False
2022-02-17,1101.1745201113265,1117.0089242641511,1096.5789142269996,1111.82177734375,12853252.0,RELIANCE,0.012660642914100295,False
2022-02-18,1112.2314504381943,1117.6915612787002,1101.1973736454247,1103.1312255859375,6775458.0,RELIANCE,-0.007816497153505186,False
2022-02-21,1097.488880416598,1109.0917498883975,1085.0216268966433,1091.9832763671875,11107193.0,RELIANCE,-0.010105732627438524,False
2022-02-22,1070.5977356852184,1090.1633625619224,1067.9814753307442,1087.023681640625,13494914.0,RELIANCE,-0.004541822969177822,False
2022-02-23,1092.5294602510214,1095.0092390254035,1077.468571284383,1080.2213134765625,7310110.0,RELIANCE,-0.006257792060055056,False
2022-02-24,1048.8025425531248,1064.6825598160908,1020.7738499237836,1026.3931884765625,24846650.0,RELIANCE,-0.049830645191364265,False
2022-02-25,1037.4728552470633,1050.1449523145036,1035.721099403046,1039.2247314453125,14570089.0,RELIANCE,0.012501586246685292,False
2022-02-28,1020.5919703644312,1077.1726610969984,1020.5919703644312,1073.62353515625,21297446.0,RELIANCE,0.03310044754525521,False
2022-03-01,1020.5919703644312,1077.1726610969984,1020.5919703644312,1073.62353515625,21297446.0,RELIANCE,0.0,False
2022-03-02,1062.2027357830907,1092.4838597770895,1059.8139450476658,1091.3690185546875,21471786.0,RELIANCE,0.016528590159729406,False
2022-03-03,1092.0288927878123,1098.785820478749,1078.4013026500006,1082.1551513671875,10186748.0,RELIANCE,-0.008442485567074276,False
2022-03-04,1070.643199306108,1075.7848524224223,1055.787154408625,1058.1531982421875,10805667.0,RELIANCE,-0.022179770705407664,False
2022-03-07,1036.835909210037,1052.0334004268125,1011.0367738665514,1019.0222778320312,17983310.0,RELIANCE,-0.03698039232425021,False
2022-03-08,1006.2591006780564,1021.9570845268836,991.9262347785384,1017.1793823242188,21289374.0,RELIANCE,-0.001808493835613989,False
2022-03-09,1017.40684017154,1077.0133522040442,1016.5649623830144,1071.1436767578125,20414228.0,RELIANCE,0.05305287874621212,False
2022-03-10,1092.028942843511,1094.3039991292935,1073.8284925572511,1088.5025634765625,17980493.0,RELIANCE,0.016205936790191,False
2022-03-11,1081.1311923906428,1097.0339575128753,1081.1311923906428,1091.6419677734375,12257423.0,RELIANCE,0.002884149658635593,False
2022-03-14,1086.0682461878607,1103.1312280003071,1080.1985698532058,1100.6058349609375,8340678.0,RELIANCE,0.00821136183119009,False
2022-03-15,1104.7464533796308,1104.7464533796308,1065.1148867530296,1075.398193359375,15925769.0,RELIANCE,-0.022903423551681623,False
2022-03-16,1083.8387095081289,1095.6235563592827,1081.6091471404573,1093.55322265625,11149828.0,RELIANCE,0.01688214598925586,False
2022-03-17,1106.9303748135983,1136.3468717821495,1098.899378439722,1129.2032470703125,21422098.0,RELIANCE,0.03260017315615271,False
2022-03-18,1106.9303748135983,1136.3468717821495,1098.899378439722,1129.2032470703125,21422098.0,RELIANCE,0.0,False
2022-03-21,1112.0495186610842,1130.2499690830257,1109.7744623583417,1122.69677734375,11999466.0,RELIANCE,-0.005762000546352786,False
2022-03-22,1119.3749045708569,1153.432622038583,1116.4174402666702,1151.70361328125,22557065.0,RELIANCE,0.025836749978145335,False
2022-03-23,1147.9953600851836,1167.0375661035232,1147.9953600851836,1155.366455078125,15462187.0,RELIANCE,0.0031803684165228052,False
2022-03-24,1142.0802732954487,1175.8194185614975,1142.0802732954487,1173.3167724609375,13168266.0,RELIANCE,0.015536470964615967,False
2022-03-25,1175.0685459381182,1190.3114093068612,1172.5659000566366,1181.1429443359375,14222488.0,RELIANCE,0.006670126992717629,False
2022-03-28,1187.581436439095,1196.5679268909803,1176.88868384816,1193.0189208984375,9891424.0,RELIANCE,0.010054648016525114,False
2022-03-29,1200.321638726132,1200.321638726132,1186.3983390664755,1193.291748046875,8684065.0,RELIANCE,0.00022868635497585998,False
2022-03-30,1201.1863453712592,1223.0724028520565,1190.8120505919685,1216.2244873046875,15811550.0,RELIANCE,0.019218048976998192,False
2022-03-31,1212.584463956999,1214.7457855604305,1196.0447812890177,1198.843017578125,13223718.0,RELIANCE,-0.014291333473380519,False
2022-04-01,1199.4116203413212,1212.6752582349072,1193.0415116671982,1208.443603515625,7922880.0,RELIANCE,0.008008209412517564,False
2022-04-04,1208.2617761125623,1217.1572786813151,1201.9826544660282,1212.015625,7929162.0,RELIANCE,0.00295588596272367,False
2022-04-05,1206.282427766636,1214.836726034793,1192.450114468768,1194.8843994140625,13149870.0,RELIANCE,-0.014134492355193484,False
2022-04-06,1177.1617516980632,1198.72923220727,1177.1617516980632,1191.6993408203125,12257215.0,RELIANCE,-0.0026655788587681695,False
2022-04-07,1180.8016922079776,1185.7613700217532,1168.015859682402,1170.677734375,15496499.0,RELIANCE,-0.01764002523559527,False
2022-04-08,1164.8307737717014,1194.4066235414564,1164.8307737717014,1190.1522216796875,15152495.0,RELIANCE,0.016635224821359262,False
2022-04-11,1183.0311432189874,1200.5719293490686,1175.2959770389286,1187.67236328125,9254209.0,RELIANCE,-0.002083648085736134,False
2022-04-12,1177.116189798847,1184.214442712084,1162.7378287017318,1165.3087158203125,13217742.0,RELIANCE,-0.018829812120197964,False
2022-04-13,1171.4284128604863,1179.664132404293,1158.2330158892628,1161.0313720703125,10354235.0,RELIANCE,-0.0036705670282307645,False
2022-04-14,1171.4284128604863,1179.664132404293,1158.2330158892628,1161.0313720703125,10354235.0,RELIANCE,0.0,False
2022-04-15,1171.4284128604863,1179.664132404293,1158.2330158892628,1161.0313720703125,10354235.0,RELIANCE,0.0,False
2022-04-18,1152.545489452205,1164.7397805103374,1147.4493300930017,1157.4822998046875,9974224.0,RELIANCE,-0.0030568271891709964,False
2022-04-19,1163.9206184581967,1213.9719664591005,1160.7583113534645,1201.5955810546875,26141820.0,RELIANCE,0.03811140892387188,False
2022-04-20,1209.0124078704498,1244.0028730390352,1205.3722941596611,1236.9273681640625,25072240.0,RELIANCE,0.02940405879186314,False
2022-04-21,1251.692532864583,1269.0284764486553,1243.0927417436085,1265.888916015625,21708633.0,RELIANCE,0.023414105465666468,False
2022-04-22,1255.3326032722164,1274.943602182277,1248.6439171934,1255.287109375,15054154.0,RELIANCE,-0.008374989706043112,False
2022-04-25,1247.8251704716654,1255.1052787532617,1211.9929418363483,1226.257568359375,17063215.0,RELIANCE,-0.023125817829897644,False
2022-04-26,1233.0826614702617,1271.7587383126895,1232.0361813234292,1262.9542236328125,12227666.0,RELIANCE,0.02992573193455139,False
2022-04-27,1253.9448053007873,1286.773947901071,1253.580733766915,1264.1826171875,19338945.0,RELIANCE,0.0009726350581054088,False
2022-04-28,1278.5610555725848,1297.239310503393,1267.708955036475,1283.065673828125,25614076.0,RELIANCE,0.014936969061190908,False
2022-04-29,1299.5828338743645,1299.5828338743645,1263.7051102296844,1269.5975341796875,18214862.0,RELIANCE,-0.010496843554589241,False
2022-05-02,1256.7432351242765,1276.5362108883514,1254.9458650066724,1265.13818359375,9467006.0,RELIANCE,-0.003512412765371953,False
2022-05-03,1256.7432351242765,1276.5362108883514,1254.9458650066724,1265.13818359375,9467006.0,RELIANCE,0.0,False
2022-05-04,1267.2086090941275,1269.4836653281736,1217.7487926896629,1225.6431884765625,19247660.0,RELIANCE,-0.031217929890471008,False
2022-05-05,1239.2252151754035,1242.18280014838,1197.591676403661,1201.6412353515625,17210669.0,RELIANCE,-0.019583148954496088,False
2022-05-06,1188.582409796725,1209.8769247815503,1180.0963532492094,1192.42724609375,19649948.0,RELIANCE,-0.007667837110397424,False
2022-05-09,1171.6330736984112,1181.7116566675552,1140.7150367020854,1145.856689453125,18083752.0,RELIANCE,-0.03905526043050811,False
2022-05-10,1135.2549338699698,1149.6332918929572,1118.4194240193035,1125.995361328125,19511677.0,RELIANCE,-0.017333169416219985,False
2022-05-11,1125.0854480941018,1130.6821606199796,1102.0163098457965,1114.4609375,16643899.0,RELIANCE,-0.010243757855733948,False
2022-05-12,1104.5416911448524,1107.885974171999,1078.378486557952,1091.755859375,20490321.0,RELIANCE,-0.020373148453218026,False
2022-05-13,1103.8592387327842,1127.5197990708434,1099.0132956252585,1104.1322021484375,19308778.0,RELIANCE,0.01133618168124384,False
2022-05-16,1107.7039403213955,1128.8847193240686,1099.6047027471154,1104.4051513671875,13437911.0,RELIANCE,0.000247207008561956,False
2022-05-17,1107.999824091496,1155.6851383517535,1106.5892723531913,1150.793701171875,16551828.0,RELIANCE,0.042003199412155245,False
2022-05-18,1155.5712773721964,1169.3808421611643,1141.2839062872033,1154.979736328125,17276788.0,RELIANCE,0.0036375200455018852,False
2022-05-19,1130.2499303127915,1143.2177387581737,1122.0824507846328,1128.361572265625,14699118.0,RELIANCE,-0.023046433824998158,False
2022-05-20,1143.2177622581032,1203.2338502041005,1138.440180194292,1194.1563720703125,21793091.0,RELIANCE,0.05831003237072219,False
2022-05-23,1197.364206197713,1207.397297299702,1179.8462844678352,1186.1710205078125,15252755.0,RELIANCE,-0.006687023365839262,False
2022-05-24,1186.2164738705717,1200.3217504414995,1181.9848186867473,1190.2432861328125,13527818.0,RELIANCE,0.0034331184581264385,False
2022-05-25,1198.9568604081787,1208.8306025401785,1183.7138745751004,1188.4915771484375,12714544.0,RELIANCE,-0.0014717234743381047,False
2022-05-26,1194.1336171006558,1198.911319486633,1159.3707382493358,1177.1617431640625,17882023.0,RELIANCE,-0.009532952695852304,False
2022-05-27,1179.8690179099194,1185.3746228810087,1155.7761439362052,1171.7015380859375,16521973.0,RELIANCE,-0.004638449312367787,False
2022-05-30,1189.8564191042008,1216.7021540363792,1180.392243237482,1212.51611328125,13853398.0,RELIANCE,0.03483359359755234,False
2022-05-31,1201.8686470065388,1218.886133257268,1190.1749097343077,1197.8873291015625,70620653.0,RELIANCE,-0.012064816310028093,False
2022-06-01,1198.638243225424,1208.1480337988985,1190.402522676765,1198.2742919921875,9776989.0,RELIANCE,0.00032303780265818816,False
2022-06-02,1198.5016232049925,1243.2975879303071,1198.5016232049925,1239.5892333984375,22126569.0,RELIANCE,0.03447870131433928,False
2022-06-03,1248.553069849641,1281.9281427980586,1247.642951094485,1264.7059326171875,23939791.0,RELIANCE,0.02026211469253436,False
2022-06-06,1264.9336309179137,1280.403966122388,1252.1021829834976,1259.2686767578125,11093152.0,RELIANCE,-0.004299225392359052,False
2022-06-07,1260.337826598074,1269.9840987331656,1252.2159612910536,1261.6346435546875,12358255.0,RELIANCE,0.0018788419346429386,False
2022-06-08,1261.6346065371608,1265.3884552322884,1235.949206752914,1239.4755859375,12479250.0,RELIANCE,-0.017563767553777532,False
2022-06-09,1233.082627965682,1275.3986973973456,1233.082627965682,1273.4649658203125,17278305.0,RELIANCE,0.027422387555220862,False
2022-06-10,1261.2478021770742,1269.4380277636071,1229.2149225576163,1235.016357421875,18093057.0,RELIANCE,-0.03019212104800273,False
2022-06-13,1205.7818119372728,1216.1559851600953,1190.4478410589338,1211.6513671875,17620803.0,RELIANCE,-0.018918769855931217,False
2022-06-14,1205.804612494347,1215.7238471836963,1189.151077141205,1195.8170166015625,14714312.0,RELIANCE,-0.013068404835536507,False
2022-06-15,1191.0166743810375,1200.0031636736535,1175.933039795803,1181.34765625,11195535.0,RELIANCE,-0.012099978634426467,False
2022-06-16,1193.496417420317,1209.8996152953227,1162.1005732041187,1164.8306884765625,17111475.0,RELIANCE,-0.013981462346036255,False
2022-06-17,1164.830742811065,1194.3382305909047,1163.0562400137392,1178.4810791015625,24457187.0,RELIANCE,0.011718776608515391,False
2022-06-20,1185.3063342518617,1190.8120593552974,1147.1308115234451,1157.118408203125,12066797.0,RELIANCE,-0.01812729222154652,False
2022-06-21,1164.83067428948,1180.0280429847403,1150.406822198094,1175.7965087890625,11720049.0,RELIANCE,0.0161419094653783,False
2022-06-22,1163.966274425617,1164.057262227865,1137.985044485591,1140.078125,10617206.0,RELIANCE,-0.030378031846555187,False
2022-06-23,1144.377961370299,1148.905326422505,1112.5043100555831,1121.581787109375,19446323.0,RELIANCE,-0.016223745974097148,False
2022-06-24,1128.430006078219,1142.5352833663696,1122.9697745042265,1137.552978515625,14240234.0,RELIANCE,0.014239881201541404,False
2022-06-27,1157.9829545073123,1157.9829545073123,1129.135125114688,1134.185791015625,15474529.0,RELIANCE,-0.002960026973331642,False
2022-06-28,1129.38544140432,1152.9777615415514,1129.38544140432,1150.1339111328125,13572847.0,RELIANCE,0.014061294228440824,False
2022-06-29,1140.8061704616557,1181.6663139665932,1137.985067118919,1173.999267578125,19205146.0,RELIANCE,0.020750067634999647,False
2022-06-30,1173.9310028878358,1190.2659611777156,1167.5608938992502,1181.052001953125,23112959.0,RELIANCE,0.006007443590275274,False
2022-07-01,1171.6105762032091,1179.3912376535843,1076.1035827419444,1095.987548828125,81997149.0,RELIANCE,-0.07202430797655612,False
2022-07-04,1082.45079365179,1111.139270756361,1076.6038647303487,1098.262451171875,41857728.0,RELIANCE,0.0020756644052959405,False
2022-07-05,1102.4941121326235,1121.5590649917854,1099.8094906293034,1107.157958984375,17647327.0,RELIANCE,0.00809961936057113,False
2022-07-06,1101.174625131128,1111.116607529142,1086.5687955560873,1097.4207763671875,23943726.0,RELIANCE,-0.008794754658241977,False
2022-07-07,1103.813720771296,1107.1580039571163,1080.6535938667355,1086.6142578125,23301033.0,RELIANCE,-0.009847196979868134,False
2022-07-08,1100.2190253242577,1100.2190253242577,1084.0887905138443,1088.11572265625,19010108.0,RELIANCE,0.0013817827558904039,False
2022-07-11,1081.336087585235,1105.1331283386687,1078.3785026593284,1102.9036865234375,13847467.0,RELIANCE,0.013590433038765282,False
2022-07-12,1093.8487904297283,1110.0927598985188,1093.8487904297283,1101.333740234375,10778989.0,RELIANCE,-0.0014234663536317749,False
2022-07-13,1104.4507905221294,1107.499363443423,1079.7436294761944,1081.8138427734375,14224132.0,RELIANCE,-0.017723871291533744,False
2022-07-14,1086.5687619025882,1107.4765795757364,1081.540843303509,1090.7320556640625,16970315.0,RELIANCE,0.008243759266161277,False
2022-07-15,1098.8540583216684,1098.8540583216684,1084.33921677306,1092.847900390625,9603210.0,RELIANCE,0.0019398391342539956,False
2022-07-18,1101.584037969047,1103.4040345430285,1088.525123257814,1102.15283203125,15160908.0,RELIANCE,0.008514388541442042,False
2022-07-19,1092.1653876854057,1113.4145306244031,1092.1653876854057,1108.909912109375,16439888.0,RELIANCE,0.006130801356897031,False
2022-07-20,1155.730530749646,1156.8679986086788,1131.2735877067614,1138.89501953125,23924246.0,RELIANCE,0.02704016538623688,False
2022-07-21,1134.8000189659344,1137.5301345200253,1122.6512213878611,1131.29638671875,16523230.0,RELIANCE,-0.006671934359347209,False
2022-07-22,1137.5301221641157,1144.9468316984942,1135.255066011831,1138.940673828125,10969995.0,RELIANCE,0.006757103796244612,False
2022-07-25,1122.7194053701078,1122.7194053701078,1093.3938930172108,1101.31103515625,23110452.0,RELIANCE,-0.033039156065431396,False
2022-07-26,1101.629669898458,1112.003964591019,1097.193292295004,1101.8116455078125,11303288.0,RELIANCE,0.0004545585539252883,False
2022-07-27,1101.1063409773997,1104.3141424256503,1092.938861823789,1100.76513671875,8655086.0,RELIANCE,-0.0009498073407820939,False
2022-07-28,1108.4093537574902,1122.9469424061926,1101.5841851617515,1118.0101318359375,12496073.0,RELIANCE,0.01566637109219582,False
2022-07-29,1126.018296934473,1145.3108414909532,1121.1497270683567,1141.8299560546875,15130683.0,RELIANCE,0.021305553089786766,False
2022-08-01,1146.2435722402156,1177.4574449449278,1140.9881839019702,1171.5877685546875,15700044.0,RELIANCE,0.026061509721483134,False
2022-08-02,1170.518401829726,1186.580275301345,1165.535977507085,1176.0467529296875,13917913.0,RELIANCE,0.003805932849999527,False
2022-08-03,1183.0313099580328,1187.5814225116324,1168.2207573838157,1185.920654296875,14250977.0,RELIANCE,0.008395840847815306,False
2022-08-04,1187.581429174509,1191.1078085473182,1153.4555848310504,1170.2454833984375,14467127.0,RELIANCE,-0.01321772316018155,False
2022-08-05,1172.1110567812314,1173.3850064214537,1149.792686697798,1153.00048828125,13942438.0,RELIANCE,-0.014736220187842486,False
2022-08-08,1151.6354129424303,1175.546309977684,1151.6354129424303,1168.0841064453125,10165178.0,RELIANCE,0.01308205704799592,False
2022-08-09,1151.6354129424303,1175.546309977684,1151.6354129424303,1168.0841064453125,10165178.0,RELIANCE,0.0,False
2022-08-10,1172.5204636099309,1178.4356336498447,1163.4884798945134,1175.068603515625,10724688.0,RELIANCE,0.005979447055030729,False
2022-08-11,1184.4418001629217,1187.5358669102814,1174.0220116644236,1178.981689453125,8198226.0,RELIANCE,0.0033300914736320575,False
2022-08-12,1178.617605730641,1201.845973401522,1174.9321182963515,1198.046630859375,12650587.0,RELIANCE,0.016170684902742982,False
2022-08-15,1178.617605730641,1201.845973401522,1174.9321182963515,1198.046630859375,12650587.0,RELIANCE,0.0,False
2022-08-16,1204.052741070798,1209.1034064115306,1195.4530701404665,1206.373291015625,6607378.0,RELIANCE,0.006950197047236095,False
2022-08-17,1212.6070521185068,1218.0216687174443,1208.3071564277768,1212.67529296875,6595965.0,RELIANCE,0.005223923639605221,False
2022-08-18,1214.2810405952932,1218.3894546289891,1205.24240897424,1214.87451171875,7410035.0,RELIANCE,0.0018135264755134717,False
2022-08-19,1209.7159828214287,1215.0569809988342,1189.1507309375147,1193.213623046875,9460724.0,RELIANCE,-0.017829733411091286,False
2022-08-22,1194.6517009933089,1201.1795211355932,1180.500282384016,1189.904052734375,9471680.0,RELIANCE,-0.002773661185705323,False
2022-08-23,1184.152351743722,1211.1769638327753,1182.9425882434618,1208.25537109375,9678484.0,RELIANCE,0.015422519418438974,False
2022-08-24,1205.1967341552863,1218.8459658923068,1203.0283609817775,1205.036865234375,10369622.0,RELIANCE,-0.0026637629232812987,False
2022-08-25,1209.2368579891631,1215.6049306697223,1197.2081689286076,1201.5220947265625,7871946.0,RELIANCE,-0.0029167327649589625,False
2022-08-26,1201.9554689456972,1209.715993824914,1190.0866510806784,1195.1080322265625,10742038.0,RELIANCE,-0.005338280942274065,False
2022-08-29,1180.0436382797463,1211.9984634718255,1176.8710131510943,1185.818359375,19838975.0,RELIANCE,-0.007773082098908923,False
2022-08-30,1193.282179919688,1207.5477042577893,1176.2091689010513,1204.2152099609375,23139054.0,RELIANCE,0.015514054442228309,False
2022-08-31,1193.282179919688,1207.5477042577893,1176.2091689010513,1204.2152099609375,23139054.0,RELIANCE,0.0,False
2022-09-01,1178.9710757031155,1189.150886984996,1164.385933490136,1168.81396484375,19909939.0,RELIANCE,-0.0293977727771233,False
2022-09-02,1168.8139049237643,1175.638520959865,1152.973478456532,1155.1646728515625,12999345.0,RELIANCE,-0.011677899479933251,False
2022-09-05,1155.3929766209455,1178.446101569222,1155.3929766209455,1173.1051025390625,11327815.0,RELIANCE,0.01553062529449889,False
2022-09-06,1174.5658588505653,1189.6302455363334,1174.1093147173583,1185.4532470703125,10899618.0,RELIANCE,0.010526034286717945,False
2022-09-07,1175.478839783805,1184.563114237557,1173.1963605855797,1178.5601806640625,7488501.0,RELIANCE,-0.00581470962544095,False
2022-09-08,1181.527366464761,1185.978218827882,1173.6528558204227,1180.226318359375,7057077.0,RELIANCE,0.0014137060819190417,False
2022-09-09,1191.4561604892992,1191.4561604892992,1170.4573041604865,1172.8768310546875,8314850.0,RELIANCE,-0.006227184727505497,False
2022-09-12,1173.447281793324,1192.3691689901582,1173.447281793324,1186.0009765625,7435419.0,RELIANCE,0.011189704801322531,False
2022-09-13,1195.1081207827935,1200.449119404543,1187.3477160754526,1195.906982421875,8888657.0,RELIANCE,0.008352443256907316,False
2022-09-14,1175.4787801044877,1191.4561336808906,1174.451706778856,1181.572998046875,8678219.0,RELIANCE,-0.011985868956105317,False
2022-09-15,1179.1307346574977,1188.5116835520153,1167.1476896556203,1169.8638916015625,10365600.0,RELIANCE,-0.009909761364441771,False
2022-09-16,1161.213264147553,1165.4359048168926,1137.133067391258,1140.8763427734375,20217708.0,RELIANCE,-0.02477856529825928,False
2022-09-19,1140.876367867208,1151.6040077939597,1132.7278822878002,1142.3599853515625,7580254.0,RELIANCE,0.0013004411806087912,False
2022-09-20,1151.4898271317024,1158.4514907194557,1138.822026415054,1142.54248046875,8411448.0,RELIANCE,0.00015975272202073398,False
2022-09-21,1139.7580348153278,1156.3060391967588,1138.95917313293,1145.6925048828125,9207309.0,RELIANCE,0.002757030454368925,False
2022-09-22,1134.8505978968233,1142.6110027498532,1128.5053470017444,1134.896240234375,10308170.0,RELIANCE,-0.009423352777839678,False
2022-09-23,1134.394179751921,1139.3927402184245,1112.0714541784876,1113.62353515625,9528051.0,RELIANCE,-0.018744184995918123,False
2022-09-26,1092.8756748841324,1103.7175409409906,1084.2479451217905,1085.252197265625,12479523.0,RELIANCE,-0.02547659688841286,False
2022-09-27,1092.8529328199063,1107.460896407162,1077.3777647816369,1093.880126953125,16154822.0,RELIANCE,0.007950160994134592,False
2022-09-28,1077.491757249726,1085.5489575446488,1062.3132660155625,1064.7554931640625,16997059.0,RELIANCE,-0.026625068937110807,False
2022-09-29,1077.3320028920632,1080.7556609643932,1055.8766040342564,1061.4915771484375,14671827.0,RELIANCE,-0.0030654136433950763,False
2022-09-30,1054.96372509037,1096.5048940159172,1054.96372509037,1085.4349365234375,18613024.0,RELIANCE,0.0225563347749973,False
2022-10-03,1091.7117072217247,1103.3294933419215,1078.7015883112226,1081.6688232421875,11852723.0,RELIANCE,-0.0034696812812314848,False
2022-10-04,1094.587668996287,1103.808870249341,1091.095426399377,1101.61767578125,8948850.0,RELIANCE,0.01844266203334577,False
2022-10-05,1094.587668996287,1103.808870249341,1091.095426399377,1101.61767578125,8948850.0,RELIANCE,0.0,False
2022-10-06,1108.830344904405,1118.4166846220046,1103.87730611944,1105.680419921875,13352162.0,RELIANCE,0.003687980167660143,False
2022-10-07,1102.2795971833257,1115.6321543527151,1102.2795971833257,1110.359619140625,7714340.0,RELIANCE,0.004231963535250571,False
2022-10-10,1097.8743645838504,1103.6262649687026,1090.1139598954956,1098.2396240234375,6329527.0,RELIANCE,-0.0109153781425948,False
2022-10-11,1101.982746487589,1101.982746487589,1073.2691292307711,1076.373291015625,9215177.0,RELIANCE,-0.019910347914514737,False
2022-10-12,1073.6800455545388,1087.2379927529598,1069.6171531804475,1084.2935791015625,7417103.0,RELIANCE,0.007358309753732639,False
2022-10-13,1082.5361625931992,1092.8529007335003,1077.3777331495853,1087.740234375,7328492.0,RELIANCE,0.0031787103971356867,False
2022-10-14,1102.4393688537991,1103.0556611703817,1081.48615457156,1082.216552734375,9106089.0,RELIANCE,-0.005078125701398539,False
2022-10-17,1075.0495620947684,1101.9827665257233,1069.845490552908,1099.586181640625,16729355.0,RELIANCE,0.01605004919058306,False
2022-10-18,1105.6348686623294,1124.3512470169624,1104.7903646127031,1118.9874267578125,12415820.0,RELIANCE,0.017644133257695316,False
2022-10-19,1120.4709308445554,1153.955017958595,1114.6277458530562,1138.4569091796875,19247142.0,RELIANCE,0.01739919677050028,False
2022-10-20,1134.3942113183082,1149.9150215278255,1134.3942113183082,1141.5155029296875,8717053.0,RELIANCE,0.002686613542715266,False
2022-10-21,1144.7565172867282,1148.9106943491454,1126.177188586748,1128.2769775390625,8243452.0,RELIANCE,-0.011597324220869898,False
2022-10-24,1122.9816380159375,1142.382770547029,1120.836206695688,1132.0430908203125,3370033.0,RELIANCE,0.003337933287856698,False
2022-10-25,1140.785075413764,1140.785075413764,1112.9387816840604,1114.559326171875,12233241.0,RELIANCE,-0.015444433864940765,False
2022-10-26,1140.785075413764,1140.785075413764,1112.9387816840604,1114.559326171875,12233241.0,RELIANCE,0.0,False
2022-10-27,1122.0686333408069,1126.8391025996318,1110.5649536618178,1118.941650390625,12513059.0,RELIANCE,0.003931889596044957,False
2022-10-28,1125.2641978503823,1157.2190279737692,1122.7306857391648,1153.1790771484375,17609592.0,RELIANCE,0.030598044809450275,False
2022-10-31,1159.957944449031,1169.065039404331,1155.9406944170405,1163.8837890625,12419943.0,RELIANCE,0.009282783677044382,False
2022-11-01,1186.8912136799254,1186.8912136799254,1144.8936213637878,1154.8680419921875,13963166.0,RELIANCE,-0.007746260541677152,False
2022-11-02,1155.986348539346,1164.157654947125,1148.0890168960857,1162.08056640625,8981896.0,RELIANCE,0.006245323406491199,False
2022-11-03,1154.8679148064807,1168.4258612328554,1152.6767205686606,1166.417236328125,6693449.0,RELIANCE,0.003731815200460842,False
2022-11-04,1165.8467186255812,1186.8912175642852,1164.568612402097,1183.5816650390625,12575815.0,RELIANCE,0.014715513605552566,False
2022-11-07,1182.7827614663586,1191.5931814379082,1175.0223567357784,1189.904052734375,11789748.0,RELIANCE,0.005341741835029001,False
2022-11-08,1182.7827614663586,1191.5931814379082,1175.0223567357784,1189.904052734375,11789748.0,RELIANCE,0.0,False
2022-11-09,1191.5931131291466,1196.9112902936065,1182.348970740701,1188.7171630859375,11254205.0,RELIANCE,-0.0009974666828893586,False
2022-11-10,1182.3261403082447,1185.3161961635597,1170.0007782161265,1174.3375244140625,5966242.0,RELIANCE,-0.012096770466866302,False
2022-11-11,1186.8911590644095,1203.325056528256,1181.413233492101,1201.4078369140625,12310132.0,RELIANCE,0.023051560507279856,False
2022-11-14,1200.9285232071268,1206.0641314784764,1189.242152687652,1195.5875244140625,9043112.0,RELIANCE,-0.004844576771656506,False
2022-11-15,1197.0711926191022,1198.9427700567662,1182.3263018305277,1190.2237548828125,7086433.0,RELIANCE,-0.004486304366448368,False
2022-11-16,1191.4561277313169,1194.1723297469184,1178.3775455967132,1183.3990478515625,9716161.0,RELIANCE,-0.005733969771021696,False
2022-11-17,1180.020985015561,1192.8257139314462,1177.761326971582,1186.4576416015625,6661451.0,RELIANCE,0.002584583581973332,False
2022-11-18,1189.972415409292,1190.9996093948082,1173.698388022442,1185.818359375,5303197.0,RELIANCE,-0.0005388158870126558,False
2022-11-21,1181.413258441568,1181.413258441568,1160.916588888564,1164.477294921875,6390268.0,RELIANCE,-0.017996908450947813,False
2022-11-22,1161.783907991267,1172.511547625572,1157.903705618024,1170.9366455078125,6611488.0,RELIANCE,0.005546995732854443,False
2022-11-23,1175.4787957552544,1176.80266503484,1165.0934735308952,1167.28466796875,6413408.0,RELIANCE,-0.0031188515220468283,False
2022-11-24,1171.3703518394527,1184.1522586948402,1163.2446877659072,1177.3504638671875,9389439.0,RELIANCE,0.00862325718365975,False
2022-11-25,1181.8696555369409,1198.257788225093,1178.719730929941,1194.9254150390625,7349922.0,RELIANCE,0.014927544271012838,False
2022-11-28,1190.954018527936,1242.1501079495758,1142.1545139312134,1235.9874267578125,31527484.0,RELIANCE,0.034363660862805956,False
2022-11-29,1234.34401084029,1246.9889910362924,1229.8018737736188,1238.110107421875,11058913.0,RELIANCE,0.0017173966483061687,False
2022-11-30,1238.247142030381,1253.288707028199,1231.7192011093234,1246.85205078125,26164986.0,RELIANCE,0.007060715607579038,False
2022-12-01,1251.6224067137043,1257.6481612150444,1239.8448724818554,1243.17724609375,9485801.0,RELIANCE,-0.0029472660250247085,False
2022-12-02,1246.2356264230054,1254.4525744381806,1232.8146073066555,1242.652099609375,11589592.0,RELIANCE,-0.0004224228572595745,False
2022-12-05,1238.0187806031995,1240.1871538032583,1222.4979714298172,1224.529296875,14828536.0,RELIANCE,-0.014583971443070776,False
2022-12-06,1216.6091015367565,1231.1713003979205,1214.737403586102,1228.067138671875,8594245.0,RELIANCE,0.002889144266212007,False
2022-12-07,1225.693478313524,1230.258436618436,1206.132596960368,1209.9443359375,8462111.0,RELIANCE,-0.014757175860901528,False
2022-12-08,1214.281053698547,1216.5635327967686,1205.1967796428094,1209.3736572265625,7757008.0,RELIANCE,-0.00047165699610085543,False
2022-12-09,1207.8900896926802,1214.2811038799705,1187.7357368415526,1191.04541015625,12655763.0,RELIANCE,-0.015155156523207536,False
2022-12-12,1180.272120443367,1197.3906539089487,1180.0437880026634,1192.871337890625,9479842.0,RELIANCE,0.0015330462791804944,False
2022-12-13,1192.8713067918438,1201.9555809304147,1189.9497141999725,1198.3037109375,8333348.0,RELIANCE,0.004554030995900238,False
2022-12-14,1204.0782660411908,1204.6717371538757,1191.9126515922892,1193.9669189453125,7268947.0,RELIANCE,-0.003619109206291826,False
2022-12-15,1188.0324923462415,1193.7386297598832,1173.6528618480468,1177.008056640625,8688551.0,RELIANCE,-0.01420379579667752,False
2022-12-16,1173.6527911334736,1195.4733287956508,1167.7867851451592,1171.1876220703125,15837349.0,RELIANCE,-0.004945110220336946,False
2022-12-19,1178.2177795852808,1188.7172073020977,1171.689838827475,1186.5716552734375,7729933.0,RELIANCE,0.013135413074064628,False
2022-12-20,1179.5416726679264,1198.76011514875,1171.3703661582176,1196.8428955078125,7467588.0,RELIANCE,0.00865623259137105,False
2022-12-21,1196.477661489117,1201.9555872542346,1175.9809916475376,1179.8155517578125,8527550.0,RELIANCE,-0.014226882921651529,False
2022-12-22,1185.9781586267084,1189.013856887232,1171.7126347696108,1176.7569580078125,7451122.0,RELIANCE,-0.0025924338303924266,False
2022-12-23,1170.137785137051,1182.554553491853,1137.703712598857,1142.245849609375,10257115.0,RELIANCE,-0.02932730345343615,False
2022-12-26,1147.9748739735228,1160.414342154975,1137.7721216907048,1152.22021484375,5990242.0,RELIANCE,0.008732240294666793,False
2022-12-27,1154.9364624540497,1163.518549950611,1148.2031310835505,1161.64697265625,5763271.0,RELIANCE,0.008181385546840447,False
2022-12-28,1158.5885450524734,1163.9751864269276,1151.056351446895,1161.532958984375,7459393.0,RELIANCE,-9.814829682230908e-05,False
2022-12-29,1153.566904464591,1163.5641454874342,1152.882148696241,1161.0078125,6930648.0,RELIANCE,-0.0004521150091463255,False
2022-12-30,1161.829476176333,1176.3916749175478,1160.0035413220228,1162.7880859375,7289476.0,RELIANCE,0.001533386268664838,False
2023-01-02,1164.066351583663,1177.3048023328713,1163.244668797144,1175.8896484375,5316175.0,RELIANCE,0.011267369057567311,False
2023-01-03,1170.9366586985077,1174.565828259546,1163.0621480210025,1167.28466796875,7658932.0,RELIANCE,-0.007317846942682227,False
2023-01-04,1167.26185070999,1169.1107276232435,1147.6325061253483,1149.7095947265625,9264891.0,RELIANCE,-0.015056372900683068,False
2023-01-05,1151.969198619059,1157.858025867488,1143.0674942432397,1147.6552734375,13637099.0,RELIANCE,-0.0017868175567857802,False
2023-01-06,1153.4072395784428,1163.1306272948216,1149.5955006159752,1158.0863037109375,6349597.0,RELIANCE,0.00908899258763829,False
2023-01-09,1161.9207528429104,1187.8041821914996,1161.0306065888913,1185.4302978515625,10722753.0,RELIANCE,0.023611361306151935,False
2023-01-10,1189.6302560157692,1189.6302560157692,1162.240505708343,1167.9010009765625,8047142.0,RELIANCE,-0.014787286023285828,False
2023-01-11,1165.2077656913489,1167.7184566325625,1150.873655990327,1153.1790771484375,11509553.0,RELIANCE,-0.012605455270450983,False
2023-01-12,1152.5855061360771,1156.077627831873,1125.2641003718309,1128.2769775390625,17688773.0,RELIANCE,-0.021594304044218804,False
2023-01-13,1122.2513519945564,1128.8705782042637,1111.386784310048,1126.451171875,20618583.0,RELIANCE,-0.001618224691639858,False
2023-01-16,1128.7791493112115,1131.951774613395,1107.917221092014,1115.723388671875,13623855.0,RELIANCE,-0.009523522608857027,False
2023-01-17,1122.0686670526488,1133.481062404078,1118.6906511572718,1131.5638427734375,10751000.0,RELIANCE,0.014197474268616395,False
2023-01-18,1129.144430635729,1137.178689301756,1123.1414974309205,1129.692138671875,13448286.0,RELIANCE,-0.0016540861689031683,False
2023-01-19,1128.8705038207283,1132.6366004638107,1121.4524163802744,1128.4825439453125,11940054.0,RELIANCE,-0.0010707295245805382,False
2023-01-20,1129.8291140692525,1129.8291140692525,1112.596474928504,1115.0615234375,14930286.0,RELIANCE,-0.011892980161563704,False
2023-01-23,1117.960395115449,1125.8120854761514,1107.0044217374414,1109.423828125,10954118.0,RELIANCE,-0.005055950002758713,False
2023-01-24,1113.851719292168,1115.51790607312,1089.8171651533376,1102.873046875,16488755.0,RELIANCE,-0.005904669688834074,False
2023-01-25,1101.275205877952,1102.3022790893294,1086.4618542855478,1087.6258544921875,12385018.0,RELIANCE,-0.013824975073981172,False
2023-01-26,1101.275205877952,1102.3022790893294,1086.4618542855478,1087.6258544921875,12385018.0,RELIANCE,0.0,False
2023-01-27,1088.4706538388857,1089.817223588686,1055.260418546103,1066.992431640625,25830975.0,RELIANCE,-0.01897106690351369,False
2023-01-30,1064.4132886312711,1082.764407064242,1050.3987961919847,1077.218017578125,21772103.0,RELIANCE,0.009583559952507814,False
2023-01-31,1087.3749062182635,1089.9541811505658,1068.6585300710096,1074.5245361328125,22691594.0,RELIANCE,-0.0025004051188896037,False
2023-02-01,1086.439272024598,1086.439272024598,1052.224782493373,1068.1566162109375,19347800.0,RELIANCE,-0.005926267579512867,False
2023-02-02,1058.1591593362568,1071.8540341073915,1054.9637127057106,1062.244873046875,13662663.0,RELIANCE,-0.0055345284336983935,False
2023-02-03,1072.3105805967243,1072.3105805967243,1046.7467660021257,1063.1806640625,24699575.0,RELIANCE,0.0008809560200002675,False
2023-02-06,1056.7896118119152,1059.528634971871,1052.5899131464937,1055.1690673828125,14837879.0,RELIANCE,-0.007535498857808909,False
2023-02-07,1055.4201633910932,1062.4501695052957,1046.7466710224398,1052.635498046875,15135435.0,RELIANCE,-0.002401102737233929,False
2023-02-08,1055.8766387784026,1077.2863960062462,1053.137736379797,1073.6572265625,21160332.0,RELIANCE,0.019970567736533607,False
2023-02-09,1074.341987106508,1082.284961068636,1065.463103759131,1075.52880859375,13172763.0,RELIANCE,0.0017431839370580793,False
2023-02-10,1075.0039060071294,1075.0039060071294,1059.6655455942528,1066.6728515625,10790445.0,RELIANCE,-0.008234049111923936,False
2023-02-13,1068.2935042806123,1072.767178094588,1056.1278886860243,1060.6015625,10352493.0,RELIANCE,-0.005691800493100141,False
2023-02-14,1063.6143185684562,1087.329254712915,1060.738368480938,1085.5946044921875,14321920.0,RELIANCE,0.023564968104775375,False
2023-02-15,1084.6358877756606,1112.5735854842064,1083.2664969637603,1110.1768798828125,33503591.0,RELIANCE,0.022644065555321946,False
2023-02-16,1118.1656324865594,1124.7163944448257,1107.0270912647763,1109.3095703125,17264487.0,RELIANCE,-0.000781235482407161,False
2023-02-17,1104.7217922905263,1117.2754874405753,1100.4306882070916,1113.9429931640625,11809520.0,RELIANCE,0.004176852860159785,False
2023-02-20,1116.13425652598,1118.3026298698114,1100.2025445254703,1102.16552734375,8836937.0,RELIANCE,-0.010572772478113612,False
2023-02-21,1106.5479683974272,1116.9559918914763,1101.2296696771075,1111.1585693359375,13311592.0,RELIANCE,0.008159429567590415,False
2023-02-22,1107.4380609994969,1109.2868172204337,1084.2023673241313,1085.9598388671875,11024335.0,RELIANCE,-0.02267788879476451,False
2023-02-23,1085.5490279902117,1093.1953270218976,1077.9483712962124,1080.7557373046875,9851910.0,RELIANCE,-0.004792167607163611,False
2023-02-24,1082.8098807799356,1093.834315272933,1080.9839459876737,1088.15087890625,9434053.0,RELIANCE,0.006842565203498463,False
2023-02-27,1087.3750050988056,1090.8672478016565,1073.543202799622,1080.91552734375,11199715.0,RELIANCE,-0.0066492172204764,False
2023-02-28,1075.5516247048563,1080.5274845520237,1056.1734344203933,1060.2362060546875,21994038.0,RELIANCE,-0.01913130190652368,False
2023-03-01,1070.0280642112666,1070.712820002187,1060.5557097259696,1069.982421875,11551145.0,RELIANCE,0.009192494808849982,False
2023-03-02,1066.8326656493814,1073.5203549354069,1059.802538079039,1061.833984375,9333535.0,RELIANCE,-0.007615487257931708,False
2023-03-03,1072.3791189632543,1092.6019362119685,1068.9098180563456,1088.9271240234375,14643807.0,RELIANCE,0.025515419592060384,False
2023-03-06,1095.5918675399987,1106.8216933590495,1095.5918675399987,1099.5633544921875,10171916.0,RELIANCE,0.009767623777659828,False
2023-03-07,1095.5918675399987,1106.8216933590495,1095.5918675399987,1099.5633544921875,10171916.0,RELIANCE,0.0,False
2023-03-08,1099.563420263857,1104.2654263644915,1088.7444955670887,1103.51220703125,15782657.0,RELIANCE,0.003591291509424943,False
2023-03-09,1102.8958764013148,1103.3066574341256,1075.095225544964,1076.9896240234375,16235128.0,RELIANCE,-0.024034698337561222,False
2023-03-10,1068.8868957671646,1070.0280749321848,1056.8124450060086,1060.3046875,13334091.0,RELIANCE,-0.015492198022396542,False
2023-03-13,1063.1806779260546,1070.0281154160118,1038.5298305140532,1042.8665771484375,12771592.0,RELIANCE,-0.016446320154142047,False
2023-03-14,1040.812257084253,1052.2018311560978,1035.8136967949142,1038.9635009765625,16027522.0,RELIANCE,-0.0037426419231378905,False
2023-03-15,1042.6839706485125,1049.1661484530057,1016.800539526596,1021.2057495117188,21728555.0,RELIANCE,-0.017091795282656697,False
2023-03-16,1023.921951504309,1028.943333036388,1005.2968594074098,1016.1157836914062,18363159.0,RELIANCE,-0.0049842706259206615,False
2023-03-17,1024.720781814394,1028.007512952856,1010.0900587449328,1014.837646484375,34014213.0,RELIANCE,-0.0012578657152514383,False
2023-03-20,1011.1400066065016,1013.422485602896,995.1625932582816,1004.8631591796876,19524589.0,RELIANCE,-0.009828653222750727,False
2023-03-21,1012.9431232711898,1038.0733342187905,1012.052976986994,1036.1103515625,21400360.0,RELIANCE,0.031095967741837427,False
2023-03-22,1043.0946916431246,1046.0391051865406,1036.247254791225,1039.2601318359375,10920094.0,RELIANCE,0.003040004637235194,False
2023-03-23,1035.3343603002547,1036.2016854580306,1023.9447859117854,1026.1131591796875,16249370.0,RELIANCE,-0.01265031944699424,False
2023-03-24,1024.949051064462,1027.1174243598298,1003.379605076148,1005.7990112304688,12375945.0,RELIANCE,-0.019797181010190568,False
2023-03-27,1012.2812828490338,1028.9433318287538,1004.383890745215,1021.4339599609376,14054323.0,RELIANCE,0.01554480423612814,False
2023-03-28,1024.8349561252708,1030.0846702786253,1021.1829653124684,1026.2044677734375,12576424.0,RELIANCE,0.004670402590376321,False
2023-03-29,1022.0959186617868,1024.7436572444662,1009.359714078918,1020.133056640625,18804065.0,RELIANCE,-0.005916375657558426,False
2023-03-30,1022.0959186617868,1024.7436572444662,1009.359714078918,1020.133056640625,18804065.0,RELIANCE,0.0,False
2023-03-31,1029.3999027039445,1069.7770709600843,1029.2629756900762,1064.116455078125,28171201.0,RELIANCE,0.0431153545620222,False
2023-04-03,1070.4846960590223,1072.3106311531849,1056.7896998650788,1064.299072265625,10293043.0,RELIANCE,0.00017161391183129204,False
2023-04-04,1070.4846960590223,1072.3106311531849,1056.7896998650788,1064.299072265625,10293043.0,RELIANCE,0.0,False
2023-04-05,1071.8540232011114,1071.8540232011114,1053.8453439607506,1061.74267578125,16262928.0,RELIANCE,-0.0024019531267025496,False
2023-04-06,1058.2275373074351,1074.592970502133,1058.2275373074351,1068.8638916015625,18435046.0,RELIANCE,0.006707101431213225,False
2023-04-07,1058.2275373074351,1074.592970502133,1058.2275373074351,1068.8638916015625,18435046.0,RELIANCE,0.0,False
2023-04-10,1072.7671126043012,1072.9496819536614,1059.779694186431,1061.2861328125,12961408.0,RELIANCE,-0.0070895451222589,False
2023-04-11,1065.4631729553812,1068.6586196822263,1060.9210357303307,1066.535888671875,10542367.0,RELIANCE,0.004946597997528501,False
2023-04-12,1066.535787256919,1080.8925957399235,1063.6599579243734,1071.23779296875,18179087.0,RELIANCE,0.00440857578897802,False
2023-04-13,1074.1365320735108,1079.9797173840186,1069.1151503508545,1075.27783203125,12378208.0,RELIANCE,0.003771374655578308,False
2023-04-14,1074.1365320735108,1079.9797173840186,1069.1151503508545,1075.27783203125,12378208.0,RELIANCE,0.0,False
2023-04-17,1106.9814803229494,1106.9814803229494,1072.333391852291,1080.73291015625,17929479.0,RELIANCE,0.005073180123777998,False
2023-04-18,1085.0925121063174,1085.0925121063174,1061.8111761257844,1068.3619384765625,10405576.0,RELIANCE,-0.011446835349817275,False
2023-04-19,1067.768405195298,1076.3733137885806,1064.64142217666,1073.6800537109375,12273475.0,RELIANCE,0.004977821693983531,False
2023-04-20,1074.638679040759,1076.8755157885284,1064.595795217696,1070.9638671875,7007330.0,RELIANCE,-0.0025297913601445288,False
2023-04-21,1073.0637661728558,1077.7884724738817,1066.558646510675,1072.310546875,7647317.0,RELIANCE,0.0012574464263079843,False
2023-04-24,1084.1794719407253,1086.8727319946267,1071.8539885727766,1076.4190673828125,12936186.0,RELIANCE,0.003831465166304504,False
2023-04-25,1080.0709122812248,1086.735779878646,1072.9952636709509,1084.65869140625,9236126.0,RELIANCE,0.0076546618999151494,False
2023-04-26,1086.005534613959,1089.2467445727557,1074.6159592843226,1078.290771484375,8617834.0,RELIANCE,-0.005870897428221444,False
2023-04-27,1084.1794457664448,1088.2878596252956,1079.1579437194785,1085.115234375,9167125.0,RELIANCE,0.006328963458743564,False
2023-04-28,1087.3748753991613,1106.5021527689444,1087.2607695641375,1104.949951171875,15565210.0,RELIANCE,0.01827890363026685,False
2023-05-01,1087.3748753991613,1106.5021527689444,1087.2607695641375,1104.949951171875,15565210.0,RELIANCE,0.0,False
2023-05-02,1112.1170391794085,1116.4994278601828,1108.4194062766874,1114.3310546875,12981805.0,RELIANCE,0.008490070980749609,False
2023-05-03,1116.1340858641377,1116.1340858641377,1101.549066588438,1104.767333984375,7061872.0,RELIANCE,-0.008582477050150028,False
2023-05-04,1105.2467632974383,1119.717677582049,1102.2567073883076,1117.503662109375,8635233.0,RELIANCE,0.011528516216229967,False
2023-05-05,1114.30819519152,1123.5978590907398,1112.025716258824,1114.6505126953125,8746585.0,RELIANCE,-0.002553145471288154,False
2023-05-08,1118.4167001177036,1133.7778823916174,1115.746261129747,1128.4140625,9153782.0,RELIANCE,0.012347861188711118,False
2023-05-09,1129.8290394334551,1135.2158009724574,1124.4652198090143,1131.9061279296875,6464721.0,RELIANCE,0.003094666705899529,False
2023-05-10,1136.6766978121202,1141.173192717246,1132.659447469911,1139.6895751953125,10872255.0,RELIANCE,0.006876407039037247,False
2023-05-11,1140.762158669685,1145.5781493917782,1130.5365853892238,1132.24853515625,10557860.0,RELIANCE,-0.006529005968829105,False
2023-05-12,1127.455243721531,1135.4896227195354,1121.383847325768,1134.0972900390625,6955341.0,RELIANCE,0.001632817199942238,False
2023-05-15,1136.631024460071,1143.318592964205,1128.9846046154787,1136.334228515625,6833343.0,RELIANCE,0.0019724396629898777,False
2023-05-16,1138.5024831085086,1141.058816015231,1118.4850597805391,1120.1513671875,8717229.0,RELIANCE,-0.01424128651766865,False
2023-05-17,1124.3511508366894,1125.2641183192468,1108.830341392445,1113.5322265625,8798967.0,RELIANCE,-0.005909148369491746,False
2023-05-18,1118.2112689036005,1121.6122266625744,1107.9856952056505,1111.1356201171875,10525531.0,RELIANCE,-0.002152256026492272,False
2023-05-19,1111.1357155261294,1116.5679991928369,1104.1968724046772,1114.741943359375,8050447.0,RELIANCE,0.003245619325755289,False
2023-05-22,1111.5691808774145,1125.720598669704,1110.3595382742935,1120.6990966796875,7434906.0,RELIANCE,0.005343975218479846,False
2023-05-23,1123.2783175836105,1126.6335119735163,1119.0784985578175,1120.49365234375,6092034.0,RELIANCE,-0.00018331801689330796,False
2023-05-24,1116.544972955841,1124.8075631613845,1110.8615367170432,1113.9656982421875,8112254.0,RELIANCE,-0.005825962590602751,False
2023-05-25,1111.0671339157268,1117.960213217733,1102.9186489083418,1113.828857421875,11487863.0,RELIANCE,-0.00012284114360827658,False
2023-05-26,1122.0685861761906,1145.349919313803,1118.7590340242448,1144.208740234375,12626260.0,RELIANCE,0.027275180212890993,False
2023-05-29,1150.8279550929285,1154.9364899661489,1144.5283465169668,1150.6453857421875,10010304.0,RELIANCE,0.005625411938816383,False
2023-05-30,1150.645307987406,1158.451475420254,1147.7921790871794,1150.3486328125,11342504.0,RELIANCE,-0.00025790129032332576,False
2023-05-31,1141.241614387353,1145.7381091276332,1123.4382047768397,1127.5009765625,27107927.0,RELIANCE,-0.019861505980269256,False
2023-06-01,1132.1800927726736,1134.3484659204855,1122.068625138698,1124.4652099609375,14592692.0,RELIANCE,-0.002692473589528843,False
2023-06-02,1128.003101699598,1133.412563645759,1118.8731857024295,1120.7904052734375,15800644.0,RELIANCE,-0.0032680465833422323,False
2023-06-05,1126.268543700321,1133.8235582589482,1122.274114564264,1130.8563232421875,10908682.0,RELIANCE,0.008981088632976197,False
2023-06-06,1133.6865172838243,1135.6265579862757,1123.8946668621782,1131.8148193359375,7493309.0,RELIANCE,0.0008475843253030746,False
2023-06-07,1135.3071289198083,1141.241598708449,1128.733545665894,1140.3970947265625,10312545.0,RELIANCE,0.0075827558042227405,False
2023-06-08,1143.9805586437908,1148.9335976883085,1137.133121023714,1141.081787109375,12071109.0,RELIANCE,0.0006003982174092037,False
2023-06-09,1144.4369244051345,1145.144501301207,1131.1984746215855,1133.001708984375,5877018.0,RELIANCE,-0.007081068347842723,False
2023-06-12,1130.057315904061,1136.311281503828,1125.264025708016,1134.0059814453125,6391969.0,RELIANCE,0.0008863821236755332,False
2023-06-13,1138.959165682283,1151.946463788879,1134.9647365494957,1150.759521484375,11248016.0,RELIANCE,0.014773766905276542,False
2023-06-14,1150.827933567815,1166.3488637759135,1149.0019986007082,1164.910888671875,13277380.0,RELIANCE,0.012297414814561813,False
2023-06-15,1164.888030487722,1169.7954267696327,1157.4471223513988,1165.23046875,11813494.0,RELIANCE,0.00027433864790227247,False
2023-06-16,1168.72265257123,1178.856942021871,1168.72265257123,1176.574462890625,24171579.0,RELIANCE,0.009735408097244713,False
2023-06-19,1179.5874324568545,1179.5874324568545,1160.7113056227922,1164.88818359375,6798554.0,RELIANCE,-0.00993246043107543,False
2023-06-20,1162.9480481347905,1170.457299404325,1157.2189687814275,1167.3074951171875,6921096.0,RELIANCE,0.0020768615885293773,False
2023-06-21,1167.2618659292657,1173.1278723617306,1163.1534517577868,1170.5943603515625,6961603.0,RELIANCE,0.0028157664095569412,False
2023-06-22,1166.8053921892115,1174.702723824018,1155.8494202932393,1157.4471435546875,7619166.0,RELIANCE,-0.011231231964013988,False
2023-06-23,1154.4343325060674,1156.4885999942844,1146.719569774206,1147.9749755859375,6628570.0,RELIANCE,-0.008183672162911604,False
2023-06-26,1144.437098137329,1148.271658359126,1136.0832218598148,1139.210205078125,12641159.0,RELIANCE,-0.007634983944958318,False
2023-06-27,1139.666736088607,1145.578264166708,1135.1474200849475,1139.62109375,9689466.0,RELIANCE,0.00036067853855548115,False
2023-06-28,1147.1760589375283,1158.519990797568,1140.2600374666351,1154.708251953125,11354006.0,RELIANCE,0.01323874951584103,False
2023-06-29,1147.1760589375283,1158.519990797568,1140.2600374666351,1154.708251953125,11354006.0,RELIANCE,0.0,False
2023-06-30,1162.423070452648,1167.1021346662303,1156.511421596289,1164.1805419921875,11151555.0,RELIANCE,0.00820318900730177,False
2023-07-03,1167.7413136446191,1196.934300105854,1166.5087289327182,1194.058349609375,12154387.0,RELIANCE,0.025664238955634522,False
2023-07-04,1198.3037415268395,1198.3037415268395,1174.6799673322105,1181.7557373046875,8061643.0,RELIANCE,-0.010303191890674523,False
2023-07-05,1190.9997357239995,1190.9997357239995,1175.8440646341217,1179.8155517578125,10248062.0,RELIANCE,-0.0016417822106792324,False
2023-07-06,1175.958111582341,1207.1824197013011,1175.958111582341,1204.5804443359375,19117987.0,RELIANCE,0.02099047816519084,False
2023-07-07,1202.8686056265724,1216.5406584496827,1199.6730384312104,1202.2294921875,13375267.0,RELIANCE,-0.0019516771665121224,False
2023-07-10,1227.4736968882496,1258.1046546175523,1221.1284462814797,1248.541015625,33240016.0,RELIANCE,0.03852136695901098,False
2023-07-11,1256.6894093813987,1264.495455649915,1249.7050458386786,1262.0760498046875,20069348.0,RELIANCE,0.01084068045046327,False
2023-07-12,1262.806571231475,1279.103541836806,1260.683840337917,1263.468505859375,18733835.0,RELIANCE,0.0011033059813654322,False
2023-07-13,1270.8410235059798,1277.734103452716,1249.54549133918,1252.1702880859375,14682934.0,RELIANCE,-0.008942223506990254,False
2023-07-14,1255.365580017741,1260.3414396091937,1243.9988277461352,1251.1202392578125,15124144.0,RELIANCE,-0.000838583088990319,False
2023-07-17,1253.9963391795925,1285.060901535764,1245.3228457945552,1276.6842041015625,22220040.0,RELIANCE,0.020432860121354146,False
2023-07-18,1285.9509768018002,1295.286283587151,1274.995004828538,1287.52587890625,25867313.0,RELIANCE,0.008492056821770566,False
2023-07-19,1291.8854597114334,1303.7543992835303,1276.8210735612868,1297.294921875,39122156.0,RELIANCE,0.007587453680580669,False
2023-07-20,1276.0149599670335,1301.2137583797864,1276.0149599670335,1295.7239990234375,38717624.0,RELIANCE,-0.0012109219153436657,False
2023-07-21,1290.3576048302098,1293.2755748788927,1248.1205739980844,1255.6134033203125,30249238.0,RELIANCE,-0.030956126253241845,False
2023-07-24,1227.0515368964086,1243.8424839995955,1221.2649818512405,1230.216796875,23727866.0,RELIANCE,-0.020226453762084984,False
2023-07-25,1233.4810641733905,1239.0203294862108,1226.556952345633,1229.425537109375,12026020.0,RELIANCE,-0.000643187255803146,False
2023-07-26,1229.029726310642,1259.6936470475673,1229.029726310642,1249.4063720703125,12911012.0,RELIANCE,0.016252171732105358,False
2023-07-27,1253.2889256301971,1255.06933898356,1231.6758304667376,1237.7838134765625,17226898.0,RELIANCE,-0.009302464637258923,False
2023-07-28,1242.4081558253793,1257.6412248805652,1236.7204929547063,1250.2225341796875,20827852.0,RELIANCE,0.010049186754339967,False
2023-07-31,1250.222567835286,1263.1062644351005,1245.3261593927457,1260.8065185546875,8551174.0,RELIANCE,0.008465680377409468,False
2023-08-01,1263.6503718598296,1265.628689467438,1239.0697997346808,1242.9769287109375,9536632.0,RELIANCE,-0.014141416292952513,False
2023-08-02,1240.998576334311,1242.383422770223,1218.4458286875906,1229.697509765625,12748214.0,RELIANCE,-0.010683560280627447,False
2023-08-03,1224.2323775511124,1236.893537376658,1215.700883147937,1224.529052734375,10168350.0,RELIANCE,-0.004203031225325504,False
2023-08-04,1235.8550243989196,1244.3617658987637,1222.4024889169664,1241.1717529296875,22885610.0,RELIANCE,0.013591102765711627,False
2023-08-07,1246.834785043854,1250.494624650405,1238.9215138972052,1248.244384765625,5982870.0,RELIANCE,0.005698350626529347,False
2023-08-08,1250.2965991690858,1253.486611833248,1236.225840784307,1240.7264404296875,9844072.0,RELIANCE,-0.0060228144646122805,False
2023-08-09,1238.8472469851745,1250.7912910864598,1227.1009863432985,1248.911865234375,11486586.0,RELIANCE,0.006597284089354005,False
2023-08-10,1248.788167272386,1261.177404750792,1240.6276075945868,1254.475830078125,15470598.0,RELIANCE,0.0044550500308568886,False
2023-08-11,1252.4975295128647,1265.55449762201,1242.5565564009414,1259.767822265625,22179330.0,RELIANCE,0.004218488758902961,False
2023-08-14,1255.737002454242,1277.1523130180672,1248.81289137336,1274.6546630859375,9575812.0,RELIANCE,0.011817130551516453,False
2023-08-15,1255.737002454242,1277.1523130180672,1248.81289137336,1274.6546630859375,9575812.0,RELIANCE,0.0,False
2023-08-16,1261.672044700447,1277.3996937112483,1261.672044700447,1273.6160888671875,10203112.0,RELIANCE,-0.0008147887022478262,False
2023-08-17,1269.6348629683328,1275.0752365265755,1252.695518025622,1255.2425537109375,13673744.0,RELIANCE,-0.014426274382724147,False
2023-08-18,1251.9041214413387,1274.827925208279,1240.6771930744892,1264.5406494140625,18639978.0,RELIANCE,0.007407409568482626,False
2023-08-21,1260.6443643964944,1268.3374245054663,1248.5836072167706,1250.74267578125,9221746.0,RELIANCE,-0.010911451236625624,False
2023-08-22,1249.204008079304,1259.6517042081298,1240.319812990251,1250.44482421875,7713044.0,RELIANCE,-0.0002381397614932279,False
2023-08-23,1252.8272476636505,1262.0838090060652,1249.228880766707,1251.8345947265625,9517952.0,RELIANCE,0.0011114208967042405,False
2023-08-24,1260.6195534341234,1260.6195534341234,1226.4227081001463,1230.7904052734375,14140020.0,RELIANCE,-0.016810678936159063,False
2023-08-25,1218.9778633049934,1243.2978613921046,1212.32713678729,1225.1075439453125,22222400.0,RELIANCE,-0.004617245392697478,False
2023-08-28,1226.9189266304347,1232.87484375,1206.6192242506277,1212.897705078125,12580826.0,RELIANCE,-0.00996634044703304,False
2023-08-29,1217.0173382536789,1217.7121468384466,1195.228533637356,1201.2838134765625,16876644.0,RELIANCE,-0.009575326553045493,False
2023-08-30,1207.066064519438,1212.525656094156,1198.628513903965,1200.142333984375,12168946.0,RELIANCE,-0.0009502163263850338,False
2023-08-31,1202.599060591098,1203.5917135507275,1191.133870437995,1194.6578369140625,21638600.0,RELIANCE,-0.0045698721851635815,False
2023-09-01,1194.4343955405525,1203.9141576589248,1192.0023233270636,1197.4619140625,18112842.0,RELIANCE,0.002347180139612881,False
2023-09-04,1197.4619529612137,1202.921543874001,1193.8140262826475,1196.494140625,9347626.0,RELIANCE,-0.0008081872384706479,False
2023-09-05,1201.1101487589583,1208.033879307401,1197.362859390741,1202.89697265625,8675876.0,RELIANCE,0.005351327527525873,False
2023-09-06,1201.6560920331103,1209.125708635972,1199.745186611218,1205.4281005859375,8200370.0,RELIANCE,0.002104193449001812,False
2023-09-07,1201.9537313347682,1210.1679582595823,1196.6430625915527,1207.06591796875,13652572.0,RELIANCE,0.0013587018437817289,False
2023-09-08,1211.0365924741222,1218.9778160313297,1202.5742018862825,1215.1064453125,23109288.0,RELIANCE,0.0066612164456441025,False
2023-09-11,1216.9924464989117,1229.326207160582,1216.9924464989117,1228.20947265625,13271074.0,RELIANCE,0.010783439915323711,False
2023-09-12,1232.3785847782628,1232.3785847782628,1209.026400892418,1210.4658203125,16255666.0,RELIANCE,-0.01444676395906297,False
2023-09-13,1211.0365644667,1222.278310335504,1204.2120756300535,1216.52099609375,12803338.0,RELIANCE,0.005002351722485532,False
2023-09-14,1220.9630582690309,1223.8417758931353,1213.5181615722684,1217.6376953125,9209636.0,RELIANCE,0.0009179448791560851,False
2023-09-15,1224.9336610195687,1224.9336610195687,1215.7516218263509,1219.89599609375,25468592.0,RELIANCE,0.0018546574157023432,False
2023-09-18,1211.061482045193,1216.4962329024152,1207.0908701058952,1209.274658203125,7516300.0,RELIANCE,-0.008706756907667312,False
2023-09-19,1211.061482045193,1216.4962329024152,1207.0908701058952,1209.274658203125,7516300.0,RELIANCE,0.0,False
2023-09-20,1202.623922773179,1204.882232531632,1168.8488809798134,1182.3240966796875,57081884.0,RELIANCE,-0.022286551149168776,False
2023-09-21,1178.7504333612094,1186.269851496792,1171.330377450607,1173.7127685546875,12226182.0,RELIANCE,-0.007283390526491962,False
2023-09-22,1179.2716708437545,1182.4729522811776,1166.367182863141,1168.823974609375,19176786.0,RELIANCE,-0.004165238784385572,False
2023-09-25,1166.5657437194718,1171.6779308453931,1158.9720452955405,1161.6273193359375,14254884.0,RELIANCE,-0.0061571762983752,False
2023-09-26,1160.684310036077,1166.4664650387544,1159.2201711598177,1162.644775390625,10087782.0,RELIANCE,0.0008758885382182946,False
2023-09-27,1163.1411580463557,1177.1872222950064,1160.6595255350553,1175.747802734375,11722778.0,RELIANCE,0.011270017825820933,False
2023-09-28,1182.7460248832851,1182.7460248832851,1153.959088482433,1158.4757080078125,14518346.0,RELIANCE,-0.014690305766588474,False
2023-09-29,1162.2973995824232,1175.847137006539,1158.475709840611,1163.8856201171875,12342014.0,RELIANCE,0.004669853732779838,False
2023-10-02,1162.2973995824232,1175.847137006539,1158.475709840611,1163.8856201171875,12342014.0,RELIANCE,0.0,False
2023-10-03,1156.4158809171215,1159.2201982891547,1149.492150617653,1150.5592041015625,8859056.0,RELIANCE,-0.011449936132283511,False
2023-10-04,1146.0178196869251,1150.981084388904,1139.1189302205564,1148.5738525390625,10286386.0,RELIANCE,-0.0017255535877011008,False
2023-10-05,1151.1052273242312,1156.1428927957072,1146.017880733707,1148.5491943359375,10953682.0,RELIANCE,-2.1468539502689232e-05,False
2023-10-06,1150.0132553057874,1153.8597853939605,1147.5316229908371,1150.4847412109375,5431026.0,RELIANCE,0.0016852102500659605,False
2023-10-09,1145.5711149238573,1147.4818990309532,1139.0691900320726,1140.6822509765625,7576878.0,RELIANCE,-0.008520313119544265,False
2023-10-10,1144.8018394410435,1150.435072150941,1143.4121010954177,1145.719970703125,10236032.0,RELIANCE,0.004416409321920778,False
2023-10-11,1148.722762099973,1166.2182699823193,1148.0031129607796,1163.910400390625,9814118.0,RELIANCE,0.015876854862132417,False
2023-10-12,1163.3148210249558,1171.0078811502246,1160.485663265934,1166.0693359375,12554450.0,RELIANCE,0.0018548984063984086,False
2023-10-13,1161.4039150831682,1170.0896281233202,1156.0187245288932,1166.019775390625,10150316.0,RELIANCE,-4.250222979673701e-05,False
2023-10-16,1163.885548402189,1168.6254903286665,1159.418610263332,1163.4140625,5929036.0,RELIANCE,-0.002234707288520932,False
2023-10-17,1169.3451452373686,1171.18152891328,1162.0491704758838,1168.972900390625,7928180.0,RELIANCE,0.00477803910903396,False
2023-10-18,1168.9729714451066,1174.8048077319042,1151.9737890772074,1153.4627685546875,8918320.0,RELIANCE,-0.013268170571580029,False
2023-10-19,1147.5068298823098,1152.37085365543,1142.0472385636656,1144.603271484375,12032556.0,RELIANCE,-0.007680782866891889,False
2023-10-20,1141.5508934053469,1148.846868358942,1139.7145096810816,1141.104248046875,8913312.0,RELIANCE,-0.003056974870395357,False
2023-10-23,1136.5875839948085,1144.6528889030683,1119.340239652529,1123.2860107421875,7853962.0,RELIANCE,-0.015614907520662857,False
2023-10-24,1136.5875839948085,1144.6528889030683,1119.340239652529,1123.2860107421875,7853962.0,RELIANCE,0.0,False
2023-10-25,1116.7594889591046,1132.2200112886635,1113.2603628260954,1120.680419921875,11620688.0,RELIANCE,-0.0023196147689855673,False
2023-10-26,1117.2307983645155,1120.7050833883056,1101.993601137725,1105.07080078125,15222534.0,RELIANCE,-0.013928698015187257,False
2023-10-27,1111.7712909465938,1128.3982276638756,1109.761144511754,1124.5765380859375,11771084.0,RELIANCE,0.0176511199924001,False
2023-10-30,1128.6464350717906,1153.9590859902871,1126.6362885582769,1147.7550048828125,16813304.0,RELIANCE,0.020610839735573316,False
2023-10-31,1155.448028104718,1155.448028104718,1133.0636557231696,1135.5452880859375,12808438.0,RELIANCE,-0.01063791204998632,False
2023-11-01,1136.1656826268284,1150.236586425296,1129.2419526519689,1140.2603759765625,10309190.0,RELIANCE,0.0041522675846532575,False
2023-11-02,1148.4746196953226,1153.6116471680004,1145.4966608528323,1151.57666015625,10562104.0,RELIANCE,0.009924298360359796,False
2023-11-03,1155.0509397455935,1158.897469898072,1149.3680258840427,1151.3284912109375,8850156.0,RELIANCE,-0.00021550362550659674,False
2023-11-06,1157.5822297180116,1161.4039192346488,1154.256866662586,1160.9075927734375,10647304.0,RELIANCE,0.00832004213882076,False
2023-11-07,1158.4507493206686,1160.9572220726066,1151.2540159543112,1153.3634033203125,6960204.0,RELIANCE,-0.006498527100767593,False
2023-11-08,1157.4333936812943,1161.9003321646271,1152.3460470752768,1159.3690185546875,7884494.0,RELIANCE,0.005207045079708594,False
2023-11-09,1159.344192861405,1159.3689122452763,1143.6353879313751,1146.787109375,14513610.0,RELIANCE,-0.010852376575814171,False
2023-11-10,1144.3055869187945,1149.6659373563402,1140.5831381668131,1148.9461669921875,7734954.0,RELIANCE,0.0018827013309943297,False
2023-11-13,1152.9167762849927,1153.7606282722284,1147.3579437297892,1148.79736328125,3854810.0,RELIANCE,-0.00012951321411958094,False
2023-11-14,1152.9167762849927,1153.7606282722284,1147.3579437297892,1148.79736328125,3854810.0,RELIANCE,0.0,False
2023-11-15,1161.4039352802763,1172.2982770196893,1154.9516911953865,1169.5684814453125,12220648.0,RELIANCE,0.018080750207099205,False
2023-11-16,1166.9131951067154,1178.353423134986,1164.8533675821152,1171.6778564453125,13134910.0,RELIANCE,0.0018035497993185157,False
2023-11-17,1167.8064883385834,1177.9067803474445,1167.384683548377,1169.121826171875,7758634.0,RELIANCE,-0.002181512827418408,False
2023-11-20,1165.6474702823514,1170.5362129509904,1159.61703140789,1166.0445556640625,4490186.0,RELIANCE,-0.00263212134007329,False
2023-11-21,1174.3083747965666,1185.227556641674,1171.4296571663483,1180.7109375,8214450.0,RELIANCE,0.012577891440507694,False
2023-11-22,1178.7752974396924,1188.4288224829827,1177.3855591701267,1185.3267822265625,8534814.0,RELIANCE,0.0039093774606135945,False
2023-11-23,1185.3268657327444,1191.1835423841578,1185.3268657327444,1188.9500732421875,8531542.0,RELIANCE,0.0030567865924862048,False
2023-11-24,1187.0144298509326,1192.474021001291,1186.7414260587238,1188.1558837890625,6749486.0,RELIANCE,-0.0006679754440481744,False
2023-11-27,1187.0144298509326,1192.474021001291,1186.7414260587238,1188.1558837890625,6749486.0,RELIANCE,0.0,False
2023-11-28,1188.155889499075,1191.034607263244,1178.899449291774,1188.404052734375,13792174.0,RELIANCE,0.00020886901180094952,False
2023-11-29,1195.1540911072586,1197.1145563492605,1190.2156671664848,1191.5308837890625,12531306.0,RELIANCE,0.0026311177982716316,False
2023-11-30,1188.5529645510346,1191.530923348677,1176.2440439527552,1179.9913330078125,28439984.0,RELIANCE,-0.00968464262088975,False
2023-12-01,1180.2643464861462,1189.3967050711567,1180.0658643673892,1188.3544921875,14342842.0,RELIANCE,0.007087475090490347,False
2023-12-04,1215.9999042684665,1215.9999042684665,1190.4887710727894,1201.2093505859375,15590990.0,RELIANCE,0.010817360041088797,False
2023-12-05,1210.5403299982054,1211.458582489934,1201.929016778731,1209.919921875,12693624.0,RELIANCE,0.007251501401328131,False
2023-12-06,1214.560584514323,1227.3905513904704,1208.5549856031337,1221.5091552734375,16422442.0,RELIANCE,0.009578512750230361,False
2023-12-07,1220.9630401277734,1221.4345260102064,1212.0291642243994,1219.4989013671875,8142096.0,RELIANCE,-0.0016457133354845777,False
2023-12-08,1222.8739302715144,1229.2516522307412,1213.5181285411948,1218.8536376953125,10204894.0,RELIANCE,-0.0005291219788321477,False
2023-12-11,1218.9777608532804,1224.7351961410227,1217.1909371644088,1220.6405029296875,7066138.0,RELIANCE,0.00146602116867256,False
2023-12-12,1220.9630282642331,1223.4198198791,1201.184371389843,1203.1201171875,9197124.0,RELIANCE,-0.014353436331283831,False
2023-12-13,1202.102614795848,1210.2176004047435,1194.3103140708777,1208.03369140625,10031182.0,RELIANCE,0.0040840263150419,False
2023-12-14,1217.9851619285064,1228.3831772791464,1212.3518080035872,1223.0228271484375,16972354.0,RELIANCE,0.012407878893459401,False
2023-12-15,1229.8969303201395,1240.8161121066785,1225.9511593183302,1238.63232421875,15932152.0,RELIANCE,0.012763046382958443,False
2023-12-18,1238.6323699765337,1258.1379030406688,1236.3243792186838,1251.239013671875,14165188.0,RELIANCE,0.010177910915635469,False
2023-12-19,1268.1140495332209,1277.4945707453207,1253.3234974409622,1269.6527099609375,16820604.0,RELIANCE,0.01471637000434134,False
2023-12-20,1276.080186427869,1289.8780864366483,1250.742696068458,1254.2913818359375,17736722.0,RELIANCE,-0.012098842466514048,False
2023-12-21,1254.2170195322976,1277.2962009364337,1249.8741628164655,1271.8614501953125,13765454.0,RELIANCE,0.014007963870131368,False
2023-12-22,1270.3973397701047,1280.9689971307214,1264.4661412408368,1273.102294921875,16541784.0,RELIANCE,0.0009756131270208801,False
2023-12-25,1270.3973397701047,1280.9689971307214,1264.4661412408368,1273.102294921875,16541784.0,RELIANCE,0.0,False
2023-12-26,1274.5663382448713,1286.453332624264,1271.935783794956,1279.554443359375,7465664.0,RELIANCE,0.0050680518472365765,False
2023-12-27,1281.5150092423955,1290.3992050276352,1277.0977519092014,1283.9222412109375,9204156.0,RELIANCE,0.003413530291134226,False
2023-12-28,1285.38634910855,1296.4047727896043,1283.922210219302,1293.2034912109375,12302636.0,RELIANCE,0.007228825626734547,False
2023-12-29,1295.958012986606,1297.3973111899322,1280.1748079960485,1282.97900390625,10864584.0,RELIANCE,-0.007906325163964278,False
2024-01-01,1280.7952766903763,1293.848686885263,1277.1223881648043,1285.609619140625,4030540.0,RELIANCE,0.002050396168889357,False
2024-01-02,1283.0039664322292,1297.8937610136477,1277.0480485996618,1296.255859375,7448800.0,RELIANCE,0.008281083212096307,False
2024-01-03,1295.412048372221,1307.3238832997818,1279.132516403198,1282.16015625,9037536.0,RELIANCE,-0.010874167335911844,False
2024-01-04,1284.4928354763,1295.337616733607,1280.0755785995668,1288.7860107421875,9612778.0,RELIANCE,0.005167727650784659,False
2024-01-05,1291.888116528752,1300.3009471094986,1289.456165302221,1294.2705078125,8086406.0,RELIANCE,0.004255552919257832,False
2024-01-08,1295.4120337021336,1306.3063750382337,1275.0378087074926,1284.1702880859375,7734652.0,RELIANCE,-0.007803793461718667,False
2024-01-09,1290.448874370277,1293.8239187379374,1279.132606160338,1280.7705078125,5403074.0,RELIANCE,-0.0026474528378201967,False
2024-01-10,1279.0333061103788,1319.7320764251056,1278.0654937339266,1315.3148193359375,11102740.0,RELIANCE,0.02697150762976075,False
2024-01-11,1319.7321386109766,1352.489686993197,1318.7394856296971,1349.9088134765625,23725852.0,RELIANCE,0.026300923271046495,False
2024-01-12,1349.9087552154865,1363.2350482099334,1335.8626919019084,1360.6541748046875,15012164.0,RELIANCE,0.007960064576844506,False
2024-01-15,1364.897836134336,1386.1901939086483,1355.9639593887296,1383.88232421875,8610594.0,RELIANCE,0.01707131014197394,False
2024-01-16,1379.7627106993225,1386.0413130880693,1360.4308194226976,1364.5255126953125,9069024.0,RELIANCE,-0.013987324778040766,False
2024-01-17,1349.511582817391,1376.0898877655304,1345.0694854389078,1351.5712890625,12197382.0,RELIANCE,-0.00949357378245308,False
2024-01-18,1341.4712027363942,1360.92717605878,1341.3222805612156,1357.8995361328125,10279438.0,RELIANCE,0.00468214079532725,False
2024-01-19,1365.890429247957,1365.890429247957,1349.015329468004,1357.4031982421875,10422704.0,RELIANCE,-0.00036551886013491686,False
2024-01-22,1365.890429247957,1365.890429247957,1349.015329468004,1357.4031982421875,10422704.0,RELIANCE,0.0,False
2024-01-23,1361.671682300463,1361.671682300463,1312.8332056966303,1318.8138427734375,20055420.0,RELIANCE,-0.028428808417957585,False
2024-01-24,1325.4149927095905,1339.5851376107455,1314.1980872328545,1334.00146484375,21919128.0,RELIANCE,0.011516122729174016,False
2024-01-25,1333.0831783387705,1354.1274927557365,1325.390118278632,1343.1337890625,11808872.0,RELIANCE,0.00684581273665974,False
2024-01-26,1333.0831783387705,1354.1274927557365,1325.390118278632,1343.1337890625,11808872.0,RELIANCE,0.0,False
2024-01-29,1354.474931519067,1441.8283899094502,1350.1817560391485,1437.4111328125,23893438.0,RELIANCE,0.07019207209119882,False
2024-01-30,1449.223597164783,1449.2484377227322,1394.1066401470152,1397.2830810546875,14093978.0,RELIANCE,-0.02791689228070482,False
2024-01-31,1393.684781061071,1423.7125336444733,1392.195801594125,1416.1435546875,15130226.0,RELIANCE,0.01349796178636642,False
2024-02-01,1424.4569627393994,1432.745590517861,1407.631543948549,1416.1683349609375,13349362.0,RELIANCE,1.7498419108363805e-05,False
2024-02-02,1422.6453963923934,1464.063815224382,1422.6453963923934,1446.9901123046875,19652588.0,RELIANCE,0.021764204567248813,False
2024-02-05,1450.0177530325548,1459.6961190035065,1421.007495677393,1428.452392578125,8814432.0,RELIANCE,-0.012811227643454104,False
2024-02-06,1431.2565145548228,1431.2565145548228,1409.3933108861847,1417.309814453125,9047984.0,RELIANCE,-0.007800454661908263,False
2024-02-07,1425.3752031215413,1438.8504181404362,1418.7491963623445,1431.554443359375,9296568.0,RELIANCE,0.010050469389959238,False
2024-02-08,1439.3467435794869,1448.752105824393,1417.0368932886952,1439.4708251953125,14694634.0,RELIANCE,0.005529920201540195,False
2024-02-09,1443.31729322881,1461.160204582695,1440.2896534634558,1450.0177001953125,12556798.0,RELIANCE,0.007326911261691604,False
2024-02-12,1450.017752117624,1450.2659153474915,1431.7529141646626,1441.679443359375,6674430.0,RELIANCE,-0.005750451759874653,False
2024-02-13,1444.8063713272154,1468.1337156942295,1443.3173918995335,1454.3358154296875,7715594.0,RELIANCE,0.008778908604551328,False
2024-02-14,1446.7916226083244,1472.749520552248,1446.7916226083244,1470.4912109375,7117888.0,RELIANCE,0.011108435435896347,False
2024-02-15,1472.4516121931645,1473.8165098910026,1455.750276105359,1459.7952880859375,10006782.0,RELIANCE,-0.0072737074332756,False
2024-02-16,1465.6271998466532,1466.1483668657747,1447.8339689108675,1449.843994140625,9767498.0,RELIANCE,-0.006816910580907831,False
2024-02-19,1451.30825618237,1468.630001238923,1442.8458657695369,1463.17041015625,6729828.0,RELIANCE,0.009191620663659084,False
2024-02-20,1464.1880192365334,1464.659505178025,1451.0602075132597,1460.2174072265625,7117496.0,RELIANCE,-0.002018222149101634,False
2024-02-21,1463.170510366537,1477.5888193115914,1446.8414171157522,1456.916748046875,12720292.0,RELIANCE,-0.002260388873158603,False
2024-02-22,1457.3633484018678,1474.0398440634356,1447.2878974462733,1470.8634033203125,18493728.0,RELIANCE,0.009572719437904942,False
2024-02-23,1478.556551746289,1486.5474563697878,1472.4517119404402,1482.6512451171875,14438584.0,RELIANCE,0.00801423284464442,False
2024-02-26,1482.5768223248915,1483.5446346905887,1471.607959051116,1476.3974609375,7513106.0,RELIANCE,-0.004217973849401924,False
2024-02-27,1472.1291493159845,1488.9297276070065,1467.1907251784094,1474.73486328125,10826044.0,RELIANCE,-0.001126117932493731,False
2024-02-28,1472.1042938560004,1480.3185210789975,1439.5205099276588,1444.930419921875,8647950.0,RELIANCE,-0.020210035106284052,False
2024-02-29,1454.2365988812116,1468.1088998815817,1443.8385832706604,1450.0675048828125,23628976.0,RELIANCE,0.0035552472908801924,False
2024-03-01,1452.7475417409498,1488.979373154373,1451.7548888255135,1481.1622314453125,12132926.0,RELIANCE,0.021443640697963895,False
2024-03-04,1479.524373681886,1501.337897909408,1476.2982516112518,1496.3250732421875,10024420.0,RELIANCE,0.010237124249434348,False
2024-03-05,1494.7119691573153,1496.3250301461744,1475.1319146195472,1489.1778564453125,7107668.0,RELIANCE,-0.0047765134225737915,False
2024-03-06,1482.4775132325713,1497.9133152152726,1467.6373999640691,1491.9573974609375,7805676.0,RELIANCE,0.0018664936519132702,False
2024-03-07,1491.9325571368477,1492.056638756749,1464.7091224345347,1468.059326171875,8315726.0,RELIANCE,-0.016017931430034826,False
2024-03-08,1491.9325571368477,1492.056638756749,1464.7091224345347,1468.059326171875,8315726.0,RELIANCE,0.0,False
2024-03-11,1478.060156044582,1478.060156044582,1452.7475073010382,1455.82470703125,11277130.0,RELIANCE,-0.00833387242770911,False
2024-03-12,1455.8248476863198,1477.0676458601297,1454.2614676999044,1464.5850830078125,9432678.0,RELIANCE,0.006017466206097666,False
2024-03-13,1468.9029635812572,1472.2034859914554,1417.2850129833478,1421.6527099609375,13522134.0,RELIANCE,-0.029313676306674474,False
2024-03-14,1429.1224321842872,1437.882667347047,1415.0268084821887,1420.9578857421875,18571102.0,RELIANCE,-0.0004887439906255953,False
2024-03-15,1415.4733954219128,1422.694969713975,1402.5193474045138,1407.80517578125,19223818.0,RELIANCE,-0.009256227853697174,False
2024-03-18,1409.5671563330236,1431.1325169373013,1406.1177116464064,1428.8990478515625,9169392.0,RELIANCE,0.014983516493044968,False
2024-03-19,1418.252849649116,1427.0378036957163,1406.8373411480031,1414.778564453125,8275764.0,RELIANCE,-0.009882072088765459,False
2024-03-20,1417.458614341769,1434.3833942099568,1413.5625245390722,1433.142578125,8488806.0,RELIANCE,0.012980132816030832,False
2024-03-21,1441.8532357214951,1447.1887452733042,1434.060934378195,1440.3145751953125,13006936.0,RELIANCE,0.005004384894973679,False
2024-03-22,1439.321893152815,1449.2732629085035,1436.716179238339,1444.3348388671875,19527608.0,RELIANCE,0.0027912400118077496,False
2024-03-25,1439.321893152815,1449.2732629085035,1436.716179238339,1444.3348388671875,19527608.0,RELIANCE,0.0,False
2024-03-26,1434.3835274360674,1441.7291835759677,1428.4276096750873,1430.983642578125,11415906.0,RELIANCE,-0.009243837322053361,False
2024-03-27,1437.3614966588375,1488.9794509587407,1436.368843691532,1481.8819580078125,16326644.0,RELIANCE,0.03556876117604446,False
2024-03-28,1481.90676076149,1494.8856495085238,1467.786296896486,1474.933349609375,21854364.0,RELIANCE,-0.00468904311904772,False
2024-03-29,1481.90676076149,1494.8856495085238,1467.786296896486,1474.933349609375,21854364.0,RELIANCE,0.0,False
2024-04-01,1481.509712382751,1482.9986918329437,1471.6080232736622,1473.8663330078125,5013880.0,RELIANCE,-0.0007234337753940778,False
2024-04-02,1473.0968689675983,1483.0233977342266,1464.1629930776332,1476.025146484375,8910166.0,RELIANCE,0.0014647281291491066,False
2024-04-03,1471.186101560143,1473.5436523631188,1458.1079713887636,1460.7880859375,7008292.0,RELIANCE,-0.010323035879955644,False
2024-04-04,1468.878217464342,1468.878217464342,1439.3467919062653,1452.1768798828125,14490272.0,RELIANCE,-0.005894904358534014,False
2024-04-05,1450.1417667351743,1459.9938949751336,1445.3025839763254,1449.3724365234375,7442298.0,RELIANCE,-0.0019311995654422986,False
2024-04-08,1452.226356281804,1480.0206375610207,1450.265891033407,1475.057373046875,8357118.0,RELIANCE,0.01772141919922743,False
2024-04-09,1478.060211901015,1478.8543827139297,1451.7549092714803,1452.896484375,7071414.0,RELIANCE,-0.015023746924568426,False
2024-04-10,1455.5766564963697,1476.0749645358123,1455.5766564963697,1468.7044677734375,9138330.0,RELIANCE,0.010880323249758295,False
2024-04-11,1455.5766564963697,1476.0749645358123,1455.5766564963697,1468.7044677734375,9138330.0,RELIANCE,0.0,False
2024-04-12,1465.031599863232,1475.553696376268,1452.3255942645226,1456.3707275390625,15551012.0,RELIANCE,-0.008397700493873339,False
2024-04-15,1450.2658952456557,1471.2356878788278,1435.6986653849476,1454.062744140625,12902062.0,RELIANCE,-0.00158474992307589,False
2024-04-16,1442.6721581376476,1460.366269889981,1440.265047408789,1454.9810791015625,9366184.0,RELIANCE,0.0006315648789145811,False
2024-04-17,1442.6721581376476,1460.366269889981,1440.265047408789,1454.9810791015625,9366184.0,RELIANCE,0.0,False
2024-04-18,1452.7475160786112,1475.082206281391,1448.6279823176308,1453.56640625,19005692.0,RELIANCE,-0.0009722963905730575,False
2024-04-19,1446.0720814485835,1463.1705049395248,1432.42310285773,1459.323974609375,15741778.0,RELIANCE,0.003960994375364457,False
2024-04-22,1461.6317610616636,1471.930535229808,1457.0160218672338,1468.9774169921875,10350362.0,RELIANCE,0.006615009792733995,False
2024-04-23,1468.1337674689391,1482.527235777458,1444.8561033979945,1448.603271484375,14605554.0,RELIANCE,-0.013869611113239366,False
2024-04-24,1452.7475596039474,1457.7605053579202,1438.8504186169605,1439.5205078125,10462776.0,RELIANCE,-0.006270014606944763,False
2024-04-25,1431.9018276580116,1457.189636393573,1430.9091747445573,1449.2484130859375,15943926.0,RELIANCE,0.006757739970109977,False
2024-04-26,1453.1943211694756,1454.2366552962403,1439.346860190818,1441.878173828125,9413848.0,RELIANCE,-0.0050855596537233705,False
2024-04-29,1439.3467183436048,1457.1152296530197,1439.3467183436048,1454.2613525390625,7247974.0,RELIANCE,0.008588228142784482,False
2024-04-30,1457.2144546560796,1472.178648628076,1452.1271085524606,1456.2218017578125,11474262.0,RELIANCE,0.0013480721435161769,False
2024-05-01,1457.2144546560796,1472.178648628076,1452.1271085524606,1456.2218017578125,11474262.0,RELIANCE,0.0,False
2024-05-02,1461.185178797564,1466.4710074185996,1453.368036621592,1455.7752685546875,14512646.0,RELIANCE,-0.00030663818010823185,False
2024-05-03,1460.1925152681529,1464.1134460205978,1405.745524232649,1423.46435546875,17226958.0,RELIANCE,-0.02219498694878652,False
2024-05-06,1424.9533097670264,1429.4202480421582,1407.5818831415145,1409.095703125,7394208.0,RELIANCE,-0.010094142707927745,False
2024-05-07,1405.571689953147,1410.311631866643,1381.772860502106,1391.17822265625,14517472.0,RELIANCE,-0.012715588039204029,False
2024-05-08,1387.2325360419566,1422.4220356245855,1387.2325360419566,1408.1279296875,9439002.0,RELIANCE,0.012183706411740047,False
2024-05-09,1402.6186490602306,1413.2896685063718,1379.787630710347,1383.88232421875,11009612.0,RELIANCE,-0.017218325805192114,False
2024-05-10,1386.4879762578594,1399.6406275450738,1377.8766636438304,1397.0845947265625,10505096.0,RELIANCE,0.009540023943340525,False
2024-05-13,1389.614931468387,1396.6379028351903,1373.8317248456565,1392.394287109375,8456620.0,RELIANCE,-0.0033572108910882026,False
2024-05-14,1390.6818338615062,1416.590049599915,1389.738862101979,1409.6414794921875,7188300.0,RELIANCE,0.012386715848007324,False
2024-05-15,1410.063563528233,1419.468926315315,1402.6435067088078,1405.86962890625,5046534.0,RELIANCE,-0.002675751700564555,False
2024-05-16,1408.1278405018506,1417.012035618308,1387.75361519461,1414.8778076171875,14711774.0,RELIANCE,0.006407549125266865,False
2024-05-17,1412.5948920294334,1426.6408349602225,1402.8668442157614,1425.15185546875,10916476.0,RELIANCE,0.007261438264315689,False
2024-05-20,1412.5948920294334,1426.6408349602225,1402.8668442157614,1425.15185546875,10916476.0,RELIANCE,0.0,False
2024-05-21,1415.1260338425998,1431.231803864575,1415.1260338425998,1425.57373046875,11176128.0,RELIANCE,0.0002960210860205592,False
2024-05-22,1425.722663053995,1457.9838844507517,1425.722663053995,1449.9185791015625,10281604.0,RELIANCE,0.01707722870623285,False
2024-05-23,1447.8340020088174,1481.2615172416956,1444.3100355832012,1475.1319580078125,14608260.0,RELIANCE,0.017389513638671694,False
2024-05-24,1472.724715385057,1477.5638984586112,1465.2549777906745,1469.37451171875,7094776.0,RELIANCE,-0.003903004241625929,False
2024-05-27,1469.3497180106694,1473.990419113941,1450.8119965034373,1455.4774169921875,6629010.0,RELIANCE,-0.009457830264325784,False
2024-05-28,1457.2144512745626,1467.6373066821805,1442.0764946111178,1445.5010986328125,7820162.0,RELIANCE,-0.006854327138920202,False
2024-05-29,1435.87248908715,1447.287997987601,1427.8815843874524,1430.1895751953125,7383556.0,RELIANCE,-0.010592536700236299,False
2024-05-30,1424.9532474164846,1429.817270893488,1409.6663684202383,1414.3814697265625,13206858.0,RELIANCE,-0.011053153891567913,False
2024-05-31,1420.7841589242364,1431.653659822201,1411.800601617005,1419.8907470703125,31069832.0,RELIANCE,0.003895184900022164,False
2024-06-03,1472.1043222829317,1503.3728901534053,1448.2806515244756,1499.228515625,21527942.0,RELIANCE,0.055875967019565875,False
2024-06-04,1487.0437791255476,1487.0437791255476,1349.3131842665357,1387.0091552734375,36709098.0,RELIANCE,-0.07485140469382034,False
2024-06-05,1411.5524616660985,1420.6352601794422,1373.9308915121778,1410.3116455078125,17464890.0,RELIANCE,0.016800530945147996,False
2024-06-06,1424.4569533735907,1433.0929853880773,1410.9072166555904,1421.0819091796875,17855722.0,RELIANCE,0.007636796949228142,False
2024-06-07,1418.004611799037,1461.1850112482905,1416.0193060772324,1459.1500244140625,18558696.0,RELIANCE,0.026788121774310447,False
2024-06-10,1459.150058153404,1482.3781598703026,1457.2888339961758,1460.5894775390625,9251760.0,RELIANCE,0.0009865011142895508,False
2024-06-11,1458.20717740815,1462.847878399236,1443.9874724286744,1445.9727783203125,11774902.0,RELIANCE,-0.010007397316991185,False
2024-06-12,1446.7916974833406,1465.1557773484808,1444.48382780751,1452.5738525390625,10081742.0,RELIANCE,0.00456514418370868,False
2024-06-13,1461.1851486521073,1461.433311890669,1449.3725542618724,1454.4847412109375,9181160.0,RELIANCE,0.0013155191170037828,False
2024-06-14,1459.199879544848,1468.8038455887872,1446.518713499826,1466.6944580078125,8157998.0,RELIANCE,0.008394530689067148,False
2024-06-17,1459.199879544848,1468.8038455887872,1446.518713499826,1466.6944580078125,8157998.0,RELIANCE,0.0,False
2024-06-18,1476.4224025999808,1476.4720837189377,1460.5399547367645,1470.1439208984375,7196766.0,RELIANCE,0.0023518619517457484,False
2024-06-19,1476.571240472528,1476.571240472528,1445.3026730272272,1447.9332275390625,8725874.0,RELIANCE,-0.015107836072132064,False
2024-06-20,1448.280730003189,1471.9554798675892,1439.446094050177,1462.8726806640625,16113776.0,RELIANCE,0.010317777671551509,False
2024-06-21,1462.7982011333013,1463.8652545834836,1429.9909727182371,1443.515869140625,31170360.0,RELIANCE,-0.01323205483244827,False
2024-06-24,1434.9045699529108,1438.8503408924523,1426.9385064042085,1430.88427734375,8878386.0,RELIANCE,-0.008750573559260566,False
2024-06-25,1432.3982039886682,1445.2282918111714,1430.412898092634,1443.46630859375,7045386.0,RELIANCE,0.008793185758779076,False
2024-06-26,1435.425808927042,1507.8149506909176,1434.5075565031482,1502.9013671875,22014882.0,RELIANCE,0.0411752309284259,False
2024-06-27,1502.6283145931025,1526.2038207675607,1494.9352546835423,1519.304931640625,28383030.0,RELIANCE,0.010914598130828956,False
2024-06-28,1519.7764812043604,1569.3842873036351,1519.7764812043604,1553.89892578125,28957336.0,RELIANCE,0.02276961880408601,False
2024-07-01,1551.0450507194453,1567.7960689891884,1544.2454023527885,1548.6875,7724306.0,RELIANCE,-0.0033537739776928754,False
2024-07-02,1557.968834801107,1561.9394466769938,1545.5606726889605,1553.6756591796875,7749246.0,RELIANCE,0.0032208945831146973,False
2024-07-03,1554.8170660210362,1563.4283787351976,1531.440162014497,1541.019287109375,9049620.0,RELIANCE,-0.0081460837695011,False
2024-07-04,1545.5606622734106,1555.983518377374,1539.4062623766438,1542.6075439453125,6837176.0,RELIANCE,0.001030653444264562,False
2024-07-05,1542.4088769403463,1586.755694667964,1536.6267221432645,1576.9532470703125,12269710.0,RELIANCE,0.022264705796238182,False
2024-07-08,1577.3255888697254,1596.9801663885871,1570.898185044045,1589.13818359375,9500806.0,RELIANCE,0.0077268850843073,False
2024-07-09,1585.8623208770043,1588.7410386525216,1568.887979750272,1578.5911865234375,6960002.0,RELIANCE,-0.006636928858169577,False
2024-07-10,1583.281430895477,1585.7630632323037,1551.6654591589945,1572.5855712890625,7134578.0,RELIANCE,-0.003804414522040611,False
2024-07-11,1575.8365135146928,1592.463449956501,1558.9614138424097,1569.036865234375,11940946.0,RELIANCE,-0.002256606012083995,False
2024-07-12,1572.8586162043875,1593.3569240772113,1562.9320865975435,1584.9937744140625,12924784.0,RELIANCE,0.010169875248472238,False
2024-07-15,1592.6620057625546,1594.0517441522056,1573.8512804915936,1585.4901123046875,5329688.0,RELIANCE,0.00031314816413607893,False
2024-07-16,1581.792452589091,1588.24469666931,1557.5965372882697,1564.669189453125,9386838.0,RELIANCE,-0.01313216821093699,False
2024-07-17,1581.792452589091,1588.24469666931,1557.5965372882697,1564.669189453125,9386838.0,RELIANCE,0.0,False
2024-07-18,1564.4210812674708,1582.1895936713806,1546.379565062024,1575.0177001953125,12298374.0,RELIANCE,0.006613864970271832,False
2024-07-19,1574.3475621142547,1578.293333314245,1541.3915329908289,1543.7242431640625,13140390.0,RELIANCE,-0.019868638319029297,False
2024-07-22,1525.9557698439748,1526.203933085127,1488.2597977476694,1489.6495361328125,19674376.0,RELIANCE,-0.03502873474372403,False
2024-07-23,1489.9719903646578,1494.6870915999891,1452.2511804820083,1476.96826171875,18052044.0,RELIANCE,-0.008512924756103102,False
2024-07-24,1474.0895996286229,1498.4095963901725,1465.552808673545,1484.7109375,11913362.0,RELIANCE,0.005242276345356123,False
2024-07-25,1470.1189136102262,1489.4508041915794,1466.2227025912728,1481.4351806640625,12519876.0,RELIANCE,-0.0022063263314091586,False
2024-07-26,1481.4352554076795,1501.3131545447015,1479.4002684339398,1497.9381103515625,9859940.0,RELIANCE,0.011139825692611405,False
2024-07-29,1500.8416167163412,1516.2774189432153,1500.6679751498336,1508.9317626953125,7538550.0,RELIANCE,0.00733918996237426,False
2024-07-30,1505.8792447159435,1513.795627121447,1498.9058340677934,1502.03271484375,8228208.0,RELIANCE,-0.004572140385751489,False
2024-07-31,1492.9499231376883,1499.3524857083617,1490.1208866802615,1494.364501953125,10057346.0,RELIANCE,-0.005105223617864252,False
2024-08-01,1500.8913109431162,1506.8472288436842,1493.2479314401046,1504.1671142578125,10764222.0,RELIANCE,0.006559719728269409,False
2024-08-02,1493.9425575637474,1498.2357327232485,1482.3037269895096,1488.3092041015625,10268248.0,RELIANCE,-0.01054265181437275,False
2024-08-05,1469.1262655731218,1472.9976360481728,1422.7197433328895,1436.6912841796875,17046704.0,RELIANCE,-0.03468225539398906,False
2024-08-06,1444.4590050773538,1466.6447748995176,1440.6620347326757,1445.3524169921875,10236186.0,RELIANCE,0.006028527428176833,False
2024-08-07,1458.207118491354,1461.6814036613468,1450.7622216985117,1454.062744140625,8174568.0,RELIANCE,0.006026438290091196,False
2024-08-08,1446.816580877676,1454.2366377811502,1435.3018303695276,1438.478271484375,12387192.0,RELIANCE,-0.010717881823910314,False
2024-08-09,1449.2732763644294,1465.6520496932055,1445.3026646483625,1463.46826171875,6249776.0,RELIANCE,0.017372518396532755,False
2024-08-12,1459.199797918004,1462.1777566892652,1447.0397996020206,1449.8936767578125,8184584.0,RELIANCE,-0.009275626479931298,False
2024-08-13,1450.0178268110735,1459.2742672925806,1447.28803114191,1452.8717041015625,6265064.0,RELIANCE,0.0020539625708344555,False
2024-08-14,1452.7973239887267,1461.1851932386814,1443.0195951522678,1451.1097412109375,6267466.0,RELIANCE,-0.001212744997132864,False
2024-08-15,1452.7973239887267,1461.1851932386814,1443.0195951522678,1451.1097412109375,6267466.0,RELIANCE,0.0,False
2024-08-16,1457.8598362701878,1469.5235088888628,1447.337738823352,1467.339599609375,9416902.0,RELIANCE,0.011184445901998963,False
2024-08-19,1476.6025720306277,1492.3397678065596,1474.6105280885963,1482.4791259765625,13797742.0,RELIANCE,0.01031767040923448,False
2024-08-20,1491.268975771349,1497.942395948273,1484.0976661921163,1489.9990234375,8411808.0,RELIANCE,0.005072514903698089,False
2024-08-21,1487.30978907883,1501.8766102174725,1484.072717714687,1492.7132568359375,7769996.0,RELIANCE,0.0018216343472330365,False
2024-08-22,1497.0210123494212,1500.5070892244864,1484.720165407205,1492.1654052734375,10445782.0,RELIANCE,-0.0003670172821144124,False
2024-08-23,1497.768063961028,1505.3128818837536,1492.4642955105633,1494.008056640625,9249654.0,RELIANCE,0.001234884122548019,False
2024-08-26,1500.9802618699923,1516.941539085057,1497.021098650585,1506.5828857421875,8816114.0,RELIANCE,0.008416841559635069,False
2024-08-27,1504.4912711730517,1507.4544123852302,1493.485179145279,1494.481201171875,6251156.0,RELIANCE,-0.008032538192779826,False
2024-08-28,1499.0131426615155,1501.4782728482842,1487.0608784010917,1492.33984375,9610286.0,RELIANCE,-0.001432843330646083,False
2024-08-29,1497.1205913811584,1530.885760314005,1488.0568158159556,1514.874755859375,38335358.0,RELIANCE,0.01510038896552457,False
2024-08-30,1527.89778785993,1533.599989641746,1497.3447635789732,1503.6197509765625,41620730.0,RELIANCE,-0.007429660332829102,False
2024-09-02,1504.8647654458696,1520.7264647058682,1500.6316718721823,1510.2183837890625,11240852.0,RELIANCE,0.004388498360848425,False
2024-09-03,1515.1984708784903,1516.941509382377,1501.5031683479538,1503.1217041015625,10923800.0,RELIANCE,-0.004699108263862328,False
2024-09-04,1494.7301447200666,1511.463362707152,1493.534966971581,1508.525146484375,11983304.0,RELIANCE,0.003594813625582116,False
2024-09-05,1513.0072347057646,1519.7054581926027,1481.1345314015284,1487.035888671875,16264168.0,RELIANCE,-0.01424521020586289,False
2024-09-06,1486.5627588054049,1491.0448575756725,1455.8105811316243,1458.997802734375,19394228.0,RELIANCE,-0.018855016312041895,False
2024-09-09,1460.666261949736,1464.07768593117,1449.809597840599,1456.63232421875,9010298.0,RELIANCE,-0.00162130368612734,False
2024-09-10,1454.6901127162012,1466.1942153054945,1451.7766997689328,1455.7110595703125,10768260.0,RELIANCE,-0.0006324620380312451,False
2024-09-11,1457.2300550346945,1462.9073318760024,1441.7917138302157,1445.7259521484375,9760202.0,RELIANCE,-0.006859264657110176,False
2024-09-12,1451.2039809867947,1480.088617533546,1440.1232367942907,1473.913330078125,22349376.0,RELIANCE,0.01949704083806436,False
2024-09-13,1470.526852936648,1477.2500011980833,1463.6542770635715,1466.766845703125,8711328.0,RELIANCE,-0.004848646273265755,False
2024-09-16,1471.6723576050656,1475.0090069946318,1458.9232273463058,1465.4969482421875,5481774.0,RELIANCE,-0.0008657800417685158,False
2024-09-17,1468.1364260685732,1471.5975781970765,1460.790763828237,1466.4432373046875,5935328.0,RELIANCE,0.000645712066227766,False
2024-09-18,1464.1522884024148,1476.10455198121,1454.7399294679983,1457.6282958984375,8574714.0,RELIANCE,-0.006011103043068844,False
2024-09-19,1460.4171894563085,1470.6264144806405,1449.7598031867433,1463.82861328125,16955902.0,RELIANCE,0.00425370267595615,False
2024-09-20,1468.136427109257,1489.0528890965668,1465.5218693608433,1480.0140380859375,30897320.0,RELIANCE,0.011056912440321032,False
2024-09-23,1485.0687739665293,1495.5270047691104,1483.026880271187,1487.434326171875,8832314.0,RELIANCE,0.005013660610634352,False
2024-09-24,1482.5786761041754,1494.530939532627,1481.9561623839436,1483.4501953125,17137444.0,RELIANCE,-0.002678525558589717,False
2024-09-25,1477.9970102640052,1490.546862638843,1474.3116560624171,1488.0069580078125,7069002.0,RELIANCE,0.003071732849347697,False
2024-09-26,1484.7202013028073,1498.017070530802,1482.1305684499498,1491.9910888671875,18818998.0,RELIANCE,0.0026774947777858937,False
2024-09-27,1493.0369361114394,1527.3747692811155,1486.06478230705,1520.1038818359375,20597478.0,RELIANCE,0.018842467075386393,False
2024-09-30,1513.3558880158446,1518.9086621673466,1468.5348969230115,1470.701171875,27008814.0,RELIANCE,-0.03249956174131363,False
2024-10-01,1474.7599230273088,1482.0308103038055,1457.0057588364782,1458.997802734375,16431642.0,RELIANCE,-0.007957679890677194,False
2024-10-02,1474.7599230273088,1482.0308103038055,1457.0057588364782,1458.997802734375,16431642.0,RELIANCE,0.0,False
2024-10-03,1430.8602791168494,1443.634334423912,1396.4975195620746,1401.3780517578125,37757294.0,RELIANCE,-0.03949269208533057,False
2024-10-04,1398.34020617394,1411.711728297617,1376.2782950115372,1381.0093994140625,37072876.0,RELIANCE,-0.014534730523430572,False
2024-10-07,1387.9566419173104,1390.9447078848398,1355.9594355150189,1365.272216796875,22181340.0,RELIANCE,-0.011395420352580121,False
2024-10-08,1367.513224520688,1395.4267642320656,1359.669551595401,1391.791259765625,17020808.0,RELIANCE,0.0194239966524532,False
2024-10-09,1391.9656892391697,1395.4019165531051,1367.040214025334,1369.1318359375,14310610.0,RELIANCE,-0.01628076313106086,False
2024-10-10,1374.5352199766685,1380.4864268287754,1363.9774115920343,1365.595947265625,22358646.0,RELIANCE,-0.0025825772062730845,False
2024-10-11,1364.5501018082973,1377.7723178051706,1363.3797273571677,1366.6417236328125,7980122.0,RELIANCE,0.0007658021900851519,False
2024-10-14,1373.962442591221,1374.5849563155427,1362.8070452852592,1367.0650634765625,12221432.0,RELIANCE,0.0003097665148292794,False
2024-10-15,1353.1207855156183,1366.243302159234,1335.3666207605413,1338.678466796875,33762794.0,RELIANCE,-0.02076462740368623,False
2024-10-16,1334.6695151768993,1358.574043806933,1332.3039628645522,1348.6884765625,20034438.0,RELIANCE,0.007477531023245998,False
2024-10-17,1360.2671814831224,1363.0062419523483,1346.6715786036464,1351.0291748046875,15543660.0,RELIANCE,0.0017355366215876522,False
2024-10-18,1346.796043723323,1362.9814005892638,1335.98910817891,1353.8927001953125,12082452.0,RELIANCE,0.002119514103785969,False
2024-10-21,1361.686598848784,1368.5342502099145,1352.3239675798943,1363.7532958984375,14067408.0,RELIANCE,0.007283144152932186,False
2024-10-22,1363.7532474009167,1370.5262455038624,1334.8935348258,1338.006103515625,15831960.0,RELIANCE,-0.018879655477459623,False
2024-10-23,1332.1793705575924,1352.0748848775756,1329.689315659354,1333.2003173828125,17214742.0,RELIANCE,-0.0035917520257832125,False
2024-10-24,1329.9633130042932,1338.3547254831988,1317.8616212723591,1334.4703369140625,22155934.0,RELIANCE,0.0009526096826493191,False
2024-10-25,1338.1555171764887,1339.002111534351,1316.7410448137834,1322.5677490234375,18597496.0,RELIANCE,-0.008919334931152934,False
2024-10-28,1331.6813526124563,1347.6177038778262,1316.8406011796387,1329.0418701171875,10824350.0,RELIANCE,0.004895114899429842,False
2024-10-29,1322.8167478889227,1337.856655249044,1315.0478495098762,1334.66943359375,12008361.0,RELIANCE,0.004234301118042572,False
2024-10-30,1329.6893351932274,1344.62966480214,1320.0776988278842,1338.553955078125,11984423.0,RELIANCE,0.0029104745988790537,False
2024-10-31,1334.6694245700712,1337.6574904459744,1320.8745447599274,1326.7510986328125,9331650.0,RELIANCE,-0.008817617250717169,False
2024-11-01,1327.7471304089104,1336.6116286385318,1327.6972806767253,1333.3248291015625,2127335.0,RELIANCE,0.004954757886030059,False
2024-11-04,1332.5280301195803,1334.6695017714562,1279.9878687625326,1296.9700927734375,19796890.0,RELIANCE,-0.02726622615482377,False
2024-11-05,1287.8564249120311,1304.340637375998,1281.0336986406933,1300.1075439453125,16267479.0,RELIANCE,0.002419062081197243,False
2024-11-06,1304.7888451117578,1323.0160966964434,1295.0277806900112,1320.0777587890625,21625209.0,RELIANCE,0.015360433017062691,False
2024-11-07,1318.7331565363688,1318.7331565363688,1297.4182609581876,1300.4561767578125,9611974.0,RELIANCE,-0.014863959263467397,False
2024-11-08,1292.4879180085577,1296.4720058402277,1269.9279963447846,1278.6431884765625,19814406.0,RELIANCE,-0.01677333590404584,False
2024-11-11,1273.8622221377802,1280.884225507143,1261.9598084895413,1267.6370849609375,9056552.0,RELIANCE,-0.008607642550177097,False
2024-11-12,1270.4759075040322,1284.1712099692156,1262.4578817905294,1269.1810302734375,10671091.0,RELIANCE,0.0012179710824313794,False
2024-11-13,1265.196886863478,1270.3761523895544,1244.5294313213271,1247.0693359375,14633633.0,RELIANCE,-0.017422017670066903,False
2024-11-14,1248.613186761178,1267.537605244334,1246.1231316976048,1262.5574951171875,12612633.0,RELIANCE,0.012419645590951989,False
2024-11-15,1248.613186761178,1267.537605244334,1246.1231316976048,1262.5574951171875,12612633.0,RELIANCE,0.0,False
2024-11-18,1262.55746761959,1267.8364328732807,1238.951794764919,1255.7347412109375,13620611.0,RELIANCE,-0.005403915411881233,False
2024-11-19,1255.734688515481,1276.4021442257297,1230.236550606767,1236.710693359375,14183746.0,RELIANCE,-0.01514973443612555,False
2024-11-20,1255.734688515481,1276.4021442257297,1230.236550606767,1236.710693359375,14183746.0,RELIANCE,0.0,False
2024-11-21,1236.7107220331202,1239.0014996478671,1212.407761281373,1218.1348876953125,19433843.0,RELIANCE,-0.015020332373453904,False
2024-11-22,1224.509420421979,1263.8024380613526,1217.586994857739,1260.3662109375,20471957.0,RELIANCE,0.03466883977199631,False
2024-11-25,1284.868314871977,1299.260783408558,1277.3483005192684,1281.8802490234375,28923341.0,RELIANCE,0.017069672210535236,False
2024-11-26,1289.7986377983043,1292.687125909721,1279.0914013187908,1290.545654296875,9247557.0,RELIANCE,0.0067599179252813,False
2024-11-27,1288.3543972122054,1298.6632001168684,1280.8842325588682,1288.0555419921875,9572746.0,RELIANCE,-0.0019295034595612215,False
2024-11-28,1284.818474176107,1291.442044503892,1264.0017125526565,1265.7447509765625,15027412.0,RELIANCE,-0.017321295773564005,False
2024-11-29,1274.9081506356404,1294.3305794929802,1270.177046170391,1287.0595703125,13202307.0,RELIANCE,0.016839745390603067,False
2024-12-02,1282.876370557777,1306.133460567327,1271.9699779978705,1303.9422607421875,11024152.0,RELIANCE,0.013117256434050262,False
2024-12-03,1311.760901783446,1321.5219654799555,1301.8006823317874,1318.035888671875,16869482.0,RELIANCE,0.010808475462453115,False
2024-12-04,1320.7251432865569,1323.1156203515295,1298.8625094957515,1303.742919921875,19608540.0,RELIANCE,-0.010844142312697147,False
2024-12-05,1309.1214514378748,1324.6593698468237,1300.9541199209712,1316.7908935546875,16858723.0,RELIANCE,0.010008087816572253,False
2024-12-06,1318.6334884089777,1318.6334884089777,1304.7887589399247,1306.3326416015625,9037514.0,RELIANCE,-0.007942226821521237,False
2024-12-09,1297.816673231309,1309.7689372979064,1287.9560310594236,1289.9979248046875,14650002.0,RELIANCE,-0.01250425525373744,False
2024-12-10,1284.121290398709,1289.7488386952923,1275.107243177966,1279.73876953125,16043729.0,RELIANCE,-0.00795284633887361,False
2024-12-11,1279.8882324099652,1284.8683422637005,1270.9738844056644,1273.115234375,11724373.0,RELIANCE,-0.005175693128900094,False
2024-12-12,1264.9479526569407,1273.1152845047754,1255.5853214463157,1257.876220703125,20906813.0,RELIANCE,-0.0119698620049552,False
2024-12-13,1254.9877622795104,1270.1272485556606,1234.6688884780408,1267.78662109375,28630222.0,RELIANCE,0.007878676953671393,False
2024-12-16,1269.9280595585296,1275.904191603511,1261.511722229068,1263.2547607421875,9486781.0,RELIANCE,-0.003574623896608675,False
2024-12-17,1256.033537225462,1258.8721754853295,1237.8561365143116,1240.34619140625,17462791.0,RELIANCE,-0.018134560064890004,False
2024-12-18,1235.714673937889,1254.9378248920182,1235.714673937889,1248.2645263671875,12670179.0,RELIANCE,0.006383971681293232,False
2024-12-19,1234.0712121990753,1239.947766097918,1224.1109925687356,1225.55517578125,14244653.0,RELIANCE,-0.018192738883663018,False
2024-12-20,1219.1309339507775,1234.5692750261348,1196.7204388413884,1200.50537109375,20312896.0,RELIANCE,-0.02043955684943488,False
2024-12-23,1210.166734877433,1222.3181546925216,1208.3738466363206,1217.437744140625,10052824.0,RELIANCE,0.014104370921263154,False
2024-12-24,1217.4377030050357,1228.6429501715868,1216.1428258096823,1217.8858642578125,6734917.0,RELIANCE,0.0003680846263756088,False
2024-12-25,1217.4377030050357,1228.6429501715868,1216.1428258096823,1217.8858642578125,6734917.0,RELIANCE,0.0,False
2024-12-26,1219.3798917928575,1222.8161189414398,1209.419672133533,1211.7105712890625,10016178.0,RELIANCE,-0.0050705022120551835,False
2024-12-27,1213.4536884394554,1223.0154756156849,1212.1588111658666,1216.1927490234375,7000397.0,RELIANCE,0.0036990497900886155,False
2024-12-30,1211.5611874241415,1218.3340640862093,1203.294156174512,1205.8837890625,8818766.0,RELIANCE,-0.008476419522493672,False
2024-12-31,1203.1945530395503,1214.2503727116298,1201.3519366916562,1210.6148681640625,6405475.0,RELIANCE,0.003923329216690696,False
2025-01-01,1210.0172807004092,1221.4218053468785,1206.7802092584152,1216.391845703125,5892590.0,RELIANCE,0.004771936716607028,False
2025-01-02,1216.3918076943417,1239.4994683243335,1215.1467802555553,1236.860107421875,15486276.0,RELIANCE,0.016827029703506913,False
2025-01-03,1238.9518139936486,1257.0296379589822,1230.5852047154665,1246.1729736328125,15521102.0,RELIANCE,0.007529441814037696,False
2025-01-06,1248.961727102304,1256.9797527645217,1210.1667191829588,1213.15478515625,14816766.0,RELIANCE,-0.026495670484899647,False
2025-01-07,1217.1388288273845,1239.5493228115215,1216.3918123612464,1235.913818359375,10070505.0,RELIANCE,0.018760205607393887,False
2025-01-08,1244.0314575822304,1265.9937909556584,1240.395953024955,1260.4658203125,19346579.0,RELIANCE,0.01986546439436765,False
2025-01-09,1261.9598138402198,1264.698874209644,1243.0852464738894,1249.758544921875,12794704.0,RELIANCE,-0.008494697133453744,False
2025-01-10,1248.8621307808614,1251.750618829338,1231.0831628192257,1236.959716796875,8120332.0,RELIANCE,-0.01024104070102605,False
2025-01-13,1225.1070543419412,1240.2963897717905,1221.5213994754447,1234.9178466796875,13764861.0,RELIANCE,-0.0016507167448225335,False
2025-01-14,1239.1509590647415,1248.3641626627486,1222.3680125031533,1233.822265625,13095266.0,RELIANCE,-0.0008871691810375948,False
2025-01-15,1239.9974688456068,1251.999581888204,1236.90982514039,1247.2186279296875,9578856.0,RELIANCE,0.010857611082177643,False
2025-01-16,1253.8920943102864,1269.9280238633037,1246.3223515830243,1261.4119873046875,14117603.0,RELIANCE,0.01138000913164694,False
2025-01-17,1316.9900509904955,1320.72513338128,1279.888232575373,1297.169189453125,29366277.0,RELIANCE,0.028346965549963965,False
2025-01-20,1310.764916385877,1310.764916385877,1295.07757031211,1300.2568359375,14040244.0,RELIANCE,0.002380295885440198,False
2025-01-21,1305.2868371165837,1307.776892128252,1265.1471016946018,1268.6331787109375,14562976.0,RELIANCE,-0.02432108515219722,False
2025-01-22,1273.2149526536994,1277.7966294698952,1263.6530443254642,1272.0196533203125,10273590.0,RELIANCE,0.0026693883355755066,False
2025-01-23,1264.947884048613,1272.2686211078578,1256.581275301743,1258.6231689453125,8720682.0,RELIANCE,-0.010531664616998282,False
2025-01-24,1260.9638702056577,1267.9360243063209,1238.5533748820974,1241.34228515625,14235970.0,RELIANCE,-0.013729990211083898,False
2025-01-27,1234.1708090151494,1235.515414368934,1215.1468135462453,1224.4595947265625,9536019.0,RELIANCE,-0.013600350710330056,False
2025-01-28,1233.0752790316255,1239.7984277662488,1213.652849353825,1229.4896240234375,10568025.0,RELIANCE,0.004107958579064652,False
2025-01-29,1231.0832160878692,1237.8063647194172,1223.1648896668228,1230.585205078125,5928156.0,RELIANCE,0.0008910860517084007,False
2025-01-30,1230.635044492625,1251.9996679975989,1227.497550840604,1248.0654296875,9269259.0,RELIANCE,0.014204806410186954,False
2025-01-31,1250.8541794958078,1261.9598488917904,1244.0314532484974,1260.0673828125,6584612.0,RELIANCE,0.00961644545190632,False
2025-02-03,1246.0235355947286,1251.003645649064,1232.6270881824537,1240.94384765625,9252345.0,RELIANCE,-0.015176597233685918,False
2025-02-04,1243.085282988569,1283.6731787459128,1241.6409781641655,1280.08740234375,16691069.0,RELIANCE,0.031543373023227295,False
2025-02-05,1277.5476050956522,1285.366353249074,1271.6212014188793,1273.115234375,10112028.0,RELIANCE,-0.0054466343126137184,False
2025-02-06,1268.6331564996678,1282.8763195509282,1265.2965071593935,1276.4520263671875,9956001.0,RELIANCE,0.002620966195432839,False
2025-02-07,1271.073491533156,1278.5933846345008,1256.979756005846,1261.6610107421875,8764283.0,RELIANCE,-0.011587600097353934,False
2025-02-10,1259.469777897567,1261.461821832557,1240.5952102474196,1248.6629638671875,6970972.0,RELIANCE,-0.010302329044276082,False
2025-02-11,1259.519670533727,1259.519670533727,1225.2066396338644,1229.937744140625,8859714.0,RELIANCE,-0.014996216167547205,False
2025-02-12,1214.5989377224969,1222.0193743195214,1188.6027887286011,1211.7105712890625,21131654.0,RELIANCE,-0.014819589803139244,False
2025-02-13,1212.2086229517822,1223.1150152108587,1207.1786632211406,1211.2623291015625,8511216.0,RELIANCE,-0.0003699251274362769,False
2025-02-14,1214.1507532507958,1219.1308629852126,1200.6546072366425,1212.40771484375,10298145.0,RELIANCE,0.0009456132785348181,False
2025-02-17,1206.2821918357026,1222.6169765728448,1199.7084711054922,1220.02734375,8166683.0,RELIANCE,0.006284708364159508,False
2025-02-18,1219.9775298877432,1225.0074896525716,1211.2623373341316,1220.525390625,6673250.0,RELIANCE,0.0004082259939102162,False
2025-02-19,1214.6488125132394,1227.8461038341088,1212.706618273488,1222.567138671875,6217338.0,RELIANCE,0.0016728435660231522,False
2025-02-20,1219.0810452834291,1234.4198079853766,1217.1388510698623,1228.0950927734375,7795582.0,RELIANCE,0.004521595523635513,False
2025-02-21,1223.8121434284387,1235.0672403005465,1217.2882724889691,1223.264404296875,6904025.0,RELIANCE,-0.003933480806973422,False
2025-02-24,1211.7105497558396,1218.3838481751116,1205.68456833515,1209.718505859375,7172498.0,RELIANCE,-0.011073565444983391,False
2025-02-25,1206.1826029932777,1216.142822671174,1196.7203942992758,1199.21044921875,11552182.0,RELIANCE,-0.008686365125215811,False
2025-02-26,1206.1826029932777,1216.142822671174,1196.7203942992758,1199.21044921875,11552182.0,RELIANCE,0.0,False
2025-02-27,1207.975493883109,1210.166693583284,1195.8738026303336,1202.298095703125,11509215.0,RELIANCE,0.0025747328055609753,False
2025-02-28,1197.218393771922,1212.5073065135475,1188.5530513693543,1195.325927734375,23007298.0,RELIANCE,-0.0057990343606695305,False
2025-03-03,1199.2104168056296,1201.6506219268736,1151.4013636439431,1166.5906982421875,17944938.0,RELIANCE,-0.02403966050217987,False
2025-03-04,1157.576687742468,1169.3297956512124,1154.9373267832575,1157.2779541015625,11377373.0,RELIANCE,-0.007982871931567215,False
2025-03-05,1156.38156474498,1178.294049175979,1152.3974766666165,1170.9234619140625,8664095.0,RELIANCE,0.011791037549914618,False
2025-03-06,1192.2383549047067,1209.1208794668382,1180.4355183146993,1204.7882080078125,14468014.0,RELIANCE,0.02892140024113332,False
2025-03-07,1211.1627762331514,1249.8084792402678,1207.178688153437,1244.828369140625,16474965.0,RELIANCE,0.033234190762060356,False
2025-03-10,1240.0473535020744,1252.9956391209716,1230.4855669004469,1233.4736328125,11931051.0,RELIANCE,-0.00912152760140239,False
2025-03-11,1235.0672477916655,1244.5294565449085,1224.858022557904,1242.3382568359375,10089838.0,RELIANCE,0.007186715457569104,False
2025-03-12,1252.995610693361,1257.9757204337957,1239.0513034201438,1252.0494384765625,11977555.0,RELIANCE,0.007816857918678366,False
2025-03-13,1255.0376050433522,1259.1212710412997,1238.901975238559,1242.9359130859375,9505270.0,RELIANCE,-0.007278886208929469,False
2025-03-14,1255.0376050433522,1259.1212710412997,1238.901975238559,1242.9359130859375,9505270.0,RELIANCE,0.0,False
2025-03-17,1237.208673957254,1252.398008503818,1228.1946267891797,1233.9217529296875,16640917.0,RELIANCE,-0.007252312899922453,False
2025-03-18,1237.208673957254,1252.398008503818,1228.1946267891797,1233.9217529296875,16640917.0,RELIANCE,0.0,False
2025-03-19,1236.113132982547,1248.264552564328,1233.8720835165427,1242.1888427734375,16162399.0,RELIANCE,0.006699849341436304,False
2025-03-20,1246.8700894970418,1267.9359786597456,1245.0773228865291,1264.101318359375,15971477.0,RELIANCE,0.017640212849612702,False
2025-03-21,1269.927977701306,1275.9041093610767,1265.0474458622175,1271.2725830078125,21780769.0,RELIANCE,0.005673014136038379,False
2025-03-24,1285.86434660882,1300.8046759652354,1279.141198398433,1296.920166015625,20299319.0,RELIANCE,0.02017473148609139,False
2025-03-25,1302.497915186312,1302.497915186312,1277.4977874103538,1280.33642578125,13713899.0,RELIANCE,-0.012787017018420888,False
2025-03-26,1285.8643858858131,1288.65329608475,1263.7028966635362,1267.98583984375,12074747.0,RELIANCE,-0.009646359885421396,False
2025-03-27,1273.0655062272906,1279.8882324099652,1266.242780044616,1273.115234375,15028056.0,RELIANCE,0.004045309001149411,False
2025-03-28,1274.9081198538831,1290.5954658598978,1263.9518781988888,1270.027587890625,18147129.0,RELIANCE,-0.0024252686646160093,False
2025-03-31,1274.9081198538831,1290.5954658598978,1263.9518781988888,1270.027587890625,18147129.0,RELIANCE,0.0,False
2025-04-01,1259.5693287834792,1272.8164693011493,1244.330265958221,1247.6170654296875,12099648.0,RELIANCE,-0.017645697364857216,False
2025-04-02,1242.5873186806543,1250.5554948342144,1238.9518139936486,1246.1729736328125,10142590.0,RELIANCE,-0.001157479996779065,False
2025-04-03,1228.145018441354,1246.8204315907722,1228.145018441354,1243.732666015625,7434366.0,RELIANCE,-0.0019582414871938125,False
2025-04-04,1236.162816017271,1240.4954871764826,1188.4036122186155,1199.9075927734375,17908652.0,RELIANCE,-0.035236730882516665,False
2025-04-07,1127.6960086529814,1166.590714623955,1110.415052053189,1161.062744140625,22156106.0,RELIANCE,-0.03237320012537581,False
2025-04-08,1167.3378163352843,1191.8399338970503,1158.6724733291408,1177.4971923828125,19555040.0,RELIANCE,0.014154659879601628,False
2025-04-09,1164.8477193030517,1185.0670143686195,1163.3536863154889,1180.6346435546875,10223104.0,RELIANCE,0.0026645084100167526,False
2025-04-10,1164.8477193030517,1185.0670143686195,1163.3536863154889,1180.6346435546875,10223104.0,RELIANCE,0.0,False
2025-04-11,1190.3957018139645,1217.786306450343,1190.3957018139645,1214.1009521484375,11224242.0,RELIANCE,0.02834603302253491,False
2025-04-14,1190.3957018139645,1217.786306450343,1190.3957018139645,1214.1009521484375,11224242.0,RELIANCE,0.0,False
2025-04-15,1246.0235343416643,1246.0235343416643,1232.1788040875913,1235.1668701171875,13378535.0,RELIANCE,0.017351043116696552,False
2025-04-16,1229.1907298200806,1235.9637280756608,1224.111041920754,1234.3701171875,8248464.0,RELIANCE,-0.0006450569141414064,False
2025-04-17,1235.266450081142,1275.1073305428426,1222.7165970526498,1269.4300537109375,15398401.0,RELIANCE,0.028403098904663304,False
2025-04-18,1235.266450081142,1275.1073305428426,1222.7165970526498,1269.4300537109375,15398401.0,RELIANCE,0.0,False
2025-04-21,1264.947875835223,1295.7249783909904,1261.9598099867933,1290.346435546875,10429964.0,RELIANCE,0.016476986482864886,False
2025-04-22,1294.8286411452225,1298.713151385602,1281.1831879455033,1286.0635986328125,13051707.0,RELIANCE,-0.003319137245686554,False
2025-04-23,1291.840547250601,1300.804745342548,1280.286716249035,1294.82861328125,10480888.0,RELIANCE,0.006815381959146771,False
2025-04-24,1287.2588872304611,1299.3107293954529,1285.167265298474,1296.4222412109375,10468940.0,RELIANCE,0.0012307636032609093,False
2025-04-25,1298.3146947064158,1319.928323767296,1282.9759313802824,1295.22705078125,14431012.0,RELIANCE,-0.00092191447484824,False
2025-04-28,1334.669497851195,1369.1318351951852,1314.9482133535364,1363.35498046875,31104496.0,RELIANCE,0.05259921775599641,False
2025-04-29,1365.5461749701867,1405.2874774645995,1364.5501529607263,1394.1319580078125,32538970.0,RELIANCE,0.022574441711784132,False
2025-04-30,1396.4228227174156,1406.781475676485,1363.5540972183608,1399.410888671875,25480745.0,RELIANCE,0.0037865358682445116,False
2025-05-01,1396.4228227174156,1406.781475676485,1363.5540972183608,1399.410888671875,25480745.0,RELIANCE,0.0,False
2025-05-02,1408.3751233126775,1421.024554216323,1403.4945911426703,1414.152099609375,13007841.0,RELIANCE,0.0105338689707426,False
2025-05-05,1425.3074680112338,1433.773654928142,1421.2238021682567,1425.6063232421875,12685649.0,RELIANCE,0.008099711223408246,False
2025-05-06,1425.3074785225756,1426.3035005201457,1404.9886054552055,1415.2476806640625,14084117.0,RELIANCE,-0.007266131195719505,False
2025-05-07,1415.2476117092149,1418.733688530858,1397.1199392858432,1400.4068603515625,13440169.0,RELIANCE,-0.010486376706539735,False
2025-05-08,1398.51446598441,1415.1481063364454,1392.438756100913,1401.4029541015625,16106175.0,RELIANCE,0.0007112888248419491,False
2025-05-09,1379.988466695066,1389.251519832932,1369.032224808638,1371.721435546875,13668904.0,RELIANCE,-0.021179860130747574,False
2025-05-12,1394.430721507353,1433.275577320772,1394.430721507353,1430.7855224609375,10674081.0,RELIANCE,0.04305836840007893,False
2025-05-13,1427.7974767909468,1441.9409399606418,1406.7814377941193,1410.0682373046875,11407896.0,RELIANCE,-0.014479658083635383,False
2025-05-14,1414.3512435205853,1424.2118856620737,1409.8691445094285,1418.7337646484375,5570160.0,RELIANCE,0.006145466662176524,False
2025-05-15,1419.3313670179805,1455.5865925696291,1407.0802476372012,1448.4151611328125,20177211.0,RELIANCE,0.020921047503038803,False
2025-05-16,1447.419102005185,1455.1881221330052,1441.542669553187,1450.6064453125,9036695.0,RELIANCE,0.0015128840393894283,False
2025-05-19,1446.3234565863577,1448.81351147394,1432.4787270944578,1435.0684814453125,6195791.0,RELIANCE,-0.010711357251580567,False
2025-05-20,1432.4787356808251,1439.2517336495314,1416.1440727881434,1418.932861328125,11270560.0,RELIANCE,-0.011243797996968508,False
2025-05-21,1418.235682967954,1430.486680037078,1412.458707007589,1423.5145263671875,6136364.0,RELIANCE,0.0032289512519809715,False
2025-05-22,1415.5464438973825,1418.1361984129633,1391.3431818014155,1403.79345703125,12134466.0,RELIANCE,-0.0138537886130784,False
2025-05-23,1401.004549811851,1428.0964217220903,1401.004549811851,1421.124267578125,6474883.0,RELIANCE,0.012345698336225563,False
2025-05-26,1426.3034970063509,1435.2676949623965,1419.430920923106,1429.0924072265625,4842944.0,RELIANCE,0.005606926734152973,False
2025-05-27,1420.426959119657,1431.2836233071982,1408.275539274527,1416.44287109375,12640414.0,RELIANCE,-0.008851447302390625,False
2025-05-28,1414.4508509493858,1416.9409060075968,1405.0882196135674,1407.279541015625,5944611.0,RELIANCE,-0.0064692549661740095,False
2025-05-29,1406.4826358531975,1414.3512339364067,1402.996558868143,1412.1600341796875,13771917.0,RELIANCE,0.003468033906426582,False
2025-05-30,1412.3591925541664,1424.9090454066045,1404.0921613404494,1415.2476806640625,13788484.0,RELIANCE,0.0021864706617111818,False
2025-06-02,1406.4826830156508,1411.8612262898896,1390.0483195350275,1408.0762939453125,8098668.0,RELIANCE,-0.005067230857700444,False
2025-06-03,1416.6421539546416,1420.825397764224,1397.8173136420835,1399.908935546875,11252626.0,RELIANCE,-0.005800366381819577,False
2025-06-04,1409.0722382665938,1420.0284799827916,1400.506473605418,1417.8372802734375,8126827.0,RELIANCE,0.012806793550152351,False
2025-06-05,1422.3193687346825,1448.913106617055,1417.9368477633757,1436.662109375,13716817.0,RELIANCE,0.013277143550585846,False
2025-06-06,1435.2676355449807,1445.7258660607492,1431.28354772945,1437.7576904296875,8182161.0,RELIANCE,0.0007625878399228903,False
2025-06-09,1451.204075048637,1451.70208605586,1439.5506661134996,1443.0367431640625,7885125.0,RELIANCE,0.003671726306536005,False
2025-06-10,1444.2318404180787,1448.1163503747662,1430.2875329933524,1432.777587890625,7913181.0,RELIANCE,-0.007109420686643664,False
2025-06-11,1440.048586734708,1462.7578142878924,1437.3592545136698,1443.13623046875,8195700.0,RELIANCE,0.007229763129792621,False
2025-06-12,1447.7179200254843,1451.2039968882907,1428.6939248911117,1435.865234375,8828114.0,RELIANCE,-0.0050383296741072225,False
2025-06-13,1418.335338487147,1429.7895915718395,1408.673973649598,1422.2198486328125,9757276.0,RELIANCE,-0.009503249619472132,False
2025-06-16,1421.223780491138,1436.6621211041454,1418.7337255535565,1432.0804443359375,8458093.0,RELIANCE,0.006933242924857197,False
2025-06-17,1442.2398094911548,1442.2398094911548,1420.12817043809,1425.506591796875,10366599.0,RELIANCE,-0.004590421274910161,False
2025-06-18,1424.3114328610282,1437.0605628519918,1420.028489708749,1424.4110107421875,6681735.0,RELIANCE,-0.000768555586478592,False
2025-06-19,1424.4110453044384,1434.1721095891817,1420.0285241646616,1427.598388671875,10007230.0,RELIANCE,0.002237681333301822,False
2025-06-20,1425.3075053013415,1465.148385952672,1422.4190171371763,1460.367431640625,29010635.0,RELIANCE,0.022953964664555127,False
2025-06-23,1447.2199506188397,1457.9770367383994,1436.2637087352834,1451.0048828125,5989078.0,RELIANCE,-0.006411091226272259,False
2025-06-24,1459.1721495093714,1469.1323689599471,1437.359244595668,1445.0286865234375,16402744.0,RELIANCE,-0.0041186603572820335,False
2025-06-25,1458.1762135192969,1466.5428226679085,1454.690136506102,1461.463134765625,7525851.0,RELIANCE,0.0113730948011328,False
2025-06-26,1463.2558362824063,1492.8377614283193,1459.2717484446844,1489.3516845703125,14657893.0,RELIANCE,0.019082622846425812,False
2025-06-27,1493.4353527246628,1515.9454247275912,1490.9452978220222,1509.3717041015625,11117052.0,RELIANCE,0.013442103526425164,False
2025-06-30,1507.7781788170053,1518.734421010171,1490.0489382705405,1494.630615234375,8409527.0,RELIANCE,-0.00976637419870141,False
2025-07-01,1494.630607775488,1525.3081343971446,1494.132596769193,1522.320068359375,10368523.0,RELIANCE,0.018525950721715922,False
2025-07-02,1522.3200879079554,1523.9136988316195,1502.6983810571346,1512.75830078125,6361002.0,RELIANCE,-0.006281049417176665,False
2025-07-03,1514.7502729656237,1525.806092605863,1506.9812529023668,1511.76220703125,11283291.0,RELIANCE,-0.0006584619297647087,False
2025-07-04,1517.9375659885409,1523.913698138102,1511.1645675851505,1521.2244873046875,6603501.0,RELIANCE,0.0062591062466228475,False
2025-07-07,1520.5271677380254,1538.65484117058,1518.933556847784,1535.367919921875,7251074.0,RELIANCE,0.009297400045306103,False
2025-07-08,1529.8897875590692,1538.7544076502809,1524.1128113419518,1531.4833984375,7171261.0,RELIANCE,-0.0025300264737670997,False
2025-07-09,1530.586937987722,1544.8301010282516,1504.0927774643353,1512.9573974609375,8870660.0,RELIANCE,-0.012096769051145873,False
2025-07-10,1513.654605815878,1518.6347158851345,1501.5031858807802,1511.16455078125,10047129.0,RELIANCE,-0.0011849948205391314,False
2025-07-11,1505.9852937598653,1508.9733598189127,1484.371664566644,1489.2520751953125,7234991.0,RELIANCE,-0.014500390162414223,False
2025-07-14,1486.263916129696,1494.0329360309418,1473.2160528053016,1477.7977294921875,10311846.0,RELIANCE,-0.007691341105986238,False
2025-07-15,1480.2878335086834,1490.5469086437597,1476.503022895967,1479.4910888671875,8132454.0,RELIANCE,0.001145866813303309,False
2025-07-16,1467.1403332858122,1485.068728397248,1465.6463003598592,1479.690185546875,10409983.0,RELIANCE,0.000134571057024635,False
2025-07-17,1481.4830970988437,1483.674296790977,1468.0368005528198,1470.52685546875,11854613.0,RELIANCE,-0.006192735592645882,False
2025-07-18,1478.8934598804974,1478.8934598804974,1463.2558421043927,1470.12841796875,10296318.0,RELIANCE,-0.0002709488089376322,False
2025-07-21,1459.1722169809668,1470.128458883213,1417.4388712363768,1422.9169921875,22442744.0,RELIANCE,-0.032113810742112725,False
2025-07-22,1421.721828538219,1426.2039275426996,1405.0881881707603,1407.179931640625,20396320.0,RELIANCE,-0.011059717912765832,False
2025-07-23,1420.327316390472,1420.327316390472,1408.773485959778,1418.932861328125,8354596.0,RELIANCE,0.008352115762336965,False
2025-07-24,1413.554298653669,1417.3392306864348,1390.4466381154343,1397.3192138671875,14740507.0,RELIANCE,-0.015232325679389147,False
2025-07-25,1393.3351272649268,1395.4267490386208,1378.593953801798,1386.1636962890625,11854722.0,RELIANCE,-0.007983514051346452,False
2025-07-28,1386.7614543919697,1402.199795115413,1379.490445288333,1382.080078125,7748361.0,RELIANCE,-0.002945985510221405,False
2025-07-29,1377.498442270458,1414.550412474214,1377.498442270458,1411.4627685546875,10750072.0,RELIANCE,0.02125975975975969,False
2025-07-30,1412.458776601272,1417.6381639620697,1395.7256799199,1404.4906005859375,7209849.0,RELIANCE,-0.004939675437482083,False
2025-07-31,1382.5780559389789,1397.0203743336986,1376.7015020683227,1384.669677734375,17065827.0,RELIANCE,-0.014112535066659326,False
2025-08-01,1381.3828853186424,1400.3073026227253,1378.7932525308158,1388.15576171875,10321171.0,RELIANCE,0.0025176286015586857,False
2025-08-04,1389.550225151016,1410.466686507784,1386.1637261382157,1405.885009765625,6312820.0,RELIANCE,0.012771800208446038,False
2025-08-05,1405.38696851784,1405.38696851784,1382.5780415934858,1386.1636962890625,9315972.0,RELIANCE,-0.014027686005308682,False
2025-08-06,1386.3630773472378,1390.3471654369864,1377.797312271222,1387.259521484375,5834312.0,RELIANCE,0.0007905453001302298,False
2025-08-07,1382.1796145349972,1388.1557462486337,1360.5659868045632,1383.8729248046875,9976705.0,RELIANCE,-0.0024412135056487427,False
2025-08-08,1379.4904158119157,1391.6418351007062,1359.569976594415,1362.35888671875,8793606.0,RELIANCE,-0.015546252622128498,False
2025-08-11,1364.5501609316866,1382.4785572067017,1355.7851185633474,1380.6856689453125,9997486.0,RELIANCE,0.01345224258102995,False
2025-08-12,1376.402846498686,1396.3232867936674,1369.7294260490362,1374.9088134765625,12244664.0,RELIANCE,-0.004184048258546014,False
2025-08-13,1382.4785186353236,1386.2634508216695,1372.0202877666843,1377.0999755859375,7457021.0,RELIANCE,0.001593678131886156,False
2025-08-14,1377.300048828125,1380.699951171875,1370.0999755859375,1373.800048828125,7126128.0,RELIANCE,-0.0023962869917331098,False
2025-08-15,1377.300048828125,1380.699951171875,1370.0999755859375,1373.800048828125,7126128.0,RELIANCE,0.0,False
2025-08-18,1390.0,1394.9000244140625,1377.0,1381.699951171875,11785109.0,RELIANCE,0.005750401851047249,False
2025-08-19,1390.0,1421.0,1389.0999755859375,1420.0999755859375,14384719.0,RELIANCE,0.027791869270527236,False
2025-08-20,1413.0,1424.9000244140625,1410.0,1413.0,8725641.0,RELIANCE,-0.0049996308062804085,False
2025-08-21,1425.0,1431.9000244140625,1420.300048828125,1424.800048828125,11021323.0,RELIANCE,0.00835106074177272,False
2025-08-22,1420.0,1423.4000244140625,1407.9000244140625,1409.199951171875,5818868.0,RELIANCE,-0.010948973274587437,False
2025-08-25,1414.699951171875,1419.5,1405.699951171875,1412.5999755859375,5979407.0,RELIANCE,0.0024127338432242684,False
2025-08-26,1408.0,1410.0,1381.5999755859375,1384.9000244140625,12145259.0,RELIANCE,-0.01960919697764063,False
2025-08-27,1408.0,1410.0,1381.5999755859375,1384.9000244140625,12145259.0,RELIANCE,0.0,False
2025-08-28,1389.9000244140625,1392.199951171875,1366.5,1385.9000244140625,13161813.0,RELIANCE,0.0007220737832127622,False
2025-08-29,1381.0999755859375,1403.5,1350.0,1357.199951171875,18758842.0,RELIANCE,-0.02070861731481788,False
2025-09-01,1356.0,1363.199951171875,1340.5999755859375,1353.9000244140625,11232238.0,RELIANCE,-0.002431422691227758,False
2025-09-02,1354.800048828125,1384.5,1354.5,1366.5,11517006.0,RELIANCE,0.009306429838784158,False
2025-09-03,1369.699951171875,1376.5,1360.5,1372.5999755859375,7847563.0,RELIANCE,0.004463941153265649,False
2025-09-04,1371.800048828125,1374.0,1357.0999755859375,1359.300048828125,13223177.0,RELIANCE,-0.009689586911244885,False
2025-09-05,1363.0,1381.0,1359.300048828125,1375.0,5777575.0,RELIANCE,0.011550026195769059,False
2025-09-08,1380.0,1386.0,1372.4000244140625,1378.5,6986720.0,RELIANCE,0.0025454545454546285,False
2025-09-09,1376.5999755859375,1381.199951171875,1368.699951171875,1376.199951171875,9754452.0,RELIANCE,-0.0016685156533369216,False
2025-09-10,1383.9000244140625,1388.5,1374.0999755859375,1377.0,7790815.0,RELIANCE,0.0005813463570054633,False
2025-09-11,1376.0,1385.5,1375.0,1383.300048828125,9766072.0,RELIANCE,0.0045751988584785686,False
2025-09-12,1383.300048828125,1396.300048828125,1380.5,1395.0,7403368.0,RELIANCE,0.008457999536533478,False
2025-09-15,1393.0,1400.800048828125,1388.5999755859375,1399.300048828125,5396697.0,RELIANCE,0.0030824722782258895,False
2025-09-16,1404.699951171875,1408.0,1398.199951171875,1405.300048828125,8686961.0,RELIANCE,0.004287858065198158,False
2025-09-17,1407.0,1416.199951171875,1406.9000244140625,1413.800048828125,7519417.0,RELIANCE,0.006048530352708692,False
2025-09-18,1420.4000244140625,1422.0,1410.699951171875,1415.0,9332642.0,RELIANCE,0.0008487417813216602,False
2025-09-19,1414.9000244140625,1417.0,1403.5999755859375,1407.4000244140625,13461373.0,RELIANCE,-0.005371007481227874,False
2025-09-22,1403.9000244140625,1410.699951171875,1388.0,1390.5999755859375,7757970.0,RELIANCE,-0.011936939417859782,False
2025-09-23,1391.0,1395.0,1376.800048828125,1389.800048828125,14014702.0,RELIANCE,-0.0005752385818038608,False
2025-09-24,1385.300048828125,1396.0,1380.4000244140625,1383.0,5922759.0,RELIANCE,-0.0048928252908457814,False
2025-09-25,1381.300048828125,1384.5,1369.0,1372.4000244140625,11411143.0,RELIANCE,-0.007664479816296144,False
2025-09-26,1372.0,1382.699951171875,1366.0,1377.5999755859375,9879109.0,RELIANCE,0.0037889471578049783,False
2025-09-29,1381.5999755859375,1389.0,1368.0,1372.800048828125,14231999.0,RELIANCE,-0.003484267452727674,False
2025-09-30,1377.0999755859375,1377.0999755859375,1362.800048828125,1364.0,14604684.0,RELIANCE,-0.00641029175052632,False
2025-10-01,1367.0,1378.5999755859375,1362.699951171875,1368.699951171875,12045916.0,RELIANCE,0.0034457120028408283,False
2025-10-02,1367.0,1378.5999755859375,1362.699951171875,1368.699951171875,12045916.0,RELIANCE,0.0,False
2025-10-03,1363.199951171875,1371.5999755859375,1356.9000244140625,1363.4000244140625,12842347.0,RELIANCE,-0.003872234198061264,False
2025-10-06,1360.0,1377.4000244140625,1359.0,1375.0,12396580.0,RELIANCE,0.008508123352075403,False
2025-10-07,1376.0,1395.9000244140625,1375.9000244140625,1384.800048828125,11244040.0,RELIANCE,0.007127308238636276,False
2025-10-08,1384.800048828125,1389.0,1364.5,1367.4000244140625,8525081.0,RELIANCE,-0.012565008521473686,False
2025-10-09,1374.0,1380.0,1369.0999755859375,1377.800048828125,8826633.0,RELIANCE,0.00760569272222944,False
2025-10-10,1377.800048828125,1388.0,1375.0999755859375,1381.699951171875,6373084.0,RELIANCE,0.002830528527754783,False
2025-10-13,1376.9000244140625,1377.699951171875,1367.800048828125,1375.0,7600682.0,RELIANCE,-0.00484906376828953,False
2025-10-14,1380.0,1388.0,1370.0999755859375,1375.9000244140625,9768174.0,RELIANCE,0.0006545632102272769,False
2025-10-15,1383.0,1384.0,1372.699951171875,1374.300048828125,10882743.0,RELIANCE,-0.0011628574442528183,False
2025-10-16,1375.0999755859375,1400.5,1375.0,1398.300048828125,12315932.0,RELIANCE,0.017463435310553166,False
2025-10-17,1401.0,1423.300048828125,1399.0999755859375,1416.800048828125,19335561.0,RELIANCE,0.013230350678671732,False
2025-10-20,1440.0,1473.800048828125,1433.300048828125,1466.800048828125,24721978.0,RELIANCE,0.035290794944111026,False
2025-10-21,1468.0,1474.0,1460.0,1465.199951171875,2066169.0,RELIANCE,-0.0010908764678105864,False
2025-10-22,1468.0,1474.0,1460.0,1465.199951171875,2066169.0,RELIANCE,0.0,False
2025-10-23,1475.0,1482.9000244140625,1444.5999755859375,1448.4000244140625,18707090.0,RELIANCE,-0.011465961860274265,False
2025-10-24,1450.0,1459.800048828125,1441.0,1451.5999755859375,9700837.0,RELIANCE,0.0022093006889927214,False
2025-10-27,1463.0,1485.0,1458.0,1484.0999755859375,14113867.0,RELIANCE,0.022389088279559433,False
2025-10-28,1484.0999755859375,1492.0,1477.5999755859375,1486.9000244140625,17631577.0,RELIANCE,0.0018866982509178065,False
2025-10-29,1490.0,1508.300048828125,1488.0999755859375,1504.199951171875,11884745.0,RELIANCE,0.011634895738622308,False
2025-10-30,1500.0,1503.0999755859375,1484.0,1488.5,9318663.0,RELIANCE,-0.01043740970716267,False
2025-10-31,1490.4000244140625,1497.5,1482.300048828125,1486.4000244140625,8758053.0,RELIANCE,-0.0014107998561890822,False
2025-11-03,1486.0,1495.0,1479.300048828125,1484.699951171875,8452085.0,RELIANCE,-0.0011437521624487745,False
2025-11-04,1483.9000244140625,1492.800048828125,1470.0999755859375,1473.0999755859375,10007806.0,RELIANCE,-0.007813010013761779,False
2025-11-05,1483.9000244140625,1492.800048828125,1470.0999755859375,1473.0999755859375,10007806.0,RELIANCE,0.0,False
2025-11-06,1484.0,1501.5999755859375,1476.199951171875,1496.0999755859375,16772678.0,RELIANCE,0.015613332686976289,False
2025-11-07,1494.5999755859375,1498.4000244140625,1475.9000244140625,1478.0,7821765.0,RELIANCE,-0.012098105662256109,False
2025-11-10,1477.9000244140625,1501.0,1475.5,1489.300048828125,7068438.0,RELIANCE,0.007645499883710993,False
2025-11-11,1497.0,1498.800048828125,1480.199951171875,1493.4000244140625,7127506.0,RELIANCE,0.002752954711284339,False
2025-11-12,1505.0,1524.699951171875,1500.0,1511.5,12384459.0,RELIANCE,0.012119978096986506,False
2025-11-13,1515.0,1522.0999755859375,1506.800048828125,1510.9000244140625,7196443.0,RELIANCE,-0.0003969405133559256,False
2025-11-14,1505.5,1520.9000244140625,1505.5,1518.9000244140625,7682823.0,RELIANCE,0.0052948572842219654,False
2025-11-17,1520.9000244140625,1523.699951171875,1511.5,1518.300048828125,5871416.0,RELIANCE,-0.00039500663394154145,False
2025-11-18,1521.699951171875,1527.800048828125,1510.5,1519.4000244140625,11045042.0,RELIANCE,0.0007244783972617519,False
2025-11-19,1517.4000244140625,1522.300048828125,1512.0,1518.9000244140625,5692366.0,RELIANCE,-0.0003290772620546667,False
2025-11-20,1530.0,1550.9000244140625,1526.699951171875,1549.0999755859375,18171724.0,RELIANCE,0.019882777461620593,False
2025-11-21,1541.0,1557.800048828125,1540.0999755859375,1546.5999755859375,9615271.0,RELIANCE,-0.0016138403197988316,False
2025-11-24,1550.0,1550.0,1531.800048828125,1535.9000244140625,18433951.0,RELIANCE,-0.006918370193185419,False
2025-11-25,1535.9000244140625,1559.5999755859375,1525.0999755859375,1539.699951171875,15033482.0,RELIANCE,0.002474071682668333,False
2025-11-26,1542.300048828125,1571.5999755859375,1540.5,1569.9000244140625,14054299.0,RELIANCE,0.019614258751649682,False
2025-11-27,1575.0,1575.5,1556.0,1563.4000244140625,9794643.0,RELIANCE,-0.004140391043325198,False
2025-11-28,1568.0,1581.300048828125,1563.0,1567.5,8959508.0,RELIANCE,0.0026224737891213934,False
2025-12-01,1575.0,1577.5,1563.5999755859375,1566.0999755859375,8920233.0,RELIANCE,-0.0008931575209329967,False
2025-12-02,1561.0999755859375,1567.5,1542.0,1546.300048828125,11389150.0,RELIANCE,-0.012642824255459595,False
2025-12-03,1545.199951171875,1552.4000244140625,1533.0,1538.800048828125,6090883.0,RELIANCE,-0.004850287630582373,False
2025-12-04,1536.0,1560.5,1517.5999755859375,1535.5999755859375,11867930.0,RELIANCE,-0.0020795900316122884,False
2025-12-05,1530.4000244140625,1545.800048828125,1520.5999755859375,1540.5999755859375,10183266.0,RELIANCE,0.0032560563164194534,False
2025-12-08,1539.199951171875,1551.0,1535.0,1543.0,11301491.0,RELIANCE,0.0015578504816928795,False
2025-12-09,1540.300048828125,1542.5,1520.0999755859375,1529.4000244140625,11503971.0,RELIANCE,-0.008813982881359372,False
2025-12-10,1534.0,1547.5,1531.4000244140625,1536.9000244140625,7991629.0,RELIANCE,0.004903883797748421,False
2025-12-11,1536.9000244140625,1550.0,1524.0,1545.0,4706197.0,RELIANCE,0.005270333435660968,False
2025-12-12,1550.800048828125,1559.800048828125,1546.0999755859375,1556.5,5106655.0,RELIANCE,0.007443365695792847,False
2025-12-15,1551.199951171875,1558.5999755859375,1546.5,1556.199951171875,5774543.0,RELIANCE,-0.000192771492531274,False
2025-12-16,1545.0,1551.699951171875,1538.800048828125,1542.300048828125,11731856.0,RELIANCE,-0.00893195140719727,False
2025-12-17,1550.0,1550.0,1539.300048828125,1544.4000244140625,7116649.0,RELIANCE,0.001361586928259051,False
2025-12-18,1535.199951171875,1551.5,1535.199951171875,1544.4000244140625,6580829.0,RELIANCE,0.0,False
2025-12-19,1554.4000244140625,1574.199951171875,1551.0,1565.0999755859375,13937275.0,RELIANCE,0.013403231575140895,False
2025-12-22,1573.5,1577.5,1565.300048828125,1575.4000244140625,10184852.0,RELIANCE,0.006581080434985509,False
2025-12-23,1580.9000244140625,1580.9000244140625,1568.0999755859375,1570.699951171875,7506564.0,RELIANCE,-0.0029834157479688983,False
2025-12-24,1572.699951171875,1575.699951171875,1553.5999755859375,1558.199951171875,8815745.0,RELIANCE,-0.00795823542916263,False
2025-12-25,1572.699951171875,1575.699951171875,1553.5999755859375,1558.199951171875,8815745.0,RELIANCE,0.0,False
2025-12-26,1554.699951171875,1561.0,1554.300048828125,1559.199951171875,2311495.0,RELIANCE,0.0006417661605289116,False
2025-12-29,1554.9000244140625,1558.0999755859375,1543.5999755859375,1545.5999755859375,5972105.0,RELIANCE,-0.00872240636982824,False
2025-12-30,1547.0,1553.5999755859375,1537.800048828125,1539.800048828125,8815884.0,RELIANCE,-0.003752540663449322,False
2025-12-31,1541.0,1577.0,1541.0,1570.4000244140625,5771830.0,RELIANCE,0.019872694256131362,False
2026-01-01,1573.699951171875,1592.5,1571.0999755859375,1575.5999755859375,6408128.0,RELIANCE,0.003311227133873107,False
2026-01-02,1580.0,1594.5999755859375,1578.199951171875,1592.300048828125,6602230.0,RELIANCE,0.01059918348626332,False
2026-01-05,1593.0,1611.800048828125,1575.300048828125,1578.0999755859375,8704973.0,RELIANCE,-0.008917963202122792,False
2026-01-06,1569.0,1569.0,1496.300048828125,1507.5999755859375,27417125.0,RELIANCE,-0.04467397572439846,False
2026-01-07,1510.0,1520.0,1498.0,1504.199951171875,11199340.0,RELIANCE,-0.002255256347255541,False
2026-01-08,1500.0,1503.9000244140625,1468.800048828125,1470.5999755859375,16518684.0,RELIANCE,-0.02233743962015211,False
2026-01-09,1465.0,1479.9000244140625,1465.0,1475.300048828125,8335311.0,RELIANCE,0.003196024289552124,False
2026-01-12,1475.300048828125,1485.300048828125,1451.0,1483.199951171875,8883745.0,RELIANCE,0.005354776711371523,False
2026-01-13,1485.0,1485.800048828125,1444.699951171875,1452.800048828125,13499760.0,RELIANCE,-0.020496159212876952,False
2026-01-14,1444.0,1467.0,1440.199951171875,1458.800048828125,8321764.0,RELIANCE,0.004129955808330088,False
2026-01-15,1444.0,1467.0,1440.199951171875,1458.800048828125,8321764.0,RELIANCE,0.0,False
2026-01-16,1458.800048828125,1480.0,1455.0999755859375,1457.9000244140625,17167161.0,RELIANCE,-0.0006169621496692201,False
2026-01-19,1450.5999755859375,1450.5999755859375,1403.300048828125,1413.5999755859375,20392765.0,RELIANCE,-0.030386204874322198,False
2026-01-20,1410.699951171875,1416.0,1390.0,1394.0,13189498.0,RELIANCE,-0.01386529140099435,False
2026-01-21,1389.5,1412.9000244140625,1373.0,1404.5999755859375,17352720.0,RELIANCE,0.0076039997029679895,False
2026-01-22,1410.0999755859375,1419.5,1395.0,1402.5,15721693.0,RELIANCE,-0.0014950702138959437,False
2026-01-23,1401.800048828125,1407.0,1381.0,1386.0999755859375,9837802.0,RELIANCE,-0.011693422042112323,False
2026-01-26,1401.800048828125,1407.0,1381.0,1386.0999755859375,9837802.0,RELIANCE,0.0,False
2026-01-27,1380.0,1391.5999755859375,1368.0,1380.5,26302396.0,RELIANCE,-0.0040400950036596495,False
2026-01-28,1385.0,1409.9000244140625,1384.9000244140625,1396.699951171875,11121657.0,RELIANCE,0.011734843297265485,False
2026-01-29,1402.9000244140625,1402.9000244140625,1384.0,1391.0,20846683.0,RELIANCE,-0.004081013368041231,False
2026-01-30,1382.5999755859375,1398.0,1378.5,1395.4000244140625,11239835.0,RELIANCE,0.0031632094996854043,False
2026-02-02,1340.0,1392.9000244140625,1335.5,1390.4000244140625,15711165.0,RELIANCE,-0.003583201886569798,False
2026-02-03,1473.9000244140625,1489.5,1430.199951171875,1437.0999755859375,25456171.0,RELIANCE,0.0335874211391467,False
2026-02-04,1444.0,1464.0,1440.300048828125,1456.800048828125,8333387.0,RELIANCE,0.013708213469390218,False
2026-02-05,1457.0,1461.5,1439.5,1443.4000244140625,11763658.0,RELIANCE,-0.00919825917416861,False
2026-02-06,1441.5,1452.800048828125,1433.5,1450.800048828125,8277304.0,RELIANCE,0.00512680080982153,False
2026-02-09,1458.0,1465.9000244140625,1453.0,1461.5999755859375,5775864.0,RELIANCE,0.007444117999951816,False
2026-02-10,1471.0,1471.0,1452.199951171875,1458.5,10259630.0,RELIANCE,-0.00212094665963225,False
2026-02-11,1459.5999755859375,1470.0,1453.5999755859375,1468.699951171875,7106877.0,RELIANCE,0.006993452980373682,False
2026-02-12,1470.0,1473.0,1445.5,1448.9000244140625,11135399.0,RELIANCE,-0.013481260581519106,False
2026-02-13,1445.5,1450.699951171875,1416.300048828125,1419.5999755859375,10755693.0,RELIANCE,-0.02022227091891593,False
2026-02-16,1420.0999755859375,1439.5999755859375,1409.300048828125,1437.0999755859375,5896514.0,RELIANCE,0.012327416385575107,False
2026-02-17,1431.0999755859375,1431.800048828125,1418.5999755859375,1423.0,10731630.0,RELIANCE,-0.009811408966302837,False
2026-02-18,1427.0,1442.0999755859375,1419.199951171875,1441.300048828125,5521096.0,RELIANCE,0.012860188916461679,False
2026-02-19,1443.0,1443.0,1400.0,1409.5,11884664.0,RELIANCE,-0.02206344810296834,False
2026-02-20,1409.5,1427.4000244140625,1406.0999755859375,1419.4000244140625,8177670.0,RELIANCE,0.007023784614446527,False
2026-02-23,1425.0,1434.9000244140625,1418.300048828125,1428.0,7758856.0,RELIANCE,0.006058880821484758,False
2026-02-24,1425.300048828125,1433.300048828125,1415.0,1428.800048828125,12529409.0,RELIANCE,0.0005602582830006586,False
2026-02-25,1435.0,1440.5,1393.5,1398.5,10728792.0,RELIANCE,-0.0212066403923884,False
2026-02-26,1398.5,1412.9000244140625,1391.9000244140625,1406.800048828125,16683858.0,RELIANCE,0.0059349651970861395,False
2026-02-27,1398.0,1410.4000244140625,1388.0999755859375,1393.9000244140625,12031440.0,RELIANCE,-0.009169763979471224,False
2026-03-02,1375.5,1378.5999755859375,1341.5,1358.0,23728722.0,RELIANCE,-0.02575509275075405,False
2026-03-03,1375.5,1378.5999755859375,1341.5,1358.0,23728722.0,RELIANCE,0.0,False
2026-03-04,1330.0,1352.800048828125,1307.0,1345.0,32495007.0,RELIANCE,-0.009572901325478611,False
2026-03-05,1353.0999755859375,1399.0,1353.0999755859375,1389.4000244140625,25957532.0,RELIANCE,0.03301117056807623,False
2026-03-06,1396.5,1424.300048828125,1390.300048828125,1404.800048828125,19311971.0,RELIANCE,0.011083938493924306,False
2026-03-09,1375.0,1429.4000244140625,1370.0,1424.0,24870822.0,RELIANCE,0.013667390734995788,False
2026-03-10,1430.5999755859375,1431.5,1400.5999755859375,1408.800048828125,18071259.0,RELIANCE,-0.010674123013957204,False
2026-03-11,1424.9000244140625,1434.0,1383.5999755859375,1390.199951171875,21848087.0,RELIANCE,-0.013202794585166266,False
2026-03-12,1390.0,1410.9000244140625,1381.0999755859375,1392.199951171875,20939959.0,RELIANCE,0.0014386419725551658,False
2026-03-13,1385.199951171875,1400.800048828125,1378.4000244140625,1380.699951171875,17265090.0,RELIANCE,-0.008260307716804527,False
2026-03-16,1380.0,1397.300048828125,1363.5,1395.0999755859375,22837802.0,RELIANCE,0.010429510337738757,False
2026-03-17,1399.0,1405.9000244140625,1388.199951171875,1397.5999755859375,19007744.0,RELIANCE,0.00179198626890531,False
2026-03-18,1397.199951171875,1412.9000244140625,1397.199951171875,1408.0999755859375,9559327.0,RELIANCE,0.007512879352761903,False
2026-03-19,1388.0,1415.699951171875,1376.0999755859375,1384.800048828125,16498373.0,RELIANCE,-0.01654706850493126,False
2026-03-20,1398.0,1430.0,1396.0999755859375,1414.4000244140625,22994918.0,RELIANCE,0.021374909403697906,False
2026-03-23,1400.0,1415.5999755859375,1391.0,1407.800048828125,18979554.0,RELIANCE,-0.00466627225114169,False
2026-03-24,1420.0,1422.4000244140625,1406.5999755859375,1411.800048828125,18620893.0,RELIANCE,0.002841312587912981,False
2026-03-25,1420.0,1430.5,1408.4000244140625,1413.0999755859375,19041331.0,RELIANCE,0.0009207584026444948,False
2026-03-26,1420.0,1430.5,1408.4000244140625,1413.0999755859375,19041331.0,RELIANCE,0.0,False
2026-03-27,1401.0,1404.699951171875,1345.0,1348.0999755859375,23266517.0,RELIANCE,-0.045998160868305105,False
2026-03-30,1335.0,1365.0,1334.0999755859375,1343.9000244140625,24393861.0,RELIANCE,-0.003115459719557956,False
2026-03-31,1335.0,1365.0,1334.0999755859375,1343.9000244140625,24393861.0,RELIANCE,0.0,False
2026-04-01,1384.199951171875,1384.4000244140625,1362.9000244140625,1369.199951171875,14404619.0,RELIANCE,0.018825750649750228,False
2026-04-02,1357.0,1358.199951171875,1328.0,1350.5,21280051.0,RELIANCE,-0.013657575108639186,False
2026-04-03,1357.0,1358.199951171875,1328.0,1350.5,21280051.0,RELIANCE,0.0,False
2026-04-06,1359.0,1359.0,1290.0,1304.699951171875,29274881.0,RELIANCE,-0.033913401575805247,False
2026-04-07,1295.0,1308.300048828125,1291.0,1304.5999755859375,28388922.0,RELIANCE,-7.662726272639198e-05,False
2026-04-08,1349.0,1350.5999755859375,1326.199951171875,1347.800048828125,21817543.0,RELIANCE,0.03311365479888573,False
2026-04-09,1346.0,1350.0,1326.300048828125,1330.0,20725390.0,RELIANCE,-0.013206742976157093,False
2026-04-10,1337.0,1352.300048828125,1331.5,1350.199951171875,19364461.0,RELIANCE,0.015187933211936011,False
2026-04-13,1321.199951171875,1327.5999755859375,1310.0,1315.0999755859375,28753269.0,RELIANCE,-0.02599613157701075,False
2026-04-14,1321.199951171875,1327.5999755859375,1310.0,1315.0999755859375,28753269.0,RELIANCE,0.0,False
2026-04-15,1337.0,1347.0,1334.199951171875,1344.0999755859375,15313779.0,RELIANCE,0.022051555424202007,False
2026-04-16,1352.0,1353.800048828125,1330.0,1343.300048828125,30211012.0,RELIANCE,-0.0005951393291736551,False
2026-04-17,1340.0,1368.4000244140625,1340.0,1365.0,13869105.0,RELIANCE,0.016154210067069963,False
2026-04-20,1363.199951171875,1373.0,1352.800048828125,1363.300048828125,13614733.0,RELIANCE,-0.0012453854739010728,False
2026-04-21,1359.0,1369.800048828125,1350.0999755859375,1353.300048828125,27293629.0,RELIANCE,-0.00733514240580857,False
2026-04-22,1350.300048828125,1366.0,1349.0999755859375,1362.0999755859375,9525953.0,RELIANCE,0.006502568861526781,False
2026-04-23,1346.0,1355.5,1340.699951171875,1343.4000244140625,16385079.0,RELIANCE,-0.013728765514316121,False
2026-04-24,1340.0,1345.9000244140625,1325.0,1327.800048828125,11744802.0,RELIANCE,-0.011612308547293337,False
2026-04-27,1313.0,1371.5999755859375,1311.0,1365.800048828125,24673098.0,RELIANCE,0.02861876683431186,False
2026-04-28,1358.0,1395.199951171875,1357.0,1388.9000244140625,41027699.0,RELIANCE,0.01691314596580784,False
2026-04-29,1392.0,1433.800048828125,1391.300048828125,1425.4000244140625,30542143.0,RELIANCE,0.026279789299736178,False
2026-04-30,1409.0,1437.0,1393.0999755859375,1430.800048828125,30957881.0,RELIANCE,0.0037884273337811525,False
