Date,Open,High,Low,Close,Volume,Symbol,Daily_Return,Is_Outlier
2018-01-01,286.5958109207276,288.5796461819291,282.6281122392457,283.3663024902344,12182400.0,SBIN,,False
2018-01-02,285.1194327685426,285.1194327685426,278.0606563269619,279.8138122558594,14797364.0,SBIN,-0.012536742030211712,False
2018-01-03,281.7053714787877,282.76651811398784,278.7988197714657,279.4447326660156,13857373.0,SBIN,-0.0013190184818548945,False
2018-01-04,280.96721452561536,286.2267105931739,279.7215414402381,284.6580810546875,24517099.0,SBIN,0.01865609825218173,False
2018-01-05,287.3339012148119,287.3339012148119,281.982156988041,282.6741943359375,14580575.0,SBIN,-0.006969367289344053,False
2018-01-08,283.45854326228005,285.5807801223378,281.4285555325138,282.1667175292969,13557197.0,SBIN,-0.0017952710817228379,False
2018-01-09,283.73535823105146,285.5807914553185,279.85993719646024,280.7826538085937,15574755.0,SBIN,-0.004905127482157656,False
2018-01-10,281.10558851075626,282.2128596232981,276.8149622280365,277.8299560546875,13064599.0,SBIN,-0.010515955005963473,False
2018-01-11,277.6453918288241,279.5831021288585,276.8149526028302,278.8449401855469,12298455.0,SBIN,0.0036532566368026043,False
2018-01-12,281.1056276556379,281.1056276556379,277.3224836798913,278.89111328125,17594228.0,SBIN,0.00016558699495283768,False
2018-01-15,280.459753995209,281.659274449133,278.2452113739967,279.2140808105469,18189668.0,SBIN,0.0011580416654264347,False
2018-01-16,279.0294908884184,279.9060829116194,272.47819747454747,273.26251220703125,18040940.0,SBIN,-0.021315431464768775,False
2018-01-17,273.124141550283,284.56582292935747,269.9869104210482,283.3663024902344,26277307.0,SBIN,0.03697466660025506,False
2018-01-18,290.6557324339512,293.2393276808447,277.27634157588045,279.8138122558594,40000111.0,SBIN,-0.012536742030211712,False
2018-01-19,280.45974112114146,286.04216567142026,279.1217906954988,285.3501281738281,18461642.0,SBIN,0.019785713483315703,False
2018-01-22,284.5196533165811,284.88873430410763,280.551955263217,282.8126220703125,12622645.0,SBIN,-0.00889260544494952,False
2018-01-23,282.7203487673452,295.77678247870296,282.67422420290734,293.5161437988281,35252217.0,SBIN,0.03784669032860388,False
2018-01-24,293.1470795270786,305.9728348296729,291.7630046060991,304.4042053222656,38070520.0,SBIN,0.03709527313393712,False
2018-01-25,307.03391865883646,307.03391865883646,287.7491492343936,288.9486694335937,42466150.0,SBIN,-0.050773069551747874,False
2018-01-26,307.03391865883646,307.03391865883646,287.7491492343936,288.9486694335937,42466150.0,SBIN,0.0,False
2018-01-29,288.94869957122154,292.40888684413034,286.9648644999024,287.9798583984375,23600898.0,SBIN,-0.0033528828392090926,False
2018-01-30,287.9337046368314,294.20819443124554,286.96486346753284,289.3177795410156,25810404.0,SBIN,0.004645884437956216,False
2018-01-31,288.81030594931536,292.1320914578641,284.0583209241372,289.0409851074219,16409938.0,SBIN,-0.0009567142193365186,False
2018-02-01,292.4088804929918,292.87023878602554,281.42855875060303,282.3973999023437,19515991.0,SBIN,-0.022984924448029798,False
2018-02-02,279.49084726442976,282.1205951569061,272.66275018435243,274.3697814941406,23274673.0,SBIN,-0.028426672522406715,False
2018-02-05,270.0330217612061,277.184075792629,267.58782827259955,275.01568603515625,18940578.0,SBIN,0.0023541387739502984,False
2018-02-06,262.974238456981,274.323641695178,261.0365279102195,269.2025756835937,30577218.0,SBIN,-0.02113737741788102,False
2018-02-07,273.67775731585834,274.8772776678354,267.5878219432652,270.1714172363281,21463818.0,SBIN,0.003598931214808143,False
2018-02-08,270.26368981003907,279.8599369354628,269.9407333642783,278.1067810058594,18932796.0,SBIN,0.029371588788720482,False
2018-02-09,274.0468301718364,277.3686155633102,272.20139697202603,273.4931945800781,15750824.0,SBIN,-0.016589262617383138,False
2018-02-12,265.9730594255191,269.8023276761529,263.11263233934454,266.4344177246094,50839665.0,SBIN,-0.025809698359430144,False
2018-02-13,265.9730594255191,269.8023276761529,263.11263233934454,266.4344177246094,50839665.0,SBIN,0.0,False
2018-02-14,266.3882813048496,266.3882813048496,253.74705320864365,254.8543243408203,45641149.0,SBIN,-0.04346320375079482,False
2018-02-15,253.56254556399423,260.4829210232635,253.05506262727977,257.1611633300781,26058237.0,SBIN,0.009051598379679948,False
2018-02-16,258.8219919120833,259.46790475980737,249.179592714474,250.65594482421875,30338112.0,SBIN,-0.02529627110727306,False
2018-02-19,250.51757011200465,250.97892843633613,236.8152222475436,247.7494201660156,43847791.0,SBIN,-0.011595674143062729,False
2018-02-20,248.2107866654308,253.00892466014108,244.33536534977412,248.810546875,33458021.0,SBIN,0.0042830643489431,False
2018-02-21,251.1635009382382,252.9166570638865,246.73444381340727,252.178466796875,23714454.0,SBIN,0.013536081826816648,False
2018-02-22,249.502544108422,252.45524826838567,248.6259803002671,251.53253173828125,25584062.0,SBIN,-0.0025614203575677896,False
2018-02-23,252.31685606374612,255.77704318387936,251.44026406301575,254.7158966064453,15482147.0,SBIN,0.01265587733787199,False
2018-02-26,258.3606751695563,258.3606751695563,252.68597311461215,253.23960876464844,15306032.0,SBIN,-0.005795821389498301,False
2018-02-27,251.90164000046985,254.5775125957657,245.39649902233023,246.91897583007807,20824909.0,SBIN,-0.024959100850785676,False
2018-02-28,243.82783798673265,248.85665423438343,240.64445476074107,247.28802490234372,26810799.0,SBIN,0.0014946160821580623,False
2018-03-01,245.7194357506228,249.13349866259315,241.0597278726017,241.89016723632807,22859175.0,SBIN,-0.021828221031517048,False
2018-03-02,245.7194357506228,249.13349866259315,241.0597278726017,241.89016723632807,22859175.0,SBIN,0.0,False
2018-03-05,240.32154418010992,244.5198933494611,238.75291473272856,243.1358184814453,18484565.0,SBIN,0.005149656388885981,False
2018-03-06,245.30422793908969,245.44262980528464,235.29274661784808,236.7229461669922,20778164.0,SBIN,-0.02637567905258076,False
2018-03-07,235.33888686049104,235.6157046742948,227.034436923611,227.5880584716797,31262500.0,SBIN,-0.03858894054515716,False
2018-03-08,227.9110018013453,238.01475990596657,225.41966977974832,236.95361328125,33133336.0,SBIN,0.041151345428502406,False
2018-03-09,237.138165759193,237.5072467666917,232.20162632655416,233.677978515625,21536191.0,SBIN,-0.01382394942311771,False
2018-03-12,234.46231001486868,235.5234285469276,228.14169523301803,233.3089141845703,25332474.0,SBIN,-0.001579371464093704,False
2018-03-13,231.8786841126399,242.1208299124051,230.31006871046367,235.0159149169922,37647221.0,SBIN,0.007316483120192618,False
2018-03-14,232.98594630140707,237.9224858449552,230.6791547538684,237.18429565429688,25471485.0,SBIN,0.009226527225062897,False
2018-03-15,237.13818376381823,238.7990625032021,233.03209740560544,234.0932159423828,18339890.0,SBIN,-0.013032396193799478,False
2018-03-16,231.2789159842761,235.9386377475656,230.77143310512255,232.8014068603516,25728297.0,SBIN,-0.005518353348390792,False
2018-03-19,233.35502683626663,234.00093973187688,227.08056510352333,228.7875823974609,18167594.0,SBIN,-0.01724140982231437,False
2018-03-20,227.7725967707652,232.75526074458236,226.38852188031177,229.8487091064453,20556571.0,SBIN,0.004638043279556081,False
2018-03-21,232.293896859692,234.6468269327682,228.00327043431707,228.83370971679688,19533972.0,SBIN,-0.004415945573913893,False
2018-03-22,227.91102050944204,228.2339769800363,222.05176394550105,222.88221740722656,26828240.0,SBIN,-0.02600793526852241,False
2018-03-23,219.42201954559704,221.1290368798332,214.39321667951648,216.65386962890625,27150262.0,SBIN,-0.027944570234333832,False
2018-03-26,216.60772575084383,228.695319060342,216.1463674425353,227.44964599609372,30373940.0,SBIN,0.049829603254624155,False
2018-03-27,230.67913997903423,235.754081058573,228.833706859202,234.6929626464844,31205051.0,SBIN,0.03184580313884111,False
2018-03-28,232.52457874078775,236.39999965009773,229.4796112032747,230.5868682861328,36673566.0,SBIN,-0.017495600694838687,False
2018-03-29,232.52457874078775,236.39999965009773,229.4796112032747,230.5868682861328,36673566.0,SBIN,0.0,False
2018-03-30,232.52457874078775,236.39999965009773,229.4796112032747,230.5868682861328,36673566.0,SBIN,0.0,False
2018-04-02,232.34005115307468,232.52459166388437,225.9732979336024,227.12669372558597,14993188.0,SBIN,-0.015005948024122362,False
2018-04-03,230.26392499596147,233.26275387628675,229.06439062792384,231.1405029296875,19883309.0,SBIN,0.01767211567369098,False
2018-04-04,232.2477834164196,233.4473179053589,226.52694286863877,228.18783569335935,18824449.0,SBIN,-0.012774339412190083,False
2018-04-05,233.07822208230888,241.6594753198248,230.67915325662472,239.26040649414065,22880821.0,SBIN,0.048523931028736866,False
2018-04-06,239.5833486194351,241.244255319048,235.15432040528333,239.62950134277344,24868860.0,SBIN,0.0015426490911767399,False
2018-04-09,240.50608825683597,242.4437988461276,237.69181374889436,240.50608825683597,20208874.0,SBIN,0.0036580926352995924,False
2018-04-10,240.92130385405304,244.5198928720531,238.52223512236125,242.9512634277344,21201141.0,SBIN,0.010166791155354238,False
2018-04-11,242.67447080106956,242.67447080106956,236.49225819003527,237.18429565429688,14885838.0,SBIN,-0.023737138437038396,False
2018-04-12,237.59951910766503,237.59951910766503,232.75525706760587,234.1854705810547,18660913.0,SBIN,-0.012643438575769217,False
2018-04-13,234.37002895308896,236.16932360355335,230.4023445446683,231.5557403564453,25654020.0,SBIN,-0.011229262934564499,False
2018-04-16,230.07939565896496,231.8786902585493,228.00328325647413,229.7564392089844,16408377.0,SBIN,-0.0077704881973176265,False
2018-04-17,231.97095118866991,232.9859450961516,227.541922703938,228.9721221923828,15922452.0,SBIN,-0.003413688945136273,False
2018-04-18,230.2177764182765,230.58685740196188,226.3423697714313,227.4034881591797,16142387.0,SBIN,-0.006850764268521492,False
2018-04-19,228.0032857911242,229.24894479874337,226.2501157395861,227.12669372558597,13166927.0,SBIN,-0.001217195197111387,False
2018-04-20,226.84989068480016,226.84989068480016,220.99063441199857,222.5592498779297,15546939.0,SBIN,-0.020109674352829066,False
2018-04-23,223.2051342924468,225.9271594575922,220.80607964052865,223.71263122558597,12111837.0,SBIN,0.005182356376061126,False
2018-04-24,223.2974281647812,224.5892258363984,221.08291384785505,222.0056304931641,9486349.0,SBIN,-0.007630327903570988,False
2018-04-25,221.1751692169703,222.14402447607577,218.4531580257983,218.86837768554688,13124853.0,SBIN,-0.014131410994613569,False
2018-04-26,219.97562893457717,220.3447240174783,214.5316066975092,215.1775054931641,24495144.0,SBIN,-0.016863432860481753,False
2018-04-27,215.22363820971765,226.80373388535483,215.22363820971765,223.85104370117188,31401889.0,SBIN,0.040308758985419635,False
2018-04-30,225.88100759232955,230.4023129221344,225.6041898195884,227.3573455810547,17263193.0,SBIN,0.0156635493938706,False
2018-05-01,225.88100759232955,230.4023129221344,225.6041898195884,227.3573455810547,17263193.0,SBIN,0.0,False
2018-05-02,226.89601598400043,227.265111087463,221.2213142838221,222.3747100830078,12887066.0,SBIN,-0.02191543662384343,False
2018-05-03,222.32856120900152,224.5892140555178,220.29858751171216,223.20513916015625,12939642.0,SBIN,0.0037343683408894712,False
2018-05-04,224.68147994804636,225.0505609362693,221.77492844706308,223.2512664794922,12777310.0,SBIN,0.0002066588587945617,False
2018-05-07,223.7126408828872,229.01826142843504,223.34355986805568,227.44964599609372,15122614.0,SBIN,0.018805624634551377,False
2018-05-08,228.8337241141405,233.07822624162137,225.69649320568132,230.7252960205078,23293920.0,SBIN,0.014401649253260818,False
2018-05-09,230.49460236129408,230.49460236129408,227.2650943612586,228.83370971679688,11429823.0,SBIN,-0.008198434832835999,False
2018-05-10,229.06440019850277,230.86369478596703,227.26510561103845,228.7875823974609,13160967.0,SBIN,-0.00020157571798773422,False
2018-05-11,228.4646199797205,232.15548612427477,227.0344065327984,231.0020904541016,11958589.0,SBIN,0.009679319277011933,False
2018-05-14,230.6330068146986,236.0309044502706,228.97211415148124,234.0009307861328,18673849.0,SBIN,0.012981875298773815,False
2018-05-15,233.4472925739904,237.5533925805226,226.89599928496065,228.83370971679688,18026861.0,SBIN,-0.022082053485755426,False
2018-05-16,226.52692262934224,229.47961289862369,222.00561697446173,224.3124084472656,17222004.0,SBIN,-0.019758021119907654,False
2018-05-17,225.32741918995703,226.98831209436028,222.51313039076533,223.9433441162109,11721064.0,SBIN,-0.0016453139334083877,False
2018-05-18,224.2201529852477,225.1428696641993,219.4681677204624,220.3908843994141,11873041.0,SBIN,-0.015863207414431257,False
2018-05-21,224.72765082756808,226.75762471305893,221.72882160959276,225.5580902099609,18780730.0,SBIN,0.023445642158149704,False
2018-05-22,224.81989527319507,239.62951368526464,222.3747019007079,234.2777404785156,68713602.0,SBIN,0.03865811357259674,False
2018-05-23,234.96978010337423,248.9028066054089,234.6468377362245,242.8590240478516,71202072.0,SBIN,0.036628676509379954,False
2018-05-24,243.45879338154816,248.8566914080422,240.5060888421956,247.7494201660156,34679642.0,SBIN,0.020136769211427152,False
2018-05-25,247.1034851624011,247.65712073393087,242.2592231898968,246.31919860839844,22317308.0,SBIN,-0.005772855317517145,False
2018-05-28,246.73439811828584,253.0088875099932,245.4887251526541,251.0250244140625,18959368.0,SBIN,0.019104583939254516,False
2018-05-29,249.59483164641824,250.01006536565225,242.48990280911943,243.8739776611328,16107543.0,SBIN,-0.02848738594736333,False
2018-05-30,240.36766365801304,247.28803785162188,239.8601808141116,246.50372314453125,19320209.0,SBIN,0.01078321479240607,False
2018-05-31,246.22694365944807,253.56252413076075,242.8128807911619,248.71826171875,31935892.0,SBIN,0.00898379361564583,False
2018-06-01,248.4414475892945,248.94893046187244,244.15082097862057,246.08853149414065,16574717.0,SBIN,-0.010573128834355683,False
2018-06-04,247.28805205486572,247.61100850093175,241.1058394898636,242.67446899414065,12933824.0,SBIN,-0.013873310061510491,False
2018-06-05,240.73675247140991,244.75057526592732,240.73675247140991,243.18194580078125,14102731.0,SBIN,0.002091183340151348,False
2018-06-06,242.6744779731764,250.425292170162,241.93631591977865,249.2718963623047,18315171.0,SBIN,0.025042774213643426,False
2018-06-07,250.10234459385944,251.80937608192437,247.65715102618293,248.810546875,18773700.0,SBIN,-0.001850788211737009,False
2018-06-08,248.16468079515047,252.73211180519024,246.36537187178052,251.90167236328125,14096549.0,SBIN,0.01242361116562396,False
2018-06-11,252.1784583956588,256.88431911442063,252.04005652491725,252.82437133789065,18219428.0,SBIN,0.003662933103829147,False
2018-06-12,252.82436926473733,262.4206170648679,252.82436926473733,260.99041748046875,31358021.0,SBIN,0.03229928388376946,False
2018-06-13,262.0515134999704,267.2648566402497,261.7285570592644,265.465576171875,26748300.0,SBIN,0.017146831422426345,False
2018-06-14,264.4044180938477,264.4044180938477,259.5601561705298,260.7597045898437,18513730.0,SBIN,-0.017726861802166427,False
2018-06-15,260.89813855430833,261.54405148721634,255.223436663192,256.0077514648437,16949917.0,SBIN,-0.018223494816710595,False
2018-06-18,256.5152200423708,258.1299741253713,254.16230392791488,255.4541015625,13542420.0,SBIN,-0.002162629448427933,False
2018-06-19,254.66976230882156,255.31567514352415,248.9027839956689,251.53253173828125,20726975.0,SBIN,-0.015351367624290346,False
2018-06-20,252.08621765269305,253.51641729646627,250.148506920522,252.178466796875,14002946.0,SBIN,0.0025679980801285307,False
2018-06-21,253.5163632554038,253.5163632554038,247.3803040440941,247.8877868652344,12954943.0,SBIN,-0.017014457999289245,False
2018-06-22,248.2107780088344,252.5475575127684,245.2119489064972,251.94776916503903,20784133.0,SBIN,0.016378307100752165,False
2018-06-25,250.84050833343625,252.0400286258558,246.54988186091973,247.70327758789065,10934401.0,SBIN,-0.016846712281734955,False
2018-06-26,246.59601891393712,250.2407608593641,244.88898751976149,246.7344207763672,16867009.0,SBIN,-0.003911360483228488,False
2018-06-27,246.68828821757867,246.68828821757867,240.8290321858398,241.47494506835935,16277655.0,SBIN,-0.021316343668056237,False
2018-06-28,240.2753837107344,241.7517358208445,235.93861874664955,237.13815307617188,21349738.0,SBIN,-0.01795959407283343,False
2018-06-29,238.2915552091628,243.0896926570625,238.24543064409792,239.3065490722656,16244724.0,SBIN,0.00914401992241709,False
2018-07-02,238.9374768775655,241.5210721160359,234.37001840486383,238.8451995849609,21896701.0,SBIN,-0.0019278598479366416,False
2018-07-03,239.53724364285148,240.73676400254251,236.58453915258235,237.5995330810547,16099030.0,SBIN,-0.005215371738979124,False
2018-07-04,235.98477623960397,238.38384509027745,234.8313804613068,237.55340576171875,14206935.0,SBIN,-0.00019413893090525214,False
2018-07-05,237.9685984041449,238.70678855755335,235.4311278298956,236.63067626953125,11215032.0,SBIN,-0.0038843033600328702,False
2018-07-06,236.30772948571533,240.64448065787337,235.80023253423704,237.32272338867188,16174019.0,SBIN,0.002924587505097387,False
2018-07-09,238.24545429067635,242.12084739024735,238.01477512430623,241.33653259277344,13220744.0,SBIN,0.01691287352002946,False
2018-07-10,243.45876288082437,245.21191866183167,242.1208126442516,243.36648559570312,11487165.0,SBIN,0.00841129596551804,False
2018-07-11,242.3515146965308,242.3515146965308,237.96861074998728,239.0758819580078,12857179.0,SBIN,-0.01763021571024026,False
2018-07-12,241.1981135794271,244.05854067090124,240.9674344294546,242.44378662109372,10642215.0,SBIN,0.014087178662703703,False
2018-07-13,241.8440384951327,242.1208422252408,236.95362337696375,237.8302154541016,11976239.0,SBIN,-0.019029446913409687,False
2018-07-16,237.1381663302577,237.5995246305111,231.60186672721665,232.15550231933597,8965623.0,SBIN,-0.023860354008974904,False
2018-07-17,231.32504895382928,239.76791429701711,231.09436980368,239.02972412109372,16067598.0,SBIN,0.029610419451967518,False
2018-07-18,239.9985693243724,242.2130833114049,236.3538278547239,239.49105834960935,17641125.0,SBIN,0.0019300287033838792,False
2018-07-19,239.35267592724136,243.13581954823195,236.39999975796425,240.0908660888672,9958284.0,SBIN,0.0025045099528611114,False
2018-07-20,239.81405299367745,242.67448025588556,238.56837987765869,241.2904052734375,6120163.0,SBIN,0.004996188335320895,False
2018-07-23,241.7517562645248,246.82669771282588,240.4599586185908,245.7655792236328,17013119.0,SBIN,0.018546837555036166,False
2018-07-24,246.5498698718108,248.39530294522527,245.0273650589846,246.22691345214844,9320281.0,SBIN,0.0018771311669150137,False
2018-07-25,247.2880505694837,251.7632317433213,245.11966091215248,250.84051513671875,13099277.0,SBIN,0.018737194971446103,False
2018-07-26,253.83934141999072,267.034177491042,253.0089021146581,265.465576171875,53496546.0,SBIN,0.058304221816738666,False
2018-07-27,267.1264907584153,274.0468661666644,263.06654281739173,264.5890197753906,32175436.0,SBIN,-0.0033019588043191606,False
2018-07-30,266.8496348168794,276.3997284852499,266.8496348168794,274.4158935546875,40949610.0,SBIN,0.037140142049881364,False
2018-07-31,274.04682987349605,279.02949387574444,269.24869229558226,270.8173217773437,36510328.0,SBIN,-0.013113569082057075,False
2018-08-01,271.7400350698776,274.96954312673523,266.0653336875,272.2936706542969,33885474.0,SBIN,0.005451456602790561,False
2018-08-02,270.35596206433405,273.49319285237806,268.095295145217,271.1864013671875,15665209.0,SBIN,-0.00406645253431237,False
2018-08-03,271.8323285656148,276.76886823577314,271.74005126953125,276.1229553222656,18254462.0,SBIN,0.018203545348109085,False
2018-08-06,277.36862529158543,287.2878290884668,277.36862529158543,284.6580810546875,31576923.0,SBIN,0.03091059822411535,False
2018-08-07,285.90371352021486,287.61074467919923,279.6292244167959,280.55194091796875,23928622.0,SBIN,-0.014424814927105123,False
2018-08-08,280.55199626304903,286.8726111747784,279.62927957984994,284.8426513671875,20498279.0,SBIN,0.01529381844652189,False
2018-08-09,288.7641673386427,295.1309061609499,286.1805439980463,292.8702392578125,46464355.0,SBIN,0.02818253464533549,False
2018-08-10,293.10092382862763,301.1746941191325,277.27633969105324,280.92108154296875,111510771.0,SBIN,-0.040800177392981696,False
2018-08-13,273.12411509137064,279.3985767420014,268.6028093584976,271.4170837402344,58127432.0,SBIN,-0.03383155778318003,False
2018-08-14,273.7700377028855,275.84615013796576,270.678931334395,272.109130859375,25294933.0,SBIN,0.002549755194492409,False
2018-08-15,273.7700377028855,275.84615013796576,270.678931334395,272.109130859375,25294933.0,SBIN,0.0,False
2018-08-16,270.817324620897,275.33863037116834,267.8184956429825,270.07916259765625,31083900.0,SBIN,-0.007460125484608726,False
2018-08-17,272.2013623709279,279.30629055067936,271.3247704488163,278.7526550292969,21931134.0,SBIN,0.03211463020033767,False
2018-08-20,280.5981463658147,284.84264870061094,280.1367880285342,283.873779296875,20240462.0,SBIN,0.018371571266432962,False
2018-08-21,284.4735377398456,284.98104880315464,279.90610712453275,283.2740173339844,14139592.0,SBIN,-0.0021127768981558104,False
2018-08-22,284.4735377398456,284.98104880315464,279.90610712453275,283.2740173339844,14139592.0,SBIN,0.0,False
2018-08-23,283.2278778675636,283.2278778675636,275.2463565746271,279.0756530761719,22721004.0,SBIN,-0.01482085895955143,False
2018-08-24,277.3686264729893,282.0744869494155,275.89227422325683,277.230224609375,18869585.0,SBIN,-0.00661264587740007,False
2018-08-27,280.5058799842735,286.365136727603,279.8599670233096,284.1967468261719,28111768.0,SBIN,0.025129014077065026,False
2018-08-28,284.24281307295684,286.27280068309,279.95218688147946,281.7514953613281,16890236.0,SBIN,-0.00860407971643451,False
2018-08-29,283.0894495990796,287.8875873180105,282.1206084053901,285.7653503417969,24320824.0,SBIN,0.014246082262389548,False
2018-08-30,285.39622038911057,286.50349152336213,282.3512670085308,284.7503356933594,19935935.0,SBIN,-0.003551916449014758,False
2018-08-31,284.1044357008527,286.6419063525735,281.0133294569413,285.6730651855469,18100140.0,SBIN,0.0032404860557606607,False
2018-09-03,288.34889495687446,288.34889495687446,281.2439669215084,282.6741943359375,14708076.0,SBIN,-0.010497562476397881,False
2018-09-04,283.0894415872767,283.68922990447584,272.6166307056138,273.4931945800781,42859084.0,SBIN,-0.032479087018988495,False
2018-09-05,273.58543671885855,275.7538260818343,267.95686055083826,273.6315612792969,22922686.0,SBIN,0.0005059237376314751,False
2018-09-06,274.9695365713705,276.6765678496856,271.74002859150545,273.5393371582031,18001336.0,SBIN,-0.00033703758682868123,False
2018-09-07,273.0318360739799,273.0318360739799,267.08033090453057,269.1102905273437,23716678.0,SBIN,-0.016191625953593136,False
2018-09-10,268.18759130582026,270.58666025102946,261.86697655987155,262.8358459472656,23354395.0,SBIN,-0.02331551338220017,False
2018-09-11,265.14260823475047,268.9257517495375,259.8831125972326,260.7597045898437,28361400.0,SBIN,-0.007899003843784946,False
2018-09-12,262.05151726815785,264.54286337905603,258.3606508277613,263.25103759765625,22717796.0,SBIN,0.009554133418471444,False
2018-09-13,262.05151726815785,264.54286337905603,258.3606508277613,263.25103759765625,22717796.0,SBIN,0.0,False
2018-09-14,267.6801086534496,269.2487100797429,266.38831096147925,268.1875915527344,15149585.0,SBIN,0.018752267797792932,False
2018-09-17,266.203742013604,266.203742013604,262.143794560983,263.25103759765625,16089996.0,SBIN,-0.018407093059364943,False
2018-09-18,262.9742226209496,264.72737847327426,251.34798819957683,252.6397857666016,33901000.0,SBIN,-0.04030849005530812,False
2018-09-19,254.11612110414663,260.9903703640828,249.59481583906145,250.5175323486328,40759431.0,SBIN,-0.00840031355920079,False
2018-09-20,254.11612110414663,260.9903703640828,249.59481583906145,250.5175323486328,40759431.0,SBIN,0.0,False
2018-09-21,253.00890393457368,257.853166102781,233.81638168699232,249.68711853027344,39308482.0,SBIN,-0.0033147932225506826,False
2018-09-24,251.62482463424263,251.90162834681772,242.30538147018265,243.92013549804688,24633374.0,SBIN,-0.023096838419909727,False
2018-09-25,243.59718913835547,251.8555142004266,240.6444846730477,249.96392822265625,28948831.0,SBIN,0.024777752407643128,False
2018-09-26,252.82435407931007,252.82435407931007,242.4437920961267,243.4587860107422,23951904.0,SBIN,-0.02602432382211395,False
2018-09-27,244.0585654277424,247.8417095028615,243.36652790762588,244.84288024902344,24829383.0,SBIN,0.005685127495132392,False
2018-09-28,245.81170153185,252.36299515488903,242.21311235158456,244.98126220703125,33803139.0,SBIN,0.0005651867755642748,False
2018-10-01,244.9812544512926,253.93161663084575,243.6894568581292,252.6859436035156,17711738.0,SBIN,0.03145008449655706,False
2018-10-02,244.9812544512926,253.93161663084575,243.6894568581292,252.6859436035156,17711738.0,SBIN,0.0,False
2018-10-03,252.2245793657399,257.1611186338326,249.68710880503644,250.7021026611328,19714943.0,SBIN,-0.007851014243576593,False
2018-10-04,247.2419196407192,251.6248234092998,245.1658073292863,250.379150390625,17754204.0,SBIN,-0.0012881913118388821,False
2018-10-05,250.0561939814636,250.0561939814636,236.21544523710213,238.3838348388672,36628643.0,SBIN,-0.04790860394343344,False
2018-10-08,239.67562988223835,247.74939989752065,238.38383231160816,245.21192932128903,21100804.0,SBIN,0.028643278127634897,False
2018-10-09,247.2880336978111,247.42643554754355,239.90630134862272,242.6283264160156,16010883.0,SBIN,-0.010536203978429914,False
2018-10-10,241.3826825332885,258.77589710850145,241.01360150317515,257.114990234375,31772330.0,SBIN,0.059707223935264064,False
2018-10-11,247.2880653391665,250.51757365516312,240.45996767430364,241.89016723632807,46291120.0,SBIN,-0.0592140620979299,False
2018-10-12,245.44259779509773,247.1957535761051,241.2903733963085,243.36648559570312,42967696.0,SBIN,0.006103259079285772,False
2018-10-15,243.9662670891119,245.16581558265608,240.92131352680047,242.8590240478516,21965859.0,SBIN,-0.002085174327144501,False
2018-10-16,244.15081075172324,249.91778933070825,242.99741503592625,249.4102783203125,33597068.0,SBIN,0.026975543931898827,False
2018-10-17,252.59367269449717,253.74706846022545,239.90631927148587,240.96743774414065,21631573.0,SBIN,-0.03385121348258502,False
2018-10-18,252.59367269449717,253.74706846022545,239.90631927148587,240.96743774414065,21631573.0,SBIN,0.0,False
2018-10-19,239.62951281376203,243.781737522948,238.15316061868072,240.9213104248047,28474307.0,SBIN,-0.00019142552939022117,False
2018-10-22,245.4426374454367,245.4426374454367,239.39885444114472,240.2292938232422,19933462.0,SBIN,-0.002872376048188907,False
2018-10-23,238.0608915525933,238.9836081865181,235.29274165081895,235.8925018310547,20206307.0,SBIN,-0.018052719229897374,False
2018-10-24,240.13699244907744,241.567191899361,233.2627566723025,235.93862915039065,25636533.0,SBIN,0.00019554381329589532,False
2018-10-25,234.83137564692404,235.2927339487844,229.2027987324124,230.2639312744141,33066232.0,SBIN,-0.024051584500643264,False
2018-10-26,232.5245684948635,232.98592676568663,228.28006677147576,228.9259796142578,20543437.0,SBIN,-0.005810513408466833,False
2018-10-29,230.67913459938188,248.4414279635343,229.20278250613103,247.1957550048828,37768359.0,SBIN,0.07980647465792101,False
2018-10-30,246.8266957925292,257.5302142138523,245.44262086285144,252.0400390625,33401683.0,SBIN,0.019596954881047512,False
2018-10-31,253.7470847524351,260.89813895909464,247.84170368455767,259.6524658203125,28137370.0,SBIN,0.03020324384224038,False
2018-11-01,261.12878460940544,266.6650839297462,257.2995165446513,263.8046569824219,29144808.0,SBIN,0.01599134115284251,False
2018-11-02,265.65009617721904,270.1714017606324,261.31334517234296,263.29718017578125,27760214.0,SBIN,-0.0019236840336538386,False
2018-11-05,264.31218230857,276.8149810210573,261.5901570648992,272.1552734375,44619891.0,SBIN,0.033642947698129255,False
2018-11-06,273.2163732912163,275.24633278500073,261.9592202327717,264.3121643066406,40688243.0,SBIN,-0.028818508757136096,False
2018-11-07,266.5728392604969,266.5728392604969,263.85084199037664,264.4044494628906,3312160.0,SBIN,0.00034915213415209756,False
2018-11-08,266.5728392604969,266.5728392604969,263.85084199037664,264.4044494628906,3312160.0,SBIN,0.0,False
2018-11-09,264.8196845866891,265.281042922206,260.6213349971167,261.3594970703125,19201007.0,SBIN,-0.011516267592181717,False
2018-11-12,261.7747371983345,261.7747371983345,255.4541222163153,256.4691162109375,24044907.0,SBIN,-0.01871131875517562,False
2018-11-13,254.94658627595356,258.0838452550225,252.22458919115388,256.56134033203125,25633628.0,SBIN,0.00035959152687170537,False
2018-11-14,258.729699517381,265.46554682505405,256.5151855616133,261.6824035644531,52674807.0,SBIN,0.019960385402548964,False
2018-11-15,261.91312322917736,264.8657995742157,259.42177704388763,263.34332275390625,18445463.0,SBIN,0.006347080150706619,False
2018-11-16,263.8046605783644,269.24868268575915,260.7597071743008,268.4182434082031,24805910.0,SBIN,0.0192711195454891,False
2018-11-19,270.8173069886261,270.8173069886261,263.943057438573,265.8807678222656,13799970.0,SBIN,-0.009453439355381565,False
2018-11-20,263.8046756858722,266.24986909390253,260.66744481373456,261.5440368652344,12900924.0,SBIN,-0.016310811017103077,False
2018-11-21,261.5440265223136,267.17257514720694,261.17491736212514,264.86578369140625,16167419.0,SBIN,0.012700525945783525,False
2018-11-22,263.8508186462282,264.86578436209027,259.83699587115626,260.8519897460937,12066797.0,SBIN,-0.015154067427557982,False
2018-11-23,263.8508186462282,264.86578436209027,259.83699587115626,260.8519897460937,12066797.0,SBIN,0.0,False
2018-11-26,262.14381513989554,265.05036705806384,257.99159006848987,264.2660522460937,16846820.0,SBIN,0.013088121364621896,False
2018-11-27,262.60512123849804,268.04914295060274,262.0976102686212,267.0341491699219,21242956.0,SBIN,0.010474659534590591,False
2018-11-28,267.0342025423697,269.8485053221681,261.12882140046463,262.5590209960937,19837609.0,SBIN,-0.016758636255846504,False
2018-11-29,266.9419249936284,267.2648814643312,262.28221701046004,264.2660522460937,27919104.0,SBIN,0.006501514377696527,False
2018-11-30,266.4805439086462,268.41825440840387,261.3133534547272,262.6512756347656,17583510.0,SBIN,-0.0061104201527343305,False
2018-12-03,264.5428826954528,265.6501258129747,261.3594988945358,264.6351318359375,15772176.0,SBIN,0.007553194616616077,False
2018-12-04,265.69628524053394,265.69628524053394,260.11383230563433,260.7135925292969,11897307.0,SBIN,-0.014818664776042656,False
2018-12-05,260.62131906415897,261.3133565251269,255.63862681792867,258.4990539550781,14893748.0,SBIN,-0.008494143142804833,False
2018-12-06,256.5152373667575,257.6686332182268,253.83936462316456,254.3468475341797,11083451.0,SBIN,-0.0160627528703452,False
2018-12-07,255.59250211678304,255.9154585635473,251.07119633931225,254.11614990234372,10165275.0,SBIN,-0.0009070198198739554,False
2018-12-10,250.0562217347918,255.03888620396452,249.27190692041307,253.0089263916016,11947887.0,SBIN,-0.0043571552267246405,False
2018-12-11,247.61099983754423,261.35947124565973,247.61099983754423,259.5140380859375,30927239.0,SBIN,0.025710996790158536,False
2018-12-12,261.8208201990955,263.7585305795204,260.3906208149416,263.20489501953125,21765939.0,SBIN,0.014222186055197206,False
2018-12-13,267.5877860838154,271.2786520987646,263.6662409429319,266.6650695800781,24097152.0,SBIN,0.01314631538402855,False
2018-12-14,266.20372703821425,268.3259638584246,264.86577676520693,266.8496398925781,12156361.0,SBIN,0.000692142817170005,False
2018-12-17,266.94191025380235,268.9257735389708,265.09647699063305,267.12646484375,12728014.0,SBIN,0.0010373817678124286,False
2018-12-18,265.6039691172591,271.2786703655396,264.8196544044553,270.1252746582031,13606582.0,SBIN,0.011226180139834563,False
2018-12-19,271.9246071011025,278.66042735974344,271.9246071011025,277.4609069824219,26124125.0,SBIN,0.02715640857191426,False
2018-12-20,275.2924967660976,278.33745021084064,270.494359295334,271.3247985839844,19222232.0,SBIN,-0.022115217834367762,False
2018-12-21,270.9557269683295,273.5854749393595,268.3259789972995,269.3409729003906,15777301.0,SBIN,-0.0073116268544088925,False
2018-12-24,270.8173027958289,272.20137759717045,267.7261967743513,270.4020690917969,12048877.0,SBIN,0.003939601836214779,False
2018-12-25,270.8173027958289,272.20137759717045,267.7261967743513,270.4020690917969,12048877.0,SBIN,0.0,False
2018-12-26,270.21756341731486,272.2013984863322,264.95806750496547,271.4170837402344,12684324.0,SBIN,0.003753723674699172,False
2018-12-27,273.77006378854765,274.60050320989114,268.97192555110524,269.5716857910156,15304564.0,SBIN,-0.006799122309430361,False
2018-12-28,270.9095722718354,274.1390800485386,270.86341955101,272.0168151855469,12876558.0,SBIN,0.00907042365134303,False
2018-12-31,274.2313782809859,275.20021942438217,272.6627488345513,273.0318298339844,9526067.0,SBIN,0.003731440821940213,False
2019-01-01,274.5082121925056,277.4609168309807,271.1403019436401,276.4459228515625,11837127.0,SBIN,0.01250437730888021,False
2019-01-02,275.9845389200142,279.1217697080582,270.44823935555684,271.1864013671875,25559853.0,SBIN,-0.01902549847768631,False
2019-01-03,272.2014029069801,272.7088857843625,267.68009710067946,268.6028137207031,17548347.0,SBIN,-0.009526980827427978,False
2019-01-04,269.5254803818885,275.89221824810744,268.97184488068,274.64654541015625,19514041.0,SBIN,0.02250062687629728,False
2019-01-07,277.7838131473024,278.1990468689458,272.3859437203889,273.4009094238281,14579399.0,SBIN,-0.004535414725380549,False
2019-01-08,272.9395750847252,282.35129622243744,271.9707338613184,281.70538330078125,22949961.0,SBIN,0.030374711973175872,False
2019-01-09,282.35129622243744,283.36629017400685,277.5070337872486,281.70538330078125,21109911.0,SBIN,0.0,False
2019-01-10,281.52082959746826,283.73534372152864,280.0444774617364,281.93603515625,16295468.0,SBIN,0.0008187697826933515,False
2019-01-11,281.7976408404637,282.5358310076112,277.69156891206615,279.3524475097656,12702551.0,SBIN,-0.00916373689178307,False
2019-01-14,277.7376870865231,280.13675579616194,276.3997367987222,277.1840515136719,10372933.0,SBIN,-0.007762223010478353,False
2019-01-15,278.66038927541564,280.1367413404776,277.8299500385288,278.3374328613281,9444374.0,SBIN,0.004161066776236844,False
2019-01-16,279.58312524368006,282.9510351469786,278.7526859490288,279.7215270996094,12111480.0,SBIN,0.004972720428052524,False
2019-01-17,280.4135510688511,280.82878477576907,272.75501504516416,274.4158935546875,15974634.0,SBIN,-0.018967555339537867,False
2019-01-18,275.66158526680294,276.67657916236203,271.5093605514871,272.1552734375,9082501.0,SBIN,-0.008237934355420196,False
2019-01-21,273.03183559079963,273.816150330554,268.9257636270338,269.8484802246094,10188647.0,SBIN,-0.008476018795279261,False
2019-01-22,270.3559827911351,270.3559827911351,265.9269540636487,267.8185119628906,11297989.0,SBIN,-0.007522622547398106,False
2019-01-23,268.00307495067244,270.3098666849386,263.43561605319394,264.4967346191406,10304608.0,SBIN,-0.012403090881971113,False
2019-01-24,264.4967155374153,267.4955445756152,263.43559704802146,265.7885131835937,11532528.0,SBIN,0.004883911199558444,False
2019-01-25,267.2187438956732,268.51054155656976,261.3133630465193,263.34332275390625,11121223.0,SBIN,-0.009199759614887615,False
2019-01-28,263.5739657031202,264.4505576520924,255.86927720539728,259.83697509765625,18905470.0,SBIN,-0.013314739176154,False
2019-01-29,259.283357120585,263.8969399874993,255.1772571054012,258.9142761230469,17435611.0,SBIN,-0.0035510687971278543,False
2019-01-30,259.46788528469364,267.03414352073224,258.5912933655881,265.23486328125,18908654.0,SBIN,0.024411891274775943,False
2019-01-31,267.58783923591005,272.01686806997645,265.7424058618693,270.95574951171875,25546487.0,SBIN,0.021569133709253174,False
2019-02-01,273.9545825262691,279.30635628031166,260.206109331694,262.4206237792969,60015958.0,SBIN,-0.031500072420691416,False
2019-02-04,260.57514357060114,263.1587667612536,256.3767946045176,262.00537109375,20642919.0,SBIN,-0.0015823934855673238,False
2019-02-05,262.2360700585093,264.81966528546883,261.12879887034035,262.6512756347656,13291133.0,SBIN,0.002465233969514813,False
2019-02-06,263.7585662219594,267.35715560956504,261.59017641177456,266.71124267578125,12149759.0,SBIN,0.01545763305814396,False
2019-02-07,267.0341844625439,271.27868655059297,264.4505891875975,265.1887512207031,19733315.0,SBIN,-0.005708388742085679,False
2019-02-08,263.5278611381252,265.7423753004808,260.3906303948651,263.8969421386719,19781908.0,SBIN,-0.0048712815912622665,False
2019-02-11,263.85077629198526,263.85077629198526,258.3606022309492,258.82196044921875,15420017.0,SBIN,-0.01923092267884763,False
2019-02-12,258.9604121265788,260.39063977394164,253.42411244173877,254.11614990234372,15326106.0,SBIN,-0.018181650964653406,False
2019-02-13,258.9604121265788,260.39063977394164,253.42411244173877,254.11614990234372,15326106.0,SBIN,0.0,False
2019-02-14,247.28803508733048,247.610991511237,243.2742124680906,246.4575958251953,26372671.0,SBIN,-0.03013800610504913,False
2019-02-15,248.0723483917272,248.0723483917272,241.10582159173612,242.6283264160156,23366091.0,SBIN,-0.015537234291191027,False
2019-02-18,243.9662555582566,244.98124941741307,238.7990371327033,239.8601837158203,14781744.0,SBIN,-0.011408984025422342,False
2019-02-19,240.7367506734197,246.82668574798888,240.1831150922633,242.58218383789065,19064306.0,SBIN,0.01134827831740215,False
2019-02-20,244.05852625982183,247.56483786873403,243.873971687111,247.01123046875,15514595.0,SBIN,0.01825792216389277,False
2019-02-21,249.41026161362265,250.05617443483268,246.6421120811337,247.28802490234372,13760702.0,SBIN,0.0011205742875270985,False
2019-02-22,247.19576831172708,250.88663466400092,246.91896459893675,250.01007080078125,12536918.0,SBIN,0.011007592864686888,False
2019-02-25,250.333014873718,250.425292170162,247.1957839081616,249.2718963623047,20793897.0,SBIN,-0.002952578814574114,False
2019-02-26,246.1807848103205,247.4726106153313,242.9051520482296,245.7655792236328,15274303.0,SBIN,-0.01406623526294204,False
2019-02-27,247.28804432659797,251.62482353177663,245.95009401717087,246.965087890625,20571652.0,SBIN,0.004880702459560959,False
2019-02-28,247.0112520547625,249.8716510682277,246.9650993280144,248.25689697265625,31636468.0,SBIN,0.005230735619616622,False
2019-03-01,249.64100234422196,253.378022030695,249.22579670733396,251.8555450439453,20024726.0,SBIN,0.014495662014519795,False
2019-03-04,249.64100234422196,253.378022030695,249.22579670733396,251.8555450439453,20024726.0,SBIN,0.0,False
2019-03-05,250.7021030119731,256.3768042783999,250.2407447275632,255.0850067138672,21533972.0,SBIN,0.012822674479366247,False
2019-03-06,255.86929276112383,260.7135547377915,255.08500620644708,256.60748291015625,22161376.0,SBIN,0.005968505228521215,False
2019-03-07,257.8531659092777,260.66744028411296,256.192259128836,259.97540283203125,14899105.0,SBIN,0.013124792323590206,False
2019-03-08,260.06765561127065,262.28216961738644,257.9915434507109,259.4678955078125,19943319.0,SBIN,-0.0019521359278232842,False
2019-03-11,263.2510228027378,266.6650853318621,261.5901442615325,265.1426086425781,22931245.0,SBIN,0.02187057910829182,False
2019-03-12,266.849651546579,267.49553627007566,263.66626801816244,264.7273864746094,20828136.0,SBIN,-0.001566033351238838,False
2019-03-13,265.83461688637254,271.64771930168774,262.6973865644712,270.49432373046875,23725641.0,SBIN,0.02178443769138516,False
2019-03-14,271.7400417188579,271.92459630453857,268.27985443041746,269.3409729003906,16164017.0,SBIN,-0.004263863337950702,False
2019-03-15,269.98690804746,278.0145263229497,269.89463074701285,275.3386535644531,37928480.0,SBIN,0.0222679847016094,False
2019-03-18,275.8000081595362,277.6454415070862,271.8784622959924,275.8461608886719,23782967.0,SBIN,0.0018432113241229064,False
2019-03-19,276.9533695540548,282.9049026232781,276.03065299504806,279.6292419433594,27218691.0,SBIN,0.013714459691952285,False
2019-03-20,279.39860288869,281.1056343995738,276.8611319873727,280.3213195800781,18820555.0,SBIN,0.0024749830593859823,False
2019-03-21,279.39860288869,281.1056343995738,276.8611319873727,280.3213195800781,18820555.0,SBIN,0.0,False
2019-03-22,280.7826650927554,282.72037568792416,274.00072024828074,275.01568603515625,17865957.0,SBIN,-0.018926971208860333,False
2019-03-25,271.2786560058594,272.61660621917747,269.6177775388406,271.2786560058594,16895511.0,SBIN,-0.013588425021033745,False
2019-03-26,271.9707241906758,281.4285695611743,271.9707241906758,280.04449462890625,18303791.0,SBIN,0.03231304206571095,False
2019-03-27,281.6592428141873,286.8264614181874,280.8288035040442,284.93487548828125,35956450.0,SBIN,0.01746287091219334,False
2019-03-28,286.1343865631306,313.4006473295578,285.1655173620507,294.3465576171875,63244736.0,SBIN,0.03303099388159425,False
2019-03-29,286.1343865631306,313.4006473295578,285.1655173620507,294.3465576171875,63244736.0,SBIN,0.0,False
2019-04-01,296.93020114816846,302.32809908144134,296.23816367362264,297.8067932128906,22372357.0,SBIN,0.011755651649927978,False
2019-04-02,298.6372215512398,305.4191941838134,297.2070220868191,303.5737609863281,27897583.0,SBIN,0.01936479591758311,False
2019-04-03,305.4192070685757,306.7571574568272,294.8079657353775,295.7306823730469,30552104.0,SBIN,-0.025835825164199466,False
2019-04-04,296.653402567839,300.57494832495667,293.70069802826066,296.9302062988281,27832294.0,SBIN,0.004056136198502758,False
2019-04-05,298.6833904880369,298.6833904880369,290.65574437963505,292.5473022460937,23117232.0,SBIN,-0.01476072140778939,False
2019-04-08,293.6545800515716,294.5772967210188,287.0571614968397,288.6257629394531,17394139.0,SBIN,-0.013404804202712284,False
2019-04-09,289.68688681435265,291.301640858671,284.2889890915302,290.425048828125,25556039.0,SBIN,0.006233975340064646,False
2019-04-10,290.5173000879711,292.54725952348963,286.0421193628982,286.87255859375,19237974.0,SBIN,-0.012232038003296974,False
2019-04-11,286.96488714649786,291.02483490196386,284.8426500485956,290.5634765625,14897935.0,SBIN,0.012866054483715361,False
2019-04-12,290.2866534048501,291.94753205219047,287.1494225381647,290.88641357421875,14751964.0,SBIN,0.0011114163952719025,False
2019-04-15,291.11707329856046,294.06977754017885,289.50231932622296,291.2093505859375,13864791.0,SBIN,0.0011101825202171067,False
2019-04-16,292.1320930940828,294.71568841571525,290.3789371144696,291.3477783203125,14940726.0,SBIN,0.00047535470305626326,False
2019-04-17,292.1320930940828,294.71568841571525,290.3789371144696,291.3477783203125,14940726.0,SBIN,0.0,False
2019-04-18,291.393886889742,291.393886889742,284.242833341013,286.7803039550781,15691168.0,SBIN,-0.015677052324088114,False
2019-04-19,291.393886889742,291.393886889742,284.242833341013,286.7803039550781,15691168.0,SBIN,0.0,False
2019-04-22,284.93486114129325,288.1643690862972,282.6742224752352,286.0882568359375,15665440.0,SBIN,-0.002413161258274621,False
2019-04-23,286.0882691165812,289.5023317829104,281.0594805675108,281.65924072265625,17324274.0,SBIN,-0.015481292948773984,False
2019-04-24,282.21285601682234,287.8414324753448,280.1367438266433,286.7341613769531,15228591.0,SBIN,0.018017944809039843,False
2019-04-25,286.9648559504591,287.88757252907794,281.79763747837853,282.53582763671875,30842477.0,SBIN,-0.014641902869449441,False
2019-04-26,283.18171938771604,289.27165458984376,282.9049156708777,288.34893798828125,14987906.0,SBIN,0.020574772410941522,False
2019-04-29,283.18171938771604,289.27165458984376,282.9049156708777,288.34893798828125,14987906.0,SBIN,0.0,False
2019-04-30,287.88759055582653,287.88759055582653,281.4285741010484,285.9960327148437,18178758.0,SBIN,-0.008159923493573529,False
2019-05-01,287.88759055582653,287.88759055582653,281.4285741010484,285.9960327148437,18178758.0,SBIN,0.0,False
2019-05-02,284.2428362339431,287.33394246344324,282.0283220345809,284.3351135253906,16640100.0,SBIN,-0.005807490312668473,False
2019-05-03,285.11939776020665,287.7029926898739,284.93484319705635,286.0421142578125,12452689.0,SBIN,0.006003481987353787,False
2019-05-06,283.08945471087566,286.3189629602589,282.2590153642783,284.8887634277344,10639216.0,SBIN,-0.00403210147243771,False
2019-05-07,286.6880423888606,289.17936017007554,280.2751511241998,281.8437805175781,15219845.0,SBIN,-0.010688322254340688,False
2019-05-08,280.459690610601,281.70533535466507,273.81612056658633,275.2001953125,22103678.0,SBIN,-0.023571870888468238,False
2019-05-09,274.6004660567447,277.73769686795623,273.2163911554094,276.1690673828125,12654440.0,SBIN,0.003520608221997401,False
2019-05-10,278.47587970009425,286.7342051589718,269.8485013641664,284.24285888671875,60739833.0,SBIN,0.029234959513821046,False
2019-05-13,286.0421594035857,289.91758056881355,281.7053799167391,283.1817321777344,40101505.0,SBIN,-0.003733169280454196,False
2019-05-14,284.0583022475499,292.27047410438206,281.52083167521505,290.332763671875,30521436.0,SBIN,0.025252446332422407,False
2019-05-15,291.7630021152997,293.3316034502393,286.9648644999024,287.9798583984375,27932459.0,SBIN,-0.00810416724478491,False
2019-05-16,288.348949248132,292.5934514128798,285.6269239035987,291.3477783203125,18147559.0,SBIN,0.011694984297184075,False
2019-05-17,291.2554851615788,297.06861655725663,289.2255255648795,294.5772705078125,25838962.0,SBIN,0.011084663854719512,False
2019-05-20,306.34188327181715,319.07535992731755,305.4191667559382,318.0603942871094,53207071.0,SBIN,0.0797180438898597,False
2019-05-21,319.1676715459899,320.6901483291598,310.26346184167966,311.4629821777344,33457162.0,SBIN,-0.02074263953599831,False
2019-05-22,312.7086596155886,316.1227224030181,307.7721200236859,314.7386474609375,32002499.0,SBIN,0.010517029215799,False
2019-05-23,325.71895960211214,335.86884219594566,312.98548179347864,315.7536315917969,74413322.0,SBIN,0.0032248474696305873,False
2019-05-24,318.291112313097,329.4098364245817,316.95316193793786,327.8873596191406,35703403.0,SBIN,0.03842783364414348,False
2019-05-27,327.6104945451723,334.484743995749,326.64165344688314,333.74658203125,31374994.0,SBIN,0.01786961967340006,False
2019-05-28,333.05458861232347,333.7466261050829,329.08689009172275,332.22412109375,23501608.0,SBIN,-0.004561727428739504,False
2019-05-29,330.3325450610233,331.255261667339,320.3210642506827,321.70513916015625,28370210.0,SBIN,-0.031662306454338984,False
2019-05-30,322.7201588269303,327.56442139688426,320.6440462969501,326.2264709472656,25712604.0,SBIN,0.014054272800592349,False
2019-05-31,326.9646302050019,330.2402628449552,318.0142679935519,325.2575988769531,32588069.0,SBIN,-0.0029699370118531077,False
2019-06-03,325.1192175262268,328.90236142614816,322.62787130555057,327.9796447753906,18380919.0,SBIN,0.008368892557272023,False
2019-06-04,326.6416658649019,329.59437015329934,324.24259715046327,325.1653137207031,18130636.0,SBIN,-0.008580810118917093,False
2019-06-05,326.6416658649019,329.59437015329934,324.24259715046327,325.1653137207031,18130636.0,SBIN,0.0,False
2019-06-06,322.02809682542,322.5817324231242,309.9405036050288,310.8632202148437,41941144.0,SBIN,-0.04398406872555927,False
2019-06-07,310.95552632720023,316.2611473253646,310.0328096318673,315.615234375,29739710.0,SBIN,0.015286511401612968,False
2019-06-10,319.2599441837642,320.4594645023272,313.862046432079,317.6913146972656,20500542.0,SBIN,0.006577883752591385,False
2019-06-11,318.38334696323085,321.38217586987423,316.3533873680252,320.2749328613281,16281297.0,SBIN,0.00813247968873343,False
2019-06-12,320.1365148026041,320.1365148026041,315.8458603645328,317.4144897460937,11564970.0,SBIN,-0.008931211349197055,False
2019-06-13,316.49180525962754,320.5979055419328,313.5391007690848,319.7213134765625,15509948.0,SBIN,0.007267543873986648,False
2019-06-14,318.7985794058002,319.58289413311434,316.0765542224968,317.2299499511719,10347594.0,SBIN,-0.007792297292602113,False
2019-06-17,317.1838294054316,317.1838294054316,310.9093678255508,311.73980712890625,13779496.0,SBIN,-0.01730650849048354,False
2019-06-18,309.57142603294443,317.41451730352577,308.0027965151976,313.769775390625,21957480.0,SBIN,0.006511739005725881,False
2019-06-19,316.5840823100548,318.5217928705332,309.57143026974444,312.6625366210937,16416903.0,SBIN,-0.003528825452205675,False
2019-06-20,314.64634834602504,319.49061030736414,309.66368453189125,318.4756164550781,20626861.0,SBIN,0.018592185353594637,False
2019-06-21,318.1526841311932,323.5967347989115,316.6302073169487,322.3971862792969,24749090.0,SBIN,0.01231356380707993,False
2019-06-24,322.9507991336879,327.33370283621656,322.62784270273926,325.90350341796875,17919504.0,SBIN,0.010875768424462251,False
2019-06-25,325.44219213003817,329.4098626858722,324.1042416482146,328.99462890625,15922634.0,SBIN,0.009484787539448147,False
2019-06-26,328.2564330399675,331.25526201362845,326.9184826957806,330.470947265625,15835579.0,SBIN,0.004487363104628939,False
2019-06-27,330.4248434858488,334.94614951414144,329.6405286885042,334.1618347167969,29658120.0,SBIN,0.01116856861915072,False
2019-06-28,334.20798246348505,336.7915778242593,330.97847418297846,333.3313903808594,22708464.0,SBIN,-0.002485156141907474,False
2019-07-01,334.7615805967726,334.9461351855744,330.7939103692243,333.6081848144531,12348793.0,SBIN,0.0008303881409952307,False
2019-07-02,334.1618105567511,336.7915584946202,332.50093194287376,336.3302001953125,14482172.0,SBIN,0.008159318340385857,False
2019-07-03,337.0222523073215,338.3602026971552,334.94613987011,337.8526916503906,12626285.0,SBIN,0.004526775930897564,False
2019-07-04,338.86767113994784,342.235581096045,337.89882997417874,339.0060729980469,19252646.0,SBIN,0.003413858690964,False
2019-07-05,340.8976398505773,344.7269078921576,337.7142564970167,342.0048828125,30019347.0,SBIN,0.008845888181095773,False
2019-07-08,339.5596982427269,339.97493196344715,326.18030795870635,327.8411865234375,27247892.0,SBIN,-0.04141372536142296,False
2019-07-09,326.18031423513014,332.17797206406465,325.2575976460633,331.71661376953125,16579914.0,SBIN,0.011821050573878056,False
2019-07-10,332.6854608274336,333.5620528662312,324.150332227122,326.82623291015625,18681819.0,SBIN,-0.014742646754415278,False
2019-07-11,330.7938970391396,335.86883827683914,329.4098221561307,335.13067626953125,20048321.0,SBIN,0.02540935372729969,False
2019-07-12,334.94615074390794,338.2217836542185,333.5620757408339,335.4997863769531,14661748.0,SBIN,0.0011013915870985436,False
2019-07-15,335.9611404500976,336.7915798095934,329.9634821795158,332.22412109375,15665939.0,SBIN,-0.009763539102593422,False
2019-07-16,330.7939051702816,337.7142797554339,330.00959041881566,336.1918029785156,16251836.0,SBIN,0.011942786910544623,False
2019-07-17,335.9149999432199,344.6808085037613,334.99228325263664,343.61968994140625,17545177.0,SBIN,0.02209419413882996,False
2019-07-18,343.2044633977759,344.9114666440004,334.5309045079361,335.5458984375,21691056.0,SBIN,-0.023496300532961256,False
2019-07-19,336.8838485801289,337.7604124866573,327.7028068116071,328.48712158203125,22213173.0,SBIN,-0.02103669539201225,False
2019-07-22,328.4871539568951,331.7627870655862,321.7513331309615,323.73516845703125,19682038.0,SBIN,-0.01446617785840143,False
2019-07-23,324.0580809867516,325.71895960211214,314.6463604088392,315.7536315917969,27956145.0,SBIN,-0.024654525188831156,False
2019-07-24,315.43069622770184,318.0604443436428,310.2634772937451,313.3545837402344,20823143.0,SBIN,-0.007597847218631437,False
2019-07-25,315.29226589666,316.6763407633546,311.3245677166903,314.92315673828125,19857643.0,SBIN,0.005005744544484436,False
2019-07-26,314.4618044146549,319.3983438313258,314.1850006996952,316.1227111816406,16139052.0,SBIN,0.003809038547001098,False
2019-07-29,317.3683799658732,319.7674205542571,310.77093387059125,317.2299499511719,17060483.0,SBIN,0.003502560019786216,False
2019-07-30,317.78358957846683,319.90585464169294,300.66720801064906,302.2358093261719,24437235.0,SBIN,-0.0472658417886076,False
2019-07-31,299.9751653989555,307.4491753190321,298.86789424076807,306.5264587402344,22741445.0,SBIN,0.014196363507118503,False
2019-08-01,305.23463253420965,305.8805454020069,287.2878119995823,292.6395568847656,40853304.0,SBIN,-0.04530408863411428,False
2019-08-02,291.16320362384226,297.34541593246064,283.320112745872,284.6119384765625,64472348.0,SBIN,-0.027431761084043105,False
2019-08-05,275.384806044226,279.4447538285089,269.15646841725663,277.0456848144531,48815899.0,SBIN,-0.02658445637456086,False
2019-08-06,275.7077121847344,280.7365289798026,274.2775127008918,278.1067810058594,30442970.0,SBIN,0.0038300404935629473,False
2019-08-07,279.0295341001452,279.075686832189,266.4805809142462,267.4955749511719,30820114.0,SBIN,-0.038155150393344495,False
2019-08-08,267.58780088999146,272.6627419413534,263.5278536807169,271.60162353515625,32929233.0,SBIN,0.015349968255489399,False
2019-08-09,273.4009575581611,274.9695872726776,267.6339779593214,268.8335266113281,23377581.0,SBIN,-0.010191753965969275,False
2019-08-12,273.4009575581611,274.9695872726776,267.6339779593214,268.8335266113281,23377581.0,SBIN,0.0,False
2019-08-13,268.41828203859825,269.018042260979,260.6674674007974,261.4517822265625,24231272.0,SBIN,-0.027458421863571836,False
2019-08-14,263.02030768745595,268.74116082969056,262.512824913466,267.3570861816406,18523649.0,SBIN,0.02258658902527899,False
2019-08-15,263.02030768745595,268.74116082969056,262.512824913466,267.3570861816406,18523649.0,SBIN,0.0,False
2019-08-16,265.6962464340432,270.1713992517269,262.328308441001,268.4182434082031,20047399.0,SBIN,0.003969063403995721,False
2019-08-19,269.4332594889878,269.8023405140066,263.8969596364743,264.6812744140625,19831459.0,SBIN,-0.013922187056628399,False
2019-08-20,265.0964765795737,265.1887538744044,258.9604166208659,261.77471923828125,23204417.0,SBIN,-0.010981340414865537,False
2019-08-21,263.435588436456,263.5278657279686,254.94658448065255,255.96157836914065,28226325.0,SBIN,-0.022206654966743233,False
2019-08-22,256.7920190969009,256.7920190969009,246.64213647395505,247.7955322265625,27728925.0,SBIN,-0.03190340595103425,False
2019-08-23,246.45761676741031,253.9777516475946,242.39766923937316,250.1484832763672,35212444.0,SBIN,0.009495534599281541,False
2019-08-26,265.7423745811457,265.7423745811457,249.1334761698241,258.5451965332031,64066440.0,SBIN,0.03356691652437149,False
2019-08-27,262.051548534697,265.7424154154674,260.7597507582433,263.62017822265625,45164811.0,SBIN,0.01962899236768978,False
2019-08-28,264.4966813791905,264.4966813791905,260.39060981414605,262.8819274902344,18979998.0,SBIN,-0.0028004333257006797,False
2019-08-29,261.3133669565101,262.3283327458518,252.1784495798148,253.2857208251953,27083514.0,SBIN,-0.03650386603847289,False
2019-08-30,254.6236540727986,256.46908725133943,246.2269274786228,252.6859436035156,45702652.0,SBIN,-0.002367986713683101,False
2019-09-02,254.6236540727986,256.46908725133943,246.2269274786228,252.6859436035156,45702652.0,SBIN,0.0,False
2019-09-03,250.97893593480157,250.97893593480157,246.31922798346687,247.6571502685547,21241863.0,SBIN,-0.01990135764279588,False
2019-09-04,248.85666128337007,254.5313623538964,246.5959945041737,253.83932495117188,27309675.0,SBIN,0.02496263352749306,False
2019-09-05,253.74709647508,254.9927696714099,250.1023541893516,252.178466796875,25085139.0,SBIN,-0.0065429505637724095,False
2019-09-06,253.7931791922277,255.5924877523089,251.0711822289386,252.77821350097656,16675146.0,SBIN,0.002378262948932397,False
2019-09-09,252.7782371088581,257.1611411890364,250.05621173227436,256.5152282714844,18616889.0,SBIN,0.014783769213138287,False
2019-09-10,252.7782371088581,257.1611411890364,250.05621173227436,256.5152282714844,18616889.0,SBIN,0.0,False
2019-09-11,256.9765583275704,263.7585305795204,256.9765583275704,263.20489501953125,20999669.0,SBIN,0.026079023819072455,False
2019-09-12,264.5889799803403,266.4805377104667,262.1899112344925,264.86578369140625,21964832.0,SBIN,0.006310249935707946,False
2019-09-13,262.9742208602128,269.89459509337627,260.20607116694737,269.15643310546875,27303181.0,SBIN,0.016199334448807168,False
2019-09-16,265.9269262013782,268.00303847969167,261.8669507743053,262.6974182128906,18267680.0,SBIN,-0.023997252519865175,False
2019-09-17,262.9742202505705,264.31217052951035,251.9016215031781,252.77821350097656,21533362.0,SBIN,-0.03775904909684158,False
2019-09-18,255.77702985072855,261.08264982502806,253.19340670693,258.7297058105469,25478758.0,SBIN,0.02354432459642064,False
2019-09-19,258.31454967758594,258.31454967758594,251.94778196348145,252.87049865722656,23387797.0,SBIN,-0.022646055020874467,False
2019-09-20,253.28570349134432,283.87375276203585,247.65712667083267,278.38360595703125,84481749.0,SBIN,0.10089396523233196,False
2019-09-23,283.7814953417833,291.57846232258464,277.18407690522383,289.5023498535156,54178171.0,SBIN,0.039940368824019634,False
2019-09-24,288.94873079323247,290.7941642048566,277.5531738446377,279.2140808105469,40096711.0,SBIN,-0.035537773866686995,False
2019-09-25,274.04684287623354,274.508201197574,257.1611395788036,258.5913391113281,73063465.0,SBIN,-0.07385996307690423,False
2019-09-26,259.7447315357288,267.4955456016048,255.5925066976798,260.06768798828125,79005946.0,SBIN,0.005709196920618886,False
2019-09-27,260.851970281519,263.9430480822049,258.3606244252179,259.4678955078125,37851718.0,SBIN,-0.0023062937387892113,False
2019-09-30,259.6524604771052,260.0676942345138,249.2718981326654,249.8716583251953,41094131.0,SBIN,-0.03698429496965738,False
2019-10-01,251.67095325671568,254.20842391283287,226.57306449211853,236.1693115234375,79350077.0,SBIN,-0.05483753897340726,False
2019-10-02,251.67095325671568,254.20842391283287,226.57306449211853,236.1693115234375,79350077.0,SBIN,0.0,False
2019-10-03,234.3700057408831,240.5522179433473,230.77141679636165,234.50840759277344,56207921.0,SBIN,-0.007032683120216654,False
2019-10-04,238.52222481266548,240.3676578866513,229.3411980854935,230.63299560546875,60029186.0,SBIN,-0.016525684631462756,False
2019-10-07,232.06322329935563,233.81637919544812,227.7725967707652,229.8487091064453,39160623.0,SBIN,-0.0034005823709850613,False
2019-10-08,232.06322329935563,233.81637919544812,227.7725967707652,229.8487091064453,39160623.0,SBIN,0.0,False
2019-10-09,230.77144687539376,241.7517697153837,225.4658259751516,240.78292846679688,60328507.0,SBIN,0.04757137598405148,False
2019-10-10,238.060871973023,238.060871973023,233.07820819144908,234.50840759277344,37577511.0,SBIN,-0.026058827816311192,False
2019-10-11,236.40000856614284,241.1981180796473,232.0632292021149,234.8775177001953,43272106.0,SBIN,0.0015739738767184264,False
2019-10-14,237.09205107076255,239.35268993529877,234.37002572878563,235.7079620361328,28265136.0,SBIN,0.003535648469333408,False
2019-10-15,236.63067162762084,239.81402684469617,235.10818086521496,238.47610473632807,23444973.0,SBIN,0.011743950761285316,False
2019-10-16,239.26041046297897,241.70563205532144,235.2927402247801,236.26158142089844,30892295.0,SBIN,-0.009286143439310779,False
2019-10-17,236.5845474273804,245.44263304893184,235.84638535853355,244.9351501464844,37061013.0,SBIN,0.036711718737436394,False
2019-10-18,243.9662843099684,250.37917649302253,242.85904119055095,248.810546875,33203721.0,SBIN,0.015822133843174102,False
2019-10-21,243.9662843099684,250.37917649302253,242.85904119055095,248.810546875,33203721.0,SBIN,0.0,False
2019-10-22,249.50254083162108,253.7470424461717,247.74938507926225,249.5948181152344,27574295.0,SBIN,0.0031520819759638385,False
2019-10-23,249.82549830510845,256.3306385208918,247.8877879772984,254.1622772216797,31789622.0,SBIN,0.018299494921150794,False
2019-10-24,254.6697781808036,256.19225491854763,229.433473877811,242.21310424804688,63943183.0,SBIN,-0.04701395149686505,False
2019-10-25,245.25807571607703,262.1899319727144,243.18196324164384,259.7908630371094,105518180.0,SBIN,0.07257146075408616,False
2019-10-28,245.25807571607703,262.1899319727144,243.18196324164384,259.7908630371094,105518180.0,SBIN,0.0,False
2019-10-29,261.2671795056622,262.97421071580766,257.02267784124143,258.9603881835937,51033578.0,SBIN,-0.00319670539528194,False
2019-10-30,261.1288351327546,268.51056898809753,257.66864738806265,267.4955749511719,51469048.0,SBIN,0.03295942992457612,False
2019-10-31,270.6789133154556,293.23931671271544,270.12527773780727,288.25665283203125,128449327.0,SBIN,0.07761278998596177,False
2019-11-01,288.2566610796229,290.6557298786908,284.7503492526532,289.3177795410156,44894016.0,SBIN,0.0036811872286697245,False
2019-11-04,291.5784255181726,294.3465751275223,288.2105157919452,290.0097961425781,31535656.0,SBIN,0.0023918910295119833,False
2019-11-05,289.64071342042706,297.11472295260234,288.62571960461275,294.5311279296875,50080853.0,SBIN,0.015590272629572022,False
2019-11-06,294.3004622039905,294.3004622039905,289.7330039042896,293.0086364746094,32157080.0,SBIN,-0.005169203899703212,False
2019-11-07,293.6545636705659,298.31427132770943,292.3166133108715,293.5622863769531,33926772.0,SBIN,0.0018895344144291837,False
2019-11-08,291.76301528654307,296.1920439321784,290.1943857217137,291.5784606933594,25423362.0,SBIN,-0.006757767518700941,False
2019-11-11,290.3789085381535,294.9463385493148,288.90255643147606,293.654541015625,20491942.0,SBIN,0.007120142953388253,False
2019-11-12,290.3789085381535,294.9463385493148,288.90255643147606,293.654541015625,20491942.0,SBIN,0.0,False
2019-11-13,291.6246071721294,293.9775516961523,282.02835894622683,283.0894775390625,32675829.0,SBIN,-0.035977865147334254,False
2019-11-14,283.2279105133383,285.5808269027012,276.5382142450198,282.351318359375,43617772.0,SBIN,-0.0026075118937815,False
2019-11-15,287.8876020227116,298.6833983621945,286.08829324643835,297.0224914550781,95199897.0,SBIN,0.05196070335690717,False
2019-11-18,298.96019525992835,304.3580933061593,298.7295160969192,299.9751892089844,39009263.0,SBIN,0.009940990459817778,False
2019-11-19,300.6210679225585,306.15736772340915,297.2070332741468,304.8655700683594,41372145.0,SBIN,0.016302617800727504,False
2019-11-20,306.3419257149402,306.80328403680005,299.9751865050897,303.38922119140625,29972583.0,SBIN,-0.00484262252579748,False
2019-11-21,303.8044161287907,307.1262012535854,301.3130702454263,305.7421264648437,34116162.0,SBIN,0.007755401672470796,False
2019-11-22,305.8344492907035,308.00281092202806,302.88174470474127,303.8505859375,28974967.0,SBIN,-0.00618671868745968,False
2019-11-25,303.5737674135649,311.4168586689306,302.97400724349933,310.12506103515625,27561300.0,SBIN,0.02064986999546825,False
2019-11-26,311.8782025719542,313.72363572326753,306.8955386952232,309.5714111328125,36464072.0,SBIN,-0.0017852472176732581,False
2019-11-27,309.9866441464349,318.84470072521714,308.2334601294373,316.999267578125,33971305.0,SBIN,0.02399400002129326,False
2019-11-28,320.04429262391824,323.87356129228186,317.8759027498322,322.304931640625,42538227.0,SBIN,0.016737149278089225,False
2019-11-29,321.88968003153553,321.88968003153553,314.27726835374364,315.4306640625,23081823.0,SBIN,-0.02132845918035753,False
2019-12-02,317.3222641042672,317.73749787845765,310.21736248570494,312.339599609375,20648850.0,SBIN,-0.009799505264689534,False
2019-12-03,314.6463621231703,316.4456707655109,307.5875857308147,310.2634582519531,26482178.0,SBIN,-0.00664706415714944,False
2019-12-04,308.27961066821064,316.4456579180206,306.2034983924492,315.4306640625,26789483.0,SBIN,0.016654251969146827,False
2019-12-05,316.4918080910974,317.96816034957686,309.24847682221167,310.21734619140625,30429507.0,SBIN,-0.016527619109538372,False
2019-12-06,310.6786964042403,311.55526029549947,293.42388439178467,295.2693176269531,47027528.0,SBIN,-0.04818566320669282,False
2019-12-09,294.30044689794505,302.3280637696071,290.42502622950565,292.2243347167969,52435239.0,SBIN,-0.010312561205574777,False
2019-12-10,292.685722366547,297.71451103702447,288.11826384579336,289.17938232421875,52155809.0,SBIN,-0.010419913849847862,False
2019-12-11,287.1494387956,291.3477883779536,284.1967341897377,288.6257629394531,52557951.0,SBIN,-0.0019144497104739422,False
2019-12-12,289.73301780013446,297.99134278768605,289.31778405876486,296.9763488769531,37804216.0,SBIN,0.02893222646674043,False
2019-12-13,300.0674512319593,307.6798632237758,299.8828966473152,306.8493957519531,40955226.0,SBIN,0.03324522950172959,False
2019-12-16,309.98666557336844,311.1861859382617,305.2346523638769,306.2035217285156,35027613.0,SBIN,-0.0021048567550695507,False
2019-12-17,307.4953197364946,309.80211133241727,305.09625084491955,307.17236328125,26734601.0,SBIN,0.0031640444475140583,False
2019-12-18,309.1100469706533,309.6175298139902,300.621043372307,301.68218994140625,26449075.0,SBIN,-0.017873265944882255,False
2019-12-19,302.0512971815011,304.1274096176911,299.4215491305117,302.7894592285156,27516289.0,SBIN,0.0036703170555889564,False
2019-12-20,304.8194326691513,313.2622838782372,304.8194326691513,311.73980712890625,51839714.0,SBIN,0.02955964161762914,False
2019-12-23,309.75598027341505,312.6625319915575,304.8194407297667,306.71099853515625,30150335.0,SBIN,-0.016131429091667315,False
2019-12-24,307.4491655828544,308.3718821324319,303.7582993845444,305.8344116210937,21747782.0,SBIN,-0.002858022432352003,False
2019-12-25,307.4491655828544,308.3718821324319,303.7582993845444,305.8344116210937,21747782.0,SBIN,0.0,False
2019-12-26,307.2646450833948,307.6798788403818,302.7433391208901,304.35809326171875,24616942.0,SBIN,-0.004827181975859518,False
2019-12-27,307.6337230380036,312.2011816829051,307.2646420127467,311.1861877441406,33477173.0,SBIN,0.022434410760190815,False
2019-12-30,311.64753325973464,311.7398105520264,306.80327108471283,308.5564270019531,22775554.0,SBIN,-0.008450763066481959,False
2019-12-31,308.5564251968365,310.35573382923445,306.8493938561906,307.9566650390625,23801635.0,SBIN,-0.0019437675264719623,False
2020-01-01,308.8332487236844,309.98664444171567,306.4803045634555,308.6025695800781,17379320.0,SBIN,0.002097387763741576,False
2020-01-02,308.6486998953605,313.58523929231825,307.587581446818,313.0777282714844,20324236.0,SBIN,0.014501365615638528,False
2020-01-03,311.8320986851032,311.8320986851032,306.34192343224976,307.9105529785156,21853208.0,SBIN,-0.01650444866039158,False
2020-01-06,306.0650681966104,306.0650681966104,293.1470374547903,294.3465576171875,35645325.0,SBIN,-0.04405173914995553,False
2020-01-07,299.3754212453518,301.72833738333424,291.02481886574924,293.79296875,50966826.0,SBIN,-0.0018807383774722686,False
2020-01-08,287.9798466331275,296.65337674438314,286.9648527760596,295.0847473144531,44527485.0,SBIN,0.004396900885508703,False
2020-01-09,301.6360184084945,305.7882426611142,299.88286268920297,304.6809997558594,40348407.0,SBIN,0.032520326884873274,False
2020-01-10,305.419235929858,311.832128431292,302.7433630595694,306.5726318359375,42377838.0,SBIN,0.006208565947971367,False
2020-01-13,308.187335947834,309.5252862447705,303.6198776394681,305.1885070800781,23615129.0,SBIN,-0.004514834698617465,False
2020-01-14,304.3119407225423,306.0651248895064,301.2669870330066,302.65106201171875,26296117.0,SBIN,-0.008314353291467791,False
2020-01-15,303.5737917391998,303.7583463412746,297.43773136777645,299.1908874511719,32625740.0,SBIN,-0.011432884251411979,False
2020-01-16,298.96015232925686,301.6360246040929,297.4376757038392,298.3142395019531,26653623.0,SBIN,-0.0029300623313998075,False
2020-01-17,288.8102759595187,298.4987995939435,286.13440363515906,293.4238586425781,58396326.0,SBIN,-0.016393387280270844,False
2020-01-20,296.19201767064965,296.60725138895805,289.1793661375981,289.7330017089844,30682902.0,SBIN,-0.012578584954434868,False
2020-01-21,289.5484564076811,292.455036210801,287.8875777993918,289.4562072753906,30591772.0,SBIN,-0.0009553431330262541,False
2020-01-22,292.5011726800728,292.5011726800728,289.456219054605,291.71685791015625,24994911.0,SBIN,0.007809991901865931,False
2020-01-23,291.578444619568,299.69833940863447,289.8714132834927,298.2220153808594,33293610.0,SBIN,0.02229955963911623,False
2020-01-24,298.49883424824856,302.0051462308104,296.33044450365605,299.0063171386719,22706879.0,SBIN,0.0026299257511583907,False
2020-01-27,296.099782588554,297.11477658759446,291.3939217996055,291.7630310058594,23309355.0,SBIN,-0.024224525428515387,False
2020-01-28,293.3777643902781,295.2693222221329,287.01099710260183,290.7480163574219,26488426.0,SBIN,-0.003478900822143971,False
2020-01-29,293.2854804851197,294.99251184755826,291.1632153840342,291.9936828613281,23914114.0,SBIN,0.004284350825544125,False
2020-01-30,292.2705044083018,292.2705044083018,282.0283437680185,286.6880798339844,35802330.0,SBIN,-0.01817026647752329,False
2020-01-31,289.45620749610634,296.837940265822,284.75034722359743,293.839111328125,92656638.0,SBIN,0.02494359548636149,False
2020-02-03,279.583103376579,283.13556758265054,272.52432768551967,275.0617980957031,56060158.0,SBIN,-0.06390338286673336,False
2020-02-04,279.4908336638644,283.7814599327591,274.1390890083295,282.5819396972656,51141567.0,SBIN,0.02733982564509363,False
2020-02-05,283.18170030669,289.4100369475662,281.0594635297248,286.96484375,35014841.0,SBIN,0.015510205844824432,False
2020-02-06,287.1494006372,298.4988028995822,286.1344068038718,297.068603515625,57757656.0,SBIN,0.03520905081469583,False
2020-02-07,296.65338646594154,299.8828945612162,293.79295937831165,295.7767944335937,37126803.0,SBIN,-0.004348521071373845,False
2020-02-10,295.0847742912159,297.85292424951655,292.03982060071627,293.88525390625,24816396.0,SBIN,-0.006395162037528879,False
2020-02-11,296.23816034065493,300.62106429679994,296.23816034065493,299.2831420898437,30188757.0,SBIN,0.01836733252807443,False
2020-02-12,304.40419126888776,304.40419126888776,294.5772654154269,295.453857421875,38930849.0,SBIN,-0.012794855872032884,False
2020-02-13,297.1147380744728,305.3730627100486,297.1147380744728,302.1435546875,62516057.0,SBIN,0.022642105010911573,False
2020-02-14,302.74331317171124,306.24962488477,293.9313530059034,294.7156677246094,48205947.0,SBIN,-0.02458396628904802,False
2020-02-17,296.14590917971327,296.3304356074742,287.56462775515206,289.9175720214844,36950692.0,SBIN,-0.01628042289088094,False
2020-02-18,291.0248014745956,294.5311413472264,285.48850203693405,293.0086364746094,38588583.0,SBIN,0.010661873413095213,False
2020-02-19,297.39159643588545,298.96022617016354,292.7318881249518,295.5923156738281,39846727.0,SBIN,0.008817757832345174,False
2020-02-20,294.66955781091383,303.7583221368394,294.1159222078837,302.3280944824219,40150409.0,SBIN,0.022787394838864383,False
2020-02-21,294.66955781091383,303.7583221368394,294.1159222078837,302.3280944824219,40150409.0,SBIN,0.0,False
2020-02-24,300.5748974053776,305.69596267467205,296.9763087167593,297.9913024902344,45273936.0,SBIN,-0.01434465427241216,False
2020-02-25,300.71329249673335,302.78940455806884,297.2992584468693,301.5437316894531,39050709.0,SBIN,0.011921251289994217,False
2020-02-26,299.7444955400933,305.2346424585748,299.1447353771097,302.8356018066406,43915281.0,SBIN,0.004284188266655553,False
2020-02-27,302.6510273603182,304.4964604539787,293.42386189201585,297.068603515625,47010040.0,SBIN,-0.019043329967187383,False
2020-02-28,287.88761070931315,290.33280433512454,277.8300043003228,279.5831604003906,59705346.0,SBIN,-0.058859949884655816,False
2020-03-02,286.9648691062395,287.8875857271599,262.0976449088045,265.1887512207031,66711413.0,SBIN,-0.05148525096816736,False
2020-03-03,270.3559534018649,271.64775096036607,263.2510245914966,267.44940185546875,61949382.0,SBIN,0.008524685245356434,False
2020-03-04,269.2486955633007,270.3559667590502,253.8393450700907,263.25103759765625,73675736.0,SBIN,-0.015697788922636402,False
2020-03-05,268.41824952856456,275.3386239311182,249.13347849193025,266.2037353515625,149245973.0,SBIN,0.011216281541951867,False
2020-03-06,247.2880268202692,253.1934069035654,234.3238569266574,249.5948181152344,106043172.0,SBIN,-0.062391751244187055,False
2020-03-09,239.95245504918265,242.4438012831832,231.7402824453356,233.86253356933597,101286241.0,SBIN,-0.06303129473879965,False
2020-03-10,239.95245504918265,242.4438012831832,231.7402824453356,233.86253356933597,101286241.0,SBIN,0.0,False
2020-03-11,233.4473079350557,238.52224941190477,224.3124189085428,226.1578521728516,90845604.0,SBIN,-0.03294534305641594,False
2020-03-12,213.977958215622,213.977958215622,192.47867427595156,196.16954040527344,99767083.0,SBIN,-0.13259902974608284,False
2020-03-13,184.54330066018852,229.57186883718185,170.37959670270448,223.29739379882807,155701316.0,SBIN,0.13828779604371944,False
2020-03-16,210.2871096858224,213.5166178192657,203.55128969969968,206.08876037597656,75583409.0,SBIN,-0.0770659842020146,False
2020-03-17,209.64121434117027,212.1325464122525,195.6620631070977,198.52247619628903,65403057.0,SBIN,-0.036713715808101455,False
2020-03-18,203.92037812017247,205.90421327097408,184.63560591166396,198.5686187744141,101356399.0,SBIN,0.00023242999487593785,False
2020-03-19,187.2653103740257,202.7669503497796,182.83626836959075,187.9112091064453,93533467.0,SBIN,-0.0536711678499221,False
2020-03-20,189.66438101936217,199.02994794296015,184.5433015844854,193.63206481933597,77391650.0,SBIN,0.030444462254776816,False
2020-03-23,175.31615184780065,184.08195944019067,166.31966510824245,167.56533813476562,61750037.0,SBIN,-0.13461988699491123,False
2020-03-24,176.19272512579263,177.115441690033,160.137462539825,169.0416717529297,67491360.0,SBIN,0.008810495264699236,False
2020-03-25,164.24355502959114,180.1604164018408,162.8133414816843,175.223876953125,71567553.0,SBIN,0.03657207797395179,False
2020-03-26,176.7463653462114,185.4660342917832,170.7948461661886,177.85362243652344,107260359.0,SBIN,0.015007917466076437,False
2020-03-27,186.38875859801044,195.52364757075105,179.92974221095068,180.8063201904297,114740377.0,SBIN,0.01660184208483062,False
2020-03-30,175.31614595468997,179.9297287429713,171.855958863479,172.45571899414062,60081554.0,SBIN,-0.04618533902738575,False
2020-03-31,177.1615834785573,183.15924125257092,173.51685580102577,181.6367645263672,59543412.0,SBIN,0.0532371184079925,False
2020-04-01,179.0070177341398,179.46837602726902,170.93324760437832,172.13278198242188,52954239.0,SBIN,-0.05232411273525894,False
2020-04-02,179.0070177341398,179.46837602726902,170.93324760437832,172.13278198242188,52954239.0,SBIN,0.0,False
2020-04-03,173.05550571777286,173.65526589180243,161.4754092659366,161.936767578125,64448494.0,SBIN,-0.05923342600329373,False
2020-04-06,173.05550571777286,173.65526589180243,161.4754092659366,161.936767578125,64448494.0,SBIN,0.0,False
2020-04-07,170.14893629719376,172.82482289889774,163.87447464804077,171.99436950683594,72130500.0,SBIN,0.06210820482049417,False
2020-04-08,168.76485466938516,179.37609520226545,166.50420189350513,168.8571319580078,80435759.0,SBIN,-0.018240350296487073,False
2020-04-09,173.4707151532332,175.3161482931612,169.41076787720655,173.2400360107422,62416005.0,SBIN,0.025956286251648253,False
2020-04-10,173.4707151532332,175.3161482931612,169.41076787720655,173.2400360107422,62416005.0,SBIN,0.0,False
2020-04-13,172.36347984407118,174.11663591650338,168.94943092012784,169.31851196289062,51847146.0,SBIN,-0.022636361306276775,False
2020-04-14,172.36347984407118,174.11663591650338,168.94943092012784,169.31851196289062,51847146.0,SBIN,0.0,False
2020-04-15,172.54801200620224,177.11545656692928,166.2273973784377,168.25738525390625,72190004.0,SBIN,-0.006267044853411785,False
2020-04-16,167.93443982354526,175.2238961401141,166.3196855944727,173.93209838867188,61165773.0,SBIN,0.03372638369603975,False
2020-04-17,180.85244241692268,182.6978755028097,171.90209476627834,178.31497192382812,89851063.0,SBIN,0.025198761906282563,False
2020-04-20,179.00701492111403,182.0981210683194,175.3622872785762,177.62294006347656,81958510.0,SBIN,-0.0038809520753376736,False
2020-04-21,173.47072228623986,173.65526279191334,168.8571392467122,170.47189331054688,53042420.0,SBIN,-0.04025970266213441,False
2020-04-22,171.16393256439926,174.8547990347906,167.3346642331835,174.1166229248047,61503413.0,SBIN,0.0213802377827661,False
2020-04-23,173.24001906000137,175.22385385949983,170.84095058101778,172.2711639404297,50955312.0,SBIN,-0.010598982184325978,False
2020-04-24,169.77985238829973,169.77985238829973,165.16626944296547,165.85830688476562,65137305.0,SBIN,-0.03722536557471445,False
2020-04-27,169.3185024759052,169.3185024759052,166.55035257166696,166.91943359375,42996571.0,SBIN,0.006397790553364535,False
2020-04-28,167.93442015981574,171.02552638248466,167.1962440684804,170.05667114257812,49590230.0,SBIN,0.018794920886585187,False
2020-04-29,170.70257169583817,176.97704741732252,169.31849679019624,175.40843200683594,57470466.0,SBIN,0.03147045527999781,False
2020-04-30,178.54566138560378,180.76017558492788,175.03933550372568,175.7775115966797,63063889.0,SBIN,0.0021041154385861294,False
2020-05-01,178.54566138560378,180.76017558492788,175.03933550372568,175.7775115966797,63063889.0,SBIN,0.0,False
2020-05-04,168.3496648521993,169.31852023621647,164.24357821278764,165.02789306640625,58118177.0,SBIN,-0.061154686015457815,False
2020-05-05,167.01172956768374,167.2424087521695,155.7545881806871,157.23092651367188,91050439.0,SBIN,-0.04724635579996728,False
2020-05-06,157.92294036224004,159.90678949875755,153.6784524525415,157.87681579589844,73156432.0,SBIN,0.004107902284544496,False
2020-05-07,157.64615608731864,159.21477168390328,155.75458400928733,157.5538787841797,42942399.0,SBIN,-0.002045499905041437,False
2020-05-08,159.1224649391982,160.36813790339573,153.26322334200935,153.7707061767578,55932236.0,SBIN,-0.024011929357855677,False
2020-05-11,154.97024355013508,155.84682146687268,152.2482325120394,152.6634521484375,54591827.0,SBIN,-0.007200682469699626,False
2020-05-12,151.51007166051645,155.47775608573374,148.4189793195916,154.00140380859375,70752542.0,SBIN,0.008764060037469434,False
2020-05-13,164.7510443662635,164.7510443662635,157.3231732530703,160.64495849609375,81720683.0,SBIN,0.043139572258426906,False
2020-05-14,157.73839507571756,158.4765711487956,154.55502572007725,154.97024536132812,48136531.0,SBIN,-0.0353245641064025,False
2020-05-15,154.97026803219285,155.24708586003544,151.97143873623375,153.54005432128906,35495540.0,SBIN,-0.009228810580408142,False
2020-05-18,153.54002726939575,153.54002726939575,143.02106430100747,143.29788208007812,77349435.0,SBIN,-0.06670684263129645,False
2020-05-19,145.32785375050142,145.65081016842842,140.62199380676566,140.9910888671875,71522334.0,SBIN,-0.016097887696634228,False
2020-05-20,141.17565771451183,143.25177032796054,139.46862615608254,141.54473876953125,66168767.0,SBIN,0.003926843226704113,False
2020-05-21,141.7754025420556,144.08219408409707,139.79156744771518,140.206787109375,61147471.0,SBIN,-0.009452500119660034,False
2020-05-22,140.25292142325807,143.57470677299244,137.89999130715768,139.19180297851562,87064198.0,SBIN,-0.0072391939918542425,False
2020-05-25,140.25292142325807,143.57470677299244,137.89999130715768,139.19180297851562,87064198.0,SBIN,0.0,False
2020-05-26,140.62201169305865,141.36018782825707,138.59203788091705,139.6992950439453,48275988.0,SBIN,0.0036459910323025646,False
2020-05-27,140.20680549484018,148.37285425630492,139.1456868781708,146.34288024902344,88195120.0,SBIN,0.04755632591408743,False
2020-05-28,147.12716594562738,149.84917722722062,144.58969517677056,145.97377014160156,76968678.0,SBIN,-0.002522227981257341,False
2020-05-29,144.03608901575188,149.38783485414942,143.20563550047146,148.83421325683594,58363280.0,SBIN,0.019595596609305987,False
2020-06-01,151.32552079758108,158.15361793346167,150.72576064574724,156.907958984375,92740893.0,SBIN,0.054246571073054195,False
2020-06-02,156.76954234235546,158.06135401058333,154.27821037586006,157.09249877929688,70419104.0,SBIN,0.0011761021946645744,False
2020-06-03,159.16861865466856,165.996716083981,158.7072603397275,161.3831329345703,113168889.0,SBIN,0.027312788252871645,False
2020-06-04,161.38313185920845,163.9206025744761,158.24590097032922,160.5988311767578,83494674.0,SBIN,-0.004859874409121057,False
2020-06-05,162.905616941126,175.13161177068784,162.39812000021774,173.2861785888672,201321234.0,SBIN,0.07900024750582069,False
2020-06-08,181.77518698755324,182.2365453301612,171.44076292904182,172.3634796142578,151741826.0,SBIN,-0.005324711884832634,False
2020-06-09,173.19389720903436,176.23886470305752,169.18008858105895,170.195068359375,96654191.0,SBIN,-0.012580456484956204,False
2020-06-10,170.28735693777654,174.39344312670394,169.59531946505157,173.19390869140625,67333317.0,SBIN,0.01762001896376364,False
2020-06-11,173.470740937192,175.6852554024467,162.7210969311446,163.45925903320312,91726802.0,SBIN,-0.05620665144493131,False
2020-06-12,156.86182103496756,166.08898697820092,156.67728053201046,165.30467224121094,92758901.0,SBIN,0.011289744116807388,False
2020-06-15,164.10514581897712,164.10514581897712,158.70724831145287,160.27586364746094,63613412.0,SBIN,-0.030421454672569737,False
2020-06-16,164.24354934448982,165.12012726946585,156.30818121625563,159.53768920898438,63925976.0,SBIN,-0.004605649420178715,False
2020-06-17,157.78455233517707,162.5826762569471,156.16979814461237,159.58384704589844,73866905.0,SBIN,0.0002893224613125245,False
2020-06-18,159.07634141820577,166.68875361752524,157.87682106254982,165.7660369873047,58261857.0,SBIN,0.038739446728766724,False
2020-06-19,166.36580407352952,170.65643058729367,165.62762798526424,170.2412109375,76895151.0,SBIN,0.026996929114846635,False
2020-06-22,170.70257660550388,176.93091386002902,170.01053913277886,173.19390869140625,80023958.0,SBIN,0.017344200840948343,False
2020-06-23,174.94707879463772,178.17658700175733,173.3323246910779,177.57681274414062,65487085.0,SBIN,0.02530634065510795,False
2020-06-24,179.74520293500228,179.8374661505847,169.6875831869808,170.33349609375,74668987.0,SBIN,-0.040789766064937005,False
2020-06-25,168.11896948055607,172.36347166870377,166.4580767078227,170.93325805664062,73620385.0,SBIN,0.003521104049672763,False
2020-06-26,173.47072701432126,174.0243626259696,169.59531997139837,170.33349609375,49176958.0,SBIN,-0.003508749378028475,False
2020-06-29,168.85714479071325,168.94942208634873,164.70491991881048,165.39695739746094,50966428.0,SBIN,-0.028981608488632404,False
2020-06-30,167.10399052300608,168.76486922516278,163.55152579770035,164.65878295898438,43613239.0,SBIN,-0.004463047265752751,False
2020-07-01,165.5814814736915,171.07164211012798,164.79718085679323,170.5180206298828,54012853.0,SBIN,0.0355841186580248,False
2020-07-02,171.30233836341696,173.47072809643785,169.7798615411945,171.1177978515625,52127276.0,SBIN,0.003517383203629487,False
2020-07-03,172.22504526041928,172.40959984137305,169.22621635391104,170.42575073242188,38048810.0,SBIN,-0.004044273172221113,False
2020-07-06,172.1789246961322,175.17775367233276,171.76369095887392,173.51686096191406,43773740.0,SBIN,0.01813757730981269,False
2020-07-07,172.54800086407138,174.57797452891762,169.82598976260454,174.02435302734375,55124494.0,SBIN,0.0029247420833706794,False
2020-07-08,174.30117071033376,182.19040093611648,173.8398123822709,177.06932067871094,143063102.0,SBIN,0.01749736515836231,False
2020-07-09,177.89975813881827,185.466031223574,177.66907899550537,183.7128753662109,89539723.0,SBIN,0.03751951304740464,False
2020-07-10,182.697882070783,186.8501066633008,179.7451918431223,180.48336791992188,111406477.0,SBIN,-0.017579102389265744,False
2020-07-13,183.43605655566887,184.35877312377636,176.79250008120272,177.80747985839844,61949761.0,SBIN,-0.014826230762220116,False
2020-07-14,177.43839568366823,177.43839568366823,170.33348105245267,171.67141723632812,62239932.0,SBIN,-0.03450958658745362,False
2020-07-15,173.4245744853408,175.27000760373662,168.85713033321858,169.59530639648438,58527305.0,SBIN,-0.012093514885973766,False
2020-07-16,170.7025765028576,172.50187111495302,167.61147016139589,171.85597229003906,46546803.0,SBIN,0.01332976685256626,False
2020-07-17,172.3634605937754,174.85479255302977,170.70256792775993,173.65525817871094,47035238.0,SBIN,0.010469731512357638,False
2020-07-20,175.31615650981936,178.3149855027505,174.16276074330742,176.00819396972656,45672856.0,SBIN,0.013549464702037328,False
2020-07-21,177.57680410655942,181.03699130302212,176.70022616602975,179.3760986328125,59281860.0,SBIN,0.01913493109113551,False
2020-07-22,180.57563924532587,181.54449450969696,175.40843463457713,177.16159057617188,62276152.0,SBIN,-0.012345613900176189,False
2020-07-23,177.53066083206824,183.71287305883752,176.37726512998998,182.92855834960935,70801412.0,SBIN,0.03255202075507402,False
2020-07-24,180.5756507940737,181.1292864318474,175.91592876135235,177.11546325683594,65265493.0,SBIN,-0.03177795279872886,False
2020-07-27,178.0842989623697,178.2688394614491,172.08664122529507,172.6864013671875,50697767.0,SBIN,-0.0250066358306944,False
2020-07-28,173.47071854842963,175.77751001848856,171.39460622537663,174.80865478515625,51488617.0,SBIN,0.012289638333803365,False
2020-07-29,173.1016447306434,180.1604212902248,172.54800912303222,176.4234161376953,73763368.0,SBIN,0.009237307812497209,False
2020-07-30,177.62294285475213,178.54565944101057,171.67142368929265,172.13278198242188,48472816.0,SBIN,-0.02432009451582473,False
2020-07-31,173.47071392404175,179.79132801532313,172.2711795756808,176.65408325195312,145892485.0,SBIN,0.02626635796772847,False
2020-08-03,177.16157855169052,179.56064722639292,175.36228408543238,177.3922576904297,72454278.0,SBIN,0.004178643509891167,False
2020-08-04,178.40726508011934,178.82248474547225,175.77751706698686,176.79251098632812,43866676.0,SBIN,-0.0033809068778424267,False
2020-08-05,177.8536176003141,181.63676114217463,176.23886361431903,176.65408325195312,68888892.0,SBIN,-0.0007829954651512594,False
2020-08-06,177.43839145259628,179.46836500174723,175.54681975106638,176.19271850585938,59740172.0,SBIN,-0.00261168458492822,False
2020-08-07,176.65408488695675,177.25385910645707,174.90092903203663,175.91590881347656,44822338.0,SBIN,-0.0015710620434840061,False
2020-08-10,177.0231847004732,180.3910946464563,176.88476876325188,178.82247924804688,48784530.0,SBIN,0.016522499040448668,False
2020-08-11,179.92973720853112,181.59062990636363,178.77634145719438,179.9758758544922,43890305.0,SBIN,0.006449953111574036,False
2020-08-12,180.85243865542824,188.46484997638376,179.5606411539899,187.58827209472656,157818228.0,SBIN,0.04229675896334517,False
2020-08-13,189.61824817457568,191.27914075551587,185.2353446279614,186.2964630126953,70443118.0,SBIN,-0.006886406424059022,False
2020-08-14,187.3114701676308,188.23418676944175,179.56065634423368,181.31381225585935,56169088.0,SBIN,-0.026745815117791172,False
2020-08-17,183.113115573959,183.2976560872424,176.70023770047607,178.1765899658203,54787889.0,SBIN,-0.017302720906954283,False
2020-08-18,178.82248400911834,180.62177860459747,176.88477347273263,180.0220184326172,46294169.0,SBIN,0.010357300401533598,False
2020-08-19,181.22153009849168,184.8201331966633,180.76017180997252,181.82130432128903,59296062.0,SBIN,0.009994810103439278,False
2020-08-20,179.00702868009867,181.17541842221428,178.314991198088,179.69906616210938,37504602.0,SBIN,-0.011672109421399512,False
2020-08-21,183.6206064261346,185.92739796415137,182.37493336379023,183.0669708251953,68041871.0,SBIN,0.018741915219791405,False
2020-08-24,184.54331985050703,187.1269291443217,183.25152224336867,185.8812561035156,53850253.0,SBIN,0.015372982169501004,False
2020-08-25,188.23419361499467,192.34027982647288,187.03465917310908,191.87892150878903,105394375.0,SBIN,0.03226611187700068,False
2020-08-26,192.386391901826,194.09342307329717,190.2180024763937,193.63206481933597,66749637.0,SBIN,0.009136716512483822,False
2020-08-27,194.23184090838652,199.7681404117135,194.23184090838652,198.98382568359372,80997993.0,SBIN,0.027638815240911052,False
2020-08-28,200.22949347065,208.44166522081105,200.04495297460292,207.4728240966797,95974037.0,SBIN,0.04266175094343794,False
2020-08-31,213.6550335342972,213.6550335342972,194.093444248154,195.6159210205078,119986476.0,SBIN,-0.057149186298474985,False
2020-09-01,196.6309086806484,201.98265357695837,194.87773873225572,201.24449157714844,75048313.0,SBIN,0.028773581042263574,False
2020-09-02,201.38290888615427,202.0749463737356,195.89274763391717,199.5374755859375,47608088.0,SBIN,-0.008482299206468147,False
2020-09-03,200.69087077684452,201.38290826228197,195.89274702705305,196.6770477294922,38594129.0,SBIN,-0.014335291393487548,False
2020-09-04,193.77050131989265,195.89275248358973,189.9873573289743,190.63327026367188,54435758.0,SBIN,-0.030729449804091424,False
2020-09-07,191.46369791589447,193.4475330094728,189.52598738950869,191.8327789306641,35687359.0,SBIN,0.00629223149418312,False
2020-09-08,191.83276956610615,192.38640514077235,187.2191867090133,188.2803192138672,34146789.0,SBIN,-0.018518522937526205,False
2020-09-09,185.5583148390082,185.8351185567908,177.62294640668645,179.7913360595703,72715826.0,SBIN,-0.04508693839983491,False
2020-09-10,182.4210840226604,185.88127155753463,180.11429233274427,182.8363037109375,67789617.0,SBIN,0.016936120049512837,False
2020-09-11,183.20538443732443,188.09578525168843,181.77517088601925,187.0346527099609,48487971.0,SBIN,0.02296233797014935,False
2020-09-14,189.9873535952857,190.26417140763897,182.0981374602197,183.1592559814453,63605531.0,SBIN,-0.020720207043799843,False
2020-09-15,184.4510530148446,185.4660469633751,181.86745765411015,184.6817321777344,51761038.0,SBIN,0.008312308259448953,False
2020-09-16,184.40492189901656,184.58946240686893,181.08313643952087,182.88243103027344,52404964.0,SBIN,-0.009742713186864371,False
2020-09-17,181.77516898064965,182.6978855744601,179.92973579302884,180.34495544433597,41223296.0,SBIN,-0.013874900785398214,False
2020-09-18,180.85245607077164,181.9597131899912,175.03933859544634,177.71522521972656,55286316.0,SBIN,-0.014581667771800144,False
2020-09-21,178.13046144434645,178.54568114272396,170.01055168241285,171.44076538085938,57611375.0,SBIN,-0.035306259388352745,False
2020-09-22,171.7637063202661,173.74755565274378,167.15012286734958,171.80984497070312,51210889.0,SBIN,0.0021528111416431184,False
2020-09-23,173.6091149812729,174.3472910445387,167.01169721482276,169.59530639648438,44320497.0,SBIN,-0.012889474259151878,False
2020-09-24,167.10398862122972,167.749887451333,161.93676982132638,162.72108459472656,46114798.0,SBIN,-0.040533089905725794,False
2020-09-25,165.16626728893272,168.626454452807,162.53651941257323,168.11895751953125,46550127.0,SBIN,0.03317254760345678,False
2020-09-28,169.77984252440754,173.6091105147465,169.18008240817417,172.77867126464844,41921548.0,SBIN,0.027716765639448138,False
2020-09-29,173.93207233317312,174.34729197111142,169.08781037163914,170.7487030029297,35688726.0,SBIN,-0.011748951689814824,False
2020-09-30,170.74871290499627,172.36346698581715,168.30350542060168,171.0716552734375,37641083.0,SBIN,0.001891389303860569,False
2020-10-01,172.54800420574875,176.4234111099703,172.4557269139305,175.5929718017578,43588724.0,SBIN,0.02642937265728529,False
2020-10-02,172.54800420574875,176.4234111099703,172.4557269139305,175.5929718017578,43588724.0,SBIN,0.0,False
2020-10-05,177.16157905629137,178.82247167585157,172.59413491215383,174.16275024414062,41694686.0,SBIN,-0.008145095688863235,False
2020-10-06,176.33115267381635,177.2538692988399,173.74754330784273,176.79251098632812,31098726.0,SBIN,0.015099444275547436,False
2020-10-07,177.6690981265306,178.2227196823718,174.48572842194167,175.96206665039062,34578053.0,SBIN,-0.004697282318716134,False
2020-10-08,176.56182397429785,180.6679099570527,175.82364789121505,176.70022583007812,43351606.0,SBIN,0.004194990396163778,False
2020-10-09,177.16158364836488,183.43605921848533,175.82364742109465,182.9747009277344,64907230.0,SBIN,0.03550915154851042,False
2020-10-12,184.2665124275613,190.0334914975247,182.00585944804345,183.3437957763672,69122798.0,SBIN,0.0020171906102939285,False
2020-10-13,183.2976490018237,184.5433220575273,180.02201629893312,180.5756378173828,34948525.0,SBIN,-0.01509818179154987,False
2020-10-14,179.05317737240952,185.3737782816147,178.13046067796736,184.5894775390625,40548275.0,SBIN,0.02222802461170814,False
2020-10-15,185.46602658613463,186.85010141140432,177.16157763451668,177.94589233398438,49184123.0,SBIN,-0.03599113716366753,False
2020-10-16,179.00702558422785,181.5444963077156,176.7925113119084,180.8063201904297,36893126.0,SBIN,0.016074705737385786,False
2020-10-19,181.036984713174,188.78781219883868,180.8985828621685,188.2341766357422,60220779.0,SBIN,0.0410818407093807,False
2020-10-20,185.4660331695484,188.5571393541893,185.18921537876096,187.35760498046875,39316753.0,SBIN,-0.004656814564390821,False
2020-10-21,188.88008748616767,191.2791563069688,183.4822037586725,188.0035095214844,54515523.0,SBIN,0.0034474423447234948,False
2020-10-22,186.2964605137514,188.78780639151177,185.5582985583791,187.58827209472656,33721637.0,SBIN,-0.002208668486108123,False
2020-10-23,188.23419502101507,189.71054728044632,185.9735420633861,187.1269378662109,32707020.0,SBIN,-0.0024592914224547124,False
2020-10-26,187.03465164000409,188.23418603357663,180.48337224047984,181.49835205078125,45470123.0,SBIN,-0.030078971417006217,False
2020-10-27,182.0058652662602,182.28268308637527,177.3922818628062,179.60679626464844,37794381.0,SBIN,-0.010421889591612277,False
2020-10-28,179.92973225371557,179.92973225371557,174.43957144444562,175.7313690185547,46458319.0,SBIN,-0.021577286197919543,False
2020-10-29,174.7163971739662,175.96205616000037,171.5330135796231,174.1166229248047,44822673.0,SBIN,-0.009188718569531629,False
2020-10-30,174.71639228122532,177.16158561756936,171.7636879239689,174.62411499023438,41519686.0,SBIN,0.002914667519418046,False
2020-11-02,177.3461255884543,182.00584717877408,175.3622905539355,180.89859008789065,52600119.0,SBIN,0.03593132081446582,False
2020-11-03,182.69788670801853,189.89507900030264,182.32880570001956,188.9262237548828,69890201.0,SBIN,0.04437643025903015,False
2020-11-04,187.7728265218689,192.84776777921667,182.74402391004088,191.00233459472656,117577856.0,SBIN,0.010989003001178554,False
2020-11-05,199.3067751537638,203.9203579119528,198.15337946421656,201.75196838378903,138023646.0,SBIN,0.0562801172659555,False
2020-11-06,202.07493520409432,204.70468314336003,200.27564065174627,202.2594757080078,73147085.0,SBIN,0.002515501227989825,False
2020-11-09,205.30445055429377,205.4428524172341,200.2756477274109,202.5363006591797,60359458.0,SBIN,0.0013686624579780649,False
2020-11-10,205.8580871495756,216.8384094875556,205.7658098541485,213.7934417724609,135294550.0,SBIN,0.055580856748362883,False
2020-11-11,214.7622986688433,220.85223414475917,210.1487154536157,216.1002349853516,107094861.0,SBIN,0.010789822146863637,False
2020-11-12,215.17749009376809,215.3159060197768,208.2109775374317,209.2721099853516,58859905.0,SBIN,-0.031597027187234894,False
2020-11-13,207.6112297240816,212.8245727497824,203.08992413079443,211.71731567382807,70676525.0,SBIN,0.011684336191036815,False
2020-11-16,207.6112297240816,212.8245727497824,203.08992413079443,211.71731567382807,70676525.0,SBIN,0.0,False
2020-11-17,213.93186009498277,222.92834739718623,213.1475453137444,221.63653564453125,80501583.0,SBIN,0.0468512456769703,False
2020-11-18,220.8983471819056,233.4472985040574,219.514272289589,232.5245819091797,104514060.0,SBIN,0.049125683330978775,False
2020-11-19,228.83369415569604,232.34001970463416,220.52924557746516,221.2212829589844,82284278.0,SBIN,-0.04861119997459096,False
2020-11-20,222.83607559911252,226.43466497697204,215.8695619311414,223.98947143554688,84411129.0,SBIN,0.012513210481089665,False
2020-11-23,224.6814993029348,227.12669273950863,219.6988351350136,220.25245666503903,57538324.0,SBIN,-0.016683885838728707,False
2020-11-24,221.91334922808736,226.06557405771892,220.9906325992804,225.00445556640625,47636611.0,SBIN,0.021575236768387462,False
2020-11-25,226.48077603915337,230.58686190079743,222.9283257433761,224.2201232910156,74767232.0,SBIN,-0.0034858521953098354,False
2020-11-26,225.1428529155291,227.2189652887256,221.5903883340221,226.4807891845703,64248318.0,SBIN,0.010082350595359335,False
2020-11-27,226.48077695413056,227.21895301842275,223.3435462803104,225.3735198974609,54355703.0,SBIN,-0.004889020791105758,False
2020-11-30,226.48077695413056,227.21895301842275,223.3435462803104,225.3735198974609,54355703.0,SBIN,0.0,False
2020-12-01,226.06556388775851,229.71029159167404,225.37352644728583,228.87985229492188,37003272.0,SBIN,0.01555787210075188,False
2020-12-02,229.15667988925853,231.4634714561746,225.2351342255012,227.8648681640625,56723083.0,SBIN,-0.004434571766288586,False
2020-12-03,230.0332465452772,238.9835945684185,228.83371217362085,236.49224853515625,79266442.0,SBIN,0.0378618276727154,False
2020-12-04,237.13816072004343,243.920133205136,233.95479133951457,243.1358184814453,79252024.0,SBIN,0.02809212558736962,False
2020-12-07,243.4126609113669,250.47146638836065,242.67449879463493,248.76443481445312,76053084.0,SBIN,0.0231500910403184,False
2020-12-08,250.01007856561063,252.54754926160783,244.75058258664035,250.8866424560547,65617502.0,SBIN,0.008530992957994421,False
2020-12-09,251.0711901924382,253.65478538514657,248.39531770875973,249.45643615722656,48495641.0,SBIN,-0.005700607592445395,False
2020-12-10,248.21077882493225,250.05621212474583,245.02739511912276,248.71826171875,38676657.0,SBIN,-0.002959131661815717,False
2020-12-11,249.1796074055546,254.9004616084516,249.1796074055546,251.39414978027344,50255223.0,SBIN,0.010758711656441822,False
2020-12-14,252.8243717908965,254.80820703262248,251.3018948918546,253.0089263916016,31946501.0,SBIN,0.006423286352285951,False
2020-12-15,252.87049215464205,252.87049215464205,247.4264694333549,249.73326110839844,34890948.0,SBIN,-0.012946836816868479,False
2020-12-16,251.71706463576368,252.50137933837948,247.74939471769488,248.579833984375,24844177.0,SBIN,-0.004618636375884222,False
2020-12-17,249.13346725955356,251.11730220036105,246.08851392334424,247.01123046875,25904699.0,SBIN,-0.006310260532733314,False
2020-12-18,247.01124825248505,250.93279385279368,244.51990213689368,250.471435546875,29816205.0,SBIN,0.014008290520065136,False
2020-12-21,247.703282231031,248.2107650967807,231.64800496292168,235.0159149169922,55160758.0,SBIN,-0.0617057214374066,False
2020-12-22,235.10819826400572,238.70680154001596,229.06440156982083,237.55340576171875,51189571.0,SBIN,0.010797102169114003,False
2020-12-23,237.09204475429377,243.5049083132559,235.84637169608277,242.67446899414065,29056404.0,SBIN,0.021557523942884016,False
2020-12-24,244.5198822274252,248.07234652556295,244.19692580776288,246.22691345214844,28585509.0,SBIN,0.014638723524284636,False
2020-12-25,244.5198822274252,248.07234652556295,244.19692580776288,246.22691345214844,28585509.0,SBIN,0.0,False
2020-12-28,247.98012169937212,254.6698180056808,247.28808415044367,253.93165588378903,36870242.0,SBIN,0.03129122776880333,False
2020-12-29,254.94659089113668,258.2683763555874,253.4702668261155,256.4229431152344,45032526.0,SBIN,0.009810857266986384,False
2020-12-30,256.51519216651553,257.16110499315414,251.4402513143003,255.5001983642578,30971894.0,SBIN,-0.0035985264803777284,False
2020-12-31,253.74705229843585,255.82316454451396,251.53253820110072,253.700927734375,29467966.0,SBIN,-0.007042149639812201,False
2021-01-01,253.65478222568385,258.3606424157864,253.1934239356556,257.8070068359375,24531791.0,SBIN,0.016184722453445488,False
2021-01-04,260.06765788798737,261.95921549831627,256.284514508256,259.3294677734375,31450608.0,SBIN,0.005905428856201933,False
2021-01-05,256.561340138131,260.6213157176046,255.59249896884705,259.97540283203125,27393072.0,SBIN,0.002490789281062611,False
2021-01-06,261.12876716259206,266.8034679549823,259.6524151439926,263.02032470703125,40765708.0,SBIN,0.011712346021316877,False
2021-01-07,266.66509648412483,269.24869169162093,264.81966329046304,265.465576171875,30546600.0,SBIN,0.009296815626577137,False
2021-01-08,267.6800857521952,268.8796060437408,263.15878013757845,263.8969421386719,32543357.0,SBIN,-0.005908992253622847,False
2021-01-11,265.74239145464605,265.9269460456759,257.9915773357009,260.6674499511719,29703173.0,SBIN,-0.012237702192862021,False
2021-01-12,258.36066456330127,271.1402959244087,256.42295394726096,269.8946228027344,44307145.0,SBIN,0.03539825495393045,False
2021-01-13,273.1241482581405,284.1967488632003,271.74007318250807,283.0894775390625,78042133.0,SBIN,0.04888891301095777,False
2021-01-14,282.9972167970617,285.3501330655798,280.32131589990354,283.50469970703125,40123498.0,SBIN,0.001466752390722359,False
2021-01-15,283.0894594037894,286.87260333331164,278.0145177849145,280.3674621582031,35307601.0,SBIN,-0.011065910202088691,False
2021-01-18,280.0445454015935,284.7965312321106,269.6178569517566,271.6939697265625,54969750.0,SBIN,-0.030936159156537357,False
2021-01-19,274.64660129085075,279.12178261080635,273.4932054949383,275.523193359375,35803901.0,SBIN,0.014093885251359461,False
2021-01-20,275.7077504597886,281.1518017493291,273.9084697134673,279.1679382324219,33759304.0,SBIN,0.013228450311596474,False
2021-01-21,280.5058707911541,281.5669893416076,268.97191228822834,272.0630187988281,29995203.0,SBIN,-0.02545034174976979,False
2021-01-22,272.6627642104661,274.9695557858508,260.5751707236351,261.77471923828125,44440810.0,SBIN,-0.03781586930105474,False
2021-01-25,262.51287636443817,265.7423845095192,255.6386263348496,259.2372436523437,34034630.0,SBIN,-0.009693356154945598,False
2021-01-26,262.51287636443817,265.7423845095192,255.6386263348496,259.2372436523437,34034630.0,SBIN,0.0,False
2021-01-27,258.5452253289747,262.8358522646246,251.6248502201593,254.3468475341797,39211107.0,SBIN,-0.018864558383911767,False
2021-01-28,250.88665244215625,261.45176938782834,248.67213810568364,260.529052734375,48717297.0,SBIN,0.024306199428575814,False
2021-01-29,263.5279095048007,268.187617829959,257.5302506281396,260.29840087890625,42300984.0,SBIN,-0.0008853210536328149,False
2021-02-01,263.0665275159729,289.640756274312,260.89813771569794,286.6880798339844,103414068.0,SBIN,0.10138240905811369,False
2021-02-02,290.6557559531951,311.3246040780511,290.6557559531951,307.35693359375,121434166.0,SBIN,0.07209526734329019,False
2021-02-03,307.956645646374,313.6313467433238,300.6210378797071,309.98663330078125,66420168.0,SBIN,0.008555849631513679,False
2021-02-04,308.5564319570743,330.33254981107206,305.5114783760777,327.6566772460937,145203439.0,SBIN,0.057002599619084604,False
2021-02-05,357.0913025990558,376.7913064491906,355.38427136050126,362.7198791503906,214955688.0,SBIN,0.10701201696543472,False
2021-02-08,367.24121607921705,376.2838277240696,364.2423870534445,366.3646240234375,79389205.0,SBIN,0.010048373641897035,False
2021-02-09,366.0877912020943,372.3161279144172,358.9367379397975,364.2884826660156,63869990.0,SBIN,-0.005666871802800122,False
2021-02-10,363.5964559678432,367.14892042173966,358.01403193963114,361.9355773925781,54163507.0,SBIN,-0.006458906568272305,False
2021-02-11,361.5203404765916,366.2723533342808,358.244707920217,359.99786376953125,36392708.0,SBIN,-0.005353752833601955,False
2021-02-12,360.7822170425093,368.48690684901794,355.7533999403061,362.76605224609375,53589755.0,SBIN,0.007689458063936394,False
2021-02-15,366.7798290475741,377.8063030964077,365.1189505192904,375.49951171875,56608937.0,SBIN,0.03510102280468663,False
2021-02-16,380.15921384717547,383.6194008664156,369.3634190835168,371.2550048828125,80365431.0,SBIN,-0.011303628109952446,False
2021-02-17,371.854788135744,382.78898542862254,369.2250402056984,379.9285583496094,74161370.0,SBIN,0.0233627920235977,False
2021-02-18,392.2006743381445,394.6458958228092,381.7278635950129,383.1119384765625,67154539.0,SBIN,0.008378891391533028,False
2021-02-19,382.9274003941507,382.9274003941507,364.473067845035,368.6714172363281,66155518.0,SBIN,-0.03769269445806578,False
2021-02-22,369.6402926897924,370.0093737150493,355.84566761808173,359.39813232421875,52535049.0,SBIN,-0.025153251590873782,False
2021-02-23,361.7048871555481,368.8098158454475,358.9367375089495,365.0266723632813,45462768.0,SBIN,0.01566101638498485,False
2021-02-24,366.3185087139423,378.7751834435096,364.6576300136309,374.8536376953125,39632090.0,SBIN,0.026921225422813055,False
2021-02-25,379.23652393207584,382.8351130529008,375.1304237840227,375.7763366699219,46988836.0,SBIN,0.002461491317737652,False
2021-02-26,368.6252693216399,370.009344175163,357.09131220894784,359.99786376953125,64450414.0,SBIN,-0.04198900079823353,False
2021-03-01,364.5653122502076,366.9643808969752,360.7821687871212,364.4269104003906,29677890.0,SBIN,0.012302980313502188,False
2021-03-02,364.4730558127933,368.67140506548753,360.3669556925378,363.7348937988281,30534337.0,SBIN,-0.0018989174010288767,False
2021-03-03,365.8571224284956,377.2988023404721,365.3957641404395,373.746337890625,46268223.0,SBIN,0.027524013402282943,False
2021-03-04,367.8871174497629,372.3161458392388,363.9655719235752,365.0728149414063,43603653.0,SBIN,-0.02320697775440672,False
2021-03-05,364.4730839570286,364.4730839570286,348.8791778954929,354.000244140625,72179228.0,SBIN,-0.03032975983861863,False
2021-03-08,358.4292685225016,362.9966987204568,356.21472619238034,359.4903869628906,39147858.0,SBIN,0.015508867333110299,False
2021-03-09,363.0428562183528,364.38077838806,352.7084190721633,357.6449584960937,28054083.0,SBIN,-0.005133457065118807,False
2021-03-10,360.87444373292726,362.6275995237464,355.89178005830894,357.7372131347656,22677399.0,SBIN,0.00025795034007991546,False
2021-03-11,360.87444373292726,362.6275995237464,355.89178005830894,357.7372131347656,22677399.0,SBIN,0.0,False
2021-03-12,361.4280787546419,362.8121535599432,348.32549266749334,351.64727783203125,35336355.0,SBIN,-0.017023488413099974,False
2021-03-15,352.9391287982521,356.16863716634066,340.80541013282067,354.2309265136719,42722585.0,SBIN,0.00734727337452834,False
2021-03-16,355.7995417613883,357.8756541999037,347.0337336876566,349.2943725585937,38196452.0,SBIN,-0.013935976747325718,False
2021-03-17,348.9714391008516,350.3093613126609,337.7604095714161,339.6981201171875,33143064.0,SBIN,-0.027473252349052513,False
2021-03-18,342.78922608138095,346.01873426788114,333.19297881616706,338.7292785644531,39405038.0,SBIN,-0.0028520662769642158,False
2021-03-19,335.82270518428,344.0810015477712,329.6404929335134,342.4662475585937,60309145.0,SBIN,0.011032317637193811,False
2021-03-22,343.25060735801264,343.9887694435382,335.40751552321933,338.63702392578125,28461974.0,SBIN,-0.011181316874613434,False
2021-03-23,340.20561801480284,348.7407464727588,338.68311311396104,343.896484375,41032380.0,SBIN,0.015531262318119854,False
2021-03-24,340.0210431778988,340.5285260085646,330.93227967552144,332.03955078125,42318999.0,SBIN,-0.03447820531023715,False
2021-03-25,332.177960088989,332.96227479323625,318.52176632673815,327.7489318847656,57495003.0,SBIN,-0.01292201150853578,False
2021-03-26,332.17795540777104,334.0233884933698,327.1491389858848,329.5943603515625,40718848.0,SBIN,0.005630616265275057,False
2021-03-29,332.17795540777104,334.0233884933698,327.1491389858848,329.5943603515625,40718848.0,SBIN,0.0,False
2021-03-30,332.2702529713809,336.145645792198,328.7639129993168,332.9161376953125,39405124.0,SBIN,0.010078380407379628,False
2021-03-31,332.45476366105635,339.42129055006586,330.28640228303425,336.1456298828125,38651025.0,SBIN,0.009700617728707561,False
2021-04-01,339.28288589191675,343.1582784972576,335.038384140194,342.0048828125,31883453.0,SBIN,0.01743069791426466,False
2021-04-02,339.28288589191675,343.1582784972576,335.038384140194,342.0048828125,31883453.0,SBIN,0.0,False
2021-04-05,339.09837989677453,340.667009516391,322.0742458873051,326.2264709472656,51743981.0,SBIN,-0.0461350485276103,False
2021-04-06,328.2102953352384,329.4098156130564,322.3048867577723,323.4582824707031,44147709.0,SBIN,-0.008485480864028228,False
2021-04-07,324.10423681113724,335.1307125015106,320.73632653018245,330.8400573730469,48023602.0,SBIN,0.022821412535671826,False
2021-04-08,333.1006752228594,335.22291202851653,326.91846306174165,328.1180114746094,33370259.0,SBIN,-0.008227679320488623,False
2021-04-09,327.0107306077834,336.3301731358169,324.0580546252176,325.71893310546875,46473100.0,SBIN,-0.00731163266033108,False
2021-04-12,317.4145467459966,317.4145467459966,297.622262146023,303.4353942871094,75501713.0,SBIN,-0.0684133974218315,False
2021-04-13,306.3419128596957,315.7997580609364,304.9578379521971,314.6463623046875,49773360.0,SBIN,0.036946803928121774,False
2021-04-14,306.3419128596957,315.7997580609364,304.9578379521971,314.6463623046875,49773360.0,SBIN,0.0,False
2021-04-15,315.66136073512536,320.6901494091417,310.1250610256256,316.2149963378906,52992349.0,SBIN,0.004985387473458669,False
2021-04-16,316.49177457430494,318.79856593417594,312.4779519763145,313.63134765625,37766793.0,SBIN,-0.008170544444640715,False
2021-04-19,301.86675053710815,306.3880565520226,296.4688524290945,305.5576171875,53304377.0,SBIN,-0.025742740733936675,False
2021-04-20,309.2023444267609,313.6313729310078,301.4515304647906,304.0351257324219,41296147.0,SBIN,-0.004982665688690324,False
2021-04-21,309.2023444267609,313.6313729310078,301.4515304647906,304.0351257324219,41296147.0,SBIN,0.0,False
2021-04-22,300.80564123311507,311.5552850502741,298.31429490405594,310.632568359375,49105833.0,SBIN,0.021699606619662415,False
2021-04-23,306.0189717431812,313.6313841156936,306.0189717431812,310.4480285644531,44223940.0,SBIN,-0.0005940774204602484,False
2021-04-26,313.03160712237576,320.597894519841,313.03160712237576,317.6913146972656,49234985.0,SBIN,0.02333171889126273,False
2021-04-27,317.414501939796,327.518259704126,315.9381497873308,325.7650756835937,46003023.0,SBIN,0.025413854936581215,False
2021-04-28,329.40980531313227,336.1456248024042,328.533213335084,335.315185546875,56696255.0,SBIN,0.029315941382731525,False
2021-04-29,336.7915780144027,341.3590367059003,328.02576981950733,331.6243591308594,63692926.0,SBIN,-0.01100703629033728,False
2021-04-30,326.13420380131885,334.4847780305897,323.3660539141692,326.1803283691406,53832840.0,SBIN,-0.016416257165145498,False
2021-05-03,322.58173893795623,325.257611528646,315.015451321035,323.50445556640625,43691860.0,SBIN,-0.008203660889402498,False
2021-05-04,327.564408151727,334.8538639970908,323.13537953048944,324.3348999023437,57749307.0,SBIN,0.002567025960997782,False
2021-05-05,328.94849617632946,329.82508828531144,321.10540440213924,327.9335021972656,40872501.0,SBIN,0.011095328612509725,False
2021-05-06,330.3325665099546,331.5782396411792,323.4583160829179,328.0718994140625,36294427.0,SBIN,0.00042202829497317573,False
2021-05-07,329.87119494995204,334.0234197814899,325.7189701184142,330.563232421875,38357618.0,SBIN,0.007593862846107857,False
2021-05-10,332.6393109254276,338.63696840397205,331.07068155202484,333.74658203125,41739324.0,SBIN,0.009630077689076755,False
2021-05-11,329.27144917061275,338.0833821014484,327.33373853268404,336.4686279296875,41892770.0,SBIN,0.008156026293574481,False
2021-05-12,334.76156417703226,344.6346428530524,333.9311248863098,339.28289794921875,53436590.0,SBIN,0.008364137949049333,False
2021-05-13,334.76156417703226,344.6346428530524,333.9311248863098,339.28289794921875,53436590.0,SBIN,0.0,False
2021-05-14,341.4051327101861,343.71192414741705,331.7627332389305,332.5932006835937,51722170.0,SBIN,-0.019717166134988418,False
2021-05-17,336.23792504859455,355.430447317675,335.5458875952183,353.49273681640625,106555796.0,SBIN,0.06283813406244265,False
2021-05-18,359.8594578704934,362.21237383140135,350.6784168483727,352.7084045410156,70917710.0,SBIN,-0.002218807329549155,False
2021-05-19,352.47774650069994,359.3981211047713,351.7395844732296,354.6922607421875,48189573.0,SBIN,0.005624635465529826,False
2021-05-20,357.0913248970275,357.829486914838,352.477741888022,354.8306579589844,42898608.0,SBIN,0.00039018955899194907,False
2021-05-21,359.8594715773495,373.1465848960827,348.78687245189263,370.1939086914063,192810772.0,SBIN,0.04329741635289541,False
2021-05-24,384.7728419690811,386.8028298570094,373.9770459307781,380.2053833007813,142964052.0,SBIN,0.027043866401704086,False
2021-05-25,383.0196482649486,383.3887292557626,376.929713359757,380.482177734375,56048127.0,SBIN,0.0007280129260418544,False
2021-05-26,381.82009564050855,386.3875538088639,379.0519460012808,381.5894165039063,52357719.0,SBIN,0.00291009365044248,False
2021-05-27,381.7278406887464,395.9376696548209,380.1592113201551,392.3390808105469,73392997.0,SBIN,0.028170761141983913,False
2021-05-28,397.229523214257,400.1360750693751,387.5871228273065,389.43255615234375,65137568.0,SBIN,-0.007408195615380531,False
2021-05-31,388.4636729355652,393.0772557495267,385.6955232471882,391.5547790527344,38291043.0,SBIN,0.005449526155076878,False
2021-06-01,393.1234051946821,401.7046866672019,392.7081996105922,399.1210632324219,59299647.0,SBIN,0.019323692582662755,False
2021-06-02,397.50632156829977,404.1037681432597,395.9838447275696,403.4578552246094,38657806.0,SBIN,0.010865855981301742,False
2021-06-03,406.9499862943344,411.5596142115156,403.6906614613134,409.4177551269531,38909199.0,SBIN,0.014772050723924623,False
2021-06-04,407.41556551302574,411.512996373803,402.0609609377117,403.7837524414063,36898769.0,SBIN,-0.013761012108035708,False
2021-06-07,405.1806079062955,407.3224383798865,401.1762778473778,402.5265808105469,20201197.0,SBIN,-0.003113477506853979,False
2021-06-08,402.5265808669364,402.759389762753,394.8438873049879,397.8238525390625,31113823.0,SBIN,-0.011683025409190972,False
2021-06-09,398.1032020538051,402.5731213759104,389.4427227100807,392.46923828125,27784834.0,SBIN,-0.013459761710207463,False
2021-06-10,395.68199359068615,403.5043668052178,393.3539046328461,402.5265808105469,27397712.0,SBIN,0.025625811014746702,False
2021-06-11,404.947794125534,405.5530915634597,396.0079269514609,400.0588073730469,26831924.0,SBIN,-0.006130709262803902,False
2021-06-14,397.6376181071387,402.7128637105549,388.04590238693095,400.75726318359375,30106015.0,SBIN,0.0017458828494072431,False
2021-06-15,399.6863389241924,403.0387644163562,398.5688448141007,399.9656982421875,16413658.0,SBIN,-0.001975173038956557,False
2021-06-16,398.5688421948583,402.9922113547311,395.77513535704384,396.6598205566406,19701175.0,SBIN,-0.008265403008497763,False
2021-06-17,392.0502028502147,396.65983061714496,387.9527717346413,391.3517761230469,23048331.0,SBIN,-0.013381855581301005,False
2021-06-18,394.750763179567,394.750763179567,374.96200677865454,384.5071716308594,45748727.0,SBIN,-0.017489647191572866,False
2021-06-21,378.4075876933952,392.0501834035559,372.9598538078958,390.8861389160156,33128978.0,SBIN,0.016589982595383912,False
2021-06-22,393.91266651178864,396.1942051440773,388.6046121202487,389.8617858886719,28442965.0,SBIN,-0.002620591843405906,False
2021-06-23,392.1433147568176,395.542318994917,386.4627719432385,390.0480346679688,27564829.0,SBIN,0.00047773027785313893,False
2021-06-24,391.4448915940095,393.6798513584784,387.6733703486039,388.5115051269531,19214547.0,SBIN,-0.003939334144635986,False
2021-06-25,392.050185973614,401.36254193498246,390.23426519352506,399.3138122558594,29886797.0,SBIN,0.027804342950864314,False
2021-06-28,401.0832078777992,403.3647181805557,395.35608586570766,397.4048156738281,29370660.0,SBIN,-0.004780692586731972,False
2021-06-29,398.1032217439807,399.45352474091,391.6311229117488,392.5158081054688,22275961.0,SBIN,-0.012302335994770597,False
2021-06-30,393.9126462015444,395.6819881011448,389.5358276539056,390.37396240234375,18337773.0,SBIN,-0.005456711956297933,False
2021-07-01,391.39829532054097,394.5645189664188,388.4649089842049,391.4914245605469,16161469.0,SBIN,0.0028625427559929584,False
2021-07-02,391.39829811384624,396.1476051975036,390.1877032422914,395.2163696289063,16423811.0,SBIN,0.009514755201958103,False
2021-07-05,397.1720151723822,404.6219005683472,395.076734904767,402.8991088867188,16483761.0,SBIN,0.019439324502237287,False
2021-07-06,402.0144377138472,406.4843574244314,398.75511296932143,400.1985168457031,20195278.0,SBIN,-0.006702899017269837,False
2021-07-07,399.8260026130876,404.1562423833844,398.1497615149035,403.0853271484375,14473774.0,SBIN,0.007213445780578365,False
2021-07-08,403.0387646564403,405.4599829503776,393.0745605815857,395.2629699707031,21433043.0,SBIN,-0.019406206703360795,False
2021-07-09,395.7751590875046,398.1032482586076,392.09676682953904,394.6111145019531,16844494.0,SBIN,-0.0016491690805194859,False
2021-07-12,397.17201639903016,400.664150189174,395.4026742958354,398.05670166015625,12886781.0,SBIN,0.008731601902677966,False
2021-07-13,400.4313070377688,402.1075197461188,398.8481951539509,399.59320068359375,12831125.0,SBIN,0.0038600003894653234,False
2021-07-14,399.5000665503404,402.5731326177212,397.078848341982,401.4090881347656,12767351.0,SBIN,0.004544340214161391,False
2021-07-15,402.94567044903,403.17847935767423,400.1053847121368,402.0144348144531,11030732.0,SBIN,0.0015080542458576485,False
2021-07-16,402.2937761173692,402.7593939138013,398.0566655374587,400.4313049316406,8713863.0,SBIN,-0.003937992633381904,False
2021-07-19,394.285147803063,399.9191402408816,390.0480371858828,398.4757080078125,14426686.0,SBIN,-0.004883726371398445,False
2021-07-20,397.6376046608296,397.6376046608296,390.0945905513681,391.9570617675781,14623321.0,SBIN,-0.016358955161468902,False
2021-07-21,397.6376046608296,397.6376046608296,390.0945905513681,391.9570617675781,14623321.0,SBIN,0.0,False
2021-07-22,396.28730931041815,397.3582530156541,391.9570693329607,393.0279846191406,11799761.0,SBIN,0.002732245329968075,False
2021-07-23,393.8195682725765,400.384796949437,390.653372605119,399.406982421875,17704661.0,SBIN,0.016230390843328557,False
2021-07-26,398.3825767855014,398.3825767855014,393.26078100513166,394.1920166015625,14037519.0,SBIN,-0.013056771788741983,False
2021-07-27,394.9836120910393,403.45786255087626,394.8439324213999,400.3847961425781,24119619.0,SBIN,0.015710058246245717,False
2021-07-28,400.4313134306606,400.8969312369754,392.09674333000487,396.2407531738281,17636515.0,SBIN,-0.01035015067673617,False
2021-07-29,396.7063703675034,413.0961228082817,396.2407525619077,411.1870727539063,35263606.0,SBIN,0.0377202987334353,False
2021-07-30,411.1405099517132,413.8410874589781,401.0831770215356,402.1075134277344,35196813.0,SBIN,-0.022081334574460265,False
2021-08-02,404.8546745927229,406.670595369099,402.1075182221141,404.9943542480469,16926025.0,SBIN,0.007179275999356083,False
2021-08-03,405.0409321728322,417.1004160397289,403.7837584396201,415.7966918945313,40922962.0,SBIN,0.02667281045569414,False
2021-08-04,417.7988643410289,435.30611143028057,411.14053519662747,425.5281372070313,129761158.0,SBIN,0.023404335585643476,False
2021-08-05,429.2996493224006,430.6965028451417,408.2537172292914,411.4664916992188,58595639.0,SBIN,-0.033045160303867616,False
2021-08-06,413.18924310010345,416.2623091828245,404.1562464996552,405.6927795410156,38236066.0,SBIN,-0.014032034867188514,False
2021-08-09,407.7880638652858,411.4198770242276,401.3625439042264,403.5975036621094,22196404.0,SBIN,-0.005164686148165565,False
2021-08-10,404.5287331076257,406.3912042806986,392.7020582100456,397.12542724609375,27794251.0,SBIN,-0.01603596741131985,False
2021-08-11,400.2450492618706,403.13188530387487,394.0523382095576,398.6153869628906,23827946.0,SBIN,0.0037518617911955765,False
2021-08-12,400.4313405922518,400.8504080139829,395.7751622132721,397.7773132324219,16847144.0,SBIN,-0.0021024620671423744,False
2021-08-13,398.1963740638079,402.5266142007799,395.7751556629993,401.548828125,20908992.0,SBIN,0.009481473093399861,False
2021-08-16,400.43129450629726,404.15623678077446,394.8438810945815,395.6354370117188,17608693.0,SBIN,-0.014726455910463732,False
2021-08-17,395.6354530707824,396.566688677201,386.6955855653521,392.5158081054688,22957877.0,SBIN,-0.007885109912835198,False
2021-08-18,393.1210791226241,395.16980868656,389.25645729975065,390.8395690917969,17668574.0,SBIN,-0.004270500650056741,False
2021-08-19,393.1210791226241,395.16980868656,389.25645729975065,390.8395690917969,17668574.0,SBIN,0.0,False
2021-08-20,386.4627644287661,388.6511737183784,377.2900883121278,378.7335205078125,25541790.0,SBIN,-0.03097447019531696,False
2021-08-23,382.8309555234949,384.6002974550949,373.6582793071593,381.3409729003906,26559937.0,SBIN,0.006884662305786993,False
2021-08-24,381.340988439202,389.9549179704905,380.130393494319,388.8840026855469,19012313.0,SBIN,0.01978027623883616,False
2021-08-25,390.1877290376314,392.3295596193802,385.81091020825033,387.6268310546875,16410980.0,SBIN,-0.003232767668964631,False
2021-08-26,385.9971690163407,387.20776396891415,381.80660867720064,382.5050354003906,15897679.0,SBIN,-0.01321321240937079,False
2021-08-27,382.13253432090767,385.857476722634,379.4785071758666,384.088134765625,15090541.0,SBIN,0.0041387673853161555,False
2021-08-30,385.9040282244156,394.192019407842,385.06592186547226,393.63330078125,20308691.0,SBIN,0.02485149930874475,False
2021-08-31,394.7042283483193,397.637614905615,389.9083705268286,396.7529296875,26262421.0,SBIN,0.007925215930812746,False
2021-09-01,398.10323594943776,402.8059645620367,395.91482651245417,400.3381958007813,18776721.0,SBIN,0.009036520829487582,False
2021-09-02,401.73504997002544,403.6906505005522,398.33604556311695,400.1985168457031,14372717.0,SBIN,-0.00034890239438378767,False
2021-09-03,401.5953362186145,404.4355933158434,398.7550791213856,401.7350158691406,14233624.0,SBIN,0.003839342123374001,False
2021-09-06,402.2937733094337,404.0165648280189,400.4778525484012,401.4090881347656,10694099.0,SBIN,-0.0008113002887484289,False
2021-09-07,401.4090930477971,402.0144189215866,395.8682582925448,399.59320068359375,14928735.0,SBIN,-0.0045237826069404186,False
2021-09-08,399.5000672469168,405.45996932623007,397.9635342105474,401.6884765625,22817464.0,SBIN,0.005243522350534935,False
2021-09-09,400.664159337765,403.9700347002965,400.4313504131063,402.57318115234375,9662128.0,SBIN,0.0022024644505980184,False
2021-09-10,400.664159337765,403.9700347002965,400.4313504131063,402.57318115234375,9662128.0,SBIN,0.0,False
2021-09-13,400.5244292992341,403.9699838994569,399.31380599181415,403.0853271484375,9567921.0,SBIN,0.001272181109103654,False
2021-09-14,405.0874772633471,406.71713952819965,402.5265794185788,403.2250061035156,9981562.0,SBIN,0.0003465245338158951,False
2021-09-15,403.2250067157923,414.3998336917496,401.781602932353,413.3289184570313,22181568.0,SBIN,0.025057752372931397,False
2021-09-16,414.2601678659449,434.0489246297312,412.3045673960655,431.81396484375,42637448.0,SBIN,0.04472236410586494,False
2021-09-17,435.81825340933625,439.45006650393645,419.3819510318762,422.87408447265625,41529478.0,SBIN,-0.020703083037920345,False
2021-09-20,418.4972667584505,422.3153383457178,405.6927774480787,407.3690185546875,18376916.0,SBIN,-0.03666591661038843,False
2021-09-21,409.88333338026194,411.000827439868,402.89906655536015,408.6261596679688,17279588.0,SBIN,0.003086000790490928,False
2021-09-22,408.7193104234268,412.3511236797346,406.1118620391689,408.6727600097656,14321143.0,SBIN,0.00011404150393778956,False
2021-09-23,411.9786434092168,420.1269552979239,411.6527052498572,418.8697814941406,20516770.0,SBIN,0.024951556556231713,False
2021-09-24,420.08040270798216,420.8253798520407,409.7436814245959,410.4421081542969,10731274.0,SBIN,-0.02012003183849065,False
2021-09-27,414.3067196290846,419.5681951725557,411.8389509319581,415.8898315429688,11746892.0,SBIN,0.013272817969797623,False
2021-09-28,418.31106249687934,424.4571950097488,409.37119463399216,414.3067321777344,19241170.0,SBIN,-0.003806535397513966,False
2021-09-29,411.4664864763132,430.51023887651775,408.9055883837945,428.368408203125,38635938.0,SBIN,0.03394025472740392,False
2021-09-30,428.3218303042038,432.93142952353054,420.3597487850941,421.8497314453125,26530369.0,SBIN,-0.015217454492399085,False
2021-10-01,417.6591733111292,424.2243730289997,413.28235455317855,420.5925598144531,14777309.0,SBIN,-0.002980140882280824,False
2021-10-04,422.5947292639287,432.4658328999094,420.5460278724598,431.3017883300781,16246765.0,SBIN,0.02546223956113125,False
2021-10-05,430.23086117096346,436.7495105826448,427.1577949587933,432.7452087402344,16487568.0,SBIN,0.003346659924005735,False
2021-10-06,433.0245826027115,438.6119965717787,422.4550521607479,425.7609558105469,19056690.0,SBIN,-0.01613941134095831,False
2021-10-07,430.3239816970877,432.0933236748763,425.6678036402464,426.4127807617188,9984651.0,SBIN,0.0015309645994452392,False
2021-10-08,430.1377336992699,432.0933342146561,423.0137867823438,426.50592041015625,16521128.0,SBIN,0.000218426024358509,False
2021-10-11,428.368400529019,442.2903849138349,427.11122671322033,436.9823303222656,20686981.0,SBIN,0.024563339946218177,False
2021-10-12,437.6807114500437,451.0904977766172,435.91136957692873,449.7867736816406,33763609.0,SBIN,0.029301970516592668,False
2021-10-13,452.720183784286,452.720183784286,445.1306192857151,448.5762023925781,17638983.0,SBIN,-0.002691433719034464,False
2021-10-14,448.8555348504082,459.93723220543535,448.8555348504082,456.8641662597656,23431826.0,SBIN,0.018476155941804073,False
2021-10-15,448.8555348504082,459.93723220543535,448.8555348504082,456.8641662597656,23431826.0,SBIN,0.0,False
2021-10-18,460.0303788249014,466.54902791756194,457.8885483477919,463.7087707519531,20084248.0,SBIN,0.014981705718403404,False
2021-10-19,465.943717787662,469.5289803748401,450.01958403954455,454.6292114257813,20645100.0,SBIN,-0.019580305352966176,False
2021-10-20,455.1879376380479,472.6020542560912,449.8799119126141,465.524658203125,34080545.0,SBIN,0.023965566891696266,False
2021-10-21,470.18085209827126,471.6708347526732,457.9351095550386,468.3649597167969,20808243.0,SBIN,0.006101291228342465,False
2021-10-22,469.90149278390766,473.71956445485785,465.6178033096478,468.3649597167969,24080485.0,SBIN,0.0,False
2021-10-25,471.6708679199219,480.0054385528623,463.6156850400466,471.6708679199219,35619415.0,SBIN,0.0070584020741517595,False
2021-10-26,472.6951800421617,482.5662827476402,472.6951800421617,477.3047790527344,21107457.0,SBIN,0.011944581520707764,False
2021-10-27,478.375743336828,490.6214574827352,477.4910581413476,483.4509887695313,29463032.0,SBIN,0.012876907976900664,False
2021-10-28,483.8699906082451,484.7546757877922,463.3828360142962,466.8749694824219,28140401.0,SBIN,-0.03428686603640696,False
2021-10-29,467.0146671256306,477.3979671060415,454.8154747232835,467.6199645996094,31355893.0,SBIN,0.0015957058439295402,False
2021-11-01,473.5332822971185,481.40223414735686,466.549015596571,480.2381896972656,20679604.0,SBIN,0.02698393151041012,False
2021-11-02,479.4000742009274,488.898688662565,476.839176307933,485.82562255859375,26797820.0,SBIN,0.011634711651837604,False
2021-11-03,487.9674832371662,505.009084356643,479.7726208405007,491.3665161132813,80775924.0,SBIN,0.011405107712323836,False
2021-11-04,494.9517545837925,499.0492142337488,491.7389801807716,493.9739685058594,9796046.0,SBIN,0.0053065325110124295,False
2021-11-05,494.9517545837925,499.0492142337488,491.7389801807716,493.9739685058594,9796046.0,SBIN,0.0,False
2021-11-08,497.698924553993,497.698924553993,480.9366821789259,487.2690734863281,36802110.0,SBIN,-0.013573377236480222,False
2021-11-09,490.0627302299277,495.41733488327134,486.291237450412,492.7633361816406,25451967.0,SBIN,0.011275623663127288,False
2021-11-10,489.4108832297653,492.1580397578148,485.6393902245987,488.3399963378906,15805538.0,SBIN,-0.008976600974467508,False
2021-11-11,486.8965217838589,486.8965217838589,472.2295891697773,474.55767822265625,23086898.0,SBIN,-0.02822279194534405,False
2021-11-12,476.7926448907571,477.72388052530937,468.1321648570436,476.1873474121094,19836221.0,SBIN,0.00343408033256698,False
2021-11-15,477.1651390129126,480.4244635776508,470.7395907071849,471.7173767089844,13328183.0,SBIN,-0.009387000153232794,False
2021-11-16,472.5089662559817,472.5089662559817,459.5647963190537,461.0547790527344,19553216.0,SBIN,-0.022603783923838883,False
2021-11-17,459.89068746912005,470.6464468307084,457.2366604365432,463.8949890136719,20488483.0,SBIN,0.006160244053370123,False
2021-11-18,464.7797037766381,471.3914823645949,458.4472845071497,469.156494140625,22471070.0,SBIN,0.011342017593550802,False
2021-11-19,464.7797037766381,471.3914823645949,458.4472845071497,469.156494140625,22471070.0,SBIN,0.0,False
2021-11-22,471.2052268882202,471.2052268882202,444.66501153977305,452.9530029296875,28800269.0,SBIN,-0.03453749743061352,False
2021-11-23,451.882094803241,461.3341308757469,446.99310768790457,459.1457214355469,20000371.0,SBIN,0.013671878684554661,False
2021-11-24,461.7065992231875,465.6178001117482,455.4207589216789,459.2388305664063,13963769.0,SBIN,0.00020278775672410987,False
2021-11-25,456.3054587242203,461.38070427561206,452.85987552541496,456.817626953125,12894211.0,SBIN,-0.005272210127125088,False
2021-11-26,452.8133234232822,454.3498565233238,434.98016685813536,438.1463623046875,26305817.0,SBIN,-0.04087246977085979,False
2021-11-29,437.6807244588183,444.897800234469,423.06031442310393,433.11767578125,22407465.0,SBIN,-0.011477184238130378,False
2021-11-30,435.8182709483913,444.4322004489738,426.5059147315454,428.8805541992188,23026652.0,SBIN,-0.009782841520813879,False
2021-12-01,432.5123883871725,444.4321927711927,432.0933209970317,442.61627197265625,17156956.0,SBIN,0.03202690734972591,False
2021-12-02,441.8713127472116,445.27031716145575,438.565437581109,444.1994018554688,12962679.0,SBIN,0.0035767548168910146,False
2021-12-03,443.0353540809868,448.3899589910565,437.7272995851212,440.6141357421875,16653993.0,SBIN,-0.008071298831797802,False
2021-12-06,440.6140988616885,444.1993614460597,431.907040705088,433.3038940429688,14353300.0,SBIN,-0.01659102853544414,False
2021-12-07,436.9357465608352,446.713720174494,436.9357465608352,443.9200134277344,13644942.0,SBIN,0.024500401521230675,False
2021-12-08,447.8312168942924,458.5404268332573,447.2259194076405,457.7488708496094,20397660.0,SBIN,0.03115168724900519,False
2021-12-09,458.4472831286653,459.5647772372901,452.6736393515856,455.04827880859375,12560970.0,SBIN,-0.005899724091078973,False
2021-12-10,454.9085790357137,461.8462954469712,451.0905074889623,460.6822509765625,13261408.0,SBIN,0.012381042694457722,False
2021-12-13,463.5225194457287,466.03686693088656,452.9064392999439,454.2567138671875,14047645.0,SBIN,-0.013947872087005764,False
2021-12-14,452.580499757446,456.631380284765,448.6692988857473,454.95513916015625,11642447.0,SBIN,0.0015375123177001626,False
2021-12-15,456.30541839361456,457.2366539413566,450.2523873332911,451.4629821777344,8639835.0,SBIN,-0.007675827091146559,False
2021-12-16,454.7689339050586,456.81763527706426,445.36344818636536,448.0640258789063,11107781.0,SBIN,-0.007528759683534725,False
2021-12-17,447.0396555810828,448.296829373176,434.4214240840976,435.6320190429688,12648603.0,SBIN,-0.02774604993460772,False
2021-12-20,427.4371636833221,432.0933419369531,412.537393271703,418.3110656738281,22336114.0,SBIN,-0.039760514865717966,False
2021-12-21,425.6212274058776,426.738721513962,413.93423177950046,415.3310852050781,16617447.0,SBIN,-0.007123838485959655,False
2021-12-22,419.056049847854,425.8540588444296,418.1248141815254,424.5037841796875,13102553.0,SBIN,0.02208526956290835,False
2021-12-23,429.2996090736468,433.02455145172615,426.2730933914573,430.0445861816406,14471377.0,SBIN,0.013052420752055705,False
2021-12-24,430.7896128909685,431.7208485312779,421.1047679155613,425.5281372070313,13221159.0,SBIN,-0.010502280739564274,False
2021-12-27,422.5016075492638,428.8339983285121,419.5681926430426,426.5524597167969,8856482.0,SBIN,0.002407179267835735,False
2021-12-28,429.4858703613281,431.0689538309039,427.483691084808,429.4858703613281,8832210.0,SBIN,0.006877021988054732,False
2021-12-29,429.2996338629338,430.3705491746591,420.35976595551256,423.1534729003906,11757303.0,SBIN,-0.014744134552342802,False
2021-12-30,421.616885057305,423.61903575753246,417.659134065602,420.63909912109375,28879190.0,SBIN,-0.0059419901769038885,False
2021-12-31,423.013772958106,429.67210184039385,421.94285769771926,428.7874450683594,10005842.0,SBIN,0.019371346991497562,False
2022-01-03,430.23085809494336,439.5432143307647,428.4615160939485,438.42572021484375,13124509.0,SBIN,0.022477978908518992,False
2022-01-04,440.0088491508855,451.3699355653671,438.6585460768737,450.25244140625,23296671.0,SBIN,0.026975427412449182,False
2022-01-05,448.7624015742661,460.9615928465408,446.2015038362297,458.5403747558594,24694169.0,SBIN,0.018407303520052265,False
2022-01-06,454.1636074541724,460.40286883985226,452.02174855119335,457.8885498046875,18190843.0,SBIN,-0.0014215213906058066,False
2022-01-07,459.5182120822768,467.4337145771082,455.7932697317679,457.469482421875,22746330.0,SBIN,-0.0009152169954702583,False
2022-01-10,459.42506975618335,470.2274079488408,458.6335138454312,469.0167846679688,15832274.0,SBIN,0.02524168865857801,False
2022-01-11,468.411474174813,472.881393375858,464.91934091804256,471.15863037109375,16107950.0,SBIN,0.004566671754916429,False
2022-01-12,474.8370562207295,478.1895102725667,473.533331983642,475.1629943847656,14489616.0,SBIN,0.008498972013985862,False
2022-01-13,474.9301736216526,477.5841724448816,472.1364667179958,476.1873474121094,10450974.0,SBIN,0.0021557929372637563,False
2022-01-14,473.99888261301305,475.25605625660273,470.4136201550176,473.3935852050781,8724574.0,SBIN,-0.005866939183105657,False
2022-01-17,473.0676768262099,483.2181674303625,472.6486094456514,478.6550903320313,17422211.0,SBIN,0.011114441114942197,False
2022-01-18,478.6550721143395,481.86784612553,470.2739521745942,471.9501647949219,12592506.0,SBIN,-0.014007843377281115,False
2022-01-19,470.2739958515499,482.0541493739674,465.8971769977842,480.3313293457031,16079457.0,SBIN,0.017758579561939936,False
2022-01-20,480.5175762215908,483.45099113725774,473.0676913189305,476.23388671875,17724642.0,SBIN,-0.008530450496607389,False
2022-01-21,470.5533309050689,472.60206056479433,463.75532248525633,468.1321411132813,16947941.0,SBIN,-0.017012114911204024,False
2022-01-24,467.8527993303227,471.9502306330999,454.4430112398437,460.1701049804688,20233933.0,SBIN,-0.017008095436211068,False
2022-01-25,456.3054561264398,481.9144358070053,455.374220501692,479.2604370117188,21791739.0,SBIN,0.04148538078556907,False
2022-01-26,456.3054561264398,481.9144358070053,455.374220501692,479.2604370117188,21791739.0,SBIN,0.0,False
2022-01-27,468.9236511149533,494.3463703317312,468.59774140680656,492.5770568847656,35409230.0,SBIN,0.027785769165672214,False
2022-01-28,497.2797849398423,499.5147730006576,485.54623971583055,487.4552612304688,24715250.0,SBIN,-0.010397958213256842,False
2022-01-31,492.6236088366391,503.7053346818178,490.8076881358768,501.2840881347656,28674232.0,SBIN,0.028369427933528035,False
2022-02-01,506.5456029878375,506.5456029878375,484.2424995725934,495.6966857910156,32245356.0,SBIN,-0.011146179334237893,False
2022-02-02,499.7476111794052,506.82497905661904,494.812016992334,502.6809692382813,21661864.0,SBIN,0.014089832850345596,False
2022-02-03,500.2132579371295,507.2440758085912,500.2132579371295,502.9603576660156,22717677.0,SBIN,0.0005557967077163273,False
2022-02-04,504.8694045053789,508.8271558150221,491.040521708818,493.834228515625,25332894.0,SBIN,-0.01814482793980099,False
2022-02-07,495.3242754795101,511.2483826971255,489.13153554037376,496.5814208984375,52289545.0,SBIN,0.005562984953614958,False
2022-02-08,498.6766621814507,500.67884145019633,483.311274831322,494.81201171875,26567546.0,SBIN,-0.003563180387389897,False
2022-02-09,498.1645188484061,499.6079227281808,491.4596108477119,498.4438781738281,14856155.0,SBIN,0.0073398914518316705,False
2022-02-10,500.1665900060256,506.545587611548,497.65229949736135,503.3793640136719,18659370.0,SBIN,0.009901788457962635,False
2022-02-11,499.37508189786615,500.72538486222817,490.8542535694,493.1823425292969,14607095.0,SBIN,-0.02025713053286393,False
2022-02-14,479.5863495613935,480.1450682042784,465.33845578670656,466.9215393066406,26153332.0,SBIN,-0.053247654991006255,False
2022-02-15,467.480243298606,490.6214238421887,462.917194814761,488.71240234375,23842951.0,SBIN,0.0466692178507504,False
2022-02-16,490.2955308729563,491.6923842372667,478.6550861703695,481.16943359375,19773807.0,SBIN,-0.015434371450009587,False
2022-02-17,484.2425066690083,484.2425066690083,476.0010660159268,477.6773071289063,16408356.0,SBIN,-0.007257581677127201,False
2022-02-18,475.023284081949,485.0806455887828,475.023284081949,479.8656921386719,15111223.0,SBIN,0.004581304108664641,False
2022-02-21,476.3735663662856,481.9144296301384,469.9480463216949,476.6529541015625,16866932.0,SBIN,-0.006695077580542996,False
2022-02-22,466.4559272389921,470.5533583786192,461.4272604576743,464.1278381347656,27108772.0,SBIN,-0.02627722299635238,False
2022-02-23,468.4115284600428,470.5999379050491,463.0569235124379,464.4072265625,13899433.0,SBIN,0.0006019643830397214,False
2022-02-24,446.99308584598384,454.39642019793,435.8182586998343,440.14849853515625,32356037.0,SBIN,-0.052235896945240556,False
2022-02-25,446.9931083797052,458.0748068411408,446.3412320623623,449.7402648925781,21792287.0,SBIN,0.02179211422813876,False
2022-02-28,444.1062516511127,451.92862500192814,440.5675677411657,449.9730529785156,18069367.0,SBIN,0.0005176056139717389,False
2022-03-01,444.1062516511127,451.92862500192814,440.5675677411657,449.9730529785156,18069367.0,SBIN,0.0,False
2022-03-02,445.13062231278,446.8068350459173,434.8870305859169,441.6384887695313,22003848.0,SBIN,-0.018522362958881988,False
2022-03-03,446.9930959365198,450.1592913489257,432.6520731257009,435.259521484375,20358590.0,SBIN,-0.014443866300985264,False
2022-03-04,428.64773418310085,438.5188372009064,426.1799655334132,430.1842956542969,20684268.0,SBIN,-0.011660229310481163,False
2022-03-07,416.7279487446068,422.73442998798953,403.6440993751081,410.0230407714844,33720472.0,SBIN,-0.04686655251361016,False
2022-03-08,407.8812101679056,411.6992819742931,395.7751468524198,410.0230407714844,42510207.0,SBIN,0.0,False
2022-03-09,411.60610313711504,423.06028875724616,408.39332919975845,420.63909912109375,32331325.0,SBIN,0.025891370225523458,False
2022-03-10,437.58758892426,443.8734290255677,429.9048954671061,436.4701232910156,34553299.0,SBIN,0.037635645861262335,False
2022-03-11,434.32829125108464,442.1506648431163,430.2308601713591,438.0066833496094,22091309.0,SBIN,0.0035204243695032833,False
2022-03-14,438.61196252593584,452.5804963643414,438.1928951431617,451.7889404296875,27750689.0,SBIN,0.031465860234551224,False
2022-03-15,455.3742129012,456.7710663150074,447.5983898805279,452.4408264160156,27204899.0,SBIN,0.0014428993894983755,False
2022-03-16,459.0991724363624,460.3097674057931,455.7467184345574,458.8663635253906,16211288.0,SBIN,0.014201939202247882,False
2022-03-17,464.6865684165621,468.8771286527836,464.0346921233055,467.38714599609375,22947673.0,SBIN,0.01856920260016315,False
2022-03-18,464.6865684165621,468.8771286527836,464.0346921233055,467.38714599609375,22947673.0,SBIN,0.0,False
2022-03-21,467.4802458400517,467.4802458400517,455.3741836967834,456.8641662597656,19064060.0,SBIN,-0.02251448253653099,False
2022-03-22,456.86420148785135,461.706609667117,444.43220025984135,459.75103759765625,26157969.0,SBIN,0.0063188832722966826,False
2022-03-23,464.2209411418445,467.8527542553318,455.5604615312936,456.9107360839844,15800195.0,SBIN,-0.006177912133735086,False
2022-03-24,451.6492883753215,460.77538633981874,450.25243490611945,453.6048889160156,18174877.0,SBIN,-0.007235214467276374,False
2022-03-25,457.9351224726912,459.3785263360452,453.1392646471291,456.9573364257813,11541196.0,SBIN,0.007390677639690146,False
2022-03-28,457.1901216572291,464.3140681960793,448.8090013952748,463.2897033691406,16738684.0,SBIN,0.013857676501902061,False
2022-03-29,465.6177867542614,466.9215108733624,457.8885428617624,460.9616088867188,14301429.0,SBIN,-0.005025137544589109,False
2022-03-30,464.96593149591325,465.99029635687214,458.44728218679097,460.3097534179688,16461225.0,SBIN,-0.001414120951036102,False
2022-03-31,460.3097854028003,463.336301363763,458.3542132094243,459.6113586425781,10240982.0,SBIN,-0.0015172278453907673,False
2022-04-01,457.2366733006267,474.6973405600702,457.2366733006267,473.2539367675781,18527226.0,SBIN,0.02968285676248761,False
2022-04-04,474.27829656735247,479.4932502155485,471.2052303457634,477.1651611328125,16257176.0,SBIN,0.008264536354306573,False
2022-04-05,479.0276052463827,480.8900764070014,472.7883154906881,474.3713989257813,13602384.0,SBIN,-0.005854916566831236,False
2022-04-06,472.1364521966896,479.7725955327789,471.20521659077895,478.6085510253906,13738275.0,SBIN,0.0089321407428955,False
2022-04-07,474.9767176387794,484.1494226184488,474.9767176387794,479.539794921875,19620958.0,SBIN,0.0019457318397033685,False
2022-04-08,483.77688042336,483.77688042336,477.11852333772765,480.6106567382813,13572638.0,SBIN,0.0022331031287627923,False
2022-04-11,478.1894421097751,486.1049440726438,477.9100828198832,479.4931945800781,12370288.0,SBIN,-0.0023250881821618163,False
2022-04-12,477.4910361415973,481.169427992416,469.66866307633074,477.5841369628906,14460680.0,SBIN,-0.003981407116443791,False
2022-04-13,478.9344537412433,485.0806427531477,478.4222855331121,482.1006774902344,15440525.0,SBIN,0.009457057255012336,False
2022-04-14,478.9344537412433,485.0806427531477,478.4222855331121,482.1006774902344,15440525.0,SBIN,0.0,False
2022-04-15,478.9344537412433,485.0806427531477,478.4222855331121,482.1006774902344,15440525.0,SBIN,0.0,False
2022-04-18,476.7926582433759,479.5863652252706,469.3427729583231,474.4645690917969,14492183.0,SBIN,-0.01583924013172988,False
2022-04-19,477.9566567050245,485.1271819676851,470.3670924869436,476.6063537597656,20362934.0,SBIN,0.00451410876067837,False
2022-04-20,476.7926373359957,478.37574925727273,472.13645923701137,474.2782897949219,11881305.0,SBIN,-0.004884668335783937,False
2022-04-21,478.0963565118487,482.3800173281685,476.978862478602,480.7969055175781,10035638.0,SBIN,0.0137442844484299,False
2022-04-22,477.6307590507531,478.189477672088,464.6865615547652,466.1765441894531,16760456.0,SBIN,-0.030408601137701163,False
2022-04-25,460.9616297046725,464.8728306576677,456.3520020400034,460.7288208007813,14057444.0,SBIN,-0.011685966307343643,False
2022-04-26,464.6865922605249,472.9745839136247,464.1744240174396,470.7396240234375,12137213.0,SBIN,0.021728189708767554,False
2022-04-27,465.6177825697587,468.2252307845277,458.0282183976824,463.056884765625,12367342.0,SBIN,-0.016320570578163163,False
2022-04-28,464.8262581197554,474.93017036926574,462.3584893889028,472.6020812988281,12154792.0,SBIN,0.020613442640064372,False
2022-04-29,473.16080767692927,477.2582385779829,460.0303802098021,462.1722106933594,12894773.0,SBIN,-0.022069032317430515,False
2022-05-02,458.7732274416462,460.9616368559858,448.20369735719777,457.2366943359375,18590895.0,SBIN,-0.01067895525353535,False
2022-05-03,458.7732274416462,460.9616368559858,448.20369735719777,457.2366943359375,18590895.0,SBIN,0.0,False
2022-05-04,458.1679099883815,462.3119197288658,444.6649939419759,446.6671447753906,14645323.0,SBIN,-0.02311614463904177,False
2022-05-05,451.64925034840905,460.0303704579672,445.7358988095211,446.9930725097656,14130385.0,SBIN,0.000729688176503096,False
2022-05-06,438.6119659297845,452.67362912004927,438.6119659297845,450.6714782714844,16710020.0,SBIN,0.00822922319817021,False
2022-05-09,444.29251240309696,450.438673074012,441.2194178581119,443.1750183105469,13544947.0,SBIN,-0.016633979123084508,False
2022-05-10,444.19940616596347,449.3677526688252,440.9400813827751,442.523193359375,10884328.0,SBIN,-0.0014708070722414535,False
2022-05-11,442.5697090695901,446.0618424920224,431.7673706657218,443.7803039550781,14771351.0,SBIN,0.002840779002248217,False
2022-05-12,440.4744454115289,440.4744454115289,424.9693781226085,430.8361511230469,18947096.0,SBIN,-0.029167929979473595,False
2022-05-13,437.1685740476676,444.199391625054,409.51086471093816,414.0739135742188,61403008.0,SBIN,-0.038906293042342166,False
2022-05-16,414.39986277150587,429.7652509416853,408.6727692282503,423.7122192382813,27940958.0,SBIN,0.023276775831798213,False
2022-05-17,426.7852315576621,437.35476049524095,424.7830808541951,435.1663513183594,16880698.0,SBIN,0.027032810384060912,False
2022-05-18,435.7251475037698,436.3770238152506,425.6678140232925,426.50592041015625,15644497.0,SBIN,-0.01990142593048816,False
2022-05-19,418.171339619988,419.0560248177811,413.887678545984,416.7279357910156,14201420.0,SBIN,-0.022925788719972418,False
2022-05-20,423.5725451792933,432.0933457753184,422.9206688503715,430.6033630371094,13596860.0,SBIN,0.03329612933137294,False
2022-05-23,431.2551809559511,438.9844245111517,427.9027273538081,429.2064514160156,13499415.0,SBIN,-0.003244079682149126,False
2022-05-24,430.6033734750961,434.7008047902015,428.5546720270722,430.2774353027344,17175179.0,SBIN,0.0024952651181859853,False
2022-05-25,435.99930806214456,439.2622211534061,427.5346678681893,429.4735107421875,12728644.0,SBIN,-0.001868386521317933,False
2022-05-26,432.0743862620898,444.6058200838844,427.96028712166645,443.4708862304688,17055257.0,SBIN,0.03259194138444532,False
2022-05-27,445.83530418702605,449.24007685783033,442.1468124863909,443.5181884765625,10977001.0,SBIN,0.00010666370118617152,False
2022-05-30,447.34855034754094,451.0370421360326,445.5515957698212,448.8617858886719,9365470.0,SBIN,0.012048203548233438,False
2022-05-31,448.2943234893229,450.5641623927047,439.7824059547154,442.71429443359375,15441579.0,SBIN,-0.013695733627462015,False
2022-06-01,442.61969283792894,446.402767135689,439.4986680873034,442.9034118652344,9424008.0,SBIN,0.00042717715244000587,False
2022-06-02,441.5793255102936,446.7337755978156,440.86999910536304,444.3693542480469,9370989.0,SBIN,0.0033098466698164852,False
2022-06-03,447.5849844251947,449.7129637489278,438.363740689018,439.30950927734375,11306291.0,SBIN,-0.011386574979422859,False
2022-06-06,439.02577123657824,440.3498414303904,431.7433418767632,438.5528869628906,10661432.0,SBIN,-0.0017222989679821499,False
2022-06-07,436.8032352488327,440.6808922952509,435.52644186174086,438.2691650390625,7672515.0,SBIN,-0.000646950304655336,False
2022-06-08,441.2956276233848,449.7602391433186,438.0800202062432,445.74072265625,17168871.0,SBIN,0.017047874259010554,False
2022-06-09,443.51818510053766,445.3624165055338,437.3706893587511,441.6266479492188,12635601.0,SBIN,-0.009229748366975876,False
2022-06-10,436.9451126976448,438.97850950586695,433.7295050866694,436.8032531738281,8621104.0,SBIN,-0.010921883445641378,False
2022-06-13,429.3789371422775,429.4262140264515,418.1242967650263,421.6709289550781,13426836.0,SBIN,-0.034643341387221804,False
2022-06-14,420.8670009093979,424.886517210218,419.30648858865146,423.79888916015625,11351101.0,SBIN,0.005046494929947576,False
2022-06-15,424.6028113493786,430.7503070587634,424.27178657712926,426.8726501464844,9920926.0,SBIN,0.007252876458500035,False
2022-06-16,430.4665500203016,432.9255540243017,416.2800217617226,417.6513977050781,10780703.0,SBIN,-0.021601881587498983,False
2022-06-17,416.13818525457054,423.27872666107095,413.5373215967295,417.0839538574219,14326050.0,SBIN,-0.0013586542527433965,False
2022-06-20,417.5568251048669,419.4010853677971,407.3425360584267,411.1256103515625,12368534.0,SBIN,-0.014285717421524735,False
2022-06-21,415.6653093030171,430.2774460556247,413.8683546940159,426.3052062988281,13801891.0,SBIN,0.036922039311258814,False
2022-06-22,424.4136727989286,426.73081748792765,420.5360156426253,423.3733215332031,11066447.0,SBIN,-0.0068774312917253555,False
2022-06-23,424.6501134606251,431.6961012757673,421.81280758004186,426.9199523925781,12229833.0,SBIN,0.008377076870434985,False
2022-06-24,431.0813167492726,435.3845812009487,428.62234147696313,429.6153869628906,10833364.0,SBIN,0.006313676733089135,False
2022-06-27,435.00629628341983,439.6405568338067,433.20931278244456,436.1885070800781,9509175.0,SBIN,0.015300010932232544,False
2022-06-28,434.0131914547224,440.491711938516,433.1620055133448,439.0730590820313,13261290.0,SBIN,0.006613085753365944,False
2022-06-29,435.05354801240566,437.6071347305486,433.1620108471343,434.2023620605469,11800876.0,SBIN,-0.01109313568832393,False
2022-06-30,434.10777801307705,443.8491828374071,433.7294763537707,440.6335754394531,16926328.0,SBIN,0.01481155779159371,False
2022-07-01,438.2218536061245,443.37627477071175,435.5736844078601,441.5320434570313,9405495.0,SBIN,0.0020390366682387917,False
2022-07-04,441.5320610921888,448.4361600833809,441.5320610921888,447.7741394042969,9186358.0,SBIN,0.014137356596799266,False
2022-07-05,449.3819530708008,453.9689366406206,445.45701907860894,446.5446472167969,12003244.0,SBIN,-0.0027457865010598326,False
2022-07-06,449.3819244644131,454.9146763000349,448.1997137671677,453.921630859375,12059857.0,SBIN,0.016520147959576015,False
2022-07-07,457.7520110566737,461.7715276826879,455.4821721462616,460.3528747558594,11497832.0,SBIN,0.014168181155651549,False
2022-07-08,462.4808442303567,463.33203019569055,458.8396293570521,462.0552368164063,9057231.0,SBIN,0.0036979503200664787,False
2022-07-11,458.6977720918318,464.6561027409874,458.6977720918318,461.7242431640625,7704792.0,SBIN,-0.0007163508298799748,False
2022-07-12,458.69778958220087,464.7034262080073,456.9008349419183,458.6505126953125,7364457.0,SBIN,-0.00665706969962554,False
2022-07-13,461.2986353122441,465.7437592836524,458.2721642428724,460.1164245605469,8208853.0,SBIN,0.0031961413421730533,False
2022-07-14,460.2110094045095,462.3862656530576,450.9424597491278,453.3541870117188,9385630.0,SBIN,-0.014696796697241665,False
2022-07-15,456.38062113130496,458.1302987936768,448.9563607968237,453.1177368164063,6945602.0,SBIN,-0.0005215573211555524,False
2022-07-18,458.272157767472,464.8452609990571,455.9550420444267,463.7103271484375,9934786.0,SBIN,0.023377125791752107,False
2022-07-19,461.53505638903056,471.5129031327425,461.53505638903056,470.9454650878906,11724183.0,SBIN,0.015602710390224095,False
2022-07-20,473.8300667144491,482.9094510108322,473.26259978419387,481.0179138183594,19280117.0,SBIN,0.0213877178509172,False
2022-07-21,482.1528433042966,485.5576450587542,479.2682604842976,484.2808227539063,13814893.0,SBIN,0.00678334182950846,False
2022-07-22,485.60486645969866,491.9888040790853,483.4768872532365,485.84130859375,14699129.0,SBIN,0.0032222746937817792,False
2022-07-25,485.5576164683636,490.85389747437273,481.5380711043207,489.7189636230469,10229778.0,SBIN,0.007981320156823735,False
2022-07-26,489.624398970835,492.556258440218,485.2738289249796,486.314208984375,8862656.0,SBIN,-0.006952466397222579,False
2022-07-27,487.3544949397574,501.21002651030943,484.4699125690473,499.554931640625,15101546.0,SBIN,0.027226682691221527,False
2022-07-28,504.2838504057992,508.35064401287485,500.83177177965706,503.5745239257813,12160734.0,SBIN,0.008046346919157177,False
2022-07-29,506.0334689140187,507.8777291963506,498.1836012182079,499.6968078613281,11921058.0,SBIN,-0.007700381731433059,False
2022-08-01,500.3588314228092,505.9861657457553,497.8525794425111,504.803955078125,8295631.0,SBIN,0.010220491979236579,False
2022-08-02,503.0543776407157,515.349370325729,502.2977165261426,512.701171875,16845027.0,SBIN,0.01564412623441669,False
2022-08-03,512.5120241020963,516.7679827744605,505.6552017966205,511.5189208984375,24262125.0,SBIN,-0.0023059260275121174,False
2022-08-04,514.167132443307,514.4981283696671,495.7719212718277,504.33111572265625,18072293.0,SBIN,-0.014051885242400197,False
2022-08-05,506.5063245950856,513.4577579242721,500.3115522698516,502.2503662109375,21110734.0,SBIN,-0.00412576072911397,False
2022-08-08,495.58275294813626,495.58275294813626,485.98317844124335,492.1780090332031,32566317.0,SBIN,-0.02005445462135136,False
2022-08-09,495.58275294813626,495.58275294813626,485.98317844124335,492.1780090332031,32566317.0,SBIN,0.0,False
2022-08-10,493.2655702633671,495.10983046053855,485.5575913010178,486.7870788574219,16904151.0,SBIN,-0.010953212205418894,False
2022-08-11,491.7996525503216,497.47426392590216,489.151512120077,496.29205322265625,13862195.0,SBIN,0.019525938090929396,False
2022-08-12,497.1905601184637,502.9597254368142,496.67039893814257,501.9194030761719,12154012.0,SBIN,0.011338786944047552,False
2022-08-15,497.1905601184637,502.9597254368142,496.67039893814257,501.9194030761719,12154012.0,SBIN,0.0,False
2022-08-16,504.3783780065253,504.8985391865189,496.52851024669945,497.427001953125,10721167.0,SBIN,-0.008950443229557958,False
2022-08-17,500.1696516867077,501.7774696931506,495.91369340648566,499.5076599121094,12054183.0,SBIN,0.004182840800388332,False
2022-08-18,498.27816163878566,505.79703352089945,497.6634466865571,503.4798889160156,9013662.0,SBIN,0.007952288468619617,False
2022-08-19,503.1488725356916,504.7094137454508,490.38099701081967,492.1306457519531,11087222.0,SBIN,-0.02254160178770448,False
2022-08-22,490.853901910903,491.7051167383744,482.3419845367255,483.5714721679688,9676954.0,SBIN,-0.017392075981991106,False
2022-08-23,480.68688485359866,495.5827401146792,480.68688485359866,493.5966491699219,8597965.0,SBIN,0.020731531074419607,False
2022-08-24,490.8538847355807,494.63695899173166,484.5172238115016,491.1376037597656,11930650.0,SBIN,-0.004981892430371282,False
2022-08-25,493.6439388375456,499.649546436844,490.3810255794058,492.1780090332031,15473450.0,SBIN,0.002118358002875409,False
2022-08-26,495.3935546875,500.7844469647244,493.88034809833897,495.3935546875,12855886.0,SBIN,0.00653329810613279,False
2022-08-29,483.5714576863063,488.9623500735362,481.15975938087337,486.9289245605469,9421339.0,SBIN,-0.017086677948994988,False
2022-08-30,490.0973063520123,503.621785960478,489.8608641989792,502.4395751953125,14835308.0,SBIN,0.031854034238701256,False
2022-08-31,490.0973063520123,503.621785960478,489.8608641989792,502.4395751953125,14835308.0,SBIN,0.0,False
2022-09-01,493.9276857558042,511.5662944645206,493.9276857558042,504.37841796875,16670228.0,SBIN,0.0038588576003071307,False
2022-09-02,507.8777436962466,508.6816239248925,502.4395741873949,507.5940246582031,10017930.0,SBIN,0.006375385176873971,False
2022-09-05,507.8777297346641,511.4716388097338,507.21568018067234,509.6747131347656,7819994.0,SBIN,0.004099119326638201,False
2022-09-06,508.8234731138315,513.2685967845732,505.1349527279727,508.6343078613281,8657868.0,SBIN,-0.0020413123245578424,False
2022-09-07,505.4188074634972,508.30339040263664,502.72333208091305,503.9528198242188,8445359.0,SBIN,-0.009204035128486998,False
2022-09-08,506.93199317849655,516.6733986665635,506.4591088565017,515.1129150390625,12240707.0,SBIN,0.022145119098125887,False
2022-09-09,519.8417059673161,526.7930817113361,518.2811647716557,523.3410034179688,18587927.0,SBIN,0.015973368437641078,False
2022-09-12,524.8070068359375,528.3063043931888,521.3549284374099,524.8070068359375,9677415.0,SBIN,0.002801239360940899,False
2022-09-13,529.6304288474462,529.6304288474462,523.7193749540595,527.7388916015625,16707275.0,SBIN,0.005586596077101547,False
2022-09-14,520.1727569806925,543.6750848196743,519.4634304939007,540.7432250976562,21632641.0,SBIN,0.024641605352655915,False
2022-09-15,541.4997937964107,547.1271284429683,537.1020044950002,541.1215209960938,12749947.0,SBIN,0.00069958509118484,False
2022-09-16,538.2368625915752,542.871151610006,529.9141108366572,531.332763671875,14739280.0,SBIN,-0.018089757927571726,False
2022-09-19,530.2925088124447,543.2495512341687,529.2048517436883,541.2161254882812,11194003.0,SBIN,0.018601077313782355,False
2022-09-20,546.6069776867555,546.6069776867555,541.7835231583919,542.91845703125,8484017.0,SBIN,0.0031453821547406946,False
2022-09-21,543.8168827502567,545.9921387362322,534.7375283196078,538.8043212890625,9392526.0,SBIN,-0.0075778152113010755,False
2022-09-22,536.014323707753,542.8711456696077,531.521923112055,536.5344848632812,11869435.0,SBIN,-0.004212728695922041,False
2022-09-23,534.1700365315244,537.1965072724512,519.6997900461478,520.7401123046875,12563239.0,SBIN,-0.02943775843712715,False
2022-09-26,516.2004810276811,519.2269520381395,504.0946547109807,513.8360595703125,16158750.0,SBIN,-0.01325815425245258,False
2022-09-27,515.018302736198,521.0239682512467,504.2838517337142,507.4048767089844,11066799.0,SBIN,-0.012516020901114033,False
2022-09-28,504.0001106162279,510.52587932873706,492.13066849231575,496.3866271972656,12233485.0,SBIN,-0.021714906611033924,False
2022-09-29,500.3115644395551,506.6482252884472,491.3740400704196,493.4547424316406,17310168.0,SBIN,-0.005906453971532666,False
2022-09-30,495.5827187447877,507.7831560940152,488.1584587391405,501.8247680664063,17466950.0,SBIN,0.016962093815371837,False
2022-10-03,498.9874928806652,502.8179019108135,490.3810216656896,491.563232421875,9351162.0,SBIN,-0.0204484439539927,False
2022-10-04,504.0946321030707,506.7427724715316,499.1766241472829,503.8109130859375,8745887.0,SBIN,0.02491577859417915,False
2022-10-05,504.0946321030707,506.7427724715316,499.1766241472829,503.8109130859375,8745887.0,SBIN,0.0,False
2022-10-06,505.6078816841946,512.4174273002554,505.6078816841946,508.1614685058594,9507322.0,SBIN,0.008635294129049065,False
2022-10-07,506.45906451480334,506.5536182808691,497.9944243471672,501.4465026855469,11065307.0,SBIN,-0.013214236490728837,False
2022-10-10,497.1905550114877,504.94586892749584,493.88036497509313,501.9666748046875,9649292.0,SBIN,0.0010373431988353055,False
2022-10-11,501.9666412912881,504.7566699664304,497.0013565681995,498.79833984375,10825440.0,SBIN,-0.006311843235749182,False
2022-10-12,501.2573482590859,505.9861911671905,497.4742739326023,504.8512573242188,8522604.0,SBIN,0.01213499925112993,False
2022-10-13,504.0946668770426,504.8512702166341,491.9888402681743,493.1710510253906,12972765.0,SBIN,-0.023135935841251287,False
2022-10-14,501.4465282402605,505.8443176388137,497.474288535822,498.6092224121094,8545479.0,SBIN,0.011026947699812828,False
2022-10-17,497.852606168704,515.1601597269055,495.7719037369504,514.1671142578125,13485349.0,SBIN,0.03120257537644222,False
2022-10-18,517.4299285082948,532.940555155672,517.0989326199887,531.947509765625,20440781.0,SBIN,0.03458096602206484,False
2022-10-19,532.4677221755691,532.8933295908961,521.6386601529041,523.3883666992188,9540583.0,SBIN,-0.01609020234003422,False
2022-10-20,522.0642708738797,526.6039486407994,515.7276096642603,525.2799072265625,11225588.0,SBIN,0.003614028602265007,False
2022-10-21,527.0295821096737,535.1158925512549,527.0295821096737,530.434326171875,11767639.0,SBIN,0.009812709137357656,False
2022-10-24,536.2507234351035,541.4524500292712,535.2104012063206,539.5609130859375,3692065.0,SBIN,0.017205875381272495,False
2022-10-25,541.4525497145627,554.4095917069079,537.1965908085093,547.1744384765625,19899324.0,SBIN,0.014110594755799788,False
2022-10-26,541.4525497145627,554.4095917069079,537.1965908085093,547.1744384765625,19899324.0,SBIN,0.0,False
2022-10-27,552.2815760803435,553.2746215483523,546.2759109378583,548.2147827148438,13613533.0,SBIN,0.001901302701891039,False
2022-10-28,548.498506914803,551.0520936602753,536.2507920935652,539.7974243164062,10043644.0,SBIN,-0.015354125178371647,False
2022-10-31,543.769663807375,546.1340852886444,537.5748910714758,542.6820068359375,9894639.0,SBIN,0.005343824163637434,False
2022-11-01,545.0936727265695,553.9839200565388,543.438577788287,545.6138916015625,12069579.0,SBIN,0.005402583333689481,False
2022-11-02,544.6681809673819,547.552763764299,538.9935691471632,542.7293090820312,10241440.0,SBIN,-0.005286856811992147,False
2022-11-03,538.1423105202316,556.0646362732692,537.1965419604421,553.1800537109375,17557998.0,SBIN,0.0192559061285682,False
2022-11-04,554.2203860808812,564.5765635432895,548.9241051401274,561.7392578125,25759031.0,SBIN,0.01547272726871518,False
2022-11-07,579.7561540508798,588.9301210515242,574.7435919964456,580.8438110351562,44265903.0,SBIN,0.03400964585785293,False
2022-11-08,579.7561540508798,588.9301210515242,574.7435919964456,580.8438110351562,44265903.0,SBIN,0.0,False
2022-11-09,587.3222970636789,587.3222970636789,577.4390037081603,582.1678466796875,18939854.0,SBIN,0.002279503748471745,False
2022-11-10,579.8507294333699,581.742266711215,569.541885904196,572.8993530273438,11618405.0,SBIN,-0.015920655366326586,False
2022-11-11,583.7756952379483,585.950951573111,566.042533171182,568.690673828125,15525267.0,SBIN,-0.007346280244477588,False
2022-11-14,571.1969460463868,571.1969460463868,559.5640040449829,560.4151611328125,12957268.0,SBIN,-0.014551869893708824,False
2022-11-15,562.0702421422246,569.447225345239,560.5097586575258,568.2650146484375,10286417.0,SBIN,0.014007211189214441,False
2022-11-16,567.4138967148733,570.7713637803187,563.6780991103063,567.2247314453125,11555749.0,SBIN,-0.001830630386015497,False
2022-11-17,566.6099599916786,570.062038562034,563.8199887288042,566.5626831054688,8167131.0,SBIN,-0.0011671711460056189,False
2022-11-18,568.4069522758153,572.8993533129369,564.765766104203,570.0147705078125,12933675.0,SBIN,0.006093037020055814,False
2022-11-21,569.4471975804678,569.4471975804678,563.0632601290046,565.6641235351562,7412419.0,SBIN,-0.007632516204414075,False
2022-11-22,565.7115512979567,568.1232498539574,563.8200139638168,566.6099853515625,8048595.0,SBIN,0.0016721262265937398,False
2022-11-23,568.9270662065175,576.5404915759619,568.4069050431018,574.6962890625,12435924.0,SBIN,0.014271375231624583,False
2022-11-24,576.6824076810045,578.1483374757161,572.9466101411601,576.3040771484375,8960032.0,SBIN,0.002797630881800739,False
2022-11-25,577.4390365085501,580.4182308398936,573.3722428670565,574.4598999023438,9994513.0,SBIN,-0.0032000072864637463,False
2022-11-28,572.7574208626024,577.7700404458606,569.6836730210467,575.5947265625,7934274.0,SBIN,0.001975467148097154,False
2022-11-29,574.1761092999211,578.6212333836287,574.1761092999211,575.5474853515625,6942919.0,SBIN,-8.207373827007203e-05,False
2022-11-30,575.500147307022,578.2428991188328,565.9479082971545,569.7782592773438,15606230.0,SBIN,-0.010023892417312386,False
2022-12-01,574.8854450469025,576.7297054409339,568.9271141566862,575.1218872070312,14209313.0,SBIN,0.00937843422889606,False
2022-12-02,574.5544076867228,576.5404985985498,571.4806598266704,574.6016845703125,7533838.0,SBIN,-0.0009045085020933374,False
2022-12-05,575.5001849939731,584.4849865674205,574.6016932916017,583.8229370117188,11585602.0,SBIN,0.016048077631902302,False
2022-12-06,581.411227401482,586.1873471266914,574.838124306329,575.92578125,12996244.0,SBIN,-0.013526628128281648,False
2022-12-07,577.7227545259032,579.661626431007,571.7171467117076,574.1288452148438,7613892.0,SBIN,-0.0031200826454689246,False
2022-12-08,576.6823867404484,580.512737911779,574.2234115434572,578.4793701171875,10020015.0,SBIN,0.007577610737735663,False
2022-12-09,581.0802542336061,584.484998122909,576.067634445001,583.0663452148438,11202267.0,SBIN,0.0079293667753908,False
2022-12-12,581.4585619556684,585.1470828281776,577.8646525844588,579.803466796875,9285187.0,SBIN,-0.005596067145268835,False
2022-12-13,580.2289866867653,583.9175070026987,579.2832181673085,583.302734375,7455415.0,SBIN,0.006035265013948132,False
2022-12-14,584.9578066550666,592.7603966387437,584.0120381721966,591.5781860351562,14010673.0,SBIN,0.014187232756629031,False
2022-12-15,591.6254974536832,595.4085716060209,580.9856014002335,582.546142578125,10622271.0,SBIN,-0.015267708766554255,False
2022-12-16,578.8103769582387,582.2151207914691,569.447244829155,570.6294555664062,9435071.0,SBIN,-0.020456211346589814,False
2022-12-19,571.2441924209372,576.4459193386776,570.298423890439,571.6697998046875,8322012.0,SBIN,0.0018231520089488917,False
2022-12-20,570.298423890439,573.6086137471829,567.0355109151941,571.6697998046875,6753785.0,SBIN,0.0,False
2022-12-21,573.0412238348187,576.1149718170277,557.6251493131697,561.2191162109375,9217253.0,SBIN,-0.018280978980034446,False
2022-12-22,564.6238601165613,566.5153973363823,555.6863352078802,561.2191162109375,8740149.0,SBIN,0.0,False
2022-12-23,558.0035145191366,558.6655641322378,540.5067941486212,542.8712158203125,13047046.0,SBIN,-0.03269293554093555,False
2022-12-26,542.8711531546007,569.0689537978544,539.750128453268,564.7183837890625,13201587.0,SBIN,0.04024373982646612,False
2022-12-27,567.8395257230137,570.3930549211663,561.1245336117585,569.2581787109375,9638618.0,SBIN,0.008039042206160474,False
2022-12-28,568.3123929733651,574.0815585274914,566.0898020573286,568.4542236328125,7988631.0,SBIN,-0.0014122855115503707,False
2022-12-29,567.4611579261255,584.4849926639092,564.7657405160301,578.6212158203125,20130392.0,SBIN,0.017885331421281236,False
2022-12-30,581.8841427047076,586.8967048392173,578.1956220014096,580.418212890625,13052895.0,SBIN,0.0031056536144546953,False
2023-01-02,581.6003752036859,585.6198914985868,578.0537431787733,578.99951171875,6726084.0,SBIN,-0.0024442740430379306,False
2023-01-03,581.1747504525312,583.1608412370937,576.9187921497869,579.1886596679688,6818062.0,SBIN,0.0003266806713830839,False
2023-01-04,578.6684150433266,581.6003319342061,571.2441556469066,572.3790893554688,7011191.0,SBIN,-0.011757085016829816,False
2023-01-05,574.0815292943545,578.4320416816555,569.3054095001119,572.2845458984375,8241475.0,SBIN,-0.00016517629450385485,False
2023-01-06,574.4598657287963,574.5071426133578,564.6238492843752,568.075927734375,7972036.0,SBIN,-0.007354065725216019,False
2023-01-09,572.1900045367088,575.9730789468689,567.555715294209,574.7435913085938,8878905.0,SBIN,0.011737275333617792,False
2023-01-10,575.4528550048035,575.9730161344478,558.5708526554412,562.8741455078125,10622660.0,SBIN,-0.02065172362123524,False
2023-01-11,564.103706770016,566.9882895253261,560.1314670081308,564.3401489257812,7419630.0,SBIN,0.0026044959244773125,False
2023-01-12,565.4750621129492,565.4750621129492,558.0980209430805,562.6377563476562,8183715.0,SBIN,-0.0030166072383216447,False
2023-01-13,565.4750803162366,570.2039234106185,561.455563686012,567.5557250976562,7877610.0,SBIN,0.008740914903978103,False
2023-01-16,570.2984619140625,573.2303214640315,568.0285941994754,570.2984619140625,5483191.0,SBIN,0.004832541889933983,False
2023-01-17,570.2984812081821,573.1357870848398,554.2676914600394,560.7935180664062,13461999.0,SBIN,-0.01666661315507556,False
2023-01-18,563.5834984603628,564.7657091403643,555.7335733650482,559.3748168945312,11538075.0,SBIN,-0.0025298102174337034,False
2023-01-19,558.9492292196419,559.6585556526618,555.686316082724,557.861572265625,7475688.0,SBIN,-0.002705242680225206,False
2023-01-20,561.5974353261989,564.2455761072731,558.7601292625181,560.084228515625,6750607.0,SBIN,0.003984243332935122,False
2023-01-23,566.0425194299563,569.116267446911,560.7935151306456,567.8867797851562,6604469.0,SBIN,0.013931031927483684,False
2023-01-24,570.7712976607725,571.8116199351399,560.8880051537665,562.1174926757812,7609623.0,SBIN,-0.010159220666411062,False
2023-01-25,563.536226779949,563.536226779949,536.6291548786597,537.858642578125,25686294.0,SBIN,-0.04315619139013038,False
2023-01-26,563.536226779949,563.536226779949,536.6291548786597,537.858642578125,25686294.0,SBIN,0.0,False
2023-01-27,537.1965842920979,537.716745495945,503.38535561526254,510.6677856445313,40163464.0,SBIN,-0.05055390911496638,False
2023-01-30,506.9319623596132,524.2867928316846,496.71767317052826,509.0126647949219,40797825.0,SBIN,-0.003241091167559107,False
2023-01-31,515.4438772089544,526.7931001933717,508.6816087573524,523.48291015625,21911943.0,SBIN,0.02842806547290544,False
2023-02-01,530.9545364164019,534.3592804228468,472.2695751161394,498.7510681152344,38218810.0,SBIN,-0.047244793595331736,False
2023-02-02,491.9888506750248,503.7636816109948,475.2487344537174,499.46038818359375,39287056.0,SBIN,0.0014221925800377289,False
2023-02-03,506.9320023288018,516.3424120513884,490.9958234799759,514.6873168945312,32317232.0,SBIN,0.030486759453164813,False
2023-02-06,528.4954688768345,528.4954688768345,507.45211805474,515.8222045898438,25338586.0,SBIN,0.0022050041997538905,False
2023-02-07,518.2812075300272,521.4968439514723,511.7081040281868,517.4299926757812,16195947.0,SBIN,0.0031169423720638356,False
2023-02-08,520.1726603800734,524.4286185104557,515.916702249691,519.9362182617188,15502847.0,SBIN,0.004843603234085947,False
2023-02-09,522.0642551278453,522.0642551278453,513.3631726640212,520.9293212890625,15061047.0,SBIN,0.0019100477952160855,False
2023-02-10,516.8625392347192,527.0295516716327,516.8625392347192,523.0573120117188,13824475.0,SBIN,0.004084989336730738,False
2023-02-13,523.9557981695131,526.698550166952,504.3783768372861,508.3506164550781,18488732.0,SBIN,-0.028116795652999405,False
2023-02-14,510.667763799045,515.0655531254077,501.96668119051793,511.5189208984375,18559909.0,SBIN,0.006232518149487332,False
2023-02-15,510.7150382520747,515.1128852826321,507.68856722110974,512.843017578125,12796579.0,SBIN,0.002588558556860132,False
2023-02-16,517.1935698172999,517.1935698172999,509.2964245782404,510.80963134765625,12767016.0,SBIN,-0.003964929151363483,False
2023-02-17,509.2963585287838,510.3840154392782,499.1293467289984,502.2030944824219,14192008.0,SBIN,-0.016848814777685295,False
2023-02-20,503.1488711489393,504.9931313758085,493.83307397429815,496.6703796386719,12570032.0,SBIN,-0.011016887200689385,False
2023-02-21,498.5145816214719,500.2642880810933,494.0695155986855,495.06256103515625,10223218.0,SBIN,-0.0032371944642346495,False
2023-02-22,492.5090001593404,493.596657143169,484.7064091822601,488.34759521484375,14763050.0,SBIN,-0.01356387323305519,False
2023-02-23,488.915071220071,495.58272805827136,483.6187614835763,492.7454223632813,15535085.0,SBIN,0.009005526374104011,False
2023-02-24,495.7719188324995,498.89294371259393,489.5298113471756,492.792724609375,12253035.0,SBIN,9.5997332388853e-05,False
2023-02-27,492.8400151445316,501.0682138564,490.8539240908659,499.0821228027344,11048799.0,SBIN,0.012762765924242858,False
2023-02-28,498.6564967769164,499.7914306474669,492.792719883351,494.4478149414063,15768010.0,SBIN,-0.009285661917327048,False
2023-03-01,494.8734253055141,508.2560742303946,494.73153692392486,507.5940246582031,13510198.0,SBIN,0.02658765863563306,False
2023-03-02,506.8846573981803,510.62045465291806,503.6217444104947,504.803955078125,10376913.0,SBIN,-0.005496655682573959,False
2023-03-03,512.6066111339563,533.6972406005289,512.3701689701492,530.765380859375,27656538.0,SBIN,0.05142872895524775,False
2023-03-06,534.2646912003962,537.1019969258892,528.6846335168734,531.2382202148438,16162268.0,SBIN,0.0008908632185149479,False
2023-03-07,534.2646912003962,537.1019969258892,528.6846335168734,531.2382202148438,16162268.0,SBIN,0.0,False
2023-03-08,529.6304876663702,534.8322156702363,526.2730202270851,534.170166015625,12637578.0,SBIN,0.0055190791799495376,False
2023-03-09,534.122811050497,535.0685796402279,527.7388730698138,528.590087890625,8993423.0,SBIN,-0.010446255669090965,False
2023-03-10,523.1045508837578,524.8542572994388,515.4438488803586,517.6663818359375,11522371.0,SBIN,-0.020665741384367053,False
2023-03-13,517.3354208316443,523.151920773827,499.7914249608996,501.2573547363281,14373729.0,SBIN,-0.031698073653950054,False
2023-03-14,499.0348091167667,503.9054826178335,491.79965646525375,496.9068298339844,14750800.0,SBIN,-0.008679224077684067,False
2023-03-15,501.06817844737753,503.1488808530747,487.5909762816702,489.4825134277344,11282329.0,SBIN,-0.014941063315089598,False
2023-03-16,490.2864681418889,500.6425881911748,486.4087822245695,496.0556335449219,20040008.0,SBIN,0.013428712848509106,False
2023-03-17,499.9805770503511,502.7705481485633,491.8942096059672,501.0681762695313,18787379.0,SBIN,0.010104799513693141,False
2023-03-20,498.0417131884692,498.0417131884692,487.0708207053534,491.0430603027344,14275315.0,SBIN,-0.020007488883916458,False
2023-03-21,493.69120478503487,495.0625807877978,488.4422006470023,493.54931640625,29485180.0,SBIN,0.005103943637795094,False
2023-03-22,493.880336597761,498.4200139846637,491.89418805496433,493.26556396484375,11619538.0,SBIN,-0.0005749221647644021,False
2023-03-23,491.2322247385441,492.7454313801766,483.7606298482924,484.9428405761719,22097792.0,SBIN,-0.016872703056289295,False
2023-03-24,486.5979294788206,487.02353688053415,476.14719832075485,477.9441528320313,14416984.0,SBIN,-0.014431984882641524,False
2023-03-27,479.5046604885744,486.2669287906455,474.3502102854361,482.48382568359375,15674218.0,SBIN,0.009498333277356608,False
2023-03-28,483.7133438915386,483.9970629158816,476.5254970283352,480.5450134277344,15833599.0,SBIN,-0.004018398447061755,False
2023-03-29,481.3962070874993,489.9081243051564,478.8426203771755,488.4894714355469,24203789.0,SBIN,0.01653218280457125,False
2023-03-30,481.3962070874993,489.9081243051564,478.8426203771755,488.4894714355469,24203789.0,SBIN,0.0,False
2023-03-31,492.414453852006,496.43397047687546,491.1849084689964,495.3463134765625,17356345.0,SBIN,0.014036826670726699,False
2023-04-03,496.29205661188894,499.8386887458472,493.7857468138389,498.18359375,14210949.0,SBIN,0.005727871988234323,False
2023-04-04,496.29205661188894,499.8386887458472,493.7857468138389,498.18359375,14210949.0,SBIN,0.0,False
2023-04-05,498.4200371765954,498.9874752294379,490.9011654882028,494.636962890625,13574801.0,SBIN,-0.007119124161994783,False
2023-04-06,495.58274210649415,504.7567089920419,493.3602090058029,499.0348205566406,25125879.0,SBIN,0.008891081734601514,False
2023-04-07,495.58274210649415,504.7567089920419,493.3602090058029,499.0348205566406,25125879.0,SBIN,0.0,False
2023-04-10,500.54802448109393,501.6356814457874,495.9610699259261,497.7579956054688,17335453.0,SBIN,-0.0025585888971587645,False
2023-04-11,502.0612279947805,506.64824024644025,498.5619304261559,503.2434387207031,26414406.0,SBIN,0.011020301358618756,False
2023-04-12,504.2837741254376,505.040377377982,497.4742294022819,499.554931640625,21292441.0,SBIN,-0.00732946879437657,False
2023-04-13,500.5952849630574,505.27685085857496,498.5619172034785,504.04736328125,28597560.0,SBIN,0.008992868163409051,False
2023-04-14,500.5952849630574,505.27685085857496,498.5619172034785,504.04736328125,28597560.0,SBIN,0.0,False
2023-04-17,499.36581061868105,515.4438764908734,499.36581061868105,514.4981079101562,32476990.0,SBIN,0.02073365598199728,False
2023-04-18,515.7748574225958,518.754051455373,511.1879030294058,516.2477416992188,22283456.0,SBIN,0.003400661270008154,False
2023-04-19,514.4981347732645,517.8083249786072,509.0599651502015,510.998779296875,21156372.0,SBIN,-0.010167526128185833,False
2023-04-20,511.8500166144861,515.8695334687824,507.5467807037376,515.2547607421875,25588577.0,SBIN,0.008328750708893384,False
2023-04-21,515.4438626043238,516.7679616717087,510.43130080659256,513.6942138671875,22599418.0,SBIN,-0.003028689871302004,False
2023-04-24,514.3089049807553,525.421684990277,514.0251859723464,524.523193359375,23335611.0,SBIN,0.021080594641440298,False
2023-04-25,524.9015490305807,537.1019865035063,524.9015490305807,531.332763671875,38142390.0,SBIN,0.012982400776002434,False
2023-04-26,531.521976860201,536.250820070701,526.2729724415733,535.6360473632812,23143882.0,SBIN,0.00809903696069414,False
2023-04-27,534.3593059403013,536.6291738697495,530.6707849862329,534.1228637695312,17845169.0,SBIN,-0.002825021955110696,False
2023-04-28,537.0073577193658,548.971352667809,534.8321016537752,546.9379272460938,16183423.0,SBIN,0.02399272591725654,False
2023-05-01,537.0073577193658,548.971352667809,534.8321016537752,546.9379272460938,16183423.0,SBIN,0.0,False
2023-05-02,548.5457707982896,549.3496509930271,542.0672791815007,544.1006469726562,13667511.0,SBIN,-0.005187572724611678,False
2023-05-03,539.7028014467381,543.8168712084383,538.1422603784373,539.5609130859375,9699527.0,SBIN,-0.008343555391778223,False
2023-05-04,539.2772558287686,549.3023796861156,537.6694376978381,548.5457763671875,12533761.0,SBIN,0.01665217598855051,False
2023-05-05,548.7348896271685,556.3483144291979,543.864158811983,545.2355346679688,18163461.0,SBIN,-0.006034576952066328,False
2023-05-08,546.3232238183328,555.733574673191,546.0394470743597,551.9505004882812,12990869.0,SBIN,0.012315715673964167,False
2023-05-09,553.2746547975016,554.6460308715142,541.0742162426815,542.3983154296875,18959065.0,SBIN,-0.01730623497966477,False
2023-05-10,543.8169638690443,543.8169638690443,532.7041824334594,541.1688232421875,18561315.0,SBIN,-0.002266769922627754,False
2023-05-11,541.1688024380219,548.5457859453637,540.9796371737035,542.3510131835938,16016715.0,SBIN,0.002184512282735751,False
2023-05-12,543.5331686718814,549.2550565537176,540.5539748058608,546.7960815429688,11319335.0,SBIN,0.008195925242736157,False
2023-05-15,547.3635792465793,552.3288644146909,543.4859510624889,550.3427734375,11410243.0,SBIN,0.0064863154917333965,False
2023-05-16,552.328894031078,558.381836507775,550.4373567227524,554.504150390625,22178229.0,SBIN,0.007561427448447455,False
2023-05-17,554.2204313394036,558.4763902831363,548.0729350873454,554.504150390625,23739774.0,SBIN,0.0,False
2023-05-18,558.287215759265,561.6920174929332,540.4122231267693,543.0603637695312,45656620.0,SBIN,-0.02063787369856851,False
2023-05-19,547.6000485182514,554.4568712328581,538.9935768906619,543.9588623046875,42293962.0,SBIN,0.0016545095077820093,False
2023-05-22,546.1813376993675,548.8294780947019,542.3509866163723,545.850341796875,21484049.0,SBIN,0.0034772473127353543,False
2023-05-23,547.5054310821739,552.0451085306911,545.5192825124204,550.0589599609375,16120548.0,SBIN,0.007710205237223544,False
2023-05-24,548.3566132517542,553.5110635776405,546.8906834921327,551.099365234375,17616658.0,SBIN,0.0018914431891290384,False
2023-05-25,550.4372927167339,551.2885074965544,545.7084499957997,549.7279663085938,16479436.0,SBIN,-0.0024884785073160387,False
2023-05-26,549.7279971125996,555.875492994289,549.0659475495447,554.2203979492188,9788076.0,SBIN,0.008172099503671815,False
2023-05-29,558.0034569491859,564.056398894281,556.1591966905138,562.7322998046875,18432231.0,SBIN,0.015358333772927502,False
2023-05-30,562.7323137812506,563.2051980785457,559.4221237001843,560.651611328125,15031640.0,SBIN,-0.0036974747624841653,False
2023-05-31,562.8691846380491,563.8333319426182,556.7950683886402,559.060791015625,28797643.0,SBIN,-0.0028374489261370206,False
2023-06-01,560.9408598639765,565.3759725346222,560.169553831175,561.8568115234375,17820226.0,SBIN,0.00500128170808245,False
2023-06-02,563.7369097033585,567.7863399289043,562.0978476064854,566.1472778320312,11323908.0,SBIN,0.0076362272746333115,False
2023-06-05,567.4006574895654,568.6540371470996,564.9902893608927,566.1472778320312,12920507.0,SBIN,0.0,False
2023-06-06,566.9186002547972,567.7863563449595,562.0978638580726,564.3635864257812,11199940.0,SBIN,-0.003150578437964735,False
2023-06-07,566.9185730743186,569.4253323416787,564.9902786080794,568.0755615234375,11113781.0,SBIN,0.006577276044978264,False
2023-06-08,568.7986599936411,572.6552488450642,565.3276947192347,567.400634765625,15971917.0,SBIN,-0.0011880932811165756,False
2023-06-09,566.9185840392489,567.9791224774418,556.0719274568654,557.9520263671875,18870272.0,SBIN,-0.016652445942963112,False
2023-06-12,559.2054449706885,560.651665949061,556.9879179065606,557.9038696289062,8786066.0,SBIN,-8.630981877566501e-05,False
2023-06-13,558.6751344061959,560.5552333084419,553.6615569491656,555.7344970703125,12612098.0,SBIN,-0.00388843432836683,False
2023-06-14,556.3129673905737,557.8073838698208,554.6257096905156,555.8790893554688,8948696.0,SBIN,0.00026018230993130054,False
2023-06-15,555.3487905450132,556.0237053584534,544.9842080825846,546.1893920898438,17934877.0,SBIN,-0.017431303769422257,False
2023-06-16,548.3587359338673,554.0954237099354,546.7196738768654,550.7691040039062,12660226.0,SBIN,0.008384842291681016,False
2023-06-19,550.7691160969515,552.215336970729,545.6109518525627,548.4551391601562,17903691.0,SBIN,-0.004201333783845684,False
2023-06-20,548.4551564192141,549.0336800950572,542.3810403275806,547.0571899414062,14549152.0,SBIN,-0.0025488852577636445,False
2023-06-21,547.057201547171,549.0818873383756,545.3699437722066,546.0447998046875,14946871.0,SBIN,-0.0018506111524230207,False
2023-06-22,546.0447890802325,548.5998029137497,540.9348202600779,542.7667236328125,14979063.0,SBIN,-0.006003309935462275,False
2023-06-23,541.8507779506582,541.9471691410787,533.9447583891194,534.716064453125,12215712.0,SBIN,-0.014832632195657336,False
2023-06-26,536.065904164558,538.4762724386792,534.6196832000852,537.0782470703125,8360264.0,SBIN,0.004417639143876162,False
2023-06-27,538.2351788930695,547.587418580515,535.7284196908937,545.8037109375,10694768.0,SBIN,0.016246168812056094,False
2023-06-28,551.7332662924933,553.4205239875774,548.1659096820828,549.37109375,18028934.0,SBIN,0.006536017877878608,False
2023-06-29,551.7332662924933,553.4205239875774,548.1659096820828,549.37109375,18028934.0,SBIN,0.0,False
2023-06-30,553.4204993748917,553.4204993748917,549.7567517407397,552.3117065429688,8718232.0,SBIN,0.005352689332261962,False
2023-07-03,553.9025977654534,565.3277191936658,553.3241329514472,564.4600219726562,15421985.0,SBIN,0.02199539731961564,False
2023-07-04,567.1114364319501,574.5835777803604,561.3747484015366,568.123779296875,24799250.0,SBIN,0.0064907295142262456,False
2023-07-05,568.6540479574438,572.4142458484074,567.1114358645187,569.4253540039062,13598114.0,SBIN,0.0022910055070077817,False
2023-07-06,569.2325774351127,572.2214104632285,567.9791388940837,571.2572631835938,11323509.0,SBIN,0.0032171190952536843,False
2023-07-07,568.8468426746808,574.1496522250379,564.5081803152976,572.3177490234375,11707209.0,SBIN,0.0018564067508457516,False
2023-07-10,573.3301866383733,578.2955096754295,569.0879151930579,571.3536376953125,11417363.0,SBIN,-0.0016845735254062966,False
2023-07-11,573.6676140744553,574.5835657318489,566.2918640690325,567.4488525390625,13221177.0,SBIN,-0.0068342702288566315,False
2023-07-12,567.8827424791843,573.1855524683788,567.1114364319501,568.123779296875,16029716.0,SBIN,0.0011894054500110052,False
2023-07-13,573.571193644083,576.5600264296337,562.4352463905591,564.65283203125,20024503.0,SBIN,-0.006109491262486388,False
2023-07-14,565.7133541553305,570.100212026189,559.8802755239558,563.4476318359375,12190152.0,SBIN,-0.0021344091925953323,False
2023-07-17,565.9544960603841,581.2362080626135,563.2548952420794,579.5489501953125,19378986.0,SBIN,0.028576423876182533,False
2023-07-18,581.4289973858464,582.3931446524997,567.6417032420812,571.1126098632812,25757209.0,SBIN,-0.014556734731704934,False
2023-07-19,573.3302236106615,580.8023652915784,570.7752096906919,579.8864135742188,17556585.0,SBIN,0.015362651006844086,False
2023-07-20,579.8382008421577,588.9011500146614,577.2831869976956,588.1780395507812,34038351.0,SBIN,0.014298707095853125,False
2023-07-21,588.1298087141655,597.2892073744681,587.1656614867653,593.0469360351562,21040281.0,SBIN,0.008277929737216194,False
2023-07-24,592.9987361181354,599.6031798857839,592.2756257028592,595.5055541992188,11756364.0,SBIN,0.004145739594406672,False
2023-07-25,599.5067488556581,599.5067488556581,582.537780778133,587.744140625,18503305.0,SBIN,-0.013033318529926397,False
2023-07-26,590.0581274138974,594.2521444866661,587.310331241653,593.09521484375,9999125.0,SBIN,0.009104428013624766,False
2023-07-27,594.3004205370364,598.9765114133418,591.118687362688,594.4450073242188,17444742.0,SBIN,0.0022758444962742708,False
2023-07-28,594.3003774643948,597.6748927770809,591.6007181367443,593.962890625,11930586.0,SBIN,-0.000811036669966958,False
2023-07-31,594.5414611882713,598.7354784405272,592.4685209367213,597.9641723632812,8605483.0,SBIN,0.006736585401944772,False
2023-08-01,597.9641785998077,598.5908390485952,588.7083290356769,589.9135131835938,13493453.0,SBIN,-0.013463447396638517,False
2023-08-02,587.9851391205248,588.6118583315358,572.7998209080405,576.993896484375,14977497.0,SBIN,-0.021900865822678472,False
2023-08-03,577.2349372227612,579.3078183831929,564.0261088863052,569.3289184570312,27774877.0,SBIN,-0.013284331210514533,False
2023-08-04,573.4747712992396,577.2349691049168,550.9137610058102,552.74560546875,52725616.0,SBIN,-0.029127824796296276,False
2023-08-07,556.3129620223561,556.3129620223561,546.3340615456283,547.5392456054688,32736325.0,SBIN,-0.0094190886580926,False
2023-08-08,550.5281096140759,553.6615883465553,548.0695457625836,552.5527954101562,25038671.0,SBIN,0.009156512240768189,False
2023-08-09,554.3846884999659,554.3846884999659,547.9730855203012,553.1795043945312,15769111.0,SBIN,0.0011342065221293662,False
2023-08-10,553.1794600296084,556.8914032378979,549.6602991852233,553.0830688476562,27325801.0,SBIN,-0.00017432957314744701,False
2023-08-11,554.8185652442073,558.241276326227,551.492245351644,553.565185546875,18221179.0,SBIN,0.0008716894918212592,False
2023-08-14,552.4081996934482,552.456395288408,538.5726508209419,540.6937866210938,28084093.0,SBIN,-0.023251821577372933,False
2023-08-15,552.4081996934482,552.456395288408,538.5726508209419,540.6937866210938,28084093.0,SBIN,0.0,False
2023-08-16,538.7654746862926,546.0930291373386,534.1375796285616,545.0806274414062,15725767.0,SBIN,0.00811335533875246,False
2023-08-17,545.4662752373399,552.6009880147222,543.7790176471228,551.6368408203125,27910162.0,SBIN,0.012027969898106505,False
2023-08-18,549.5639568421426,554.6257301288466,547.0571974198606,552.408203125,18253227.0,SBIN,0.0013983154271213216,False
2023-08-21,552.4081870104123,554.9149463595685,550.2870512589609,551.2030029296875,9380810.0,SBIN,-0.002181720308450541,False
2023-08-22,551.9742645290513,553.8543633129792,547.1535285942997,548.11767578125,14073413.0,SBIN,-0.005597442561159349,False
2023-08-23,550.5280606183076,557.2288955423189,545.7073245358355,556.216552734375,18579297.0,SBIN,0.01477579963386777,False
2023-08-24,557.4217589831178,561.1337023758908,554.9149408121432,556.2647705078125,24131644.0,SBIN,8.66888502337737e-05,False
2023-08-25,553.2276905127146,554.6739114144629,546.8643420837741,549.5157470703125,12271885.0,SBIN,-0.012132753672929542,False
2023-08-28,552.2635109517712,554.1918053746803,548.7926045292852,552.3117065429688,9711932.0,SBIN,0.005088042494801437,False
2023-08-29,553.0830606805313,555.6380154332899,551.3475486560166,554.239990234375,13144855.0,SBIN,0.003491296071697958,False
2023-08-30,556.0237478716156,556.9878951511408,545.8037514005196,547.0571899414062,15281416.0,SBIN,-0.0129597293943573,False
2023-08-31,548.888980917279,549.8531281027466,539.3439590892751,541.2239990234375,27898476.0,SBIN,-0.010662853948768203,False
2023-09-01,542.5256806565127,550.7209324523909,541.9471569863232,549.1300659179688,18121168.0,SBIN,0.014607753737448048,False
2023-09-04,551.4922668121344,555.6862841136486,548.069555596925,554.9149780273438,12108655.0,SBIN,0.010534684710268971,False
2023-09-05,554.9631191092507,557.5181327939658,550.8654934034583,552.4563598632812,14444729.0,SBIN,-0.004430621376994681,False
2023-09-06,553.6615727898534,553.6615727898534,547.6356523197853,550.0460205078125,20609936.0,SBIN,-0.004362949783156211,False
2023-09-07,547.635673708293,560.1695887755602,547.635673708293,558.2894897460938,12390597.0,SBIN,0.014986871881503161,False
2023-09-08,560.169565692688,567.4006702412167,558.9161860069856,562.53173828125,14032068.0,SBIN,0.0075986537684697986,False
2023-09-11,565.9544578923964,571.0644267479431,564.3635913289041,570.4859619140625,10946134.0,SBIN,0.014140044181534916,False
2023-09-12,572.3660702665688,572.9445351099214,563.6887445349923,567.2560424804688,16093060.0,SBIN,-0.005661698357584344,False
2023-09-13,567.3042395539778,576.5600291929064,562.5316991148621,575.0656127929688,19377172.0,SBIN,0.0137672756703493,False
2023-09-14,576.9939246952075,582.0556976801864,573.8604461806968,575.8851318359375,13178911.0,SBIN,0.0014250878938639744,False
2023-09-15,577.8616290798742,579.163263171742,573.8604533120565,577.3313598632812,11756389.0,SBIN,0.0025113133633667406,False
2023-09-18,577.331370972233,586.587220031729,575.6441132571398,582.2967529296875,19305055.0,SBIN,0.00860059475650532,False
2023-09-19,577.331370972233,586.587220031729,575.6441132571398,582.2967529296875,19305055.0,SBIN,0.0,False
2023-09-20,579.3079133571266,585.0446018753269,577.9099467731562,579.5489501953125,21314600.0,SBIN,-0.004718904442709171,False
2023-09-21,578.4883538720975,584.8517022259392,563.6887170242877,567.063232421875,23453425.0,SBIN,-0.02154385366280054,False
2023-09-22,572.2214035789467,580.4166553572468,570.1967178548243,576.7047119140625,18784139.0,SBIN,0.017002476868425376,False
2023-09-25,579.9345565537149,579.9345565537149,569.2807414736828,572.7516479492188,9712784.0,SBIN,-0.006854571990098091,False
2023-09-26,572.7034289146853,573.6675761014103,570.0520241511914,573.089111328125,8327427.0,SBIN,0.0005891966965343443,False
2023-09-27,572.1731915193855,572.9926931348808,567.1114185078637,568.6058349609375,9865347.0,SBIN,-0.00782300043495432,False
2023-09-28,570.052085763523,573.8604793320803,567.738108726534,568.7987060546875,21960816.0,SBIN,0.0003391999903821219,False
2023-09-29,571.5946808672312,578.488357330842,570.1002643801689,577.09033203125,12189735.0,SBIN,0.01457743466766126,False
2023-10-02,571.5946808672312,578.488357330842,570.1002643801689,577.09033203125,12189735.0,SBIN,0.0,False
2023-10-03,575.2102103849722,583.2126794228604,568.4611798159711,581.3325805664062,15322196.0,SBIN,0.00735109964539582,False
2023-10-04,578.48834788113,578.9222259114165,563.4958699679197,565.2313232421875,24914612.0,SBIN,-0.027697152821764992,False
2023-10-05,568.8468597431443,573.0408766109746,566.0508092666732,570.9197998046875,13248028.0,SBIN,0.01006397969926831,False
2023-10-06,572.1250173967202,577.4760230117589,570.9680288955789,572.9445190429688,8216780.0,SBIN,0.0035464162198857174,False
2023-10-09,566.9186092871498,567.8827565818558,560.6998474669198,564.12255859375,9189597.0,SBIN,-0.015397582411565303,False
2023-10-10,565.9544358882783,573.6676138901629,564.749251825484,570.437744140625,10373508.0,SBIN,0.01119470485742946,False
2023-10-11,575.4995490029714,575.5959401945697,566.5329320028374,567.2560424804688,14220119.0,SBIN,-0.0055776492576758985,False
2023-10-12,569.6181513270222,571.7392869264786,564.0261093625463,565.0384521484375,11983797.0,SBIN,-0.003909328708662674,False
2023-10-13,557.0360813206687,560.4587923356951,554.1918351248179,555.4934692382812,19064577.0,SBIN,-0.016892625402507577,False
2023-10-16,555.3487805162515,558.0001852843412,551.0101181684682,555.0113525390625,11290293.0,SBIN,-0.0008679070518684551,False
2023-10-17,556.9878377838718,559.1571689393722,554.6738610125884,555.7826538085938,10765224.0,SBIN,0.0013897035907513011,False
2023-10-18,557.0360850561344,558.4823059606506,548.9372244520923,552.1189575195312,11777454.0,SBIN,-0.006591958680171817,False
2023-10-19,549.371117512421,553.420547925152,546.6715168528941,550.720947265625,11441499.0,SBIN,-0.0025320816010140357,False
2023-10-20,549.4675645730006,549.5639557633297,541.9471686271559,542.9113159179688,11110988.0,SBIN,-0.014180741419827392,False
2023-10-23,542.9113036124381,545.7073542311729,531.2451451967778,533.125244140625,11875035.0,SBIN,-0.01802517554970684,False
2023-10-24,542.9113036124381,545.7073542311729,531.2451451967778,533.125244140625,11875035.0,SBIN,0.0,False
2023-10-25,538.5726461874272,540.6937819693302,533.7519097953203,536.2587280273438,12134624.0,SBIN,0.005877575524996459,False
2023-10-26,531.6790168695493,533.0770421621733,523.7248019958954,527.3885498046875,19424825.0,SBIN,-0.016540855671078214,False
2023-10-27,530.2809846808998,542.3328252418293,530.2809846808998,541.03125,10415296.0,SBIN,0.02586840423510317,False
2023-10-30,542.8149602434581,546.3823172222503,536.548002443134,544.9360961914062,8593704.0,SBIN,0.007217413396003014,False
2023-10-31,546.6715239018123,549.0818921729843,542.95958030296,545.2734985351562,13039696.0,SBIN,0.000619159468620456,False
2023-11-01,545.948432973078,549.2265574780274,543.6344558111273,546.0930786132812,13575575.0,SBIN,0.0015030623720513336,False
2023-11-02,550.6244757883788,554.8185516709641,547.2499603836425,551.588623046875,11148516.0,SBIN,0.010063384153391697,False
2023-11-03,555.3488128153236,558.7233281709723,552.8902491112981,557.4217529296875,11371371.0,SBIN,0.010575145387501594,False
2023-11-06,561.1337462208361,561.6158198859742,552.697457080918,553.7579956054688,16499138.0,SBIN,-0.006572684515742,False
2023-11-07,554.1918149204695,560.3623807188147,552.0706792493585,558.96435546875,17923281.0,SBIN,0.009401868514040457,False
2023-11-08,561.0372997909418,561.7121557781876,558.2412492696659,559.49462890625,15434808.0,SBIN,0.0009486712923856278,False
2023-11-09,560.1695768517445,560.9890785114845,555.8309140361974,557.6145629882812,12434363.0,SBIN,-0.0033602930588343405,False
2023-11-10,557.0842655533097,560.1695485020424,554.7703474769183,558.7233276367188,6773038.0,SBIN,0.0019884069069064925,False
2023-11-13,560.1695300224528,561.6157508400668,554.5774879637208,560.5069580078125,11282362.0,SBIN,0.0031923320235045516,False
2023-11-14,560.1695300224528,561.6157508400668,554.5774879637208,560.5069580078125,11282362.0,SBIN,0.0,False
2023-11-15,566.1955023239185,566.9186127994279,561.7121938370072,563.7369384765625,11397676.0,SBIN,0.005762605481705707,False
2023-11-16,563.7369162968865,566.9185904945721,562.0014629933197,563.688720703125,8622660.0,SBIN,-8.553240021458297e-05,False
2023-11-17,553.902595942704,553.902595942704,541.9471464863035,542.8630981445312,37173221.0,SBIN,-0.03694525328201814,False
2023-11-20,543.7790617204822,546.4786623142577,540.5009374550467,543.5380249023438,12714585.0,SBIN,0.0012432724937823103,False
2023-11-21,545.7073762644006,546.3340955532802,540.8866397249625,541.3687133789062,14280013.0,SBIN,-0.003991094319164223,False
2023-11-22,542.7666840578206,544.2611004650989,535.246347583391,538.9100952148438,14909071.0,SBIN,-0.004541485503876341,False
2023-11-23,541.6097208689436,543.2969785663546,538.2834010675289,539.874267578125,6376210.0,SBIN,0.0017891154235973872,False
2023-11-24,541.802558602573,542.2846322273022,539.1993492596594,540.2598876953125,6529851.0,SBIN,0.0007142776389721384,False
2023-11-27,541.802558602573,542.2846322273022,539.1993492596594,540.2598876953125,6529851.0,SBIN,0.0,False
2023-11-28,543.3933302092003,544.9360010141252,540.9829622454496,544.212890625,8153314.0,SBIN,0.0073168543875254954,False
2023-11-29,547.6356465078894,548.5997937728681,544.8395959006997,548.214111328125,10299034.0,SBIN,0.007352307841385075,False
2023-11-30,549.3229338505354,549.7568119125536,543.4416587556975,544.502197265625,19758998.0,SBIN,-0.006770920313428963,False
2023-12-01,546.6714604840198,553.6133320690648,546.2375824761655,551.2511596679688,10614230.0,SBIN,0.012394738600203237,False
2023-12-04,566.9186192117567,574.6317977044337,563.5922992174134,573.37841796875,26077882.0,SBIN,0.04014006666962655,False
2023-12-05,573.7158104246026,589.3832032666363,573.7158104246026,586.4425659179688,36430152.0,SBIN,0.022784512879818086,False
2023-12-06,591.9863811705368,591.9863811705368,582.875178355459,586.6353759765625,21439069.0,SBIN,0.0003287790992660966,False
2023-12-07,588.1298587031671,590.5884225726319,583.3091221564198,589.7689208984375,10725706.0,SBIN,0.005341554652510849,False
2023-12-08,588.1298685759048,594.6860586201612,583.6465599734173,592.131103515625,17722136.0,SBIN,0.0040052680524247375,False
2023-12-11,592.9505885011256,597.6749338019196,591.1186850954592,592.2274780273438,11706255.0,SBIN,0.00016275873897941828,False
2023-12-12,594.8788403360642,595.7947919730558,588.9011157464561,590.4437866210938,14494836.0,SBIN,-0.0030118349324002036,False
2023-12-13,592.4203486231903,598.2534282981387,589.7207478232926,597.626708984375,13977914.0,SBIN,0.012165294183865694,False
2023-12-14,603.5561888461816,605.2434465626046,600.0852822254344,601.2904663085938,15813797.0,SBIN,0.006130511352889556,False
2023-12-15,605.4844420374566,626.6956804527815,597.6266188130294,625.0084228515625,29813572.0,SBIN,0.03944508997220031,False
2023-12-18,623.4658627876797,632.1431883165444,619.3682368434937,625.24951171875,16221796.0,SBIN,0.00038573698909138976,False
2023-12-19,625.2494603780901,635.9514707795048,617.2952459631028,631.902099609375,19964008.0,SBIN,0.010639892980224275,False
2023-12-20,635.0838071346933,636.7228692336894,611.2211626299238,613.6315307617188,22542056.0,SBIN,-0.028913606805469727,False
2023-12-21,609.4857151061817,625.6833773355924,605.002406799909,620.6697998046875,19915516.0,SBIN,0.011469862108017814,False
2023-12-22,621.6339545547611,626.1172629150401,612.3781642684246,613.9207763671875,14998068.0,SBIN,-0.010873774492691224,False
2023-12-25,621.6339545547611,626.1172629150401,612.3781642684246,613.9207763671875,14998068.0,SBIN,0.0,False
2023-12-26,615.9454393216356,618.3076118235898,612.8602152382182,615.1741333007812,10153089.0,SBIN,0.00204156135749356,False
2023-12-27,617.777392203141,626.1654856146044,616.0901344015717,625.2977294921875,14417646.0,SBIN,0.016456472474040806,False
2023-12-28,626.9367393678991,629.8773766643785,623.3211872377498,628.0455322265625,16982092.0,SBIN,0.004394391031303568,False
2023-12-29,622.3570816705638,626.3100620587661,616.6203934706069,619.03076171875,13221898.0,SBIN,-0.01435368941460835,False
2024-01-01,619.1753954576906,623.7068994465233,615.1259651092256,618.3558349609375,8295548.0,SBIN,-0.0010902959910078502,False
2024-01-02,618.3557701144152,624.767372397678,611.1246662672199,616.52392578125,15164482.0,SBIN,-0.0029625485458598666,False
2024-01-03,616.4275152016644,624.7674123778669,613.0048042643401,620.3805541992188,14571772.0,SBIN,0.006255439986504463,False
2024-01-04,619.4645906357115,623.2247883433014,615.7526473667616,619.7056274414062,13883388.0,SBIN,-0.0010879237804023445,False
2024-01-05,621.8749634544937,628.3829572580872,614.8848960358192,618.934326171875,15984585.0,SBIN,-0.001244625246854314,False
2024-01-08,617.0542389354067,621.8749751770896,602.6402258033993,604.5203247070312,14739531.0,SBIN,-0.02328841826239425,False
2024-01-09,609.3410705687005,611.6067930993104,602.1099660920149,602.9777221679688,13400235.0,SBIN,-0.0025517794456457743,False
2024-01-10,602.399194493818,602.8812681223897,596.0358461354228,599.4585571289062,12742464.0,SBIN,-0.00583631021459563,False
2024-01-11,603.5562149819164,604.6650079251884,596.3251101698327,597.9641723632812,15533860.0,SBIN,-0.002492890872694109,False
2024-01-12,601.4350358209014,613.6797175235832,598.8318265066497,610.8836669921875,16620797.0,SBIN,0.02160580052454586,False
2024-01-15,615.9937051364175,622.3570534845726,613.2940457432574,617.150634765625,16844018.0,SBIN,0.010258856329052435,False
2024-01-16,617.054262733865,621.7786079716733,610.7391097830742,614.0654296875,15025543.0,SBIN,-0.0049991118931550504,False
2024-01-17,601.6278579273163,613.968930423117,600.6637107190994,603.55615234375,30016308.0,SBIN,-0.017114263131696283,False
2024-01-18,603.3633136101857,610.7390633220803,596.8553199279997,605.773681640625,14695436.0,SBIN,0.0036741060268605796,False
2024-01-19,610.3052425771916,612.7156108338156,602.3028317345762,605.2434692382812,11675202.0,SBIN,-0.0008752648363787863,False
2024-01-22,610.3052425771916,612.7156108338156,602.3028317345762,605.2434692382812,11675202.0,SBIN,0.0,False
2024-01-23,604.5203673447073,612.1371546825402,579.115109097921,583.405517578125,30954343.0,SBIN,-0.03608126773782461,False
2024-01-24,588.0815965650563,600.0369865400962,581.4771529351829,596.1322021484375,19221835.0,SBIN,0.021814474129666195,False
2024-01-25,596.3250352913193,601.435003614174,584.5142322479584,590.7811889648438,22684904.0,SBIN,-0.008976218973423822,False
2024-01-26,596.3250352913193,601.435003614174,584.5142322479584,590.7811889648438,22684904.0,SBIN,0.0,False
2024-01-29,596.8071461540897,606.9306922520184,593.5290219741044,600.6155395507812,19572140.0,SBIN,0.016646350238688434,False
2024-01-30,603.0259172029118,610.7872908979857,601.8207331245812,604.279296875,16966577.0,SBIN,0.006100004217271859,False
2024-01-31,603.9418631812425,620.1395252720102,599.6995917267393,617.5363159179688,23270745.0,SBIN,0.021938562369299586,False
2024-02-01,619.7056475917949,629.5399613532924,610.5462486775638,624.4299926757812,26587707.0,SBIN,0.01116319247972486,False
2024-02-02,628.623998836513,636.8674459475857,623.5140302472481,626.3582763671875,27471811.0,SBIN,0.0030880702625177836,False
2024-02-05,623.8996743944258,631.3236201370446,615.8490682349207,619.8984985351562,28339525.0,SBIN,-0.010313231381721799,False
2024-02-06,621.3446646438326,631.5164056680424,614.836671150307,626.9367065429688,14079390.0,SBIN,0.011353807154629525,False
2024-02-07,631.5646790198787,653.6436757959015,631.516483424108,651.0404663085938,41696232.0,SBIN,0.0384468791092758,False
2024-02-08,656.0058526209428,693.1255240196265,654.1739491949825,674.46923828125,74222434.0,SBIN,0.03598666010040463,False
2024-02-09,678.4222453850707,702.2366357119648,669.3110419771705,699.247802734375,43235061.0,SBIN,0.0367378718653919,False
2024-02-12,699.970940058633,699.970940058633,679.2417731009738,682.5198974609375,22873137.0,SBIN,-0.02392271410510527,False
2024-02-13,683.1465652829623,692.2577691391986,676.9760578021069,687.8709106445312,23351472.0,SBIN,0.007840083788765995,False
2024-02-14,680.2541204805187,721.6642590731294,680.2541204805187,716.7471313476562,36782182.0,SBIN,0.04197912756053035,False
2024-02-15,720.8929293595762,736.6085181742852,715.0598501146139,734.3909912109375,33941282.0,SBIN,0.024616575486122283,False
2024-02-16,736.0781947745578,746.8284007926593,726.3402727045591,727.6419067382812,27365121.0,SBIN,-0.009190042570549117,False
2024-02-19,731.4985393690836,737.5726553496461,723.1104464212216,732.02880859375,13979584.0,SBIN,0.006028929635366165,False
2024-02-20,731.8359847570562,736.1264519437863,726.967052738199,732.8483276367188,12528399.0,SBIN,0.0011195174743778846,False
2024-02-21,733.3786255385841,749.6244830800896,732.3662238537067,743.839599609375,21465311.0,SBIN,0.014998017404366237,False
2024-02-22,745.2857902765477,745.2857902765477,729.8594349797497,738.4403686523438,18799244.0,SBIN,-0.007258595750840202,False
2024-02-23,738.4403812825284,742.8754349674641,727.9311530180862,731.8359375,14143636.0,SBIN,-0.008943756913502576,False
2024-02-26,727.9312082579945,738.8742565255047,725.7136812472469,731.69140625,11355186.0,SBIN,-0.0001974913263944611,False
2024-02-27,731.6914003457339,735.0176614115741,715.590128867995,722.9658203125,13969393.0,SBIN,-0.01192522675948815,False
2024-02-28,722.965792248516,729.6184318157158,714.4331126203441,715.8793334960938,11263318.0,SBIN,-0.009801966589987776,False
2024-02-29,717.2291929107045,726.8706658152877,710.7211987001107,721.278564453125,19217113.0,SBIN,0.007542096418209798,False
2024-03-01,725.0387042946561,744.3216485578118,724.9905087033734,741.5738525390625,17348526.0,SBIN,0.028137933228787215,False
2024-03-04,746.635654393883,749.1424137066598,741.4292357019581,744.369873046875,9789141.0,SBIN,0.003770387127646435,False
2024-03-05,741.9113219415058,758.7357035196916,741.525639495962,755.84326171875,18088847.0,SBIN,0.015413558618260215,False
2024-03-06,755.5540071356407,761.9655509647814,745.1894243197579,755.7950439453125,26710525.0,SBIN,-6.379334959982774e-05,False
2024-03-07,761.6763636445312,764.9544879888422,754.9273325742631,759.7962646484375,15497868.0,SBIN,0.005294055227245575,False
2024-03-08,761.6763636445312,764.9544879888422,754.9273325742631,759.7962646484375,15497868.0,SBIN,0.0,False
2024-03-11,761.6763431224929,764.375943708488,742.9236669559873,745.9607543945312,16778340.0,SBIN,-0.018209500227416964,False
2024-03-12,742.3934128308799,749.8655543236582,730.1969260813347,732.4627075195312,21529705.0,SBIN,-0.01809484854998289,False
2024-03-13,731.450347794911,736.3192797248611,716.3614195245849,720.4590454101562,27950252.0,SBIN,-0.016388086364185206,False
2024-03-14,723.0140618967187,723.8817591322932,707.7322923467271,714.4813232421875,19730882.0,SBIN,-0.008297101974152676,False
2024-03-15,712.7458828582031,719.7841462932436,697.0784894237145,705.659423828125,29792241.0,SBIN,-0.012347277846298743,False
2024-03-18,701.0314668855465,711.4443046336356,696.2107304639793,704.7434692382812,18145126.0,SBIN,-0.0012980122689707496,False
2024-03-19,703.8275174114212,708.0215345586139,695.294837485665,697.8497924804688,15205043.0,SBIN,-0.009781824250551074,False
2024-03-20,699.1514430237444,712.4566640874273,693.9932196245381,709.8534545898438,25405455.0,SBIN,0.017200925240242082,False
2024-03-21,715.3972193126948,723.6888616581621,713.999194109353,717.61474609375,15161161.0,SBIN,0.010933653212113592,False
2024-03-22,717.1809169690966,721.9534576831707,714.8188032557894,719.9287719726562,15535921.0,SBIN,0.003224607481245867,False
2024-03-25,717.1809169690966,721.9534576831707,714.8188032557894,719.9287719726562,15535921.0,SBIN,0.0,False
2024-03-26,716.4095925895269,721.0374875571446,712.0227344311277,713.5171508789062,14678342.0,SBIN,-0.008905910339132128,False
2024-03-27,716.3613952172508,719.1091912967626,704.0203223853061,707.0091552734375,30088789.0,SBIN,-0.009121007949776994,False
2024-03-28,711.299633363139,732.3180316341789,710.480131739764,725.3761596679688,21705116.0,SBIN,0.025978453401254376,False
2024-03-29,711.299633363139,732.3180316341789,710.480131739764,725.3761596679688,21705116.0,SBIN,0.0,False
2024-04-01,731.8359644474378,734.1981369990166,725.1351292346699,731.1128540039062,9949971.0,SBIN,0.007908578548491807,False
2024-04-02,731.0164660314755,741.1882078791733,726.3403165012812,738.9224853515625,15713063.0,SBIN,0.010681841120542712,False
2024-04-03,737.4762306009072,744.9001171021469,732.8965313153205,743.4057006835938,19136981.0,SBIN,0.006067233601503297,False
2024-04-04,747.2141506069232,747.5033830248789,730.9200378484845,732.0770263671875,15889530.0,SBIN,-0.015238885451092199,False
2024-04-05,730.7754145215962,740.1758501398218,725.6171914639816,737.3316040039062,9939620.0,SBIN,0.007177629467207458,False
2024-04-08,738.5850021452578,742.3933956194346,734.4873762603453,740.7543334960938,9797174.0,SBIN,0.0046420490775129775,False
2024-04-09,740.8990176998179,744.7556069687643,733.8124996099999,736.8013916015625,7465892.0,SBIN,-0.005336373633988423,False
2024-04-10,739.0188603767406,752.7097629710994,736.2710642780829,751.118896484375,14530669.0,SBIN,0.019431973183018814,False
2024-04-11,739.0188603767406,752.7097629710994,736.2710642780829,751.118896484375,14530669.0,SBIN,0.0,False
2024-04-12,749.3834123957522,751.5527435992136,737.3797679672235,738.8259887695312,14408722.0,SBIN,-0.016366127616254778,False
2024-04-15,732.5590796729715,735.9335950981468,721.9052641714367,730.341552734375,11356572.0,SBIN,-0.011483672967820935,False
2024-04-16,724.315633679616,727.8347947397396,717.7112484453821,724.74951171875,13338991.0,SBIN,-0.007656747715761969,False
2024-04-17,724.315633679616,727.8347947397396,717.7112484453821,724.74951171875,13338991.0,SBIN,0.0,False
2024-04-18,725.0869303823578,732.7037172254089,715.3972622519597,718.0968627929688,14589648.0,SBIN,-0.009179238920774768,False
2024-04-19,708.166151201757,725.0387279832828,705.8039786829678,723.5443115234375,10886554.0,SBIN,0.0075859525542019135,False
2024-04-22,727.1116662441453,741.4292292520696,723.5443096786286,738.6331787109375,17452186.0,SBIN,0.020854102433242927,False
2024-04-23,742.7308138738571,749.8173315016863,738.1029188222026,745.2858276367188,12292429.0,SBIN,0.00900670199704745,False
2024-04-24,750.5886207443748,750.5886207443748,742.5862104814081,745.3822021484375,7842615.0,SBIN,0.0001293121486347637,False
2024-04-25,743.0201189674838,785.2015621323537,742.0559716951439,783.5625,36732974.0,SBIN,0.051222443655770444,False
2024-04-26,786.647751919581,787.6118991537774,770.2572489382424,772.5711669921875,14964358.0,SBIN,-0.014027385189838038,False
2024-04-29,778.0668050277905,801.4473750673492,770.0643948867187,796.86767578125,27302732.0,SBIN,0.031448894065843724,False
2024-04-30,796.8676847564651,804.9182905797428,790.5043365839119,796.6266479492188,27449073.0,SBIN,-0.00030246907906628095,False
2024-05-01,796.8676847564651,804.9182905797428,790.5043365839119,796.6266479492188,27449073.0,SBIN,0.0,False
2024-05-02,797.2533767737393,804.0024074577941,795.4214734778877,800.2904052734375,19943724.0,SBIN,0.004599089590651362,False
2024-05-03,804.8701286023054,806.2199583180101,790.6007607867497,801.6402587890625,22667634.0,SBIN,0.0016867046096396,False
2024-05-06,805.0629516671522,806.0270989146577,774.2102397469739,778.838134765625,35283557.0,SBIN,-0.02844433494131371,False
2024-05-07,782.8875831251004,785.4425969289771,764.7616262211365,773.1497192382812,16725013.0,SBIN,-0.007303719827555177,False
2024-05-08,773.8245714766452,792.5290519594521,770.8357384934087,781.7305908203125,27908322.0,SBIN,0.011098589792524649,False
2024-05-09,782.7911700385396,809.5462560286481,774.7405052523084,790.4078979492188,49290254.0,SBIN,0.011100124813844925,False
2024-05-10,797.3497596453622,802.2186913901453,786.3584576786101,788.0457153320312,20543142.0,SBIN,-0.002988561505162579,False
2024-05-13,790.456122787604,790.456122787604,769.9679931182314,779.8023071289062,15398505.0,SBIN,-0.010460571059195178,False
2024-05-14,783.8517179173241,792.9147256484775,778.9345904580701,788.8652954101562,10912462.0,SBIN,0.01162216140988126,False
2024-05-15,791.5649295245947,795.7107511254447,788.7206832337843,790.8900146484375,9755062.0,SBIN,0.0025666222738680577,False
2024-05-16,795.7107594941345,796.5303200119738,768.7628305348695,782.8394165039062,20536990.0,SBIN,-0.010179162709634038,False
2024-05-17,785.297962171262,792.9629448421255,782.1162879060583,788.52783203125,12492509.0,SBIN,0.0072663887477046885,False
2024-05-20,785.297962171262,792.9629448421255,782.1162879060583,788.52783203125,12492509.0,SBIN,0.0,False
2024-05-21,791.5649127770058,806.3163543151672,790.2150830532505,800.8689575195312,14037801.0,SBIN,0.01565084323845678,False
2024-05-22,810.2799344229562,810.3780018937406,797.5358302513197,802.6334838867188,19239277.0,SBIN,0.0022032647796121907,False
2024-05-23,808.4663420586099,819.0537392891404,805.8194777925474,815.7206420898438,17497488.0,SBIN,0.01630527316123298,False
2024-05-24,813.6620166705683,824.6905681013441,810.7210696223614,812.28955078125,12252075.0,SBIN,-0.004206208757698504,False
2024-05-27,816.2108014350272,822.876995845969,806.7997949535047,817.2891845703125,12295193.0,SBIN,0.006154989663789134,False
2024-05-28,819.2498532378913,824.151431802395,807.093914464433,814.7894287109375,13818893.0,SBIN,-0.003058594077308463,False
2024-05-29,812.0935412900568,818.0244392460639,803.1726326134542,806.4567260742188,14518232.0,SBIN,-0.010226817313893966,False
2024-05-30,805.2313320096405,819.5439171556648,803.1726331596147,809.5936889648438,17818705.0,SBIN,0.0038898093216923613,False
2024-05-31,814.3482733523172,818.5636189442075,801.0159437782618,814.005126953125,22267336.0,SBIN,0.0054489530346040205,False
2024-06-03,846.5516101706216,894.0479177688353,839.8854753820721,887.8229370117188,64269020.0,SBIN,0.09068469916755761,False
2024-06-04,879.3431739398783,879.3431739398783,717.542081270305,759.9407348632812,122381193.0,SBIN,-0.1440402098405682,False
2024-06-05,775.1846003180706,779.3509418310036,729.4038474915685,774.2042846679688,74256082.0,SBIN,0.018769292328109755,False
2024-06-06,784.2525339544707,816.9460375302097,780.3312712846982,800.868896484375,40555649.0,SBIN,0.034441312641200206,False
2024-06-07,803.7608761709042,815.1325144961712,794.545884544975,813.613037109375,25061284.0,SBIN,0.015912892460855588,False
2024-06-10,817.7303524667053,828.8079077389773,812.877777859861,815.4265747070312,16725508.0,SBIN,0.0022289927950263078,False
2024-06-11,819.5439372413512,823.0730498797147,812.730731059502,819.102783203125,14754408.0,SBIN,0.004508325593159057,False
2024-06-12,820.5242466911467,828.905934018559,816.6029838634709,822.5828857421875,15071442.0,SBIN,0.00424867624726355,False
2024-06-13,828.3667754966601,829.2490835697314,819.6419417384134,827.2884521484375,12523972.0,SBIN,0.005720476912189021,False
2024-06-14,828.3667270254315,833.1702976600134,818.6615781244269,822.680908203125,12903496.0,SBIN,-0.005569452750545323,False
2024-06-17,828.3667270254315,833.1702976600134,818.6615781244269,822.680908203125,12903496.0,SBIN,0.0,False
2024-06-18,824.9846443812804,834.7387973148866,823.7102459704445,828.2687377929688,14929083.0,SBIN,0.00679221984383771,False
2024-06-19,830.1313196004876,843.6596642417119,824.4455005291003,835.817138671875,32925140.0,SBIN,0.009113468291728655,False
2024-06-20,836.209277488426,836.3072851232247,825.7688915323681,827.141357421875,13985352.0,SBIN,-0.01037999922301902,False
2024-06-21,828.2687636644131,831.3567222370788,812.2895697948148,819.8380126953125,18990090.0,SBIN,-0.008829621032765633,False
2024-06-24,815.1325081138934,819.543928783181,804.8881970373593,816.3088989257812,12715254.0,SBIN,-0.004304647643659343,False
2024-06-25,820.5242410117988,829.2000110244921,817.8773766546938,825.6708984375,20917530.0,SBIN,0.011468697112133164,False
2024-06-26,823.3181026095383,832.0919399410025,819.5439111626723,828.7098388671875,16281760.0,SBIN,0.0036805710791532054,False
2024-06-27,827.288405942117,830.7195107377448,821.7495985528304,827.3864135742188,20378887.0,SBIN,-0.0015969706535375883,False
2024-06-28,830.2293784821371,846.992752780768,827.386439058991,832.239013671875,23636388.0,SBIN,0.005864974355444863,False
2024-07-01,832.6311314704473,833.7585184800706,823.4161996179325,825.3768310546875,10967797.0,SBIN,-0.008245446926251732,False
2024-07-02,827.3864282167037,829.6411422984175,806.9468703630849,809.8878173828125,21142840.0,SBIN,-0.018765990380518405,False
2024-07-03,812.6817296590598,827.2393941277866,808.760466789776,823.4161987304688,23598009.0,SBIN,0.01670401882494521,False
2024-07-04,826.4061106133324,828.2687343216311,817.8773523092979,822.7789306640625,13372587.0,SBIN,-0.0007739319039251624,False
2024-07-05,821.5045497192135,844.2968895533086,820.5242340274244,842.826416015625,24873722.0,SBIN,0.02436557938519668,False
2024-07-08,842.8264296839359,847.9730871492928,836.6994565108919,839.3953247070312,10359800.0,SBIN,-0.004070934706595808,False
2024-07-09,842.9734801738035,852.8256408262188,839.1502250746712,844.3458862304688,13585081.0,SBIN,0.005897771142775232,False
2024-07-10,843.1695051813592,843.3165764690709,826.8962885808327,832.2880249023438,17343236.0,SBIN,-0.014280713064117156,False
2024-07-11,837.5817726337938,841.4049680302959,833.0232806157347,839.8364868164062,8501366.0,SBIN,0.009069530845344342,False
2024-07-12,839.8364577356562,846.0124345728623,838.4639918457344,842.7774047851562,11446064.0,SBIN,0.0035017744702878773,False
2024-07-15,842.7774216383809,869.8831149197468,842.7774216383809,864.001220703125,25392820.0,SBIN,0.025183180988791687,False
2024-07-16,864.9324947942838,870.6183136551655,857.0899695148005,863.364013671875,11893692.0,SBIN,-0.000737507096033263,False
2024-07-17,864.9324947942838,870.6183136551655,857.0899695148005,863.364013671875,11893692.0,SBIN,0.0,False
2024-07-18,863.315023261012,877.2845216320075,860.2270049507774,875.9610595703125,19435183.0,SBIN,0.014590654346203769,False
2024-07-19,877.3825576774864,881.3038205050954,865.912851939986,871.84375,14562742.0,SBIN,-0.00470033402207648,False
2024-07-22,864.0992633045507,877.382528728047,850.914005515022,859.540771484375,14614111.0,SBIN,-0.014111448887056843,False
2024-07-23,865.618719345537,867.0891928212089,832.385994861864,846.8947143554688,18279212.0,SBIN,-0.014712573909748672,False
2024-07-24,847.1888058977289,850.9139934414429,830.5234396667329,835.2289428710938,19624845.0,SBIN,-0.013774760057692959,False
2024-07-25,830.8175358859385,834.0035618347636,824.6415590903446,831.7978515625,9522375.0,SBIN,-0.004107965053030127,False
2024-07-26,828.0236595382181,847.2378228513442,827.386430415429,845.4732666015625,12081506.0,SBIN,0.0164407914896314,False
2024-07-29,849.0023752250042,871.5986394833856,846.208499495082,854.443115234375,26582781.0,SBIN,0.010609263458875917,False
2024-07-30,857.4821305468374,863.2169532964333,851.8943192478578,855.6195068359375,13528447.0,SBIN,0.0013767933529897913,False
2024-07-31,856.6488268509507,857.727209991399,850.9140040978348,855.2274169921875,11636874.0,SBIN,-0.0004582525767791168,False
2024-08-01,860.5211196893349,864.0502921513843,842.5323503146797,845.6693725585938,11787203.0,SBIN,-0.011176026684468487,False
2024-08-02,839.8364743996533,841.4049555903533,829.494155703777,831.16064453125,12609331.0,SBIN,-0.017156501699295612,False
2024-08-05,813.6620483537691,814.9854506435058,784.2525767265245,795.6732788085938,27676951.0,SBIN,-0.04269615742293731,False
2024-08-06,806.4567530115417,810.2799484288843,779.988228505242,781.9978637695312,17900930.0,SBIN,-0.01718722420782992,False
2024-08-07,793.0753863597355,794.7419349850848,784.7917068840424,792.7322998046875,17692355.0,SBIN,0.013726937799308114,False
2024-08-08,796.01636305695,801.7021822548979,786.9974464841414,792.1441040039062,14769069.0,SBIN,-0.0007419854103664081,False
2024-08-09,799.9376104147318,813.6130263830515,793.6145621891944,808.07421875,15320885.0,SBIN,0.020110122218387705,False
2024-08-12,804.4470175738744,806.799799123275,795.2320861451166,796.6044921875,16120449.0,SBIN,-0.014193902362387378,False
2024-08-13,797.4868163142143,803.8588683191833,779.3999798102883,781.8507690429688,17585172.0,SBIN,-0.018520763175734922,False
2024-08-14,785.183846292551,793.2224467373169,784.6446846418667,787.1934814453125,11788665.0,SBIN,0.00683341708403451,False
2024-08-15,785.183846292551,793.2224467373169,784.6446846418667,787.1934814453125,11788665.0,SBIN,0.0,False
2024-08-16,787.1934703278642,798.85925054641,787.1934703278642,796.1143188476562,11427335.0,SBIN,0.01133245842682129,False
2024-08-19,798.9572597142997,809.1525664711355,796.6044782061931,797.682861328125,10151482.0,SBIN,0.0019702477939840257,False
2024-08-20,801.8492361476191,806.7998184496117,797.3397480422,804.1529541015625,10347493.0,SBIN,0.008111109172716846,False
2024-08-21,804.1529595522029,804.8391925113443,795.2321105845307,799.4964599609375,14607257.0,SBIN,-0.005790557774953964,False
2024-08-22,802.8785556624933,807.6821265102021,801.0159319051235,804.1529541015625,7832917.0,SBIN,0.005824283625786908,False
2024-08-23,805.3293192807621,805.8194771135562,798.4671096216442,799.3003540039062,5537747.0,SBIN,-0.0060344242633266765,False
2024-08-26,801.8982298568817,807.2409623037237,797.7808920155667,799.0062866210938,8523795.0,SBIN,-0.0003679059834509335,False
2024-08-27,801.702163529934,803.3197083604263,795.0850325876467,799.839599609375,12833290.0,SBIN,0.001042936710554887,False
2024-08-28,798.7121942115388,801.1139795760346,790.6245899129868,793.467529296875,10371300.0,SBIN,-0.007966685214900515,False
2024-08-29,793.6145275853862,799.937575535221,791.0657308125117,798.4671020507812,18247268.0,SBIN,0.006300916634025988,False
2024-08-30,801.0650084127782,804.5451172254517,798.3200765507661,799.5454711914062,8911426.0,SBIN,0.0013505492434884303,False
2024-09-02,801.2119858304522,809.1525786646832,797.04564422928,805.966552734375,11813750.0,SBIN,0.008030914781370413,False
2024-09-03,805.966591337859,809.6917790988241,800.3297759604034,808.5643920898438,10548350.0,SBIN,0.0032232595095356142,False
2024-09-04,799.3984149013352,802.5354369721819,797.6338586845211,800.427734375,10789570.0,SBIN,-0.010063091813644509,False
2024-09-05,802.2413336710257,805.9665812189434,798.369134501237,802.6334838867188,8395074.0,SBIN,0.0027557134979101505,False
2024-09-06,795.5262015930762,796.8986675256167,761.7053094735923,767.0970458984375,40220096.0,SBIN,-0.04427480126570049,False
2024-09-09,769.5477977846319,772.6848198824725,755.8233784610844,768.8125610351562,21322103.0,SBIN,0.0022363730194130405,False
2024-09-10,772.4887444671417,773.2729850328517,762.1954299786836,767.2440795898438,12824701.0,SBIN,-0.002040135040458524,False
2024-09-11,764.6952691046852,772.4887910829905,750.3336796377038,753.4706420898438,20060665.0,SBIN,-0.01795183288656077,False
2024-09-12,759.7446278215249,774.3513549221617,757.5389176117205,772.24365234375,17578964.0,SBIN,0.024915383832125215,False
2024-09-13,775.429725098296,779.3509879306515,769.6458384870828,775.2826538085938,12950936.0,SBIN,0.003935288371254897,False
2024-09-16,775.2826362662203,779.3509702962235,768.9596479590956,770.0869750976562,9553736.0,SBIN,-0.006701657370268288,False
2024-09-17,770.1360013393838,771.9986251303302,765.1854189481497,767.4891967773438,10665630.0,SBIN,-0.0033733570418887915,False
2024-09-18,768.3714262748396,779.1058950529456,766.6068699986203,777.145263671875,18324412.0,SBIN,0.012581371744484038,False
2024-09-19,779.3999767062683,785.5759535812824,768.6165041254203,774.400390625,10645478.0,SBIN,-0.003531994821542095,False
2024-09-20,779.203920907502,779.203920907502,764.1560986394321,766.3128051757812,21372244.0,SBIN,-0.010443674289331684,False
2024-09-23,770.5281215390131,789.1541193879206,769.0576480246257,786.0661010742188,17309545.0,SBIN,0.025777066186315922,False
2024-09-24,783.5173029793567,788.4188813527027,780.8214348740164,782.5369873046875,15180653.0,SBIN,-0.004489589062177446,False
2024-09-25,782.1939054186181,782.2919130531816,773.1749891911104,777.4883422851562,18465571.0,SBIN,-0.006451637560187962,False
2024-09-26,780.331278301596,787.193488035404,776.0178653925714,786.0661010742188,23198842.0,SBIN,0.01103265261039299,False
2024-09-27,786.0661024227028,792.095067775522,782.7330650179391,786.8504028320312,15193681.0,SBIN,0.0009977554772311326,False
2024-09-30,786.1151665701419,786.8013396781569,770.9692773696576,772.3907470703125,15484573.0,SBIN,-0.0183766262426448,False
2024-10-01,772.4887361629332,784.5956105690549,772.4887361629332,781.2625732421875,13280535.0,SBIN,0.011486189089558563,False
2024-10-02,772.4887361629332,784.5956105690549,772.4887361629332,781.2625732421875,13280535.0,SBIN,0.0,False
2024-10-03,774.3514108096929,788.1738385219239,768.861606879953,778.4686889648438,15944135.0,SBIN,-0.0035761143219101843,False
2024-10-04,776.4100140404223,793.9086248930724,769.7928832389414,780.968505859375,20097454.0,SBIN,0.0032111977398285863,False
2024-10-07,784.2525262685198,788.1737888998624,750.3336284408941,755.4802856445312,24267990.0,SBIN,-0.03263668127922337,False
2024-10-08,757.0487719081607,768.9596311652928,757.0487719081607,766.0676879882812,8560960.0,SBIN,0.014014134511421972,False
2024-10-09,771.214345767345,788.5168813576186,766.6558539907494,781.7037353515625,18758697.0,SBIN,0.02041079085888886,False
2024-10-10,783.2722306646576,788.6149631033948,779.3509679329196,781.4096069335938,10241015.0,SBIN,-0.0003762658468511315,False
2024-10-11,781.5076533317213,786.8993894424932,777.3903156076607,784.0074462890625,14322720.0,SBIN,0.0033245551787661753,False
2024-10-14,786.2131901126612,793.3204789260238,785.036799307843,789.3012084960938,8967564.0,SBIN,0.006752183582041438,False
2024-10-15,789.6442795500336,791.6049109083206,785.821024467886,788.81103515625,6252104.0,SBIN,-0.0006210219046511867,False
2024-10-16,786.9974153952073,793.0753845737652,786.2621786357137,789.5952758789062,6494240.0,SBIN,0.0009942060743368675,False
2024-10-17,793.5655446321986,803.3687014528558,790.1344397449686,795.0850219726562,18580553.0,SBIN,0.006952607571821368,False
2024-10-18,795.1340535689559,806.4076843065691,787.0955125621578,804.2510375976562,11704698.0,SBIN,0.011528346493383301,False
2024-10-21,808.4663723240905,810.1819248045383,793.0754038184709,797.927978515625,10359618.0,SBIN,-0.00786204653327971,False
2024-10-22,797.9769793065807,800.7708551163644,771.9986132726441,774.841552734375,16645356.0,SBIN,-0.028932969394302233,False
2024-10-23,774.4493999917999,776.9981968684108,764.4501679238956,770.5281372070312,13866198.0,SBIN,-0.005566835583509899,False
2024-10-24,770.5771069894755,781.3115753553931,769.2047009756573,778.9097900390625,5607500.0,SBIN,0.010877802415383053,False
2024-10-25,782.2919467905059,784.9878150281925,756.8037379978327,765.5775756835938,9717125.0,SBIN,-0.01711650633483519,False
2024-10-28,768.3714408102454,788.1248262816986,768.1263618829754,776.4590454101562,13757251.0,SBIN,0.014213412294431738,False
2024-10-29,780.3313006117369,818.4165417897631,774.9395642381633,816.3088989257812,28274791.0,SBIN,0.05132254399145375,False
2024-10-30,811.701360020144,816.6029382811352,804.8881542706223,806.2606201171875,15977682.0,SBIN,-0.012309407409151985,False
2024-10-31,803.8588565381399,811.7013819677803,797.5358084437482,804.054931640625,13402324.0,SBIN,-0.002735701610035113,False
2024-11-01,806.2116691468042,809.3486315724846,802.7805641392085,805.0352783203125,1637141.0,SBIN,0.0012192533633084146,False
2024-11-04,806.5057323110566,821.0143925955531,791.2127716054617,813.5149536132812,14498161.0,SBIN,0.010533296516720858,False
2024-11-05,813.5149259169897,834.6407762413705,809.9858134770826,832.4840698242188,26254561.0,SBIN,0.023317476988818475,False
2024-11-06,832.48407214421,844.4439351874554,829.543125158185,837.9738159179688,15002433.0,SBIN,0.0065944157885318155,False
2024-11-07,844.0517871528804,845.4242530166981,830.0332851169691,842.6793212890625,15283847.0,SBIN,0.005615336997062403,False
2024-11-08,842.6793683716584,846.5026236103943,817.7793850018238,826.55322265625,26139105.0,SBIN,-0.01913669675451879,False
2024-11-11,829.3470548242794,837.1895801654074,825.4257921537154,830.964599609375,12621337.0,SBIN,0.0053370754988388835,False
2024-11-12,835.7191350712344,836.6014431355901,808.0742203373242,810.427001953125,11350729.0,SBIN,-0.024715370144413384,False
2024-11-13,807.1428924562375,815.3775681145983,788.8110370785578,792.7322998046875,13756706.0,SBIN,-0.02183380132423196,False
2024-11-14,792.732297195377,801.8982248540469,785.2818621400214,788.4188842773438,9461484.0,SBIN,-0.0054412006782195155,False
2024-11-15,792.732297195377,801.8982248540469,785.2818621400214,788.4188842773438,9461484.0,SBIN,0.0,False
2024-11-18,795.0360273075926,800.623838726437,783.5173179107193,798.2710571289062,9322451.0,SBIN,0.012496114753254517,False
2024-11-19,802.8785321341356,804.1529305358586,784.3505420744752,787.1934814453125,13677029.0,SBIN,-0.013876960193741517,False
2024-11-20,802.8785321341356,804.1529305358586,784.3505420744752,787.1934814453125,13677029.0,SBIN,0.0,False
2024-11-21,782.7820731049121,782.7820731049121,746.5593966407021,765.3814697265625,29486577.0,SBIN,-0.027708577665941148,False
2024-11-22,770.5281578092952,803.8098885516449,768.6165301838633,799.9866333007812,20665405.0,SBIN,0.04521296235010985,False
2024-11-25,810.721055354177,832.8761654605977,809.3976531392633,827.8275756835938,23434605.0,SBIN,0.034801759459329284,False
2024-11-26,827.3864424008906,830.0333067307656,819.1027628532369,822.8770141601562,8893744.0,SBIN,-0.005980184363089669,False
2024-11-27,821.9946872850031,825.9159499554146,815.7206430788567,817.6812744140625,8375108.0,SBIN,-0.006314114572025797,False
2024-11-28,817.6812691634748,829.1509743675217,814.1521567162539,822.3377685546875,13505677.0,SBIN,0.00569475452884971,False
2024-11-29,824.5434948634407,827.4354380874087,815.181492082223,822.4358520507812,10822949.0,SBIN,0.00011927397700106646,False
2024-12-02,822.4358281017708,825.4257788732257,816.308855277593,819.93603515625,6651119.0,SBIN,-0.0030395281143177355,False
2024-12-03,821.5045173305319,839.7383645454308,820.4261940455666,837.1405639648438,12186182.0,SBIN,0.02098276947337152,False
2024-12-04,837.1405896069477,846.9927502560289,833.562413429901,842.7774047851562,10749716.0,SBIN,0.006733446045924962,False
2024-12-05,843.0715130039896,854.2961398822408,838.7580999342011,848.4142456054688,14716036.0,SBIN,0.006688409998069966,False
2024-12-06,848.2181393525192,858.2173712226388,840.1305350189066,846.649658203125,14520568.0,SBIN,-0.0020798653623318453,False
2024-12-09,842.0911629301171,849.7866170280626,840.0815277676334,841.1598510742188,9630346.0,SBIN,-0.006484154426468991,False
2024-12-10,844.8360169417576,851.8452977871689,841.1598332466929,850.423828125,7379849.0,SBIN,0.011013337166473791,False
2024-12-11,850.4238399742597,852.7275578551114,844.0027843308235,844.6399536132812,7006973.0,SBIN,-0.006801167042168821,False
2024-12-12,844.5419581482005,847.2868300848979,834.3957147957527,836.8955078125,8845103.0,SBIN,-0.009168931409947345,False
2024-12-13,835.8171052852829,845.91440442009,818.5635736543202,844.5909423828125,9379370.0,SBIN,0.009195215529865797,False
2024-12-16,842.8754206370667,849.3455401092758,840.9147892516194,844.0028076171875,6432713.0,SBIN,-0.0006963545736895504,False
2024-12-17,841.6500206085419,845.6202871717958,830.37639021472,833.8074951171875,8791216.0,SBIN,-0.012079713963018324,False
2024-12-18,834.2486438857434,835.2289595659852,820.5242243623587,821.651611328125,8295338.0,SBIN,-0.014578765314833264,False
2024-12-19,808.3682600646816,821.5045136920517,804.0549071102052,816.4068603515625,9453398.0,SBIN,-0.006383181027400209,False
2024-12-20,818.4656111397987,819.5439344885314,794.0557259996536,796.016357421875,10244198.0,SBIN,-0.024975908361312582,False
2024-12-23,801.2120157160039,807.780142922531,796.2124295415985,804.9862670898438,4933200.0,SBIN,0.011268499176348978,False
2024-12-24,808.0252324059893,809.9368600271976,793.2714927831553,796.0653686523438,10602771.0,SBIN,-0.011082050467457694,False
2024-12-25,808.0252324059893,809.9368600271976,793.2714927831553,796.0653686523438,10602771.0,SBIN,0.0,False
2024-12-26,796.9966812110812,806.6527671299033,792.0951026058469,796.45751953125,8318714.0,SBIN,0.0004926114039731644,False
2024-12-27,800.2317056059302,802.1923370345046,781.507699396533,783.9094848632812,10649800.0,SBIN,-0.015754807205981103,False
2024-12-30,786.2131736679016,792.0460639180922,769.5478071437691,772.7828369140625,21515438.0,SBIN,-0.014193791712010406,False
2024-12-31,771.4594156879419,783.4682824464205,770.5281038501324,779.3019409179688,9086044.0,SBIN,0.0084358809389955,False
2025-01-01,779.8901437444632,782.9291583169418,773.9592457218257,777.58642578125,7273098.0,SBIN,-0.002201348471810527,False
2025-01-02,779.3509857383269,786.6053458912669,771.508460095677,785.428955078125,11398319.0,SBIN,0.010085733285525755,False
2025-01-03,785.4289209052785,793.5655289387714,776.557076124776,777.782470703125,13336514.0,SBIN,-0.009735424605322063,False
2025-01-06,781.7037559768974,781.8997712481304,757.9311004689307,761.1171264648438,11419367.0,SBIN,-0.021426741879661537,False
2025-01-07,764.4991607191188,768.4204234473491,759.5975823088309,763.4208374023438,9669152.0,SBIN,0.003026749572959897,False
2025-01-08,765.5285368443842,768.5184876953866,745.1379228760546,755.970458984375,15641490.0,SBIN,-0.009759202333695538,False
2025-01-09,755.9704689607948,756.1664842319951,711.9542705064919,745.4810791015625,15351029.0,SBIN,-0.01387538330122673,False
2025-01-10,745.3830030949237,748.3730137848589,727.4432381239155,728.61962890625,11779296.0,SBIN,-0.022618213483880156,False
2025-01-13,726.9041084985033,729.3058939862478,708.2781097642194,715.1403198242188,10414733.0,SBIN,-0.018499788569058206,False
2025-01-14,718.5224071080802,742.0989878190752,718.5224071080802,733.4232177734375,11960975.0,SBIN,0.025565469380488315,False
2025-01-15,738.3247909702291,743.9616062267667,735.2367725918546,738.8639526367188,7792299.0,SBIN,0.007418274648842482,False
2025-01-16,745.4320548303559,761.4111881866247,745.4320548303559,751.2158813476562,11816079.0,SBIN,0.016717460185813993,False
2025-01-17,751.215910613101,752.8334554551853,744.4517681682984,749.0592041015625,5766573.0,SBIN,-0.0028709154048031094,False
2025-01-20,753.8627747972309,769.5478260283826,752.735387806503,763.9110107421875,9198929.0,SBIN,0.019827280085875865,False
2025-01-21,769.3517095093413,769.4497769744905,741.1676345954302,744.1085815429688,13751780.0,SBIN,-0.02592242934157929,False
2025-01-22,747.0005222558178,747.9808379018228,723.4729467516976,738.6188354492188,9908339.0,SBIN,-0.00737761427554906,False
2025-01-23,735.2367384986907,740.7755458622017,728.4725365710152,731.2174682617188,10986405.0,SBIN,-0.010020550292355601,False
2025-01-24,735.138768408009,738.8639561065576,724.4533033293378,729.501953125,10579213.0,SBIN,-0.0023461079790625394,False
2025-01-27,725.4335984843208,740.4814201410142,721.4143281559363,734.4525146484375,11433353.0,SBIN,0.006786221067990983,False
2025-01-28,742.0989667504426,744.7948348595096,730.7273288420482,737.5895385742188,14140860.0,SBIN,0.00427124131678247,False
2025-01-29,738.1777143020389,745.8241647145189,735.0406921284334,743.5204467773438,9251973.0,SBIN,0.008040933192449584,False
2025-01-30,743.6184784127346,749.9415267817568,739.8932906386025,747.5887451171875,11085824.0,SBIN,0.005471669753638997,False
2025-01-31,749.8435094869757,762.2444673012822,744.5497807267266,757.68603515625,10083763.0,SBIN,0.01350647679624939,False
2025-02-03,747.7848125737272,747.7848125737272,738.3248018604113,745.9712524414062,7862190.0,SBIN,-0.015461262543169263,False
2025-02-04,751.9021360972733,765.8716347144651,750.5787338459753,763.8619995117188,12020807.0,SBIN,0.02398315888415259,False
2025-02-05,764.6462410892296,766.6068724766379,749.9415056836675,750.9708251953125,13419162.0,SBIN,-0.016876313162124346,False
2025-02-06,753.8627308990996,755.6762909086074,735.2857374622155,737.4424438476562,32745391.0,SBIN,-0.018014523192878773,False
2025-02-07,744.8438308139157,744.9418982807152,717.3459883584466,722.688720703125,37240692.0,SBIN,-0.02000660969221235,False
2025-02-10,725.4335919181764,729.256846944206,718.963532464286,722.2965698242188,12667049.0,SBIN,-0.0005426276454469914,False
2025-02-11,722.9338420118377,725.5807064311172,712.2483766958933,716.7088012695312,13017060.0,SBIN,-0.007736113929001975,False
2025-02-12,718.7184448242188,724.1591847308209,703.0333943785369,718.7184448242188,12697743.0,SBIN,0.002803988943804958,False
2025-02-13,719.9438519637431,722.9828066071801,711.8562476864424,713.3267211914062,12370571.0,SBIN,-0.00750185788557467,False
2025-02-14,716.5617636405941,718.4733911976853,702.1021072520733,707.9349975585938,10417539.0,SBIN,-0.0075585611370441175,False
2025-02-17,704.8959778549706,714.4050519193028,697.5436102537428,713.375732421875,9093600.0,SBIN,0.007685359364976163,False
2025-02-18,713.3757463206829,713.9149079885333,703.2294429330741,711.5131225585938,8562003.0,SBIN,-0.0026109801309862624,False
2025-02-19,707.8369242269698,720.3849529544706,707.8369242269698,712.9835815429688,6766606.0,SBIN,0.0020666646021751944,False
2025-02-20,710.6308614417115,717.100921006022,709.1113242684337,715.3363647460938,7423268.0,SBIN,0.003299912177547437,False
2025-02-21,712.983563836215,717.2969766512275,705.8272715222472,707.7879028320312,6571602.0,SBIN,-0.010552325152296427,False
2025-02-24,696.5142704603655,705.5821902376468,696.5142704603655,702.2981567382812,6912148.0,SBIN,-0.0077562022065991165,False
2025-02-25,704.7979622750793,704.7979622750793,696.0241250697796,696.9064331054688,8599635.0,SBIN,-0.007677257274678828,False
2025-02-26,704.7979622750793,704.7979622750793,696.0241250697796,696.9064331054688,8599635.0,SBIN,0.0,False
2025-02-27,701.9060466163252,703.5725952859297,687.2993186401222,690.0442504882812,12033139.0,SBIN,-0.009846634054745507,False
2025-02-28,687.1033111747046,687.5444053811439,669.1634856554016,675.241455078125,15780609.0,SBIN,-0.021451950943264353,False
2025-03-03,676.5648746220754,683.6721631354309,666.6146467698901,681.6134643554688,10598479.0,SBIN,0.009436638152801935,False
2025-03-04,679.3587530706169,704.3077986097232,678.4764450422322,701.9550170898438,14386214.0,SBIN,0.02984323784391485,False
2025-03-05,703.425482394221,716.9048225760387,702.8863207536921,715.9735107421875,10409805.0,SBIN,0.01997064386043057,False
2025-03-06,721.5123345545368,722.2475713084986,712.6894935069948,717.6400756835938,10928847.0,SBIN,0.0023276907824127946,False
2025-03-07,717.6400610222238,720.3849328808595,713.6697945986864,718.3262939453125,7246729.0,SBIN,0.0009562150790771717,False
2025-03-10,718.3263154629034,723.9631306303024,712.2973500895013,714.5521240234375,7400109.0,SBIN,-0.0052541163447406,False
2025-03-11,710.6308835302965,719.6007363944591,708.4741769972491,715.4833984375,5538789.0,SBIN,0.0013032980838665331,False
2025-03-12,716.2186323712558,722.4926768362947,704.8959979099689,708.8172607421875,5547762.0,SBIN,-0.009316970470412356,False
2025-03-13,711.6111983443574,717.0519385721029,710.2387324158618,713.5227661132812,5908337.0,SBIN,0.00663853101738332,False
2025-03-14,711.6111983443574,717.0519385721029,710.2387324158618,713.5227661132812,5908337.0,SBIN,0.0,False
2025-03-17,714.5520981665495,716.8558160007225,708.0819790039528,708.915283203125,5149563.0,SBIN,-0.006457373371916653,False
2025-03-18,714.5520981665495,716.8558160007225,708.0819790039528,708.915283203125,5149563.0,SBIN,0.0,False
2025-03-19,725.0414304316936,734.5505041985215,724.551272606947,730.4331665039062,7604850.0,SBIN,0.030353250678354593,False
2025-03-20,733.2761159507572,737.8836115337692,729.5509283979652,734.7955932617188,6963197.0,SBIN,0.005972383180096408,False
2025-03-21,735.1877533491547,740.7265010195747,732.2958101375568,738.373779296875,9577327.0,SBIN,0.004869634586773808,False
2025-03-24,743.0792951283579,767.5381836299999,740.236355685803,765.4304809570312,12095064.0,SBIN,0.036643638247719545,False
2025-03-25,768.4694992151382,770.52813824643,754.05884649493,757.636962890625,15190143.0,SBIN,-0.010181875768341286,False
2025-03-26,756.8037071028305,760.7739736513279,746.4613886162912,748.961181640625,7711852.0,SBIN,-0.011451106103507858,False
2025-03-27,748.765095143516,760.528883157817,745.5300654063271,757.0977783203125,15648616.0,SBIN,0.0108638429856458,False
2025-03-28,756.9017030647627,763.2737549045355,751.9021170931981,756.3135375976562,7628185.0,SBIN,-0.0010358513062819208,False
2025-03-31,756.9017030647627,763.2737549045355,751.9021170931981,756.3135375976562,7628185.0,SBIN,0.0,False
2025-04-01,751.7060726537488,767.3421201573958,748.1769600397238,756.5096435546875,7011125.0,SBIN,0.00025929187735318493,False
2025-04-02,757.0977881876627,761.7052838533914,749.2552627425828,760.6759643554688,5458436.0,SBIN,0.005507293709045902,False
2025-04-03,754.8430831745769,769.2537358201085,754.7940793566994,763.8619995117188,7956680.0,SBIN,0.004188426222918151,False
2025-04-04,763.7639032041603,767.4891505617313,749.9414763962274,752.34326171875,8231194.0,SBIN,-0.0150796057407383,False
2025-04-07,715.6304557983397,738.8639496862081,715.6304557983397,732.1978149414062,14923235.0,SBIN,-0.026776935213483344,False
2025-04-08,745.0399507907015,758.764370936846,743.2263906334504,753.4706420898438,12911288.0,SBIN,0.029053387915586537,False
2025-04-09,751.9021496759307,752.8334615673064,726.4139412123398,727.59033203125,11319387.0,SBIN,-0.03434813330856734,False
2025-04-10,751.9021496759307,752.8334615673064,726.4139412123398,727.59033203125,11319387.0,SBIN,0.0,False
2025-04-11,744.0595747998677,744.7458077183372,731.3154714106737,739.0109252929688,9360327.0,SBIN,0.01569646098764843,False
2025-04-14,744.0595747998677,744.7458077183372,731.3154714106737,739.0109252929688,9360327.0,SBIN,0.0,False
2025-04-15,754.8430601068783,755.5292930373557,742.1969641274441,748.4710083007812,7859090.0,SBIN,0.012801005619859085,False
2025-04-16,748.4710501178707,759.4996019368964,745.5301029661306,756.5586547851562,12536694.0,SBIN,0.01080555745604106,False
2025-04-17,756.8037006997325,785.2328552596965,752.0491936119853,781.7527465820312,27034818.0,SBIN,0.03330091016410286,False
2025-04-18,756.8037006997325,785.2328552596965,752.0491936119853,781.7527465820312,27034818.0,SBIN,0.0,False
2025-04-21,787.1935033394458,808.1232195009724,785.6250221604275,800.6238403320312,16398507.0,SBIN,0.024139465876529265,False
2025-04-22,804.986275275127,819.0537818863039,797.9769939622398,806.211669921875,25117557.0,SBIN,0.006979344491573558,False
2025-04-23,809.740755044151,814.6423334645151,794.1537117339047,797.4378051757812,12104382.0,SBIN,-0.010882830245987352,False
2025-04-24,796.7515648231008,802.8785377915959,795.1830836766543,797.3887939453125,12713521.0,SBIN,-6.146088152658713e-05,False
2025-04-25,798.9572755447768,802.8785382468371,771.508436630355,782.9291381835938,13131038.0,SBIN,-0.018133758426896573,False
2025-04-28,782.9291312258807,806.6037186789465,781.7037366423766,801.260986328125,11317611.0,SBIN,0.023414441040042755,False
2025-04-29,803.858844621864,812.6816855994211,793.075372315961,796.5554809570312,11283059.0,SBIN,-0.005872625088933048,False
2025-04-30,795.5261656735474,795.5261656735474,769.0576426012298,773.1259765625,25635764.0,SBIN,-0.02941352480103654,False
2025-05-01,795.5261656735474,795.5261656735474,769.0576426012298,773.1259765625,25635764.0,SBIN,0.0,False
2025-05-02,774.7924765987593,787.5856441366993,773.4690743593894,781.0175170898438,14720184.0,SBIN,0.01020731519387219,False
2025-05-05,766.606876267059,783.2722431424297,766.606876267059,774.4494018554688,23986447.0,SBIN,-0.00840969003979386,False
2025-05-06,778.3216684290833,783.4193220780548,755.9214185982945,758.8623657226562,18869468.0,SBIN,-0.020126603617315997,False
2025-05-07,750.2356003532819,766.9990348823832,749.5003635713141,760.822998046875,15586266.0,SBIN,0.0025836468018172187,False
2025-05-08,763.6658883956691,771.0182557422255,748.9611537025561,753.8627319335938,14491673.0,SBIN,-0.009148338222095154,False
2025-05-09,741.6088285228935,766.312796178702,740.6285128209466,763.9110107421875,13578216.0,SBIN,0.013329056316155663,False
2025-05-12,783.272256608189,788.0758275471601,777.390362315762,785.8701171875,15096824.0,SBIN,0.028745634159635713,False
2025-05-13,782.880060357833,791.7519649275839,781.5076543371932,785.9680786132812,13909596.0,SBIN,0.00012465345562673313,False
2025-05-14,789.8893639857823,791.6049164362635,780.6253687864404,784.9387817382812,9281719.0,SBIN,-0.00130959119461449,False
2025-05-15,788.6149458696933,793.516524177251,778.8607930709097,791.8499755859375,17058854.0,SBIN,0.008804755234989248,False
2025-05-16,804.0,804.0,791.0,792.0999755859375,14733924.0,SBIN,0.00031571637015592735,False
2025-05-19,792.0999755859375,801.4000244140625,792.0999755859375,795.0,10666184.0,SBIN,0.0036611848294998417,False
2025-05-20,798.1500244140625,799.4000244140625,783.7999877929688,785.6500244140625,11324667.0,SBIN,-0.011760975579795607,False
2025-05-21,787.0,791.0,779.0999755859375,787.0999755859375,8206040.0,SBIN,0.0018455433422233103,False
2025-05-22,788.0,788.2000122070312,780.2999877929688,785.25,7355826.0,SBIN,-0.002350369258441787,False
2025-05-23,787.9000244140625,794.9500122070312,786.2000122070312,790.5,5534158.0,SBIN,0.006685768863419206,False
2025-05-26,792.0,797.5499877929688,789.2000122070312,794.4000244140625,4965466.0,SBIN,0.004933617222090403,False
2025-05-27,794.4000244140625,801.3499755859375,790.0499877929688,793.7000122070312,11995043.0,SBIN,-0.0008811835165131177,False
2025-05-28,794.5,798.9000244140625,792.6500244140625,796.5499877929688,6873519.0,SBIN,0.0035907465567659447,False
2025-05-29,799.0,800.4000244140625,791.3499755859375,797.3499755859375,14034127.0,SBIN,0.0010043158687194076,False
2025-05-30,798.0,814.5,792.5999755859375,812.2999877929688,22037314.0,SBIN,0.018749623960350847,False
2025-06-02,812.8499755859375,822.5499877929688,809.2000122070312,813.6500244140625,26891575.0,SBIN,0.0016619926645102812,False
2025-06-03,816.2000122070312,818.4000244140625,805.1500244140625,809.7999877929688,14247597.0,SBIN,-0.004731809138537546,False
2025-06-04,817.0,817.0,805.25,806.5,9607927.0,SBIN,-0.004075065254029675,False
2025-06-05,808.7000122070312,811.7000122070312,802.8499755859375,806.0,13595507.0,SBIN,-0.000619962802231866,False
2025-06-06,806.6500244140625,816.4500122070312,803.0999755859375,813.0499877929688,17163935.0,SBIN,0.008746883117827231,False
2025-06-09,817.4000244140625,824.5,815.7000122070312,820.0499877929688,12793040.0,SBIN,0.008609556737097401,False
2025-06-10,821.0,822.0499877929688,814.5999755859375,817.0499877929688,6560513.0,SBIN,-0.0036583135719250315,False
2025-06-11,817.0,820.5999755859375,813.0499877929688,815.0499877929688,7197825.0,SBIN,-0.002447830646693294,False
2025-06-12,816.0,816.5,801.2000122070312,805.9500122070312,13448521.0,SBIN,-0.011164929418107095,False
2025-06-13,786.25,796.2999877929688,786.25,792.3499755859375,11377117.0,SBIN,-0.016874541119307307,False
2025-06-16,792.5,795.4000244140625,786.1500244140625,792.5,8085001.0,SBIN,0.00018934109760215811,False
2025-06-17,794.0,798.8499755859375,790.5499877929688,792.2999877929688,7753156.0,SBIN,-0.00025238133379335004,False
2025-06-18,792.5,795.5,788.3499755859375,791.9000244140625,5710169.0,SBIN,-0.0005048130570093345,False
2025-06-19,792.3499755859375,793.25,781.7000122070312,785.0999755859375,11824333.0,SBIN,-0.008587004190530823,False
2025-06-20,787.5,799.4500122070312,786.0999755859375,796.1500244140625,11367669.0,SBIN,0.014074702804414363,False
2025-06-23,790.0,794.9500122070312,788.5,790.2000122070312,5549253.0,SBIN,-0.007473481158793205,False
2025-06-24,799.0,806.6500244140625,793.6500244140625,795.4000244140625,11402190.0,SBIN,0.006580627849533505,False
2025-06-25,799.5,803.7999877929688,796.0999755859375,800.0499877929688,6528324.0,SBIN,0.005846068941639304,False
2025-06-26,802.0,803.3499755859375,791.4000244140625,797.0499877929688,24704402.0,SBIN,-0.0037497656968608073,False
2025-06-27,805.0,809.4500122070312,802.6500244140625,805.4000244140625,19375990.0,SBIN,0.010476176838312146,False
2025-06-30,809.0,821.0,807.0499877929688,820.3499755859375,19652607.0,SBIN,0.018562143926865726,False
2025-07-01,820.0,824.9000244140625,813.25,820.2999877929688,11456405.0,SBIN,-6.09347162264795e-05,False
2025-07-02,821.0,824.0499877929688,809.0,812.9000244140625,6661200.0,SBIN,-0.009021045335884992,False
2025-07-03,813.5,814.5,805.7999877929688,807.0999755859375,7020403.0,SBIN,-0.007135008800504883,False
2025-07-04,808.75,813.8499755859375,804.0999755859375,811.8499755859375,4319538.0,SBIN,0.005885268422355816,False
2025-07-07,811.2000122070312,812.6500244140625,805.1500244140625,806.8499755859375,4461783.0,SBIN,-0.006158773357591518,False
2025-07-08,807.9000244140625,813.5499877929688,805.3499755859375,812.6500244140625,5935770.0,SBIN,0.007188509640733365,False
2025-07-09,810.0,812.4500122070312,809.0,810.9500122070312,4099112.0,SBIN,-0.0020919364498351856,False
2025-07-10,811.2999877929688,815.5,806.9000244140625,808.0,12178137.0,SBIN,-0.003637723857975783,False
2025-07-11,807.5499877929688,812.5499877929688,804.5499877929688,808.6500244140625,6202372.0,SBIN,0.000804485660968357,False
2025-07-14,809.7999877929688,815.5,808.0,808.8499755859375,6938635.0,SBIN,0.00024726540015862497,False
2025-07-15,811.0,821.0,810.5,816.4500122070312,9297645.0,SBIN,0.00939610168818783,False
2025-07-16,816.0,834.2000122070312,815.2999877929688,831.7000122070312,16458920.0,SBIN,0.01867842460896796,False
2025-07-17,838.4000244140625,842.5,826.3499755859375,829.0,23073718.0,SBIN,-0.003246377500784714,False
2025-07-18,832.0,832.6500244140625,820.25,823.3499755859375,15387801.0,SBIN,-0.006815469739520519,False
2025-07-21,823.0,827.3499755859375,817.9500122070312,824.2000122070312,8852594.0,SBIN,0.0010324122746088182,False
2025-07-22,827.5,828.0499877929688,814.0,815.0,7851163.0,SBIN,-0.011162353883489518,False
2025-07-23,812.5,825.2000122070312,811.5,820.6500244140625,15470390.0,SBIN,0.006932545293328207,False
2025-07-24,820.0,821.9500122070312,810.6500244140625,815.7000122070312,10118309.0,SBIN,-0.006031818753146956,False
2025-07-25,815.0,819.2000122070312,805.5,806.5499877929688,6734439.0,SBIN,-0.01121738908560932,False
2025-07-28,806.5499877929688,808.9500122070312,796.0,797.1500244140625,7734158.0,SBIN,-0.011654532913239701,False
2025-07-29,796.2000122070312,800.0,793.0999755859375,799.2000122070312,7833759.0,SBIN,0.0025716461521474443,False
2025-07-30,798.9500122070312,803.4000244140625,796.2000122070312,801.6500244140625,8743723.0,SBIN,0.003065580792804834,False
2025-07-31,795.0999755859375,803.7999877929688,792.5499877929688,796.5499877929688,11359112.0,SBIN,-0.006361924113732154,False
2025-08-01,795.7000122070312,801.0,792.0,794.0,15468391.0,SBIN,-0.003201290354713504,False
2025-08-04,794.5,797.2000122070312,786.5499877929688,795.7000122070312,8820724.0,SBIN,0.0021410733086035805,False
2025-08-05,798.0,804.0499877929688,796.2999877929688,800.5999755859375,7381537.0,SBIN,0.006158053668134489,False
2025-08-06,800.9500122070312,810.2000122070312,799.0,805.1500244140625,7409396.0,SBIN,0.005683298734545872,False
2025-08-07,801.0999755859375,806.6500244140625,793.4000244140625,805.1500244140625,7091392.0,SBIN,0.0,False
2025-08-08,805.0,807.7999877929688,790.0,804.2999877929688,15708181.0,SBIN,-0.0010557493576583976,False
2025-08-11,808.0,825.0,808.0,823.4500122070312,15236297.0,SBIN,0.02380955452530964,False
2025-08-12,824.9500122070312,825.5,820.0,820.5999755859375,7986728.0,SBIN,-0.0034610924510827257,False
2025-08-13,822.6500244140625,824.9500122070312,820.6500244140625,821.8499755859375,4447508.0,SBIN,0.001523275697281612,False
2025-08-14,822.0,828.0,819.0999755859375,826.5499877929688,7087573.0,SBIN,0.005718820157754934,False
2025-08-15,822.0,828.0,819.0999755859375,826.5499877929688,7087573.0,SBIN,0.0,False
2025-08-18,836.0,838.0,825.1500244140625,827.6500244140625,6138124.0,SBIN,0.00133087730607917,False
2025-08-19,827.5,831.0,825.7999877929688,830.4000244140625,5076681.0,SBIN,0.003322660446904324,False
2025-08-20,828.7000122070312,831.9000244140625,827.4000244140625,828.9500122070312,4493888.0,SBIN,-0.0017461610842971487,False
2025-08-21,828.9500122070312,833.25,824.0499877929688,825.7000122070312,4402511.0,SBIN,-0.003920622416479724,False
2025-08-22,824.0,826.0,815.7000122070312,816.25,5097647.0,SBIN,-0.011444849300379811,False
2025-08-25,817.4500122070312,820.5,814.2000122070312,816.4500122070312,5672898.0,SBIN,0.0002450379259189006,False
2025-08-26,814.8499755859375,815.8499755859375,806.75,807.8499755859375,6997817.0,SBIN,-0.010533451518784487,False
2025-08-27,814.8499755859375,815.8499755859375,806.75,807.8499755859375,6997817.0,SBIN,0.0,False
2025-08-28,807.25,811.0,800.6500244140625,801.9500122070312,7898436.0,SBIN,-0.007303290904511095,False
2025-08-29,800.7000122070312,806.7000122070312,798.5,802.5,6861440.0,SBIN,0.0006858130614091351,False
2025-09-01,803.0999755859375,808.2999877929688,802.6500244140625,806.0499877929688,5619805.0,SBIN,0.004423660801207152,False
2025-09-02,806.2999877929688,810.5,802.6500244140625,803.9000244140625,5075460.0,SBIN,-0.0026672829371203743,False
2025-09-03,804.2999877929688,813.2999877929688,803.0,812.1500244140625,4261589.0,SBIN,0.010262470144858149,False
2025-09-04,814.6500244140625,816.75,808.0,809.4000244140625,4471950.0,SBIN,-0.0033860738993193307,False
2025-09-05,811.5,812.5,803.6500244140625,806.5999755859375,5194842.0,SBIN,-0.0034594128288444326,False
2025-09-08,808.0,813.8499755859375,806.7999877929688,808.7999877929688,4614227.0,SBIN,0.0027275133568323007,False
2025-09-09,812.0,812.3499755859375,805.5999755859375,808.8499755859375,4567272.0,SBIN,6.18048883818112e-05,False
2025-09-10,812.0,824.5999755859375,810.4000244140625,818.2000122070312,7285853.0,SBIN,0.01155966730952862,False
2025-09-11,819.0999755859375,825.7000122070312,819.0,823.6500244140625,7425055.0,SBIN,0.006660977909704879,False
2025-09-12,824.0999755859375,825.7999877929688,819.7999877929688,823.5499877929688,5078018.0,SBIN,-0.00012145525177997829,False
2025-09-15,823.5499877929688,827.7999877929688,821.0999755859375,824.75,3852494.0,SBIN,0.0014571212735332573,False
2025-09-16,825.0999755859375,833.0,821.6500244140625,831.5499877929688,9467531.0,SBIN,0.00824490790296295,False
2025-09-17,834.2999877929688,858.1500244140625,831.0,857.1500244140625,17243938.0,SBIN,0.030785926278514175,False
2025-09-18,858.6500244140625,860.7999877929688,851.0999755859375,854.3499755859375,10400847.0,SBIN,-0.0032666963172975905,False
2025-09-19,852.0,864.4500122070312,849.2999877929688,862.3499755859375,15206426.0,SBIN,0.009363844125486631,False
2025-09-22,862.0,868.2000122070312,854.0,855.25,6594034.0,SBIN,-0.008233287861014071,False
2025-09-23,854.5999755859375,874.25,851.2000122070312,870.5999755859375,14357863.0,SBIN,0.017947939884171316,False
2025-09-24,876.0,880.5,864.4500122070312,866.2000122070312,12840160.0,SBIN,-0.00505394383447455,False
2025-09-25,866.5499877929688,870.1500244140625,859.9500122070312,861.1500244140625,8678821.0,SBIN,-0.005830048166475588,False
2025-09-26,862.0,864.3499755859375,853.0,856.9500122070312,6959545.0,SBIN,-0.004877213131229907,False
2025-09-29,858.0499877929688,873.5,856.0,870.75,22641712.0,SBIN,0.016103608841112615,False
2025-09-30,869.9500122070312,877.5999755859375,867.5999755859375,872.4500122070312,12831593.0,SBIN,0.0019523539558210512,False
2025-10-01,872.2999877929688,876.4500122070312,862.7999877929688,864.0999755859375,10832384.0,SBIN,-0.009570790881153979,False
2025-10-02,872.2999877929688,876.4500122070312,862.7999877929688,864.0999755859375,10832384.0,SBIN,0.0,False
2025-10-03,865.1500244140625,873.0,863.7999877929688,867.2999877929688,8019442.0,SBIN,0.003703289315407421,False
2025-10-06,868.0,875.2999877929688,862.7999877929688,874.0499877929688,7820352.0,SBIN,0.007782774236140488,False
2025-10-07,874.1500244140625,877.0,863.0,864.7000122070312,9242580.0,SBIN,-0.010697300745403315,False
2025-10-08,866.7999877929688,867.7999877929688,857.25,858.25,7156112.0,SBIN,-0.007459248428328902,False
2025-10-09,861.5999755859375,865.7999877929688,858.0999755859375,862.0999755859375,7020501.0,SBIN,0.004485843968467851,False
2025-10-10,862.0999755859375,883.75,861.2999877929688,880.6500244140625,13713015.0,SBIN,0.021517282627826484,False
2025-10-13,879.0,888.0999755859375,876.0,882.9500122070312,11923143.0,SBIN,0.002611693327890352,False
2025-10-14,883.0,884.1500244140625,872.0999755859375,876.9500122070312,7681973.0,SBIN,-0.006795401684181801,False
2025-10-15,878.0999755859375,887.5,877.0499877929688,886.0999755859375,8269225.0,SBIN,0.010433848282729752,False
2025-10-16,888.2999877929688,891.8499755859375,882.4500122070312,886.9500122070312,8493686.0,SBIN,0.0009593010320665396,False
2025-10-17,887.5,894.75,883.0,889.1500244140625,8511854.0,SBIN,0.0024804241239670954,False
2025-10-20,894.5999755859375,913.6500244140624,891.0499877929688,907.5,13546463.0,SBIN,0.02063765965482589,False
2025-10-21,908.0,910.0,906.4000244140624,907.8499755859376,1783576.0,SBIN,0.0003856480285813202,False
2025-10-22,908.0,910.0,906.4000244140624,907.8499755859376,1783576.0,SBIN,0.0,False
2025-10-23,912.0,918.0,904.7999877929688,911.5499877929688,13382769.0,SBIN,0.004075576699380523,False
2025-10-24,910.9500122070312,914.0999755859376,900.9500122070312,904.5,5313227.0,SBIN,-0.007734066027512143,False
2025-10-27,906.9500122070312,928.0,906.0,922.75,9150761.0,SBIN,0.020176893311221633,False
2025-10-28,927.0999755859376,935.8499755859376,917.7000122070312,930.25,22066289.0,SBIN,0.008127878623679141,False
2025-10-29,933.9000244140624,942.0499877929688,930.25,939.75,12314222.0,SBIN,0.010212308519215174,False
2025-10-30,939.4500122070312,944.9000244140624,933.0499877929688,934.3499755859376,13044473.0,SBIN,-0.0057462350774806215,False
2025-10-31,934.9000244140624,946.7000122070312,930.25,937.0,12078252.0,SBIN,0.0028362224897586774,False
2025-11-03,938.75,953.4000244140624,937.5,949.7000122070312,11744735.0,SBIN,0.013553908438667328,False
2025-11-04,951.0,959.2999877929688,941.5,957.5999755859376,19154518.0,SBIN,0.008318377674385147,False
2025-11-05,951.0,959.2999877929688,941.5,957.5999755859376,19154518.0,SBIN,0.0,False
2025-11-06,969.6500244140624,971.4000244140624,955.2999877929688,960.75,23088096.0,SBIN,0.0032894992631291586,False
2025-11-07,958.75,964.8499755859376,944.0,955.8499755859376,13371323.0,SBIN,-0.005100207560824743,False
2025-11-10,956.0,963.2000122070312,949.0999755859376,951.1500244140624,7343249.0,SBIN,-0.004917038543621022,False
2025-11-11,953.5999755859376,954.9500122070312,945.0499877929688,953.2999877929688,8648917.0,SBIN,0.002260383034980107,False
2025-11-12,957.7000122070312,961.5499877929688,951.4000244140624,957.1500244140624,7043323.0,SBIN,0.004038641215140526,False
2025-11-13,954.25,963.9500122070312,952.4500122070312,954.0,8894441.0,SBIN,-0.003291045639361223,False
2025-11-14,952.9500122070312,969.0499877929688,952.0,967.8499755859376,11032927.0,SBIN,0.01451779411523857,False
2025-11-17,971.0,976.0,968.5,973.3499755859376,7415026.0,SBIN,0.005682698908650918,False
2025-11-18,975.5999755859376,976.7000122070312,968.8499755859376,972.4500122070312,6594686.0,SBIN,-0.000924604100765114,False
2025-11-19,972.4500122070312,984.4500122070312,968.7999877929688,982.75,8291226.0,SBIN,0.010591791520051741,False
2025-11-20,986.0,986.5999755859376,979.3499755859376,981.5499877929688,6440857.0,SBIN,-0.0012210757639595782,False
2025-11-21,979.7000122070312,980.5999755859376,971.0499877929688,972.5999755859376,5377241.0,SBIN,-0.009118243918636693,False
2025-11-24,975.5499877929688,977.7000122070312,968.0499877929688,970.5999755859376,9901946.0,SBIN,-0.002056343872304911,False
2025-11-25,975.5499877929688,988.9500122070312,971.3499755859376,983.5999755859376,9140201.0,SBIN,0.013393777382028071,False
2025-11-26,986.5999755859376,999.0,982.1500244140624,983.9000244140624,13943490.0,SBIN,0.00030505168317640496,False
2025-11-27,986.7000122070312,988.5499877929688,968.9000244140624,972.8499755859376,11909168.0,SBIN,-0.011230865488295327,False
2025-11-28,976.7999877929688,983.0,973.0499877929688,979.0,8117842.0,SBIN,0.006321657571465078,False
2025-12-01,985.4500122070312,991.2000122070312,969.8499755859376,973.0999755859376,8808306.0,SBIN,-0.006026582649706236,False
2025-12-02,976.0,980.4500122070312,964.9000244140624,967.2999877929688,13444314.0,SBIN,-0.005960320561591348,False
2025-12-03,970.4500122070312,972.5499877929688,947.5499877929688,951.0499877929688,14051968.0,SBIN,-0.016799338576522382,False
2025-12-04,951.0499877929688,952.5499877929688,944.4500122070312,948.0999755859376,13622724.0,SBIN,-0.003101847689286008,False
2025-12-05,948.8499755859376,973.2999877929688,946.7000122070312,971.5,17347847.0,SBIN,0.024680967215088057,False
2025-12-08,970.8499755859376,972.5,951.7000122070312,956.4000244140624,15386438.0,SBIN,-0.0155429496509909,False
2025-12-09,954.7999877929688,964.0,950.4500122070312,959.3499755859376,9580294.0,SBIN,0.003084432346896371,False
2025-12-10,960.0999755859376,963.9500122070312,955.25,959.75,6989178.0,SBIN,0.00041697443502619613,False
2025-12-11,962.0999755859376,966.5,958.4500122070312,963.25,5979035.0,SBIN,0.0036467830164104154,False
2025-12-12,966.0,967.0,958.0,963.1500244140624,5681930.0,SBIN,-0.00010378986341819108,False
2025-12-15,957.25,968.8499755859376,957.25,967.25,4416952.0,SBIN,0.004256840037388576,False
2025-12-16,966.0499877929688,969.0,958.0499877929688,961.1500244140624,4764786.0,SBIN,-0.006306513916709888,False
2025-12-17,965.5499877929688,978.5,964.2999877929688,975.8499755859376,8013382.0,SBIN,0.015294127657996537,False
2025-12-18,977.9000244140624,981.4500122070312,973.5,977.5499877929688,4926879.0,SBIN,0.001742083567722874,False
2025-12-19,979.9500122070312,982.0,977.0499877929688,980.2999877929688,5376584.0,SBIN,0.0028131553724517477,False
2025-12-22,981.0999755859376,983.0,972.5499877929688,974.2999877929688,5959037.0,SBIN,-0.006120575410296869,False
2025-12-23,976.2999877929688,977.5499877929688,970.7000122070312,971.9000244140624,5123287.0,SBIN,-0.00246326943341435,False
2025-12-24,973.2000122070312,977.2999877929688,967.5,968.9500122070312,4105643.0,SBIN,-0.0030353041803962144,False
2025-12-25,973.2000122070312,977.2999877929688,967.5,968.9500122070312,4105643.0,SBIN,0.0,False
2025-12-26,968.9500122070312,971.0,964.75,966.2999877929688,3286321.0,SBIN,-0.0027349444044346694,False
2025-12-29,966.9000244140624,968.9000244140624,961.4500122070312,965.0499877929688,5267233.0,SBIN,-0.0012935941382499205,False
2025-12-30,963.0,976.2000122070312,959.5,973.4500122070312,15030644.0,SBIN,0.008704237625320355,False
2025-12-31,975.25,985.6500244140624,973.5,982.2000122070312,5807630.0,SBIN,0.008988648508167163,False
2026-01-01,983.2000122070312,987.6500244140624,980.3499755859376,984.75,4328348.0,SBIN,0.0025962001234747234,False
2026-01-02,984.5,1009.5,983.9500122070312,998.9500122070312,7357435.0,SBIN,0.014419915924885673,False
2026-01-05,1000.0,1015.5,1000.0,1005.5499877929688,11259060.0,SBIN,0.006606912763688522,False
2026-01-06,1007.9500122070312,1024.0,1004.9500122070312,1018.9000244140624,9575742.0,SBIN,0.013276353023875975,False
2026-01-07,1022.7000122070312,1022.7000122070312,1004.0,1007.1500244140624,7896720.0,SBIN,-0.011532044085244775,False
2026-01-08,1006.5999755859376,1011.5999755859376,995.8499755859376,998.0,6854268.0,SBIN,-0.009085065970569461,False
2026-01-09,996.0,1008.0,994.0,1000.5,7809460.0,SBIN,0.0025050100200401104,False
2026-01-12,1008.0,1017.25,996.0,1015.1500244140624,7617922.0,SBIN,0.014642703062531126,False
2026-01-13,1022.7999877929688,1029.5,1016.0,1028.449951171875,11016895.0,SBIN,0.013101439627595246,False
2026-01-14,1030.0,1030.4000244140625,1020.5,1028.3499755859375,7370514.0,SBIN,-9.72099671194826e-05,False
2026-01-15,1030.0,1030.4000244140625,1020.5,1028.3499755859375,7370514.0,SBIN,0.0,False
2026-01-16,1032.0,1047.449951171875,1028.4000244140625,1042.300048828125,11051580.0,SBIN,0.013565491878617442,False
2026-01-19,1035.0,1043.5999755859375,1034.0,1038.4000244140625,5460164.0,SBIN,-0.0037417482791518575,False
2026-01-20,1039.75,1052.0,1033.050048828125,1036.4000244140625,8905718.0,SBIN,-0.0019260400163496616,False
2026-01-21,1032.0,1040.5999755859375,1022.0,1028.6500244140625,7408949.0,SBIN,-0.0074778076200658905,False
2026-01-22,1035.0,1055.5,1034.050048828125,1048.3499755859375,12001641.0,SBIN,0.019151266907417197,False
2026-01-23,1051.9000244140625,1053.0,1025.5999755859375,1029.5,10917698.0,SBIN,-0.01798061336854806,False
2026-01-26,1051.9000244140625,1053.0,1025.5999755859375,1029.5,10917698.0,SBIN,0.0,False
2026-01-27,1034.0999755859375,1055.0,1030.25,1053.1500244140625,14420630.0,SBIN,0.022972340373057287,False
2026-01-28,1059.4000244140625,1065.5999755859375,1044.1500244140625,1063.5,12171257.0,SBIN,0.009827636467744316,False
2026-01-29,1063.0,1075.0,1060.300048828125,1066.199951171875,14800724.0,SBIN,0.002538741111306919,False
2026-01-30,1064.0,1082.5,1060.4000244140625,1077.1500244140625,9480769.0,SBIN,0.010270187341644643,False
2026-02-02,1019.9000244140624,1031.300048828125,990.0,1028.699951171875,14434549.0,SBIN,-0.044979874802994924,False
2026-02-03,1087.0,1089.800048828125,1040.300048828125,1064.199951171875,16129381.0,SBIN,0.03450957683001654,False
2026-02-04,1064.199951171875,1073.9000244140625,1056.300048828125,1068.199951171875,7312276.0,SBIN,0.0037586921476506774,False
2026-02-05,1068.199951171875,1081.0,1067.5,1073.5,9551567.0,SBIN,0.004961663612051748,False
2026-02-06,1070.0,1073.5999755859375,1051.0,1066.4000244140625,7041557.0,SBIN,-0.0066138570898346405,False
2026-02-09,1120.0,1150.0,1100.5,1146.0,40852966.0,SBIN,0.0746436363124372,False
2026-02-10,1151.0,1154.0,1138.0999755859375,1144.0999755859375,17280036.0,SBIN,-0.0016579619668957157,False
2026-02-11,1144.699951171875,1187.5,1142.800048828125,1182.9000244140625,29491859.0,SBIN,0.0339131628844358,False
2026-02-12,1183.0,1203.699951171875,1174.800048828125,1192.4000244140625,33214985.0,SBIN,0.008031109818182447,False
2026-02-13,1189.0,1201.0,1184.5,1198.5999755859375,18141390.0,SBIN,0.005199556394609672,False
2026-02-16,1194.0,1212.300048828125,1185.300048828125,1208.0999755859375,14972739.0,SBIN,0.007925913727268252,False
2026-02-17,1206.0999755859375,1225.5,1204.0999755859375,1213.4000244140625,20107196.0,SBIN,0.0043870945577615394,False
2026-02-18,1218.800048828125,1224.0999755859375,1214.0,1218.9000244140625,10417264.0,SBIN,0.004532717891328364,False
2026-02-19,1222.9000244140625,1224.9000244140625,1199.199951171875,1205.699951171875,9630899.0,SBIN,-0.010829496248909276,False
2026-02-20,1206.199951171875,1218.0,1201.800048828125,1216.0999755859375,9958162.0,SBIN,0.008625715215426766,False
2026-02-23,1222.0,1231.0999755859375,1217.0999755859375,1227.800048828125,9733835.0,SBIN,0.00962097975254883,False
2026-02-24,1232.0,1234.699951171875,1219.699951171875,1223.300048828125,15788449.0,SBIN,-0.003665091888777061,False
2026-02-25,1228.0999755859375,1228.0999755859375,1197.5,1200.0999755859375,19581100.0,SBIN,-0.018965153532375267,False
2026-02-26,1201.0,1215.4000244140625,1188.9000244140625,1209.5,16196052.0,SBIN,0.007832701112649332,False
2026-02-27,1207.0,1211.800048828125,1198.5999755859375,1201.699951171875,10700355.0,SBIN,-0.0064489862158949585,False
2026-03-02,1185.0,1197.300048828125,1179.4000244140625,1189.9000244140625,16270835.0,SBIN,-0.00981936193498667,False
2026-03-03,1185.0,1197.300048828125,1179.4000244140625,1189.9000244140625,16270835.0,SBIN,0.0,False
2026-03-04,1172.0999755859375,1182.699951171875,1157.5999755859375,1174.5,13855065.0,SBIN,-0.012942284307999596,False
2026-03-05,1181.0,1183.199951171875,1150.5999755859375,1169.5,22100665.0,SBIN,-0.004257130693912314,False
2026-03-06,1168.5,1169.300048828125,1138.0,1143.0,20333328.0,SBIN,-0.022659256092347202,False
2026-03-09,1115.0,1115.0,1064.300048828125,1098.5,24631198.0,SBIN,-0.03893263342082243,False
2026-03-10,1111.0999755859375,1119.9000244140625,1104.5,1112.199951171875,17491459.0,SBIN,0.012471507666704573,False
2026-03-11,1113.4000244140625,1115.9000244140625,1088.0,1091.0999755859375,8364878.0,SBIN,-0.01897138690188338,False
2026-03-12,1075.0999755859375,1098.0,1070.5,1085.199951171875,14614140.0,SBIN,-0.005407409537237062,False
2026-03-13,1077.5,1081.300048828125,1042.300048828125,1047.0,15978675.0,SBIN,-0.03520084121882239,False
2026-03-16,1048.699951171875,1073.0,1036.0999755859375,1066.699951171875,15322269.0,SBIN,0.018815617165114595,False
2026-03-17,1073.9000244140625,1073.9000244140625,1047.0,1064.699951171875,16427877.0,SBIN,-0.0018749414939063236,False
2026-03-18,1067.5,1075.4000244140625,1061.300048828125,1069.800048828125,10749915.0,SBIN,0.0047901736546869245,False
2026-03-19,1049.5,1059.699951171875,1041.0,1048.9000244140625,13431191.0,SBIN,-0.019536383866271767,False
2026-03-20,1058.4000244140625,1085.0,1054.0,1058.0,17748625.0,SBIN,0.008675732075629439,False
2026-03-23,1039.0,1045.5999755859375,1014.2000122070312,1031.9000244140625,16039603.0,SBIN,-0.024669164069884175,False
2026-03-24,1055.199951171875,1059.0,1020.0,1030.800048828125,30416734.0,SBIN,-0.001065971082384709,False
2026-03-25,1043.0,1065.5,1043.0,1060.5999755859375,16205333.0,SBIN,0.02890951236536199,False
2026-03-26,1043.0,1065.5,1043.0,1060.5999755859375,16205333.0,SBIN,0.0,False
2026-03-27,1051.300048828125,1055.300048828125,1013.0,1019.5,20445349.0,SBIN,-0.03875162788235165,False
2026-03-30,1005.0,1009.4000244140624,975.7999877929688,979.4000244140624,21438137.0,SBIN,-0.0393329824285803,False
2026-03-31,1005.0,1009.4000244140624,975.7999877929688,979.4000244140624,21438137.0,SBIN,0.0,False
2026-04-01,1008.0,1031.0,998.4500122070312,1017.7999877929688,17424479.0,SBIN,0.03920763980160169,False
2026-04-02,1000.0,1026.0,977.9000244140624,1018.4000244140624,20777629.0,SBIN,0.0005895427670370434,False
2026-04-03,1000.0,1026.0,977.9000244140624,1018.4000244140624,20777629.0,SBIN,0.0,False
2026-04-06,1020.0,1035.699951171875,1005.0499877929688,1032.75,23576634.0,SBIN,0.014090706246981721,False
2026-04-07,1025.0,1033.699951171875,1012.0,1030.4000244140625,15021291.0,SBIN,-0.002275454452614345,False
2026-04-08,1074.0,1077.800048828125,1059.449951171875,1061.449951171875,28533742.0,SBIN,0.03013385677612823,False
2026-04-09,1060.0999755859375,1064.3499755859375,1038.300048828125,1040.949951171875,24772948.0,SBIN,-0.01931320452496832,False
2026-04-10,1049.0,1069.449951171875,1046.1500244140625,1066.699951171875,17861336.0,SBIN,0.024737020229465667,False
2026-04-13,1042.0,1067.25,1030.0,1063.550048828125,17763348.0,SBIN,-0.002952941303024814,False
2026-04-14,1042.0,1067.25,1030.0,1063.550048828125,17763348.0,SBIN,0.0,False
2026-04-15,1076.0,1088.0,1068.199951171875,1071.5,16195810.0,SBIN,0.00747491966234648,False
2026-04-16,1078.0,1084.1500244140625,1062.0,1067.1500244140625,20313165.0,SBIN,-0.004059706566437282,False
2026-04-17,1067.0,1082.1500244140625,1060.0,1080.25,16823879.0,SBIN,0.012275664420408283,False
2026-04-20,1080.300048828125,1120.949951171875,1075.8499755859375,1107.8499755859375,31179584.0,SBIN,0.0255496186863573,False
2026-04-21,1113.4000244140625,1114.75,1105.949951171875,1111.8499755859375,16963734.0,SBIN,0.0036105971820636906,False
2026-04-22,1110.0,1117.8499755859375,1100.0999755859375,1103.300048828125,12412659.0,SBIN,-0.007689820520351054,False
2026-04-23,1095.0,1101.9000244140625,1082.199951171875,1094.25,13669001.0,SBIN,-0.008202708626486088,False
2026-04-24,1091.3499755859375,1106.0,1090.050048828125,1101.0999755859375,13774745.0,SBIN,0.00625997311943105,False
2026-04-27,1110.949951171875,1114.800048828125,1103.4000244140625,1111.8499755859375,11624385.0,SBIN,0.009762964524887563,False
2026-04-28,1102.300048828125,1110.5,1089.1500244140625,1091.300048828125,10727835.0,SBIN,-0.018482643530196463,False
2026-04-29,1094.0,1105.0,1084.25,1086.9000244140625,10611104.0,SBIN,-0.004031910764402014,False
2026-04-30,1075.0,1077.699951171875,1063.0,1068.449951171875,14269539.0,SBIN,-0.016974949698923547,False
