Date,Open,High,Low,Close,Volume,Symbol,Daily_Return,Is_Outlier
2018-01-01,1098.8055150903997,1103.9261461490428,1079.4290271620278,1083.7713623046875,1351760.0,TCS,,False
2018-01-02,1089.6707618121077,1093.6034481754748,1073.366645448686,1077.872802734375,1920290.0,TCS,-0.0054426235786199095,False
2018-01-03,1078.2003021860842,1093.3573733034416,1077.8725617270234,1080.9244384765625,1257120.0,TCS,0.002831164989455237,False
2018-01-04,1085.5737414735468,1090.4895470953138,1081.4772367887408,1088.4822998046875,913082.0,TCS,0.0069920348352721096,False
2018-01-05,1085.5738008380056,1105.8515001366775,1085.5738008380056,1101.632080078125,1153706.0,TCS,0.01208083978563268,False
2018-01-08,1106.0562734087282,1117.0554285769997,1098.6211573535206,1111.9552001953125,1242220.0,TCS,0.009370751182604886,False
2018-01-09,1112.2010669729375,1114.6589698833748,1096.4500258243493,1109.7431640625,2149396.0,TCS,-0.00198932127159801,False
2018-01-10,1110.5628248024457,1153.5761396693792,1103.8649971967943,1149.7254638671875,3365850.0,TCS,0.036028426305706684,False
2018-01-11,1151.118068698486,1155.9928703367914,1139.729763176509,1143.1298828125,2520744.0,TCS,-0.005736657369058151,False
2018-01-12,1149.069699250699,1149.069699250699,1122.667743453983,1137.333251953125,3360314.0,TCS,-0.005070841858418773,False
2018-01-15,1137.660975714622,1150.2987350847163,1120.4147477066892,1124.94140625,1457214.0,TCS,-0.010895527482243761,False
2018-01-16,1128.9970187757524,1172.2765633258407,1126.7644430770874,1167.8524169921875,4267752.0,TCS,0.03814510738406507,False
2018-01-17,1175.697224126244,1198.228007166991,1172.4814269054868,1183.4600830078125,4280806.0,TCS,0.013364416418148561,False
2018-01-18,1186.7578099359096,1201.505231806014,1174.8984448511717,1195.4423828125,2209478.0,TCS,0.010124802666967803,False
2018-01-19,1200.5014769819347,1221.5779784384388,1189.481816833685,1212.2789306640625,1820000.0,TCS,0.014083947577591571,False
2018-01-22,1215.8513872239334,1287.1763877619455,1199.8371338967693,1279.6619873046875,4367110.0,TCS,0.055583789288257135,False
2018-01-23,1279.0666791117917,1290.3177794249,1268.8422338076075,1273.7491455078125,3239610.0,TCS,-0.0046206278341743845,False
2018-01-24,1268.8216504570196,1338.2373015780363,1265.8035394410897,1303.560302734375,5621538.0,TCS,0.02340426082458924,False
2018-01-25,1303.72431685331,1305.6953216971872,1265.1258646378103,1281.5712890625,3833844.0,TCS,-0.016868428430775628,False
2018-01-26,1303.72431685331,1305.6953216971872,1265.1258646378103,1281.5712890625,3833844.0,TCS,0.0,False
2018-01-29,1285.8210576610225,1324.2552980387698,1281.9612528610974,1313.517578125,3141060.0,TCS,0.024927438165277094,False
2018-01-30,1305.7776167303982,1315.5504378111707,1290.872021998956,1294.6292724609375,1574758.0,TCS,-0.014379941295513454,False
2018-01-31,1288.1208124826544,1293.4588968187318,1272.3529726974182,1277.9990234375,3043214.0,TCS,-0.012845568516943406,False
2018-02-01,1282.782591170022,1309.8836318285437,1268.3287228687043,1288.7777099609375,2400630.0,TCS,0.008434033458371015,False
2018-02-02,1281.1401347799665,1309.8836634449017,1274.3443233100052,1294.95751953125,2456490.0,TCS,0.004795093461462674,False
2018-02-05,1277.0340701740663,1309.0625774002972,1263.4219947027125,1274.2418212890625,2757742.0,TCS,-0.01599720294275464,False
2018-02-06,1235.9717566623572,1263.544973525982,1225.7062105106766,1230.736328125,2657306.0,TCS,-0.034142258115536506,False
2018-02-07,1242.9520521303698,1244.5945391500331,1210.287071476921,1213.4078369140625,2180324.0,TCS,-0.014079775509135306,False
2018-02-08,1223.5503333908484,1243.1986270195384,1215.0299308678648,1221.2713623046875,2755004.0,TCS,0.006480529588982709,False
2018-02-09,1211.3342782003704,1229.4016369260708,1189.4275656456746,1220.2447509765625,2102458.0,TCS,-0.0008406086966517012,False
2018-02-12,1222.9549502374246,1241.4534827289615,1213.6133041098462,1218.4381103515625,1974562.0,TCS,-0.0014805559487587328,False
2018-02-13,1222.9549502374246,1241.4534827289615,1213.6133041098462,1218.4381103515625,1974562.0,TCS,0.0,False
2018-02-14,1219.54710145687,1221.3743489495585,1187.7239026814802,1195.64892578125,2847532.0,TCS,-0.01870360453822062,False
2018-02-15,1203.922701862023,1208.4600933122235,1192.8975654417334,1201.41796875,2465236.0,TCS,0.004825030863453872,False
2018-02-16,1200.2477418209917,1231.7014175771262,1200.2477418209917,1204.37451171875,2515756.0,TCS,0.002460877933951666,False
2018-02-19,1209.2814085534058,1212.6895901282571,1188.8324193537785,1200.494140625,1568224.0,TCS,-0.003221897388223871,False
2018-02-20,1202.3007948467612,1225.7267917907848,1202.259692561354,1209.1787109375,1889068.0,TCS,0.007234163015555017,False
2018-02-21,1221.1892517940198,1257.5703839277498,1215.4610976466947,1249.2347412109375,3089228.0,TCS,0.03312664200181059,False
2018-02-22,1253.2180212955109,1264.3048124406546,1241.1046754147058,1252.4788818359375,3463010.0,TCS,0.002596902341873264,False
2018-02-23,1252.396658738989,1268.410911096635,1228.621693415505,1262.99072265625,3362500.0,TCS,0.008392828791575102,False
2018-02-26,1262.6621477256558,1268.8009241338098,1240.5706728635207,1244.8822021484375,1363882.0,TCS,-0.01433780959984221,False
2018-02-27,1248.7011135367218,1264.1199848899075,1245.0055166863997,1249.2554931640625,1717800.0,TCS,0.0035130159368312874,False
2018-02-28,1246.2372613584855,1258.1247433568049,1240.673315479462,1246.2578125,2706864.0,TCS,-0.002399573730486493,False
2018-03-01,1251.9857490733916,1256.9953145068382,1240.0777180064424,1247.345703125,1718124.0,TCS,0.0008729258216786384,False
2018-03-02,1251.9857490733916,1256.9953145068382,1240.0777180064424,1247.345703125,1718124.0,TCS,0.0,False
2018-03-05,1251.98630266472,1278.5329711471688,1245.395800437789,1275.3302001953125,2858168.0,TCS,0.02243523748083831,False
2018-03-06,1281.9614160252306,1284.014525275751,1244.2457589933722,1249.440185546875,1906764.0,TCS,-0.020300636372033276,False
2018-03-07,1260.6091883067006,1268.4110041300971,1239.4621612064416,1243.13720703125,1917772.0,TCS,-0.005044642063330329,False
2018-03-08,1254.4087130969876,1254.4087130969876,1226.732839102877,1233.487548828125,1951826.0,TCS,-0.007762343648429204,False
2018-03-09,1233.9187827907297,1257.816956803535,1222.5034741679267,1245.867919921875,1872436.0,TCS,0.010036883716833644,False
2018-03-12,1249.5222691788558,1266.3166624702644,1246.4426053540642,1253.2794189453125,2091340.0,TCS,0.005948864165233658,False
2018-03-13,1201.0276873923272,1207.104910207061,1179.305833825891,1185.383056640625,88067154.0,TCS,-0.054174959931780564,False
2018-03-14,1187.907987306637,1200.2677401637804,1180.5578992217963,1185.4237060546875,3668668.0,TCS,3.429221789086334e-05,False
2018-03-15,1188.7500794390746,1191.8502939966577,1172.571621048393,1178.361328125,2348906.0,TCS,-0.005957682382776386,False
2018-03-16,1177.9920320194135,1179.3060019438285,1151.7943368566987,1160.294189453125,7197482.0,TCS,-0.015332426684965372,False
2018-03-19,1161.6490932991462,1169.4509076408513,1157.9534970320226,1162.4703369140625,3489940.0,TCS,0.0018755135384787014,False
2018-03-20,1157.9538061767998,1179.7988721157687,1157.543184259716,1176.3702392578125,4024984.0,TCS,0.011957210349684555,False
2018-03-21,1179.511362057278,1184.3567203394728,1170.2723696651844,1173.0440673828125,3907678.0,TCS,-0.0028274872688878183,False
2018-03-22,1174.3582296110098,1180.9281808320363,1159.0010087316605,1162.614501953125,2326094.0,TCS,-0.008891026108641453,False
2018-03-23,1150.5622239594732,1163.743223156008,1148.9402879834404,1157.1937255859375,3654122.0,TCS,-0.0046625741878162374,False
2018-03-26,1157.5426790225915,1160.9918615208223,1142.1649149896873,1156.721435546875,2964210.0,TCS,-0.00040813394388516944,False
2018-03-27,1160.006300057638,1175.609924624785,1159.2056077942116,1169.327392578125,2494574.0,TCS,0.010898005901732288,False
2018-03-28,1164.4823566934597,1180.5377096444097,1160.006619041898,1169.923095703125,6865654.0,TCS,0.0005094408364851866,False
2018-03-29,1164.4823566934597,1180.5377096444097,1160.006619041898,1169.923095703125,6865654.0,TCS,0.0,False
2018-03-30,1164.4823566934597,1180.5377096444097,1160.006619041898,1169.923095703125,6865654.0,TCS,0.0,False
2018-04-02,1166.165738904571,1196.5517475943382,1166.165738904571,1194.7655029296875,1662988.0,TCS,0.021234222418382354,False
2018-04-03,1187.559604562982,1203.081031758266,1187.559604562982,1195.4229736328125,1937290.0,TCS,0.0005502926737612768,False
2018-04-04,1202.8963534774705,1204.764703247811,1187.518582751421,1195.279296875,2841820.0,TCS,-0.00012018905523947243,False
2018-04-05,1201.7051494585794,1216.9802591054315,1199.1593145590132,1214.5986328125,1809424.0,TCS,0.01616303067242053,False
2018-04-06,1212.976922368446,1215.4406534226814,1201.705372845215,1211.4576416015625,1129018.0,TCS,-0.0025860322299756655,False
2018-04-09,1207.1047873220723,1216.8776054178363,1196.9624497361203,1200.616943359375,1235866.0,TCS,-0.008948474853694433,False
2018-04-10,1201.3564592173486,1214.3116000659884,1201.3564592173486,1206.242919921875,1184532.0,TCS,0.004685904687267151,False
2018-04-11,1211.5803654823803,1242.130578283192,1209.5272570885238,1237.67529296875,3124416.0,TCS,0.026058078789727324,False
2018-04-12,1235.9719192202308,1293.458985230474,1235.130124275183,1289.0447998046875,6114360.0,TCS,0.04150483339836253,False
2018-04-13,1293.4587706780712,1330.7432530700507,1286.1086799857524,1294.8138427734375,8179118.0,TCS,0.004475440240419903,False
2018-04-16,1279.4976856940093,1313.9693699810884,1277.341920979666,1308.918701171875,6270274.0,TCS,0.010893348474113829,False
2018-04-17,1308.918655935968,1311.916215389831,1292.309022713186,1300.275146484375,3301724.0,TCS,-0.006603584072686464,False
2018-04-18,1300.0288073718086,1311.3003573668773,1291.7548170014347,1297.195556640625,2433066.0,TCS,-0.0023684139868984655,False
2018-04-19,1305.7367042148826,1321.0529230644108,1299.9264436976655,1310.356201171875,4820952.0,TCS,0.010145459151380765,False
2018-04-20,1334.521077305638,1405.291796689623,1330.414858606236,1397.120361328125,18465662.0,TCS,0.0662141790748616,False
2018-04-23,1405.969591092285,1460.951831438529,1391.8236846196594,1399.66650390625,15185910.0,TCS,0.0018224217816886767,False
2018-04-24,1400.2207296247332,1413.8328060020804,1372.5037503726303,1390.2220458984375,8314336.0,TCS,-0.00674764880166423,False
2018-04-25,1389.9550562102086,1430.1960002304747,1381.7631697988363,1424.9605712890625,8196574.0,TCS,0.024987753210441443,False
2018-04-26,1423.6262660063262,1461.8141064270324,1423.6262660063262,1453.293701171875,12135034.0,TCS,0.019883448323893882,False
2018-04-27,1447.442115130099,1455.243930786119,1404.3268180836706,1417.4461669921875,4501330.0,TCS,-0.02466640717618296,False
2018-04-30,1417.445902386714,1457.2967681245432,1411.5535397066967,1450.3572998046875,3458558.0,TCS,0.023218612162419605,False
2018-05-01,1417.445902386714,1457.2967681245432,1411.5535397066967,1450.3572998046875,3458558.0,TCS,0.0,False
2018-05-02,1449.7008441451176,1450.3988814341342,1425.3920439221415,1437.07421875,3158046.0,TCS,-0.009158488778231555,False
2018-05-03,1441.2007388022328,1447.8527934129395,1425.0221760829245,1429.723876953125,3761550.0,TCS,-0.0051147962304052275,False
2018-05-04,1433.8914683661926,1435.9445775706115,1424.8577878667493,1429.27197265625,2347244.0,TCS,-0.0003160780232880356,False
2018-05-07,1433.0700065821163,1433.0700065821163,1400.5897838116612,1404.716552734375,3484426.0,TCS,-0.01718036902118747,False
2018-05-08,1410.3626965431492,1431.632926136676,1394.7590679204063,1413.03173828125,2992820.0,TCS,0.005919475733868751,False
2018-05-09,1412.6210233351835,1435.0204614179383,1412.6210233351835,1432.7825927734375,2615050.0,TCS,0.013977643924836025,False
2018-05-10,1438.3876975756975,1441.754776480836,1412.621178133226,1417.1585693359375,3858678.0,TCS,-0.010904671452810266,False
2018-05-11,1418.369813477972,1431.0169850745783,1413.5655584273277,1419.4990234375,2627876.0,TCS,0.001651511801293415,False
2018-05-14,1419.51968700398,1425.268392707785,1400.548978231316,1409.890625,2433894.0,TCS,-0.00676886583143399,False
2018-05-15,1416.645597174968,1435.4521008047543,1409.9524399558086,1429.94970703125,1952890.0,TCS,0.014227402945707235,False
2018-05-16,1428.9434761447144,1440.87206084768,1427.0135735140782,1434.671630859375,1648450.0,TCS,0.003302160771743612,False
2018-05-17,1442.494183396752,1450.7887257259438,1427.3217242433147,1433.8095703125,2968048.0,TCS,-0.0006008765548383144,False
2018-05-18,1429.2922319985698,1444.4441347340296,1419.9300358878802,1438.0179443359375,1874996.0,TCS,0.0029350996886707836,False
2018-05-21,1448.961285238081,1474.953668091481,1444.588202686096,1460.479248046875,3446178.0,TCS,0.015619626861687053,False
2018-05-22,1460.9921337024282,1467.9521520635158,1434.589136081694,1440.83056640625,1857416.0,TCS,-0.013453584956377496,False
2018-05-23,1447.44210470434,1455.6545421778396,1429.3747422626402,1435.16455078125,1507298.0,TCS,-0.003932464897057453,False
2018-05-24,1441.2826874370587,1484.397981505689,1438.141470397563,1479.7579345703125,2962316.0,TCS,0.031071965765032017,False
2018-05-25,1488.5044400530876,1508.9534314449563,1466.967340687597,1472.4080810546875,3769772.0,TCS,-0.0049669296199849056,False
2018-05-28,1485.0135843807168,1485.0135843807168,1431.4274450853527,1438.0179443359375,3716798.0,TCS,-0.02335638955072583,False
2018-05-29,1449.4539894746586,1455.2437975047003,1432.2489745192988,1446.8260498046875,3525312.0,TCS,0.0061251707626064356,False
2018-05-30,1440.892404375065,1450.7267761419291,1429.9903758602516,1442.966064453125,3779106.0,TCS,-0.002667898709788674,False
2018-05-31,1435.8861353004995,1456.6295135017135,1429.3443039713832,1441.72412109375,5049371.0,TCS,-0.0008606878498182979,False
2018-06-01,1452.4476460711248,1455.3459167445849,1421.2291709647473,1434.6025390625,1603856.0,TCS,-0.004939628828466325,False
2018-06-04,1444.9950814954493,1448.3073911378458,1418.1653531753043,1444.3740234375,1681483.0,TCS,0.006811283340809826,False
2018-06-05,1444.1667487866534,1450.7085793906624,1416.964430874002,1425.6177978515625,2449568.0,TCS,-0.012985712344299238,False
2018-06-06,1426.7771088402462,1436.6312483809452,1420.318065824689,1429.0543212890625,2236512.0,TCS,0.0024105503190818833,False
2018-06-07,1428.4334213039506,1448.3072776003532,1427.4397689225946,1437.169677734375,2414762.0,TCS,0.005678829925787721,False
2018-06-08,1436.7142924417926,1455.180458939497,1436.7142924417926,1446.7340087890625,2582138.0,TCS,0.006654976933388346,False
2018-06-11,1446.7341037911344,1459.9005555640051,1443.33900643679,1448.8870849609375,2179378.0,TCS,0.0014882322243030544,False
2018-06-12,1454.9318089600297,1478.1179732462451,1451.6194997762843,1474.8056640625,4608875.0,TCS,0.01788861214278903,False
2018-06-13,1503.7884433990516,1516.7478739347237,1488.883051338929,1510.495849609375,5370983.0,TCS,0.024199924380926774,False
2018-06-14,1515.3818300268854,1517.2864487166753,1477.2902649005266,1480.22998046875,3819998.0,TCS,-0.02003704223911107,False
2018-06-15,1490.53943659449,1529.5418649686444,1481.0993332793234,1523.7039794921875,9183574.0,TCS,0.0293697598326379,False
2018-06-18,1546.807163680509,1546.807163680509,1508.8812788030352,1514.5535888671875,4674987.0,TCS,-0.006005359799644006,False
2018-06-19,1508.8810649385564,1522.8341471577187,1507.928755831542,1510.8270263671875,3245034.0,TCS,-0.002460502241315443,False
2018-06-20,1517.0376956778891,1520.5984686940033,1505.9414390408056,1509.1295166015625,3107695.0,TCS,-0.0011235632775955517,False
2018-06-21,1517.037698648997,1517.037698648997,1505.1133646437577,1506.5625,2910659.0,TCS,-0.0017009915804596654,False
2018-06-22,1512.897185610947,1512.897185610947,1490.1665047827655,1498.654296875,2949458.0,TCS,-0.005249170296618977,False
2018-06-25,1500.3930232208952,1509.0463890909853,1495.507347770587,1506.4793701171875,2083217.0,TCS,0.005221399797474602,False
2018-06-26,1509.5851203143984,1541.0520619336785,1507.928965492331,1533.599365234375,4679712.0,TCS,0.018002234650632998,False
2018-06-27,1540.2241481620863,1561.0503174789708,1532.9784700457324,1538.5679931640625,4081208.0,TCS,0.0032398474088624063,False
2018-06-28,1544.3637421815577,1549.3322046228925,1512.3171998683993,1525.8975830078125,4888125.0,TCS,-0.008235196762538477,False
2018-06-29,1527.7198338916187,1546.351573177046,1525.566853124256,1530.079833984375,3506276.0,TCS,0.002740846452039536,False
2018-07-02,1533.5994277824211,1538.4023173957703,1524.5733634172914,1533.0611572265625,2650290.0,TCS,0.0019484756128207437,False
2018-07-03,1540.1824269337917,1556.7026307190065,1537.7810834853544,1551.8583984375,3242233.0,TCS,0.012261246801754,False
2018-07-04,1556.7025915984111,1556.7025915984111,1537.863832356466,1545.3165283203125,2700614.0,TCS,-0.004215507113132344,False
2018-07-05,1550.988808652729,1562.995929702096,1541.9627457161284,1557.0338134765625,2472571.0,TCS,0.0075824499004006896,False
2018-07-06,1559.1456884432598,1590.736865037497,1558.1520358845162,1584.07080078125,3713781.0,TCS,0.017364418852483965,False
2018-07-09,1593.2208247415194,1593.5520758989464,1553.8871505340237,1559.2696533203125,6151747.0,TCS,-0.015656590253861014,False
2018-07-10,1571.6907743005108,1572.4360641151725,1549.1256670298633,1552.727783203125,5303302.0,TCS,-0.004195470682865632,False
2018-07-11,1573.3470922153988,1654.4986790770351,1568.5028595429433,1639.510498046875,22903802.0,TCS,0.0558904888432703,False
2018-07-12,1642.905619618536,1648.619374097048,1623.4458000313202,1632.430419921875,6921701.0,TCS,-0.0043184097530539756,False
2018-07-13,1635.4526549754144,1654.4156452169234,1634.624577681756,1640.50390625,4148185.0,TCS,0.00494568480812263,False
2018-07-16,1647.873805975947,1652.842269712558,1637.4813955600744,1647.2113037109375,2582159.0,TCS,0.004088620231493367,False
2018-07-17,1650.364335568703,1666.9592509590368,1643.7263694125695,1661.2755126953125,3315492.0,TCS,0.008538193583719433,False
2018-07-18,1663.6405117329084,1669.199768688601,1653.725088848738,1659.69921875,2013869.0,TCS,-0.0009488455907924465,False
2018-07-19,1661.2341705129106,1668.1625282050627,1634.5993485928,1644.0584716796875,1746318.0,TCS,-0.009423844328909414,False
2018-07-20,1646.962425009636,1659.4915660760448,1646.2156335474365,1656.67041015625,1934995.0,TCS,0.007671222583511383,False
2018-07-23,1660.3217146263744,1667.747900671107,1647.875524861559,1664.1800537109375,2086201.0,TCS,0.004532973794092898,False
2018-07-24,1671.9380442174213,1671.9380442174213,1646.3404026068467,1658.662109375,2038423.0,TCS,-0.003315713539309151,False
2018-07-25,1661.0683158897718,1661.151270221226,1633.271828600855,1644.1414794921875,1535492.0,TCS,-0.00875442309843566,False
2018-07-26,1638.7065552709646,1647.045541727644,1622.2361201111555,1630.20166015625,3503036.0,TCS,-0.008478479200125122,False
2018-07-27,1627.0068688069202,1630.159943046225,1609.9556550961677,1612.8182373046875,2033977.0,TCS,-0.010663357348008273,False
2018-07-30,1612.1962305721545,1621.9042167673035,1602.6956808451691,1613.5238037109375,1579251.0,TCS,0.00043747422364792676,False
2018-07-31,1611.3662635447906,1615.5149923386753,1599.7498229219136,1609.8726806640625,2204803.0,TCS,-0.0022628256481111997,False
2018-08-01,1617.962762474516,1644.182810464796,1617.8383816358955,1639.9925537109375,2425180.0,TCS,0.018709475232818296,False
2018-08-02,1642.896953273147,1647.0456829531292,1613.8558455132677,1616.677001953125,1509287.0,TCS,-0.014216864402862406,False
2018-08-03,1623.3978023951424,1644.5978499896564,1623.3978023951424,1642.4404296875,1505131.0,TCS,0.01593603898815288,False
2018-08-06,1657.002352489597,1658.620316274793,1636.4661440649008,1639.204345703125,1532249.0,TCS,-0.0019702900183665717,False
2018-08-07,1641.4032351031246,1642.1915544499063,1626.7167737585712,1632.4005126953125,1353521.0,TCS,-0.004150692392713262,False
2018-08-08,1636.25884323352,1641.4862826898195,1627.9613845964334,1637.9183349609375,1315062.0,TCS,0.003380189005524281,False
2018-08-09,1642.8967022435872,1643.5605394058905,1631.2802609145922,1638.2086181640625,2060297.0,TCS,0.00017722690864929724,False
2018-08-10,1643.6850468761036,1656.5876357183215,1636.3003896350533,1653.7664794921875,2784105.0,TCS,0.009496874302590719,False
2018-08-13,1657.666694194303,1663.0185156856826,1651.1946345089227,1659.6165771484375,3559575.0,TCS,0.003537438767078127,False
2018-08-14,1652.8535298854902,1679.9032210106898,1644.8879909627835,1662.4371337890625,3311765.0,TCS,0.0016995230581942078,False
2018-08-15,1652.8535298854902,1679.9032210106898,1644.8879909627835,1662.4371337890625,3311765.0,TCS,0.0,False
2018-08-16,1659.740923287814,1676.1284063827318,1655.343229081579,1666.5447998046875,2152065.0,TCS,0.002470869984877444,False
2018-08-17,1670.9836230090193,1677.663117469527,1662.8106468237645,1670.0709228515625,1213731.0,TCS,0.002115828537755604,False
2018-08-20,1679.40565072081,1679.40565072081,1662.5617689461749,1667.7476806640625,1587032.0,TCS,-0.0013911039080503063,False
2018-08-21,1667.913624933583,1679.405584590433,1662.810667746654,1674.13671875,1376866.0,TCS,0.0038309380729544262,False
2018-08-22,1667.913624933583,1679.405584590433,1662.810667746654,1674.13671875,1376866.0,TCS,0.0,False
2018-08-23,1678.4097883612449,1691.0218835825533,1676.3354239309424,1688.6156005859375,3046791.0,TCS,0.008648565958668142,False
2018-08-24,1688.6157638760928,1697.6600139242612,1685.2138261388927,1695.1707763671875,1570533.0,TCS,0.0038819822456783726,False
2018-08-27,1695.1706751252248,1708.4466079700626,1688.532708702806,1701.7255859375,1532702.0,TCS,0.0038667547020598825,False
2018-08-28,1705.1275626536572,1719.2332407875317,1702.6383253359145,1716.909912109375,1987983.0,TCS,0.008922899377757032,False
2018-08-29,1719.6488818606813,1723.0509220778538,1697.328690350106,1719.2340087890625,1525867.0,TCS,0.0013536509186042878,False
2018-08-30,1715.9141692781882,1730.019846685214,1713.8398049536256,1727.8624267578125,2408020.0,TCS,0.005018757146868724,False
2018-08-31,1727.779709246488,1735.8282029421391,1720.8927786338415,1724.5435791015625,2504554.0,TCS,-0.0019207823521445455,False
2018-09-03,1729.854145333788,1734.1687831309512,1699.6512756043155,1703.3851318359375,1439711.0,TCS,-0.012269012811290003,False
2018-09-04,1709.1108853073802,1746.4079282342382,1706.7460281304627,1741.5538330078125,4420803.0,TCS,0.022407558019915452,False
2018-09-05,1742.466249473969,1748.4819067638196,1721.764131453485,1725.2490234375,1681106.0,TCS,-0.009362219680658757,False
2018-09-06,1721.7224713011544,1727.115818801616,1709.5252490073483,1721.971435546875,2238097.0,TCS,-0.0018997766966385443,False
2018-09-07,1725.290547520044,1729.1903124121825,1713.7569589202878,1725.7469482421875,1312182.0,TCS,0.002192552453178953,False
2018-09-10,1729.522388191331,1736.9901017890045,1721.100547774944,1726.493896484375,1530539.0,TCS,0.00043282605421857134,False
2018-09-11,1733.3394402990418,1733.3394402990418,1694.507285946859,1697.8677978515625,3679745.0,TCS,-0.016580480644098006,False
2018-09-12,1702.9289710383594,1716.6611027538763,1692.6815287925172,1695.958984375,2307661.0,TCS,-0.0011242415216178303,False
2018-09-13,1702.9289710383594,1716.6611027538763,1692.6815287925172,1695.958984375,2307661.0,TCS,0.0,False
2018-09-14,1696.0005990630125,1718.8601388461414,1674.5516880652071,1713.757080078125,3642038.0,TCS,0.010494413996505969,False
2018-09-17,1717.5740914423009,1724.046150272819,1704.754557216764,1721.0174560546875,1033857.0,TCS,0.004236525736909913,False
2018-09-18,1720.0632173012496,1724.8757839427396,1707.2852117192351,1718.1962890625,1456507.0,TCS,-0.001639243682428848,False
2018-09-19,1719.1501874672674,1733.3389212271347,1714.9601333698815,1724.128662109375,1301268.0,TCS,0.0034526748105780936,False
2018-09-20,1719.1501874672674,1733.3389212271347,1714.9601333698815,1724.128662109375,1301268.0,TCS,0.0,False
2018-09-21,1723.3823030048634,1759.8911240603347,1701.103543671819,1745.080078125,4508530.0,TCS,0.012151886617320251,False
2018-09-24,1754.9126495818757,1834.1533862414824,1740.9313495706967,1824.1549072265625,3032226.0,TCS,0.045313008894425355,False
2018-09-25,1829.5064197735585,1835.314640330329,1787.1065312539254,1811.5009765625,2868778.0,TCS,-0.0069368728576354455,False
2018-09-26,1814.654372010997,1824.6113232977511,1771.5906387256607,1777.440185546875,1970951.0,TCS,-0.018802524236149587,False
2018-09-27,1777.2324808934125,1833.4892876898696,1772.171152964503,1816.189208984375,3311802.0,TCS,0.02180046549672099,False
2018-09-28,1807.186626433084,1817.143577542908,1791.2970729835315,1811.9161376953125,2904371.0,TCS,-0.0023527676895801486,False
2018-10-01,1817.890252081819,1888.4601829756648,1817.434053886326,1871.533447265625,3772208.0,TCS,0.03290290777262106,False
2018-10-02,1817.890252081819,1888.4601829756648,1817.434053886326,1871.533447265625,3772208.0,TCS,0.0,False
2018-10-03,1867.1772038602849,1871.0769690013608,1788.6003091360058,1794.615966796875,3902322.0,TCS,-0.04109864057258983,False
2018-10-04,1789.4302421392772,1789.4715673780684,1706.248208544166,1713.259521484375,4762419.0,TCS,-0.04533362391604556,False
2018-10-05,1700.9790008747796,1759.0612106607475,1676.8334167783655,1744.6650390625,3417624.0,TCS,0.018330858334244082,False
2018-10-08,1744.664505721425,1760.8860727248198,1699.4433704978053,1723.8380126953125,2010154.0,TCS,-0.01193755013190323,False
2018-10-09,1726.1618043547485,1748.8137032687812,1703.6340837096686,1735.662353515625,1867130.0,TCS,0.00685931087099334,False
2018-10-10,1742.466139316061,1747.403086195859,1683.5541888915654,1695.66845703125,2749573.0,TCS,-0.023042440485827487,False
2018-10-11,1647.045848733797,1670.278737280168,1610.537023875214,1642.8555908203125,4700256.0,TCS,-0.031145750215464507,False
2018-10-12,1641.237451728361,1641.237451728361,1579.0065068953847,1591.70166015625,9373289.0,TCS,-0.03113720460270053,False
2018-10-15,1609.707135192918,1622.6097251677793,1593.1122162734034,1617.5897216796875,2638151.0,TCS,0.016264393115539066,False
2018-10-16,1624.6423794671557,1636.1758670763047,1605.5582248564583,1628.2103271484375,2815425.0,TCS,0.0065656979185808595,False
2018-10-17,1634.599156820237,1650.3643263530212,1593.111868576069,1600.9114990234375,2779207.0,TCS,-0.01676615586440222,False
2018-10-18,1634.599156820237,1650.3643263530212,1593.111868576069,1600.9114990234375,2779207.0,TCS,0.0,False
2018-10-19,1600.5796284856428,1600.5796284856428,1551.6661546930422,1587.4696044921875,3428776.0,TCS,-0.008396400762596512,False
2018-10-22,1588.1336747538835,1589.793166577033,1565.6890073308523,1579.0064697265625,1778496.0,TCS,-0.005331210589277546,False
2018-10-23,1569.859999161766,1578.174935598004,1527.4538233369512,1532.9832763671875,2752811.0,TCS,-0.029146931467193382,False
2018-10-24,1539.96783422874,1558.219078998808,1505.918108821923,1537.0159912109375,2735913.0,TCS,0.0026306319879148,False
2018-10-25,1533.2742477886368,1560.6304084099488,1517.5174841613657,1540.7576904296875,2507233.0,TCS,0.0024343918606872794,False
2018-10-26,1541.50595177344,1541.50595177344,1489.288114907715,1495.9400634765625,2285970.0,TCS,-0.029088043649891704,False
2018-10-29,1503.922514705209,1561.5034496059145,1483.6756647550633,1555.724609375,2609483.0,TCS,0.039964532910161,False
2018-10-30,1552.3988373556792,1587.654192794481,1534.1059747837323,1575.514404296875,2404883.0,TCS,0.012720628575661141,False
2018-10-31,1579.837944993883,1616.3405367599323,1559.4247351569752,1611.5594482421875,2769190.0,TCS,0.022878270009469626,False
2018-11-01,1616.1325403800172,1616.7145452941402,1580.9188070591915,1609.563720703125,2769759.0,TCS,-0.0012383828230719818,False
2018-11-02,1608.2748542225731,1625.2373436853534,1583.9952820998456,1591.0213623046875,1818635.0,TCS,-0.011520114525405356,False
2018-11-05,1588.1527366029468,1602.579129904937,1567.157523723772,1572.2296142578125,1713366.0,TCS,-0.011811122397284546,False
2018-11-06,1574.8489468427265,1611.0189200146683,1572.3544659343163,1607.0277099609375,1398710.0,TCS,0.022132960343423935,False
2018-11-07,1613.0977663046972,1620.5812095504407,1610.6032852227827,1614.885498046875,144530.0,TCS,0.004889640693332309,False
2018-11-08,1613.0977663046972,1620.5812095504407,1610.6032852227827,1614.885498046875,144530.0,TCS,0.0,False
2018-11-09,1630.5589581338204,1631.3488364576808,1583.9953162901213,1587.487548828125,2570479.0,TCS,-0.01696587730330512,False
2018-11-12,1586.9059476550815,1618.170094832975,1586.9059476550815,1592.1859130859375,2552008.0,TCS,0.002959622745564827,False
2018-11-13,1592.3103022438177,1612.2661493737662,1582.3323786788433,1608.8985595703125,1418432.0,TCS,0.010496667723923547,False
2018-11-14,1600.6251328597386,1604.6994716798813,1554.8929862066034,1563.7484130859375,2422318.0,TCS,-0.02806276767158844,False
2018-11-15,1549.9042405852492,1579.0065197807878,1544.5826606607834,1557.262939453125,1829123.0,TCS,-0.004147389425651848,False
2018-11-16,1570.691405715435,1579.671577168925,1555.1009007619334,1568.69580078125,1829729.0,TCS,0.007341638356936686,False
2018-11-19,1579.0065094543618,1585.9494614311814,1550.1537191551836,1581.8751220703125,1740628.0,TCS,0.008401451245358738,False
2018-11-20,1581.5010272558816,1581.5010272558816,1558.3854616515475,1561.7530517578125,1190182.0,TCS,-0.012720391155886412,False
2018-11-21,1555.7243774953004,1555.765992771612,1495.4827125105703,1506.666259765625,3840461.0,TCS,-0.03527240873977178,False
2018-11-22,1513.3183660742127,1536.267569347509,1504.9618147162214,1507.123779296875,3194219.0,TCS,0.00030366348770649587,False
2018-11-23,1513.3183660742127,1536.267569347509,1504.9618147162214,1507.123779296875,3194219.0,TCS,0.0,False
2018-11-26,1512.486928438865,1546.578167617531,1483.8003979104756,1535.0203857421875,4333177.0,TCS,0.018509830996314758,False
2018-11-27,1541.5890711277443,1578.091658969686,1526.081695824085,1571.730712890625,3344839.0,TCS,0.023915204963670833,False
2018-11-28,1570.691687029665,1653.8410616739034,1565.2869776777895,1649.6004638671875,5313249.0,TCS,0.04954395198739192,False
2018-11-29,1660.4927155054168,1660.4927155054168,1615.2179296864265,1630.184814453125,4035441.0,TCS,-0.011769910253629612,False
2018-11-30,1634.7166635326037,1655.5040066599256,1629.602956823143,1636.5875244140625,5268901.0,TCS,0.003927597597629173,False
2018-12-03,1649.683152542137,1654.6721136889378,1636.6287448082778,1648.352783203125,1610576.0,TCS,0.0071888967828193095,False
2018-12-04,1648.852075073926,1679.1184673017972,1638.8741502625862,1672.0091552734375,3270615.0,TCS,0.014351522508636139,False
2018-12-05,1667.9762332888222,1677.9541569176686,1650.514866938341,1668.599853515625,2501539.0,TCS,-0.0020390449101667096,False
2018-12-06,1661.3240705607711,1677.122447608146,1646.0245693305471,1656.9171142578125,2321216.0,TCS,-0.007001522404066929,False
2018-12-07,1650.556514383363,1666.2301494222902,1640.5369752772126,1658.99609375,1680420.0,TCS,0.0012547275143082182,False
2018-12-10,1642.1999988384848,1672.1337709692116,1629.7275937840152,1642.865234375,2010786.0,TCS,-0.009723265434903872,False
2018-12-11,1638.0423748779297,1671.3021185302734,1630.5589325561525,1662.9871826171875,2942014.0,TCS,0.01224808208315542,False
2018-12-12,1663.9019097943942,1681.2801472445872,1650.4732671510317,1676.9564208984375,2219993.0,TCS,0.008400087762110875,False
2018-12-13,1682.9431444551872,1687.682617651055,1641.7842088570983,1648.519287109375,3748429.0,TCS,-0.01695758663413993,False
2018-12-14,1648.8521387565374,1662.1144237302178,1642.4080620669947,1654.4647216796875,2473761.0,TCS,0.003606530185483958,False
2018-12-17,1662.1559045903896,1667.0617377154829,1650.514992802363,1658.2479248046875,1227921.0,TCS,0.0022866629160633867,False
2018-12-18,1656.2521111422868,1664.650176146385,1643.363960427867,1652.884521484375,1768742.0,TCS,-0.003234379636533724,False
2018-12-19,1650.3489108832164,1650.3489108832164,1629.7694396319555,1636.75390625,2498833.0,TCS,-0.00975906968981044,False
2018-12-20,1624.572277961854,1642.1167730718555,1618.0865871151775,1624.7801513671875,1940277.0,TCS,-0.0073155499046559935,False
2018-12-21,1619.7498819411794,1621.4128694996405,1568.654629807742,1576.345947265625,3729956.0,TCS,-0.029809697060126594,False
2018-12-24,1584.6604096859205,1612.1828252220405,1583.9951742618134,1595.2203369140625,1864116.0,TCS,0.011973507262906136,False
2018-12-25,1584.6604096859205,1612.1828252220405,1583.9951742618134,1595.2203369140625,1864116.0,TCS,0.0,False
2018-12-26,1597.964314356199,1597.964314356199,1555.1007820751513,1570.8575439453125,2446614.0,TCS,-0.015272368590711127,False
2018-12-27,1587.3214004396182,1614.511202581288,1556.639264017834,1587.27978515625,4968201.0,TCS,0.01045431603536251,False
2018-12-28,1592.310229775846,1596.467697738707,1574.0173707392566,1576.553466796875,2239130.0,TCS,-0.0067576733854259885,False
2018-12-31,1586.489994432503,1587.3214881402766,1568.3218772177836,1574.0592041015625,1879740.0,TCS,-0.0015820983860319604,False
2019-01-01,1576.5118187128885,1588.1527287666754,1567.3653893849128,1582.166015625,1094883.0,TCS,0.0051502583272049485,False
2019-01-02,1583.9954174604018,1608.4828650723086,1579.837949173104,1599.2117919921875,2100463.0,TCS,0.010773696438204583,False
2019-01-03,1595.636135434797,1617.213352632615,1574.100432014411,1579.796142578125,2611668.0,TCS,-0.012140761787327592,False
2019-01-04,1579.837965861157,1580.8357176603718,1530.7798395528368,1560.5888671875,4280862.0,TCS,-0.012158072091048355,False
2019-01-07,1573.0197059800764,1587.155097835165,1564.0395340836271,1578.091796875,1856423.0,TCS,0.011215593072276597,False
2019-01-08,1584.3281558770575,1585.159649597839,1565.952164947928,1574.4749755859375,1691756.0,TCS,-0.00229189537403629,False
2019-01-09,1585.9912916984315,1595.636599461738,1552.1494331960828,1568.9871826171875,2414376.0,TCS,-0.0034854748750183795,False
2019-01-10,1571.5230080120214,1583.9954128375136,1556.639251286796,1570.3173828125,3053461.0,TCS,0.0008478081975746843,False
2019-01-11,1554.8929387968997,1559.0504065476937,1525.7906645413427,1532.0684814453125,9209862.0,TCS,-0.0243574335900697,False
2019-01-14,1538.2634502533435,1539.0949440102372,1505.0036999775955,1507.7060546875,3615370.0,TCS,-0.015901656520490248,False
2019-01-15,1505.0033520645488,1554.352474827966,1503.3403649351958,1553.063720703125,7711653.0,TCS,0.03008389193278549,False
2019-01-16,1554.8930779218042,1559.0505460445895,1535.7687245569905,1555.017822265625,2359280.0,TCS,0.0012582236880886999,False
2019-01-17,1564.891929208371,1581.557444961389,1559.3090221184043,1578.474365234375,2625816.0,TCS,0.015084420662506925,False
2019-01-18,1567.3917356475945,1586.723692975731,1563.2253567649586,1583.765625,1683728.0,TCS,0.003352135379683041,False
2019-01-21,1584.8907250990817,1609.889001520203,1579.4327273931715,1590.4736328125,2409803.0,TCS,0.0042354801156263555,False
2019-01-22,1589.140244412666,1598.4312898478308,1574.891248696677,1584.8072509765625,2457093.0,TCS,-0.00356270089552968,False
2019-01-23,1584.057439497713,1588.3071261195755,1558.225887354405,1562.8922119140625,2578169.0,TCS,-0.01382820469113577,False
2019-01-24,1570.5583764611172,1587.598827054897,1562.3922323726183,1584.5157470703125,1962927.0,TCS,0.013835589550841743,False
2019-01-25,1584.890647932272,1612.3887506566489,1584.0573720921393,1600.5562744140625,2327080.0,TCS,0.010123299420285337,False
2019-01-28,1610.7221315037564,1634.8871298553388,1604.472562964554,1629.05419921875,2769033.0,TCS,0.01780501270729773,False
2019-01-29,1634.887139246903,1657.4272905950693,1613.763617806703,1652.1776123046875,2557626.0,TCS,0.014194379227546072,False
2019-01-30,1649.5527972078128,1657.8022481908624,1628.7626061321723,1651.052734375,2429575.0,TCS,-0.00068084564353732,False
2019-01-31,1655.7192680969194,1683.0090547250895,1654.052716241764,1678.301025390625,4094319.0,TCS,0.01650358613526648,False
2019-02-01,1674.467850036231,1695.508065618921,1664.968484835447,1691.50830078125,3064163.0,TCS,0.007869431759151224,False
2019-02-04,1691.5081666560598,1712.756699520049,1685.7169405431691,1708.4237060546875,1590764.0,TCS,0.010000190519682928,False
2019-02-05,1708.2155070698743,1712.3818863554106,1689.8834382135149,1703.6741943359375,1111404.0,TCS,-0.0027800549137299013,False
2019-02-06,1708.13228823203,1738.921997328361,1700.7579181377248,1728.8809814453125,1789812.0,TCS,0.014795544355357348,False
2019-02-07,1728.8390103835666,1748.1709687520115,1722.3811227679637,1735.630126953125,1339945.0,TCS,0.0039037652563973513,False
2019-02-08,1729.0473543890716,1741.1298539739591,1709.0487343864993,1717.7147216796875,1684474.0,TCS,-0.010322133152233182,False
2019-02-11,1716.5483531763334,1746.5462855619394,1707.298909316172,1721.464599609375,1778730.0,TCS,0.0021830621129104166,False
2019-02-12,1724.881268836229,1724.881268836229,1681.5509181215025,1709.549072265625,2422903.0,TCS,-0.006921738237576247,False
2019-02-13,1724.881268836229,1724.881268836229,1681.5509181215025,1709.549072265625,2422903.0,TCS,0.0,False
2019-02-14,1716.590116503916,1729.0475509426835,1694.0916664434567,1703.7159423828125,1724085.0,TCS,-0.003412086834735928,False
2019-02-15,1707.382560802709,1709.8823888565926,1675.6763676319756,1691.30029296875,1930065.0,TCS,-0.007287394045687012,False
2019-02-18,1697.883123594733,1701.507853779218,1635.429129320228,1641.8037109375,2942184.0,TCS,-0.029265401441141092,False
2019-02-19,1641.5534215895004,1642.386697438023,1576.5579054047384,1587.223876953125,4408554.0,TCS,-0.03324382422866423,False
2019-02-20,1595.723089448994,1611.3887145131232,1567.6417368650436,1595.5147705078125,4645778.0,TCS,0.005223518669970506,False
2019-02-21,1595.5152272547264,1616.5554463372082,1580.7662826842125,1595.056884765625,4683919.0,TCS,-0.000286983079474612,False
2019-02-22,1597.5561712376468,1608.2221411512255,1587.473555359567,1604.597412109375,2271955.0,TCS,0.0059813085256528176,False
2019-02-25,1610.3060927729446,1658.2194694013765,1608.6395405423905,1654.1781005859375,2934880.0,TCS,0.030899145232563097,False
2019-02-26,1653.2194088628066,1704.1742512084531,1643.4284169000357,1698.799560546875,6453309.0,TCS,0.0269750034443883,False
2019-02-27,1699.8828348069237,1729.0057868041836,1684.8838686174506,1714.9652099609375,4732082.0,TCS,0.009515925121182933,False
2019-02-28,1716.5481681851936,1726.005930000999,1647.8862211141382,1652.7608642578125,8454295.0,TCS,-0.036271491305961745,False
2019-03-01,1662.4271237788612,1670.7181782905593,1650.1779070267787,1662.71875,4148548.0,TCS,0.006025000928769675,False
2019-03-04,1662.4271237788612,1670.7181782905593,1650.1779070267787,1662.71875,4148548.0,TCS,0.0,False
2019-03-05,1670.7181247799176,1672.384676525334,1647.0530696513558,1656.6357421875,2449622.0,TCS,-0.0036584706899468467,False
2019-03-06,1657.6358249319887,1679.050975344617,1654.094402279277,1666.218505859375,2635047.0,TCS,0.0057844723664004505,False
2019-03-07,1670.7184119351816,1686.592360725911,1666.718646371423,1677.6346435546875,2539884.0,TCS,0.006851524968163991,False
2019-03-08,1687.383860598802,1694.050068443143,1674.9264253769934,1685.46728515625,2031071.0,TCS,0.004668860190539581,False
2019-03-11,1690.6335697881243,1694.049980787922,1669.5933523681072,1678.8843994140625,3111689.0,TCS,-0.0039056739932968876,False
2019-03-12,1678.259470357586,1687.2171868338182,1669.0517304086682,1676.9261474609375,2658550.0,TCS,-0.0011664007085946393,False
2019-03-13,1677.3844550337024,1679.8009755857972,1648.7197425623024,1666.968505859375,1833163.0,TCS,-0.005938032284033223,False
2019-03-14,1670.6765439218766,1673.0514617094257,1650.7196259810876,1656.0526123046875,1905495.0,TCS,-0.006548350203569142,False
2019-03-15,1665.6350315247248,1724.0059407940644,1659.052132303529,1699.8409423828125,5184318.0,TCS,0.026441388246225994,False
2019-03-18,1702.3824230823682,1720.3812613529813,1675.71759805122,1685.55029296875,2349915.0,TCS,-0.00840705095267913,False
2019-03-19,1691.5498379134642,1691.5498379134642,1662.4684927702212,1685.55029296875,2373993.0,TCS,0.0,False
2019-03-20,1689.8835336387742,1703.8826095159814,1666.5518083222626,1679.0926513671875,3091165.0,TCS,-0.0038311770514949384,False
2019-03-21,1689.8835336387742,1703.8826095159814,1666.5518083222626,1679.0926513671875,3091165.0,TCS,0.0,False
2019-03-22,1679.0508746500743,1679.8841505183873,1652.6360703118603,1671.259765625,3148149.0,TCS,-0.004664951475911505,False
2019-03-25,1673.0511758227756,1673.0511758227756,1647.5528552136284,1653.427490234375,2429205.0,TCS,-0.010669960324184768,False
2019-03-26,1653.2193845425054,1662.3437149543693,1631.5959156386368,1652.094482421875,2316539.0,TCS,-0.0008062088119213939,False
2019-03-27,1661.552439585617,1664.8855437773636,1634.0543300037089,1639.803955078125,2266166.0,TCS,-0.007439361050182058,False
2019-03-28,1649.8860961899147,1678.717418739283,1643.886551072883,1666.8016357421875,4054489.0,TCS,0.016463968500903148,False
2019-03-29,1649.8860961899147,1678.717418739283,1643.886551072883,1666.8016357421875,4054489.0,TCS,0.0,False
2019-04-01,1674.8847255261087,1699.8413005251268,1673.426492556123,1692.9251708984375,2095740.0,TCS,0.015672851883552275,False
2019-04-02,1697.466072125449,1738.2132781358473,1697.3827648910456,1732.63037109375,3719663.0,TCS,0.023453606147423978,False
2019-04-03,1737.380002355341,1741.2131523202574,1714.9649652343137,1732.63037109375,2939886.0,TCS,0.0,False
2019-04-04,1731.6724581253916,1732.9640766276884,1672.718282159356,1678.634521484375,4397518.0,TCS,-0.031164090454728233,False
2019-04-05,1690.4251804331725,1711.8819332104272,1682.2174331348529,1706.799072265625,3152103.0,TCS,0.016778250667896843,False
2019-04-08,1715.715232877675,1729.0476484804155,1693.8000340433666,1725.5062255859375,2194294.0,TCS,0.010960372327529111,False
2019-04-09,1724.8807148633607,1748.2124346779376,1714.5896784991362,1742.796142578125,2690970.0,TCS,0.010020199716356482,False
2019-04-10,1735.713856537572,1737.797046475807,1696.54988569875,1700.09130859375,3313062.0,TCS,-0.024503631228608103,False
2019-04-11,1704.0493179778412,1712.3820774789554,1677.9261372854994,1682.80078125,3422442.0,TCS,-0.010170352178349829,False
2019-04-12,1698.2165077116686,1699.0497837213406,1672.384951411835,1678.634521484375,3198471.0,TCS,-0.002475789060740863,False
2019-04-15,1724.8810286692228,1766.3782071476933,1700.7160287506683,1760.9619140625,9189201.0,TCS,0.049044262776941405,False
2019-04-16,1766.5448673952712,1796.5010946244156,1762.8368304128016,1776.3775634765625,5771952.0,TCS,0.008754107224556051,False
2019-04-17,1766.5448673952712,1796.5010946244156,1762.8368304128016,1776.3775634765625,5771952.0,TCS,0.0,False
2019-04-18,1791.4596033620348,1795.7093914170102,1761.7116972866452,1791.584716796875,3413728.0,TCS,0.008560766378151285,False
2019-04-19,1791.4596033620348,1795.7093914170102,1761.7116972866452,1791.584716796875,3413728.0,TCS,0.0,False
2019-04-22,1789.8767078803053,1813.208434053792,1787.8769270114667,1801.084228515625,2007135.0,TCS,0.005302295576473659,False
2019-04-23,1802.375478201468,1804.4586676122408,1778.2521855120003,1795.7509765625,2163524.0,TCS,-0.0029611341150438397,False
2019-04-24,1798.2094283713452,1829.040637291521,1796.6262855040995,1819.416259765625,3003071.0,TCS,0.01317848828261603,False
2019-04-25,1812.3750100103216,1837.373286010464,1806.5837834242536,1829.04052734375,4211526.0,TCS,0.005289755726028744,False
2019-04-26,1835.7070748811689,1869.829687265304,1827.4992246969437,1865.330078125,2716958.0,TCS,0.01984075816731745,False
2019-04-29,1835.7070748811689,1869.829687265304,1827.4992246969437,1865.330078125,2716958.0,TCS,0.0,False
2019-04-30,1865.3297841692684,1888.994738069686,1858.28864358636,1883.4952392578125,3488395.0,TCS,0.009738309238583653,False
2019-05-01,1865.3297841692684,1888.994738069686,1858.28864358636,1883.4952392578125,3488395.0,TCS,0.0,False
2019-05-02,1879.0369886728176,1882.70332093466,1842.4562612657087,1846.0391845703125,2457699.0,TCS,-0.019886461036269676,False
2019-05-03,1820.7078114235824,1821.5827917914285,1770.7112582494797,1776.544189453125,3780886.0,TCS,-0.03764546045286865,False
2019-05-06,1758.2119009512191,1804.0420689854925,1756.961987277557,1798.084228515625,2891422.0,TCS,0.01212468521209753,False
2019-05-07,1799.9178297349144,1820.166476831263,1782.2107150767993,1793.168212890625,2201698.0,TCS,-0.002734029667263327,False
2019-05-08,1792.376449040913,1806.5421392471872,1775.2108842398875,1793.9180908203125,1824895.0,TCS,0.0004181860487471045,False
2019-05-09,1787.3767056439854,1819.9578728883607,1779.9606319229017,1810.33349609375,2264162.0,TCS,0.009150587954621203,False
2019-05-10,1812.374819063544,1826.5405073045004,1771.41939590619,1779.71044921875,2039633.0,TCS,-0.016915693678030586,False
2019-05-13,1777.3774821202474,1805.7088625197264,1767.9197193475868,1773.8360595703125,1701744.0,TCS,-0.0033007558341955345,False
2019-05-14,1779.043893445081,1799.709174674503,1726.8392441759574,1743.5047607421875,2456110.0,TCS,-0.01709926837064768,False
2019-05-15,1747.3798318093088,1769.8782845793858,1736.9638814527916,1746.0465087890625,2346876.0,TCS,0.0014578383174548293,False
2019-05-16,1746.545779304979,1769.877497730809,1730.7552462719286,1757.1700439453125,1946529.0,TCS,0.006370698088657756,False
2019-05-17,1760.3785708659243,1779.043867776198,1741.5464560432104,1746.0877685546875,1947908.0,TCS,-0.006306888413452727,False
2019-05-20,1770.7114143758686,1792.7098183375092,1708.2157173978967,1786.501953125,2625116.0,TCS,0.023145563068553532,False
2019-05-21,1789.918291004719,1790.4598389509972,1752.0042385434438,1758.0037841796875,1863157.0,TCS,-0.015951938309086477,False
2019-05-22,1758.2120397830477,1768.1696454821993,1729.0473850947033,1734.6719970703125,2595795.0,TCS,-0.013271750219958744,False
2019-05-23,1748.213014993126,1762.670434694774,1708.2157677482878,1711.590576171875,2541294.0,TCS,-0.013305928116335353,False
2019-05-24,1724.8810189962387,1724.8810189962387,1693.4248554855585,1706.5489501953125,2274208.0,TCS,-0.0029455794199559904,False
2019-05-27,1712.215311442668,1724.0060837186393,1699.9660950291504,1712.5068359375,2329820.0,TCS,0.0034911894800941923,False
2019-05-28,1716.5481947426913,1747.7960380935897,1704.049057402332,1728.0057373046875,5872979.0,TCS,0.009050417225752394,False
2019-05-29,1733.2137422133153,1769.6278556292502,1730.7973236588614,1756.1705322265625,3281320.0,TCS,0.016299017019356654,False
2019-05-30,1769.0447140877088,1797.0011608784669,1761.8784600606589,1788.4600830078125,4971725.0,TCS,0.01838634129699912,False
2019-05-31,1799.8757595390232,1837.3314667180605,1793.4178719758625,1830.33203125,4265370.0,TCS,0.023412291188388057,False
2019-06-03,1834.0402545124855,1872.912493843478,1821.2493880825627,1868.45458984375,3682419.0,TCS,0.02082822020424069,False
2019-06-04,1868.202649570375,1868.202649570375,1827.041709899085,1833.845947265625,2408658.0,TCS,-0.018522602993000348,False
2019-06-05,1868.202649570375,1868.202649570375,1827.041709899085,1833.845947265625,2408658.0,TCS,0.0,False
2019-06-06,1847.201727818099,1847.201727818099,1807.7208359547744,1819.565185546875,3735467.0,TCS,-0.0077873289956790215,False
2019-06-07,1826.2017651756048,1839.4741097293224,1799.4052343710573,1832.7119140625,2659446.0,TCS,0.007225203372790201,False
2019-06-10,1845.270219187124,1878.157095406105,1835.8620447376345,1874.5029296875,2080593.0,TCS,0.022802828586607315,False
2019-06-11,1879.122677085125,1901.7611502158388,1874.0825626182,1892.39501953125,3048937.0,TCS,0.009544978330192855,False
2019-06-12,1885.842390206904,1904.23872169075,1864.0018992735495,1899.1986083984373,2404448.0,TCS,0.003595226576358579,False
2019-06-13,1901.803780307456,1919.4441863968805,1884.2054162014808,1893.4876708984373,3320916.0,TCS,-0.00300702489710436,False
2019-06-14,1896.1328060567237,1901.046999028105,1876.602365148176,1893.82275390625,2131408.0,TCS,0.0001769660362529457,False
2019-06-17,1895.0831427364087,1900.123257477729,1882.8608234721487,1889.3709716796875,1489497.0,TCS,-0.0023506857848127893,False
2019-06-18,1885.0027454904732,1898.443050271154,1874.2504606493735,1890.7569580078125,1877447.0,TCS,0.0007335702458119986,False
2019-06-19,1894.243119196677,1911.883520750172,1884.2888105726597,1898.359130859375,1652817.0,TCS,0.004020703358708078,False
2019-06-20,1873.24272869904,1918.603763385025,1858.122383803711,1913.5216064453125,2199377.0,TCS,0.007987148132015287,False
2019-06-21,1919.443704528492,1925.743847978804,1883.3228820800343,1889.9171142578125,3871804.0,TCS,-0.012335628773666896,False
2019-06-24,1893.5293735681432,1915.2439539386949,1890.7154320363973,1911.4638671875,1382424.0,TCS,0.011400898360640177,False
2019-06-25,1906.8428735818168,1910.5809166126,1890.462505284528,1904.994873046875,1386077.0,TCS,-0.003384314112169662,False
2019-06-26,1902.643047055285,1904.1551222814185,1890.042761975449,1893.57080078125,1762224.0,TCS,-0.005996904467964859,False
2019-06-27,1894.2430643655275,1901.803236241044,1882.7348437493545,1892.18505859375,2813464.0,TCS,-0.000731814298640554,False
2019-06-28,1898.4432943594768,1900.081290698669,1866.942575979618,1870.890625,2372928.0,TCS,-0.01125388528835325,False
2019-07-01,1877.442399034928,1894.242778444636,1853.585942306244,1881.2645263671875,2769940.0,TCS,0.0055448999682636835,False
2019-07-02,1885.758583858387,1895.9228958604392,1861.8600841628315,1891.806884765625,1771746.0,TCS,0.005603868169882231,False
2019-07-03,1891.8910203801224,1897.435228603284,1874.9226751786664,1879.668701171875,1656881.0,TCS,-0.006416185336620028,False
2019-07-04,1876.60317754592,1891.723525440202,1873.3271842019628,1883.8692626953125,984140.0,TCS,0.002234735047095704,False
2019-07-05,1887.523184724073,1890.0432423805803,1797.6411283086409,1817.045654296875,4088470.0,TCS,-0.03547146806930268,False
2019-07-08,1805.201019523395,1838.6338202314507,1791.0047789739378,1827.37744140625,2788062.0,TCS,0.005686036058005994,False
2019-07-09,1826.2015035816291,1826.5374291848689,1767.8622187362987,1792.0548095703125,3977224.0,TCS,-0.01932968583039696,False
2019-07-10,1747.2397250922302,1787.4347209934526,1739.93159995095,1770.92822265625,6343581.0,TCS,-0.011789029443317167,False
2019-07-11,1787.560696675412,1788.40071579979,1752.321935424333,1766.1822509765625,2400346.0,TCS,-0.00267993452189097,False
2019-07-12,1765.804089658738,1780.6303435442785,1758.2439183687752,1770.4241943359375,1560725.0,TCS,0.0024017585710816025,False
2019-07-15,1785.0409632751368,1809.0655966257605,1762.3604428005822,1802.4293212890625,2900415.0,TCS,0.018077660176311516,False
2019-07-16,1790.051903068057,1795.5247804763085,1768.1603934350517,1773.2122802734375,2735399.0,TCS,-0.016209812318593197,False
2019-07-17,1774.896366297305,1789.2100466706702,1761.5089474669426,1782.6846923828125,1802969.0,TCS,0.0053419504335454615,False
2019-07-18,1781.8002707476232,1781.8002707476232,1734.480976482165,1739.49072265625,3072096.0,TCS,-0.02422973053570543,False
2019-07-19,1748.7948257161856,1765.6344484963126,1736.5860992005937,1748.752685546875,1953177.0,TCS,0.0053245256039546884,False
2019-07-22,1748.7949938383388,1782.8530930729946,1741.8907889471045,1776.49609375,1920167.0,TCS,0.015864683687075498,False
2019-07-23,1791.651757223437,1793.4200000115572,1770.1812360965382,1778.6431884765625,3538588.0,TCS,0.0012086121293011232,False
2019-07-24,1776.5802970323198,1785.6737349257007,1748.373927387494,1765.4661865234375,2413196.0,TCS,-0.007408457209684305,False
2019-07-25,1775.6545743399704,1797.630372120858,1761.888301150549,1791.6522216796875,2544464.0,TCS,0.01483236289436718,False
2019-07-26,1793.2511346546564,1793.2511346546564,1763.950155400097,1775.780029296875,1720592.0,TCS,-0.008858969497959945,False
2019-07-29,1777.253803285005,1803.5235733247137,1770.9389448349884,1793.4197998046875,1647090.0,TCS,0.009933533555277707,False
2019-07-30,1793.419690878059,1839.728650032188,1785.3787304943944,1834.802978515625,2851672.0,TCS,0.023075009384553757,False
2019-07-31,1828.5724969386956,1862.209601562586,1807.859679166749,1857.15771484375,3000677.0,TCS,0.012183725767771714,False
2019-08-01,1852.3587642512416,1867.093436239604,1823.9418968451148,1835.561279296875,2375236.0,TCS,-0.01162875687630649,False
2019-08-02,1829.625253614312,1860.7785598194337,1823.3103942484088,1856.8212890625,2500816.0,TCS,0.011582293658846776,False
2019-08-05,1852.2742834613491,1896.3520796929208,1848.653928899727,1893.2789306640625,3039682.0,TCS,0.01963443752843319,False
2019-08-06,1879.9756393500616,1896.0994968898704,1861.9992587455556,1864.904052734375,2885467.0,TCS,-0.014987161939067795,False
2019-08-07,1877.6175654410383,1884.7744036949616,1858.462498349656,1863.6827392578125,2165362.0,TCS,-0.0006548934647719884,False
2019-08-08,1876.6918165148156,1920.5591193076837,1868.2720045055755,1901.27783203125,2073298.0,TCS,0.020172474628599835,False
2019-08-09,1902.876797701029,1909.528364459448,1887.173936440272,1891.299560546875,1744550.0,TCS,-0.005248192198041179,False
2019-08-12,1902.876797701029,1909.528364459448,1887.173936440272,1891.299560546875,1744550.0,TCS,0.0,False
2019-08-13,1890.2474187604832,1891.2998950515523,1847.5590215070672,1851.8951416015625,1647281.0,TCS,-0.020834573098467035,False
2019-08-14,1836.4453561420175,1867.3881665663268,1824.9100487588696,1856.0633544921875,1945002.0,TCS,0.002250782345603053,False
2019-08-15,1836.4453561420175,1867.3881665663268,1824.9100487588696,1856.0633544921875,1945002.0,TCS,0.0,False
2019-08-16,1887.216003981709,1887.216003981709,1804.5756566261664,1822.9730224609373,3755507.0,TCS,-0.017828234123130837,False
2019-08-19,1835.5188795311053,1840.570766355503,1816.7426590547343,1821.2052001953125,974884.0,TCS,-0.0009697468058185166,False
2019-08-20,1828.7831698546645,1856.5685495071525,1824.1522732459168,1841.202392578125,1843611.0,TCS,0.010980197278520842,False
2019-08-21,1839.6865373117612,1854.0423559760684,1837.413229486274,1840.739013671875,1214408.0,TCS,-0.00025167190099140146,False
2019-08-22,1841.4128676872392,1882.3751704707363,1827.099187417151,1865.830322265625,2131601.0,TCS,0.013631105989163617,False
2019-08-23,1864.9463539220976,1902.7933705116204,1864.062232485216,1892.521240234375,2826425.0,TCS,0.01430511534207457,False
2019-08-26,1891.931837382591,1921.4011806440024,1873.408250189704,1916.6019287109373,2345475.0,TCS,0.012724131156160778,False
2019-08-27,1911.2973124117973,1915.3810034317644,1876.7760834210997,1883.0909423828125,3432106.0,TCS,-0.01748458343181547,False
2019-08-28,1886.0374916266603,1896.26747883198,1865.8299470735176,1885.406005859375,1294621.0,TCS,0.0012293954712740973,False
2019-08-29,1871.050174498108,1892.9416809358145,1871.050174498108,1880.5224609375,1670652.0,TCS,-0.002590182118174078,False
2019-08-30,1886.8795970577796,1907.929124021833,1867.5140322508496,1902.54052734375,2583625.0,TCS,0.011708483606876596,False
2019-09-02,1886.8795970577796,1907.929124021833,1867.5140322508496,1902.54052734375,2583625.0,TCS,0.0,False
2019-09-03,1911.297057192617,1933.3569204408088,1883.469541304834,1895.8046875,2545060.0,TCS,-0.003540444866714232,False
2019-09-04,1907.087386125149,1911.2972920547847,1880.1439881754775,1890.58447265625,2228092.0,TCS,-0.0027535615235944055,False
2019-09-05,1887.8901785282335,1897.530822017996,1858.5051172932067,1865.240966796875,2055943.0,TCS,-0.013405116896875624,False
2019-09-06,1865.8303140998291,1880.5649849016104,1846.128036509601,1850.253662109375,1890550.0,TCS,-0.008035050137911837,False
2019-09-09,1852.358842244351,1854.758571151085,1835.350861259748,1837.9189453125,1703945.0,TCS,-0.006666500409902132,False
2019-09-10,1852.358842244351,1854.758571151085,1835.350861259748,1837.9189453125,1703945.0,TCS,0.0,False
2019-09-11,1840.5709627482663,1848.148793793433,1807.354844445984,1813.6275634765625,2627440.0,TCS,-0.013216786245057843,False
2019-09-12,1814.4693640489445,1822.8891754830463,1785.2947996545026,1796.4510498046875,2118859.0,TCS,-0.009470805372492896,False
2019-09-13,1797.6295958808344,1816.953020447852,1781.2531050775558,1803.4813232421875,2291174.0,TCS,0.003913423323315346,False
2019-09-16,1818.637193041208,1829.9617987027837,1790.388683581962,1810.259521484375,2597948.0,TCS,0.0037583966935692548,False
2019-09-17,1814.4274812141405,1815.7747334593944,1772.875829230785,1787.2314453125,2796530.0,TCS,-0.012720870073365198,False
2019-09-18,1790.3884590403654,1804.3232868146565,1779.232209900146,1800.61865234375,1454663.0,TCS,0.0074904719622976845,False
2019-09-19,1797.6297643545504,1798.303390390323,1760.5825935669156,1769.80224609375,1652691.0,TCS,-0.01711434356735575,False
2019-09-20,1772.286186349705,1792.9147262233682,1731.9553681683738,1739.070068359375,6941979.0,TCS,-0.01736475236270385,False
2019-09-23,1767.3182877044228,1767.3182877044228,1662.9126337380826,1697.2655029296875,6323401.0,TCS,-0.024038459513667343,False
2019-09-24,1696.592077029372,1735.3232112940625,1694.9081146700375,1721.598876953125,4620978.0,TCS,0.014336810582336712,False
2019-09-25,1738.6913707985852,1761.4248657194385,1734.5236045087968,1758.435791015625,4002232.0,TCS,0.021396920360272187,False
2019-09-26,1766.3919669495767,1774.0540767482848,1737.0069104564363,1757.7197265625,4234281.0,TCS,-0.000407216718849579,False
2019-09-27,1755.5307409531476,1755.69909607493,1727.2400913922006,1731.239501953125,2046795.0,TCS,-0.015065100658090302,False
2019-09-30,1736.0390122944236,1771.528437503525,1734.481264856113,1767.5711669921875,2620039.0,TCS,0.02098592655613185,False
2019-10-01,1764.750409329146,1764.750409329146,1717.388968055578,1734.4390869140625,3342877.0,TCS,-0.018744410803274603,False
2019-10-02,1764.750409329146,1764.750409329146,1717.388968055578,1734.4390869140625,3342877.0,TCS,0.0,False
2019-10-03,1742.9008438893566,1752.288850751292,1722.8196155920275,1734.6915283203125,2317618.0,TCS,0.0001455464237138937,False
2019-10-04,1734.9862922808636,1758.014351436772,1730.2289758510915,1750.7734375,2163251.0,TCS,0.009270760199802996,False
2019-10-07,1751.320788055482,1763.529514702984,1718.4835232794414,1724.124755859375,2177916.0,TCS,-0.015221090901788914,False
2019-10-08,1751.320788055482,1763.529514702984,1718.4835232794414,1724.124755859375,2177916.0,TCS,0.0,False
2019-10-09,1734.4814259572331,1734.4814259572331,1697.013259231458,1700.8863525390625,2066920.0,TCS,-0.013478376922167357,False
2019-10-10,1707.5376805050578,1716.8416128252966,1681.5204438110056,1687.708984375,2881452.0,TCS,-0.007747353692615366,False
2019-10-11,1625.8653939553124,1679.7521807047374,1620.8135076975536,1672.8900146484375,12593069.0,TCS,-0.008780524286922775,False
2019-10-14,1679.752651782746,1711.5374450683594,1657.0191572473404,1701.6441650390625,3510704.0,TCS,0.017188308937732488,False
2019-10-15,1710.9055012947613,1723.5352171015631,1703.075036382188,1715.3680419921875,2261310.0,TCS,0.008065068617215898,False
2019-10-16,1715.95748953911,1731.1131494074632,1697.4339052555672,1723.0301513671875,3034082.0,TCS,0.00446674368848643,False
2019-10-17,1733.8779109317952,1754.539812551638,1721.222538226388,1748.4703369140625,3818774.0,TCS,0.014764794177680951,False
2019-10-18,1754.109288450589,1776.8372952802138,1743.347881772978,1771.198486328125,3087901.0,TCS,0.012998876180065011,False
2019-10-21,1754.109288450589,1776.8372952802138,1743.347881772978,1771.198486328125,3087901.0,TCS,0.0,False
2019-10-22,1790.6977395152462,1817.8164793204048,1756.3043321800435,1766.0755615234375,5552505.0,TCS,-0.002892349357924262,False
2019-10-23,1773.4797485119343,1794.0125956931925,1767.0229047673522,1782.175048828125,2348134.0,TCS,0.009115967433918737,False
2019-10-24,1794.1417469680596,1807.0554351660064,1774.599074198579,1792.419921875,2798671.0,TCS,0.005748522320302651,False
2019-10-25,1802.750555361196,1833.743401585171,1786.4363075105916,1829.395751953125,3954245.0,TCS,0.0206289997264959,False
2019-10-28,1802.750555361196,1833.743401585171,1786.4363075105916,1829.395751953125,3954245.0,TCS,0.0,False
2019-10-29,1826.4258376653177,1895.4709769534677,1826.4258376653177,1889.5738525390625,5064173.0,TCS,0.0328950695997241,False
2019-10-30,1915.5302147316888,1945.66215069376,1874.0773640459208,1939.463623046875,5195136.0,TCS,0.026402657107460703,False
2019-10-31,1937.0532451724232,1967.142096877356,1925.8613819780935,1953.9700927734373,4879261.0,TCS,0.007479629704924662,False
2019-11-01,1949.106014651766,1958.57605270882,1889.7030486575204,1894.7823486328125,4172620.0,TCS,-0.03029101845495219,False
2019-11-04,1900.0334092478884,1919.145619900464,1877.5635145802369,1888.7984619140625,2646411.0,TCS,-0.003158086586075526,False
2019-11-05,1891.425075547929,1903.4778525427728,1867.3195215582425,1895.6005859375,2693475.0,TCS,0.0036012968882579433,False
2019-11-06,1894.00718153844,1903.305077011819,1875.9280220783,1884.106689453125,2540719.0,TCS,-0.006063459026992457,False
2019-11-07,1897.8817775315783,1897.8817775315783,1872.656996968329,1881.3953857421875,1915598.0,TCS,-0.0014390393739988072,False
2019-11-08,1885.0541189359835,1885.0541189359835,1828.57817411762,1833.7005615234373,2788759.0,TCS,-0.025350771337166456,False
2019-11-11,1838.0482444290512,1841.49189453571,1800.168093255806,1808.734130859375,2983768.0,TCS,-0.013615325854140603,False
2019-11-12,1838.0482444290512,1841.49189453571,1800.168093255806,1808.734130859375,2983768.0,TCS,0.0,False
2019-11-13,1823.412604809792,1880.0606871659315,1823.412604809792,1875.583984375,3823365.0,TCS,0.03695946926365723,False
2019-11-14,1883.2461569912648,1894.0075636026436,1848.1208837749805,1891.252685546875,2995915.0,TCS,0.008354038690032928,False
2019-11-15,1890.56369118133,1903.907833810342,1867.103827527099,1872.010986328125,2724180.0,TCS,-0.010174049911890082,False
2019-11-18,1875.4113209656311,1883.4609352617936,1849.8853546537675,1853.199951171875,1611089.0,TCS,-0.010048570918457678,False
2019-11-19,1853.5447244011527,1854.96514603842,1812.220921906376,1815.492431640625,2975313.0,TCS,-0.020347248286622044,False
2019-11-20,1826.8128745338777,1838.0478224643643,1803.180873138928,1815.2767333984373,2894129.0,TCS,-0.00011880977217448851,False
2019-11-21,1818.247250896696,1830.8166578220275,1814.286969212353,1823.4989013671875,2052574.0,TCS,0.0045294294899913545,False
2019-11-22,1805.3337433769327,1813.9428694779197,1773.9104331083308,1783.5526123046875,3742049.0,TCS,-0.021906396012934204,False
2019-11-25,1786.0063233328444,1794.9597305347934,1766.7648421433605,1791.9896240234375,2737010.0,TCS,0.004730452951341668,False
2019-11-26,1799.178304258361,1806.10848263025,1752.0002511365442,1761.98681640625,6561580.0,TCS,-0.016742735122441288,False
2019-11-27,1766.5921252023163,1783.5520562973968,1761.9001949766969,1768.572265625,2907521.0,TCS,0.0037375133329213828,False
2019-11-28,1779.549063922955,1803.0948925543191,1773.4795893111457,1788.41650390625,2924429.0,TCS,0.011220484832287658,False
2019-11-29,1795.0026747562936,1795.0026747562936,1761.2549446825133,1767.668701171875,2064271.0,TCS,-0.011601214084670852,False
2019-12-02,1773.479890184135,1780.1088749213775,1735.599737189911,1739.9473876953125,3809860.0,TCS,-0.015682414616599027,False
2019-12-03,1745.6721430730377,1775.2014823180764,1730.434034655351,1765.7314453125,4664774.0,TCS,0.014818871995514904,False
2019-12-04,1767.453468218141,1792.4199322114807,1760.9966240819326,1789.40673828125,3334301.0,TCS,0.013408207137954653,False
2019-12-05,1793.280552651129,1830.9885583009836,1780.668269899672,1826.2535400390625,3902721.0,TCS,0.02059163015849852,False
2019-12-06,1828.5775571820864,1832.0212060656688,1808.7765761014896,1828.2332763671875,1829461.0,TCS,0.0010840424315250452,False
2019-12-09,1831.9787835075372,1831.9787835075372,1767.883887429302,1773.8671875,2244747.0,TCS,-0.02973695401454257,False
2019-12-10,1773.4797404881613,1774.2116001827223,1724.6229563751986,1732.8876953125,4520045.0,TCS,-0.023101781506683405,False
2019-12-11,1743.6924030215073,1763.1490067850384,1727.6363619950566,1757.8974609375,4943024.0,TCS,0.014432421496587411,False
2019-12-12,1765.8173644491435,1793.839892648666,1708.050063022445,1739.8177490234375,7137306.0,TCS,-0.010284850121133005,False
2019-12-13,1741.6260103915208,1788.4595669336036,1727.8514102104707,1783.1650390625,5711133.0,TCS,0.02491484528387722,False
2019-12-16,1804.4724987510288,1838.9089968187964,1790.9562152961707,1830.945556640625,5574177.0,TCS,0.026795342288252533,False
2019-12-17,1830.730235344599,1867.3190126792545,1824.2733922855416,1863.832275390625,6059673.0,TCS,0.017961603844922402,False
2019-12-18,1871.6237450310305,1896.9775757133143,1853.5445828205188,1866.2430419921875,8251081.0,TCS,0.0012934461074600723,False
2019-12-19,1876.6170289687757,1925.4307235863355,1866.0708512965496,1919.0169677734373,6251505.0,TCS,0.028278163451269656,False
2019-12-20,1911.2260936246223,1934.2124194706544,1901.1103699308885,1913.72265625,5548338.0,TCS,-0.002758866446908037,False
2019-12-23,1902.6167019452807,1930.1228153959355,1902.6167019452807,1921.2984619140625,2247329.0,TCS,0.003958674805526696,False
2019-12-24,1927.5828884161915,1931.5000819233603,1903.6063936940352,1907.4376220703125,1805896.0,TCS,-0.007214308509850831,False
2019-12-25,1927.5828884161915,1931.5000819233603,1903.6063936940352,1907.4376220703125,1805896.0,TCS,0.0,False
2019-12-26,1908.126300289099,1918.9738814041664,1889.874998097142,1895.6861572265625,1880367.0,TCS,-0.0061608645587031274,False
2019-12-27,1900.894855512281,1916.7355619013947,1873.3456547077556,1892.7161865234373,2720261.0,TCS,-0.0015666995783049087,False
2019-12-30,1900.0335794570287,1915.5300019446709,1874.2923839538064,1879.5438232421875,2288830.0,TCS,-0.00695950263174161,False
2019-12-31,1884.537128812672,1891.424427593165,1857.3753022103624,1861.0341796875,1909289.0,TCS,-0.009847944658591956,False
2020-01-01,1866.4582945973923,1880.146719234284,1854.40551963228,1866.114013671875,1354908.0,TCS,0.0027295758669128034,False
2020-01-02,1876.746366508135,1876.746366508135,1850.2733042531495,1857.5479736328125,2380752.0,TCS,-0.00459030904666291,False
2020-01-03,1863.0147774616476,1913.808618436803,1863.0147774616476,1894.567138671875,4655761.0,TCS,0.019929049243699426,False
2020-01-06,1898.3122137551104,1916.3482900304589,1883.5905247586184,1894.39501953125,3023209.0,TCS,-9.084879448806316e-05,False
2020-01-07,1894.4374922109864,1906.619317028584,1880.0602990193968,1899.04345703125,2429317.0,TCS,0.002453784692249883,False
2020-01-08,1898.311665683717,1945.6618432858047,1895.7720163763397,1941.572509765625,5197454.0,TCS,0.022394986579643783,False
2020-01-09,1935.976752575916,1938.7316302093247,1902.6163971952303,1906.3614501953125,3734173.0,TCS,-0.018135330714258546,False
2020-01-10,1918.113240527067,1923.2787160401565,1900.8949888167704,1905.673095703125,1915807.0,TCS,-0.00036108288494662855,False
2020-01-13,1909.3750470904288,1910.3219248169305,1880.8356689910945,1885.699951171875,2843893.0,TCS,-0.010480887081989576,False
2020-01-14,1889.702979004724,1919.662776699493,1889.702979004724,1899.94775390625,2948452.0,TCS,0.007555710401074389,False
2020-01-15,1905.1991729981269,1920.6955964567649,1889.0139775712544,1917.165771484375,2620681.0,TCS,0.009062363711173083,False
2020-01-16,1917.2089917823173,1936.192153869222,1906.921129755592,1927.410888671875,3117214.0,TCS,0.005343886971009182,False
2020-01-17,1929.0899682394968,1940.1096918977855,1905.1996428490488,1910.4512939453125,3281059.0,TCS,-0.008799158926744877,False
2020-01-20,1889.6166781001389,1930.337879575038,1856.2994078692968,1868.4814453125,5817599.0,TCS,-0.021968552020051657,False
2020-01-21,1868.136896622852,1882.4281271198668,1857.892122718015,1869.083984375,1902980.0,TCS,0.0003224752721049384,False
2020-01-22,1877.6502037400012,1902.6166667883556,1871.3655003152237,1899.94775390625,1773686.0,TCS,0.01651277833915543,False
2020-01-23,1906.7644021576968,1913.6241557817689,1884.243478995364,1890.499267578125,2069866.0,TCS,-0.004973024289062211,False
2020-01-24,1890.4991877273208,1890.4991877273208,1872.422158787352,1883.9844970703125,1319430.0,TCS,-0.00344605820247601,False
2020-01-27,1889.4207430501624,1892.6564958676413,1868.1079599578984,1871.775146484375,1549101.0,TCS,-0.006480600347255283,False
2020-01-28,1875.8736642279623,1887.7812760778884,1856.8905820692617,1884.28662109375,1743024.0,TCS,0.0066842829027164985,False
2020-01-29,1885.365115766797,1887.0476649278503,1855.1647592213333,1859.134033203125,2306761.0,TCS,-0.013348599734803068,False
2020-01-30,1863.793334288038,1868.107670710001,1833.5929793342968,1844.680908203125,2098567.0,TCS,-0.007774116734928782,False
2020-01-31,1846.018377689045,1850.2897397237984,1787.5161381966818,1793.9444580078125,3287223.0,TCS,-0.027504187835246885,False
2020-02-03,1856.8907722391496,1893.7351706155985,1806.154123504876,1814.1788330078125,4728073.0,TCS,0.011279265035033736,False
2020-02-04,1837.0445489604028,1843.688585281471,1800.4590583652694,1818.7086181640625,3509339.0,TCS,0.002496879069380231,False
2020-02-05,1824.9648415556892,1860.946375732172,1815.7322010379423,1852.1883544921875,2439322.0,TCS,0.018408521295688374,False
2020-02-06,1850.8506674679463,1876.046354701744,1825.3960778687367,1836.4840087890625,2640065.0,TCS,-0.008478805983763271,False
2020-02-07,1845.673186891241,1856.027594671837,1828.415840590248,1843.5592041015625,2083442.0,TCS,0.003852576596713897,False
2020-02-10,1847.31255301002,1869.833474227492,1828.4158430494028,1865.4759521484373,2383032.0,TCS,0.011888280017324337,False
2020-02-11,1866.3826122186413,1876.5644919949443,1853.0945354899127,1858.0989990234373,1335820.0,TCS,-0.003954461657093011,False
2020-02-12,1856.113713553242,1885.3648272958835,1855.1644753712355,1873.0689697265625,1620407.0,TCS,0.008056605547386297,False
2020-02-13,1874.967580768184,1895.719582830775,1873.285031554671,1891.362060546875,1645948.0,TCS,0.009766373324193722,False
2020-02-14,1887.9538649992403,1908.6626825312248,1873.2851192474184,1884.6749267578125,1500115.0,TCS,-0.0035356180228808265,False
2020-02-17,1895.6763204982733,1912.9768524325748,1889.8519660761176,1901.1124267578125,1774724.0,TCS,0.008721663225115028,False
2020-02-18,1898.2650904766824,1916.428491340404,1886.2713179064835,1911.8984375,2486223.0,TCS,0.005673525978987959,False
2020-02-19,1911.8982328748089,1924.1940919827705,1890.1108334028067,1895.15869140625,1760463.0,TCS,-0.008755562411379425,False
2020-02-20,1902.1908296887127,1910.7331310963316,1856.243149180242,1861.0321044921875,2317278.0,TCS,-0.018007245023233254,False
2020-02-21,1902.1908296887127,1910.7331310963316,1856.243149180242,1861.0321044921875,2317278.0,TCS,0.0,False
2020-02-24,1860.3420763914808,1880.1448406846944,1817.802672308403,1825.2666015625,3092877.0,TCS,-0.019218100989959352,False
2020-02-25,1825.396200004756,1878.160463473885,1821.5132962467687,1860.4716796875,2674567.0,TCS,0.019287636170443934,False
2020-02-26,1858.6160903793927,1867.1583920457244,1823.1953469890436,1832.385009765625,2686842.0,TCS,-0.015096531824979276,False
2020-02-27,1829.2354801258264,1829.2354801258264,1800.11370891603,1816.76708984375,2349001.0,TCS,-0.008523274223833921,False
2020-02-28,1784.40991627276,1785.7042174692829,1717.1062540535747,1725.8643798828125,4298076.0,TCS,-0.05003542307052444,False
2020-03-02,1755.935156590717,1772.2864516660843,1713.3957516968874,1726.8565673828125,2667076.0,TCS,0.0005748930863660462,False
2020-03-03,1742.9920500223311,1777.5067440821797,1736.0891112103618,1756.970458984375,2757585.0,TCS,0.01743855984935827,False
2020-03-04,1774.0553181510331,1807.232526496905,1747.306429599145,1797.5252685546875,3237002.0,TCS,0.023082237588533783,False
2020-03-05,1799.6824371579862,1853.2233997676983,1798.2587902573837,1833.6363525390625,3937056.0,TCS,0.020089333160479228,False
2020-03-06,1810.2955945561755,1832.4280565264744,1787.5159821111783,1826.2154541015625,2595027.0,TCS,-0.0040470938674531665,False
2020-03-09,1790.4495660867149,1794.6775314000809,1669.6481495796595,1701.876220703125,4940975.0,TCS,-0.06808574153678282,False
2020-03-10,1790.4495660867149,1794.6775314000809,1669.6481495796595,1701.876220703125,4940975.0,TCS,0.0,False
2020-03-11,1667.922864706702,1714.7766117295266,1656.7055872927408,1685.7841796875,6796449.0,TCS,-0.009455470862021143,False
2020-03-12,1642.8994275382656,1646.696064928506,1517.222777469569,1527.145751953125,8728786.0,TCS,-0.09410364010165428,False
2020-03-13,1456.4338918430894,1570.4186532461188,1299.52147769336,1558.597412109375,8029720.0,TCS,0.020595061156425398,False
2020-03-16,1514.3321939432717,1589.6173699669473,1446.0362223640063,1463.7681884765625,7844271.0,TCS,-0.06084266719298126,False
2020-03-17,1492.760735708497,1493.6236031857848,1400.5633668263586,1430.63427734375,5713248.0,TCS,-0.02263603717696383,False
2020-03-18,1446.8559589230956,1478.566332815072,1404.532274902428,1427.5277099609375,7258778.0,TCS,-0.002171461590156021,False
2020-03-19,1355.6472458548635,1464.9456022715356,1344.3915132205727,1422.269287109375,5135111.0,TCS,-0.003683587236079866,False
2020-03-20,1416.750178441545,1624.482259820397,1414.1426627757016,1562.29296875,8547498.0,TCS,0.09845089316750255,False
2020-03-23,1408.058307748793,1521.050641086659,1406.102671210253,1451.256103515625,7003490.0,TCS,-0.07107301092394747,False
2020-03-24,1436.784589054707,1538.434195885167,1419.227253780602,1480.330078125,6350865.0,TCS,0.020033662245377837,False
2020-03-25,1477.5920186117642,1573.200913933702,1460.2085830986846,1521.3114013671875,2765520.0,TCS,0.027683909046889665,False
2020-03-26,1591.9754177921252,1592.3666088531206,1497.192274625216,1556.6435546875,4556067.0,TCS,0.023224800187890526,False
2020-03-27,1581.8926819633805,1607.967836061678,1521.398345675345,1585.803955078125,4331250.0,TCS,0.018732869386067552,False
2020-03-30,1534.957495371143,1655.7723831721562,1532.8280667672004,1545.8221435546875,8513547.0,TCS,-0.025212329301743885,False
2020-03-31,1597.0165093691835,1612.3139139635912,1547.1260198680284,1587.19482421875,3927593.0,TCS,0.026764192010423793,False
2020-04-01,1587.020759949897,1594.7129089132225,1479.330356163131,1485.197265625,4941878.0,TCS,-0.06426278427662802,False
2020-04-02,1587.020759949897,1594.7129089132225,1479.330356163131,1485.197265625,4941878.0,TCS,0.0,False
2020-04-03,1512.3591745266067,1512.3591745266067,1434.1336999821272,1437.7841796875,5735369.0,TCS,-0.0319237632837599,False
2020-04-06,1512.3591745266067,1512.3591745266067,1434.1336999821272,1437.7841796875,5735369.0,TCS,0.0,False
2020-04-07,1486.2840116629686,1552.2106818374748,1481.9381519797437,1542.9539794921875,5427577.0,TCS,0.07314713939024275,False
2020-04-08,1529.7422168676562,1569.7241157176063,1478.461085734025,1482.328857421875,6285615.0,TCS,-0.03929159448440922,False
2020-04-09,1521.4418288619268,1546.082935794269,1504.710270678281,1535.087890625,5307397.0,TCS,0.035591989550068925,False
2020-04-10,1521.4418288619268,1546.082935794269,1504.710270678281,1535.087890625,5307397.0,TCS,0.0,False
2020-04-13,1530.6116269084391,1553.2100949945377,1517.5740491664594,1529.090576171875,2990438.0,TCS,-0.003906821550577977,False
2020-04-14,1530.6116269084391,1553.2100949945377,1517.5740491664594,1529.090576171875,2990438.0,TCS,0.0,False
2020-04-15,1551.4716245534707,1574.9392625719263,1501.755041265511,1508.1434326171875,4761399.0,TCS,-0.013699086163443175,False
2020-04-16,1486.2404470021163,1534.001506536226,1455.9064325918366,1491.54248046875,6245533.0,TCS,-0.01100754198135434,False
2020-04-17,1564.5093701909725,1609.6628065183957,1523.6582921915412,1569.898193359375,9895823.0,TCS,0.052533343110683584,False
2020-04-20,1590.5844393427717,1590.5844393427717,1566.6822141613911,1580.7193603515625,3244282.0,TCS,0.006892910023057919,False
2020-04-21,1534.0883578580394,1559.8158241125827,1501.668204512565,1510.3165283203125,5122541.0,TCS,-0.04453847646655762,False
2020-04-22,1510.316410899634,1555.8175337533555,1494.2367324781603,1537.99951171875,3829836.0,TCS,0.018329259383279783,False
2020-04-23,1547.1259569350625,1651.426583245291,1530.481294099705,1632.5220947265625,5934366.0,TCS,0.06145813590160465,False
2020-04-24,1599.884393550238,1609.662575711856,1571.2887279309816,1580.63232421875,2987102.0,TCS,-0.03178503413548206,False
2020-04-27,1592.5837913027303,1629.697390775283,1586.2387936879425,1596.3211669921875,3374741.0,TCS,0.009925675018187308,False
2020-04-28,1621.005636948894,1623.6131527187852,1592.844445414054,1615.8341064453125,2678505.0,TCS,0.012223692735899405,False
2020-04-29,1628.827851235196,1662.3344644677077,1608.0112303683482,1656.337158203125,4241510.0,TCS,0.025066342885233128,False
2020-04-30,1720.9603903050554,1766.1573298484209,1688.1056495046514,1750.9033203125,5915544.0,TCS,0.057093546227004355,False
2020-05-01,1720.9603903050554,1766.1573298484209,1688.1056495046514,1750.9033203125,5915544.0,TCS,0.0,False
2020-05-04,1708.7920495229428,1708.7920495229428,1663.2909192716863,1677.8929443359375,3729348.0,TCS,-0.041698690687005824,False
2020-05-05,1699.317567818841,1718.352449250582,1674.8938642922974,1679.8916015625,2905528.0,TCS,0.0011911708868610482,False
2020-05-06,1686.0196271842187,1698.1010312349426,1645.8638233369438,1654.5555419921875,3517431.0,TCS,-0.015081960971021546,False
2020-05-07,1660.1181042277117,1681.3693118653628,1636.9546550089185,1644.1688232421875,3166754.0,TCS,-0.006277648882970555,False
2020-05-08,1685.4109260318023,1685.758615953224,1639.4752200782516,1645.6898193359375,2686530.0,TCS,0.0009250851082012179,False
2020-05-11,1659.2492557388434,1696.102167709688,1659.2492557388434,1682.1085205078125,2449841.0,TCS,0.022129748111688885,False
2020-05-12,1680.4571577529246,1700.535009634131,1660.335804831893,1694.4508056640625,3256595.0,TCS,0.007337389357331192,False
2020-05-13,1733.1291826526608,1733.1291826526608,1673.7212903148547,1694.5814208984375,2656665.0,TCS,7.708411122853143e-05,False
2020-05-14,1660.1184249204523,1671.5045562483178,1643.6910538412735,1653.46923828125,2263146.0,TCS,-0.024260966224562086,False
2020-05-15,1665.3330954996882,1666.549957186142,1621.1791275631138,1645.2552490234375,3173682.0,TCS,-0.004967730313719554,False
2020-05-18,1657.510777617891,1697.4491831230816,1627.1766577408926,1691.060791015625,3727694.0,TCS,0.02784099428910869,False
2020-05-19,1654.03431318043,1709.183234046381,1654.03431318043,1693.7120361328125,3198693.0,TCS,0.0015678000053418462,False
2020-05-20,1694.885406305254,1706.0977463669851,1678.9795162060425,1698.014404296875,2778505.0,TCS,0.0025402005017842733,False
2020-05-21,1691.408659684856,1736.605602286918,1687.1931968352596,1730.6951904296875,3400908.0,TCS,0.01924647167309823,False
2020-05-22,1718.4395691128934,1766.1571228346922,1704.6632171060728,1756.03125,3663418.0,TCS,0.014639238446154224,False
2020-05-25,1718.4395691128934,1766.1571228346922,1704.6632171060728,1756.03125,3663418.0,TCS,0.0,False
2020-05-26,1751.381276474745,1759.203823119049,1673.1558100317045,1688.8009033203125,4575317.0,TCS,-0.038285393087217234,False
2020-05-27,1702.707499863947,1747.0352601973116,1687.2797009243936,1742.9501953125,3482160.0,TCS,0.032063751201059754,False
2020-05-28,1728.3482191243363,1750.5121012403388,1713.3985057841626,1742.0811767578125,3475681.0,TCS,-0.0004985905833825299,False
2020-05-29,1722.698441855855,1740.6468600608955,1705.662696446013,1714.3109130859375,7237735.0,TCS,-0.015940855134867093,False
2020-06-01,1729.652199432183,1790.494236598139,1721.9165477724923,1777.6739501953125,3747773.0,TCS,0.036961228342946795,False
2020-06-02,1790.6677015826758,1808.746517479492,1773.1539746764722,1779.3250732421875,2443886.0,TCS,0.0009288109592275884,False
2020-06-03,1788.6529893875977,1799.026454742051,1760.8884014919167,1783.68408203125,3699799.0,TCS,0.002449810242441952,False
2020-06-04,1784.2068502130678,1830.626302893584,1784.2068502130678,1823.26025390625,4048593.0,TCS,0.022187881965023193,False
2020-06-05,1823.303970568174,1828.8829372968924,1778.5843404517511,1785.5145263671875,3573289.0,TCS,-0.02070232565986896,False
2020-06-08,1811.66634665989,1826.267771563801,1797.588043001516,1806.0001220703125,2957841.0,TCS,0.011473217047864193,False
2020-06-09,1798.4595626765354,1826.7034245551224,1795.9750562823629,1806.261474609375,2909439.0,TCS,0.00014471346699740373,False
2020-06-10,1810.619968532428,1858.521307702282,1807.5252962104512,1838.253662109375,5168397.0,TCS,0.017711825197909814,False
2020-06-11,1830.626351531817,1834.9849857021304,1797.3264290354057,1802.4259033203125,2269513.0,TCS,-0.019490106032456156,False
2020-06-12,1753.216808991971,1786.3424257178842,1753.042506205565,1777.88671875,2842642.0,TCS,-0.013614531684829845,False
2020-06-15,1777.5382774282689,1794.8856637954275,1744.281875342671,1769.5184326171875,2399022.0,TCS,-0.004706872515868765,False
2020-06-16,1800.1156502514382,1807.9175617155925,1770.4769422085574,1783.3785400390625,2146528.0,TCS,0.00783270022306315,False
2020-06-17,1783.5530415703113,1794.7548161349644,1766.597997791723,1785.1221923828125,2703527.0,TCS,0.0009777241929309621,False
2020-06-18,1782.6811955955022,1795.0596728240969,1765.420963459673,1776.666259765625,1944389.0,TCS,-0.004736892887931887,False
2020-06-19,1780.0664169735887,1821.9093102227232,1771.3491475466858,1782.3328857421875,5681758.0,TCS,0.0031894712613667053,False
2020-06-22,1787.039854894063,1789.001240100654,1760.1471056771952,1767.8182373046875,3196138.0,TCS,-0.008143623760527685,False
2020-06-23,1766.9903325568769,1781.809689070674,1752.1709760430797,1774.2257080078125,4205944.0,TCS,0.0036245076376710816,False
2020-06-24,1773.0922395389948,1799.46197417324,1771.0000740211588,1780.2403564453125,2560937.0,TCS,0.0033900131253612464,False
2020-06-25,1773.9639381248037,1795.7571068978357,1751.5169742885805,1757.48828125,3043931.0,TCS,-0.012780338965431959,False
2020-06-26,1765.2467072098596,1858.5214714920596,1760.8444444616637,1847.058349609375,6300722.0,TCS,0.050964816843995564,False
2020-06-29,1837.6002480380116,1854.6861798761013,1823.0424518256489,1832.064697265625,3076341.0,TCS,-0.008117584561917579,False
2020-06-30,1830.626449993586,1840.999914747305,1808.8769068786892,1815.0660400390625,3071725.0,TCS,-0.009278415359421088,False
2020-07-01,1812.9300127553208,1842.7866528451,1812.755709976512,1823.6959228515625,2503466.0,TCS,0.004754583371695986,False
2020-07-02,1832.3700232217395,1887.2888203021248,1828.883115470604,1880.4456787109373,3758699.0,TCS,0.031117992395705896,False
2020-07-03,1886.1113694048863,1922.15735319874,1883.1475837857497,1917.4935302734373,4185208.0,TCS,0.019701633491426618,False
2020-07-06,1922.1575127234787,1978.7324945216917,1922.1575127234787,1972.8919677734373,5190366.0,TCS,0.02889106879651382,False
2020-07-07,1983.1786803671089,2007.325472723712,1945.8250978952303,1978.7327880859373,5630055.0,TCS,0.0029605373268826174,False
2020-07-08,1978.819861312187,1982.6553741516789,1924.424193425952,1934.2745361328125,2793358.0,TCS,-0.022468042284845335,False
2020-07-09,1943.0787981594451,1956.5905618972076,1909.996812734028,1921.5908203125,3443998.0,TCS,-0.006557350357137559,False
2020-07-10,1922.3759758731048,1961.2550853872049,1896.8779610020972,1937.2825927734373,9610320.0,TCS,0.008166032172439941,False
2020-07-13,1935.2335205078125,1956.983061878464,1926.516252397417,1935.2335205078125,2963503.0,TCS,-0.001057704370683088,False
2020-07-14,1926.5159217189785,1951.7959948999064,1887.28822195547,1893.3466796875,2976738.0,TCS,-0.021644334069472526,False
2020-07-15,1904.723226770028,1970.102742563049,1901.3235770783683,1947.3505859375,5569321.0,TCS,0.02852298885849769,False
2020-07-16,1960.543231817737,2038.300962491435,1939.662308564108,1952.461669921875,8582118.0,TCS,0.0026246347325868946,False
2020-07-17,1954.427207377368,1960.4555296254105,1913.4078681036297,1922.7562255859373,4509135.0,TCS,-0.01521435467520671,False
2020-07-20,1922.9744858716008,1945.6027691035847,1914.0629702602184,1929.0028076171875,2952646.0,TCS,0.0032487644289627138,False
2020-07-21,1948.3115010689828,1955.8687675351048,1923.1056817547967,1943.98681640625,2665286.0,TCS,0.007767748564125432,False
2020-07-22,1949.18535733432,1949.18535733432,1908.296979970666,1914.1943359375,2861534.0,TCS,-0.015325453967751645,False
2020-07-23,1914.1939438868144,1914.1939438868144,1889.7745694339571,1896.938720703125,2265766.0,TCS,-0.009014557670772638,False
2020-07-24,1882.3482429546743,1889.774541430012,1856.662072372267,1884.8818359375,3665100.0,TCS,-0.006355969559815766,False
2020-07-27,1891.5217927143476,1935.205898781653,1890.2112695323283,1928.041748046875,4248480.0,TCS,0.022897940489679636,False
2020-07-28,1935.206156793721,2026.942791765884,1935.206156793721,2017.987548828125,8092319.0,TCS,0.04665137612936343,False
2020-07-29,2002.4796221610025,2046.163732592089,1962.333967335098,1988.54443359375,6090431.0,TCS,-0.014590335431689416,False
2020-07-30,1997.1504418015036,2060.1430259214258,1985.2247627862423,1991.5589599609373,7098496.0,TCS,0.0015159461947447106,False
2020-07-31,2012.2212171350843,2039.873388718221,1972.29398040746,1993.2186279296875,4723290.0,TCS,0.0008333511596276821,False
2020-08-03,2001.12547506702,2012.8329452458784,1948.9229604152245,1969.4107666015625,4012337.0,TCS,-0.011944430477681123,False
2020-08-04,1974.4783150628905,1982.95299090078,1943.9868874364445,1965.5230712890625,2927928.0,TCS,-0.001974039838935515,False
2020-08-05,1974.5221683361224,2009.4694633509207,1968.4063917085327,1974.0853271484373,3800641.0,TCS,0.0043562225162583346,False
2020-08-06,1987.62729429876,2026.5061578575703,1979.196345162164,2016.5462646484373,4748047.0,TCS,0.021509170305892944,False
2020-08-07,2016.458243004444,2033.9318846249328,1998.11091930293,2005.40625,3165491.0,TCS,-0.005524304026012228,False
2020-08-10,2025.1957151545892,2031.311491688706,1988.5447827282624,1994.442138671875,2929353.0,TCS,-0.005467276931108045,False
2020-08-11,1994.616336883879,2019.9531190869595,1988.151174331891,1991.9078369140625,2774423.0,TCS,-0.0012706820161251242,False
2020-08-12,1999.2910616326228,2006.324033805933,1962.7710972777493,1972.2069091796875,3415751.0,TCS,-0.009890481562086939,False
2020-08-13,1985.8798225882904,2009.469244150052,1966.2219712868225,1969.6729736328125,2695682.0,TCS,-0.0012848223657876412,False
2020-08-14,1989.3741765704692,1993.13105232658,1951.0196170286945,1958.92626953125,2270405.0,TCS,-0.005456085474809358,False
2020-08-17,1977.1431732497097,1983.258949746726,1955.5195349209732,1968.7557373046875,2625630.0,TCS,0.0050177834287707945,False
2020-08-18,1976.9678691477225,1999.8582971671403,1964.2994788860692,1983.0399169921875,3493374.0,TCS,0.007255435205514971,False
2020-08-19,1988.806861799454,1996.0147410385653,1967.969452860392,1971.5516357421875,2843005.0,TCS,-0.0057932677761852736,False
2020-08-20,1971.900964804348,1988.9814965483235,1957.0920923766976,1968.2752685546875,2895164.0,TCS,-0.0016618216475302594,False
2020-08-21,1974.521904144788,1984.1324089879704,1957.9656680070264,1964.56201171875,1975294.0,TCS,-0.0018865536214678347,False
2020-08-24,1966.309572074656,1974.478374024152,1948.3116304370728,1964.1253662109373,2167966.0,TCS,-0.00022226099517763664,False
2020-08-25,1961.4171307115016,1965.7855430293448,1951.413509163918,1959.3638916015625,1663419.0,TCS,-0.0024242213309226823,False
2020-08-26,1958.795914254909,1974.434743682429,1936.4732865771464,1968.84326171875,2618149.0,TCS,0.004837983468930496,False
2020-08-27,1979.7643469542036,1998.417551783786,1958.5775484486253,1964.387451171875,3579393.0,TCS,-0.002263161640904454,False
2020-08-28,1981.8610293950635,1991.9521035643136,1952.7675767245555,1955.78173828125,2941136.0,TCS,-0.004380863299392024,False
2020-08-31,1957.048728402924,1988.6759910855876,1946.56453878648,1972.1197509765625,6018154.0,TCS,0.008353699380417856,False
2020-09-01,1982.3855020894357,1990.2486442308216,1958.184540603446,1962.5966796875,3610908.0,TCS,-0.004828850420643516,False
2020-09-02,1963.1643561785693,1982.1669484112724,1958.490070009978,1979.0216064453125,2084137.0,TCS,0.00836897714533369,False
2020-09-03,1981.511477953767,2030.4376872859589,1981.511477953767,2009.032470703125,4654146.0,TCS,0.015164495506301057,False
2020-09-04,1987.627466353064,2030.6563246905976,1977.0995507391403,1999.684326171875,5231303.0,TCS,-0.0046530579607697575,False
2020-09-07,1999.858883249051,2047.474570945457,1994.9226633313408,2033.1025390625,4620401.0,TCS,0.016711744175441856,False
2020-09-08,2040.8779591065888,2088.4936405622248,2033.102272593079,2051.58056640625,7453998.0,TCS,0.009088586034755819,False
2020-09-09,2031.311048269708,2061.016242093867,2026.9426374132136,2033.626220703125,3866535.0,TCS,-0.008751469962778757,False
2020-09-10,2040.04808821173,2051.842798785973,2030.6997306390776,2036.684326171875,2308813.0,TCS,0.0015037696886563978,False
2020-09-11,2036.5097093849656,2081.9849156454634,2035.8107208864608,2074.209228515625,4145424.0,TCS,0.018424505880241693,False
2020-09-14,2082.946192417084,2189.2295658140006,2080.9804071140484,2176.692138671875,7512131.0,TCS,0.04940818348860132,False
2020-09-15,2176.692138671875,2217.4058218241776,2153.277622147914,2176.692138671875,7318770.0,TCS,0.0,False
2020-09-16,2174.551624718757,2190.84592839479,2164.373310744429,2186.826904296875,3074003.0,TCS,0.004656039981466575,False
2020-09-17,2166.731331022036,2180.4918223380023,2141.045165886072,2150.087646484375,4828176.0,TCS,-0.016800258740328866,False
2020-09-18,2171.100414657407,2184.555036131934,2128.639371529087,2140.43408203125,4183256.0,TCS,-0.0044898469459649926,False
2020-09-21,2153.6267686776287,2188.486605495123,2142.399866327681,2153.888916015625,4598809.0,TCS,0.0062860305287264495,False
2020-09-22,2171.1003930422703,2232.258150592757,2147.510972272797,2204.256591796875,7499613.0,TCS,0.0233845280537599,False
2020-09-23,2192.942309909045,2201.548164852124,2104.700408195574,2155.76708984375,7502280.0,TCS,-0.021998120424626788,False
2020-09-24,2140.5212121015447,2140.5212121015447,2011.740551845017,2037.6451416015625,8424708.0,TCS,-0.05479346484074443,False
2020-09-25,2068.879567809722,2131.7846898039365,2054.988105356532,2116.320556640625,8228267.0,TCS,0.03861095017615512,False
2020-09-28,2131.7848346644864,2135.2795639016417,2067.132343777121,2119.8154296875,4347166.0,TCS,0.001651391154288362,False
2020-09-29,2127.285287468467,2193.859831498828,2119.8152616559064,2174.07080078125,6995811.0,TCS,0.025594384460984942,False
2020-09-30,2174.5955650905657,2188.574483950127,2149.25877465761,2177.478759765625,3917166.0,TCS,0.0015675473784710903,False
2020-10-01,2192.94261899443,2219.1530885441643,2177.4784846203565,2204.693603515625,2610337.0,TCS,0.012498327998813341,False
2020-10-02,2192.94261899443,2219.1530885441643,2177.4784846203565,2204.693603515625,2610337.0,TCS,0.0,False
2020-10-05,2289.0473038919126,2383.4924325524057,2274.238433651042,2364.00927734375,17412105.0,TCS,0.07226204746731191,False
2020-10-06,2390.3946533177104,2390.3946533177104,2315.345432819533,2371.435791015625,9846367.0,TCS,0.003141490916744427,False
2020-10-07,2395.6366501758675,2420.099752365847,2361.56304355411,2390.350830078125,9656101.0,TCS,0.007976197008648045,False
2020-10-08,2446.31032462487,2520.5733166224118,2446.31032462487,2468.763916015625,19839329.0,TCS,0.03280400724061794,False
2020-10-09,2455.047191668902,2472.38987014055,2428.836723430444,2457.62451171875,7739245.0,TCS,-0.004512138331498772,False
2020-10-12,2459.852116518054,2493.488879610203,2446.965304684049,2472.5205078125,4623203.0,TCS,0.006061135874386503,False
2020-10-13,2485.626478022248,2494.2758486357666,2456.9696520652674,2469.507080078125,4209878.0,TCS,-0.0012187675389763175,False
2020-10-14,2493.591484344709,2493.591484344709,2445.816700894613,2465.16357421875,4395936.0,TCS,-0.0017588553984779765,False
2020-10-15,2466.3911962747666,2481.087764235493,2392.6890047105258,2404.621826171875,6629355.0,TCS,-0.024558917176951134,False
2020-10-16,2412.9575746909877,2431.865528077168,2396.462276842358,2424.539306640625,5273773.0,TCS,0.008282999119432644,False
2020-10-19,2433.927831688607,2433.927831688607,2374.790665802685,2379.1337890625,3331194.0,TCS,-0.018727482558753672,False
2020-10-20,2390.934318328,2421.555740060098,2384.748555506329,2403.218017578125,3406273.0,TCS,0.010123108093519795,False
2020-10-21,2403.218470278337,2411.9925428240776,2336.579432135589,2347.415283203125,4570143.0,TCS,-0.02322000499614929,False
2020-10-22,2334.7806814349287,2357.2860916088785,2314.6881411873023,2343.686279296875,5262294.0,TCS,-0.0015885573945662035,False
2020-10-23,2358.2951318156306,2370.754271302309,2342.7650671070573,2357.417724609375,3499091.0,TCS,0.005858909289096381,False
2020-10-26,2360.1814586962864,2377.7296027252714,2343.115931470247,2358.64599609375,2672752.0,TCS,0.0005210241153075224,False
2020-10-27,2368.780528787737,2384.9247385862263,2302.404747446292,2307.712890625,3537502.0,TCS,-0.021594213609461677,False
2020-10-28,2325.128776221585,2330.3493055373738,2286.522864465453,2300.73681640625,3569445.0,TCS,-0.003022938532384223,False
2020-10-29,2288.2777619611893,2329.5158964750603,2281.4778568019874,2309.90576171875,3105968.0,TCS,0.003985221276556983,False
2020-10-30,2312.932751082138,2346.493569886989,2300.21034918226,2338.158203125,3427003.0,TCS,0.012230993088318876,False
2020-11-02,2333.9026973198147,2338.158207095073,2281.3021887693526,2285.29443359375,2571196.0,TCS,-0.02260914999703456,False
2020-11-03,2284.7691308219555,2338.2909883412103,2282.1808215381875,2310.740478515625,2879269.0,TCS,0.011134689932211339,False
2020-11-04,2290.033507856872,2388.1716195388167,2290.033507856872,2327.8935546875,4893928.0,TCS,0.007423194569601277,False
2020-11-05,2355.838494478542,2377.7736759913773,2340.0451637893,2356.45263671875,2816502.0,TCS,0.012268207871336312,False
2020-11-06,2368.1218412736484,2380.6248928624404,2352.5917779318206,2375.535888671875,3884421.0,TCS,0.008098296420545825,False
2020-11-09,2396.287689186211,2407.606160158608,2364.701019446521,2392.33935546875,3646592.0,TCS,0.007073547857982199,False
2020-11-10,2366.5422795638965,2380.5368793297844,2314.907002605524,2324.77783203125,4760020.0,TCS,-0.028240777497999248,False
2020-11-11,2340.878789372164,2362.6824467053125,2319.3383970741124,2358.29541015625,3242441.0,TCS,0.014417540318557798,False
2020-11-12,2356.715828105187,2380.405823398873,2335.438702702525,2343.5986328125,2437505.0,TCS,-0.006231949263208025,False
2020-11-13,2330.174170692871,2338.2023608861377,2312.84537849813,2331.139404296875,2548093.0,TCS,-0.005316280843137733,False
2020-11-16,2330.174170692871,2338.2023608861377,2312.84537849813,2331.139404296875,2548093.0,TCS,0.0,False
2020-11-17,2364.6125672736275,2364.6125672736275,2325.1731537525325,2339.211669921875,2827273.0,TCS,0.003462798325196914,False
2020-11-18,2334.7811200883966,2337.588780960737,2287.4450331189173,2304.64208984375,2893762.0,TCS,-0.014778303529615844,False
2020-11-19,2313.722836171811,2348.0732431064457,2308.326867460032,2313.635009765625,4167501.0,TCS,0.00390208959625693,False
2020-11-20,2329.515927026801,2347.9414767320977,2305.4311441827363,2334.122314453125,2711471.0,TCS,0.008855028818731236,False
2020-11-23,2360.22565521187,2395.3219474826788,2338.2904725426147,2390.27685546875,3706418.0,TCS,0.02405809698485384,False
2020-11-24,2399.182286502763,2406.728074498653,2373.3865991683765,2388.346435546875,3120516.0,TCS,-0.0008076135270516094,False
2020-11-25,2394.444520212119,2397.9102362028125,2358.6462595522107,2370.140380859375,3302249.0,TCS,-0.007622870123249581,False
2020-11-26,2356.716083649255,2396.155500211432,2351.4516396798226,2387.074462890625,2341099.0,TCS,0.007144759090223163,False
2020-11-27,2373.386154014916,2384.5291811010507,2341.843412296306,2351.143798828125,6086808.0,TCS,-0.015052175632170983,False
2020-11-30,2373.386154014916,2384.5291811010507,2341.843412296306,2351.143798828125,6086808.0,TCS,0.0,False
2020-12-01,2350.57405027302,2400.4984376982857,2302.7114413829427,2392.51416015625,3605017.0,TCS,0.017595844775102787,False
2020-12-02,2385.670505303736,2416.993903814778,2371.149371302045,2412.475341796875,2509032.0,TCS,0.008343182236096425,False
2020-12-03,2433.8396197394422,2433.8396197394422,2369.7012852836265,2377.290771484375,2852548.0,TCS,-0.014584426917414017,False
2020-12-04,2378.476276047453,2403.087599080485,2368.1228247827503,2393.1728515625,2686527.0,TCS,0.006680747794350905,False
2020-12-07,2382.1607783357003,2407.605589596008,2374.3956381805774,2402.077880859375,1996400.0,TCS,0.0037210138377847812,False
2020-12-08,2404.096338012877,2461.6104374085926,2397.4718691298426,2454.371826171875,4277818.0,TCS,0.02177029551339582,False
2020-12-09,2469.901620658389,2491.8368037903465,2450.7301849167493,2466.216552734375,3659996.0,TCS,0.004825970717311501,False
2020-12-10,2472.5339169395784,2480.6938481520456,2439.4117894149263,2442.96533203125,2127801.0,TCS,-0.009427890943861206,False
2020-12-11,2450.3355971534,2463.496708121257,2425.636664588039,2442.351318359375,1795408.0,TCS,-0.0002513394945987679,False
2020-12-14,2458.495061905187,2460.2498763676463,2418.353681076436,2454.72216796875,2483658.0,TCS,0.0050651392845828536,False
2020-12-15,2444.4562232364087,2452.0896222974075,2417.2566026619907,2423.003662109375,2365509.0,TCS,-0.012921423969386225,False
2020-12-16,2438.314770247809,2474.113029220264,2422.038822767984,2469.199462890625,2565149.0,TCS,0.019065510095446436,False
2020-12-17,2466.3916470047525,2503.856891721161,2461.127203788093,2490.257080078125,2863460.0,TCS,0.00852811508506024,False
2020-12-18,2516.40405793975,2542.7262761190364,2497.2765365539835,2510.26220703125,6076692.0,TCS,0.008033358127224943,False
2020-12-21,2510.26258837291,2532.636477224189,2443.57962552204,2474.42041015625,2705195.0,TCS,-0.014278108786646704,False
2020-12-22,2486.571875339969,2530.135054867614,2473.103589836881,2520.35205078125,2881737.0,TCS,0.018562585580232716,False
2020-12-23,2523.467271809338,2561.151871961619,2514.1666688784435,2552.158447265625,2790988.0,TCS,0.012619822883281673,False
2020-12-24,2552.3776362378235,2563.213701230318,2529.740486824709,2552.684814453125,1807144.0,TCS,0.00020624392974655237,False
2020-12-25,2552.3776362378235,2563.213701230318,2529.740486824709,2552.684814453125,1807144.0,TCS,0.0,False
2020-12-28,2553.2552395560165,2588.0882664768783,2546.235981165484,2570.27685546875,2108994.0,TCS,0.0068915836831950905,False
2020-12-29,2562.0289239784165,2590.1059532822896,2562.0289239784165,2571.24169921875,1994151.0,TCS,0.0003753851449688206,False
2020-12-30,2574.6639080930568,2586.333468082579,2546.2359971176083,2552.64111328125,2637968.0,TCS,-0.007234086917286553,False
2020-12-31,2544.4807801993275,2548.867816027257,2496.2233860920987,2511.79736328125,4040956.0,TCS,-0.016000584566115528,False
2021-01-01,2526.9329217536074,2579.577357623474,2526.0555144891096,2569.267822265625,2681440.0,TCS,0.022880213119301773,False
2021-01-04,2588.3514127818057,2676.750194082744,2580.4108342495947,2666.83544921875,5113293.0,TCS,0.03797487599680749,False
2021-01-05,2666.9670963421863,2732.465460238625,2666.9670963421863,2713.820556640625,5801309.0,TCS,0.017618300160078926,False
2021-01-06,2719.96245442815,2731.807452213563,2664.8612367027454,2677.408203125,3726716.0,TCS,-0.013417376998831165,False
2021-01-07,2698.027275276198,2703.160193337854,2632.4410837877763,2661.000732421875,3717827.0,TCS,-0.0061281169916393985,False
2021-01-08,2711.188493715896,2744.5299703376445,2684.866275330304,2738.30029296875,5879039.0,TCS,0.029049056471518453,False
2021-01-11,2834.02548540863,2834.02548540863,2760.8058914838007,2787.040283203125,9508039.0,TCS,0.017799359098608303,False
2021-01-12,2787.0399534098296,2816.4770067115314,2763.83257667954,2785.63623046875,3611458.0,TCS,-0.0005037791318758256,False
2021-01-13,2785.768221243909,2787.523035871465,2742.994614697251,2771.685791015625,3572801.0,TCS,-0.005007990383144034,False
2021-01-14,2773.4878549669324,2871.504937638506,2743.071705797272,2857.615478515625,6931542.0,TCS,0.03100267994970407,False
2021-01-15,2843.814160767429,2878.0981645602974,2821.83723525918,2842.36376953125,4131692.0,TCS,-0.005337215275827645,False
2021-01-18,2857.0004307271865,2862.9342008525427,2801.970121198734,2832.16650390625,4160906.0,TCS,-0.003587600480385311,False
2021-01-19,2842.0556186449558,2882.4931560584005,2841.176541744663,2866.406005859375,2975735.0,TCS,0.012089508828630136,False
2021-01-20,2874.5819530880785,2925.5244252045945,2872.032715490812,2908.690185546875,3453446.0,TCS,0.01475163657941847,False
2021-01-21,2905.349964093129,2908.9980483973363,2867.6376404217185,2877.966796875,2778546.0,TCS,-0.010562619843301979,False
2021-01-22,2849.879517446125,2922.930898840445,2849.879517446125,2903.67919921875,3052459.0,TCS,0.008934224804702184,False
2021-01-25,2908.8220208853404,2935.941634277251,2882.1859428044563,2893.306396484375,2272887.0,TCS,-0.0035722963945762354,False
2021-01-26,2908.8220208853404,2935.941634277251,2882.1859428044563,2893.306396484375,2272887.0,TCS,0.0,False
2021-01-27,2900.9533765941983,2906.6233789065977,2836.7807715968115,2866.71337890625,2786662.0,TCS,-0.00919122067764333,False
2021-01-28,2839.418508372636,2878.976970563586,2798.8051967802726,2810.013427734375,3083938.0,TCS,-0.019778730440609293,False
2021-01-29,2821.881568548507,2827.859335923293,2725.1390880007907,2735.11669921875,5445659.0,TCS,-0.026653512675920532,False
2021-02-01,2725.138220754725,2782.2782157060337,2675.9979109439478,2759.72998046875,3985846.0,TCS,0.008998987596043229,False
2021-02-02,2790.190085594213,2834.1439306728867,2769.0922399564497,2816.078857421875,2881837.0,TCS,0.020418257348334468,False
2021-02-03,2824.4740908669564,2844.6928596468942,2780.2124829296085,2813.090087890625,2505866.0,TCS,-0.0010613230958973485,False
2021-02-04,2827.155677875,2846.319599731516,2791.948600489851,2802.89306640625,2057261.0,TCS,-0.0036248471132401816,False
2021-02-05,2812.122962890101,2818.188722177429,2750.631577608687,2776.080810546875,2366135.0,TCS,-0.009565921790142595,False
2021-02-08,2803.81578443039,2835.902091416347,2773.619406940088,2825.441162109375,2526592.0,TCS,0.017780588870097036,False
2021-02-09,2808.6513718030747,2853.308531999875,2781.399981341136,2792.739990234375,2658751.0,TCS,-0.011573828651447293,False
2021-02-10,2799.860116229869,2830.1002777917115,2775.509727373465,2824.738037109375,2127983.0,TCS,0.011457581796690874,False
2021-02-11,2826.2324936093946,2830.0125675509667,2799.904180954972,2818.32080078125,1165882.0,TCS,-0.0022717987451650323,False
2021-02-12,2799.156259317644,2853.043709228122,2797.222333311935,2804.958251953125,2777404.0,TCS,-0.0047413157595191935,False
2021-02-15,2820.9577592450128,2820.9577592450128,2752.873296573948,2760.169677734375,2630853.0,TCS,-0.01596764379204685,False
2021-02-16,2769.092687129255,2784.6083111002467,2725.1388349526,2732.874755859375,3435770.0,TCS,-0.009888856505881338,False
2021-02-17,2729.621670734736,2754.016053840151,2677.2726002821423,2701.4912109375,3678426.0,TCS,-0.011483711375571692,False
2021-02-18,2694.3710936582934,2723.2926420625936,2664.482474674808,2687.646240234375,4189909.0,TCS,-0.005124936422917448,False
2021-02-19,2688.2175197249344,2713.8425289396955,2651.428060692321,2700.392822265625,3725028.0,TCS,0.004742656172688209,False
2021-02-22,2721.6216407402294,2721.6216407402294,2587.254672532701,2600.70458984375,5366696.0,TCS,-0.036916196636249676,False
2021-02-23,2610.858896268413,2661.8453662965508,2609.100742129512,2619.825439453125,3832829.0,TCS,0.00735218051448272,False
2021-02-24,2612.616541472933,2640.175688079094,2567.915395351724,2591.606689453125,3774549.0,TCS,-0.010771232913094564,False
2021-02-25,2614.374739918471,2663.515053520155,2609.4958201264185,2633.09912109375,4224073.0,TCS,0.016010311985026116,False
2021-02-26,2602.068063297566,2612.924750692814,2531.741899424658,2544.312744140625,5553153.0,TCS,-0.03371934472267202,False
2021-03-01,2572.1795496447803,2606.4635559455824,2550.9059271202764,2570.59716796875,3265871.0,TCS,0.010330657616150374,False
2021-03-02,2602.067927506961,2659.2079326718103,2591.519003476528,2642.813232421875,3306469.0,TCS,0.02809310822908473,False
2021-03-03,2667.9984862818847,2693.4917172875435,2634.50556935468,2689.184326171875,3509857.0,TCS,0.01754611078116386,False
2021-03-04,2657.449829088751,2708.8318379382204,2651.340286728885,2680.921142578125,3916760.0,TCS,-0.003072747194504455,False
2021-03-05,2651.383985179007,2692.788379354336,2634.2419852330613,2644.307373046875,3203686.0,TCS,-0.013657160201303142,False
2021-03-08,2651.296266047723,2666.2405752396367,2633.7147258219425,2643.340576171875,2003125.0,TCS,-0.00036561440808824397,False
2021-03-09,2643.340870863011,2696.0415006414014,2630.28670456108,2682.020263671875,1942397.0,TCS,0.014632880775437673,False
2021-03-10,2703.1621118579787,2719.1612723280527,2689.975955214769,2699.601806640625,3053778.0,TCS,0.006555335620275882,False
2021-03-11,2703.1621118579787,2719.1612723280527,2689.975955214769,2699.601806640625,3053778.0,TCS,0.0,False
2021-03-12,2703.1621358997736,2740.0833748291366,2673.58127674779,2688.173828125,2938317.0,TCS,-0.004233208944931732,False
2021-03-15,2673.2733775514675,2724.2598477579736,2673.2733775514675,2695.382080078125,3097083.0,TCS,0.0026814679459001844,False
2021-03-16,2689.9753029434173,2761.180531550743,2689.9753029434173,2733.97314453125,4894756.0,TCS,0.014317474594179425,False
2021-03-17,2729.5338423325,2773.487688424811,2712.216069895808,2736.5224609375,3838390.0,TCS,0.0009324584666638991,False
2021-03-18,2747.9500256712818,2765.9710997147554,2625.846346414307,2669.316650390625,3656306.0,TCS,-0.024558837541516554,False
2021-03-19,2663.602798356505,2724.259099705217,2641.625877577986,2681.360107421875,5776626.0,TCS,0.004511812800286341,False
2021-03-22,2680.041412282901,2759.8176323307894,2653.62511137092,2751.20263671875,2821646.0,TCS,0.026047426119137906,False
2021-03-23,2760.301716349093,2785.7949487612345,2745.225631994102,2762.58740234375,3305973.0,TCS,0.0041381050865008095,False
2021-03-24,2734.9837782293816,2771.1139216266733,2734.9397814644067,2743.686767578125,2207104.0,TCS,-0.00684164227694295,False
2021-03-25,2735.8634254319945,2752.2583404265592,2681.1848783769724,2694.2392578125,3179786.0,TCS,-0.018022286782128805,False
2021-03-26,2716.918980645141,2740.9618201102044,2675.075048275299,2695.953125,3697370.0,TCS,0.0006361228619657933,False
2021-03-29,2716.918980645141,2740.9618201102044,2675.075048275299,2695.953125,3697370.0,TCS,0.0,False
2021-03-30,2710.194333708396,2802.89295847513,2690.76664657172,2776.608642578125,4694008.0,TCS,0.029917255174132462,False
2021-03-31,2773.487713339265,2817.441559826417,2753.2689439551755,2793.57470703125,3530069.0,TCS,0.006110354982318267,False
2021-04-01,2805.222312687547,2826.232164235289,2764.6967827433846,2782.2783203125,4285076.0,TCS,-0.004043703105672369,False
2021-04-02,2805.222312687547,2826.232164235289,2764.6967827433846,2782.2783203125,4285076.0,TCS,0.0,False
2021-04-05,2787.553188722842,2868.4282733530854,2769.971648585833,2847.242431640625,5317862.0,TCS,0.023349249733156885,False
2021-04-06,2878.9771433460032,2878.9771433460032,2839.4186787809435,2869.922607421875,2291562.0,TCS,0.007965663734570416,False
2021-04-07,2864.9120307136286,2881.218952486572,2843.638409585986,2875.8125,2491268.0,TCS,0.0020522827211064687,False
2021-04-08,2874.582155873483,2931.7221681461974,2871.1098442052125,2916.20654296875,2578118.0,TCS,0.014046132343033424,False
2021-04-09,2948.42387471546,2948.7316374728152,2907.986337972195,2920.51318359375,2911129.0,TCS,0.001476795474375292,False
2021-04-12,2920.513116819695,2934.4465709871874,2824.649741699711,2853.967041015625,3791828.0,TCS,-0.02278577030638107,False
2021-04-13,2825.35319397879,2825.35319397879,2701.44734620822,2728.69873046875,8654596.0,TCS,-0.04389269698864373,False
2021-04-14,2825.35319397879,2825.35319397879,2701.44734620822,2728.69873046875,8654596.0,TCS,0.0,False
2021-04-15,2778.1470543691926,2845.791985824758,2714.1062098015173,2829.704833984375,6062760.0,TCS,0.03701621669984556,False
2021-04-16,2838.539556337448,2854.3629419100944,2797.7504704864327,2808.78271484375,3224657.0,TCS,-0.007393746121274969,False
2021-04-19,2785.7951320593206,2803.3766728107203,2755.9945063330647,2779.4658203125,2679106.0,TCS,-0.010437580086318898,False
2021-04-20,2835.0229622074467,2835.330724965426,2748.302113102314,2764.30126953125,3141893.0,TCS,-0.005455922742574004,False
2021-04-21,2835.0229622074467,2835.330724965426,2748.302113102314,2764.30126953125,3141893.0,TCS,0.0,False
2021-04-22,2767.3342876746483,2767.3342876746483,2729.753747395712,2741.665283203125,1988980.0,TCS,-0.008188682824706528,False
2021-04-23,2729.534387436686,2741.8414668003297,2717.271304851599,2733.490234375,1615309.0,TCS,-0.0029817822322110166,False
2021-04-26,2726.940398802249,2771.7293216051144,2714.6333228420613,2725.841552734375,2490260.0,TCS,-0.002798137540218404,False
2021-04-27,2730.4132840873945,2756.873588817901,2727.7760529694733,2753.269287109375,1471417.0,TCS,0.010062116173805702,False
2021-04-28,2769.0487200794746,2769.9717939087773,2735.6877888429435,2746.32470703125,1639037.0,TCS,-0.002522303252587399,False
2021-04-29,2765.2245045336585,2775.5536585645477,2729.9734334404598,2738.54443359375,1621395.0,TCS,-0.0028329765295344034,False
2021-04-30,2724.259184920213,2753.312718021885,2654.8121130877844,2668.569580078125,3072305.0,TCS,-0.025551841575854217,False
2021-05-03,2659.119675274267,2685.5799762724573,2640.7470535916405,2669.756591796875,1545831.0,TCS,0.00044481198002532807,False
2021-05-04,2692.4370856948617,2716.3479372348656,2667.9987021060897,2680.965087890625,1990777.0,TCS,0.004198321348166889,False
2021-05-05,2698.766406463981,2724.6111845742857,2683.2945653222314,2721.358642578125,1939289.0,TCS,0.015066796233173418,False
2021-05-06,2729.973148964114,2755.026839109172,2702.282228277471,2735.20361328125,1791671.0,TCS,0.005087521536672135,False
2021-05-07,2754.148052135079,2777.751353813853,2735.5116639367457,2754.06005859375,1912540.0,TCS,0.006893982305719248,False
2021-05-10,2765.5320163029514,2781.575170224942,2747.115397601112,2765.136474609375,2137153.0,TCS,0.004021849843492742,False
2021-05-11,2747.115802604657,2749.8410273282093,2717.358958383474,2745.006103515625,2415625.0,TCS,-0.00728006421332017,False
2021-05-12,2742.7205374319688,2742.7205374319688,2699.294214770002,2714.238525390625,1978558.0,TCS,-0.011208564558597867,False
2021-05-13,2742.7205374319688,2742.7205374319688,2699.294214770002,2714.238525390625,1978558.0,TCS,0.0,False
2021-05-14,2723.8197883357184,2723.8197883357184,2672.393789427331,2682.503173828125,2043935.0,TCS,-0.011692174901221208,False
2021-05-17,2685.579759125718,2703.3370684555102,2668.877299085329,2698.546142578125,2890462.0,TCS,0.00598059637227033,False
2021-05-18,2725.1388328469043,2746.2366818753967,2705.79913790412,2715.293212890625,2098538.0,TCS,0.00620596033110643,False
2021-05-19,2711.073583762573,2740.962203038814,2696.217267675573,2709.3154296875,1986041.0,TCS,-0.0022015240102785105,False
2021-05-20,2696.216873698725,2715.2927997021698,2683.030720062466,2689.975341796875,2329027.0,TCS,-0.007138367012827218,False
2021-05-21,2690.854823863694,2714.7656764673197,2685.668355166535,2707.996826171875,1685566.0,TCS,0.00669949798237246,False
2021-05-24,2708.875244140625,2729.5335495883955,2700.52401427876,2708.875244140625,1652260.0,TCS,0.0003243792460392303,False
2021-05-25,2731.401886201931,2763.4243048225067,2722.65653952181,2750.836181640625,1841613.0,TCS,0.015490169800459697,False
2021-05-26,2756.136949402406,2795.8889246341714,2741.826281452624,2790.14697265625,1923753.0,TCS,0.014290487844383248,False
2021-05-27,2793.193917714031,2842.4863984305903,2793.061497428676,2809.138916015625,5959785.0,TCS,0.006806789586892181,False
2021-05-28,2817.5310504601284,2825.0397552505065,2769.961110903209,2776.984130859375,1763701.0,TCS,-0.0114464916536976,False
2021-05-31,2782.637158557445,2800.613964245875,2763.732979684042,2790.719970703125,1652799.0,TCS,0.004946315569869464,False
2021-06-01,2799.068364711175,2800.260794224567,2766.7366812113464,2785.28759765625,1377441.0,TCS,-0.0019465847895538957,False
2021-06-02,2783.389019826521,2790.9859340260614,2751.719862271124,2764.484619140625,2240078.0,TCS,-0.007468879886274649,False
2021-06-03,2786.657161213381,2786.657161213381,2758.4773034623645,2774.908203125,1281706.0,TCS,0.003770534266027248,False
2021-06-04,2763.203024353877,2788.688534934649,2760.552893576044,2777.1162109375,1836060.0,TCS,0.0007957048128703903,False
2021-06-07,2778.2206184706743,2818.370059314613,2768.150207106617,2811.965576171875,2559821.0,TCS,0.012548760148071159,False
2021-06-08,2825.039790463917,2854.191232954633,2815.499275242402,2826.93896484375,2574057.0,TCS,0.005324883348059695,False
2021-06-09,2828.57325355441,2844.474040114054,2814.615853329523,2827.02734375,1710925.0,TCS,3.1263110859214294e-05,False
2021-06-10,2835.640453603074,2848.007732839972,2820.6230431011263,2841.6474609375,1874324.0,TCS,0.005171551389420381,False
2021-06-11,2837.0092963972816,2923.0943373291366,2836.523395939516,2891.99951171875,3452954.0,TCS,0.017719316513892247,False
2021-06-14,2896.593304286982,2922.829559151912,2888.952179184316,2894.25244140625,1847360.0,TCS,0.0007790214619229907,False
2021-06-15,2913.377320224504,2913.377320224504,2872.344502071176,2882.23828125,1304985.0,TCS,-0.0041510408644287455,False
2021-06-16,2881.664713797305,2910.462679751333,2873.6258953910374,2892.486083984375,1635552.0,TCS,0.003555501570095876,False
2021-06-17,2884.668008008239,2946.9903074471954,2879.809433810093,2930.824462890625,2273413.0,TCS,0.013254473070252182,False
2021-06-18,2960.1074149131528,2966.37947684618,2893.0591979366404,2912.758544921875,3380431.0,TCS,-0.006164107812493103,False
2021-06-21,2884.225664145872,2902.7765795967334,2872.4767078933537,2891.381103515625,1130569.0,TCS,-0.007339242534716628,False
2021-06-22,2918.678088985014,2939.039975324204,2901.893923219059,2916.20458984375,1708688.0,TCS,0.008585338784272478,False
2021-06-23,2940.762274815188,2940.762274815188,2876.629013074305,2881.0458984375,1467104.0,TCS,-0.012056318520551335,False
2021-06-24,2901.010219082481,2988.464546637038,2896.1516453294503,2980.160888671875,4155204.0,TCS,0.034402433605146276,False
2021-06-25,2981.618210624291,3003.17252309465,2959.312941438819,2986.52099609375,2722861.0,TCS,0.00213414901391773,False
2021-06-28,2995.973044219031,2995.973044219031,2944.2954906035766,2947.608154296875,1355238.0,TCS,-0.01302948877565957,False
2021-06-29,2952.2462661469986,2973.7123727957182,2938.55392110652,2951.23046875,1497322.0,TCS,0.0012288995902811628,False
2021-06-30,2955.7794379997013,2987.581009956661,2949.154110508668,2955.55859375,1693146.0,TCS,0.0014665493074259572,False
2021-07-01,2966.37967414405,2969.913181796396,2943.721142590661,2951.803955078125,990310.0,TCS,-0.001270365162042375,False
2021-07-02,2942.528517456409,2950.2138535187687,2910.9035806196966,2937.625732421875,1682274.0,TCS,-0.004803239941412296,False
2021-07-05,2952.245739999718,2980.513802142145,2916.910662321684,2933.69482421875,1972858.0,TCS,-0.0013381242408589955,False
2021-07-06,2926.628238859527,2939.878894936464,2876.3641697416374,2881.841064453125,2159420.0,TCS,-0.017675239884378136,False
2021-07-07,2893.0593486974058,2899.8613076965835,2863.5546464924696,2893.01513671875,2640710.0,TCS,0.003877407537651756,False
2021-07-08,2913.376783196832,2913.376783196832,2854.9854885095174,2878.4833984375,2485811.0,TCS,-0.0050230426024427954,False
2021-07-09,2870.975520718945,2899.2435873844856,2827.6900436373367,2834.006103515625,6365067.0,TCS,-0.01545164198133575,False
2021-07-12,2857.724344285446,2858.6077212079454,2816.5148971181284,2820.7109375,1892226.0,TCS,-0.004691297594289656,False
2021-07-13,2839.174120044837,2839.174120044837,2804.7224116808825,2815.808837890625,1809339.0,TCS,-0.0017378950619164613,False
2021-07-14,2815.322829766419,2846.2410283989343,2813.556075558847,2839.659912109375,2044279.0,TCS,0.008470416705069095,False
2021-07-15,2857.409806666627,2861.172351997801,2827.663479475212,2835.5869140625,2232968.0,TCS,-0.0014343260013307546,False
2021-07-16,2844.4843303491293,2850.548754701624,2825.892929497174,2828.371826171875,1256526.0,TCS,-0.0025444777780724293,False
2021-07-19,2815.269552063374,2832.798632124754,2811.72833250103,2819.342041015625,1597058.0,TCS,-0.0031925735763220775,False
2021-07-20,2819.342174362785,2846.2553578539632,2794.155076123223,2838.110595703125,1811945.0,TCS,0.00665706906592245,False
2021-07-21,2819.342174362785,2846.2553578539632,2794.155076123223,2838.110595703125,1811945.0,TCS,0.0,False
2021-07-22,2824.122327250977,2855.0636869502946,2824.122327250977,2847.4501953125,2859334.0,TCS,0.003290780712885244,False
2021-07-23,2859.534943981816,2869.760259222906,2838.8629872655824,2844.35205078125,1776193.0,TCS,-0.001088041693003139,False
2021-07-26,2832.9751056812675,2854.4437451540084,2824.8746539439994,2830.80615234375,1259611.0,TCS,-0.004762384611911696,False
2021-07-27,2832.97559483463,2841.8286435684886,2798.581414048037,2817.881103515625,1121367.0,TCS,-0.0045658544359965525,False
2021-07-28,2822.3522882438174,2836.9155119989746,2773.129244690901,2831.0283203125,1660654.0,TCS,0.004665639292045443,False
2021-07-29,2833.196643150491,2855.50628054373,2824.3879037521106,2829.257080078125,1731997.0,TCS,-0.0006256526018006969,False
2021-07-30,2849.7964459346185,2853.7803179466428,2799.644010283248,2804.158935546875,2999943.0,TCS,-0.008870931068079901,False
2021-08-02,2815.2692243116567,2855.019322815732,2803.760262073905,2850.150146484375,2608669.0,TCS,0.016401071406650036,False
2021-08-03,2858.649242695068,2912.652836316746,2849.751886091919,2908.1376953125,3804735.0,TCS,0.020345436502582803,False
2021-08-04,2921.506328924193,2926.1098714268387,2887.15645370785,2898.444091796875,2929598.0,TCS,-0.0033332684113444033,False
2021-08-05,2899.3731961922103,2934.7853879014283,2888.30688628308,2907.296630859375,2534521.0,TCS,0.003054238336890558,False
2021-08-06,2897.2042808024594,2942.753169760051,2890.5201863016146,2930.181884765625,2292362.0,TCS,0.007871661138163732,False
2021-08-09,2942.6648617114934,2954.262442321804,2930.3592100944475,2941.6025390625,1510489.0,TCS,0.0038975922813024866,False
2021-08-10,2935.3169160413063,2965.6827001982383,2935.3169160413063,2951.517822265625,2040777.0,TCS,0.0033707079972418175,False
2021-08-11,2965.7715305979195,2974.624579942988,2945.498134053273,2960.63671875,1929707.0,TCS,0.003089561721627998,False
2021-08-12,2944.523714291042,2981.706515253226,2944.523714291042,2967.3203125,1310205.0,TCS,0.0022574852590566685,False
2021-08-13,2975.288099726732,3080.860696882847,2972.410859133379,3066.16455078125,4363584.0,TCS,0.033310943164734486,False
2021-08-16,3063.1547303753764,3093.5650379258386,3042.3500667442145,3074.619384765625,2083489.0,TCS,0.002757462570696312,False
2021-08-17,3082.7198949552444,3152.39333868331,3065.810487014864,3145.5322265625,4336019.0,TCS,0.02306394155590108,False
2021-08-18,3163.946961523481,3182.671073455571,3130.969354434129,3152.17236328125,2631309.0,TCS,0.002110973991198417,False
2021-08-19,3163.946961523481,3182.671073455571,3130.969354434129,3152.17236328125,2631309.0,TCS,0.0,False
2021-08-20,3103.8788653712777,3164.9649012271298,3098.567036166421,3151.24267578125,2836148.0,TCS,-0.000294935489832282,False
2021-08-23,3169.391832491094,3251.725195737372,3153.367725876846,3220.208251953125,3744176.0,TCS,0.021885199988533888,False
2021-08-24,3237.559843001873,3246.722834673468,3182.139672824167,3198.783447265625,2511141.0,TCS,-0.006653235757192233,False
2021-08-25,3195.950145403457,3273.6356371649954,3193.338539620441,3239.330078125,2123263.0,TCS,0.012675641076620892,False
2021-08-26,3240.21559454725,3264.6500936829902,3229.503319923937,3250.70654296875,1902533.0,TCS,0.0035119807396519764,False
2021-08-27,3245.527384452308,3301.744239038429,3232.33642943804,3293.466552734375,3944728.0,TCS,0.013154066416150245,False
2021-08-30,3288.907441529894,3311.3500054128417,3264.650175657606,3276.77880859375,2033114.0,TCS,-0.005066923824312175,False
2021-08-31,3283.9500530446194,3367.7886036477303,3278.682531887317,3352.162841796875,3207480.0,TCS,0.02300553000569372,False
2021-09-01,3360.6170346733647,3378.942800881244,3281.8249071480936,3288.863037109375,2643336.0,TCS,-0.01888327258396827,False
2021-09-02,3305.728286676549,3416.524101420133,3295.1046285511825,3396.693359375,3403717.0,TCS,0.032786504347836365,False
2021-09-03,3386.290764265217,3414.531900131257,3368.1863248448262,3401.38525390625,1746812.0,TCS,0.0013813123631840618,False
2021-09-06,3408.1578475277897,3432.857981147022,3376.5525093752026,3410.194091796875,1723693.0,TCS,0.0025897795260059198,False
2021-09-07,3420.8183624157914,3426.085883695353,3371.462610939425,3378.235107421875,1585039.0,TCS,-0.009371602763571851,False
2021-09-08,3373.011704958911,3377.4382295061014,3325.2052398492574,3341.2734375,4147175.0,TCS,-0.010941118290041851,False
2021-09-09,3355.0394587057644,3371.860249411292,3333.172474016351,3356.54443359375,1441148.0,TCS,0.00457041196400132,False
2021-09-10,3355.0394587057644,3371.860249411292,3333.172474016351,3356.54443359375,1441148.0,TCS,0.0,False
2021-09-13,3334.943885021441,3410.5488444328344,3334.943885021441,3404.3076171875,1691473.0,TCS,0.014229867811584862,False
2021-09-14,3408.3793883308576,3449.5903726199604,3386.291075393648,3440.2060546875,1991188.0,TCS,0.010545004017485926,False
2021-09-15,3436.842366847689,3523.513633332648,3422.588870970859,3500.982666015625,2461369.0,TCS,0.017666561351844967,False
2021-09-16,3479.248684490919,3525.0632186950934,3445.695711113864,3455.611083984375,2946666.0,TCS,-0.012959670572401327,False
2021-09-17,3470.3944632758707,3492.5270810263546,3368.5844216236446,3388.813720703125,6477148.0,TCS,-0.019330116051205493,False
2021-09-20,3372.126457500695,3427.015362821,3371.1084432930547,3384.96337890625,2002008.0,TCS,-0.0011361916334770017,False
2021-09-21,3415.506211825673,3427.5021361240147,3383.325293125468,3419.888427734375,1568129.0,TCS,0.010317703596370853,False
2021-09-22,3419.4901189466127,3449.900428207557,3410.592761622935,3419.18017578125,1744067.0,TCS,-0.0002070979706183529,False
2021-09-23,3426.1297989557083,3434.09754267421,3395.1441289393133,3425.4658203125,2003869.0,TCS,0.0018383484367896497,False
2021-09-24,3443.8356741205457,3491.9961688146536,3412.850006101466,3427.280517578125,2320754.0,TCS,0.0005297665663057671,False
2021-09-27,3452.688626544407,3456.229845648555,3366.725446335667,3396.8701171875,1673362.0,TCS,-0.008873040953214506,False
2021-09-28,3408.423144104183,3408.423144104183,3320.9993037196923,3345.69921875,2253075.0,TCS,-0.015064131589425545,False
2021-09-29,3328.5693913486634,3369.470434317807,3295.2375323295264,3356.987548828125,2489161.0,TCS,0.003373982339734294,False
2021-09-30,3368.584879337416,3368.584879337416,3319.981730608833,3342.5126953125,2252412.0,TCS,-0.004311857969410138,False
2021-10-01,3348.0017681247846,3373.011631270028,3297.760715611773,3302.3642578125,1578374.0,TCS,-0.012011454004738353,False
2021-10-04,3297.5832267767064,3349.6832824327,3282.223102672276,3340.5205078125,1356860.0,TCS,0.01155422207278689,False
2021-10-05,3323.434202500612,3399.5704149180474,3312.4565094913187,3393.638916015625,1877966.0,TCS,0.015901236971572752,False
2021-10-06,3396.028851760658,3415.018594474043,3359.7313588195248,3373.8076171875,1678154.0,TCS,-0.005843667908961958,False
2021-10-07,3390.7172487873872,3451.8032775514416,3381.908509606429,3446.40283203125,1647233.0,TCS,0.021517295317587504,False
2021-10-08,3474.821589658137,3532.277788850689,3452.688968067958,3484.25,2934339.0,TCS,0.010981643706009736,False
2021-10-11,3324.319708750894,3326.532970873897,3240.21574807677,3262.879638671875,11845402.0,TCS,-0.06353458027642245,False
2021-10-12,3280.9396061000634,3281.8249109047315,3214.1877102836343,3233.8857421875,5752877.0,TCS,-0.008885984067796282,False
2021-10-13,3231.3630103036403,3253.8939776545526,3226.936485631991,3235.966552734375,3545655.0,TCS,0.0006434397232188971,False
2021-10-14,3215.387837781838,3255.3029971474057,3200.4861349746398,3203.368896484375,6442299.0,TCS,-0.010073545482865098,False
2021-10-15,3215.387837781838,3255.3029971474057,3200.4861349746398,3203.368896484375,6442299.0,TCS,0.0,False
2021-10-18,3196.27290026894,3239.957825124647,3194.4988931682005,3235.034912109375,3590107.0,TCS,0.009885222916334424,False
2021-10-19,3254.415574024563,3273.1314329577704,3215.5647806069323,3223.50341796875,3135441.0,TCS,-0.0035645655932368125,False
2021-10-20,3203.856474257282,3219.822536421355,3173.964501183039,3201.0625,2933693.0,TCS,-0.006961654777115411,False
2021-10-21,3196.849629655158,3199.820961660556,3114.491262167292,3133.340087890625,4871211.0,TCS,-0.021156229254934877,False
2021-10-22,3157.7326116490563,3159.1519039386526,3091.2073459542025,3103.492431640625,2691670.0,TCS,-0.009525827204442838,False
2021-10-25,3107.173217424636,3117.4181510183253,3060.1620325763606,3098.2587890625,2595594.0,TCS,-0.00168637194818555,False
2021-10-26,3099.6338687798507,3130.235490892572,3082.337299759617,3089.07861328125,3878763.0,TCS,-0.002963011293200535,False
2021-10-27,3089.433136635638,3114.490985073754,3089.433136635638,3095.42041015625,2510813.0,TCS,0.00205297361087986,False
2021-10-28,3120.478253064307,3120.478253064307,3029.116894319104,3035.015380859375,2424942.0,TCS,-0.019514321576055593,False
2021-10-29,3015.8565577895124,3069.919382541756,3003.349720722002,3013.81640625,3960501.0,TCS,-0.006984799728880553,False
2021-11-01,3049.4738578562856,3092.981425957141,3027.298768768552,3083.5791015625,2020718.0,TCS,0.023147626102183017,False
2021-11-02,3099.1907258793763,3116.5760838881283,3077.6808875558004,3090.498046875,3087414.0,TCS,0.002243803413051415,False
2021-11-03,3108.237342877005,3122.1632532684625,3074.3982490055782,3097.6376953125,1537639.0,TCS,0.0023101934798888113,False
2021-11-04,3115.999217340445,3116.2653617280957,3108.9475821125666,3112.18505859375,328991.0,TCS,0.00469627655398952,False
2021-11-05,3115.999217340445,3116.2653617280957,3108.9475821125666,3112.18505859375,328991.0,TCS,0.0,False
2021-11-08,3147.088570475876,3147.088570475876,3087.8366904944155,3106.95166015625,2526082.0,TCS,-0.0016815833052886697,False
2021-11-09,3111.608022286807,3135.5571148186614,3100.963981161539,3109.56787109375,1782692.0,TCS,0.0008420507377215891,False
2021-11-10,3102.7383307642617,3121.986263947992,3086.9496247069437,3090.58642578125,1516489.0,TCS,-0.006104206789936839,False
2021-11-11,3086.7729993987123,3113.4275049599964,3047.7448350384984,3094.04638671875,1284514.0,TCS,0.0011195159949701772,False
2021-11-12,3109.8346748298677,3134.803739975808,3091.828458130939,3127.619140625,1747259.0,TCS,0.010850759720462344,False
2021-11-15,3129.348803932194,3166.2482415297136,3129.348803932194,3151.7900390625,1809157.0,TCS,0.007728210293747484,False
2021-11-16,3165.7153928732405,3171.5253089279527,3141.7662991193665,3154.5390625,2013204.0,TCS,0.0008722102054481429,False
2021-11-17,3149.395165626962,3160.260960061091,3110.189432058475,3123.93798828125,1632914.0,TCS,-0.009700648371270604,False
2021-11-18,3117.9500055081708,3123.006098277972,3061.581111042726,3082.957763671875,2136598.0,TCS,-0.01311812998948858,False
2021-11-19,3117.9500055081708,3123.006098277972,3061.581111042726,3082.957763671875,2136598.0,TCS,0.0,False
2021-11-22,3085.35310837777,3118.6601354949016,3051.558402543641,3067.613037109375,3167936.0,TCS,-0.004977274338077264,False
2021-11-23,3055.726941087988,3087.6146723874645,3022.730455455752,3072.8017578125,2153461.0,TCS,0.0016914521617805711,False
2021-11-24,3079.853553174247,3098.347663033605,3037.100027177156,3054.21923828125,2161746.0,TCS,-0.0060474189342037965,False
2021-11-25,3054.751383557328,3071.693237675039,3046.0145286811985,3056.525390625,1849619.0,TCS,0.0007550709899424302,False
2021-11-26,3037.9872931567247,3095.642526457509,3026.3674595161992,3057.368408203125,1941251.0,TCS,0.0002758091199603907,False
2021-11-29,3057.634386794693,3130.5462562837038,3021.5333834239445,3106.28662109375,2981745.0,TCS,0.016000104128561787,False
2021-11-30,3096.529068794924,3161.0585703001743,3096.529068794924,3130.3681640625,5588446.0,TCS,0.007752518008228959,False
2021-12-01,3135.5579286710604,3184.3431298243586,3135.5579286710604,3173.521728515625,2102118.0,TCS,0.013785459789854793,False
2021-12-02,3183.6328489847224,3235.788696950229,3170.2392263609663,3231.264892578125,3152938.0,TCS,0.01819529500732564,False
2021-12-03,3234.4143068763124,3251.710877466516,3220.5771803363205,3229.09228515625,2486263.0,TCS,-0.0006723705713094219,False
2021-12-06,3229.0915778827693,3244.6585313150194,3124.0260654159374,3136.798828125,1849642.0,TCS,-0.028581857959127377,False
2021-12-07,3159.950033925637,3191.4386588251064,3126.06654283749,3179.464111328125,1484458.0,TCS,0.013601536324415076,False
2021-12-08,3194.0992085775088,3234.4134693572846,3194.0992085775088,3217.072509765625,1428660.0,TCS,0.011828533715321665,False
2021-12-09,3202.0829162364653,3224.0362547896098,3163.0547588086524,3194.76513671875,1567957.0,TCS,-0.006934059763701206,False
2021-12-10,3179.907906529748,3230.467111738171,3171.12665750973,3225.854736328125,1510718.0,TCS,0.009731419456175283,False
2021-12-13,3237.562895980731,3248.206938378476,3194.7205820190884,3201.772216796875,1883864.0,TCS,-0.0074654693095890234,False
2021-12-14,3197.647047766687,3224.257148025494,3172.5448098785023,3214.32275390625,1747007.0,TCS,0.003919871952018816,False
2021-12-15,3210.952723829358,3213.613734373968,3156.0914698132124,3166.9130859375,1603233.0,TCS,-0.014749504514173228,False
2021-12-16,3177.24704882008,3200.708251863708,3166.60300510544,3176.892333984375,2072320.0,TCS,0.0031510962808507514,False
2021-12-17,3195.4305722072777,3238.7607860882194,3169.884824391468,3179.33154296875,4333992.0,TCS,0.0007677971828889962,False
2021-12-20,3183.4558113624607,3198.534872045984,3113.515493276563,3154.98291015625,2312310.0,TCS,-0.007658412620208832,False
2021-12-21,3177.823180193616,3229.7572813308107,3163.4093725133384,3200.574951171875,2340989.0,TCS,0.014450804430305775,False
2021-12-22,3214.5002759631275,3225.8539626326497,3198.755965836652,3220.487548828125,1224328.0,TCS,0.006221568924345666,False
2021-12-23,3235.789458220038,3255.7470412271514,3219.823391814347,3248.828369140625,1792861.0,TCS,0.008800164534966903,False
2021-12-24,3268.60815531731,3286.3482267165896,3232.950655115478,3256.101318359375,2209923.0,TCS,0.0022386375617231558,False
2021-12-27,3256.189982037391,3281.913084592304,3240.312705357694,3278.453857421875,1534135.0,TCS,0.00686481680912876,False
2021-12-28,3290.7827748188333,3304.087826469044,3276.457755830203,3287.72265625,1456218.0,TCS,0.0028271859941362276,False
2021-12-29,3275.039042693454,3299.6089991071835,3268.6082665922886,3277.212158203125,1456923.0,TCS,-0.0031968931524362088,False
2021-12-30,3265.370949223324,3317.393626286826,3264.173407683294,3311.849853515625,1966475.0,TCS,0.010569256319216125,False
2021-12-31,3319.8765654123854,3335.1329814850587,3309.676025708375,3315.929443359375,1207141.0,TCS,0.0012318160617756924,False
2022-01-03,3326.263417742371,3397.2237039875417,3321.828399852048,3386.35791015625,2346158.0,TCS,0.02123943467431677,False
2022-01-04,3398.199213823808,3449.6895940340164,3380.991215898721,3445.786865234375,2488606.0,TCS,0.017549519765730492,False
2022-01-05,3428.268921570531,3432.7039395803245,3381.6124454860555,3424.676513671875,1733031.0,TCS,-0.006126424061653091,False
2022-01-06,3381.2580780830654,3401.65916302428,3345.7779303592133,3377.22216796875,1810293.0,TCS,-0.013856592152187042,False
2022-01-07,3388.353496871756,3428.1798688915587,3367.4201268665024,3418.068115234375,2460591.0,TCS,0.012094539605072008,False
2022-01-10,3528.500232508882,3528.500232508882,3424.72081390568,3441.44091796875,3937092.0,TCS,0.0068380154948353145,False
2022-01-11,3420.2850872276404,3481.488321412989,3420.2850872276404,3473.41650390625,1906106.0,TCS,0.009291336594083655,False
2022-01-12,3481.4891383067206,3485.037152715186,3403.033713010251,3423.7451171875,3203744.0,TCS,-0.014300440693734484,False
2022-01-13,3475.2807666738613,3479.7157855185187,3421.173536769036,3457.451904296875,6684507.0,TCS,0.009845004799032386,False
2022-01-14,3439.6664560687805,3527.612762559693,3423.877751160488,3519.7626953125,3348123.0,TCS,0.018022171454702196,False
2022-01-17,3541.538558401863,3586.154874326634,3514.573740699886,3564.999755859375,3442604.0,TCS,0.012852304107637824,False
2022-01-18,3578.1277414958386,3585.002018651542,3530.2739457678194,3539.67626953125,2389041.0,TCS,-0.0071033627103350705,False
2022-01-19,3564.9112784096897,3564.9112784096897,3474.722221889604,3478.40966796875,3102539.0,TCS,-0.017308532446842495,False
2022-01-20,3474.2784062499186,3483.1640287722967,3386.310743278373,3400.1279296875,6176776.0,TCS,-0.02250503700070594,False
2022-01-21,3382.7565666090263,3422.342059179579,3350.8572678451856,3406.303466796875,3112358.0,TCS,0.001816266104417652,False
2022-01-24,3412.078809123836,3420.653347482488,3323.311533128875,3351.0791015625,3258414.0,TCS,-0.016212403202673364,False
2022-01-25,3349.43543335464,3384.888980694485,3307.406395141528,3349.790771484375,3330501.0,TCS,-0.0003844523029982172,False
2022-01-26,3349.43543335464,3384.888980694485,3307.406395141528,3349.790771484375,3330501.0,TCS,0.0,False
2022-01-27,3315.2256551137434,3317.3581176759967,3221.1270024404544,3242.585693359375,5718297.0,TCS,-0.03200351467846896,False
2022-01-28,3239.6979015769352,3314.1594600905173,3239.6979015769352,3278.839111328125,3143862.0,TCS,0.011180403972975927,False
2022-01-31,3331.219303461651,3339.2163623389933,3306.694902797494,3319.89013671875,2739393.0,TCS,0.012519987714187275,False
2022-02-01,3349.879425432354,3383.644788341221,3320.02364934981,3377.11376953125,2105169.0,TCS,0.01723660436217256,False
2022-02-02,3401.3270359319927,3433.404216968729,3377.113716855285,3426.473388671875,1984212.0,TCS,0.014615918357845592,False
2022-02-03,3421.8529744416446,3449.842683269199,3390.79776946266,3398.39501953125,1960538.0,TCS,-0.00819453880291432,False
2022-02-04,3390.13143394976,3398.4838319273167,3348.990960352186,3389.77587890625,2307366.0,TCS,-0.002536238599534224,False
2022-02-07,3368.539210961275,3404.7925911476827,3337.5727323379806,3357.87646484375,1919149.0,TCS,-0.009410478805104039,False
2022-02-08,3369.02776676185,3376.2694613033686,3306.339665487328,3326.287841796875,2946443.0,TCS,-0.009407321376352362,False
2022-02-09,3332.1085347583003,3356.943806983869,3328.643228655811,3341.48291015625,1638721.0,TCS,0.004568176021461312,False
2022-02-10,3367.472429527808,3367.472429527808,3339.216113546319,3350.18994140625,2112459.0,TCS,0.0026057386747468936,False
2022-02-11,3334.329669302253,3334.329669302253,3278.794531572369,3283.19287109375,3851488.0,TCS,-0.0199979916017472,False
2022-02-14,3309.0057078067457,3370.538641551541,3296.5658367247656,3317.669189453125,5951745.0,TCS,0.010500850761134162,False
2022-02-15,3364.096704191132,3407.636254773637,3330.3313384332705,3392.35302734375,3931683.0,TCS,0.022510935728023984,False
2022-02-16,3415.633490322796,3424.6080563504283,3381.8681228326127,3388.177001953125,3256906.0,TCS,-0.001231011441605423,False
2022-02-17,3398.750205079547,3407.635826530736,3357.8763464040803,3362.496826171875,3134372.0,TCS,-0.007579348943826281,False
2022-02-18,3348.990612757656,3390.7085606865603,3338.8610914163,3371.11572265625,3688883.0,TCS,0.0025632430095665626,False
2022-02-21,3385.42203627491,3401.238487075305,3292.611756383807,3304.918212890625,7465922.0,TCS,-0.019636676759783533,False
2022-02-22,3243.251898209749,3259.157074169786,3172.1669250983023,3186.7392578125,5408531.0,TCS,-0.03575851124459761,False
2022-02-23,3208.597803364657,3219.1716057796148,3159.415803432267,3166.65771484375,2426203.0,TCS,-0.0063015958772023595,False
2022-02-24,3086.8647024601314,3095.617125825377,3013.202991929817,3022.5771484375,5039136.0,TCS,-0.045499254855007054,False
2022-02-25,3081.5340997346093,3136.624963109334,3076.202725859636,3128.40576171875,2549723.0,TCS,0.03501270871976159,False
2022-02-28,3101.08155699652,3166.6130082367754,3070.781504293489,3158.127197265625,3288942.0,TCS,0.009500505308667417,False
2022-03-01,3101.08155699652,3166.6130082367754,3070.781504293489,3158.127197265625,3288942.0,TCS,0.0,False
2022-03-02,3156.617310428963,3173.899802351873,3115.299166886402,3150.974853515625,2761341.0,TCS,-0.002264742140909548,False
2022-03-03,3165.813577954369,3179.8084310877025,3136.7131690580727,3149.41943359375,1928039.0,TCS,-0.000493631334486766,False
2022-03-04,3111.3005151866846,3164.347634660531,3098.4608348995284,3131.604248046875,2370257.0,TCS,-0.005656657019654676,False
2022-03-07,3065.539559273232,3152.6186540004137,3049.145630234379,3096.55029296875,3054130.0,TCS,-0.011193609505411595,False
2022-03-08,3074.425300915981,3206.8210725450217,3074.425300915981,3198.779541015625,3300992.0,TCS,0.03301391496175721,False
2022-03-09,3203.2666130344987,3246.806159231084,3196.2025871914693,3227.791015625,2719654.0,TCS,0.009069544880283775,False
2022-03-10,3273.4630982851195,3273.4630982851195,3212.152307356326,3217.439208984375,2005441.0,TCS,-0.0032070870110593175,False
2022-03-11,3201.71179536414,3234.2332591475283,3192.4708351186337,3198.068603515625,1623423.0,TCS,-0.006020503950675882,False
2022-03-14,3181.0523258432268,3241.785632301613,3181.0523258432268,3237.03173828125,1765688.0,TCS,0.012183333003798813,False
2022-03-15,3251.2490497339318,3251.2490497339318,3185.8507858462003,3193.403564453125,3651133.0,TCS,-0.013477833198907718,False
2022-03-16,3234.81061397706,3259.246073909588,3213.2629811274664,3248.494384765625,3090475.0,TCS,0.017251443233086805,False
2022-03-17,3284.6588462421337,3296.565491973189,3252.4039976373524,3263.466552734375,3600452.0,TCS,0.004608956087153615,False
2022-03-18,3284.6588462421337,3296.565491973189,3252.4039976373524,3263.466552734375,3600452.0,TCS,0.0,False
2022-03-21,3284.1259896776583,3300.0756382590976,3212.152449319463,3222.548583984375,2413831.0,TCS,-0.012538191548406075,False
2022-03-22,3234.366108099753,3297.454018450051,3221.037676335606,3288.52392578125,2907611.0,TCS,0.020473032470251562,False
2022-03-23,3294.7888991114687,3314.1595999957717,3278.794778241996,3298.698486328125,1596195.0,TCS,0.003093959714602912,False
2022-03-24,3287.6801846115463,3339.394461966447,3283.2373735512606,3331.97509765625,1879046.0,TCS,0.010087800223647081,False
2022-03-25,3340.905342743485,3358.32125079392,3262.8008024646847,3294.30029296875,1690133.0,TCS,-0.011307048697333011,False
2022-03-28,3283.237032979891,3299.2311511378443,3253.203589940912,3294.521728515625,1760990.0,TCS,6.721777833895715e-05,False
2022-03-29,3283.015235801748,3307.228556100982,3279.6831275036875,3292.43408203125,2689063.0,TCS,-0.0006336720945882002,False
2022-03-30,3321.4450492066144,3321.4450492066144,3293.18873172542,3315.7138671875,1583455.0,TCS,0.0070706913414915196,False
2022-03-31,3323.222450010069,3336.2397987692148,3305.628876005545,3323.177978515625,2168110.0,TCS,0.002251132524428767,False
2022-04-01,3330.3312567550715,3343.6596902799715,3312.6044835537823,3339.88330078125,1387014.0,TCS,0.005026911701276671,False
2022-04-04,3342.770361671435,3358.764478234456,3320.6452538662247,3350.18994140625,1472994.0,TCS,0.0030859283683921657,False
2022-04-05,3351.6567488325595,3408.169393725449,3351.6567488325595,3389.687255859375,2314947.0,TCS,0.011789574664099689,False
2022-04-06,3384.7994513473627,3384.7994513473627,3315.3581971661897,3336.861572265625,2051729.0,TCS,-0.015584235242480315,False
2022-04-07,3328.109814842377,3328.109814842377,3269.0204268602606,3273.596435546875,2494829.0,TCS,-0.0189594729504452,False
2022-04-08,3278.7942871496307,3292.122719211214,3236.587585621282,3274.928955078125,2296773.0,TCS,0.0004070506421562925,False
2022-04-11,3278.794489914239,3298.6539416877777,3248.672318365914,3284.481201171875,2291660.0,TCS,0.002916779638513445,False
2022-04-12,3272.574288568642,3322.333767297896,3241.78569787856,3279.771728515625,4483476.0,TCS,-0.001433855871840528,False
2022-04-13,3293.9001325191025,3296.43262160667,3248.183649923165,3253.870361328125,1621672.0,TCS,-0.007897307901736927,False
2022-04-14,3293.9001325191025,3296.43262160667,3248.183649923165,3253.870361328125,1621672.0,TCS,0.0,False
2022-04-15,3293.9001325191025,3296.43262160667,3248.183649923165,3253.870361328125,1621672.0,TCS,0.0,False
2022-04-18,3207.709223229319,3207.709223229319,3129.960038455755,3134.8916015625,3820792.0,TCS,-0.03656530425418103,False
2022-04-19,3154.3953189467165,3166.4353782692338,3055.8981276363893,3084.99853515625,3170014.0,TCS,-0.015915404022704416,False
2022-04-20,3109.96761334078,3171.411600984992,3092.196369835976,3160.43798828125,2640370.0,TCS,0.024453643094251687,False
2022-04-21,3181.053025139693,3237.921012181296,3169.8570534172154,3224.281494140625,2280996.0,TCS,0.020200841179641493,False
2022-04-22,3182.029620635388,3213.9289112222373,3173.4993382444623,3209.974853515625,1581465.0,TCS,-0.004437156200846282,False
2022-04-25,3161.5045845690765,3184.607203793021,3139.37947062442,3152.796630859375,1960694.0,TCS,-0.01781266996332609,False
2022-04-26,3176.7427973254776,3188.071964429589,3126.094756154156,3151.10791015625,1943469.0,TCS,-0.0005356262711637694,False
2022-04-27,3150.841311128136,3170.789487548089,3115.565437974692,3164.347412109375,1727648.0,TCS,0.004201538738312749,False
2022-04-28,3188.161171907679,3202.7335052062917,3143.7775334280645,3184.87353515625,1703660.0,TCS,0.006486684416611599,False
2022-04-29,3196.1580990746857,3219.4828558444133,3142.7111717645585,3151.46337890625,2051115.0,TCS,-0.010490261506839071,False
2022-05-02,3127.6496864948044,3152.573897085291,3103.5253119643658,3147.642333984375,1324161.0,TCS,-0.0012124668645844272,False
2022-05-03,3127.6496864948044,3152.573897085291,3103.5253119643658,3147.642333984375,1324161.0,TCS,0.0,False
2022-05-04,3144.1773953249044,3150.35285932751,3079.134684624468,3091.974365234375,2305825.0,TCS,-0.017685608097516514,False
2022-05-05,3120.719310294704,3139.290173030347,3096.950272047163,3121.874267578125,1612262.0,TCS,0.009670165018164312,False
2022-05-06,3073.536567962998,3087.309281696281,3042.881172879239,3050.07861328125,2010812.0,TCS,-0.0229976123774428,False
2022-05-09,3019.3341828755038,3070.8707875272926,2973.884315719168,3061.185546875,2481830.0,TCS,0.003641523712007322,False
2022-05-10,3051.32278631634,3078.690547180904,3040.660039247092,3055.54345703125,1622685.0,TCS,-0.0018431061290975492,False
2022-05-11,3052.211100141161,3064.1622181217003,3005.2505019723253,3031.774169921875,1841769.0,TCS,-0.007779070218974726,False
2022-05-12,3001.562777515555,3065.272636777598,2976.7719816685094,3028.797119140625,2807195.0,TCS,-0.0009819500445598095,False
2022-05-13,3052.21101624816,3056.56488405373,3005.250419370082,3034.350830078125,2187823.0,TCS,0.0018336358359571925,False
2022-05-16,3034.4396113097378,3047.7680429845973,2991.4332918791674,3000.49658203125,1195813.0,TCS,-0.011156998627611991,False
2022-05-17,2994.454900686488,3080.645442338295,2977.038993125452,3066.961669921875,1754076.0,TCS,0.022151362640656647,False
2022-05-18,3078.868298353035,3105.525166737044,3059.364399705565,3064.4736328125,1866781.0,TCS,-0.0008112384102402226,False
2022-05-19,3018.445930591596,3025.554428514685,2870.056036447117,2898.445556640625,4642963.0,TCS,-0.05417833405193906,False
2022-05-20,2941.1412035828844,2944.6065097681267,2905.643183198375,2926.03564453125,3065125.0,TCS,0.009518925697056257,False
2022-05-23,2936.5202138894765,2966.820052808569,2902.932521493636,2951.581298828125,2293690.0,TCS,0.008730465859026593,False
2022-05-24,2945.716906382836,2954.3361333164494,2910.5744447313305,2921.592529296875,1711510.0,TCS,-0.01016023835872537,False
2022-05-25,2945.6110559752246,2945.6110559752246,2821.44780946454,2833.613525390625,3548046.0,TCS,-0.030113372424122264,False
2022-05-26,2854.50145711165,2899.6761119484217,2845.153478156193,2886.660400390625,2813186.0,TCS,0.01872057516830461,False
2022-05-27,2910.142260546347,2933.132090597313,2888.673117763423,2917.38818359375,3103153.0,TCS,0.010644751699564914,False
2022-05-30,2949.323427865297,3029.474979929779,2939.7965833136136,3019.32177734375,2094624.0,TCS,0.034940017349502694,False
2022-05-31,3000.446242074904,3026.61175498754,2974.370271265418,3009.57080078125,4840965.0,TCS,-0.00322952546352262,False
2022-06-01,3030.7269440021355,3030.7269440021355,2987.833434858042,3001.3857421875,1493835.0,TCS,-0.0027196763710045646,False
2022-06-02,3001.206902011668,3070.0870604184925,2993.424382338286,3062.0361328125,2657939.0,TCS,0.020207462763782047,False
2022-06-03,3094.5982170029392,3110.610751823533,3069.372015615545,3077.378173828125,1913622.0,TCS,0.005010404956107939,False
2022-06-06,3057.5631153993645,3088.8722754458763,3021.020765529788,3069.1474609375,1084210.0,TCS,-0.0026745861007996252,False
2022-06-07,3042.4012031637467,3058.3241943557528,3002.1017895151595,3008.09521484375,2308256.0,TCS,-0.019892249189975675,False
2022-06-08,3023.704930238696,3053.940682272369,2993.6034913799344,3045.174072265625,2185707.0,TCS,0.012326357636189611,False
2022-06-09,3028.043802193597,3074.560280100264,2999.5078194513303,3065.704345703125,1279197.0,TCS,0.006741904715557245,False
2022-06-10,3025.359920942585,3035.1999443400923,2998.5234934948394,3005.59033203125,1527582.0,TCS,-0.01960854893138353,False
2022-06-13,2943.0615109086025,2945.7451536237168,2855.7983516097243,2880.08544921875,3030921.0,TCS,-0.04175714882862325,False
2022-06-14,2853.606507263308,2897.3497923832656,2839.919886919301,2871.989501953125,2611493.0,TCS,-0.0028110093982874895,False
2022-06-15,2879.101425225986,2892.966912903787,2863.4468423639523,2868.18798828125,1404536.0,TCS,-0.0013236516600390047,False
2022-06-16,2898.333866889124,2902.6725095727124,2802.662056536165,2810.668212890625,2032028.0,TCS,-0.020054395188055074,False
2022-06-17,2765.94115364254,2789.870301721433,2704.9778226240087,2763.16796875,5240434.0,TCS,-0.016899982688377668,False
2022-06-20,2767.73010976288,2807.7611124816544,2745.3664210931734,2784.189697265625,1502769.0,TCS,0.007607835916372041,False
2022-06-21,2799.9338157288757,2896.321313698456,2795.8188096638946,2873.241943359375,2964461.0,TCS,0.03198497795649802,False
2022-06-22,2862.462908590004,2907.771877636186,2847.345140817848,2883.082275390625,3336315.0,TCS,0.003424818454287548,False
2022-06-23,2883.081913563109,2968.108699833873,2883.081913563109,2959.87890625,3692578.0,TCS,0.026636989001283418,False
2022-06-24,2986.8946108169766,2992.2618967303943,2931.879930204445,2945.8349609375,2132118.0,TCS,-0.004744770227878337,False
2022-06-27,2996.733817185536,3008.2733913920747,2957.821004932529,2965.15625,2037686.0,TCS,0.006558849806151734,False
2022-06-28,2958.2690452354923,2978.843640953792,2927.496693780204,2968.2431640625,1400046.0,TCS,0.0010410628655741494,False
2022-06-29,2926.0653540821827,2981.527308210307,2926.0653540821827,2943.509033203125,2133994.0,TCS,-0.008332919337215805,False
2022-06-30,2926.959856201318,2961.7576717790407,2911.752546434991,2922.57666015625,2719603.0,TCS,-0.00711136701493198,False
2022-07-01,2916.2247513559887,2981.5267166470894,2909.113142650622,2965.514404296875,1502879.0,TCS,0.01469174264134776,False
2022-07-04,2962.741893920842,2968.064408897804,2884.9610174077725,2893.906494140625,2622535.0,TCS,-0.02414687652587144,False
2022-07-05,2911.752246950709,2926.9595551529096,2868.7691939118813,2877.13330078125,2170627.0,TCS,-0.005796038466804654,False
2022-07-06,2879.1016021450087,2923.8289844992887,2864.565202879868,2916.896240234375,2182144.0,TCS,0.013820332704893357,False
2022-07-07,2926.064970356502,2969.3609834462977,2920.7424562325778,2941.13818359375,1989921.0,TCS,0.008310869281187516,False
2022-07-08,2952.0070042630127,2956.47974214826,2907.279625410543,2921.100341796875,2136916.0,TCS,-0.006812954899110157,False
2022-07-11,2868.0539746766594,2884.9162859075004,2778.465111326728,2785.442626953125,6974600.0,TCS,-0.04644062133117344,False
2022-07-12,2786.4261820294582,2805.480089247644,2755.4301956021764,2759.410888671875,3734815.0,TCS,-0.009345637935370021,False
2022-07-13,2776.675624742904,2782.04291010001,2714.9518431361835,2718.306396484375,3863530.0,TCS,-0.014896111469388296,False
2022-07-14,2740.9537502605253,2741.850659210218,2661.128853737885,2689.605712890625,4764908.0,TCS,-0.010558296015073632,False
2022-07-15,2707.363977619108,2716.646851889393,2648.571564686502,2685.883056640625,4574806.0,TCS,-0.001384089954954426,False
2022-07-18,2711.3558503218337,2759.7440460659423,2703.5527859793337,2747.6806640625,3202795.0,TCS,0.0230083015971545,False
2022-07-19,2717.678694261558,2761.537449268749,2717.678694261558,2757.322021484375,1865074.0,TCS,0.0035089075480918552,False
2022-07-20,2787.4135458013584,2844.950164613829,2778.668683955497,2838.537353515625,3402251.0,TCS,0.029454424038411142,False
2022-07-21,2840.5105735487355,2855.7580253170745,2819.92655745586,2849.748779296875,2420640.0,TCS,0.003949719304332744,False
2022-07-22,2856.655114449676,2867.4180222592195,2819.433391608338,2844.098388671875,2075886.0,TCS,-0.0019827679780229923,False
2022-07-25,2838.716054295857,2857.954702243871,2824.4552934601734,2840.28564453125,1797504.0,TCS,-0.0013405809573294736,False
2022-07-26,2838.447170750544,2842.214143830151,2777.2780357816973,2794.677978515625,2639367.0,TCS,-0.016057422289000756,False
2022-07-27,2793.871103155603,2864.8166816784224,2789.386558848772,2860.10791015625,1389808.0,TCS,0.02341233306435453,False
2022-07-28,2884.459134431069,2927.5107633031744,2871.588403627416,2924.37158203125,2106333.0,TCS,0.022468967568251452,False
2022-07-29,2950.8300463555915,2975.3157011729186,2937.376413925399,2961.503173828125,2430257.0,TCS,0.012697289231310194,False
2022-08-01,2984.0156856722806,2984.0156856722806,2933.78879105321,2958.722900390625,1306913.0,TCS,-0.0009388048144166605,False
2022-08-02,2950.830100362577,2971.369225326498,2934.371735466329,2952.444580078125,1269114.0,TCS,-0.002121969688905656,False
2022-08-03,2941.8609751646954,3003.747684703221,2939.215137899092,2995.22705078125,2895824.0,TCS,0.01449052456117328,False
2022-08-04,3004.644817392096,3038.637577140398,2966.3917403654004,3009.08447265625,2150567.0,TCS,0.004626501310271536,False
2022-08-05,3014.689879862934,3028.861083003313,3009.1290889772326,3018.14306640625,1106933.0,TCS,0.003010415238360986,False
2022-08-08,3018.097986455692,3030.5649306683526,2992.0876323376488,3026.57373046875,1068836.0,TCS,0.002793328174644394,False
2022-08-09,3018.097986455692,3030.5649306683526,2992.0876323376488,3026.57373046875,1068836.0,TCS,0.0,False
2022-08-10,3036.0364904074586,3036.0364904074586,2991.1910474176884,3008.45654296875,1878359.0,TCS,-0.005986038706942032,False
2022-08-11,3049.4899618791087,3075.231200998242,3027.1121308061656,3069.67041015625,1449248.0,TCS,0.020347266551204335,False
2022-08-12,3066.531141485432,3066.531141485432,3032.6728347901767,3050.880126953125,1472354.0,TCS,-0.006121270590144112,False
2022-08-15,3066.531141485432,3066.531141485432,3032.6728347901767,3050.880126953125,1472354.0,TCS,0.0,False
2022-08-16,3059.3561027853134,3062.8092894639904,3038.278744703972,3042.942626953125,839942.0,TCS,-0.0026017082512930223,False
2022-08-17,3036.126264902708,3065.589589525235,3023.56954088203,3050.476806640625,1622326.0,TCS,0.002475951935723364,False
2022-08-18,3040.520313944085,3042.3141312384478,3015.406871823013,3032.67236328125,1430659.0,TCS,-0.005836609975403251,False
2022-08-19,3037.8298761496944,3068.7732274125124,3023.703563616669,3036.708740234375,1398410.0,TCS,0.0013309637407576957,False
2022-08-22,3018.098484400233,3035.229532182766,3002.3127999837025,3008.725830078125,1536532.0,TCS,-0.00921488115916258,False
2022-08-23,2977.692165242651,2997.3792685403614,2932.891616907202,2945.986572265625,1849256.0,TCS,-0.02085243433791739,False
2022-08-24,2952.624064621986,2966.974606855872,2915.13322924158,2919.75244140625,1691923.0,TCS,-0.008905040880481496,False
2022-08-25,2938.2730091845947,2940.20127537172,2883.337349290652,2886.431640625,1946930.0,TCS,-0.011412200674520756,False
2022-08-26,2900.872705582632,2921.2324952677013,2885.1767987152125,2890.02001953125,1457962.0,TCS,0.0012431885985952906,False
2022-08-29,2802.8398673517304,2818.715108566037,2763.375882019418,2809.611572265625,2539173.0,TCS,-0.027822799400077147,False
2022-08-30,2829.7473003990763,2893.876280423968,2818.1772643190006,2880.108642578125,3431525.0,TCS,0.025091393774283377,False
2022-08-31,2829.7473003990763,2893.876280423968,2818.1772643190006,2880.108642578125,3431525.0,TCS,0.0,False
2022-09-01,2861.13894561839,2861.13894561839,2799.2522411520363,2808.84912109375,3546935.0,TCS,-0.024741956060583603,False
2022-09-02,2836.922418745484,2836.922418745484,2798.6244583411744,2807.68310546875,2052900.0,TCS,-0.00041512219942452244,False
2022-09-05,2801.6294057785217,2823.4243359042207,2791.4047318785147,2810.374267578125,2147912.0,TCS,0.0009584992352353883,False
2022-09-06,2812.257301713868,2817.055850971936,2786.1125000202123,2804.678466796875,1936453.0,TCS,-0.0020267054274442087,False
2022-09-07,2782.211346585574,2835.936100924758,2782.211346585574,2824.904296875,1291534.0,TCS,0.007211461248612938,False
2022-09-08,2843.2009685673893,2855.3092376764303,2834.3216588095115,2842.886962890625,1346113.0,TCS,0.006365761146499116,False
2022-09-09,2865.623580085852,2900.154568453084,2841.855497183731,2885.9384765625,1561185.0,TCS,0.015143589679732061,False
2022-09-12,2905.8949993497577,2932.712706306049,2892.531144596041,2908.630615234375,1785928.0,TCS,0.007863001535259428,False
2022-09-13,2927.017323620031,2927.017323620031,2892.5312200007597,2896.432861328125,1972678.0,TCS,-0.004193641448440588,False
2022-09-14,2811.8090673004745,2817.549195989468,2792.794644674827,2798.714111328125,5090269.0,TCS,-0.033737619574994104,False
2022-09-15,2807.324470182577,2814.275513199802,2780.417206890092,2784.31884765625,2138023.0,TCS,-0.00514352774140403,False
2022-09-16,2758.891299198653,2775.3496622556345,2690.726234589064,2698.529296875,5322221.0,TCS,-0.030811683386572253,False
2022-09-19,2723.015317228446,2728.3967704245497,2679.784353680792,2716.5576171875,2072220.0,TCS,0.006680794732663253,False
2022-09-20,2735.571797602663,2762.434171951961,2717.6336218806787,2726.871826171875,1544295.0,TCS,0.0037967937507077387,False
2022-09-21,2715.839934791707,2727.85842551412,2689.0671186515897,2691.802734375,2253818.0,TCS,-0.0128605574564562,False
2022-09-22,2681.7573993510478,2717.588863283786,2672.1605186728298,2697.363525390625,2017983.0,TCS,0.00206582412024936,False
2022-09-23,2694.3145495300373,2710.907365497516,2671.8918252496605,2674.62744140625,2652374.0,TCS,-0.008429002531678553,False
2022-09-26,2654.715830856097,2713.9118168201303,2624.445156215398,2685.703857421875,2925489.0,TCS,0.004141293042967176,False
2022-09-27,2699.157038211504,2713.148901955787,2669.2003742877428,2706.377197265625,2227447.0,TCS,0.007697550043211043,False
2022-09-28,2672.7882836301883,2735.527011795521,2672.7882836301883,2722.701171875,2739767.0,TCS,0.0060316701699481,False
2022-09-29,2739.159868244052,2740.819237350906,2681.7576968073727,2688.30517578125,2493902.0,TCS,-0.012633041205202478,False
2022-09-30,2682.5202523624566,2708.395944492263,2645.9712122185083,2694.807861328125,2817353.0,TCS,0.002418879227498838,False
2022-10-03,2686.242005078373,2709.292518723233,2667.406919233083,2677.22802734375,1763331.0,TCS,-0.006523594589675441,False
2022-10-04,2717.588718557192,2778.6234049291743,2711.355246320495,2772.4794921875,2145875.0,TCS,0.0355783907350824,False
2022-10-05,2717.588718557192,2778.6234049291743,2711.355246320495,2772.4794921875,2145875.0,TCS,0.0,False
2022-10-06,2790.2835732028752,2801.94338884146,2773.6458694011303,2782.16650390625,1790816.0,TCS,0.003493988592538466,False
2022-10-07,2778.085574778819,2784.902170094704,2742.8372297358187,2748.93603515625,1939879.0,TCS,-0.011944097775364426,False
2022-10-10,2699.695439360348,2804.633767069704,2695.210895441145,2797.054931640625,3064063.0,TCS,0.017504552986675748,False
2022-10-11,2780.417520985849,2820.778420484031,2738.5768094281584,2753.106689453125,4730645.0,TCS,-0.015712327166103268,False
2022-10-12,2766.8739951763155,2789.296716194542,2746.379759548788,2781.090087890625,1665247.0,TCS,0.010164298588464238,False
2022-10-13,2781.090035970088,2789.386442591945,2737.679736477988,2783.377197265625,2054781.0,TCS,0.0008223787445644781,False
2022-10-14,2820.778388463066,2825.262932800845,2754.407132263935,2779.655029296875,2245977.0,TCS,-0.0013372847821009337,False
2022-10-17,2763.019215303223,2813.1512922234274,2761.9401831157984,2798.17919921875,1517005.0,TCS,0.006664197436960562,False
2022-10-18,2832.5748013053026,2837.3857701324823,2813.2863596612765,2827.808837890625,1793722.0,TCS,0.010588899624494275,False
2022-10-19,2840.668030854225,2840.668030854225,2798.404213997578,2807.26171875,1194289.0,TCS,-0.007266091988011425,False
2022-10-20,2792.1093833185605,2841.567037451417,2792.1093833185605,2839.13916015625,1587601.0,TCS,0.011355350729622904,False
2022-10-21,2839.5888102481545,2841.926676749231,2811.8924796841284,2821.244384765625,1021913.0,TCS,-0.006302887735041507,False
2022-10-24,2850.649367528384,2857.753197352684,2837.0709054901563,2843.095703125,260949.0,TCS,0.007745276686191849,False
2022-10-25,2860.0008211883264,2863.372933459811,2833.608334661418,2843.455078125,2069643.0,TCS,0.00012640270941455256,False
2022-10-26,2860.0008211883264,2863.372933459811,2833.608334661418,2843.455078125,2069643.0,TCS,0.0,False
2022-10-27,2842.1962627209805,2854.156065820698,2818.501683563732,2839.228759765625,2438421.0,TCS,-0.001486332030313564,False
2022-10-28,2832.574946714712,2858.2030057564166,2828.078796005641,2844.48974609375,1355739.0,TCS,0.0018529631717871808,False
2022-10-31,2876.637048668789,2876.637048668789,2857.5734147297503,2871.37646484375,1919414.0,TCS,0.009452211521213227,False
2022-11-01,2890.5750595933964,2933.8281137695244,2880.638523413628,2931.22021484375,2991060.0,TCS,0.020841485166681606,False
2022-11-02,2940.4826817707453,2940.4826817707453,2897.3646386476103,2915.034423828125,1405955.0,TCS,-0.0055218611463102585,False
2022-11-03,2902.759109440862,2902.759109440862,2873.0395174729088,2883.60546875,1422652.0,TCS,-0.01078167544822728,False
2022-11-04,2892.823257100407,2895.565952837209,2847.0973182984712,2893.182861328125,1464013.0,TCS,0.0033213255703377076,False
2022-11-07,2903.6139944666893,2916.0234137611046,2873.1301818756806,2907.84033203125,1474498.0,TCS,0.005066209571142233,False
2022-11-08,2903.6139944666893,2916.0234137611046,2873.1301818756806,2907.84033203125,1474498.0,TCS,0.0,False
2022-11-09,2922.317763177847,2922.317763177847,2879.019705987638,2891.96875,1162267.0,TCS,-0.005458202727439021,False
2022-11-10,2850.559236004668,2900.01688836437,2850.559236004668,2882.61669921875,1573092.0,TCS,-0.0032338007736943952,False
2022-11-11,2940.1228186004687,3004.8673857085314,2927.038976756328,2981.802001953125,3265394.0,TCS,0.03440807886850039,False
2022-11-14,2989.040933647036,3011.5216867581,2975.552481780397,2999.382080078125,1342074.0,TCS,0.005895789899357684,False
2022-11-15,2986.3430134656087,3003.3833791047664,2960.26534186353,2996.774169921875,1400708.0,TCS,-0.0008694824755978159,False
2022-11-16,3002.439665125464,3028.51734125691,2986.74814184375,3017.232177734375,1748235.0,TCS,0.006826676503633111,False
2022-11-17,3003.428657283424,3021.413260021648,2983.4207867371497,3011.521728515625,1417986.0,TCS,-0.0018926117986179936,False
2022-11-18,3012.4207626399884,3023.8859461395887,2986.3430903663884,3006.53076171875,1164540.0,TCS,-0.0016572906479858096,False
2022-11-21,2987.6920446515246,2997.763377989884,2943.180154144301,2952.6220703125,1304194.0,TCS,-0.017930530461438554,False
2022-11-22,2949.474300220908,2984.499263628318,2927.2183584738145,2980.90234375,1149739.0,TCS,0.009578020066248083,False
2022-11-23,2994.4360999578107,2994.4360999578107,2959.3661276159623,2974.9228515625,1150011.0,TCS,-0.0020059336059892185,False
2022-11-24,2982.0719958636614,3051.042904713645,2974.9231600526905,3039.53271484375,1296591.0,TCS,0.021718164303761833,False
2022-11-25,3042.094915689319,3060.3943329562003,3010.621867492711,3048.07470703125,1588981.0,TCS,0.0028102978282762425,False
2022-11-28,3026.808360772863,3072.669093511846,3026.403751156413,3053.11083984375,2195437.0,TCS,0.0016522340482281184,False
2022-11-29,3042.0957148932566,3083.4603033901794,3042.0957148932566,3054.999755859375,1576028.0,TCS,0.0006186856995082923,False
2022-11-30,3042.0955801028995,3070.780933908881,3034.901738943921,3049.109619140625,3410702.0,TCS,-0.001928031813244191,False
2022-12-01,3079.863019871368,3129.320674205069,3075.366869477395,3125.408935546875,2180856.0,TCS,0.025023474370119425,False
2022-12-02,3109.6279899771803,3119.339500342452,3069.0726208258848,3092.58740234375,2411749.0,TCS,-0.01050151640312691,False
2022-12-05,3087.0572295600364,3092.58740739032,3063.677244716296,3080.672607421875,1475065.0,TCS,-0.003852694644246868,False
2022-12-06,3057.426888540139,3064.5307174531717,3028.6065242340583,3044.208251953125,1166999.0,TCS,-0.011836491609300226,False
2022-12-07,3028.8769253670016,3051.717283114325,3016.0178904534705,3039.9375,1167505.0,TCS,-0.0014029105763000427,False
2022-12-08,3021.412718425357,3039.9369437406544,3002.93349851656,3012.9150390625,1285619.0,TCS,-0.008889150167560977,False
2022-12-09,3034.092398588754,3034.092398588754,2946.192655434108,2960.93994140625,1797896.0,TCS,-0.017250767772204578,False
2022-12-12,2927.4435310812128,2963.8623493913924,2909.9985553110337,2955.274658203125,1527610.0,TCS,-0.0019133394514021518,False
2022-12-13,2946.9568427685667,3000.2362262470147,2938.5041676355268,2996.32470703125,1378016.0,TCS,0.013890434418398323,False
2022-12-14,3011.341818951149,3036.7000639995404,3004.237769399859,3026.22412109375,1213311.0,TCS,0.009978696231532247,False
2022-12-15,3020.33426940705,3025.684644887717,2966.5152571554577,2972.045654296875,1415694.0,TCS,-0.01790299218727187,False
2022-12-16,2944.978716196667,2960.26562861662,2900.197011199909,2913.73046875,2703680.0,TCS,-0.01962122804626676,False
2022-12-19,2901.815630657148,2918.451388068725,2872.590651420595,2879.3798828125,2120965.0,TCS,-0.011789211907523023,False
2022-12-20,2876.5472548000416,2921.598773377634,2844.84939183865,2917.0576171875,1529971.0,TCS,0.013085364178552661,False
2022-12-21,2921.5982324743363,2952.2170574887764,2913.5051625782858,2939.17822265625,1432566.0,TCS,0.007583191136991463,False
2022-12-22,2962.06385014797,2962.06385014797,2918.0915875468195,2931.22021484375,1384101.0,TCS,-0.00270756218563295,False
2022-12-23,2892.82319170629,2937.649899386993,2892.82319170629,2903.029541015625,1360281.0,TCS,-0.009617385171324488,False
2022-12-26,2903.0295456954937,2942.2808512656748,2900.0620424940166,2925.10546875,870157.0,TCS,0.007604444743835259,False
2022-12-27,2939.762770587653,2943.8993165416755,2905.861842359533,2931.040283203125,835883.0,TCS,0.0020289232359409493,False
2022-12-28,2922.317657261713,2936.97514996556,2900.915939651672,2928.882080078125,910795.0,TCS,-0.0007363266678277469,False
2022-12-29,2905.502231554976,2941.831036874104,2902.714530652486,2939.358154296875,1037927.0,TCS,0.00357681665984666,False
2022-12-30,2954.914950729539,2966.5599359733387,2919.080545409243,2928.5224609375,1163131.0,TCS,-0.0036864147853281626,False
2023-01-02,2932.3895797849805,2937.650164086702,2909.189397527533,2932.794189453125,709547.0,TCS,0.0014586633951434447,False
2023-01-03,2924.296135819554,2985.4437794959777,2918.271338365036,2977.66552734375,1245178.0,TCS,0.01529985910773779,False
2023-01-04,2973.484221029113,2992.053454899718,2955.050003400902,2980.633056640625,1231668.0,TCS,0.0009965959136861713,False
2023-01-05,2994.6160814211885,3001.00070304536,2951.228228425236,2977.44091796875,1826057.0,TCS,-0.0010709599642810819,False
2023-01-06,2967.4592187363287,2968.8530692467866,2877.5362121079547,2887.92236328125,2488376.0,TCS,-0.03006560235914635,False
2023-01-09,2903.614229568449,2991.7387865513256,2896.5551848926398,2985.399169921875,2885060.0,TCS,0.03375326424283509,False
2023-01-10,2953.9709019935526,2965.660893386526,2904.6032569263607,2955.229736328125,3864655.0,TCS,-0.010105661546941258,False
2023-01-11,2958.556699558339,3011.9708735396725,2941.516115492318,2993.266845703125,2720512.0,TCS,0.012871117567414991,False
2023-01-12,2993.5369316546853,3012.420763305256,2981.442331005253,2998.347900390625,2250391.0,TCS,0.0016974947271386487,False
2023-01-13,3006.0360632064358,3038.498356009124,2971.9553319355296,3034.496826171875,1742837.0,TCS,0.01205628131963632,False
2023-01-16,3050.544925777311,3083.6530407390187,3033.1172268351675,3066.225341796875,1843607.0,TCS,0.0104559396310282,False
2023-01-17,3062.501002679159,3110.1399520710397,3054.223972942188,3107.012939453125,1688475.0,TCS,0.013302217909511915,False
2023-01-18,3108.4844527793143,3135.1088531125965,3101.3570106168763,3117.68115234375,2421189.0,TCS,0.0034335913942162843,False
2023-01-19,3108.484549100195,3114.9222389947813,3091.0108193863184,3102.138916015625,1585044.0,TCS,-0.004985191098339503,False
2023-01-20,3094.6896660665084,3121.9577927776777,3086.044857553808,3092.9423828125,1529349.0,TCS,-0.002964578135313478,False
2023-01-23,3115.841536579629,3144.3513027053577,3086.044322440379,3140.58056640625,1067916.0,TCS,0.015402221476376488,False
2023-01-24,3149.8694039858374,3174.654462857429,3142.787990669495,3160.26171875,1387863.0,TCS,0.006266724233816134,False
2023-01-25,3150.1450630560485,3159.0658153581485,3131.475720900872,3154.237548828125,874110.0,TCS,-0.0019062250085596366,False
2023-01-26,3150.1450630560485,3159.0658153581485,3131.475720900872,3154.237548828125,874110.0,TCS,0.0,False
2023-01-27,3150.789549503098,3169.1829502590995,3110.6000137569977,3137.04052734375,1785879.0,TCS,-0.0054520375267119725,False
2023-01-30,3145.2708153947992,3180.632075416511,3113.588234689339,3157.82421875,1953798.0,TCS,0.006625254352020882,False
2023-01-31,3171.9420023718426,3171.9420023718426,3081.8143374740634,3088.895751953125,2820375.0,TCS,-0.021827835250487704,False
2023-02-01,3092.8502482199547,3144.3517688563857,3085.492888129036,3134.557373046875,2205161.0,TCS,0.014782506358422154,False
2023-02-02,3151.7091367465514,3190.3352773194592,3145.363503463956,3182.426025390625,1813847.0,TCS,0.015271263737380636,False
2023-02-03,3222.523443017251,3222.523443017251,3175.5282196617327,3202.566650390625,1804469.0,TCS,0.006328701700938355,False
2023-02-06,3194.1515611886443,3194.1515611886443,3160.7677220012893,3182.011962890625,1138714.0,TCS,-0.006418191951600094,False
2023-02-07,3190.2429235610102,3212.4070586382527,3183.345399100722,3193.599853515625,1455647.0,TCS,0.0036416866938719927,False
2023-02-08,3198.658155467108,3255.5396078857866,3198.658155467108,3237.330322265625,1986946.0,TCS,0.013693158428054186,False
2023-02-09,3232.6400151634225,3262.621346651852,3223.719261165319,3256.41357421875,1655427.0,TCS,0.005894749702208157,False
2023-02-10,3237.238165731009,3257.7928785550507,3226.339987208153,3253.37841796875,1187821.0,TCS,-0.0009320549066708095,False
2023-02-13,3263.9083050860527,3263.9083050860527,3194.3811744561426,3202.658203125,1087939.0,TCS,-0.015590013926328639,False
2023-02-14,3223.4430603616947,3241.6985980328905,3214.246361188052,3218.936767578125,1579818.0,TCS,0.005082829144003265,False
2023-02-15,3206.888891516306,3242.7560170595057,3182.1956652731296,3237.835693359375,1429449.0,TCS,0.005871170248388902,False
2023-02-16,3243.860023890424,3287.8202954032563,3243.6761347936463,3272.23193359375,1618931.0,TCS,0.010623219796149552,False
2023-02-17,3242.894092415164,3254.619884234397,3209.648113656855,3219.90234375,1061369.0,TCS,-0.015992017346483922,False
2023-02-20,3220.6841423269884,3239.077541198073,3195.8990822539604,3207.1650390625,1296082.0,TCS,-0.003955804657313267,False
2023-02-21,3213.326813814157,3227.029806293947,3168.0330686566454,3173.781005859375,1139541.0,TCS,-0.01040920339194129,False
2023-02-22,3140.626464518194,3170.101927695676,3122.2790961783635,3128.302978515625,1218430.0,TCS,-0.01432928965791569,False
2023-02-23,3146.190914704899,3175.068461467988,3134.2352052950296,3139.5693359375,1441570.0,TCS,0.0036014278345957162,False
2023-02-24,3147.570516072989,3158.100692470088,3110.599827670895,3127.291748046875,977592.0,TCS,-0.003910596192314597,False
2023-02-27,3117.68135840914,3117.68135840914,3049.625777134132,3064.20263671875,1128022.0,TCS,-0.020173721037548442,False
2023-02-28,3061.1212597371414,3119.52029834111,3034.8186108063605,3046.728515625,4116217.0,TCS,-0.00570266498839056,False
2023-03-01,3056.062821233637,3116.761029539812,3048.7054626510703,3113.72607421875,1669307.0,TCS,0.02198999951920766,False
2023-03-02,3091.0111806550976,3099.1961546661864,3051.465366680635,3054.63818359375,1556538.0,TCS,-0.01897658599908325,False
2023-03-03,3084.5729833040723,3088.251663069492,3063.512631458565,3073.6748046875,1043190.0,TCS,0.006232037953298075,False
2023-03-06,3091.838362047992,3131.430198902516,3089.171408964008,3100.9892578125,1334132.0,TCS,0.008886578724380367,False
2023-03-07,3091.838362047992,3131.430198902516,3089.171408964008,3100.9892578125,1334132.0,TCS,0.0,False
2023-03-08,3093.7698741232675,3123.1993140673653,3063.282903492702,3118.049072265625,1844590.0,TCS,0.005501410367722226,False
2023-03-09,3113.0827998019863,3113.0827998019863,3063.28276151623,3068.80078125,1648500.0,TCS,-0.015794584970992953,False
2023-03-10,3046.774538114063,3069.16859157978,3025.7141857210204,3063.420654296875,1024404.0,TCS,-0.0017531691812635586,False
2023-03-13,3065.259987545812,3099.103887099542,3009.1601197869472,3018.310791015625,1901233.0,TCS,-0.014725324521781546,False
2023-03-14,3016.517197373872,3038.9570525672148,2951.5884142286423,2956.692626953125,2670334.0,TCS,-0.02041478440388378,False
2023-03-15,2988.9273534129698,2998.4460272576657,2935.5864960289846,2941.93212890625,1780522.0,TCS,-0.004992232845686617,False
2023-03-16,2950.301089702708,2961.1532396142297,2917.1929727359693,2929.148681640625,1901060.0,TCS,-0.004345255670591408,False
2023-03-17,2897.420440551225,2962.6249561150617,2891.442585333456,2923.906982421875,6739966.0,TCS,-0.0017894957847663928,False
2023-03-20,2915.0317523258964,2915.0317523258964,2846.424509123387,2890.798583984375,2289468.0,TCS,-0.011323341897174988,False
2023-03-21,2890.798344143033,2903.1678589753687,2848.631390837733,2856.586669921875,1815297.0,TCS,-0.011834762287501133,False
2023-03-22,2878.6127378279625,2890.9822527438723,2856.5866892222766,2879.302490234375,1123939.0,TCS,0.00795208510621559,False
2023-03-23,2864.679702784,2893.603500974921,2851.896380891422,2873.646484375,1372218.0,TCS,-0.0019643666751091304,False
2023-03-24,2895.9488612483124,2915.3539886499057,2856.4951068601285,2869.830322265625,1329577.0,TCS,-0.0013279859335950661,False
2023-03-27,2883.1651142967976,2899.4892548960856,2856.494687402186,2871.4853515625,1524217.0,TCS,0.0005766993553710797,False
2023-03-28,2875.807790984465,2896.5463922339063,2860.311263284212,2865.599365234375,1303530.0,TCS,-0.002049805451705411,False
2023-03-29,2877.6475536858165,2896.960624515923,2854.747859513075,2886.752197265625,1740616.0,TCS,0.007381643187068354,False
2023-03-30,2877.6475536858165,2896.960624515923,2854.747859513075,2886.752197265625,1740616.0,TCS,0.0,False
2023-03-31,2933.701181901108,2954.8996196587623,2898.799751373924,2948.369873046875,2382581.0,TCS,0.02134498272474339,False
2023-04-03,2965.8898141068407,2965.8898141068407,2918.8027535438537,2942.944091796875,1521830.0,TCS,-0.0018402647848225762,False
2023-04-04,2965.8898141068407,2965.8898141068407,2918.8027535438537,2942.944091796875,1521830.0,TCS,0.0,False
2023-04-05,2929.60874969603,3002.1248181336805,2929.60874969603,2979.546875,2655065.0,TCS,0.012437471478017992,False
2023-04-06,2965.935338247377,2995.686748428594,2956.738639524129,2961.980712890625,1703464.0,TCS,-0.005895581726457988,False
2023-04-07,2965.935338247377,2995.686748428594,2956.738639524129,2961.980712890625,1703464.0,TCS,0.0,False
2023-04-10,2961.3371476348343,3009.159983559372,2956.738798026706,3001.250732421875,2203187.0,TCS,0.013258026752283048,False
2023-04-11,3001.802391344396,3010.0333915987303,2935.7240227895977,2955.635009765625,2348779.0,TCS,-0.015198904297955895,False
2023-04-12,2968.648856391725,2998.997967667556,2942.024453678238,2981.248291015625,2417727.0,TCS,0.008665914825535692,False
2023-04-13,2952.140381716384,2970.5337797333086,2924.550284690997,2932.689453125,4174070.0,TCS,-0.016288089132650674,False
2023-04-14,2952.140381716384,2970.5337797333086,2924.550284690997,2932.689453125,4174070.0,TCS,0.0,False
2023-04-17,2882.337583186008,2909.2837321918887,2823.6165690415223,2887.3037109375,5505048.0,TCS,-0.015475809120920725,False
2023-04-18,2901.513050931488,2903.260558786897,2860.725817924927,2879.257080078125,2617302.0,TCS,-0.0027869014364139133,False
2023-04-19,2879.256681962595,2887.7636289587317,2824.7662376900453,2841.412353515625,3298034.0,TCS,-0.013143920639928752,False
2023-04-20,2841.7799540325545,2862.9323614573923,2830.743915376117,2855.39111328125,2419999.0,TCS,0.00491965192884769,False
2023-04-21,2860.173656247601,2910.249642075821,2851.7127372827904,2906.93896484375,1929184.0,TCS,0.018052816415494277,False
2023-04-24,2897.971934510457,2925.423946524252,2875.02599070183,2919.76806640625,1640676.0,TCS,0.004413268292748462,False
2023-04-25,2927.309515965075,2934.8507648170635,2894.6612320138465,2920.871826171875,2024090.0,TCS,0.00037802994639357657,False
2023-04-26,2925.469695766794,2950.668559009048,2925.469695766794,2941.241943359375,2000029.0,TCS,0.006973985302942021,False
2023-04-27,2929.1488349186,2942.2081034997614,2915.951481125579,2931.86181640625,2434446.0,TCS,-0.003189172170723009,False
2023-04-28,2943.311350007304,2968.004575726556,2939.4948098740424,2960.647216796875,2931312.0,TCS,0.009818129977868129,False
2023-05-01,2943.311350007304,2968.004575726556,2939.4948098740424,2960.647216796875,2931312.0,TCS,0.0,False
2023-05-02,2975.132096356152,2975.132096356152,2952.1403490891025,2960.78515625,2321159.0,TCS,4.6590979277283395e-05,False
2023-05-03,2957.65891928288,2957.65891928288,2918.250967316104,2924.458740234375,2468285.0,TCS,-0.012269183374870263,False
2023-05-04,2924.6880546621,2965.429474911843,2922.710854248113,2961.980712890625,1953253.0,TCS,0.012830399054712949,False
2023-05-05,2961.3373105779083,2983.409389911408,2952.186639259988,2971.177734375,1710027.0,TCS,0.003105024095649611,False
2023-05-08,2984.329006483028,2993.38784535891,2971.729572994698,2989.479248046875,928235.0,TCS,0.006159683232724866,False
2023-05-09,2991.3183117851413,3033.071234110876,2985.2484008259253,3019.506103515625,1107375.0,TCS,0.010044175917383491,False
2023-05-10,3025.713894793873,3040.888447761684,3003.687846149381,3022.77099609375,1559987.0,TCS,0.0010812670901123589,False
2023-05-11,3043.1878568124844,3043.831580870088,3009.160068749002,3018.49462890625,1719623.0,TCS,-0.001414717553207434,False
2023-05-12,3015.7354107050955,3025.7139187593248,2998.1238222356837,3011.275146484375,1027479.0,TCS,-0.002391749302032342,False
2023-05-15,3020.1959317271803,3027.553290878769,2987.409789819426,2993.571533203125,1150390.0,TCS,-0.00587910849060691,False
2023-05-16,2994.629295895425,3021.11583579998,2989.3411935953186,2996.422607421875,986306.0,TCS,0.0009523988944735162,False
2023-05-17,2994.3994756276697,3016.517583915495,2941.334561816381,2950.945068359375,1588815.0,TCS,-0.015177278048115195,False
2023-05-18,2966.809158600784,2969.56816838411,2938.3454192418985,2942.805908203125,1369364.0,TCS,-0.002758153733026014,False
2023-05-19,2952.1404038272244,2974.6723165667154,2945.748742874228,2963.958251953125,1152449.0,TCS,0.007187814762447342,False
2023-05-22,2970.5342880773565,3042.682359239601,2958.624605729065,3033.715576171875,1333243.0,TCS,0.02353519121694192,False
2023-05-23,3040.428754782496,3060.6154646158416,3025.8060928695586,3032.19775390625,1687418.0,TCS,-0.0005003179195659513,False
2023-05-24,3012.838637267653,3050.728992806165,3012.838637267653,3037.99169921875,1016555.0,TCS,0.0019108072041265078,False
2023-05-25,3029.39269628506,3040.42873525149,3004.653665413494,3028.932861328125,1374917.0,TCS,-0.0029818507710058784,False
2023-05-26,3028.9332723953503,3070.456284830263,3026.634097298648,3061.489501953125,1791115.0,TCS,0.010748551425707298,False
2023-05-29,3090.8265783111865,3101.126836063768,3045.946643251246,3053.6259765625,1210372.0,TCS,-0.002568529268386577,False
2023-05-30,3048.705523127727,3059.69553282269,3036.152119608709,3049.80908203125,1344224.0,TCS,-0.0012499548276526662,False
2023-05-31,3043.1869767619983,3060.384754904137,3002.85937140774,3025.25341796875,5815424.0,TCS,-0.008051541392271488,False
2023-06-01,3047.7857238549186,3071.69713870713,3032.611172121785,3056.982421875,1177314.0,TCS,0.010488048279787998,False
2023-06-02,3059.0523752195204,3067.9271010174266,3032.5658339871675,3040.061279296875,2030661.0,TCS,-0.0055352436628491875,False
2023-06-05,3048.705621878278,3059.741660328517,3021.1615541519814,3024.7021484375,1861468.0,TCS,-0.005052243835995118,False
2023-06-06,3016.517380828778,3024.6565495489344,2961.889076609433,2972.649169921875,2022849.0,TCS,-0.017209290687519307,False
2023-06-07,2991.686223040273,3015.45978007146,2980.6501840988403,3011.826904296875,1567196.0,TCS,0.01317940064081946,False
2023-06-08,2999.043762912063,3007.3207926165123,2973.293003831555,2976.4658203125,1759366.0,TCS,-0.011740742449018682,False
2023-06-09,2984.3289986004875,2988.9273483672064,2947.8641747619263,2951.496826171875,1775689.0,TCS,-0.008388805935625854,False
2023-06-12,2956.739032995867,2992.9739409759577,2953.060353017023,2986.076416015625,2324605.0,TCS,0.011715950204357783,False
2023-06-13,2998.123965514581,3002.7223151549406,2978.81089702507,2983.13330078125,1371928.0,TCS,-0.0009856128324746694,False
2023-06-14,2983.132915215831,2994.3070381149414,2966.7169438387605,2989.892578125,1658544.0,TCS,0.002265831480604552,False
2023-06-15,3006.8016396344283,3008.793544788029,2974.0958056287536,2979.932861328125,2273810.0,TCS,-0.0033311286397856854,False
2023-06-16,2962.051639331026,2964.2751722279727,2924.0647399839595,2941.57568359375,4156189.0,TCS,-0.012871826151573007,False
2023-06-19,2955.565603365162,2978.6356017646413,2941.667959462191,2974.46630859375,1468186.0,TCS,0.011181294835772349,False
2023-06-20,2977.801737265896,2994.942164191664,2965.8034836575825,2990.494873046875,1528452.0,TCS,0.00538871945088637,False
2023-06-21,3011.155841252993,3021.717958955176,2987.020223808767,3018.753173828125,1645987.0,TCS,0.00944937275630875,False
2023-06-22,3020.421422075228,3027.509130331622,2992.7188743583506,3000.50146484375,1529603.0,TCS,-0.0060461084207258375,False
2023-06-23,2999.3898246945278,3010.600456074895,2973.308441549502,2979.9794921875,1119505.0,TCS,-0.006839514293427884,False
2023-06-26,2969.463223564131,2977.7090684012846,2939.8149168077966,2955.2412109375,1978803.0,TCS,-0.008301493790428882,False
2023-06-27,2966.683667337439,2973.771375126299,2948.431473899292,2962.37548828125,863542.0,TCS,0.002414109994590463,False
2023-06-28,2972.2423252055373,2993.505671912036,2958.7151967123827,2979.144775390625,1575872.0,TCS,0.005660756772972286,False
2023-06-29,2972.2423252055373,2993.505671912036,2958.7151967123827,2979.144775390625,1575872.0,TCS,0.0,False
2023-06-30,2983.3607516063857,3066.7466111233343,2977.894435739723,3059.566162109375,2672406.0,TCS,0.02699478970712499,False
2023-07-03,3070.73078567228,3074.900078835827,3028.5282285215303,3031.8173828125,1687264.0,TCS,-0.009069514377732513,False
2023-07-04,3048.216842703303,3071.379584669133,3036.450215024391,3065.681640625,1656681.0,TCS,0.011169623211634727,False
2023-07-05,3076.0119468927305,3084.350533495753,3062.11430255436,3075.965576171875,1453008.0,TCS,0.0033545347340040443,False
2023-07-06,3063.5501909386862,3083.8406595588453,3059.334527255893,3078.698486328125,1848238.0,TCS,0.0008884722824664681,False
2023-07-07,3059.334887238821,3110.200176925749,3059.334887238821,3084.582275390625,1789326.0,TCS,0.0019111287086504003,False
2023-07-10,3080.412918176495,3080.412918176495,3025.239224007551,3031.4931640625,1407431.0,TCS,-0.017211118585385043,False
2023-07-11,3052.849611116292,3052.849611116292,3021.163023063104,3031.910400390625,1110172.0,TCS,0.00013763393336030383,False
2023-07-12,3039.8314402630454,3047.428773276913,3011.2487565769347,3020.328369140625,1515240.0,TCS,-0.003820044038408188,False
2023-07-13,3042.6575935366886,3119.974776122977,3032.2343603066984,3095.0517578125,4585146.0,TCS,0.024740153896954054,False
2023-07-14,3117.7050936905694,3265.807757491409,3105.660467771408,3256.357177734375,6306101.0,TCS,0.05211719626811062,False
2023-07-17,3252.049167518704,3289.0168154392363,3221.520717012072,3235.093994140625,2743228.0,TCS,-0.00652974548957308,False
2023-07-18,3220.5474184425743,3265.0198799170403,3210.3558126880093,3239.865234375,2600090.0,TCS,0.0014748382096521073,False
2023-07-19,3242.7835851217083,3258.3953622895324,3192.427698113294,3215.03466796875,2405370.0,TCS,-0.007664073845664143,False
2023-07-20,3207.650315621179,3231.6162445859936,3191.812201185396,3217.125244140625,1715404.0,TCS,0.0006502499623730618,False
2023-07-21,3162.0865373821557,3190.743550376295,3120.2851854216624,3128.877685546875,3770223.0,TCS,-0.027430563592286572,False
2023-07-24,3140.6746314391708,3170.818002760362,3132.407344389984,3153.447265625,1680132.0,TCS,0.007852521749769359,False
2023-07-25,3156.0020424597774,3164.641033805337,3139.9316997265278,3157.53466796875,1272980.0,TCS,0.0012961695565059106,False
2023-07-26,3158.649818156021,3177.6926576909354,3144.390820765132,3147.456298828125,1066803.0,TCS,-0.003191847501426981,False
2023-07-27,3153.633477546884,3169.146379311708,3144.437270267033,3155.44482421875,1701769.0,TCS,0.0025380893750930333,False
2023-07-28,3144.3903763886888,3152.47192520402,3094.228757385738,3116.894287109375,2599831.0,TCS,-0.012217148217421148,False
2023-07-31,3125.2546433386306,3183.0798446211247,3122.003427202266,3178.24951171875,2743678.0,TCS,0.019684730683078744,False
2023-08-01,3172.258069660684,3214.059420505408,3172.258069660684,3206.674560546875,1956167.0,TCS,0.008943617775545087,False
2023-08-02,3190.789680697638,3201.4257559135945,3170.957399805504,3196.08447265625,1914899.0,TCS,-0.003302514081384933,False
2023-08-03,3176.9024561267456,3189.21063084712,3128.59867609207,3158.277587890625,2026351.0,TCS,-0.01182912563453109,False
2023-08-04,3159.48525157888,3224.2773416333084,3159.48525157888,3198.778564453125,2248493.0,TCS,0.012823754541965382,False
2023-08-07,3208.439595086255,3240.069331017348,3196.642369656952,3236.400146484375,1853889.0,TCS,0.011761233631275791,False
2023-08-08,3236.399919632617,3241.8804503952497,3210.901141336807,3223.906005859375,1634225.0,TCS,-0.003860505518321622,False
2023-08-09,3218.6111506830484,3220.5619711755417,3181.593866924947,3216.3818359375,1794589.0,TCS,-0.002333867646327148,False
2023-08-10,3204.770008770933,3218.61080881872,3186.2381232080143,3197.431640625,1096701.0,TCS,-0.005891774136007277,False
2023-08-11,3193.716374182052,3220.236829119453,3171.3293364816013,3203.65576171875,1679974.0,TCS,0.0019466002070753774,False
2023-08-14,3196.1313591222456,3209.4149453532923,3168.5425118958265,3204.631103515625,1190425.0,TCS,0.0003044465040624722,False
2023-08-15,3196.1313591222456,3209.4149453532923,3168.5425118958265,3204.631103515625,1190425.0,TCS,0.0,False
2023-08-16,3204.770413634263,3219.6331170018425,3191.022367661881,3212.5732421875,1328445.0,TCS,0.002478331644213849,False
2023-08-17,3209.4148924679835,3214.802667601421,3170.586035965849,3191.533203125,1843241.0,TCS,-0.006549279184113965,False
2023-08-18,3167.613717061391,3167.613717061391,3117.916551705736,3127.76318359375,2526749.0,TCS,-0.0199809983079009,False
2023-08-21,3135.1013352464674,3167.38126751308,3132.314578504026,3159.85693359375,1375579.0,TCS,0.010260927095869343,False
2023-08-22,3158.324458182701,3168.542566723881,3125.8587859478707,3141.7431640625,1222012.0,TCS,-0.00573246508051517,False
2023-08-23,3147.177068102608,3160.181932020387,3136.0300418873685,3156.698486328125,1330046.0,TCS,0.004760198871981203,False
2023-08-24,3165.75543087226,3170.446516407415,3137.9808480590923,3146.94482421875,1152881.0,TCS,-0.003089830134749616,False
2023-08-25,3135.1011349979294,3145.133503987289,3112.110393341278,3140.953369140625,1158046.0,TCS,-0.0019038958141289752,False
2023-08-28,3152.75105887329,3152.75105887329,3121.2607957589826,3135.612548828125,1037485.0,TCS,-0.0017003819174690182,False
2023-08-29,3140.721516741904,3148.617327956399,3125.812321973633,3136.169677734375,944517.0,TCS,0.00017767785323430374,False
2023-08-30,3156.4661593852143,3165.8483302087693,3142.578868343871,3149.917236328125,1188200.0,TCS,0.004383550638650924,False
2023-08-31,3159.2534865205184,3174.4876672491537,3105.9798917034645,3118.1953125,3417652.0,TCS,-0.010070716608765018,False
2023-09-01,3126.741244673602,3148.106380926571,3118.1952355297863,3139.0029296875,1277950.0,TCS,0.00667296788757521,False
2023-09-04,3137.888061684127,3188.839354347761,3130.5032017453477,3175.50927734375,1828332.0,TCS,0.011629918312909826,False
2023-09-05,3176.902895771779,3201.98370810682,3163.108358272764,3185.58837890625,1501842.0,TCS,0.0031740110584501657,False
2023-09-06,3189.907535196781,3199.103741686018,3156.5594370607423,3186.098876953125,1314818.0,TCS,0.0001602523572270531,False
2023-09-07,3186.935193721952,3214.059581829734,3179.0393826105205,3209.647216796875,1885092.0,TCS,0.007390963291845187,False
2023-09-08,3209.646762467813,3218.703720990079,3190.8826476046866,3197.24560546875,1518917.0,TCS,-0.0038638549630078955,False
2023-09-11,3215.9169656012573,3237.932296351562,3200.1253456084146,3233.2412109375,1783604.0,TCS,0.011258317286348296,False
2023-09-12,3243.7849028943087,3334.7259754079064,3235.424632526024,3326.27294921875,4476016.0,TCS,0.028773522360948434,False
2023-09-13,3317.26215028344,3333.7504596439576,3293.017277917469,3314.2431640625,1754929.0,TCS,-0.003616595913776499,False
2023-09-14,3316.2872366378338,3341.971755617325,3293.575213025077,3306.998046875,2604721.0,TCS,-0.002186054803118065,False
2023-09-15,3314.2435164908143,3350.9358144624653,3309.227218164352,3342.529052734375,2952897.0,TCS,0.010744187131574101,False
2023-09-18,3325.5759111878315,3362.0359753584007,3321.117055435085,3349.820556640625,1395753.0,TCS,0.0021814332175467133,False
2023-09-19,3325.5759111878315,3362.0359753584007,3321.117055435085,3349.820556640625,1395753.0,TCS,0.0,False
2023-09-20,3325.52964476678,3367.3309950501616,3325.52964476678,3349.72802734375,1649396.0,TCS,-2.76221652206754e-05,False
2023-09-21,3333.472111558681,3348.7527827829417,3277.2260243157334,3330.453125,2004073.0,TCS,-0.0057541693493947665,False
2023-09-22,3329.2451265027385,3375.4588388474685,3311.6421598212573,3347.498291015625,1989083.0,TCS,0.005117972052413933,False
2023-09-25,3346.430264395196,3362.6863447912865,3305.697080802258,3322.882080078125,1238778.0,TCS,-0.007353614191101365,False
2023-09-26,3314.011166829732,3339.4169627375986,3284.657238799929,3330.824462890625,1726062.0,TCS,0.002390209047777425,False
2023-09-27,3334.819143242111,3357.1131987958183,3302.9571768225646,3334.1689453125,1541134.0,TCS,0.0010041004739627102,False
2023-09-28,3344.108374346152,3346.7093928835707,3276.622500228605,3285.354248046875,1755753.0,TCS,-0.014640738986623214,False
2023-09-29,3285.771769304992,3314.8004838838106,3256.371577894297,3277.783203125,2243791.0,TCS,-0.0023044835808424535,False
2023-10-02,3285.771769304992,3314.8004838838106,3256.371577894297,3277.783203125,2243791.0,TCS,0.0,False
2023-10-03,3282.9851507659523,3282.9851507659523,3232.7307740458355,3264.081787109375,1948148.0,TCS,-0.004180086102876568,False
2023-10-04,3238.4898845941034,3295.8041332105504,3230.12961480862,3286.28271484375,1788138.0,TCS,0.006801584391068705,False
2023-10-05,3301.37747288154,3366.4017900176427,3298.776454838732,3334.21484375,2990768.0,TCS,0.014585515935602977,False
2023-10-06,3335.747772538649,3376.573712868575,3320.931561429297,3363.98681640625,2075691.0,TCS,0.008929230433982971,False
2023-10-09,3385.955644430069,3417.492393516818,3372.904289442665,3379.73193359375,4233074.0,TCS,0.004680493131159258,False
2023-10-10,3381.3114396957885,3388.696299926251,3345.3623220029544,3370.953857421875,1848148.0,TCS,-0.002597269944584313,False
2023-10-11,3390.554184152061,3390.554184152061,3348.7528311967617,3353.304443359375,2426417.0,TCS,-0.00523573291388757,False
2023-10-12,3320.885072209126,3333.56472449737,3286.6080554652567,3290.74169921875,4241281.0,TCS,-0.018657042686511582,False
2023-10-13,3279.0831201428778,3322.742300496055,3274.4385264882844,3317.029541015625,2890357.0,TCS,0.00798842455581239,False
2023-10-16,3312.5249895233706,3320.5600477596604,3268.958781301307,3273.556884765625,1671104.0,TCS,-0.013105899634734408,False
2023-10-17,3279.083780529412,3282.938703324361,3254.32818207953,3257.76513671875,1672065.0,TCS,-0.004824033491022006,False
2023-10-18,3261.4343833171283,3272.3026895076964,3236.353572052656,3239.37255859375,1408245.0,TCS,-0.005645765533461744,False
2023-10-19,3231.223125172474,3238.0684358855883,3214.8317596869083,3218.32421875,1514545.0,TCS,-0.0064976594889991635,False
2023-10-20,3213.4347140416057,3259.16273477458,3207.5209532330896,3254.552734375,1481211.0,TCS,0.011256950251914422,False
2023-10-23,3234.4829267293885,3240.0242499313185,3167.7071513442,3175.94921875,1106272.0,TCS,-0.024151864185446903,False
2023-10-24,3234.4829267293885,3240.0242499313185,3167.7071513442,3175.94921875,1106272.0,TCS,0.0,False
2023-10-25,3157.6488052225827,3189.779430139314,3145.2621710118374,3157.2763671875,1518537.0,TCS,-0.0058794553301608765,False
2023-10-26,3136.740771569839,3142.002652711776,3101.3039051963924,3107.59033203125,1984471.0,TCS,-0.015736992704414532,False
2023-10-27,3119.930474618358,3131.1063449752,3107.8232817317794,3120.815185546875,1108851.0,TCS,0.004255661815944833,False
2023-10-30,3119.930471716636,3150.5245077395016,3104.796480622488,3146.519775390625,910972.0,TCS,0.008236498579855978,False
2023-10-31,3165.564590242347,3165.564590242347,3119.9764077993404,3137.39208984375,999811.0,TCS,-0.0029008829432009,False
2023-11-01,3124.587219335214,3140.0472649317667,3083.609026294752,3101.909423828125,1563475.0,TCS,-0.011309605238850495,False
2023-11-02,3113.5971840186144,3144.0979943996585,3113.5971840186144,3129.336669921875,1245384.0,TCS,0.008842052538046596,False
2023-11-03,3149.732529726521,3155.2272412387383,3114.621718793595,3120.768310546875,1402598.0,TCS,-0.0027380752788142004,False
2023-11-06,3143.213340229435,3159.3252644555632,3128.3121806905697,3148.102783203125,1099852.0,TCS,0.008758892021516251,False
2023-11-07,3146.007360328012,3170.3613524077323,3134.8314904867043,3138.975830078125,1191144.0,TCS,-0.0028991915936472656,False
2023-11-08,3139.907028867174,3168.312363594793,3138.13760716147,3149.3134765625,992899.0,TCS,0.0032933182808603245,False
2023-11-09,3157.276460496739,3158.5802210317074,3112.526369431392,3117.555419921875,2112352.0,TCS,-0.010084120516097084,False
2023-11-10,3108.754408421209,3117.5553602980613,3094.179302698473,3104.516845703125,1338557.0,TCS,-0.004182307116476824,False
2023-11-13,3125.518348524688,3125.518348524688,3098.509995691787,3102.74755859375,1030990.0,TCS,-0.0005699073953564504,False
2023-11-14,3125.518348524688,3125.518348524688,3098.509995691787,3102.74755859375,1030990.0,TCS,0.0,False
2023-11-15,3150.7569866293434,3178.603436184404,3125.564669561065,3170.5009765625,2059802.0,TCS,0.02183658731149163,False
2023-11-16,3194.482754503449,3286.9631232989923,3179.7212020773018,3257.62646484375,3951984.0,TCS,0.027480038304770638,False
2023-11-17,3257.626209552958,3282.4458610340766,3252.690155264645,3261.91015625,2021292.0,TCS,0.0013149731721791014,False
2023-11-20,3251.4797282683567,3291.200542556456,3251.4797282683567,3277.8828125,1475621.0,TCS,0.004896718635672981,False
2023-11-21,3277.8824969038105,3295.9966725893887,3260.55980885504,3269.1279296875,1807236.0,TCS,-0.0026708956095421454,False
2023-11-22,3259.628967652672,3290.0365583585917,3242.027062176816,3287.708251953125,1798051.0,TCS,0.0056835714799943204,False
2023-11-23,3287.56827517058,3300.606789576356,3259.628601443918,3267.31201171875,2729804.0,TCS,-0.006203786550177726,False
2023-11-24,3254.2738349066776,3263.8665026893573,3215.856779547187,3219.67529296875,1989733.0,TCS,-0.014579788700663787,False
2023-11-27,3254.2738349066776,3263.8665026893573,3215.856779547187,3219.67529296875,1989733.0,TCS,0.0,False
2023-11-28,3219.675036815199,3242.1663837595383,3197.2300740959413,3231.82861328125,1689195.0,TCS,0.0037747037221551594,False
2023-11-29,3241.9335153053853,3276.392446666,3237.090683940245,3272.434326171875,1441634.0,TCS,0.012564315051780683,False
2023-11-30,3259.116602029924,3275.1353041689813,3241.9337467212595,3248.08056640625,3266235.0,TCS,-0.007442092747546258,False
2023-12-01,3259.6286996171643,3275.4145702734368,3250.3620863601263,3270.478515625,1172141.0,TCS,0.0068957492774053275,False
2023-12-04,3301.212171500063,3304.1459737662194,3257.766068313779,3271.2236328125,1625213.0,TCS,0.00022783124363612295,False
2023-12-05,3295.0189667313125,3295.0189667313125,3262.236460586784,3289.05859375,1377656.0,TCS,0.0054520763296657115,False
2023-12-06,3289.989790276004,3364.728417171479,3283.051256098317,3356.579345703125,1896572.0,TCS,0.02052889908420319,False
2023-12-07,3357.4176932901005,3381.213029212423,3345.031058267308,3366.6376953125,1967653.0,TCS,0.002996607132869089,False
2023-12-08,3383.494574372215,3394.670444147185,3354.670189052335,3377.627197265625,1641155.0,TCS,0.003264236590835523,False
2023-12-11,3374.0881498547355,3402.12104768493,3366.7307931511145,3392.714599609375,1102503.0,TCS,0.004466864299282003,False
2023-12-12,3389.0359467038065,3444.4030235404603,3381.6319783454765,3419.909423828125,2236866.0,TCS,0.008015653371456821,False
2023-12-13,3393.3202772695595,3399.3272621622086,3318.302201392863,3346.754150390625,3850968.0,TCS,-0.02139099735443073,False
2023-12-14,3380.700330256408,3425.403805697815,3378.465247433792,3415.39208984375,3290396.0,TCS,0.020508808346473284,False
2023-12-15,3414.879710246803,3628.38536492244,3414.879710246803,3595.835693359375,8531230.0,TCS,0.05283247099277566,False
2023-12-18,3593.1351055942864,3659.165773966342,3567.1044621574897,3594.159423828125,2521612.0,TCS,-0.0004661696679705285,False
2023-12-19,3580.934925794031,3590.341373765734,3529.7121895342984,3554.11279296875,2004435.0,TCS,-0.011142140939513934,False
2023-12-20,3564.403684666202,3631.0398484080574,3507.872459996768,3520.4453125,2586083.0,TCS,-0.009472822735214215,False
2023-12-21,3498.27996242007,3545.26513467688,3486.2659937315334,3527.3837890625,1517562.0,TCS,0.0019709087761889954,False
2023-12-22,3539.0252149254707,3581.8194348785914,3503.634962776216,3561.376953125,2413058.0,TCS,0.009636933800031722,False
2023-12-25,3539.0252149254707,3581.8194348785914,3503.634962776216,3561.376953125,2413058.0,TCS,0.0,False
2023-12-26,3557.51228537649,3570.6904075901484,3529.8518256722914,3534.881103515625,1285231.0,TCS,-0.007439776793671249,False
2023-12-27,3538.094209699452,3555.9755563874555,3509.223211936704,3549.456298828125,1293976.0,TCS,0.004123249095423276,False
2023-12-28,3561.377091167723,3574.4156056228358,3531.6679956087487,3538.93212890625,1682889.0,TCS,-0.0029650090142959717,False
2023-12-29,3531.5751456161715,3560.073706886277,3506.8018745840577,3532.87890625,1574996.0,TCS,-0.00171046587946877,False
2024-01-01,3529.7125282810684,3568.828076087877,3513.880044644979,3549.363525390625,825907.0,TCS,0.004666058355824898,False
2024-01-02,3549.363183929598,3549.363183929598,3508.5246023535,3523.379150390625,1344068.0,TCS,-0.0073208547994926265,False
2024-01-03,3508.29173242333,3512.808737336753,3433.83254667766,3438.209716796875,1803075.0,TCS,-0.024172656406934667,False
2024-01-04,3447.522818106381,3463.58813008378,3400.258204607658,3414.97314453125,3598144.0,TCS,-0.0067583347671045235,False
2024-01-05,3422.6100928660567,3490.3638028676905,3422.4704854443794,3481.190185546875,1963127.0,TCS,0.01939020841837813,False
2024-01-08,3481.190278269504,3482.91331584222,3420.1886545813795,3425.68359375,1067805.0,TCS,-0.015944716846360785,False
2024-01-09,3455.160123552573,3494.6483369499874,3429.8281951199665,3436.487060546875,1370944.0,TCS,0.003153667436357921,False
2024-01-10,3436.579604387055,3473.1340080380555,3434.7169596150297,3458.046630859375,1292227.0,TCS,0.006273723698837053,False
2024-01-11,3468.244645562298,3513.879443530223,3452.4121646346503,3479.00146484375,1777909.0,TCS,0.006059731467290108,False
2024-01-12,3583.728848728073,3637.0470599000287,3559.142026578151,3616.138916015625,6813450.0,TCS,0.039418624153420456,False
2024-01-15,3688.037303396224,3692.693916153037,3618.188112044023,3635.697021484375,2801505.0,TCS,0.005408560324419165,False
2024-01-16,3631.2260434367095,3631.2260434367095,3590.7601305663925,3596.115234375,1432672.0,TCS,-0.01088698724769277,False
2024-01-17,3556.7205834939423,3641.424318346201,3550.713598917996,3617.8154296875,3458696.0,TCS,0.006034343700966449,False
2024-01-18,3630.2951711755672,3640.353499833649,3596.767560564402,3634.579345703125,2239110.0,TCS,0.004633712344212393,False
2024-01-19,3699.66340196448,3717.059837136614,3671.576015845036,3697.834716796875,2941975.0,TCS,0.017403766729850556,False
2024-01-22,3699.66340196448,3717.059837136614,3671.576015845036,3697.834716796875,2941975.0,TCS,0.0,False
2024-01-23,3657.4617018928593,3689.253392795468,3603.772039730458,3618.30810546875,2618854.0,TCS,-0.021506264454408175,False
2024-01-24,3638.70542557381,3642.12834296067,3568.932402810829,3602.881103515625,2657709.0,TCS,-0.0042635954439060875,False
2024-01-25,3601.0989006696973,3620.8867962936342,3543.7049366365304,3573.33984375,2205154.0,TCS,-0.00819934350228746,False
2024-01-26,3601.0989006696973,3620.8867962936342,3543.7049366365304,3573.33984375,2205154.0,TCS,0.0,False
2024-01-29,3564.4311359857325,3582.4370565517297,3545.7218573588943,3564.61865234375,1646747.0,TCS,-0.0024406274767019287,False
2024-01-30,3570.6673355072853,3608.508089170076,3551.489152314185,3564.196533203125,1411621.0,TCS,-0.00011841915834320815,False
2024-01-31,3574.184071078628,3595.566200692752,3560.351363342525,3578.638671875,2459358.0,TCS,0.004052004017549571,False
2024-02-01,3582.437231884919,3662.0572766858727,3568.417006310839,3614.46337890625,2363107.0,TCS,0.010010708069747576,False
2024-02-02,3634.063921473906,3736.613398892853,3631.2035526359928,3719.63916015625,2826510.0,TCS,0.029098588151092786,False
2024-02-05,3735.300087307631,3771.8747052852855,3715.699934897556,3726.203369140625,1691523.0,TCS,0.0017647434876719714,False
2024-02-06,3748.4297014896815,3891.8208786976343,3741.8650260054624,3878.785400390625,4474396.0,TCS,0.04094839066317246,False
2024-02-07,3894.727769863765,3896.603391231385,3820.593789517031,3829.4560546875,2124267.0,TCS,-0.01271773006523047,False
2024-02-08,3835.645873326092,3899.417002760364,3831.9415667460817,3877.00341796875,2345173.0,TCS,0.012416218544419433,False
2024-02-09,3879.300567921934,3924.503225662895,3845.0237708866407,3876.628173828125,2100596.0,TCS,-9.678715754690703e-05,False
2024-02-12,3873.1584686878864,3900.9177589811775,3850.228812262782,3864.43701171875,1013716.0,TCS,-0.0031447849942586314,False
2024-02-13,3868.891392141469,3910.6706762721783,3827.67442810669,3891.445556640625,1257415.0,TCS,0.006988998614797515,False
2024-02-14,3851.588722467118,3858.997335755596,3797.664604731092,3845.117919921875,1391283.0,TCS,-0.01190499418389479,False
2024-02-15,3871.282423660838,3888.444175657724,3829.0809437517446,3848.02490234375,1091582.0,TCS,0.0007560190564803726,False
2024-02-16,3857.4498528668714,3889.992067247873,3845.1177337734257,3871.563720703125,1307556.0,TCS,0.006117116951358081,False
2024-02-19,3866.640258482223,3871.563764701807,3802.8224229354896,3848.58740234375,772291.0,TCS,-0.005934635206056305,False
2024-02-20,3828.2371155114192,3843.1482139238014,3760.6208730684352,3779.986572265625,1193648.0,TCS,-0.017824937543668096,False
2024-02-21,3763.434414830734,3810.653276108984,3733.04943912238,3743.271484375,1885939.0,TCS,-0.009713020718118304,False
2024-02-22,3724.046353803967,3840.287946278356,3724.046353803967,3832.92626953125,2982052.0,TCS,0.023950917140389993,False
2024-02-23,3873.158393102728,3873.158393102728,3794.757322908657,3800.10302734375,2538072.0,TCS,-0.008563494280706352,False
2024-02-26,3785.0037308931537,3798.133079811019,3735.065314473416,3752.227294921875,1379284.0,TCS,-0.012598535375852649,False
2024-02-27,3750.304752390936,3867.531082485676,3750.304752390936,3849.14990234375,2960475.0,TCS,0.025830686630590405,False
2024-02-28,3840.898167881069,3896.5101675268015,3834.708524753989,3862.796142578125,1939225.0,TCS,0.0035452607927963786,False
2024-02-29,3844.0863254782985,3880.754817970432,3811.778790417747,3840.428955078125,3772719.0,TCS,-0.00579041364711308,False
2024-03-01,3851.7765458152944,3882.536555650418,3832.645068891089,3839.7255859375,2043265.0,TCS,-0.00018314858804902023,False
2024-03-04,3849.712918034811,3861.8105844645606,3822.4225351204777,3826.924072265625,1749271.0,TCS,-0.003333965770564107,False
2024-03-05,3809.386993519725,3811.2626148853183,3732.486517530405,3762.59033203125,2070859.0,TCS,-0.016810822221588473,False
2024-03-06,3745.663225699868,3818.7655308738495,3712.277070045293,3811.54443359375,1744204.0,TCS,0.013010744525054907,False
2024-03-07,3812.200715011256,3867.531549497273,3786.598435635506,3853.08935546875,2688905.0,TCS,0.010899760608543918,False
2024-03-08,3812.200715011256,3867.531549497273,3786.598435635506,3853.08935546875,2688905.0,TCS,0.0,False
2024-03-11,3834.70805162123,3894.7279379757806,3834.70805162123,3865.984130859375,2304068.0,TCS,0.003346606891512449,False
2024-03-12,3865.983989585085,3966.8925114142617,3864.764560938834,3931.536865234375,4039801.0,TCS,0.016956286460603875,False
2024-03-13,3943.4942087066343,3977.25539574907,3874.9401512123873,3890.976806640625,2837260.0,TCS,-0.01031659119170747,False
2024-03-14,3895.150015480492,3962.250187561687,3831.8945009176455,3945.932373046875,2919608.0,TCS,0.0141238483643642,False
2024-03-15,3931.865345863128,3975.379672015724,3917.2354069378816,3956.85791015625,3373143.0,TCS,0.0027688100242171387,False
2024-03-18,3953.106656161222,3990.1501797762794,3861.763983184641,3894.259033203125,1526904.0,TCS,-0.015820349978312276,False
2024-03-19,3799.305646190008,3805.6358684946754,3719.9200610190014,3729.95458984375,8931209.0,TCS,-0.04219145207303543,False
2024-03-20,3738.113180569138,3768.123120804515,3713.917620462831,3723.9521484375,1817913.0,TCS,-0.0016092532125173697,False
2024-03-21,3741.911899853093,3759.120590067604,3702.476911275549,3725.875244140625,3829582.0,TCS,0.0005164125709649081,False
2024-03-22,3654.648117247432,3693.0983540468014,3615.2600697944185,3667.68359375,5852485.0,TCS,-0.015618249827913155,False
2024-03-25,3654.648117247432,3693.0983540468014,3615.2600697944185,3667.68359375,5852485.0,TCS,0.0,False
2024-03-26,3634.016313190079,3701.257291825828,3630.68703955033,3636.36083984375,3440925.0,TCS,-0.008540200675877907,False
2024-03-27,3646.676991310757,3652.772761001774,3591.252286075508,3602.037109375,1968575.0,TCS,-0.009439033137928265,False
2024-03-28,3610.665001604127,3671.528823337685,3601.661927465741,3635.235595703125,4311783.0,TCS,0.009216586425975226,False
2024-03-29,3610.665001604127,3671.528823337685,3601.661927465741,3635.235595703125,4311783.0,TCS,0.0,False
2024-04-01,3655.3050688228736,3688.691224515632,3646.255286286342,3673.17041015625,1569676.0,TCS,0.010435311124804114,False
2024-04-02,3648.083912259489,3666.699547713614,3632.141129095373,3642.26953125,2142666.0,TCS,-0.008412590611317605,False
2024-04-03,3611.509094088183,3733.424488071944,3611.509094088183,3701.8203125,3973090.0,TCS,0.016349910609049,False
2024-04-04,3728.6414957560314,3778.1110105154903,3690.519582126367,3754.337646484375,3394637.0,TCS,0.014186894433270814,False
2024-04-05,3730.610939757806,3753.1183964079287,3714.199252617092,3731.783203125,1636819.0,TCS,-0.0060075692394090385,False
2024-04-08,3735.300076175832,3781.8622865716975,3713.730429740471,3725.5,2302538.0,TCS,-0.0016836999319087553,False
2024-04-09,3736.2381554944186,3766.107520484254,3680.9542556869656,3701.1171875,1876992.0,TCS,-0.006544842974097409,False
2024-04-10,3710.354016730288,3742.052062941648,3674.342178842318,3736.84716796875,2101965.0,TCS,0.009653836573838559,False
2024-04-11,3710.354016730288,3742.052062941648,3674.342178842318,3736.84716796875,2101965.0,TCS,0.0,False
2024-04-12,3724.046310208573,3763.76268515537,3700.132137226876,3752.5556640625,4354821.0,TCS,0.004203676358080388,False
2024-04-15,3752.555521752734,3811.450077595125,3675.326950485817,3696.099365234375,4200329.0,TCS,-0.015044759860272316,False
2024-04-16,3659.337150142385,3684.376648663715,3622.6219548397376,3631.953125,3051420.0,TCS,-0.017355117894755856,False
2024-04-17,3659.337150142385,3684.376648663715,3622.6219548397376,3631.953125,3051420.0,TCS,0.0,False
2024-04-18,3635.704840506068,3691.2231923226304,3610.571466067614,3621.8251953125,3476284.0,TCS,-0.002788562885843948,False
2024-04-19,3599.3174326502835,3612.9626239981167,3564.5245644253832,3588.251220703125,2957749.0,TCS,-0.009269904757642,False
2024-04-22,3598.380002478932,3636.830244882277,3574.934732720794,3624.263671875,1728883.0,TCS,0.010036212337668493,False
2024-04-23,3635.939054170527,3652.772710601142,3620.512113803044,3633.735107421875,1807586.0,TCS,0.0026133406408521687,False
2024-04-24,3648.083700840576,3655.586186600659,3586.6101623523527,3592.7998046875,1317312.0,TCS,-0.011265351360027598,False
2024-04-25,3574.184039233437,3632.7502707587055,3573.996522887852,3612.63427734375,2856271.0,TCS,0.005520617271903783,False
2024-04-26,3615.400944510773,3635.7046841917695,3566.07223748283,3583.703125,2039178.0,TCS,-0.008008325815095252,False
2024-04-29,3599.3176762116937,3636.642590036905,3581.686788233394,3629.51513671875,1110693.0,TCS,0.012783428236330163,False
2024-04-30,3631.2030581143713,3640.3467125091584,3573.058794270598,3583.04638671875,2203078.0,TCS,-0.012803018653893772,False
2024-05-01,3631.2030581143713,3640.3467125091584,3573.058794270598,3583.04638671875,2203078.0,TCS,0.0,False
2024-05-02,3543.0955870607045,3630.35891420508,3543.0955870607045,3623.0439453125,2491044.0,TCS,0.01116300328737263,False
2024-05-03,3648.2239953859785,3651.4596252829774,3561.4298032069573,3604.38134765625,2962234.0,TCS,-0.005151082332411572,False
2024-05-06,3613.384573734727,3694.927167103904,3613.384573734727,3677.20263671875,2053831.0,TCS,0.0202035473049631,False
2024-05-07,3686.346216935469,3739.988941315255,3670.12204659911,3731.501708984375,2062112.0,TCS,0.014766407410736981,False
2024-05-08,3714.668428978586,3736.519465528825,3693.6615594889295,3729.62646484375,1247685.0,TCS,-0.0005025440926664793,False
2024-05-09,3715.6060738380834,3724.0463703208047,3666.886852709913,3713.91796875,1726486.0,TCS,-0.00421181484039268,False
2024-05-10,3716.1689930361385,3726.484911351382,3643.4417231221314,3651.7412109375,1672489.0,TCS,-0.016741553888824035,False
2024-05-13,3642.925840662716,3709.041498216255,3629.327584853832,3702.289306640625,931326.0,TCS,0.01384219000835163,False
2024-05-14,3691.223263575441,3700.4138550943817,3650.803527007575,3658.58740234375,1058317.0,TCS,-0.011804021965136302,False
2024-05-15,3661.682141626229,3682.735947564617,3634.485629369305,3639.080810546875,1115021.0,TCS,-0.005331727700253586,False
2024-05-16,3675.637702384871,3693.0187445265583,3630.67337116967,3684.942138671875,2599399.0,TCS,0.012602448396332289,False
2024-05-17,3701.992923226846,3702.9375501529057,3617.9211268075583,3621.794189453125,2765804.0,TCS,-0.017136754619845873,False
2024-05-20,3701.992923226846,3702.9375501529057,3617.9211268075583,3621.794189453125,2765804.0,TCS,0.0,False
2024-05-21,3618.487587374944,3631.853964623447,3599.075460107987,3608.663330078125,1908117.0,TCS,-0.0036255122980863863,False
2024-05-22,3622.6439391197887,3628.54785688237,3606.16024685102,3619.81005859375,1311168.0,TCS,0.0030888801464845628,False
2024-05-23,3628.264752304816,3688.768153156365,3613.6703123942825,3677.857666015625,2095742.0,TCS,0.016036092082805542,False
2024-05-24,3663.499086430792,3668.741811580404,3631.429050950218,3636.341064453125,1309452.0,TCS,-0.011288256733294588,False
2024-05-27,3641.536592979719,3691.932528869285,3628.64252842061,3634.02685546875,1841538.0,TCS,-0.0006364114210840599,False
2024-05-28,3644.370298755804,3655.7058206803945,3617.9207475984263,3627.2724609375,1801993.0,TCS,-0.0018586528938512314,False
2024-05-29,3635.774149635783,3635.774149635783,3589.5819894414226,3593.02978515625,1568095.0,TCS,-0.009440337374711505,False
2024-05-30,3567.855604818015,3584.29201972414,3509.713776200528,3529.220458984375,2919230.0,TCS,-0.01775919766529299,False
2024-05-31,3532.904759051333,3542.162149196739,3451.43068539674,3467.67822265625,10956800.0,TCS,-0.01743791215180568,False
2024-06-03,3526.103050659108,3543.814803588551,3491.340737451897,3497.8115234375,2156773.0,TCS,0.008689762673010692,False
2024-06-04,3495.1196584791387,3537.6278705417226,3392.627636061575,3509.2890625,3395997.0,TCS,0.0032813486334508646,False
2024-06-05,3510.23347219526,3574.2792205302862,3495.119442175044,3538.997314453125,2799670.0,TCS,0.008465604122095627,False
2024-06-06,3571.634591956132,3627.273028526821,3534.321826449053,3618.299072265625,4328036.0,TCS,0.022407973436044948,False
2024-06-07,3624.8168128885054,3698.214276152929,3624.8168128885054,3678.329833984375,4552445.0,TCS,0.016590878896354244,False
2024-06-10,3679.321740549888,3689.618081413361,3629.161960387638,3645.03173828125,1734661.0,TCS,-0.009052504045581,False
2024-06-11,3632.090420061804,3665.105083997564,3628.311912472664,3638.79736328125,1419898.0,TCS,-0.0017103760536635315,False
2024-06-12,3659.8622913039767,3677.9047569591216,3615.5121054162055,3619.4794921875,2177001.0,TCS,-0.00530886146304399,False
2024-06-13,3643.23713885556,3674.598706369105,3638.702883530537,3663.40478515625,1932323.0,TCS,0.01213580379818735,False
2024-06-14,3673.654123447534,3673.654123447534,3616.031880832389,3619.857666015625,1860730.0,TCS,-0.011887061816666766,False
2024-06-17,3673.654123447534,3673.654123447534,3616.031880832389,3619.857666015625,1860730.0,TCS,0.0,False
2024-06-18,3614.189809874109,3629.256562858962,3584.90637586874,3603.84619140625,1774045.0,TCS,-0.004423233200491761,False
2024-06-19,3615.701009861556,3621.557881055292,3582.9225030243783,3591.18798828125,1509050.0,TCS,-0.0035124149180353337,False
2024-06-20,3585.803570986533,3598.981069597492,3570.736818650082,3577.5380859375,2846526.0,TCS,-0.003800943417134439,False
2024-06-21,3615.0867577407457,3663.073845227325,3587.7398580494246,3599.736572265625,4642195.0,TCS,0.006204961567112921,False
2024-06-24,3597.8476118252383,3643.4258585651314,3581.363918973201,3605.451904296875,1702154.0,TCS,0.0015877084104665151,False
2024-06-25,3605.640632526137,3634.593352796922,3582.875033532891,3625.90283203125,1338808.0,TCS,0.0056722231435129,False
2024-06-26,3631.6179924136177,3652.8248194664434,3628.311798377085,3642.339599609375,1639845.0,TCS,0.0045331516975364305,False
2024-06-27,3618.865541478185,3723.7191241208575,3606.679947095457,3716.3037109375,4526556.0,TCS,0.02030675869324683,False
2024-06-28,3700.8591386940006,3740.722345851188,3682.013879060851,3687.96484375,2731571.0,TCS,-0.007625551997834656,False
2024-07-01,3668.9307461619287,3780.113282123888,3668.9307461619287,3757.91455078125,2658723.0,TCS,0.018967021106449433,False
2024-07-02,3772.462155624164,3800.61185331036,3762.023982045802,3794.944091796875,2307449.0,TCS,0.009853747474893204,False
2024-07-03,3797.399960989219,3803.162277059337,3735.9992153513335,3745.681640625,1821198.0,TCS,-0.012981074287328864,False
2024-07-04,3778.366117575305,3823.2358967427767,3761.598989570618,3798.297607421875,2518001.0,TCS,0.014047100593443718,False
2024-07-05,3787.953678275629,3803.776178053962,3767.171887521997,3789.654052734375,1668616.0,TCS,-0.0022756391364937567,False
2024-07-08,3799.289284450672,3808.027083028784,3757.77297949308,3772.083984375,1758882.0,TCS,-0.004636325140733533,False
2024-07-09,3764.337989310372,3785.072502499781,3754.986275763812,3764.810302734375,1305801.0,TCS,-0.0019282926018494573,False
2024-07-10,3763.110215438961,3781.624995321451,3685.9342421919528,3692.688232421875,2669716.0,TCS,-0.01915689357844086,False
2024-07-11,3713.3281952652137,3759.6149115124776,3679.8884965924376,3706.432373046875,4872189.0,TCS,0.0037219878202352508,False
2024-07-12,3759.615592975855,3967.386493472077,3751.3973839095465,3952.2724609375,13509164.0,TCS,0.06632795722333173,False
2024-07-15,4001.155815302139,4005.2175259371584,3926.860550454721,3938.338134765625,4848030.0,TCS,-0.0035256491827412306,False
2024-07-16,3940.983388073058,3962.284539961297,3915.383907085896,3947.076416015625,2029521.0,TCS,0.0022187737444032685,False
2024-07-17,3940.983388073058,3962.284539961297,3915.383907085896,3947.076416015625,2029521.0,TCS,0.0,False
2024-07-18,3929.6474707764414,4085.510892093296,3929.6474707764414,4076.583984375,5613364.0,TCS,0.032811011166109294,False
2024-07-19,4087.80436394336,4126.955499689888,4057.3641651955472,4073.60205078125,3903354.0,TCS,-0.000731478513672057,False
2024-07-22,4071.282329598796,4090.218745811416,4038.1907573413023,4059.352294921875,1896386.0,TCS,-0.003498072634915861,False
2024-07-23,4055.234098074805,4129.749091200278,4039.4220034038367,4073.55517578125,2365208.0,TCS,0.003498804692842805,False
2024-07-24,4059.494423388743,4108.350472060897,4041.126191230436,4077.247314453125,1809793.0,TCS,0.0009063676598333181,False
2024-07-25,4066.595483694965,4112.042883745572,4046.901795265646,4092.633056640625,2810342.0,TCS,0.00377356118010308,False
2024-07-26,4118.670552129421,4187.2679052166895,4106.4090376287495,4154.5078125,3552210.0,TCS,0.015118569146818084,False
2024-07-29,4180.21383187482,4195.362964674367,4138.553716676068,4148.11669921875,1746803.0,TCS,-0.0015383563034880865,False
2024-07-30,4157.585227320139,4164.118198879963,4097.177778242139,4133.20458984375,1797906.0,TCS,-0.0035949107646389145,False
2024-07-31,4118.670902108038,4179.267439518362,4113.936797622856,4152.14111328125,2330091.0,TCS,0.004581559665357782,False
2024-08-01,4165.443127805721,4184.2847683252885,4132.919742480951,4163.265625,2202244.0,TCS,0.0026792229395014022,False
2024-08-02,4132.873162297419,4164.118251496919,4042.9251782382544,4055.281005859375,2811282.0,TCS,-0.025937480061850482,False
2024-08-05,4013.5736879846177,4013.5736879846177,3891.907205581687,3934.087890625,2787771.0,TCS,-0.029885257041192936,False
2024-08-06,3949.1424451879575,4031.799717033467,3939.531844107783,3949.379150390625,2203067.0,TCS,0.0038868627724522042,False
2024-08-07,4003.158705086717,4019.207504026678,3957.995163908957,3977.073974609375,1237666.0,TCS,0.0070124501001660455,False
2024-08-08,3958.657803185393,4006.945664453619,3938.7745661925937,3950.656982421875,2441283.0,TCS,-0.006642318537737224,False
2024-08-09,3992.7430204792345,4027.443907788756,3981.901738189192,4003.8681640625,1302536.0,TCS,0.013468945007724997,False
2024-08-12,4005.051951129163,4013.573338259225,3963.7233160113306,3972.528564453125,936912.0,TCS,-0.007827330552656497,False
2024-08-13,3988.956544779889,4008.8397841438527,3960.551917117085,3973.76025390625,1495593.0,TCS,0.00031005175498211024,False
2024-08-14,3985.168737449799,4077.1999039105713,3965.42743135513,4066.83203125,3226545.0,TCS,0.023421588469576093,False
2024-08-15,3985.168737449799,4077.1999039105713,3965.42743135513,4066.83203125,3226545.0,TCS,0.0,False
2024-08-16,4118.670675923561,4191.575880991633,4095.09492934504,4181.2080078125,3457058.0,TCS,0.02812409651631098,False
2024-08-19,4185.894947757169,4255.249574521071,4156.87498137627,4251.2255859375,2055210.0,TCS,0.01674577729550264,False
2024-08-20,4265.427758595415,4322.237007322546,4260.693654534821,4282.75439453125,2212298.0,TCS,0.007416404506513041,False
2024-08-21,4277.736095114591,4317.502566118313,4253.639322401888,4309.45458984375,1896990.0,TCS,0.006234351273235239,False
2024-08-22,4317.5030108146375,4318.402675534502,4258.042847258311,4262.58740234375,1829872.0,TCS,-0.010875433659390144,False
2024-08-23,4260.693506184104,4266.374430859017,4218.086571122263,4226.51318359375,1809253.0,TCS,-0.008462986290947327,False
2024-08-26,4250.278746663329,4310.0703901887255,4246.491463306979,4263.013671875,1844164.0,TCS,0.008636075813731159,False
2024-08-27,4265.428242149461,4270.162346746741,4248.1959164894,4257.99560546875,930697.0,TCS,-0.0011771171271057757,False
2024-08-28,4259.509780281284,4319.869602119113,4220.263875901587,4266.42138671875,1848058.0,TCS,0.0019788139844902908,False
2024-08-29,4222.821557534789,4313.716371329259,4222.821557534789,4271.86669921875,2133641.0,TCS,0.0012763184895310253,False
2024-08-30,4260.694311007412,4348.038544383064,4249.142910393824,4311.5859375,3637222.0,TCS,0.009297864628714736,False
2024-09-02,4332.652505910395,4344.014356887433,4272.055967366194,4280.62451171875,1216500.0,TCS,-0.007180983106926608,False
2024-09-03,4280.62427113772,4313.621070625351,4256.811818932973,4272.38720703125,1717263.0,TCS,-0.0019243231133563299,False
2024-09-04,4238.869860215786,4248.3852249914535,4200.760320366018,4241.04736328125,1265505.0,TCS,-0.00733544087446536,False
2024-09-05,4242.704111797141,4259.746886626945,4217.281880213047,4237.9228515625,1688793.0,TCS,-0.0007367311541488508,False
2024-09-06,4236.029155230157,4278.636091754635,4203.884403748528,4219.74365234375,1649179.0,TCS,-0.004289648456447859,False
2024-09-09,4218.087116652207,4251.462553433798,4194.890004562873,4212.9267578125,1184938.0,TCS,-0.0016154759845337097,False
2024-09-10,4206.204473662924,4298.5195066181295,4204.310831961278,4268.12646484375,1385591.0,TCS,0.013102460641853497,False
2024-09-11,4281.003340307267,4307.419549702135,4233.4727484543055,4241.14208984375,1325919.0,TCS,-0.0063222997777288015,False
2024-09-12,4270.398636628928,4291.5601745835365,4195.646947382415,4277.45263671875,2742216.0,TCS,0.008561502092078621,False
2024-09-13,4289.098178257309,4305.194131685647,4265.427658509752,4282.091796875,1458786.0,TCS,0.0010845614318266694,False
2024-09-16,4286.258044672285,4304.294797177528,4255.43921052289,4273.2392578125,1155120.0,TCS,-0.002067339861550943,False
2024-09-17,4273.239388269134,4294.590014445038,4228.502101148829,4266.04345703125,1699364.0,TCS,-0.0016839218089870212,False
2024-09-18,4257.900566019319,4257.900566019319,4091.2129384450927,4115.025390625,2961779.0,TCS,-0.03540003001079217,False
2024-09-19,4156.590213092944,4187.0308697971805,4054.096867781264,4067.683837890625,2927551.0,TCS,-0.011504559082971988,False
2024-09-20,4087.330983142617,4100.397388735434,4002.685288545634,4057.03271484375,5447908.0,TCS,-0.0026184736747874027,False
2024-09-23,4071.329248327135,4080.2292709651647,4026.828672822164,4041.50439453125,1702319.0,TCS,-0.0038275068021229597,False
2024-09-24,4025.55058123155,4062.808072353835,4014.520211321431,4044.155517578125,3012026.0,TCS,0.0006559743076024471,False
2024-09-25,4026.21366904617,4061.482745140029,4014.5203392742255,4047.42236328125,2713073.0,TCS,0.0008077942821251849,False
2024-09-26,4033.457322455591,4087.2365684956953,4033.457322455591,4064.22900390625,3964251.0,TCS,0.004152430637699656,False
2024-09-27,4104.468096209772,4145.181389897665,4071.376524902631,4079.56689453125,3012477.0,TCS,0.0037738746045703486,False
2024-09-30,4058.925803968104,4070.145722382854,4033.5035742219807,4041.50439453125,2503416.0,TCS,-0.009330034531612519,False
2024-10-01,4029.243542087818,4067.305927628493,4017.313968463482,4059.873291015625,1823365.0,TCS,0.004545064087825956,False
2024-10-02,4029.243542087818,4067.305927628493,4017.313968463482,4059.873291015625,1823365.0,TCS,0.0,False
2024-10-03,4035.918209344073,4051.445977134676,3986.115345580038,4007.655517578125,3350119.0,TCS,-0.01286192196023861,False
2024-10-04,4000.317786149061,4069.4357029274943,3999.418121484231,4026.11865234375,2965463.0,TCS,0.004606966513125421,False
2024-10-07,4046.618000517575,4068.726362353052,4004.4844678804902,4045.6240234375,1472619.0,TCS,0.004844708459447622,False
2024-10-08,4045.3872397570553,4051.825437221579,3980.388074704301,4027.066162109375,1541867.0,TCS,-0.004587144336847371,False
2024-10-09,4033.457373684306,4066.59610797514,4020.864839579762,4026.782470703125,1082504.0,TCS,-7.04461746666718e-05,False
2024-10-10,4027.06598887524,4065.507009839561,3975.322319205254,4002.590576171875,2378875.0,TCS,-0.006007748048785455,False
2024-10-11,3922.6788421196575,4016.3669515997326,3893.7536496314738,3928.54931640625,5759183.0,TCS,-0.018498334605194344,False
2024-10-14,3919.837957643063,3943.887112553077,3902.984732992653,3916.666015625,2137590.0,TCS,-0.0030248572244272465,False
2024-10-15,3911.364023062213,3948.1957233726384,3877.231316907688,3897.871826171875,2759474.0,TCS,-0.004798517253742918,False
2024-10-16,3867.763504137474,3896.168132074836,3850.910045329815,3877.184326171875,2359151.0,TCS,-0.005307383342134542,False
2024-10-17,3894.0847950246857,3910.323143238336,3875.29053893895,3890.487060546875,2522659.0,TCS,0.003431029648294892,False
2024-10-18,3881.944647481302,3935.238244757566,3872.4533402747466,3913.313232421875,2361000.0,TCS,0.0058671758882014036,False
2024-10-21,3922.377680306237,3929.3538837408,3862.962004937328,3872.31103515625,1595450.0,TCS,-0.010477617003903705,False
2024-10-22,3859.165475968124,3881.75483326371,3802.549921671549,3811.234375,1928049.0,TCS,-0.015772663817999688,False
2024-10-23,3796.143361546141,3904.2965301967497,3791.919544419266,3859.40283203125,1966476.0,TCS,0.012638544967796594,False
2024-10-24,3800.3195802607424,3871.504387583309,3800.3195802607424,3841.986328125,2676744.0,TCS,-0.004512745796241058,False
2024-10-25,3850.6711865496654,3883.843261907162,3827.559758712666,3851.145751953125,1759676.0,TCS,0.002384033425906207,False
2024-10-28,3861.965363223645,3923.7063623671393,3844.928513292037,3882.75146484375,1532534.0,TCS,0.008206833738919395,False
2024-10-29,3887.497254393904,3894.7580119042254,3853.565830261925,3867.945068359375,1445885.0,TCS,-0.0038133773481097144,False
2024-10-30,3867.7074369038137,3898.0796180034263,3853.517979890609,3876.866455078125,1935002.0,TCS,0.0023064926106963757,False
2024-10-31,3862.962154926698,3870.839986500922,3758.557772361112,3766.577880859375,3740372.0,TCS,-0.028447865175827314,False
2024-11-01,3786.889338989994,3795.526289607496,3773.791288560614,3781.526611328125,154895.0,TCS,0.003968783054962177,False
2024-11-04,3764.537107910096,3788.834714578836,3714.185678383496,3762.496337890625,2269192.0,TCS,-0.00503243144726051,False
2024-11-05,3740.61911840681,3783.234994421101,3740.61911840681,3769.330322265625,967590.0,TCS,0.001816343130006004,False
2024-11-06,3799.939563929586,3938.7021869268697,3773.0316173071656,3929.068603515625,3792017.0,TCS,0.04237842470489195,False
2024-11-07,3957.590027000033,3991.8532707223767,3877.245983107556,3939.74609375,3724349.0,TCS,0.0027175626877120607,False
2024-11-08,3943.637967299403,3957.6376448006463,3908.187843785678,3936.044921875,1648039.0,TCS,-0.0009394442654240276,False
2024-11-11,3918.201520379155,4018.903916361986,3908.18791348152,3985.115234375,1406487.0,TCS,0.012466908654239717,False
2024-11-12,4001.534781984057,4003.4330432658335,3952.512277070728,3983.880859375,1587640.0,TCS,-0.0003097463755508123,False
2024-11-13,3965.5629857379695,3983.264180226701,3920.906109190261,3939.224609375,1098813.0,TCS,-0.01120923330197321,False
2024-11-14,3924.6555443578186,3948.383812461554,3907.0493548019417,3935.0009765625,1825432.0,TCS,-0.0010721990318725005,False
2024-11-15,3924.6555443578186,3948.383812461554,3907.0493548019417,3935.0009765625,1825432.0,TCS,0.0,False
2024-11-18,3998.687803877484,3998.687803877484,3787.221428859129,3815.031005859375,3313944.0,TCS,-0.030487913832216385,False
2024-11-19,3815.410477529737,3921.950400539513,3809.905704746858,3834.06103515625,1776233.0,TCS,0.004988171594843438,False
2024-11-20,3815.410477529737,3921.950400539513,3809.905704746858,3834.06103515625,1776233.0,TCS,0.0,False
2024-11-21,3839.138604239488,3884.2698145282143,3819.301865667481,3865.6669921875,2384347.0,TCS,0.008243467368265867,False
2024-11-22,3863.911231250736,4038.504015740722,3847.776008717878,4028.680419921875,3096553.0,TCS,0.04216954747106372,False
2024-11-25,4062.279898046072,4107.933183046781,4035.894246702231,4095.594482421875,4052167.0,TCS,0.01660942430903911,False
2024-11-26,4101.240893559863,4144.47407361588,4090.7531850402665,4131.28125,2060669.0,TCS,0.008713452401425847,False
2024-11-27,4137.213672581404,4154.724856872267,4104.088638616241,4112.15625,1558993.0,TCS,-0.004629314452992084,False
2024-11-28,4099.2955217974695,4119.179995477792,4017.670281030027,4028.96484375,2558544.0,TCS,-0.020230604381825223,False
2024-11-29,4005.331340353352,4080.028107836073,3982.219916352583,4053.5947265625,2017425.0,TCS,0.006113203705588877,False
2024-12-02,4052.7879830735096,4070.0623467391047,4014.87002722247,4059.099609375,1670944.0,TCS,0.001358024959038806,False
2024-12-03,4094.882568586282,4104.990718939741,4048.470165053761,4083.87255859375,2010905.0,TCS,0.006103065113636008,False
2024-12-04,4094.122934068909,4163.789504813234,4070.8692297125376,4132.89501953125,3302642.0,TCS,0.012003915458708825,False
2024-12-05,4176.934278953506,4260.647793669346,4138.209931031042,4236.966796875,3746747.0,TCS,0.025181326129003256,False
2024-12-06,4226.479320621802,4237.868889866684,4188.276807112925,4219.36083984375,1842087.0,TCS,-0.004155320982037303,False
2024-12-09,4205.07650413352,4242.0448686697655,4190.934085246633,4225.67236328125,2066639.0,TCS,0.0014958482284568309,False
2024-12-10,4200.994991803812,4265.20359458783,4187.659890094591,4207.0693359375,2087828.0,TCS,-0.004402382803124993,False
2024-12-11,4206.405086397892,4222.350297163338,4182.819095248504,4202.22900390625,1635256.0,TCS,-0.0011505234748339088,False
2024-12-12,4204.695866937232,4256.850779252977,4200.852073349761,4228.32958984375,1914642.0,TCS,0.006211128882609218,False
2024-12-13,4209.347069742307,4266.247172902569,4170.859544659024,4246.3154296875,1967048.0,TCS,0.004253651344245046,False
2024-12-16,4232.1737900519,4247.359881247422,4173.327686669254,4190.60205078125,1646224.0,TCS,-0.013120405167439508,False
2024-12-17,4185.666657040545,4207.449393387959,4098.346627007046,4108.3125,3225027.0,TCS,-0.019636689378775274,False
2024-12-18,4092.367238744104,4140.108330075579,4071.391356487772,4126.67822265625,1575404.0,TCS,0.004470381125157852,False
2024-12-19,4064.177621267067,4142.006337975124,4045.1950074358338,4054.59130859375,3015763.0,TCS,-0.01746850860983762,False
2024-12-20,4108.786392193494,4159.090314297041,3941.264840282625,3958.1591796875,4116989.0,TCS,-0.02378343994914134,False
2024-12-23,3986.39622640784,4002.484177211474,3905.577839682215,3946.77001953125,2195338.0,TCS,-0.002877388108769585,False
2024-12-24,3946.769603250129,4003.432885657487,3946.769603250129,3966.891357421875,1181886.0,TCS,0.005098178457587199,False
2024-12-25,3946.769603250129,4003.432885657487,3946.769603250129,3966.891357421875,1181886.0,TCS,0.0,False
2024-12-26,3966.8918629397335,3986.3017716323247,3932.390868416551,3957.02099609375,1208464.0,TCS,-0.002488185442653501,False
2024-12-27,3951.2310760757846,3968.268157397039,3936.2822676568094,3952.987060546875,858100.0,TCS,-0.001019437488670727,False
2024-12-30,3939.8415947124554,3985.684422832016,3902.825496858013,3947.24462890625,1527169.0,TCS,-0.0014526816183988434,False
2024-12-31,3924.655496583325,3929.353878987766,3826.942536065869,3886.50048828125,1555429.0,TCS,-0.015388998234404316,False
2025-01-01,3886.1205985527295,3923.706266508262,3877.625925234388,3903.252685546875,763161.0,TCS,0.004310355116675435,False
2025-01-02,3910.4187239006474,3970.21396166903,3888.541445300585,3963.332763671875,1720835.0,TCS,0.015392310712413426,False
2025-01-03,3967.31925896288,3967.31925896288,3884.1278097948166,3891.341064453125,1791953.0,TCS,-0.018164434709754818,False
2025-01-06,3896.656302584134,3938.560332599053,3859.545197490021,3886.6904296875,2085593.0,TCS,-0.0011951239145054915,False
2025-01-07,3905.6256161656233,3929.7334436078263,3807.485361324949,3823.38330078125,2669054.0,TCS,-0.016288184009380924,False
2025-01-08,3829.647581088129,3916.113485341044,3813.3700813691175,3899.40869140625,2181277.0,TCS,0.019884323554341332,False
2025-01-09,3892.3851104960186,3927.2656647049257,3820.535960823577,3833.396728515625,2392472.0,TCS,-0.01692871102126492,False
2025-01-10,3986.348843430515,4078.41451910022,3957.874923120298,4048.6591796875,7894300.0,TCS,0.05615449336892131,False
2025-01-13,4029.060163870238,4103.045093599212,4012.3553694422,4072.815185546875,4003771.0,TCS,0.005966421174834258,False
2025-01-14,4083.160276521042,4094.4548391766634,4004.42969948021,4017.717529296875,3441709.0,TCS,-0.013528150367717151,False
2025-01-15,4003.4336440894426,4039.92790808562,3993.420499702409,4033.42626953125,1653474.0,TCS,0.003909866763859959,False
2025-01-16,4043.297121528325,4075.567568038176,3978.6139515802215,3992.32861328125,2637705.0,TCS,-0.010189266768170335,False
2025-01-17,4020.939695681563,4021.6165011799776,3963.08887255939,3986.52880859375,1761466.0,TCS,-0.0014527372992808596,False
2025-01-20,4007.310766580717,4007.310766580717,3932.206591942462,3941.58251953125,1287799.0,TCS,-0.011274542646125929,False
2025-01-21,3958.497981875744,3973.6734816653625,3895.379258358407,3901.033935546875,1971591.0,TCS,-0.01028738680046648,False
2025-01-22,3914.711087541146,4024.0812547656574,3909.104787428617,4017.750244140625,2409223.0,TCS,0.029919326650868383,False
2025-01-23,4028.769436842585,4051.3395327602407,4001.752907900938,4006.972900390625,1822998.0,TCS,-0.002682432479648833,False
2025-01-24,3966.9068713794295,4038.43491925518,3966.9068713794295,4013.641845703125,1910099.0,TCS,0.001664335017551588,False
2025-01-27,3964.973867046099,4017.5084152856,3906.0599315038703,3929.354736328125,1551782.0,TCS,-0.02100015711796388,False
2025-01-28,3934.816362990997,3964.974090445813,3893.7360609812577,3905.335205078125,2468272.0,TCS,-0.006112843675815771,False
2025-01-29,3918.577292622186,3970.6285432095738,3918.577292622186,3962.84716796875,1217089.0,TCS,0.014726511264856912,False
2025-01-30,3962.943728155012,3991.941585340912,3922.926779632536,3963.088623046875,1531251.0,TCS,6.0929697232925406e-05,False
2025-01-31,3972.706632890832,3990.5405047390313,3948.783399517584,3975.0263671875,1492943.0,TCS,0.0030122324469865625,False
2025-02-03,3896.248579260421,3940.8087133119993,3865.1242603626174,3932.737548828125,1265713.0,TCS,-0.010638625873894858,False
2025-02-04,3947.284879379769,3981.260843183364,3930.224568025596,3969.854736328125,2547132.0,TCS,0.009438002673496593,False
2025-02-05,4011.370355071203,4011.370355071203,3939.84230536632,3954.43798828125,1693912.0,TCS,-0.003883453947520099,False
2025-02-06,3968.259986916976,4001.2209788539626,3916.208975056864,3946.36669921875,2284536.0,TCS,-0.0020410710918766783,False
2025-02-07,3953.374595002479,3953.374595002479,3874.113784051329,3894.798828125,1548940.0,TCS,-0.013067176728396412,False
2025-02-10,3905.045086746592,3916.644230568612,3880.2520112211,3902.096923828125,1339511.0,TCS,0.0018738055610021398,False
2025-02-11,3884.1667849836185,3905.045339609273,3822.884732216504,3831.149169921875,1810908.0,TCS,-0.018181955828162066,False
2025-02-12,3838.446649169052,3887.404606196338,3808.530336165885,3818.1962890625,1678002.0,TCS,-0.0033809387953533943,False
2025-02-13,3835.4501025039126,3851.350547793316,3771.896462322554,3779.532470703125,2277310.0,TCS,-0.010126199763519361,False
2025-02-14,3793.886412954254,3816.1181040365336,3769.72153134308,3803.407470703125,1681975.0,TCS,0.006316918874243349,False
2025-02-17,3727.674474258217,3802.585603975581,3727.3844484945375,3774.071044921875,1799806.0,TCS,-0.00771319560347461,False
2025-02-18,3768.174803332807,3793.3062796669183,3735.407318968168,3743.816650390625,2149879.0,TCS,-0.008016381825127095,False
2025-02-19,3742.850263486918,3745.508400554833,3642.2759755929487,3657.693359375,4366672.0,TCS,-0.023004142312001097,False
2025-02-20,3635.848185178673,3661.4629603766616,3625.988960412709,3653.150146484375,2888572.0,TCS,-0.0012420978043390374,False
2025-02-21,3649.960586134303,3689.4942392872176,3648.897236916229,3659.52978515625,1833931.0,TCS,0.0017463390268845913,False
2025-02-24,3618.111196511734,3637.491479975729,3547.4048428794777,3552.81787109375,2508516.0,TCS,-0.0291600069755803,False
2025-02-25,3503.907852529123,3535.8054964280086,3500.283120267886,3508.305908203125,4101954.0,TCS,-0.012528636284111494,False
2025-02-26,3503.907852529123,3535.8054964280086,3500.283120267886,3508.305908203125,4101954.0,TCS,0.0,False
2025-02-27,3491.0520789257853,3516.4735816470966,3480.419530987875,3491.873779296875,3823856.0,TCS,-0.004683778819808304,False
2025-02-28,3465.195760859545,3479.743067268356,3341.5199398740847,3366.89306640625,7085018.0,TCS,-0.03579187587811128,False
2025-03-03,3368.584339801977,3405.556606946145,3360.0298777157327,3376.365478515625,4990439.0,TCS,0.0028133985613880697,False
2025-03-04,3357.952083726606,3432.3799220820893,3348.576156481458,3414.06298828125,2797737.0,TCS,0.011165115271288162,False
2025-03-05,3403.237261275363,3480.081589993446,3403.237261275363,3428.56201171875,2501894.0,TCS,0.004246852939523427,False
2025-03-06,3438.179308187808,3488.877181911339,3417.9775618337376,3481.28955078125,2786513.0,TCS,0.015378907799327601,False
2025-03-07,3479.742784272697,3503.907664719036,3454.997852301583,3490.568603515625,2051315.0,TCS,0.0026654067692508665,False
2025-03-10,3486.0259949428714,3501.1049762137254,3462.924461365468,3469.73876953125,1004626.0,TCS,-0.005967461565830723,False
2025-03-11,3439.146018462038,3468.8688234276665,3419.4757100500638,3455.8681640625,1995450.0,TCS,-0.003997593591353765,False
2025-03-12,3445.912267227522,3450.020297279617,3370.3729384283747,3389.076416015625,3174167.0,TCS,-0.019327053254357573,False
2025-03-13,3385.306695598729,3406.5717917540665,3367.714708703622,3393.764404296875,1693004.0,TCS,0.0013832642601672163,False
2025-03-14,3385.306695598729,3406.5717917540665,3367.714708703622,3393.764404296875,1693004.0,TCS,0.0,False
2025-03-17,3372.450776071524,3412.516101378981,3361.1900359739784,3380.860107421875,2690906.0,TCS,-0.0038023549479927476,False
2025-03-18,3372.450776071524,3412.516101378981,3361.1900359739784,3380.860107421875,2690906.0,TCS,0.0,False
2025-03-19,3428.513776271942,3428.513776271942,3347.0781163759984,3380.28076171875,3051244.0,TCS,-0.00017136044814547446,False
2025-03-20,3394.682767165146,3459.3962767054963,3394.682767165146,3444.1240234375,2845192.0,TCS,0.01888697011259155,False
2025-03-21,3358.918638080041,3495.450223009194,3349.252685164703,3458.57470703125,4161925.0,TCS,0.004195750064577286,False
2025-03-24,3479.742944430365,3527.831058731868,3447.4587570622184,3507.725830078125,1834751.0,TCS,0.014211381048658822,False
2025-03-25,3523.2398747468987,3586.0685693582973,3516.473707634902,3535.56396484375,3135390.0,TCS,0.007936234504680506,False
2025-03-26,3525.897934373459,3557.553929809202,3504.7295921250025,3514.34716796875,1734499.0,TCS,-0.006000965358277099,False
2025-03-27,3494.097310621218,3540.6387825331667,3489.892526436254,3529.23291015625,2528474.0,TCS,0.004235706228222114,False
2025-03-28,3529.039393018248,3538.656968927356,3471.9135171595426,3485.6875,2051919.0,TCS,-0.012338491469615742,False
2025-03-31,3529.039393018248,3538.656968927356,3471.9135171595426,3485.6875,2051919.0,TCS,0.0,False
2025-04-01,3453.354865404157,3464.277439125219,3407.248318336048,3432.1865234375,2618493.0,TCS,-0.015348758763515047,False
2025-04-02,3425.61356250636,3445.0422214056125,3412.129605979645,3425.565185546875,1764313.0,TCS,-0.0019291894089699113,False
2025-04-03,3374.3842427691143,3385.0167912281404,3282.702582798802,3289.46875,4537821.0,TCS,-0.03972962946993164,False
2025-04-04,3250.2733357697866,3286.085501586113,3185.414699028632,3189.184326171875,5317367.0,TCS,-0.030486510573515813,False
2025-04-07,2996.445205771086,3181.4514379526936,2953.963392712106,3164.68115234375,6623955.0,TCS,-0.007683210288925935,False
2025-04-08,3191.746062810412,3237.127665022999,3146.5577324611054,3182.949951171875,5557558.0,TCS,0.0057727138844920756,False
2025-04-09,3151.6321497293247,3160.76642752928,3104.752280697163,3138.148193359375,2990265.0,TCS,-0.014075545798640454,False
2025-04-10,3151.6321497293247,3160.76642752928,3104.752280697163,3138.148193359375,2990265.0,TCS,0.0,False
2025-04-11,3179.6636391398747,3188.749540631033,3098.904554048043,3123.552734375,7108961.0,TCS,-0.0046509782473818095,False
2025-04-14,3179.6636391398747,3188.749540631033,3098.904554048043,3123.552734375,7108961.0,TCS,0.0,False
2025-04-15,3203.683386247662,3203.683386247662,3130.415650876791,3139.69482421875,3512160.0,TCS,0.005167862116142619,False
2025-04-16,3139.6947635283577,3168.596104196088,3121.136181217996,3164.439697265625,2384391.0,TCS,0.007881298798851244,False
2025-04-17,3137.085076745666,3193.2443586174536,3110.50370573642,3188.701171875,2932346.0,TCS,0.007666910079006772,False
2025-04-18,3137.085076745666,3193.2443586174536,3110.50370573642,3188.701171875,2932346.0,TCS,0.0,False
2025-04-21,3180.1953142330854,3241.9606599617177,3174.3957423905777,3210.64306640625,2432946.0,TCS,0.006881138541542153,False
2025-04-22,3211.6093750675464,3222.531712274605,3184.931252579041,3203.68310546875,2710498.0,TCS,-0.0021677778543257586,False
2025-04-23,3252.5934125809176,3306.625999245761,3225.8187680904407,3298.989990234375,3543923.0,TCS,0.029749161083670872,False
2025-04-24,3287.487161364933,3298.5062526941524,3274.534643572778,3287.970458984375,2252175.0,TCS,-0.003340274230179463,False
2025-04-25,3305.7561307053,3361.6253897019787,3291.25720030747,3332.82080078125,2742991.0,TCS,0.013640737456847019,False
2025-04-28,3320.2546435993536,3342.2930622298845,3291.2567864500143,3328.470703125,1593296.0,TCS,-0.0013052299887321706,False
2025-04-29,3339.5865365145787,3378.250345909827,3315.808199342435,3356.501953125,1578332.0,TCS,0.008421660426117805,False
2025-04-30,3356.0188189819924,3392.65268577439,3253.5597190937174,3338.330078125,2809332.0,TCS,-0.005413932496920348,False
2025-05-01,3356.0188189819924,3392.65268577439,3253.5597190937174,3338.330078125,2809332.0,TCS,0.0,False
2025-05-02,3356.0185874198487,3374.867194117627,3305.7556362257724,3316.38818359375,1721761.0,TCS,-0.006572715704485921,False
2025-05-05,3334.753505470742,3387.4329449049897,3331.27366828836,3338.909912109375,1284443.0,TCS,0.006791041117273355,False
2025-05-06,3344.419677734375,3356.9854164079434,3322.1879862349847,3344.419677734375,1324763.0,TCS,0.0016501689982761913,False
2025-05-07,3306.335750758935,3343.9362109554654,3306.335750758935,3330.017333984375,1477128.0,TCS,-0.004306380519730868,False
2025-05-08,3332.820588313161,3360.851851961966,3314.1652518601954,3333.6904296875,2543591.0,TCS,0.0011030260009878834,False
2025-05-09,3285.457736947085,3331.0809922460435,3284.587895488488,3325.378173828125,2531757.0,TCS,-0.0024934096415647478,False
2025-05-12,3387.916425868549,3509.22413241534,3385.209911911905,3499.46142578125,2228678.0,TCS,0.052349911153931394,False
2025-05-13,3499.4613194961807,3501.97456151927,3393.232596801932,3397.582275390625,3062887.0,TCS,-0.02911280851392173,False
2025-05-14,3403.3820953219624,3442.0459078220697,3391.396407841002,3430.15673828125,2119499.0,TCS,0.009587542037338803,False
2025-05-15,3444.945682102287,3479.7431132346333,3396.712670565691,3460.314453125,3548330.0,TCS,0.008791934930314937,False
2025-05-16,3473.846556756592,3473.846556756592,3427.6434928317944,3442.335693359375,1666727.0,TCS,-0.005195701144844911,False
2025-05-19,3431.413341631395,3431.413341631395,3386.659931697025,3401.255615234375,2537377.0,TCS,-0.01193378037018522,False
2025-05-20,3413.82137266364,3439.1461226598826,3377.2840226457647,3381.4404296875,2038374.0,TCS,-0.005825844272956737,False
2025-05-21,3390.8162851170264,3418.8475485914832,3381.4403579795026,3408.021728515625,1440153.0,TCS,0.007860939555448976,False
2025-05-22,3378.250521774226,3380.9570357698217,3336.0103550080185,3360.851806640625,2034383.0,TCS,-0.013840851271668675,False
2025-05-23,3360.85148302262,3416.9140041659366,3349.8323922264435,3397.195556640625,1274331.0,TCS,0.010813850800618141,False
2025-05-26,3403.381901279341,3426.580187456764,3392.8461073678304,3419.137451171875,967470.0,TCS,0.0064588258654580954,False
2025-05-27,3414.014574749619,3421.747337093333,3366.7481593177404,3381.826904296875,2467680.0,TCS,-0.010912268783523804,False
2025-05-28,3402.4152283668,3411.114585484783,3376.31715701285,3380.860107421875,1222933.0,TCS,-0.00028588005902119296,False
2025-05-29,3387.626702221486,3414.498100356932,3370.034713912086,3381.247314453125,3188072.0,TCS,0.00011452914907650324,False
2025-05-30,3373.417337946492,3389.5594310198626,3337.750068509547,3347.705810546875,3404365.0,TCS,-0.009919861159778831,False
2025-06-02,3334.75381873992,3344.4197718377163,3304.4028204069105,3334.560546875,1877585.0,TCS,-0.00392664840215684,False
2025-06-03,3330.8873298742683,3357.468700034321,3286.9072447003623,3291.4501953125,2848125.0,TCS,-0.012928345716469614,False
2025-06-04,3304.9078969735056,3310.56402774214,3286.379348716646,3297.0087890625,2544807.0,TCS,0.0016887977700275059,False
2025-06-05,3324.4113841471617,3324.4113841471617,3280.235380032571,3287.451904296875,3584683.0,TCS,-0.002898653105605553,False
2025-06-06,3287.452003626885,3306.7605099618336,3275.359545608902,3300.226806640625,2070390.0,TCS,0.0038859587046893296,False
2025-06-09,3315.634960419095,3348.791310023286,3306.760665733127,3336.991455078125,1718678.0,TCS,0.011140036910046058,False
2025-06-10,3354.6424396212137,3399.3060406489903,3338.259254508848,3376.97412109375,2419874.0,TCS,0.01198165070359436,False
2025-06-11,3383.8979728571367,3402.4265208353168,3363.516665314218,3385.750732421875,2847013.0,TCS,0.0025989572360958224,False
2025-06-12,3385.7505745896515,3388.481144938844,3338.259030391803,3348.986083984375,4060134.0,TCS,-0.010858640030833477,False
2025-06-13,3309.003623498393,3364.881871738205,3309.003623498393,3360.200927734375,2178493.0,TCS,0.003348728083294228,False
2025-06-16,3354.642349665819,3421.9302340050463,3341.1847251814343,3409.54541015625,1934088.0,TCS,0.014684979703027956,False
2025-06-17,3422.905437301184,3432.6573046439225,3401.5489430536663,3428.073974609375,2111940.0,TCS,0.0054343210675336096,False
2025-06-18,3431.7796073253016,3450.2105407014,3357.665418209048,3365.75927734375,2696327.0,TCS,-0.018177757460069333,False
2025-06-19,3364.394161188714,3365.3693479021017,3328.3122527933565,3339.039306640625,2672768.0,TCS,-0.007938764629718986,False
2025-06-20,3340.0145242959966,3360.786049100129,3326.264296276765,3350.448974609375,2351248.0,TCS,0.003417051109898095,False
2025-06-23,3330.262699722148,3340.014567071261,3286.3792966511382,3309.393798828125,3123421.0,TCS,-0.012253634092737276,False
2025-06-24,3349.376392565029,3356.690292940616,3298.081476031171,3306.27294921875,3403048.0,TCS,-0.0009430275751649564,False
2025-06-25,3322.7537403887272,3364.3941654870573,3315.634829755361,3359.3232421875,1757699.0,TCS,0.0160453458572698,False
2025-06-26,3359.3232652421043,3365.759354753242,3330.555256962972,3356.397705078125,2879106.0,TCS,-0.000870870975628435,False
2025-06-27,3369.270333073048,3380.387367158931,3345.865850296273,3355.71533203125,1778433.0,TCS,-0.00020330518217270832,False
2025-06-30,3354.544713732172,3378.924381810933,3344.8904604060604,3376.096435546875,1468351.0,TCS,0.006073549600909667,False
2025-07-01,3369.2704183662204,3398.526022577794,3328.800165873544,3344.59814453125,2375183.0,TCS,-0.0093297959987102,False
2025-07-02,3400.671024568939,3403.3039810516498,3335.1385257152824,3338.356689453125,3090585.0,TCS,-0.0018661300426571215,False
2025-07-03,3344.8904436190446,3350.058980842342,3313.294489180619,3316.4150390625,2531870.0,TCS,-0.00657259017885814,False
2025-07-04,3323.436352565672,3341.964900305915,3305.980605453995,3334.943603515625,1109320.0,TCS,0.005586925711916546,False
2025-07-07,3333.481005692293,3341.0875101654565,3323.8265137554163,3327.044677734375,1639174.0,TCS,-0.0023685335406941066,False
2025-07-08,3320.510731773224,3340.0144658805552,3309.1984707578945,3321.680908203125,2325242.0,TCS,-0.0016121723784312536,False
2025-07-09,3325.3867588452995,3329.2875057764963,3283.453729334933,3299.8369140625,2034938.0,TCS,-0.0065761867994844625,False
2025-07-10,3296.130925499427,3314.659472122057,3272.7264455550526,3298.081298828125,3035012.0,TCS,-0.0005320309094347664,False
2025-07-11,3218.01845022253,3252.247598137654,3180.1813972680684,3184.959716796875,7635550.0,TCS,-0.03429920968638478,False
2025-07-14,3184.9597625910983,3190.8108827918168,3120.5974403831947,3142.734130859375,3924009.0,TCS,-0.013257808478647437,False
2025-07-15,3126.448660244279,3178.523536457564,3126.448660244279,3171.599853515625,2590889.0,TCS,0.009184907616845317,False
2025-07-16,3157.607249475903,3175.1222359666176,3151.344969328223,3163.576171875,2540733.0,TCS,-0.0025298530745393455,False
2025-07-17,3154.7696780470374,3172.2846643823304,3135.199754145851,3140.18994140625,2947640.0,TCS,-0.007392339933730563,False
2025-07-18,3155.6502438038765,3159.3685771406017,3118.46738821797,3121.304931640625,3432645.0,TCS,-0.006013970529810675,False
2025-07-21,3121.4028477301345,3128.839514334287,3084.2199924907163,3090.28662109375,3844346.0,TCS,-0.009937609822239013,False
2025-07-22,3091.65673828125,3111.7159107005,3086.764257203384,3091.65673828125,3198036.0,TCS,0.0004433624952935311,False
2025-07-23,3091.6566291573,3113.5748480562365,3089.6996367952283,3110.7373046875,1922875.0,TCS,0.006171631594799054,False
2025-07-24,3097.0385335433134,3105.453457842372,3072.478182452152,3080.30615234375,2934778.0,TCS,-0.00978261722643503,False
2025-07-25,3072.4780444334683,3089.014534530361,3058.3877948178133,3068.368408203125,2568917.0,TCS,-0.00387550572904638,False
2025-07-28,3043.123036074506,3050.951005299135,3003.8852447797885,3013.083251953125,3374473.0,TCS,-0.01801776999860838,False
2025-07-29,2994.198408676068,3007.8973556438664,2975.802632112602,2990.284423828125,4785312.0,TCS,-0.007566610750041947,False
2025-07-30,2994.1983151611034,3003.0047807939304,2981.673516260727,2987.93603515625,2880121.0,TCS,-0.0007853395660833984,False
2025-07-31,2976.291850287368,2994.0027271024683,2950.166049468222,2971.497314453125,2968371.0,TCS,-0.00550169766343922,False
2025-08-01,2964.7455243430377,2971.4972914199097,2935.488583681943,2938.424072265625,2053847.0,TCS,-0.011130160551259594,False
2025-08-04,2944.392964480288,3013.181055141491,2927.2692812506943,3008.28857421875,2519252.0,TCS,0.023776180780896272,False
2025-08-05,3008.2886143717656,3011.322048140622,2976.5854331255146,2998.014404296875,1927996.0,TCS,-0.0034152873530569616,False
2025-08-06,2997.1337788834585,3000.8521121202134,2960.9294204705666,2967.093994140625,1487081.0,TCS,-0.01031362961830129,False
2025-08-07,2951.1446440658847,2985.9792055799644,2946.154217712285,2981.47802734375,2543076.0,TCS,0.004847852218881732,False
2025-08-08,2982.5543093380406,2994.002666894786,2959.9509519667536,2971.105712890625,2762140.0,TCS,-0.0034789169525981656,False
2025-08-11,2971.1058502168585,2984.3155492907413,2956.3307005130723,2975.411376953125,1884215.0,TCS,0.00144917901904984,False
2025-08-12,2975.6068714078456,3029.8154640054736,2961.809979769089,2970.127197265625,3358232.0,TCS,-0.0017759492782847275,False
2025-08-13,2970.812449963036,2978.9337774241835,2963.473728360306,2970.91015625,2148166.0,TCS,0.0002636112638865207,False
2025-08-14,2968.757439673081,2990.1864106721328,2954.1779420022144,2957.30908203125,3342174.0,TCS,-0.004578083315692649,False
2025-08-15,2968.757439673081,2990.1864106721328,2954.1779420022144,2957.30908203125,3342174.0,TCS,0.0,False
2025-08-18,2980.988718063058,2983.434958599791,2938.815435653507,2946.44775390625,2945609.0,TCS,-0.003672706444853513,False
2025-08-19,2946.4478507969,2959.951146781844,2946.350144506624,2951.34033203125,2650784.0,TCS,0.001660500553085864,False
2025-08-20,2946.1539583708727,3036.664852119672,2946.1539583708727,3031.96826171875,4952358.0,TCS,0.027319089165161792,False
2025-08-21,3062.693270119804,3062.693270119804,3016.801891436903,3035.882568359375,3230726.0,TCS,0.0012910117464113302,False
2025-08-22,3019.639270954844,3029.1306363096523,2984.4134077810354,2988.327392578125,1593791.0,TCS,-0.015664366032098975,False
2025-08-25,3020.9112915939663,3084.2199463957195,3010.930678378053,3073.065185546875,3448370.0,TCS,0.028356261492367585,False
2025-08-26,3061.714802808035,3094.0051794435944,3052.9083364528824,3089.308349609375,5522097.0,TCS,0.00528565555292948,False
2025-08-27,3061.714802808035,3094.0051794435944,3052.9083364528824,3089.308349609375,5522097.0,TCS,0.0,False
2025-08-28,3077.3704857914763,3078.8382300613293,3020.1284592672155,3027.173583984375,3116051.0,TCS,-0.020112840349153394,False
2025-08-29,3026.4887537573413,3048.0156702082504,3011.028465982645,3018.3671875,2271789.0,TCS,-0.0029091151333264786,False
2025-09-01,3023.553127605553,3063.7694152474464,3023.553127605553,3045.667236328125,1246862.0,TCS,0.00904464140121286,False
2025-09-02,3053.98447906176,3087.1554035307527,3036.3715480748965,3044.5908203125,2185229.0,TCS,-0.00035342535218085835,False
2025-09-03,3062.595025627338,3074.3369795089966,3021.5961322134785,3030.891845703125,1799774.0,TCS,-0.00449944686096404,False
2025-09-04,3048.9943814611165,3050.9513740037746,3024.336323201764,3029.130859375,1481391.0,TCS,-0.0005810125922578457,False
2025-09-05,3030.500662110197,3036.664997028233,2963.47367273015,2982.75,2802055.0,TCS,-0.015311606374301623,False
2025-09-08,2984.413460841752,2998.9929589138555,2951.144589474992,2954.080078125,2626187.0,TCS,-0.009611909102338445,False
2025-09-09,2966.898378981974,2994.19832699537,2965.62628616296,2983.826171875,2489301.0,TCS,0.010069494720292171,False
2025-09-10,2990.675797260498,3055.550145422665,2987.740308555338,3043.123291015625,2079428.0,TCS,0.019872846380780684,False
2025-09-11,3071.499614002741,3071.499614002741,3043.221168990462,3057.017822265625,2263446.0,TCS,0.004565878514032562,False
2025-09-12,3076.392175220264,3080.991059765134,3053.886761724696,3066.02001953125,1447167.0,TCS,0.002944764404073208,False
2025-09-15,3066.6070389449774,3066.6070389449774,3029.424183973724,3044.982177734375,1732539.0,TCS,-0.006861612664907368,False
2025-09-16,3060.7363278880744,3082.263245795216,3042.24284396958,3078.0556640625,2573429.0,TCS,0.010861635437463768,False
2025-09-17,3084.2199854121977,3113.966173979194,3074.8263264485827,3104.57275390625,2418271.0,TCS,0.008614883139816953,False
2025-09-18,3116.51048247651,3134.1234145595795,3093.41787596688,3108.388916015625,2633138.0,TCS,0.0012292068544934587,False
2025-09-19,3101.8328935510035,3112.107103450778,3076.3919928468,3101.050048828125,4901694.0,TCS,-0.002360987439405493,False
2025-09-22,3028.445731768582,3040.089740964508,2999.090845838676,3007.70166015625,3634901.0,TCS,-0.030102187066329722,False
2025-09-23,3003.983297445149,3014.453158879609,2986.3703660594774,2996.546630859375,3177741.0,TCS,-0.0037088217374243726,False
2025-09-24,2984.4133369924134,2991.262810224855,2967.778901999341,2970.127197265625,1625714.0,TCS,-0.008816626886988699,False
2025-09-25,2957.015390749667,2964.452057109936,2887.5421635017437,2893.804443359375,4974361.0,TCS,-0.025696796412124967,False
2025-09-26,2877.757441821336,2891.260737711385,2829.126226471788,2836.758544921875,3934636.0,TCS,-0.01971311453626645,False
2025-09-29,2853.2947314486933,2866.3087778304835,2831.7678164651984,2833.82275390625,3110035.0,TCS,-0.0010349104335581893,False
2025-09-30,2848.402439766557,2852.610021207006,2823.0594837288886,2826.288330078125,2253458.0,TCS,-0.0026587491464451496,False
2025-10-01,2828.8326264436423,2861.9058470940704,2804.957413772581,2851.53369140625,1952902.0,TCS,0.008932337532394419,False
2025-10-02,2828.8326264436423,2861.9058470940704,2804.957413772581,2851.53369140625,1952902.0,TCS,0.0,False
2025-10-03,2861.1229086009284,2861.1229086009284,2828.9304789544044,2839.498046875,2899519.0,TCS,-0.00422076181934028,False
2025-10-06,2839.595963591641,2929.22631078988,2833.3336834873367,2924.137939453125,2112774.0,TCS,0.02980804747207877,False
2025-10-07,2930.5959216848555,2939.891634958981,2891.945324387176,2909.75390625,3062943.0,TCS,-0.004919067944453737,False
2025-10-08,2911.0260640606234,2977.5638026677234,2904.176590968716,2962.103515625,4121889.0,TCS,0.0179910779611141,False
2025-10-09,2968.757519004287,3000.069397912704,2955.0585719818546,2995.86181640625,3211304.0,TCS,0.011396732289461253,False
2025-10-10,2984.413250266025,3003.983173218589,2942.239970746985,2963.179931640625,8817365.0,TCS,-0.010909009416472104,False
2025-10-13,2961.908209472205,2970.2254277677166,2933.7274691163334,2942.533935546875,2866865.0,TCS,-0.006967513472028286,False
2025-10-14,2956.0370052457697,2962.1036338769445,2891.9455044700007,2896.642333984375,3611416.0,TCS,-0.015595946407996442,False
2025-10-15,2917.954894078994,2926.499513769408,2898.31197994854,2916.7763671875,4282226.0,TCS,0.006950817837226841,False
2025-10-16,2916.87439174088,2921.883430677564,2890.553079047838,2917.66015625,3251495.0,TCS,0.0003030019964651576,False
2025-10-17,2916.972551528368,2935.4369375213087,2902.6331292681275,2909.311767578125,4374683.0,TCS,-0.0028613300469527703,False
2025-10-20,2932.1958010354274,2969.0262624451843,2925.320781572273,2961.365478515625,3133039.0,TCS,0.017892104764293704,False
2025-10-21,2976.981832168517,2977.669286180243,2942.508423286113,2953.017333984375,310644.0,TCS,-0.0028190186560270725,False
2025-10-22,2976.981832168517,2977.669286180243,2942.508423286113,2953.017333984375,310644.0,TCS,0.0,False
2025-10-23,3000.4550745732363,3042.687339125331,2981.892616996725,3018.330078125,5564758.0,TCS,0.022117291147932816,False
2025-10-24,3025.0086400055093,3034.8300966289034,3003.6961270890743,3008.508544921875,2684318.0,TCS,-0.00325396260478783,False
2025-10-27,3011.749660724532,3038.955047499024,3005.56209512184,3029.821044921875,1946312.0,TCS,0.007084074943371377,False
2025-10-28,3021.0801556355614,3035.0265765381446,2985.919291823652,3003.30322265625,3470737.0,TCS,-0.008752273442047098,False
2025-10-29,3003.3032409472494,3021.080174034828,2991.714113509379,3003.0087890625,2895420.0,TCS,-9.803658569296214e-05,False
2025-10-30,2994.6603471523654,3009.097840009136,2978.6513253692647,2981.106689453125,2241536.0,TCS,-0.007293385117335127,False
2025-10-31,2980.8120174669925,3012.6334402910475,2971.088871543434,3003.4013671875,1868085.0,TCS,0.0074786581148711395,False
2025-11-03,2992.499451583931,3003.4013640895914,2956.2583734171585,2962.93701171875,2194877.0,TCS,-0.01347284312740471,False
2025-11-04,2965.687239045192,2975.214004338424,2922.8655907942766,2936.81201171875,2670720.0,TCS,-0.008817264726409202,False
2025-11-05,2965.687239045192,2975.214004338424,2922.8655907942766,2936.81201171875,2670720.0,TCS,0.0,False
2025-11-06,2936.7138956519902,2970.008538313676,2936.61558517126,2957.142333984375,2542721.0,TCS,0.006922582100761243,False
2025-11-07,2947.419237380036,2950.365674471718,2907.6423366423182,2938.383544921875,1830520.0,TCS,-0.00634355297914424,False
2025-11-10,2939.5619693268272,2993.4816703122747,2938.579823663838,2971.18701171875,1556656.0,TCS,0.011163779777342508,False
2025-11-11,2990.633609021809,3001.142519888641,2964.1156755427983,2992.597900390625,2806868.0,TCS,0.007206173353419887,False
2025-11-12,3005.365683563726,3080.4015151753365,3002.51755709654,3075.8837890625,4460315.0,TCS,0.027830631258881633,False
2025-11-13,3075.8838537295965,3075.981924427489,3046.61586484088,3050.249755859375,1740435.0,TCS,-0.008333875712169925,False
2025-11-14,3034.830102963518,3057.517763723578,3022.356900982103,3050.54443359375,2210794.0,TCS,9.660773968067637e-05,False
2025-11-17,3050.544457369475,3067.732006630249,3031.4909272444797,3046.812255859375,2232853.0,TCS,-0.0012234464423054314,False
2025-11-18,3046.615807873648,3049.5622448251693,3023.0443122614724,3031.98193359375,2548350.0,TCS,-0.004867488056444769,False
2025-11-19,3041.705020306013,3098.669466924596,3028.4460542827223,3091.499755859375,3151053.0,TCS,0.01963000557693939,False
2025-11-20,3091.794673762747,3108.000077866014,3082.071527213453,3088.65185546875,2700767.0,TCS,-0.0009212034984726891,False
2025-11-21,3088.6516518716926,3113.4016740052466,3079.2229578295533,3094.34814453125,4177037.0,TCS,0.0018442638824489599,False
2025-11-24,3101.616062202543,3122.1428110333977,3075.0981288018247,3085.115966796875,6703764.0,TCS,-0.002983561416866176,False
2025-11-25,3089.142887490615,3093.562543096727,3059.3838251197944,3063.5087890625,2737920.0,TCS,-0.007003684129517129,False
2025-11-26,3063.115986297256,3121.258962436661,3061.348076121797,3106.428466796875,2508527.0,TCS,0.014009973755456206,False
2025-11-27,3123.223169867727,3123.223169867727,3069.205159068128,3080.59814453125,2836233.0,TCS,-0.0083151189675581,False
2025-11-28,3083.937297684263,3091.1070087848907,3069.205113141185,3081.48193359375,1616690.0,TCS,0.00028688878621485614,False
2025-12-01,3081.8747335418534,3097.687374390369,3066.4550948216056,3077.455078125,1747647.0,TCS,-0.0013067918474062301,False
2025-12-02,3075.0980746626374,3087.8659682974558,3064.6872347092776,3079.714111328125,2512003.0,TCS,0.0007340588719499941,False
2025-12-03,3083.937318813876,3154.5534946281955,3082.9551731709416,3123.22314453125,3952112.0,TCS,0.014127620821389186,False
2025-12-04,3136.9731988901626,3191.9733551637537,3130.4909417024,3171.544677734375,5025905.0,TCS,0.015471687729945227,False
2025-12-05,3172.330486734928,3213.187842167148,3164.866083794654,3180.384033203125,5244013.0,TCS,0.002787082121467943,False
2025-12-08,3185.0983021118977,3201.6964674714213,3151.3125880977464,3178.71435546875,2544725.0,TCS,-0.0005249924905117442,False
2025-12-09,3172.330579931189,3175.964471029267,3124.401822284255,3151.01806640625,2734893.0,TCS,-0.008713047466769264,False
2025-12-10,3167.41989738469,3167.41989738469,3121.357359750894,3132.259033203125,1386849.0,TCS,-0.005953324547110506,False
2025-12-11,3147.776848623936,3151.1160479641035,3096.8035846478047,3134.91064453125,1914362.0,TCS,0.0008465491838371975,False
2025-12-12,3140.607031689688,3165.4553640739014,3128.8212841349605,3163.0,1146554.0,TCS,0.008960177387432378,False
2025-12-15,3153.76801727613,3180.384020730158,3140.2143592438706,3172.52685546875,1562190.0,TCS,0.003011968216487526,False
2025-12-16,3162.509118995985,3162.509118995985,3134.1252044928165,3147.875244140625,1734623.0,TCS,-0.007770339685424843,False
2025-12-17,3143.357220604169,3179.107227122374,3143.357220604169,3160.348388671875,1376350.0,TCS,0.0039624011639174395,False
2025-12-18,3170.366292342023,3229.09865265339,3163.491272501132,3222.2236328125,2307422.0,TCS,0.019578614928156046,False
2025-12-19,3240.09857605464,3258.661033366418,3220.259281411304,3223.402099609375,3902511.0,TCS,0.00036573091478642183,False
2025-12-22,3250.902257836416,3269.170263717588,3232.2414895890165,3265.5361328125,2632816.0,TCS,0.013071292969695225,False
2025-12-23,3260.625245626059,3260.625245626059,3234.6966963938,3250.902099609375,2365420.0,TCS,-0.0044813569986503765,False
2025-12-24,3245.107580613968,3267.696930860065,3237.2504153109776,3259.741455078125,1367708.0,TCS,0.0027190469592461852,False
2025-12-25,3245.107580613968,3267.696930860065,3237.2504153109776,3259.741455078125,1367708.0,TCS,0.0,False
2025-12-26,3253.9468611908032,3260.723570288681,3213.384197736604,3221.437744140625,1176664.0,TCS,-0.011750536496638153,False
2025-12-29,3221.437683809396,3229.294848891858,3184.9999848268185,3193.446533203125,2079473.0,TCS,-0.008689042955559945,False
2025-12-30,3191.973384551631,3209.160933545371,3181.660855155388,3188.83056640625,2807593.0,TCS,-0.0014454498451380582,False
2025-12-31,3182.151893056932,3188.0447669329637,3141.392848747715,3148.955322265625,3362634.0,TCS,-0.012504660661718292,False
2026-01-01,3157.59834501185,3176.3574233163417,3141.0982497161094,3169.77685546875,1255735.0,TCS,0.006612203436453967,False
2026-01-02,3176.259103902428,3196.196709004467,3162.017991655493,3192.660888671875,1184324.0,TCS,0.007219446114524963,False
2026-01-05,3182.642968809425,3189.026915514335,3134.026759287417,3158.6787109375,2341703.0,TCS,-0.010643841898445805,False
2026-01-06,3152.687602211108,3204.9377039238207,3147.7768738587542,3197.669921875,2912325.0,TCS,0.012344152256602126,False
2026-01-07,3185.000010126568,3241.6700055592964,3165.651788913644,3236.75927734375,1989442.0,TCS,0.012224324718865809,False
2026-01-08,3228.2143763788763,3228.2143763788763,3125.1873956712,3146.6962890625,4159336.0,TCS,-0.0278250498613416,False
2026-01-09,3134.0267606372377,3172.0357492326657,3134.0267606372377,3150.52685546875,1938673.0,TCS,0.0012173295591202393,False
2026-01-12,3145.8126491306843,3193.937788002805,3117.625115747632,3181.75927734375,2228342.0,TCS,0.009913396491379345,False
2026-01-13,3187.0627488471305,3221.437847833155,3153.1787227037635,3209.652099609375,5645341.0,TCS,0.008766477861553046,False
2026-01-14,3201.7948316366483,3201.7948316366483,3126.169616288176,3135.5,3539511.0,TCS,-0.02310284644818661,False
2026-01-15,3201.7948316366483,3201.7948316366483,3126.169616288176,3135.5,3539511.0,TCS,0.0,False
2026-01-16,3219.39990234375,3221.89990234375,3171.0,3206.699951171875,4293470.0,TCS,0.022707686548198103,False
2026-01-19,3188.0,3220.0,3152.10009765625,3163.60009765625,3387562.0,TCS,-0.013440563249416115,False
2026-01-20,3151.60009765625,3160.0,3091.10009765625,3102.300048828125,4499273.0,TCS,-0.019376674338055233,False
2026-01-21,3100.0,3138.5,3082.0,3122.60009765625,2015150.0,TCS,0.006543547854371168,False
2026-01-22,3150.0,3160.0,3122.300048828125,3150.39990234375,2269827.0,TCS,0.008902774552644654,False
2026-01-23,3190.300048828125,3194.5,3152.0,3162.5,2068857.0,TCS,0.00384081324001051,False
2026-01-26,3190.300048828125,3194.5,3152.0,3162.5,2068857.0,TCS,0.0,False
2026-01-27,3175.0,3175.0,3130.0,3158.0,4279874.0,TCS,-0.0014229249011857847,False
2026-01-28,3176.0,3205.199951171875,3170.60009765625,3200.10009765625,2751234.0,TCS,0.013331253216038563,False
2026-01-29,3200.10009765625,3200.10009765625,3125.60009765625,3144.39990234375,2457641.0,TCS,-0.01740576657376902,False
2026-01-30,3141.0,3141.0,3092.0,3123.89990234375,3022068.0,TCS,-0.00651952698024183,False
2026-02-02,3198.0,3198.0,3134.0,3169.60009765625,2636272.0,TCS,0.014629212439941641,False
2026-02-03,3350.0,3350.0,3186.300048828125,3225.300048828125,4366060.0,TCS,0.01757317940930858,False
2026-02-04,3120.0,3120.0,2986.0,2999.10009765625,10852595.0,TCS,-0.07013299468186285,False
2026-02-05,2990.0,3029.699951171875,2972.300048828125,2991.5,3521545.0,TCS,-0.002534126040737772,False
2026-02-06,2976.60009765625,2985.0,2916.0,2941.60009765625,4687389.0,TCS,-0.01668056237464488,False
2026-02-09,2959.10009765625,2977.0,2937.5,2948.199951171875,2380318.0,TCS,0.0022436270385235435,False
2026-02-10,2949.800048828125,3011.60009765625,2943.5,2984.60009765625,3547763.0,TCS,0.012346566409074944,False
2026-02-11,2980.0,2998.0,2904.199951171875,2909.800048828125,3363513.0,TCS,-0.02506200039558537,False
2026-02-12,2869.800048828125,2880.0,2740.0,2750.10009765625,10612156.0,TCS,-0.054883479446016126,False
2026-02-13,2585.0,2713.0,2585.0,2692.199951171875,11168735.0,TCS,-0.021053832380035886,False
2026-02-16,2700.0,2719.800048828125,2671.0,2706.60009765625,2918730.0,TCS,0.0053488398876564425,False
2026-02-17,2716.0,2760.0,2695.199951171875,2717.39990234375,4209118.0,TCS,0.003990173759637505,False
2026-02-18,2730.0,2730.0,2657.300048828125,2694.89990234375,2950820.0,TCS,-0.008279973801645357,False
2026-02-19,2708.0,2748.699951171875,2666.60009765625,2677.89990234375,3238849.0,TCS,-0.006308212036081562,False
2026-02-20,2667.0,2702.60009765625,2647.5,2686.199951171875,2293482.0,TCS,0.0030994619406277124,False
2026-02-23,2686.0,2704.0,2660.199951171875,2676.300048828125,4699596.0,TCS,-0.0036854673977010366,False
2026-02-24,2641.0,2647.5,2561.300048828125,2573.699951171875,7798833.0,TCS,-0.038336545149777024,False
2026-02-25,2596.0,2654.199951171875,2595.0,2629.300048828125,3621285.0,TCS,0.02160317780281029,False
2026-02-26,2650.0,2671.0,2635.0,2647.699951171875,3464267.0,TCS,0.006998023048738977,False
2026-02-27,2681.60009765625,2688.60009765625,2626.10009765625,2637.39990234375,5083717.0,TCS,-0.0038901873392286346,False
2026-03-02,2592.0,2623.800048828125,2580.300048828125,2613.5,3374385.0,TCS,-0.009061918263707835,False
2026-03-03,2592.0,2623.800048828125,2580.300048828125,2613.5,3374385.0,TCS,0.0,False
2026-03-04,2625.0,2635.0,2580.39990234375,2587.800048828125,3446434.0,TCS,-0.009833537850344354,False
2026-03-05,2600.0,2609.5,2546.39990234375,2578.800048828125,2960636.0,TCS,-0.0034778575740717077,False
2026-03-06,2572.0,2619.199951171875,2553.60009765625,2557.60009765625,3998643.0,TCS,-0.008220858837624467,False
2026-03-09,2530.0,2560.0,2505.0,2527.39990234375,3653428.0,TCS,-0.011808020863064206,False
2026-03-10,2541.0,2545.199951171875,2490.10009765625,2513.10009765625,4323710.0,TCS,-0.005657911387208392,False
2026-03-11,2508.10009765625,2521.0,2460.10009765625,2464.89990234375,2720664.0,TCS,-0.019179576395485398,False
2026-03-12,2459.800048828125,2472.89990234375,2436.0,2442.39990234375,2752075.0,TCS,-0.00912815971902381,False
2026-03-13,2437.0,2445.89990234375,2397.0,2410.5,2466488.0,TCS,-0.013060884220122415,False
2026-03-16,2410.0,2425.0,2366.10009765625,2409.199951171875,3807907.0,TCS,-0.0005393274541070081,False
2026-03-17,2420.0,2420.0,2360.0,2391.699951171875,2993367.0,TCS,-0.007263822162825395,False
2026-03-18,2410.0,2482.89990234375,2410.0,2440.800048828125,3082388.0,TCS,0.020529371852097134,False
2026-03-19,2417.0,2424.0,2350.199951171875,2356.0,2757060.0,TCS,-0.03474272661901945,False
2026-03-20,2386.0,2407.800048828125,2364.199951171875,2390.60009765625,4206320.0,TCS,0.01468594976920623,False
2026-03-23,2365.0,2406.800048828125,2348.0,2383.800048828125,3860515.0,TCS,-0.0028444944994320265,False
2026-03-24,2404.10009765625,2435.39990234375,2379.10009765625,2398.800048828125,3420182.0,TCS,0.006292474071964982,False
2026-03-25,2400.89990234375,2421.60009765625,2369.800048828125,2377.39990234375,5843778.0,TCS,-0.008921188114378031,False
2026-03-26,2400.89990234375,2421.60009765625,2369.800048828125,2377.39990234375,5843778.0,TCS,0.0,False
2026-03-27,2403.89990234375,2422.10009765625,2385.0,2389.800048828125,4979411.0,TCS,0.005215843776282814,False
2026-03-30,2375.10009765625,2398.0,2346.199951171875,2358.89990234375,6804756.0,TCS,-0.012930013328741552,False
2026-03-31,2375.10009765625,2398.0,2346.199951171875,2358.89990234375,6804756.0,TCS,0.0,False
2026-04-01,2429.0,2472.0,2397.89990234375,2408.199951171875,4132661.0,TCS,0.02089959339908476,False
2026-04-02,2386.0,2469.89990234375,2375.699951171875,2450.699951171875,5378361.0,TCS,0.017648036235246467,False
2026-04-03,2386.0,2469.89990234375,2375.699951171875,2450.699951171875,5378361.0,TCS,0.0,False
2026-04-06,2474.0,2482.0,2448.199951171875,2473.89990234375,2572417.0,TCS,0.009466663252994723,False
2026-04-07,2461.0,2543.89990234375,2448.0,2539.800048828125,4516550.0,TCS,0.026638162046064062,False
2026-04-08,2572.0,2580.300048828125,2540.10009765625,2559.199951171875,4769337.0,TCS,0.007638358126932587,False
2026-04-09,2554.0,2605.0,2531.10009765625,2589.0,5628261.0,TCS,0.01164428313406285,False
2026-04-10,2565.800048828125,2565.800048828125,2501.10009765625,2524.300048828125,10480239.0,TCS,-0.024990324902230632,False
2026-04-13,2489.89990234375,2504.89990234375,2470.0,2472.60009765625,3739587.0,TCS,-0.020480905665662075,False
2026-04-14,2489.89990234375,2504.89990234375,2470.0,2472.60009765625,3739587.0,TCS,0.0,False
2026-04-15,2501.89990234375,2559.0,2493.39990234375,2554.89990234375,5261384.0,TCS,0.033284721118271854,False
2026-04-16,2572.0,2594.0,2558.0,2576.89990234375,3905403.0,TCS,0.008610904865516744,False
2026-04-17,2570.0,2589.0,2555.89990234375,2581.5,2718206.0,TCS,0.001785128577197037,False
2026-04-20,2587.10009765625,2594.0,2561.199951171875,2579.60009765625,2288558.0,TCS,-0.0007359683686809504,False
2026-04-21,2560.0,2614.0,2560.0,2610.5,2719959.0,TCS,0.011978563022936983,False
2026-04-22,2580.0,2580.0,2503.60009765625,2538.5,5232045.0,TCS,-0.02758092319479022,False
2026-04-23,2529.0,2559.5,2516.300048828125,2521.800048828125,2509050.0,TCS,-0.00657866896666337,False
2026-04-24,2488.0,2505.0,2388.800048828125,2396.89990234375,5107719.0,TCS,-0.049528171966852,False
2026-04-27,2396.89990234375,2459.0,2396.89990234375,2447.60009765625,5853425.0,TCS,0.02115240409619279,False
2026-04-28,2444.0,2487.0,2427.39990234375,2444.699951171875,4508363.0,TCS,-0.0011848939241144718,False
2026-04-29,2451.0,2487.89990234375,2447.60009765625,2474.699951171875,2835961.0,TCS,0.012271444594098124,False
2026-04-30,2479.0,2491.0,2438.0,2473.89990234375,3970446.0,TCS,-0.0003232912449633307,False
