Date,Open,High,Low,Close,Volume,Symbol
2018-01-01,88.95522769086193,91.12814466579158,88.52601091409748,89.08936309814453,7745247,ADANIENT
2018-01-02,89.11620794955734,89.81368817966126,86.99694918646566,87.93585968017578,4977129,ADANIENT
2018-01-03,87.93586545754138,96.70799003159632,87.93586545754138,94.53507995605469,39032205,ADANIENT
2018-01-04,94.4277652406898,99.36376267471297,93.43519613002759,98.34436798095703,22778210,ADANIENT
2018-01-05,99.14914964349802,104.2461005321615,97.86149912990086,103.62910461425781,21144683,ADANIENT
2018-01-08,103.33401267568064,107.84079309780658,103.17305918320145,105.39962005615234,15147523,ADANIENT
2018-01-09,106.2312273093722,106.74092087704187,104.13879436288124,105.10453033447266,8653790,ADANIENT
2018-01-10,105.21184218195904,109.36988257242156,105.1581835051227,106.66044616699219,21411711,ADANIENT
2018-01-11,106.2312387952754,109.28941555607744,104.91676260513469,108.21636962890625,10238800,ADANIENT
2018-01-12,108.37731447347673,109.31623240171545,104.21927404520314,107.27745056152344,9577781,ADANIENT
2018-01-15,107.84080189075434,108.48463093729542,105.85567109466186,106.33853912353516,5453962,ADANIENT
2018-01-16,106.60680180147932,106.8214139863189,100.97332397223651,104.40706634521484,13454300,ADANIENT
2018-01-17,104.19245192314176,110.36244881390309,100.81236830299966,109.74545288085938,17383941,ADANIENT
2018-01-18,110.52341169246596,111.32818672373811,101.24158686011555,104.75580596923828,24303136,ADANIENT
2018-01-19,104.75581115353471,107.84080604762472,101.1611151145921,107.14332580566406,25753085,ADANIENT
2018-01-22,106.23122808003723,108.56509879238952,105.15818226110108,106.71409606933594,10534230,ADANIENT
2018-01-23,106.98235948717728,110.12101268821199,105.21184102098562,109.66496276855469,13877472,ADANIENT
2018-01-24,109.6113132082069,111.35501362988691,107.30427555439607,110.25514221191406,14325102,ADANIENT
2018-01-25,109.98688208605859,115.75448765706592,108.27001470880212,115.03018188476562,24286217,ADANIENT
2018-01-29,115.67400107309429,118.30295308200638,112.99139039014811,114.46682739257812,14632536,ADANIENT
2018-01-30,113.20602036571348,114.57414774744639,111.3281918409244,113.36697387695312,7873404,ADANIENT
2018-01-31,112.64265969798035,117.36404466202903,112.21344288306683,114.3863525390625,14190496,ADANIENT
2018-02-01,114.2790479685767,116.45196523678959,109.28940696026727,114.8155746459961,9002862,ADANIENT
2018-02-02,114.27905186415914,114.27905186415914,104.67532016540363,105.80201721191406,12747646,ADANIENT
2018-02-05,99.31010095005949,107.84079386554062,98.5589771344115,107.00918579101562,11825552,ADANIENT
2018-02-06,99.25644825929355,106.33852957499326,98.02244895761618,104.78262329101562,10865044,ADANIENT
2018-02-07,107.06284782998317,108.77971531795791,104.67532569298976,105.56058502197266,7308821,ADANIENT
2018-02-08,106.36536975789713,110.60389490605826,105.64107143623092,109.71863555908203,8147287,ADANIENT
2018-02-09,107.3042790370863,113.66205497273727,106.04345408329733,112.72314453125,11122413,ADANIENT
2018-02-12,113.31331702241776,117.65914424060739,113.31331702241776,116.55927276611328,13340428,ADANIENT
2018-02-14,117.22993040489212,119.91253393244217,116.29101240939099,117.7396240234375,12691224,ADANIENT
2018-02-15,118.62488107123623,119.45648920057654,113.01822883816634,115.21797180175781,9129656,ADANIENT
2018-02-16,115.78131968295438,117.20310572340433,109.8795858672186,111.48915100097656,10018309,ADANIENT
2018-02-19,109.98688844369077,111.30136463588008,107.57254073784173,108.86019134521484,8936687,ADANIENT
2018-02-20,108.37730810465483,109.20891614143987,104.62165914859538,106.2312240600586,11610335,ADANIENT
2018-02-21,106.9287117044481,107.57253320703016,104.78262750906678,105.90931701660156,7621480,ADANIENT
2018-02-22,105.15818825797541,109.69180203087635,103.97784755551791,109.07479858398438,16437924,ADANIENT
2018-02-23,109.71862207618011,110.38926914435153,108.10905709326558,109.63813781738281,9189024,ADANIENT
2018-02-26,109.9868700089593,111.51595813545526,109.18208757523131,110.30878448486328,5353014,ADANIENT
2018-02-27,110.52340908300543,112.58900904846155,107.94810049789079,111.08675384521484,10994042,ADANIENT
2018-02-28,109.96007004671652,111.56963528916287,108.64559376860286,109.20893859863281,7114891,ADANIENT
2018-03-01,109.20892496780111,110.89896675901531,106.33853497864617,106.84823608398438,6606714,ADANIENT
2018-03-05,106.76776037113274,108.75289124879743,105.56058649331226,107.78715515136719,7142031,ADANIENT
2018-03-06,108.6455901246671,109.10163259312263,96.62750989460692,99.9002914428711,14797586,ADANIENT
2018-03-07,98.12976471284641,99.49789200629283,90.77941962338478,92.38898468017578,39901321,ADANIENT
2018-03-08,93.35472326710178,95.17890055373955,85.84342447099687,90.64529418945312,35549750,ADANIENT
2018-03-09,90.6452947079216,91.47690284733312,82.97303485060536,83.75099182128906,31361197,ADANIENT
2018-03-12,85.01181618777267,88.20412079976104,80.4782098314093,87.05059814453125,36867220,ADANIENT
2018-03-13,86.94330433836542,88.25778062754735,84.23386748754899,85.70930480957031,27822361,ADANIENT
2018-03-14,84.12653892716887,88.63331873727513,83.99241103498409,87.85536193847656,24472244,ADANIENT
2018-03-15,87.72124621195951,91.45007005972127,87.5602927052325,89.62590026855469,24216374,ADANIENT
2018-03-16,89.8673360558081,90.37702966125113,85.38738091813896,86.11168670654297,22765608,ADANIENT
2018-03-19,85.84342969609624,86.91647566602445,82.97303942640539,86.16534423828125,21394394,ADANIENT
2018-03-20,85.28008802841777,87.66760281690496,84.93134788751988,86.3531265258789,17242124,ADANIENT
2018-03-21,86.78232781383818,89.14302410283334,86.46042082975518,87.02376556396484,14220268,ADANIENT
2018-03-22,87.13107166964238,87.90902860570085,85.06546420523136,85.54833221435547,11326269,ADANIENT
2018-03-23,83.16079828479629,83.80462721244926,79.7807151947773,81.79267120361328,18236099,ADANIENT
2018-03-26,81.81949410921013,89.19666339651464,80.88058383978982,87.85536193847656,22902521,ADANIENT
2018-03-27,89.00890218785628,89.97463822927978,85.09229183040505,85.7897720336914,22051871,ADANIENT
2018-03-28,85.25325073404798,86.86280825920467,82.9998566771121,83.91194152832031,21470217,ADANIENT
2018-04-02,84.39480683077629,87.15789439101079,81.12203320704782,86.32628631591797,18337901,ADANIENT
2018-04-03,84.9045268695334,87.61395635788392,83.99244184399097,87.13108825683594,21100128,ADANIENT
2018-04-04,87.15790625611632,89.27716510578409,78.92230113091438,81.25617218017578,61208164,ADANIENT
2018-04-05,84.02326865421237,96.62676270837652,79.75893251441639,93.40481567382812,42856294,ADANIENT
2018-04-06,93.65751636896867,97.70074250157211,93.31005332515024,94.60514831542969,16557821,ADANIENT
2018-04-09,94.88944526186809,96.02659912459985,92.01496110363765,92.96259307861328,8024416,ADANIENT
2018-04-10,93.81546027419577,95.36326116856198,92.67830641242742,93.34164428710938,7711830,ADANIENT
2018-04-11,93.53117668164589,93.97340444961569,90.08811172868688,91.32003784179688,7993153,ADANIENT
2018-04-12,91.35162987842989,92.42560735273591,85.06567616234665,85.98171997070312,12107380,ADANIENT
2018-04-13,88.69826262833574,90.34082082158181,86.9293514934352,88.0665054321289,18682047,ADANIENT
2018-04-16,87.62427744582608,89.64588694729632,86.55029998044253,88.91937255859375,7913136,ADANIENT
2018-04-17,89.36158765667227,90.30921955824529,87.0556843644532,88.12966918945312,5496341,ADANIENT
2018-04-18,89.0773038775917,89.0773038775917,85.72900388648604,86.39234924316406,5139668,ADANIENT
2018-04-19,85.60266785192725,89.89859273295394,85.28678549886244,89.48795318603516,9986051,ADANIENT
2018-04-20,89.07730893585406,89.07730893585406,85.91853815644667,86.99251556396484,6122099,ADANIENT
2018-04-23,87.81380453890267,89.70906104896106,86.92934899685368,88.2876205444336,6960812,ADANIENT
2018-04-24,88.7930122527323,89.2668282314773,86.45552810379279,87.11886596679688,5641426,ADANIENT
2018-04-25,87.18204507492516,88.12967706114006,86.32917778974476,86.89775848388672,4277522,ADANIENT
2018-04-26,87.1820296826734,89.55110922994248,85.91852309481781,88.79299926757812,4409996,ADANIENT
2018-04-27,89.04572540734182,93.8786427767049,88.60349762509901,89.58271789550781,11783652,ADANIENT
2018-04-30,89.93017600143266,91.22527104127408,87.56109604461781,88.50872802734375,3973908,ADANIENT
2018-05-02,88.66667318250764,89.39318756297196,78.46384606069769,81.74896240234375,13025322,ADANIENT
2018-05-03,82.1279985269603,82.4438808183867,77.89525094248653,79.85369110107422,20057125,ADANIENT
2018-05-04,80.04321796613972,83.6758044480486,79.3798801368172,79.98004150390625,20059687,ADANIENT
2018-05-07,80.29592633843146,82.0648372883001,78.87447842970171,80.61180114746094,19006661,ADANIENT
2018-05-08,81.02243533269328,84.33913938988196,79.47463459715813,83.0440444946289,7209269,ADANIENT
2018-05-09,82.38071455834222,83.04405242832694,80.89609014104249,81.52784729003906,5556490,ADANIENT
2018-05-10,82.06483993164831,82.57024414961361,79.41147342137913,80.01163482666016,7504479,ADANIENT
2018-05-11,80.5802027802167,81.74894468507026,77.95842491728246,80.73814392089844,9263105,ADANIENT
2018-05-14,80.76974258761142,80.86449977220299,76.82127365678312,78.33748626708984,7854960,ADANIENT
2018-05-15,78.33749144007537,81.7805488827643,76.63175683588325,77.895263671875,10525423,ADANIENT
2018-05-16,77.70574431044024,78.84289824627159,76.22111978593372,77.76891326904297,6247641,ADANIENT
2018-05-17,78.59019237059567,79.3483025066162,76.94763418133788,77.95844268798828,4922000,ADANIENT
2018-05-18,78.21113383638952,78.33748676606942,74.26267239247579,74.92601776123047,6429588,ADANIENT
2018-05-21,75.17871351539382,76.37904376975563,73.28344968382764,74.67330932617188,4982120,ADANIENT
2018-05-22,75.74730148460262,78.02161679977209,74.70490477413091,77.23192596435547,5766771,ADANIENT
2018-05-23,77.07397209752968,77.35825864807632,73.78884884736568,74.16790008544922,3996194,ADANIENT
2018-05-24,74.5469764867503,76.1263582714067,73.06235190000329,75.27349090576172,6809081,ADANIENT
2018-05-25,75.21030138920545,79.53781394025442,74.57855178972949,78.84288787841797,8545640,ADANIENT
2018-05-28,78.27431179732497,83.07564058421859,78.27431179732497,81.90689849853516,7804639,ADANIENT
2018-05-29,80.8644998670876,81.71736711386563,77.54779557674296,78.14796447753906,6376433,ADANIENT
2018-05-30,77.13716359335938,79.09559662392087,76.75811228138184,77.95844268798828,3324790,ADANIENT
2018-05-31,78.33749430391616,78.49543548121356,75.96841420478268,76.44223022460938,7144834,ADANIENT
2018-06-01,76.44221241400308,77.20032237632974,72.99915564765669,75.52616882324219,9722786,ADANIENT
2018-06-04,75.77888255413573,76.44222038930661,71.79883300691681,73.44139099121094,8032675,ADANIENT
2018-06-05,73.28345497780634,74.10474153966187,71.41978675500417,72.90440368652344,4918698,ADANIENT
2018-06-06,72.96758730757327,75.58936588204847,72.30424936081005,74.70491027832031,6253502,ADANIENT
2018-06-07,74.70489715183989,80.99084998355309,74.70489715183989,79.22193908691406,17145197,ADANIENT
2018-06-08,78.81130710858505,80.35910804675953,77.42144734126467,79.79052734375,8320813,ADANIENT
2018-06-11,80.67497501934257,83.92850272554914,80.16957083389677,81.0224380493164,10227843,ADANIENT
2018-06-12,80.42226922301542,81.43307759456596,79.69575493149974,80.64338684082031,3525932,ADANIENT
2018-06-13,81.21196741578339,83.80215729249564,81.05402626035053,81.59101867675781,10410157,ADANIENT
2018-06-14,81.18037889450792,85.19201661958249,80.3590999133217,84.6234359741211,15420224,ADANIENT
2018-06-15,85.28678164719314,86.67664140171388,83.01247388023023,83.67581176757812,13898773,ADANIENT
2018-06-18,83.96009307902062,85.91853340812126,82.41229976452756,84.87613677978516,13121499,ADANIENT
2018-06-19,83.77056123641682,85.63423664818124,81.43306991467733,82.06482696533203,8714922,ADANIENT
2018-06-20,81.4962587792305,83.61263282624884,81.43308231333967,83.23358154296875,7630630,ADANIENT
2018-06-21,83.20199868910763,83.83375587679471,81.18038921022666,82.03325653076172,5664223,ADANIENT
2018-06-22,82.00166566150816,82.75976825272664,80.58021766892462,82.34912872314453,6427410,ADANIENT
2018-06-25,82.12800630673604,82.8229399016394,80.04322054615537,80.23274993896484,4307412,ADANIENT
2018-06-26,79.09558598124083,82.75976069076764,79.09558598124083,81.59101867675781,8685766,ADANIENT
2018-06-27,80.86450345093189,80.86450345093189,71.07231628306643,72.71488189697266,18195059,ADANIENT
2018-06-28,71.70407671961415,73.06234829266508,68.67165873458998,69.0822982788086,13624874,ADANIENT
2018-06-29,69.55611135076083,72.1463014468936,69.55611135076083,71.48296356201172,9766020,ADANIENT
2018-07-02,71.26185502915159,71.86202403524331,63.712393900605655,66.36576080322266,22074830,ADANIENT
2018-07-03,66.0814513804723,68.19782502255516,64.81794484060288,67.12384033203125,11787383,ADANIENT
2018-07-04,67.15543864209101,68.70323945647088,65.54446887648703,68.0398941040039,11036532,ADANIENT
2018-07-05,68.26101190663326,68.26101190663326,66.04987324598416,66.90274047851562,6545131,ADANIENT
2018-07-06,66.176228252655,71.19866711050233,64.91271396794808,70.09310150146484,19356589,ADANIENT
2018-07-09,70.44057464372587,71.60931688569029,68.67166340612246,70.53533935546875,9358024,ADANIENT
2018-07-10,71.38819616105346,72.87281304348622,70.8196154868958,72.08312225341797,8739556,ADANIENT
2018-07-11,72.33582262950796,79.28511307452177,72.08311678812463,78.4006576538086,41430172,ADANIENT
2018-07-12,78.62177287065767,79.91686785585574,76.63175180054928,78.52701568603516,12897744,ADANIENT
2018-07-13,78.7481251707449,83.51786556653602,77.29508903600438,83.17040252685547,40819011,ADANIENT
2018-07-16,82.75976285070355,85.19201914752651,81.62260903810187,84.4023208618164,28399661,ADANIENT
2018-07-17,85.31836181269445,89.4563524510557,84.78136939958331,87.37156677246094,30615637,ADANIENT
2018-07-18,87.33998569914034,90.97257245297612,85.88694949519302,89.83541107177734,24172884,ADANIENT
2018-07-19,90.59349822287304,97.41644281190405,89.10888155034378,95.4264144897461,22465016,ADANIENT
2018-07-20,96.08977886956653,104.04987871646398,94.57356615546286,102.9443130493164,42113359,ADANIENT
2018-07-23,101.93350357436682,108.91438311116843,100.44887910919273,108.15628051757812,36429184,ADANIENT
2018-07-24,108.02993298930093,118.76975282175123,104.33416951442312,117.53783416748047,84444898,ADANIENT
2018-07-25,116.8744678247715,129.69907886804052,116.0531888688316,126.22441864013672,88858638,ADANIENT
2018-07-26,122.7498011382883,127.58271097883588,119.43308902692971,124.92935180664062,66162047,ADANIENT
2018-07-27,125.50244256188522,131.0155548796787,120.71807939287858,124.14000701904297,44416991,ADANIENT
2018-07-30,124.9638056935127,126.99161261122593,121.89040647762714,122.65083312988281,21685477,ADANIENT
2018-07-31,122.58747042666309,125.59749968170216,121.06660949475034,123.85485076904297,13956426,ADANIENT
2018-08-01,124.20338043856566,125.21728773788718,121.44683174212103,122.46073150634766,8364175,ADANIENT
2018-08-02,122.30230811778061,127.81541279542918,117.5496225774522,124.52022552490234,26533948,ADANIENT
2018-08-03,123.25283851677806,129.46300729833877,122.93599532366424,125.56581115722656,31802007,ADANIENT
2018-08-06,126.73813604718924,128.10057157106107,124.3301157271562,125.59749603271484,13783939,ADANIENT
2018-08-07,124.83706391432321,125.02717434266202,118.27836716304861,120.49628448486328,21206813,ADANIENT
2018-08-08,115.36339240284235,132.25125008576077,113.4306406130109,126.51634979248047,55314801,ADANIENT
2018-08-09,129.2729033653388,131.11060754102706,125.59750254905724,126.95994567871094,23748439,ADANIENT
2018-08-10,126.51634422056605,127.94214984656537,124.26674179779228,126.19950103759766,14473803,ADANIENT
2018-08-13,124.20337573904702,125.97770967817625,122.14388367937723,123.1894760131836,11210689,ADANIENT
2018-08-14,123.37957727653074,130.16006221451016,123.28452205924815,128.1956329345703,20777577,ADANIENT
2018-08-16,125.78760260901814,130.54028049278077,125.78760260901814,128.57583618164062,14732446,ADANIENT
2018-08-17,128.0055194673801,130.98387099443974,127.1817226739702,128.6708984375,8569903,ADANIENT
2018-08-20,128.7342609552542,135.76822588935133,128.10055955925426,134.6592559814453,30872546,ADANIENT
2018-08-21,135.60980519493114,140.6793414676815,134.37410996693893,135.16622924804688,34411752,ADANIENT
2018-08-23,135.92666603727807,136.4019346272752,129.3362759273305,133.6136932373047,22438632,ADANIENT
2018-08-24,133.07504766258165,135.92665905610613,131.3957764489784,132.3146209716797,12187310,ADANIENT
2018-08-27,133.26514565180227,135.1662197365333,131.36407156707122,134.2473602294922,12303976,ADANIENT
2018-08-28,134.75431125375914,147.33306474913834,132.726497039378,145.55873107910156,56713612,ADANIENT
2018-08-29,146.8261294505038,149.96289867012868,139.3485734078991,141.5031280517578,44981172,ADANIENT
2018-08-30,140.99617918544232,146.54098409388877,139.28521537780762,141.94671630859375,44266980,ADANIENT
2018-08-31,142.58042798338624,144.86170820023665,140.90114159348647,142.7388458251953,22107612,ADANIENT
2018-09-03,143.2140979455203,144.10126488393453,129.36795518489234,133.3918914794922,31267861,ADANIENT
2018-09-04,133.708727520276,137.1306700672519,128.0055200823603,133.32852172851562,45530498,ADANIENT
2018-09-05,131.93442153330096,137.32079446196272,130.41356790432576,133.6770782470703,55270563,ADANIENT
2018-09-06,148.1459732036271,168.5407294865847,137.62761513424468,161.6766357421875,74817700,ADANIENT
2018-09-07,163.20748487939886,167.8000041444504,153.77552131711155,155.40513610839844,42704819,ADANIENT
2018-09-10,156.04710820895522,156.04710820895522,147.80030880401384,148.88671875,20590646,ADANIENT
2018-09-11,149.1336275715048,151.8002523352356,144.49172297238982,146.41761779785156,15083637,ADANIENT
2018-09-12,146.66455082898577,148.29415092123122,140.9856204096816,147.05960083007812,16166704,ADANIENT
2018-09-14,147.89908641803692,151.01014631461408,146.41762645391634,148.73858642578125,8859644,ADANIENT
2018-09-17,148.3434993260615,153.72613338095564,144.9855299349866,150.17063903808594,10925422,ADANIENT
2018-09-18,150.07191377257254,152.93607917323462,144.49175310210157,146.61517333984375,7447741,ADANIENT
2018-09-19,147.55338185788636,148.83731662729036,143.50406767153544,145.5287322998047,5315295,ADANIENT
2018-09-21,146.1707355485929,151.6027561264122,131.01045390787485,136.73876953125,12829824,ADANIENT
2018-09-24,136.73872918139477,138.0226639531359,129.5289555279448,132.83755493164062,5960439,ADANIENT
2018-09-25,131.84993938395303,140.6399293148071,124.09696692719655,136.63999938964844,8571550,ADANIENT
2018-09-26,138.6646563603164,140.73870648394575,132.04747106949543,134.8128662109375,6768299,ADANIENT
2018-09-27,134.31902614922012,141.28189044525791,131.05981147126747,140.4917755126953,9769528,ADANIENT
2018-09-28,140.88682771726056,141.62755765283015,124.04757170303526,128.98577880859375,11876058,ADANIENT
2018-10-01,125.43026494855783,136.8868936018559,120.04763060850391,135.65234375,9826192,ADANIENT
2018-10-03,135.30668569261036,139.7510658795939,128.44259041786285,133.13388061523438,6829117,ADANIENT
2018-10-04,127.80062209003306,132.6400675910256,125.43029189335351,131.30674743652344,7184987,ADANIENT
2018-10-05,129.92401799296522,134.07210211622532,126.66480365676537,128.5906982421875,6099515,ADANIENT
2018-10-08,127.40555731655245,133.18325722293727,119.85010996866812,131.50425720214844,10658358,ADANIENT
2018-10-09,134.31901537129383,135.9980000493975,127.7512166036402,134.22024536132812,7186017,ADANIENT
2018-10-10,134.81281780740488,146.02253432715716,133.33135827105977,141.97320556640625,9209149,ADANIENT
2018-10-11,136.29432681080814,141.62757704924155,133.47954664207367,136.49185180664062,8421556,ADANIENT
2018-10-12,138.3683565854006,143.60283602071138,138.3683565854006,142.07200622558594,6338784,ADANIENT
2018-10-15,145.18306974012415,151.8496392690074,142.02262497750627,150.56570434570312,9011923,ADANIENT
2018-10-16,150.46693687715697,158.02237568659714,149.87434694025697,155.701416015625,9671300,ADANIENT
2018-10-17,158.12116303955315,161.62727282844034,152.34346326683553,159.75076293945312,11660585,ADANIENT
2018-10-19,156.54092154043693,168.5901251055369,156.54092154043693,166.6642303466797,11861481,ADANIENT
2018-10-22,168.98519772193353,174.5159722770473,162.36799814767073,166.41732788085938,13950566,ADANIENT
2018-10-23,166.91115596102065,169.72593592098372,163.9482360327185,167.45436096191406,8339433,ADANIENT
2018-10-24,168.8864350870361,170.12098505112263,163.0593652846237,165.4790802001953,5451065,ADANIENT
2018-10-25,164.6889744436128,172.24441461939637,159.50386430370895,169.9728546142578,7460591,ADANIENT
2018-10-26,171.84933869735053,172.59006860552878,163.25687477652073,164.68894958496094,6982991,ADANIENT
2018-10-29,166.56546179529178,170.46665142572266,163.00996722540313,169.6271514892578,5332500,ADANIENT
2018-10-30,170.36791124105628,171.8493713388046,166.02230098240446,166.96055603027344,3885243,ADANIENT
2018-10-31,164.93586865593406,171.65182320805786,162.6642937981318,167.89878845214844,10254679,ADANIENT
2018-11-01,168.93581558815202,175.89868021369247,166.7630107234232,172.8369903564453,8041754,ADANIENT
2018-11-02,174.41720528960556,177.28135485529262,171.65181066779732,173.4295654296875,6839045,ADANIENT
2018-11-05,173.92339736231511,174.56535728748898,153.87430380832802,166.41732788085938,12668556,ADANIENT
2018-11-06,166.17042378979335,166.91115376211042,159.99767402048454,162.41738891601562,5834504,ADANIENT
2018-11-07,162.96057929820066,166.91113879633883,162.66428432180257,163.70130920410156,1138303,ADANIENT
2018-11-09,163.45437677206792,165.7259511853545,161.92353216288438,164.24449157714844,4079435,ADANIENT
2018-11-12,163.94823209432283,165.82474197576028,156.19525244009975,158.26930236816406,4332207,ADANIENT
2018-11-13,158.26930309818832,160.98531297974847,156.78784316279186,160.14581298828125,3641712,ADANIENT
2018-11-14,161.2815920833379,161.7260270061109,156.29400777842474,158.86187744140625,3263131,ADANIENT
2018-11-15,159.75076347819046,164.19514329674908,158.022393548751,160.83717346191406,5297431,ADANIENT
2018-11-16,160.98531271823163,161.82481270833512,155.55329296393546,159.4544677734375,3885301,ADANIENT
2018-11-19,160.39271546392325,162.3679952852533,157.5779507606414,160.096435546875,3424402,ADANIENT
2018-11-20,159.65197675231153,161.62725646502895,155.0100724414632,158.17051696777344,4293856,ADANIENT
2018-11-21,159.60261499668005,159.99766493139802,156.54092525695424,159.01002502441406,4209404,ADANIENT
2018-11-22,159.89889370252257,159.94827871153583,155.60266918176933,156.54092407226562,2405010,ADANIENT
2018-11-26,156.5409159055051,157.9236056646078,153.72613631067472,155.40513610839844,2428238,ADANIENT
2018-11-27,155.40513690755108,159.01001634315605,152.34344733498025,157.18287658691406,3925863,ADANIENT
2018-11-28,157.18288373644464,157.62733374668957,154.368119069297,156.04710388183594,3156482,ADANIENT
2018-11-29,157.38041477952544,173.38017719864436,156.73843984040326,167.8000030517578,13648898,ADANIENT
2018-11-30,166.41732626250297,172.6394607629133,161.4791266701438,162.96058654785156,9405499,ADANIENT
2018-12-03,163.99762742099801,166.41734244247357,161.47914236999662,164.63958740234375,3213684,ADANIENT
2018-12-04,163.8988170573222,164.44202194565452,158.0223634312596,160.73837280273438,3797368,ADANIENT
2018-12-05,159.0594082111001,162.91119777612323,153.8249137500308,155.4545135498047,8601249,ADANIENT
2018-12-06,153.87430333193353,154.07182830289938,147.89907877153323,148.68919372558594,5714514,ADANIENT
2018-12-07,149.9237521575399,152.4422371235933,148.1459971773734,151.01014709472656,7411261,ADANIENT
2018-12-10,145.03494109374498,145.1830810667573,139.25724102321618,141.3806610107422,7484723,ADANIENT
2018-12-11,137.2819570186314,153.92369668529693,132.83757711515054,150.0225067138672,9251826,ADANIENT
2018-12-12,150.91140847455367,155.0594938305033,149.183038320392,154.17062377929688,4377945,ADANIENT
2018-12-13,154.0718231201172,156.6396928668613,152.09654333652594,154.0718231201172,3499313,ADANIENT
2018-12-14,154.07180857728454,155.94831816649705,152.19529898807204,155.15821838378906,3389589,ADANIENT
2018-12-17,155.15822635185526,156.93596602443046,154.41749646488623,155.99771118164062,1595605,ADANIENT
2018-12-18,155.75080134762996,157.77546605438425,154.2693415724714,156.0964813232422,1689582,ADANIENT
2018-12-19,158.0224151806095,160.68904042274391,156.5409550382913,158.21994018554688,2312343,ADANIENT
2018-12-20,157.42977140535962,160.49146068339445,156.44213164730795,157.28163146972656,2539589,ADANIENT
2018-12-21,157.82485179068212,159.5038365295875,150.1212579102,157.3804168701172,5335334,ADANIENT
2018-12-24,157.42980168616336,158.91126160819198,154.56565186498392,156.59031677246094,3130614,ADANIENT
2018-12-26,154.91133297495546,162.07172264894254,153.18296305364822,159.25694274902344,4065516,ADANIENT
2018-12-27,160.2445832475702,165.72598803063136,157.87425337552799,160.34335327148438,10882426,ADANIENT
2018-12-28,159.94828786938595,162.26924779419568,157.82486799193939,159.55323791503906,3905985,ADANIENT
2018-12-31,160.83716488040997,162.17046971272487,158.21991008478912,159.01002502441406,3890636,ADANIENT
2019-01-01,158.9112766068103,160.3433667227555,153.52864139611182,155.306396484375,4726656,ADANIENT
2019-01-02,155.05947025349198,155.89897022880007,150.6150905328505,152.93605041503906,2735262,ADANIENT
2019-01-03,152.9854269713316,154.17060700423832,148.442292102553,150.61509704589844,2758876,ADANIENT
2019-01-04,150.22006995995127,152.09658018085892,148.14601965668075,150.6645050048828,2777308,ADANIENT
2019-01-07,151.01015421695206,152.54099927402356,148.39291417145532,149.38055419921875,2714218,ADANIENT
2019-01-08,148.63980993783224,152.39284469780875,147.80030996658598,151.5533447265625,2791866,ADANIENT
2019-01-09,151.70148229414585,152.5409670985577,145.77564337750246,147.50401306152344,4054809,ADANIENT
2019-01-10,149.1336365903929,149.9237515863668,146.66453664684337,149.23240661621094,3534546,ADANIENT
2019-01-11,149.23239148341784,150.7138512993213,147.2571117288799,149.62744140625,2254999,ADANIENT
2019-01-14,149.13364322679507,149.28178320192418,145.18308314131707,146.5164031982422,2624582,ADANIENT
2019-01-15,146.66449740020607,148.09657197021127,145.4299477587902,146.81263732910156,1805678,ADANIENT
2019-01-16,146.36826330893456,148.83736361802653,146.17073829824565,146.61517333984375,1574176,ADANIENT
2019-01-17,146.5657505047345,149.38053015894536,144.54110082980532,147.15834045410156,2618859,ADANIENT
2019-01-18,147.8496763902261,147.94844639919907,142.76333740205556,144.93614196777344,2306520,ADANIENT
2019-01-21,144.6892774673107,146.17073764615688,142.46708719904143,144.1460723876953,1763205,ADANIENT
2019-01-22,143.60282917438118,144.83737899558525,139.94856471765482,143.8991241455078,2261667,ADANIENT
2019-01-23,143.70161331283464,144.68925326687472,140.29425848543423,141.23251342773438,2322990,ADANIENT
2019-01-24,141.23252092637708,142.26954594721724,139.35601094214476,140.7880859375,1678843,ADANIENT
2019-01-25,141.0843630981659,143.65221774791297,134.46716383606747,135.65234375,3297651,ADANIENT
2019-01-28,136.29429529337932,139.25721475627887,117.47975368992964,134.7140655517578,9404485,ADANIENT
2019-01-29,134.76345305392644,142.0226119006131,131.94868855412867,139.0596923828125,4301493,ADANIENT
2019-01-30,139.1584774554561,139.75106751540002,134.81286724983818,138.17083740234375,3102926,ADANIENT
2019-01-31,137.77576321206482,139.99795294129166,133.3313837536111,135.45480346679688,3498642,ADANIENT
2019-02-01,135.2572886917538,143.0102683590445,132.88695883013347,141.23251342773438,7091209,ADANIENT
2019-02-04,141.13374237903236,141.13374237903236,119.80072856884706,121.57847595214844,9832462,ADANIENT
2019-02-05,120.49207402618838,125.82533126879274,118.12173663668702,122.71426391601562,8484607,ADANIENT
2019-02-06,122.3192058628395,122.66487833708375,113.38106886837583,121.38095092773438,9905219,ADANIENT
2019-02-07,120.68959131636484,125.23274082987284,117.5785316968072,122.41796112060547,9826247,ADANIENT
2019-02-08,121.4797137636127,123.89942862535405,114.26993911970182,122.22044372558594,8059813,ADANIENT
2019-02-11,121.43033415744452,121.72662916946099,114.36871423370202,116.73904418945312,7048335,ADANIENT
2019-02-12,115.7513884192513,118.51678303749722,113.92425618777537,115.50447845458984,3698931,ADANIENT
2019-02-14,116.98594651580473,118.02297145475889,114.56623170503791,116.64027404785156,4962697,ADANIENT
2019-02-15,116.68965987254794,119.65257967869763,115.06005247214667,118.31926727294922,4509378,ADANIENT
2019-02-18,116.83781398166606,118.41803646068426,114.66500147980777,116.04769897460938,2569451,ADANIENT
2019-02-19,116.93656148818955,118.31925880579655,115.35633921167906,116.78841400146484,2644152,ADANIENT
2019-02-20,116.49212747383534,119.6031947802337,114.76375758529123,118.56617736816406,3739081,ADANIENT
2019-02-21,118.31926707523866,119.50443198168024,116.44274969412722,117.92420959472656,2698192,ADANIENT
2019-02-22,118.76369851648347,129.08453250450185,118.31926357349494,126.46729278564453,14695085,ADANIENT
2019-02-25,123.4549753593676,132.2449635768796,121.47969575361772,130.3684539794922,12769956,ADANIENT
2019-02-26,128.39318952108195,132.64004418850942,126.41790968229608,130.4672393798828,8879092,ADANIENT
2019-02-27,132.146231941333,134.61533188392076,127.94876203893389,130.61538696289062,5875292,ADANIENT
2019-02-28,131.84992768506714,132.54127260645666,126.41790819242392,127.25740814208984,3960957,ADANIENT
2019-03-01,128.73886287749866,133.52890719725522,127.25740307485857,132.1956024169922,7738116,ADANIENT
2019-03-05,130.8622934669679,141.92385790070387,130.36847349162085,140.04734802246094,7598974,ADANIENT
2019-03-06,140.98560961957892,141.973249616914,136.49184461766635,137.52886962890625,4856085,ADANIENT
2019-03-07,137.28195089144103,139.20784574962119,133.62768614793694,135.20790100097656,3496617,ADANIENT
2019-03-08,134.07213669976235,137.62764690551208,133.7264566544121,136.49185180664062,3681442,ADANIENT
2019-03-11,136.14614936785222,139.20782363624642,135.89923942345652,137.33131408691406,2550759,ADANIENT
2019-03-12,138.7634156533384,148.88672533623318,138.3189806812981,146.56576538085938,12543653,ADANIENT
2019-03-13,146.56574204606602,148.54102166970674,143.60282261060496,145.5287322998047,5700158,ADANIENT
2019-03-14,145.5781166114904,147.35587146237503,141.82509701207618,143.75099182128906,4052596,ADANIENT
2019-03-15,143.99790004426984,147.0595746838693,138.51649560006894,140.0967254638672,5981701,ADANIENT
2019-03-18,140.6399237327142,143.20779364687195,138.61527387868608,142.1213836669922,4934286,ADANIENT
2019-03-19,142.66458791287118,143.05965293539873,138.7634131203235,140.244873046875,4320808,ADANIENT
2019-03-20,140.24486412346215,140.9362090311598,136.343689579136,137.72637939453125,3242462,ADANIENT
2019-03-22,138.96094422068305,139.70167421660372,135.35606426861185,136.54122924804688,3147147,ADANIENT
2019-03-25,135.30666223573107,135.89925218600672,131.84992268956276,132.68942260742188,2977535,ADANIENT
2019-03-26,133.23263673565535,138.26960701944,131.75117666044707,136.5906219482422,4180951,ADANIENT
2019-03-27,136.83753165617247,139.20786174315282,134.56595653187145,135.80050659179688,2778662,ADANIENT
2019-03-28,136.73873110001867,141.38063527511846,134.61531149902035,136.09677124023438,3966292,ADANIENT
2019-04-01,145.627474544359,151.30640296728728,143.30653023101308,149.57803344726562,7938713,ADANIENT
2019-04-02,149.82497399967463,151.40520391187653,146.51638928439905,149.7755889892578,6228254,ADANIENT
2019-04-03,148.44229789449994,150.76324289742266,144.7880328376285,145.72628784179688,3416023,ADANIENT
2019-04-04,146.12131480740035,148.4422745149646,143.65221514836963,145.6768798828125,3963980,ADANIENT
2019-04-05,146.1707147989901,147.35587974278178,144.39295984820765,145.0843048095703,2004719,ADANIENT
2019-04-08,145.6769006437285,146.81268062067122,139.35601064387342,140.19549560546875,4399839,ADANIENT
2019-04-09,140.5411548498581,145.18305916982155,135.751095509037,144.19541931152344,8432342,ADANIENT
2019-04-10,143.9485155287146,145.57811533681317,140.2942509101195,141.08436584472656,4356153,ADANIENT
2019-04-11,140.985602574991,141.38065252610951,136.88690281892525,139.25723266601562,3535449,ADANIENT
2019-04-12,139.05970778775136,142.66458757234636,137.4794778417924,139.65228271484375,5769634,ADANIENT
2019-04-15,139.2572259360779,143.3559254940642,138.81279099500054,141.18312072753906,4375074,ADANIENT
2019-04-16,140.44239092511373,143.5534656557526,140.44239092511373,141.28189086914062,3648947,ADANIENT
2019-04-18,141.33128159012438,142.66458646840732,135.94863185533427,136.88690185546875,3954004,ADANIENT
2019-04-22,136.29430236903576,136.93626225791598,132.6894228634374,133.47952270507812,3189574,ADANIENT
2019-04-23,133.72642357650932,134.6153084431722,129.92401936915616,130.86227416992188,4084835,ADANIENT
2019-04-24,131.1091935356975,135.40543302426468,130.46723364438907,134.4671630859375,4329268,ADANIENT
2019-04-25,133.43015263927668,135.3066623666512,132.1956028001649,133.08447265625,2112063,ADANIENT
2019-04-26,133.3313886311565,133.97334854834196,128.64009903117136,129.77587890625,4350584,ADANIENT
2019-04-30,130.17094984799846,130.17094984799846,123.45499510049362,125.47966003417969,4006829,ADANIENT
2019-05-02,124.44263487537461,128.39319471268809,123.25746993821852,125.08460235595703,3754433,ADANIENT
2019-05-03,122.46734827346746,127.40554780062341,121.47970836803627,126.71420288085938,6222801,ADANIENT
2019-05-06,124.19572440464147,125.82533183824222,123.50437944982654,124.04757690429688,1996014,ADANIENT
2019-05-07,124.83768257263235,125.4302649947224,118.5661708299151,120.83773803710938,4593214,ADANIENT
2019-05-08,120.29454761838691,122.12167999903664,118.91185019637544,119.40567016601562,2661345,ADANIENT
2019-05-09,120.393309708453,120.68959716820363,117.67729988438455,118.61555480957031,2907774,ADANIENT
2019-05-10,119.50443223317464,120.7883671637673,117.77606234550476,118.51679229736328,2835247,ADANIENT
2019-05-13,119.2081361227649,119.40566862913536,115.20819894121978,116.14645385742188,2124122,ADANIENT
2019-05-14,114.91190641314621,123.01055850571453,113.57859399070902,121.82538604736328,4548264,ADANIENT
2019-05-15,122.66487580953812,123.40560575412492,114.66499391501948,115.94892883300781,3659017,ADANIENT
2019-05-16,116.64027441888963,118.02297183019537,111.60331227457806,117.33162689208984,5368281,ADANIENT
2019-05-17,116.29460217153155,119.05999699941476,114.6649947742109,117.82544708251953,4631007,ADANIENT
2019-05-20,129.57836880936958,152.9854344859927,126.51669376114444,150.0718994140625,37670288,ADANIENT
2019-05-21,152.78787987896973,156.9853491892172,146.61513089331171,152.73849487304688,39732349,ADANIENT
2019-05-22,153.13356164676895,156.83721108161413,150.91137198586185,155.99771118164062,13565092,ADANIENT
2019-05-23,167.4049562687188,178.56528970067103,155.7508029067703,159.0594024658203,61334483,ADANIENT
2019-05-24,160.34334258585258,161.72603240736674,149.97312371392982,154.4668731689453,19435041,ADANIENT
2019-05-27,157.133513368553,158.71372815890206,153.23232372601043,155.25698852539062,9664810,ADANIENT
2019-05-28,155.15822615535282,158.36805566148684,154.1212013008719,155.701416015625,5456461,ADANIENT
2019-05-29,155.99772516215563,156.4421601201297,149.8743605618067,153.23233032226562,12993604,ADANIENT
2019-05-30,156.1458740234375,157.42979383568596,153.18295432713083,156.1458740234375,6740283,ADANIENT
2019-05-31,156.54094566628697,157.33106070892472,147.2571353583186,152.83729553222656,7553254,ADANIENT
2019-06-03,152.09658175309812,159.89893284092676,149.77562139307446,157.08416748046875,7975636,ADANIENT
2019-06-04,156.1952437203384,157.33103864427704,152.59036412349008,155.6520538330078,5502910,ADANIENT
2019-06-06,154.9607149380287,155.84960000862952,149.3311697716539,151.25706481933594,3832155,ADANIENT
2019-06-07,151.05953934429806,151.65212938947153,144.98555919712913,149.4793243408203,5016442,ADANIENT
2019-06-10,150.12128371650584,153.57802380208327,145.18308359425237,148.09661865234375,3967379,ADANIENT
2019-06-11,147.6521776059398,152.34346752987435,146.51639765243172,151.70150756835938,3413094,ADANIENT
2019-06-12,152.09652658360983,157.38040545079062,148.6891723462612,151.30641174316406,7477081,ADANIENT
2019-06-13,151.3064270653299,156.88660144653204,147.15834257066433,151.20767211914062,7968656,ADANIENT
2019-06-14,154.0718291119685,154.0718291119685,149.67683443659445,150.56570434570312,6589668,ADANIENT
2019-06-17,151.10888348371682,152.04713824294438,145.42995485606082,146.07191467285156,3470303,ADANIENT
2019-06-18,145.52874772405065,147.0102075987976,142.22014797570682,146.12132263183594,5764444,ADANIENT
2019-06-19,146.61514811368593,147.89908306754225,138.86218351920405,141.0349884033203,4744374,ADANIENT
2019-06-20,140.5411926075544,147.84972349438974,138.6152973805011,146.61517333984375,4477064,ADANIENT
2019-06-21,145.18307490578894,150.12127473251644,144.14604992813818,144.9855499267578,4673136,ADANIENT
2019-06-24,144.09665773451556,146.96082253339063,142.81273789970479,145.92379760742188,3240654,ADANIENT
2019-06-25,144.68924918466382,150.07188376828068,143.0596493345505,148.98548889160156,4920288,ADANIENT
2019-06-26,148.14598275677503,153.38047716155214,146.66452292920727,151.89901733398438,4779891,ADANIENT
2019-06-27,150.41754947273083,153.0347890002403,149.6274345928564,150.96075439453125,2858423,ADANIENT
2019-06-28,150.6150962348,154.36813115501664,147.94847131550057,148.6398162841797,4642404,ADANIENT
2019-07-01,148.78794283626863,153.67677232938277,146.22008817411836,152.1953125,6182608,ADANIENT
2019-07-02,152.98541253669285,156.24462717928924,149.5286729306458,152.7878875732422,11741576,ADANIENT
2019-07-03,154.4668575907174,155.65203739841806,152.294053060245,153.6767578125,5661251,ADANIENT
2019-07-04,158.12118413166638,159.80016926738506,152.39286860669222,154.17062377929688,15687573,ADANIENT
2019-07-05,154.36811362689298,154.911318565672,144.04728007084532,145.47935485839844,6607087,ADANIENT
2019-07-08,141.47942153367865,144.44234135637348,135.84987688459634,137.1831817626953,5896584,ADANIENT
2019-07-09,136.34370528505193,141.430045267086,134.07213026649856,139.40538024902344,7317997,ADANIENT
2019-07-10,140.2448641885708,140.73868413289676,135.55357471747425,137.62762451171875,5548654,ADANIENT
2019-07-11,138.76341269202265,140.09673264987953,135.8004928480649,139.25723266601562,5098558,ADANIENT
2019-07-12,139.2572323994005,141.67694725329542,136.0967875859343,138.56588745117188,6678610,ADANIENT
2019-07-15,139.2572234799309,139.94856838387864,134.41779408210806,136.2449188232422,4491271,ADANIENT
2019-07-16,136.19554986982985,139.20785488160988,134.91162992694464,138.41773986816406,4954078,ADANIENT
2019-07-17,138.4670931903873,139.25720802299486,135.30664893014392,136.3436737060547,3984405,ADANIENT
2019-07-18,135.9980304213577,136.24494043122587,131.7018052917659,132.54129028320312,4247055,ADANIENT
2019-07-19,132.59065869431674,133.52891360027596,128.6894840409985,129.77587890625,4256095,ADANIENT
2019-07-22,129.13392668177593,132.5412815801825,127.10926171976362,130.02279663085938,5467444,ADANIENT
2019-07-23,129.8252577541652,134.26963716425965,129.133912859966,132.39312744140625,5753483,ADANIENT
2019-07-24,131.80054309895036,132.3437480639971,126.26976110478729,128.19566345214844,5403438,ADANIENT
2019-07-25,128.88701576631553,129.67713075439988,126.17100585553109,127.80060577392578,3977652,ADANIENT
2019-07-26,127.80060691577418,132.5412818164465,126.81296693939203,130.2203369140625,3632048,ADANIENT
2019-07-29,129.76248777793953,130.6044641643412,125.89932823339139,128.2271270751953,4349871,ADANIENT
2019-07-30,126.7908231803346,129.7624830986237,122.68002544857029,124.16585540771484,4167043,ADANIENT
2019-07-31,123.81917648269994,128.07855917663392,123.02673073028154,127.58328247070312,3665392,ADANIENT
2019-08-01,127.38517542693525,127.8804521352598,121.83807024784191,124.26492309570312,4462938,ADANIENT
2019-08-02,123.72011726384665,128.5242995906452,122.13523338536869,126.889892578125,4637509,ADANIENT
2019-08-05,125.00783324034886,125.20594845027847,120.0055432174559,123.52200317382812,5259236,ADANIENT
2019-08-06,122.82861630036248,128.22712907450594,122.82861630036248,126.98893737792969,3899290,ADANIENT
2019-08-07,126.98893509593817,128.92051108495772,123.42294458534396,124.41349792480469,3911797,ADANIENT
2019-08-08,125.0078241184133,132.73414292345356,122.87814055766323,129.66342163085938,7070036,ADANIENT
2019-08-09,133.42752174782646,134.61618264267736,128.8709857984575,131.1492462158203,8589075,ADANIENT
2019-08-13,131.74359813011333,132.63509011671476,127.38516935061415,129.06910705566406,4226112,ADANIENT
2019-08-14,129.6634097881068,131.1987702941724,126.14695040950818,129.415771484375,4761139,ADANIENT
2019-08-16,128.7719334314827,132.6846160782027,126.93940371756155,131.5950164794922,4087073,ADANIENT
2019-08-19,131.5454947996242,135.65628537178776,131.05021809865772,134.21998596191406,4261741,ADANIENT
2019-08-20,134.41809148325424,135.50770625392292,130.80257766951343,134.36856079101562,4515865,ADANIENT
2019-08-21,132.73414445157317,134.0218667863456,129.01956951356274,130.6539764404297,3426518,ADANIENT
2019-08-22,129.7129619304947,130.05966165893156,124.90877955479537,125.70122528076172,3358838,ADANIENT
2019-08-23,122.23428864886344,130.95115386170744,121.7390119586795,130.05966186523438,4374006,ADANIENT
2019-08-26,130.85209956417899,134.66572077582805,127.08799392679428,133.9228057861328,5507570,ADANIENT
2019-08-27,133.47706339112054,136.89446941234277,132.63508700105157,135.85438537597656,4495705,ADANIENT
2019-08-28,134.91336404697608,135.8048711360486,130.9016199327614,134.6657257080078,5312871,ADANIENT
2019-08-29,136.69635137986253,136.69635137986253,129.11862490357535,131.0997314453125,6108447,ADANIENT
2019-08-30,131.14925443338046,136.99352813077354,130.90161610165984,136.05250549316406,7806183,ADANIENT
2019-09-03,134.31902022316171,135.6067272939146,131.74357585237118,133.97232055664062,3477541,ADANIENT
2019-09-04,133.3284862964389,134.2199782611719,129.3662729160353,133.6751708984375,4313711,ADANIENT
2019-09-05,133.7247058172911,137.34021959538205,132.09029879204888,134.46762084960938,6840367,ADANIENT
2019-09-06,134.12092393939596,137.14211482388356,133.77423931915186,136.44873046875,3744649,ADANIENT
2019-09-09,136.49826321767415,140.41094617275115,135.06196379298078,139.5689697265625,4349296,ADANIENT
2019-09-11,138.7269969820595,143.53117156698073,138.7269969820595,142.59014892578125,4245005,ADANIENT
2019-09-12,143.48163770691025,144.91793683039896,140.70808571159,141.69863891601562,3500479,ADANIENT
2019-09-13,141.6491169479658,145.51226863705298,139.222264470737,144.37313842773438,3561056,ADANIENT
2019-09-16,142.6396975884631,145.80946562305525,141.79772110545048,144.57127380371094,3713796,ADANIENT
2019-09-17,144.12551242994226,146.50283442416594,141.05479099897912,142.3920440673828,4167662,ADANIENT
2019-09-18,142.6396768333359,144.62078345602114,140.75763158764255,142.7882537841797,3465608,ADANIENT
2019-09-19,142.59015305665739,143.53117572511854,139.17274698980117,141.20338439941406,2662885,ADANIENT
2019-09-20,141.64913147713054,150.66317316244226,139.96519377620552,147.69151306152344,7545363,ADANIENT
2019-09-23,152.54520316317513,152.54520316317513,146.15613761206174,150.96031188964844,4136992,ADANIENT
2019-09-24,149.82116477997403,151.55463280222168,144.02642277403243,146.65139770507812,4576924,ADANIENT
2019-09-25,148.2858422296848,149.5735646836653,144.12552093690928,146.15615844726562,4572108,ADANIENT
2019-09-26,147.0476552025725,153.93199859033538,145.26465598694608,151.25750732421875,7013490,ADANIENT
2019-09-27,151.2574754940335,151.2574754940335,145.80943271837344,148.03817749023438,4016921,ADANIENT
2019-09-30,147.69149656950626,148.33535014028462,142.3920306021096,144.47219848632812,3528313,ADANIENT
2019-10-01,144.71983631160558,146.3047124476465,139.17273204885447,142.29296875,3732047,ADANIENT
2019-10-03,141.6491318328521,143.63023857177313,140.06424039585735,142.19393920898438,2070232,ADANIENT
2019-10-04,142.59017354305834,143.1349809919085,136.25063717820282,138.677490234375,2382805,ADANIENT
2019-10-07,137.14211126764576,138.6774720164714,133.97234350162682,134.51715087890625,2701943,ADANIENT
2019-10-09,133.67517594400485,138.33077381877564,132.833214637676,137.68692016601562,2682715,ADANIENT
2019-10-10,136.6963583021476,137.7859730011383,134.02186735829525,136.10202026367188,2413888,ADANIENT
2019-10-11,136.15155720082203,137.48881029143854,133.32848917511868,135.65628051757812,2780875,ADANIENT
2019-10-14,136.59731485942854,150.96033990023102,135.70582279930616,145.71041870117188,10795909,ADANIENT
2019-10-15,146.30470970821747,154.37772763792967,145.21511021908674,153.53575134277344,11048872,ADANIENT
2019-10-16,153.53575692266944,159.3800151725782,153.53575692266944,158.63710021972656,9587304,ADANIENT
2019-10-17,158.29044336125284,163.4413182467046,156.16074438803844,161.01446533203125,6523046,ADANIENT
2019-10-18,173.24778481967851,174.13929195466926,163.54037352384626,173.44590759277344,14162661,ADANIENT
2019-10-22,172.85155115226283,178.29959431178972,171.7619364744999,176.96234130859375,7909839,ADANIENT
2019-10-23,177.06141790256808,177.06141790256808,170.7713978501013,174.78314208984375,4743985,ADANIENT
2019-10-24,173.34683807202558,178.29960487408346,172.65345374266644,177.30905151367188,4753708,ADANIENT
2019-10-25,177.80431188291013,181.9646325920607,175.5260363400333,179.58731079101562,7857185,ADANIENT
2019-10-27,181.17220378795773,182.5094568719548,180.28071180838953,181.66748046875,1003411,ADANIENT
2019-10-29,181.07315764389182,195.13901236504205,180.6274116538042,193.7027130126953,9534790,ADANIENT
2019-10-30,192.5140340800919,195.58474014846115,190.48339685356055,193.9008026123047,4791525,ADANIENT
2019-10-31,194.84184759119043,199.39839920301162,194.14846324538595,197.76397705078125,6584768,ADANIENT
2019-11-01,197.12009729086267,200.48797230424628,194.3465451603239,198.556396484375,3522957,ADANIENT
2019-11-04,199.05168217707833,201.97381138276376,196.37719129585176,199.0021514892578,3965499,ADANIENT
2019-11-05,198.11066445158713,199.596494434974,195.83238878746502,198.6554718017578,2326138,ADANIENT
2019-11-06,197.12012111162792,207.71903917359552,196.72390580851783,205.58935546875,6220311,ADANIENT
2019-11-07,205.9360180118878,208.41240117756536,203.55869621869468,207.17420959472656,3959490,ADANIENT
2019-11-08,206.72849417522573,209.99732345955357,204.2521106438631,206.0846405029297,4057743,ADANIENT
2019-11-11,204.9950175896428,210.2449534912702,204.1035255994954,208.85818481445312,2907157,ADANIENT
2019-11-13,207.0256623273041,208.75913079176718,192.4645302487434,196.3276824951172,9836594,ADANIENT
2019-11-14,194.39611052114986,201.23092313820075,192.21689599938335,200.3889617919922,4141184,ADANIENT
2019-11-15,200.09177486841546,203.0634348912137,198.90311388222503,201.67666625976562,3314555,ADANIENT
2019-11-18,201.8747770995389,203.65777616436137,198.20973270302008,199.2498016357422,2041767,ADANIENT
2019-11-19,200.09175200929678,200.68608999181515,194.3960709496262,197.8134765625,2954848,ADANIENT
2019-11-20,196.62483959540842,205.49028903786441,196.22862430203116,203.75682067871094,3488019,ADANIENT
2019-11-21,204.94548448077302,207.02565258610858,200.04224836350465,203.5587158203125,4409698,ADANIENT
2019-11-22,202.81581390697082,204.35117473969632,198.20974652344003,201.52809143066406,2545651,ADANIENT
2019-11-25,199.9927064854302,214.20715247593355,199.69555258527126,213.1670684814453,6805228,ADANIENT
2019-11-26,212.72134044835335,215.64346992518048,205.1931286404115,208.6105499267578,5247790,ADANIENT
2019-11-27,207.91714030268295,213.16707603474603,206.53037167065625,211.5326690673828,4051404,ADANIENT
2019-11-28,210.7897450498716,214.15762022060997,208.51146943924562,211.0869140625,4234343,ADANIENT
2019-11-29,210.39352025116426,219.40756155739342,209.70013594637223,212.86990356445312,7969827,ADANIENT
2019-12-02,209.99731007261138,211.68124774366095,204.1035206666156,207.02565002441406,3169460,ADANIENT
2019-12-03,206.03509734277577,207.96667335743535,201.62713794659243,205.8865203857422,2382612,ADANIENT
2019-12-04,203.85586574855424,211.48312289563196,203.36058911413824,210.4430389404297,2917279,ADANIENT
2019-12-05,210.98785622940082,211.6812405274137,205.3912360419434,206.43130493164062,2309030,ADANIENT
2019-12-06,206.4808312729768,208.06572259047473,203.11295611659835,204.54925537109375,1958477,ADANIENT
2019-12-09,203.95491950529953,207.7190250881817,200.48798293692144,205.4902801513672,2550809,ADANIENT
2019-12-10,205.49027905992736,206.2331940349196,201.37948891082777,202.27098083496094,2139886,ADANIENT
2019-12-11,201.18139993017374,205.83699784893,200.73563881212596,204.20257568359375,2155584,ADANIENT
2019-12-12,204.94547789636948,210.344005635669,204.64832398913535,208.41241455078125,2958155,ADANIENT
2019-12-13,208.5114816277202,211.23550335919873,206.53037491391765,210.19541931152344,2867800,ADANIENT
2019-12-16,210.09638134769943,211.23551170729684,207.42187508665282,208.51148986816406,2184582,ADANIENT
2019-12-17,208.51148017986586,211.18597120199934,208.0162035048543,209.20486450195312,1968218,ADANIENT
2019-12-18,209.799183248769,210.44303682116853,203.65775606678636,206.18365478515625,2542320,ADANIENT
2019-12-19,205.6883909406493,209.00675060993484,204.79689899812334,208.56100463867188,2180662,ADANIENT
2019-12-20,208.01620541956194,218.7141847212112,207.52092873999155,216.7330780029297,6997898,ADANIENT
2019-12-23,215.69299156823013,218.71418230313654,210.39352510955928,212.52322387695312,3709426,ADANIENT
2019-12-24,212.5232063013761,214.9005280945692,205.63886412372116,207.17420959472656,2984621,ADANIENT
2019-12-26,206.97613525390625,209.1058341877102,203.65779034697036,206.97613525390625,3299177,ADANIENT
2019-12-27,207.07517939292512,209.2048630346803,205.1436033968562,207.1247100830078,2240503,ADANIENT
2019-12-30,207.9171467934616,209.60109961803533,206.03510143200796,206.678955078125,1938731,ADANIENT
2019-12-31,206.72849003858815,208.75912751660158,205.6884059532988,206.38180541992188,1600059,ADANIENT
2020-01-01,207.02565069538525,208.4619500337401,204.69784427089508,205.8865203857422,1553127,ADANIENT
2020-01-02,206.03509680480806,211.18597120199934,205.5398201297965,209.20486450195312,2991937,ADANIENT
2020-01-03,208.26383608808314,210.344004111515,203.8558768252,206.33226013183594,2512421,ADANIENT
2020-01-06,205.7874670364664,205.7874670364664,195.88193312376043,197.66493225097656,4353179,ADANIENT
2020-01-07,198.65546941953122,203.7568129221279,198.65546941953122,202.12240600585938,2966120,ADANIENT
2020-01-08,199.10120469464854,201.62711852340482,192.71213920871904,199.5964813232422,5762654,ADANIENT
2020-01-09,199.9927137804737,206.9265871771271,199.9927137804737,206.03509521484375,3496063,ADANIENT
2020-01-10,206.03509535976664,210.98786207514564,203.95492729344966,207.1247100830078,2769132,ADANIENT
2020-01-13,208.66005465711805,214.20715939719213,207.61998574366805,211.5821990966797,3527267,ADANIENT
2020-01-14,211.43361192469,213.46424933807396,209.8487356155608,212.3251190185547,1775182,ADANIENT
2020-01-15,212.4737105372573,215.94064753903072,210.49260367910105,214.5538787841797,1982079,ADANIENT
2020-01-16,215.64346193595557,220.3981210535223,214.95007761174983,217.92173767089844,4280379,ADANIENT
2020-01-17,213.9595300025614,227.0843622828111,211.68125420645697,226.2423858642578,10810744,ADANIENT
2020-01-20,227.3815264077385,230.05601745206715,222.0325292044364,224.4098663330078,4546367,ADANIENT
2020-01-21,222.2306531790972,224.8556135468924,218.41701668321488,222.131591796875,2813526,ADANIENT
2020-01-22,222.6763916166764,225.84615924988628,219.06086289323153,223.7659912109375,2939366,ADANIENT
2020-01-23,223.8650475780461,229.01592175602812,223.61740925107924,227.43104553222656,2650092,ADANIENT
2020-01-24,223.36976884213055,230.20458055685262,216.93117240100483,227.57962036132812,7154795,ADANIENT
2020-01-27,227.3319863064697,234.21632883835554,223.91458038492217,228.3720703125,5293975,ADANIENT
2020-01-28,230.05601688117247,232.28476193168976,226.93577985630617,227.72821044921875,2161711,ADANIENT
2020-01-29,229.51119177176832,236.0983801473509,228.8178074992448,230.10552978515625,3738186,ADANIENT
2020-01-30,230.10554077693,230.55128675094176,226.0442660922802,229.31309509277344,2192123,ADANIENT
2020-01-31,228.81781610781502,232.33428340426224,225.00417979349382,227.28245544433594,2720308,ADANIENT
2020-02-03,219.6056628232585,222.52779202516624,213.56329678306082,218.81321716308594,2720614,ADANIENT
2020-02-04,220.54671410970622,225.00420452380925,219.95239112327994,223.3202667236328,2028088,ADANIENT
2020-02-05,224.60796256897942,237.03940960620014,220.44764169867904,234.01821899414062,8985919,ADANIENT
2020-02-06,235.15734580001077,241.29878831061535,231.88853202360715,234.26585388183594,8852675,ADANIENT
2020-02-07,234.16678193508451,239.862463114824,233.02765174499385,237.2375030517578,5052443,ADANIENT
2020-02-10,237.23752564350275,242.83414598547705,235.30594964762236,242.19029235839844,5588211,ADANIENT
2020-02-11,242.88368092768036,246.25157142155723,241.34832019625446,242.9827423095703,3533751,ADANIENT
2020-02-12,243.5770654692213,249.0251089557318,242.68557349001387,247.34117126464844,4490312,ADANIENT
2020-02-13,247.44023895433446,250.362368421388,245.90487818243153,249.07464599609375,2563148,ADANIENT
2020-02-14,250.11471106947582,256.1570923134475,249.17368844679672,253.730224609375,4968325,ADANIENT
2020-02-17,254.47314417797813,254.96842084248541,249.27273920065178,250.11471557617188,2411524,ADANIENT
2020-02-18,249.27273538571595,249.27273538571595,242.9332002229025,247.09352111816406,2430446,ADANIENT
2020-02-19,247.638341948742,253.08638547161434,247.53928056610457,251.60055541992188,2101729,ADANIENT
2020-02-20,250.80809156280557,258.53441029572144,250.2632842269931,256.20660400390625,3108173,ADANIENT
2020-02-24,252.39297145201576,253.4330553888005,241.7940546861248,244.91429138183594,3309214,ADANIENT
2020-02-25,247.440231741933,249.37180776625007,240.11012782718686,244.1218719482422,3309962,ADANIENT
2020-02-26,241.69500861009212,243.97328425516525,238.72334866816476,240.50634765625,2897390,ADANIENT
2020-02-27,239.1691071690561,239.1691071690561,229.85791157563196,231.9380645751953,3568055,ADANIENT
2020-02-28,218.91229437620964,224.65750693480385,214.95008090333707,216.58448791503906,3364181,ADANIENT
2020-03-02,220.8934019350601,224.55844638818368,214.10810529164536,216.53497314453125,3162614,ADANIENT
2020-03-03,218.91227308169815,226.48999956559186,217.1788048559381,223.61740112304688,2992170,ADANIENT
2020-03-04,223.96411930733942,224.85561127977138,211.53267169603546,219.0113525390625,5216787,ADANIENT
2020-03-05,221.63631916583728,224.70704069511027,217.27789033200958,219.65521240234375,3159080,ADANIENT
2020-03-06,213.0680284485312,214.7024354057623,205.53981705511268,212.72132873535156,4375226,ADANIENT
2020-03-09,205.04451814814075,206.53034798979397,195.386624177395,197.8134765625,2763988,ADANIENT
2020-03-11,195.53520946202997,203.063420360268,190.43386616712937,193.9008026123047,3763186,ADANIENT
2020-03-12,178.39865347625474,182.1627438844593,158.93427226972668,160.6182098388672,4834390,ADANIENT
2020-03-13,144.57126557484207,159.8257969896771,128.52430353244813,147.34481811523438,7463176,ADANIENT
2020-03-16,139.66800929664683,140.95573155422542,127.43467052161517,133.42752075195312,6582749,ADANIENT
2020-03-17,134.4180921059025,141.20338887860285,129.26721749677608,132.1398162841797,6388061,ADANIENT
2020-03-18,134.61619823768964,135.70581300107457,125.89933303186817,128.9700469970703,4255688,ADANIENT
2020-03-19,119.8569471292996,131.6940558269918,117.08339491660196,127.68231201171875,5517080,ADANIENT
2020-03-20,136.69636948299743,140.26236777623814,127.48421982099677,136.39920043945312,4496351,ADANIENT
2020-03-23,122.75183987944543,134.67288072113868,117.91358585370058,120.60704803466797,1456143,ADANIENT
2020-03-24,124.69709227311814,132.62782429732584,116.11793384690893,130.0341339111328,5125923,ADANIENT
2020-03-25,125.69467890399224,134.57310648388187,124.69710208729389,131.9794158935547,2771318,ADANIENT
2020-03-26,134.6728776737968,151.6316844919786,131.73002894676944,139.91015625,7980255,ADANIENT
2020-03-27,145.64621758460999,150.6341017484665,125.94407513737679,127.68983459472656,4378366,ADANIENT
2020-03-30,123.69952965700448,129.4854784433886,120.70679910078663,128.3881378173828,2397592,ADANIENT
2020-03-31,131.38085890862467,138.11450217500786,129.13631115316363,137.26657104492188,2200227,ADANIENT
2020-04-01,138.6133119153904,138.6133119153904,131.48064292702261,133.62542724609375,1997603,ADANIENT
2020-04-03,133.67529155755636,134.27384372788296,127.68983074154639,128.73728942871094,1761897,ADANIENT
2020-04-07,130.68256316299525,141.15711975239563,130.68256316299525,137.8152313232422,2463474,ADANIENT
2020-04-08,136.51839456952277,146.79342368803188,134.5731075836127,137.76536560058594,3237290,ADANIENT
2020-04-09,139.66075249772297,145.89560751994273,139.66075249772297,142.1048126220703,2359428,ADANIENT
2020-04-13,141.65588776052815,148.63892448111756,136.2190979295745,145.6461944580078,2204560,ADANIENT
2020-04-15,147.69124350670032,150.5842100443902,142.85299009448735,144.8980255126953,3413325,ADANIENT
2020-04-16,141.6559059019355,144.49900587672107,140.20942258321517,142.9527587890625,2685695,ADANIENT
2020-04-17,146.59391243106134,148.19004145112893,141.2070036265085,143.55130004882812,2383979,ADANIENT
2020-04-20,145.64621222656524,155.07330990508632,142.25445720864477,146.34451293945312,6835058,ADANIENT
2020-04-21,142.6534950596653,142.6534950596653,133.82493350745636,135.62057495117188,3576177,ADANIENT
2020-04-22,135.67044210786855,138.46366013680503,131.77989875379484,137.26657104492188,6012030,ADANIENT
2020-04-23,140.1595458984375,142.15469957670706,137.16681538103313,140.1595458984375,3371195,ADANIENT
2020-04-24,136.81764176401808,140.20941176257662,133.77504492979597,134.32369995117188,1823167,ADANIENT
2020-04-27,136.06947563167645,138.0147626577703,133.77506106457594,134.2738494873047,2996533,ADANIENT
2020-04-28,135.6205747193207,141.55615415155873,134.72276160990546,138.96246337890625,5721109,ADANIENT
2020-04-29,139.66076047617048,140.35906123418835,135.3212950440778,139.16197204589844,4774187,ADANIENT
2020-04-30,141.10723967398943,147.09270065886122,139.96003240728143,141.05735778808594,4899422,ADANIENT
2020-05-04,136.56825846097308,137.16681063245852,129.68498459796078,131.23123168945312,6012691,ADANIENT
2020-05-05,134.67284730045338,136.01958186218258,131.48060507547163,132.37841796875,3112486,ADANIENT
2020-05-06,133.3261333964171,135.07189279857946,126.9915298416592,132.92710876464844,6685480,ADANIENT
2020-05-07,130.78234000714957,135.321302805508,129.68499930888655,134.5731201171875,2423478,ADANIENT
2020-05-08,136.568263260788,139.01233869540775,135.86996251738861,136.81765747070312,2431204,ADANIENT
2020-05-11,137.5159664330893,142.95275688801405,137.16680846826276,139.71063232421875,2900696,ADANIENT
2020-05-12,138.16438793711416,140.3590538708138,132.8772278092372,139.5609893798828,2901801,ADANIENT
2020-05-13,144.64862947637107,144.64862947637107,140.4089282675809,140.80795288085938,3115038,ADANIENT
2020-05-14,139.21184370274543,142.00506175136093,137.06704447710592,140.55856323242188,1587450,ADANIENT
2020-05-15,141.05736420913567,143.35179406881045,139.66076267115022,140.70822143554688,2145697,ADANIENT
2020-05-18,144.4491374701464,146.04525136938628,134.02446195961008,135.57069396972656,4941536,ADANIENT
2020-05-19,137.46607576510957,145.5464381054475,134.1241876472516,139.36146545410156,5564024,ADANIENT
2020-05-20,139.1619688273802,142.85300008166465,137.6656035711718,141.0074920654297,2872608,ADANIENT
2020-05-21,141.85543338181893,143.65107486195652,136.7179183904127,137.9648895263672,2682428,ADANIENT
2020-05-22,137.66560182937513,140.857844624534,136.2690003633101,137.76536560058594,2449109,ADANIENT
2020-05-26,138.6631836156264,142.9527671603289,138.0147647449987,139.16197204589844,2657870,ADANIENT
2020-05-27,139.41135422726893,141.25687734869882,138.1643832592254,140.6583251953125,2224751,ADANIENT
2020-05-28,141.35664155152236,144.05009609649517,140.2593161111784,142.30433654785156,2816689,ADANIENT
2020-05-29,140.75809249574223,153.22780248927666,140.75809249574223,147.9905242919922,9162612,ADANIENT
2020-06-01,149.63652651967402,154.52464696392417,149.13773809794176,150.13531494140625,3985102,ADANIENT
2020-06-02,150.6340980976833,152.23022708015924,147.89076187405,149.58663940429688,2482873,ADANIENT
2020-06-03,151.38228322339376,157.5173746096194,149.2374991379495,150.28494262695312,5875845,ADANIENT
2020-06-04,150.13531478675637,153.52706996231603,145.7958494334299,147.64137268066406,3146640,ADANIENT
2020-06-05,148.53918094459638,154.62440557531843,148.09027442438568,152.08058166503906,4111095,ADANIENT
2020-06-08,155.22295402891385,158.11592062030752,150.28493675953524,152.28009033203125,4899754,ADANIENT
2020-06-09,153.82633575621804,156.32027769526766,150.68397500174098,151.5319061279297,3005643,ADANIENT
2020-06-10,152.37988411862082,154.37503808416741,149.88594166168758,151.48207092285156,4135121,ADANIENT
2020-06-11,151.48204130757807,165.04907648780159,149.88591235846292,151.43215942382812,16533100,ADANIENT
2020-06-12,143.6510488338348,152.92851544871587,140.65831864979657,151.93093872070312,4817295,ADANIENT
2020-06-15,151.4321755646795,156.4699419241124,147.89077454635645,148.8883514404297,3214496,ADANIENT
2020-06-16,153.1280477527049,153.62683618186682,142.40409652572396,145.84573364257812,2640377,ADANIENT
2020-06-17,144.6486423876838,148.0902794553037,143.10239523503873,146.79342651367188,1252809,ADANIENT
2020-06-18,146.3445376119225,149.08787426362522,145.64623678130695,147.49176025390625,2037814,ADANIENT
2020-06-19,149.23750737652992,154.0258642243549,148.53919138289152,152.32998657226562,5245179,ADANIENT
2020-06-22,154.12562285757812,155.82150045307202,153.22780978402685,154.27525329589844,4662143,ADANIENT
2020-06-23,156.61956421402334,161.40793610059845,155.17308083730134,156.81907653808594,4790074,ADANIENT
2020-06-24,158.71447965114925,162.6050231972032,153.1280433176116,154.42489624023438,4078195,ADANIENT
2020-06-25,152.87864639291274,168.78999349515323,152.62925218998794,161.25828552246094,14608370,ADANIENT
2020-06-26,163.60260333865892,165.94691502400585,160.90914888903174,161.757080078125,6772909,ADANIENT
2020-06-29,161.0088800569247,163.1536791851374,156.3701542957288,159.36288452148438,2937549,ADANIENT
2020-06-30,161.00889838393033,163.75223473646938,154.87380681152342,155.8713836669922,3827240,ADANIENT
2020-07-01,156.76920166891418,158.6147249981852,155.6718762265442,157.2679901123047,1681231,ADANIENT
2020-07-02,159.41277939651874,160.55998665450753,155.77161485864062,157.816650390625,2152710,ADANIENT
2020-07-03,159.61228942871094,163.45296623181494,157.01858363676874,159.61228942871094,4481657,ADANIENT
2020-07-06,161.5575609475335,164.7996855722551,160.11107762086667,163.80210876464844,3515662,ADANIENT
2020-07-07,164.10140402643296,170.23649602136962,162.90431476178873,167.7425537109375,8172143,ADANIENT
2020-07-08,167.59291048576495,169.08927575795929,161.00889719938402,162.6050262451172,3650115,ADANIENT
2020-07-09,162.6050308157222,164.6999483444054,161.05878361329556,162.3556365966797,1711099,ADANIENT
2020-07-10,161.10867559154562,163.00406568624913,158.1159447756036,159.3130340576172,1950837,ADANIENT
2020-07-13,161.0587524838317,162.05632916718997,153.97596716507525,155.67184448242188,2585981,ADANIENT
2020-07-14,155.52222217134633,155.87138015161173,148.63894811257694,149.3871307373047,2352010,ADANIENT
2020-07-15,149.73627927175733,153.47719215940802,146.64378519590736,147.3919677734375,2180415,ADANIENT
2020-07-16,147.7411201033445,149.63650980548886,144.84813844735064,148.53916931152344,1473784,ADANIENT
2020-07-17,149.3871426388726,153.52708073679955,148.63895995453768,151.232666015625,2222846,ADANIENT
2020-07-20,152.77888458209603,161.5076817963937,151.7314410938318,160.3105926513672,6329853,ADANIENT
2020-07-21,161.05877697032676,167.69267205632772,158.71448054110812,166.8946075439453,6517373,ADANIENT
2020-07-22,166.5953387910679,171.58322318601006,161.60745439612575,168.98951721191406,4611051,ADANIENT
2020-07-23,167.94206371155266,170.28636010512668,164.99919991552483,169.53817749023438,2199241,ADANIENT
2020-07-24,166.99434498549334,169.33865648057727,163.2534321030064,168.34107971191406,1801357,ADANIENT
2020-07-27,168.24132113539122,168.64036098825218,162.60501830732903,165.54786682128906,1156539,ADANIENT
2020-07-28,165.89702381310855,174.47617510462163,163.4030818292128,173.12945556640625,4829045,ADANIENT
2020-07-29,173.57836772368353,190.38754333047862,171.63309595734995,178.666015625,15392378,ADANIENT
2020-07-30,178.7657772759747,180.9105767421484,172.83019777063907,174.62583923339844,3403335,ADANIENT
2020-07-31,173.57836165271712,178.2170876426418,171.68297183833826,174.82533264160156,2644457,ADANIENT
2020-08-03,174.82532608630174,178.2669628422115,170.7851371894454,171.8325958251953,2789132,ADANIENT
2020-08-04,173.57835920009427,183.5541269702146,171.78271795710987,181.6587371826172,4208453,ADANIENT
2020-08-05,182.55656541661844,184.35220680934162,178.067469545718,179.16481018066406,4042372,ADANIENT
2020-08-06,179.66360447640673,187.54445584055497,177.06989846648142,185.49942016601562,6447296,ADANIENT
2020-08-07,180.61129467914492,194.52748891898634,179.66359970056928,192.4325714111328,9386323,ADANIENT
2020-08-10,192.43255106838365,197.81947470975777,191.8838960273978,195.22576904296875,4627306,ADANIENT
2020-08-11,195.52504241062837,199.31583709356443,193.9289135267143,195.3754119873047,2965963,ADANIENT
2020-08-12,195.32554215930827,200.2635443172896,189.73910594267818,197.22093200683594,3352636,ADANIENT
2020-08-13,198.4180265695673,202.80737378056696,197.27081929702092,200.2635498046875,3552469,ADANIENT
2020-08-14,201.9095366663321,204.00445401882058,190.98607383535946,195.7245635986328,6617104,ADANIENT
2020-08-17,196.92165411687,201.1613555144069,195.5749345707408,197.32069396972656,3227005,ADANIENT
2020-08-18,199.51537456900346,216.27466907716277,198.51779769615842,213.1821746826172,13367091,ADANIENT
2020-08-19,213.73083182725384,244.8053434114288,213.73083182725384,238.9695281982422,19592028,ADANIENT
2020-08-20,240.61553368941108,244.40632877186832,229.84170064204332,233.4329833984375,9484513,ADANIENT
2020-08-21,236.52547429846024,243.90753680843554,230.54001327248636,232.78456115722656,5797329,ADANIENT
2020-08-24,235.4281430360254,253.23489638404405,234.43056615875412,248.0973663330078,11878911,ADANIENT
2020-08-25,251.38936660568115,321.61877087028836,249.39421290246145,306.80474853515625,49264537,ADANIENT
2020-08-26,298.2754838086367,302.0662637331004,277.5757637784386,284.8580627441406,26717004,ADANIENT
2020-08-27,284.2096230423506,296.9786242951112,283.012549153535,286.0052795410156,15748895,ADANIENT
2020-08-28,288.2996962746639,294.93357593066673,285.8057542653675,287.551513671875,7256271,ADANIENT
2020-08-31,289.29727910479727,296.8788690597177,269.5951368209361,278.8725891113281,15172187,ADANIENT
2020-09-01,279.2716768836194,286.3544488116705,270.8920062221167,280.41888427734375,5169176,ADANIENT
2020-09-02,282.31423942652566,305.25850623504186,279.7205336116199,292.3398742675781,17403674,ADANIENT
2020-09-03,294.0357693782692,297.9762100172785,286.9529678269965,290.54425048828125,9061697,ADANIENT
2020-09-04,283.31183807007756,292.7389519016222,279.4212942698132,284.45904541015625,6719721,ADANIENT
2020-09-07,284.45907410237476,290.9932216873407,281.3665793284212,284.558837890625,5812023,ADANIENT
2020-09-08,285.3069437432594,289.0977231260342,272.88710132243995,277.0270690917969,5660442,ADANIENT
2020-09-09,276.22901390290343,286.20478204994674,273.7350718661426,282.3641052246094,6661093,ADANIENT
2020-09-10,286.95296156427713,307.2037889504121,285.2072021573842,297.5771484375,25430532,ADANIENT
2020-09-11,298.2754758886389,302.9142021172447,291.39220176455,295.2827453613281,9743753,ADANIENT
2020-09-14,301.06870098010546,303.26338237209296,289.4469360009539,292.4396667480469,6120182,ADANIENT
2020-09-15,294.18538771443434,297.9761977624081,269.34573186454105,287.85076904296875,2552460,ADANIENT
2020-09-16,291.9907341970386,302.11613237376866,289.3970284935167,296.38006591796875,6159158,ADANIENT
2020-09-17,294.28518005370347,300.0711137891716,291.44207985259413,292.98834228515625,2466000,ADANIENT
2020-09-18,296.87886380698836,298.9737811900969,286.60380443026673,290.843505859375,2744172,ADANIENT
2020-09-21,292.2900568534428,295.5321820574486,264.35790124970083,276.4285888671875,6459206,ADANIENT
2020-09-22,277.5757663378699,282.3142565089566,256.87604611680683,279.7205505371094,12535965,ADANIENT
2020-09-23,283.26190902878454,295.5320899531888,277.7752373165734,282.86285400390625,8864848,ADANIENT
2020-09-24,277.27647292504275,280.5684640592202,268.8469371163017,269.7946472167969,3689023,ADANIENT
2020-09-25,275.2314563707317,282.91281055955693,274.33364326332327,279.62078857421875,7663618,ADANIENT
2020-09-28,282.4140446694663,301.31810987592877,281.4164677052108,294.9835205078125,5875621,ADANIENT
2020-09-29,299.17331548285824,306.25611778084857,291.44209426852086,297.17816162109375,10246726,ADANIENT
2020-09-30,299.27303247651633,303.96165549609924,294.3849123681253,296.38006591796875,5618023,ADANIENT
2020-10-01,299.0735172916953,311.19409996230894,295.28273756793664,307.4032897949219,6914312,ADANIENT
2020-10-05,310.74517776021725,333.6894444969267,306.60524006818883,325.80859375,20009492,ADANIENT
2020-10-06,328.6018172608084,330.3475767959076,319.52386158956637,326.3572692871094,7705557,ADANIENT
2020-10-07,324.3620924944212,334.78678229817996,322.4667026510909,329.30010986328125,8234005,ADANIENT
2020-10-08,328.20277770272355,329.00082699081054,309.7476063121449,315.4836730957031,4125845,ADANIENT
2020-10-09,318.0274800459286,321.2696047313928,309.7476045651177,312.2415466308594,2468904,ADANIENT
2020-10-12,314.23671846671016,321.9180726511264,312.24156469866756,314.58587646484375,2556329,ADANIENT
2020-10-13,314.73548505311055,316.03232273483206,308.99941836830743,312.4410705566406,1454109,ADANIENT
2020-10-14,312.19170314344086,314.93503961941616,309.29870577750756,312.6405944824219,1517470,ADANIENT
2020-10-15,314.2367167300023,325.06043195053957,304.61010594112673,306.3558654785156,4960658,ADANIENT
2020-10-16,308.5006207643192,313.18924383131684,304.61007739150597,306.2560729980469,1871531,ADANIENT
2020-10-19,309.149071509206,318.4764215009352,308.6004163982463,316.1820068359375,3329571,ADANIENT
2020-10-20,314.5359815480046,327.05558979596066,312.740355321696,321.1199951171875,7198907,ADANIENT
2020-10-21,321.219725388747,323.91319489088625,305.2584967980018,311.24395751953125,4998821,ADANIENT
2020-10-22,310.2463898145942,314.0371695384144,308.251236182346,310.74517822265625,2380993,ADANIENT
2020-10-23,313.2391093994911,321.66864538084553,312.5407934749712,314.68560791015625,4159352,ADANIENT
2020-10-26,317.2294416603469,317.9277576401958,304.31080913855067,306.6551208496094,4397393,ADANIENT
2020-10-27,307.2536736246683,314.5858696521647,302.2657893125795,313.28900146484375,3549135,ADANIENT
2020-10-28,313.0395810606158,320.0226185133451,309.0991710498949,318.0773620605469,3098009,ADANIENT
2020-10-29,314.63573956224064,331.5446797320322,312.44108870846907,328.10302734375,6897070,ADANIENT
2020-10-30,330.2477976316541,346.6579486744124,328.85119615737506,338.8768615722656,14205844,ADANIENT
2020-11-02,338.2782839883537,343.46566485245813,332.2429263494477,340.2734375,4272022,ADANIENT
2020-11-03,343.16645870222754,348.75289551401335,339.32578149139783,343.9645080566406,4078834,ADANIENT
2020-11-04,341.7698205312722,358.62886249881933,336.6821727214229,350.9974060058594,9701398,ADANIENT
2020-11-05,352.14462736631265,354.0899143974877,344.4134067938228,351.8952331542969,5361436,ADANIENT
2020-11-06,351.1470623949685,352.9925857150318,344.21389088897934,351.246826171875,3863486,ADANIENT
2020-11-09,353.14220176954205,363.8162861473726,350.9974176497806,357.0327453613281,6278843,ADANIENT
2020-11-10,357.23224383958916,360.87339292481147,352.3441238043848,358.62884521484375,3590100,ADANIENT
2020-11-11,358.329634389164,361.82115353654984,353.1920890031058,359.2274475097656,2869576,ADANIENT
2020-11-12,357.3320194953253,368.6046250808334,357.13249195923777,364.6641845703125,4199715,ADANIENT
2020-11-13,363.1179883567907,370.74944548490373,361.1727012417128,367.70684814453125,2786714,ADANIENT
2020-11-14,368.90390423274397,371.9465318689894,368.60464335740215,370.35040283203125,620753,ADANIENT
2020-11-17,371.09856287975737,400.9759996761565,370.1009860978225,393.3445129394531,10496968,ADANIENT
2020-11-18,392.9954122926837,403.71936343175906,386.46126565804616,393.5440673828125,8656493,ADANIENT
2020-11-19,389.0549787915688,397.53438217548756,376.88452881602154,384.8152770996094,7731483,ADANIENT
2020-11-20,384.16687250943943,401.0259161286074,384.0671087301339,387.3591003417969,5490838,ADANIENT
2020-11-23,389.1547148083003,412.69753331892275,382.1716772255343,408.05877685546875,7318547,ADANIENT
2020-11-24,408.90672646203274,414.4931626612347,403.22055693718903,406.2132873535156,6167783,ADANIENT
2020-11-25,407.9590699971982,410.5028788185,392.047706866757,398.2825622558594,3448648,ADANIENT
2020-11-26,401.8239291218997,410.5527262578712,398.18277983390584,400.97601318359375,5490958,ADANIENT
2020-11-27,400.0283066627519,406.86171399995607,395.33968340970205,397.4346008300781,6429153,ADANIENT
2020-12-01,397.0355750769684,422.92270578016695,394.14260838247003,420.8776550292969,7846125,ADANIENT
2020-12-02,419.5309195687661,460.7807271738539,418.3338456506715,452.6504821777344,16821595,ADANIENT
2020-12-03,452.6505038963356,455.8926287176316,442.175946781379,446.46551513671875,6848649,ADANIENT
2020-12-04,447.91198181879145,455.44367445811514,440.92894424032477,444.869384765625,4131360,ADANIENT
2020-12-07,444.9192537743285,465.2199477875106,444.8693871116705,456.4412536621094,5371039,ADANIENT
2020-12-08,456.4412960427299,461.17978629307606,445.4679501998231,450.80499267578125,3872952,ADANIENT
2020-12-09,452.8998695239346,456.98994051364735,446.2160927521875,448.0117492675781,2798049,ADANIENT
2020-12-10,446.91441185718276,451.1541133089529,436.9885103985284,446.1662292480469,3113868,ADANIENT
2020-12-11,446.1662437141454,450.7052061792859,439.3328362404181,448.7100524902344,2940168,ADANIENT
2020-12-14,449.90715086237384,460.88049600535857,445.91684353765214,454.0470886230469,3762369,ADANIENT
2020-12-15,454.3962658086594,462.9255358983073,445.46794061476936,461.3294372558594,4779869,ADANIENT
2020-12-16,461.37925882437264,466.417009364896,456.4412416065312,462.12744140625,4088505,ADANIENT
2020-12-17,462.2770826844066,472.8015361826864,453.99720742807057,458.18701171875,4912523,ADANIENT
2020-12-18,459.88291917417814,463.0751772114071,449.7076233186862,454.0470886230469,2159692,ADANIENT
2020-12-21,452.8998977959796,459.63354165087577,408.6573576384173,428.1600036621094,5350194,ADANIENT
2020-12-22,427.1624061125682,460.4315686743775,417.08687415101514,457.688232421875,8342699,ADANIENT
2020-12-23,456.8901872098041,465.6688511184798,453.0994074409733,462.47662353515625,4604130,ADANIENT
2020-12-24,463.87319487057266,478.68721589226146,461.27948919762474,472.5022277832031,7985151,ADANIENT
2020-12-28,471.8538901564911,505.77150593941013,471.5546292535064,489.66064453125,13714406,ADANIENT
2020-12-29,490.80785167608997,497.9405206676157,483.52555223314556,488.0146484375,5849496,ADANIENT
2020-12-30,488.0145877990527,494.798097931959,477.2407399811315,482.976806640625,5419517,ADANIENT
2020-12-31,479.83446859193526,482.8271991652738,434.6941157774133,478.3879699707031,7575962,ADANIENT
2021-01-01,475.8441925231404,492.05481753048014,475.8441925231404,489.95989990234375,5035248,ADANIENT
2021-01-04,490.80781565975735,501.38213647611224,485.4707733641621,493.3017578125,4936582,ADANIENT
2021-01-05,490.80778709347163,500.1850029532798,488.413608854912,493.20196533203125,3654033,ADANIENT
2021-01-06,494.7981278656078,499.43685422562186,483.0765996349205,489.7104797363281,3295461,ADANIENT
2021-01-07,492.70320186787444,522.6804045825152,492.6034380937959,516.8445434570312,9879731,ADANIENT
2021-01-08,521.7326962975461,525.3239486284381,512.8542379138696,516.7448120117188,3702267,ADANIENT
2021-01-11,519.338527688805,523.3288354263672,509.26302500636626,517.89208984375,4148831,ADANIENT
2021-01-12,517.7423760076783,535.2997039027465,515.8469556712441,524.1268920898438,4878024,ADANIENT
2021-01-13,527.8179268244833,538.8910672277377,520.0368389845495,534.7510986328125,4948731,ADANIENT
2021-01-14,533.6537997755584,539.6891281251986,527.1196829526045,530.8106689453125,3161306,ADANIENT
2021-01-15,533.4043711155724,536.1975742084153,517.5428743329214,526.0222778320312,3376852,ADANIENT
2021-01-18,526.720551228518,527.8178613553417,500.83342105034706,506.619384765625,5204588,ADANIENT
2021-01-19,511.0586340670949,530.7109111889501,511.0586340670949,528.8154907226562,4181185,ADANIENT
2021-01-20,530.8605724913539,550.812110521475,529.713334699717,545.4251708984375,6681731,ADANIENT
2021-01-21,550.0638623735842,551.6100942094248,530.2619267032719,535.5989990234375,4208383,ADANIENT
2021-01-22,532.7559310573021,545.4251698597546,520.336086479751,525.5234985351562,4179558,ADANIENT
2021-01-25,528.9650169043265,533.1049843429647,507.76651316228606,512.6546630859375,3728411,ADANIENT
2021-01-27,511.8566644461326,520.2862011224518,505.8213365977683,511.5574035644531,2792007,ADANIENT
2021-01-28,506.0706875673247,518.2411364427576,500.13512400128855,510.60968017578125,4197516,ADANIENT
2021-01-29,513.951602533909,523.9273709802687,501.28236442958024,505.42230224609375,3822560,ADANIENT
2021-02-01,509.26294238983536,538.1926687939592,495.6958921943484,535.8982543945312,4004036,ADANIENT
2021-02-02,540.7365335789549,565.5263554854404,539.4895624836768,562.8328857421875,5144708,ADANIENT
2021-02-03,566.6236216190712,575.2027577323449,556.9969811574365,565.2269897460938,6087209,ADANIENT
2021-02-04,560.5883006469614,610.2177469524302,554.6527064490571,588.2710571289062,11184167,ADANIENT
2021-02-05,593.5582210929553,606.3770591599754,587.1737049481445,593.9073486328125,4754950,ADANIENT
2021-02-08,603.9330533705494,636.4540345424214,602.0874996533921,626.7775268554688,7085276,ADANIENT
2021-02-09,629.9199510899656,640.3446419619081,619.495260218023,628.3237915039062,4510798,ADANIENT
2021-02-10,631.5160346467453,653.3131261085841,620.5925555824359,649.123291015625,5991927,ADANIENT
2021-02-11,652.4152601982744,659.3982981514669,643.7861960869258,657.0040893554688,3688016,ADANIENT
2021-02-12,655.4079879435724,722.6945583962053,653.612361797891,717.2078857421875,16810897,ADANIENT
2021-02-15,723.2431956534687,786.040668750073,705.9352621537678,761.6000366210938,21579566,ADANIENT
2021-02-16,758.1583842722372,801.0043209292841,754.4174711919466,778.3094482421875,19426061,ADANIENT
2021-02-17,785.2426457606231,800.0566377023273,780.3544948162662,783.5467529296875,8908279,ADANIENT
2021-02-18,785.3423905881405,822.5021289805294,784.0954195011475,806.2416381835938,9694238,ADANIENT
2021-02-19,811.0299236182395,828.9863056909682,727.7322623364155,780.0053100585938,20210882,ADANIENT
2021-02-22,784.0954605264852,811.0300374147996,778.6586541252802,803.947265625,10890564,ADANIENT
2021-02-23,812.8255938425159,825.2953042932395,787.088123649674,797.7123413085938,9753081,ADANIENT
2021-02-24,804.0469506792434,810.0822785161953,793.5225269638095,803.2489013671875,4626257,ADANIENT
2021-02-25,812.0275971526285,860.3103435003923,807.039712649234,841.4561157226562,12118095,ADANIENT
2021-02-26,831.8792770002459,858.9135825970043,817.863274939122,831.6298828125,11355426,ADANIENT
2021-03-01,838.7127551685273,858.8638201612089,834.4231867962028,849.4367065429688,5996840,ADANIENT
2021-03-02,855.3223562133792,874.3760483717698,850.184811437354,870.4356079101562,5116413,ADANIENT
2021-03-03,878.3165032823279,942.610340040061,870.734883091167,913.1318969726562,11670544,ADANIENT
2021-03-04,907.7949515207815,936.4254198615813,903.2061222745915,916.1746215820312,8141787,ADANIENT
2021-03-05,915.7756000515702,931.7368305535584,886.1475537548023,907.6952514648438,7109101,ADANIENT
2021-03-08,915.8753278159974,924.1552647983465,902.90682811202,907.9945068359375,3904469,ADANIENT
2021-03-09,915.7755635115226,926.1503872787575,891.4346636123037,903.006591796875,5561849,ADANIENT
2021-03-10,908.7924704168249,911.8849341610357,886.5465198167842,895.9736328125,5465016,ADANIENT
2021-03-12,902.807084119568,921.5615174464781,887.1451147921962,891.9334716796875,6049852,ADANIENT
2021-03-15,896.5721901268928,901.8094685671333,872.3809516172103,894.0283813476562,5234540,ADANIENT
2021-03-16,898.5175090289885,902.2085556666946,885.8981371275404,895.62451171875,2555026,ADANIENT
2021-03-17,895.8240494572627,903.2061428166036,862.9040120050471,871.782470703125,3886557,ADANIENT
2021-03-18,873.8772874169757,888.8409395987733,855.6715105957887,868.9392700195312,4465851,ADANIENT
2021-03-19,863.9016054170046,893.2303909719789,838.164133276029,887.4943237304688,4794995,ADANIENT
2021-03-22,890.736424852941,1000.5696155219293,881.3093111134925,988.6485595703125,22596465,ADANIENT
2021-03-23,996.5792398816527,1084.0666779962926,988.6484920114494,1055.8353271484375,31098225,ADANIENT
2021-03-24,1060.424145698237,1090.351449904208,1015.9322444669294,1022.965087890625,22877032,ADANIENT
2021-03-25,1030.4469846849508,1038.9263881254421,974.6326072188197,979.1715698242188,13139164,ADANIENT
2021-03-26,997.5767504902174,1015.9820537142124,975.6300619794325,985.9050903320312,9396506,ADANIENT
2021-03-30,1001.5672438109272,1039.924028292879,985.6060128338606,1029.050537109375,10470011,ADANIENT
2021-03-31,1035.48486696331,1050.598182006553,1014.1366960255383,1028.6514892578125,6440569,ADANIENT
2021-04-01,1040.871756983864,1113.3457427873923,1032.4920867078522,1104.51708984375,12713083,ADANIENT
2021-04-05,1124.2690820055116,1147.2133489852158,1096.1872700211009,1135.4918212890625,15795720,ADANIENT
2021-04-06,1150.6052476572052,1237.9929617809553,1139.7316348386314,1222.4307861328125,21496457,ADANIENT
2021-04-07,1230.4112707005436,1248.5671200639429,1105.3151134676261,1162.7257080078125,23007694,ADANIENT
2021-04-08,1159.6829833984375,1188.1139210559475,1134.9929585905998,1159.6829833984375,12404773,ADANIENT
2021-04-09,1160.5809700472316,1225.0244123346897,1148.4104590098125,1198.4888916015625,12923020,ADANIENT
2021-04-12,1174.54691636233,1174.54691636233,1058.8280107458347,1071.7965087890625,13690016,ADANIENT
2021-04-13,1074.3902126827124,1113.595029599045,1048.5031434546188,1103.6690673828125,12137329,ADANIENT
2021-04-15,1092.3466518303255,1142.1257610494604,1078.7297034594549,1127.2119140625,9350889,ADANIENT
2021-04-16,1127.261919707857,1189.1116887537748,1109.305535146139,1156.191650390625,10661068,ADANIENT
2021-04-19,1097.3344230339333,1150.2059906892046,1086.3610788035937,1133.5963134765625,8565063,ADANIENT
2021-04-20,1154.0467664056314,1174.8462195865854,1122.3238953149337,1139.98095703125,8261172,ADANIENT
2021-04-22,1131.252129482668,1166.1673186642317,1120.2787843113192,1154.9945068359375,7124786,ADANIENT
2021-04-23,1158.186707474877,1180.0336645547586,1142.8739273855604,1154.794921875,6167151,ADANIENT
2021-04-26,1157.1889672613106,1194.997148391386,1157.1889672613106,1170.506591796875,6939823,ADANIENT
2021-04-27,1181.8292282217794,1210.5594897919132,1178.1382426405023,1188.263671875,7109421,ADANIENT
2021-04-28,1205.0227512590534,1211.008211584243,1177.8887131613267,1182.327880859375,5020151,ADANIENT
2021-04-29,1193.6506510441252,1209.71161427652,1175.1455514185163,1179.4351806640625,4070698,ADANIENT
2021-04-30,1168.1624555023297,1198.0398325331687,1140.2303045594902,1155.8922119140625,4232500,ADANIENT
2021-05-03,1142.3251405136614,1261.3360984618018,1119.929590628321,1252.507568359375,11276228,ADANIENT
2021-05-04,1281.8862754293007,1295.802424028628,1238.8408092185412,1259.4407958984375,10271516,ADANIENT
2021-05-05,1271.3120158489874,1285.1284314518614,1237.2447406234592,1264.4287109375,7805805,ADANIENT
2021-05-06,1269.266827614198,1308.6711115398314,1259.9395088120204,1283.6319580078125,6240535,ADANIENT
2021-05-07,1301.8377577594624,1319.1956188844915,1287.3229662332578,1295.7525634765625,4584524,ADANIENT
2021-05-10,1291.7622831265603,1310.8159765433293,1283.1831465999778,1300.93994140625,3892338,ADANIENT
2021-05-11,1288.8691758366897,1322.786785727129,1280.8885617448216,1300.34130859375,4744734,ADANIENT
2021-05-12,1307.8232133712652,1325.2808077526513,1275.5016999902532,1282.684326171875,4143731,ADANIENT
2021-05-14,1296.8499686959437,1298.8451224939377,1210.4099060429594,1217.3929443359375,6377643,ADANIENT
2021-05-17,1227.0195497157422,1295.8523537241863,1224.4756799882307,1285.976318359375,7782732,ADANIENT
2021-05-18,1311.7635798839635,1341.690884236078,1298.8450088817726,1323.485107421875,6531595,ADANIENT
2021-05-19,1346.7287945841397,1348.275087465508,1280.788986848665,1291.562744140625,9925284,ADANIENT
2021-05-20,1298.1468376699268,1316.8014765444989,1280.8387814487592,1298.8450927734375,5837747,ADANIENT
2021-05-21,1316.801358618191,1332.7625872075025,1296.8997504306974,1311.9132080078125,8314215,ADANIENT
2021-05-24,1318.4973433497914,1325.4305758870141,1299.8427039824924,1303.633544921875,7913411,ADANIENT
2021-05-25,1311.1648780583198,1318.7963639747977,1269.8153736011325,1279.6414794921875,3697062,ADANIENT
2021-05-26,1285.826533294811,1323.6347173595348,1251.2106679695005,1319.5946044921875,5630730,ADANIENT
2021-05-27,1326.27838788379,1338.7480981873232,1301.089573070653,1322.58740234375,36690935,ADANIENT
2021-05-28,1308.4216724112284,1327.2259702460503,1294.8546526398572,1299.4434814453125,2979585,ADANIENT
2021-05-31,1303.8827664364744,1318.2977020586786,1288.869187332435,1313.1103515625,2709718,ADANIENT
2021-06-01,1316.7017305638763,1426.5349192202668,1305.8780459163047,1412.8182373046875,10018645,ADANIENT
2021-06-02,1422.0956907187563,1553.227115574996,1409.5760528628578,1543.001953125,24541949,ADANIENT
2021-06-03,1560.2101015864669,1619.8652424157535,1549.2367568822142,1579.2637939453125,19107244,ADANIENT
2021-06-04,1601.1109148710702,1709.397935424652,1581.9574872160667,1696.828369140625,21102075,ADANIENT
2021-06-07,1710.844436748822,1713.0390572873184,1609.0915897818365,1620.3642578125,15350263,ADANIENT
2021-06-08,1629.0429058382053,1663.9580936547009,1598.5668860485741,1632.4844970703125,12410257,ADANIENT
2021-06-09,1636.0259727713508,1645.4530249412342,1568.0410886332972,1590.785888671875,11614666,ADANIENT
2021-06-10,1608.09375,1626.0501318238214,1587.1446378722085,1608.09375,5362307,ADANIENT
2021-06-11,1611.1864041715012,1616.1742886013396,1571.4329896205936,1597.7191162109375,5355387,ADANIENT
2021-06-14,1437.9570371938112,1526.242584456963,1198.2892097364984,1497.8116455078125,43530006,ADANIENT
2021-06-15,1547.1917491423558,1568.789312053305,1473.6204572943934,1535.12109375,22320542,ADANIENT
2021-06-16,1506.3410944303137,1534.4727138416538,1405.8851509486437,1444.7906494140625,12626149,ADANIENT
2021-06-17,1376.65598555113,1432.5202864140745,1300.3413602651435,1364.3857421875,27926070,ADANIENT
2021-06-18,1346.7288069524684,1500.3556486344537,1329.3211388612995,1483.8956298828125,30526777,ADANIENT
2021-06-21,1486.3894692953531,1578.1665371981535,1441.348851290326,1536.268310546875,21101083,ADANIENT
2021-06-22,1550.2844072392543,1578.166632472303,1528.0883215423462,1537.864501953125,12069983,ADANIENT
2021-06-23,1556.3197404247896,1566.1458488069393,1477.7107515930634,1501.1038818359375,12679703,ADANIENT
2021-06-24,1506.2911643316543,1515.319283823956,1484.4443280345208,1504.8447265625,7261764,ADANIENT
2021-06-25,1521.304666525378,1530.282857999954,1497.3628225931752,1515.76806640625,4962963,ADANIENT
2021-06-28,1521.2049404902182,1561.207747230486,1514.5211026290585,1522.0528564453125,6178022,ADANIENT
2021-06-29,1522.3022909685678,1544.947237019564,1509.3337917663455,1519.8582763671875,5551918,ADANIENT
2021-06-30,1535.270839321935,1535.270839321935,1499.0587493727585,1503.8970947265625,3256147,ADANIENT
2021-07-01,1506.8612528217457,1519.8380973469668,1480.2586971744659,1487.5955810546875,3759914,ADANIENT
2021-07-02,1487.5955630977437,1505.014432374411,1409.0357924691307,1419.51708984375,6653653,ADANIENT
2021-07-05,1424.4582005801701,1441.3779601780752,1348.1942613362062,1391.8663330078125,12239845,ADANIENT
2021-07-06,1398.404642516048,1441.577602566581,1376.2940732872237,1412.2799072265625,9485434,ADANIENT
2021-07-07,1417.4706353538531,1434.540151732962,1382.5329788486526,1423.110595703125,5549751,ADANIENT
2021-07-08,1417.4707141262975,1442.4261844454225,1409.2853686027775,1423.3602294921875,3898830,ADANIENT
2021-07-09,1423.3601714724043,1454.0054390339578,1413.9269309645686,1428.8004150390625,4502324,ADANIENT
2021-07-12,1439.4314193718126,1444.4225130589548,1411.631051905005,1418.1693115234375,2557189,ADANIENT
2021-07-13,1430.4474783356832,1430.4474783356832,1382.7325730247871,1415.1746826171875,4157955,ADANIENT
2021-07-14,1446.4189327082256,1446.4189327082256,1395.3101827229002,1399.5526123046875,3859529,ADANIENT
2021-07-15,1396.5080076809925,1426.4545696755813,1390.9180071459105,1405.4420166015625,2728305,ADANIENT
2021-07-16,1406.4902355121653,1412.4795480835442,1385.777196202813,1393.0142822265625,2134914,ADANIENT
2021-07-19,1387.5240274538844,1410.1337059408836,1330.3760054598306,1378.1407470703125,6190302,ADANIENT
2021-07-20,1337.6131601758843,1380.4367700476132,1333.7200825779312,1363.267333984375,4529933,ADANIENT
2021-07-22,1372.5508068401766,1422.3619477644427,1338.1122593230957,1414.2264404296875,5009804,ADANIENT
2021-07-23,1427.4527972011224,1432.2941337161599,1383.730767678568,1399.1533203125,4694140,ADANIENT
2021-07-26,1397.3067413052634,1414.276461103513,1389.5205858331487,1401.3994140625,2054318,ADANIENT
2021-07-27,1401.3993736289685,1422.0624536930372,1375.695239970301,1394.2620849609375,2978042,ADANIENT
2021-07-28,1404.3440659187263,1422.2621661269407,1376.1443853908288,1397.406494140625,3188606,ADANIENT
2021-07-29,1411.4314080439087,1422.4617744041243,1394.5116483105694,1397.755859375,2538248,ADANIENT
2021-07-30,1406.9894841615005,1446.9182385896381,1397.7559596999938,1417.7203369140625,4403219,ADANIENT
2021-08-02,1432.4439322768617,1442.4261199582336,1421.5633233335911,1435.63818359375,2483790,ADANIENT
2021-08-03,1464.3869482405987,1464.3869482405987,1419.6666982171168,1440.2301025390625,4442122,ADANIENT
2021-08-04,1457.3993742909367,1457.3993742909367,1420.5152402375318,1427.003662109375,3341801,ADANIENT
2021-08-05,1425.4563568477454,1435.4385442206287,1404.8930752301803,1429.798583984375,2104359,ADANIENT
2021-08-06,1419.4671525488438,1552.2302547211336,1419.4671525488438,1533.9129638671875,14250256,ADANIENT
2021-08-09,1543.944979517544,1562.212432420547,1479.859380871221,1490.739990234375,6031426,ADANIENT
2021-08-10,1485.349541187781,1495.980595540648,1423.5099366516586,1443.9234619140625,3581449,ADANIENT
2021-08-11,1452.4082113338127,1454.005336886355,1404.493713640326,1434.490234375,3197412,ADANIENT
2021-08-12,1441.0285383562134,1455.4029124796737,1427.7023426433834,1440.329833984375,2455443,ADANIENT
2021-08-13,1442.4260574160305,1451.410025939729,1425.456339093489,1434.4403076171875,2095991,ADANIENT
2021-08-16,1428.9501429275144,1447.1176754656385,1411.0321650772926,1427.5526123046875,1909352,ADANIENT
2021-08-17,1428.450977591273,1448.4153518413254,1413.6772919050857,1439.08203125,3062815,ADANIENT
2021-08-18,1439.3316785738077,1494.1339137882403,1430.0481952088337,1457.3994140625,4738820,ADANIENT
2021-08-20,1435.4385648129694,1480.0090564428622,1408.486658519541,1427.5526123046875,4933377,ADANIENT
2021-08-23,1412.5294471093723,1425.2067760999482,1359.124745641085,1394.2120361328125,4866080,ADANIENT
2021-08-24,1404.4937069860928,1445.8199854215025,1387.5239891333822,1435.2388916015625,3362312,ADANIENT
2021-08-25,1441.6774663544393,1479.1606301114182,1422.4617549282161,1472.7220458984375,5361140,ADANIENT
2021-08-26,1479.3603608060066,1491.9878538433834,1457.7988576506668,1473.071533203125,4678919,ADANIENT
2021-08-27,1472.3726900014767,1512.301440916771,1471.474268735307,1503.367431640625,5164477,ADANIENT
2021-08-30,1511.0536935293521,1524.2800924983126,1490.6401680127499,1513.8487548828125,3149863,ADANIENT
2021-08-31,1514.5973883141462,1594.0056183481602,1510.1054038495852,1584.7720947265625,7234384,ADANIENT
2021-09-01,1592.0591582125821,1597.9985112184743,1558.7186265560806,1562.4119873046875,3056760,ADANIENT
2021-09-02,1568.2017131892208,1591.460259649856,1562.711509864879,1567.7525634765625,2171898,ADANIENT
2021-09-03,1575.6883591919711,1578.583218052035,1548.7864115566747,1562.761474609375,1687999,ADANIENT
2021-09-06,1569.1999409864886,1625.5493430523898,1563.2605879153825,1579.18212890625,5562312,ADANIENT
2021-09-07,1582.2766149626084,1589.5137013515841,1550.2338154592367,1555.32470703125,1651169,ADANIENT
2021-09-08,1557.1215041017804,1576.1874584880902,1535.510043077457,1553.178466796875,2084219,ADANIENT
2021-09-09,1558.8184545938252,1562.71153228661,1532.3158185505172,1542.248046875,1243149,ADANIENT
2021-09-13,1545.242687849047,1554.2266569644482,1522.5332103628932,1529.7203369140625,1759456,ADANIENT
2021-09-14,1537.1571537304235,1544.4940375362191,1494.383502542152,1510.504638671875,7143757,ADANIENT
2021-09-15,1521.2853929451924,1542.8468938289584,1494.2336888716636,1514.0982666015625,12834337,ADANIENT
2021-09-16,1520.2872420440312,1532.2658677200184,1497.0786547968062,1500.5224609375,7616906,ADANIENT
2021-09-17,1500.5223524579726,1522.2835696039522,1463.1391096045854,1477.61328125,3329954,ADANIENT
2021-09-20,1462.2905274231262,1485.8484632355287,1407.4383393938456,1416.322509765625,2273312,ADANIENT
2021-09-21,1417.4707016843495,1444.3726497110795,1378.8895205390547,1438.8824462890625,2682157,ADANIENT
2021-09-22,1432.443985200264,1460.044759529577,1421.8129305562502,1435.1890869140625,1663858,ADANIENT
2021-09-23,1450.4118094449561,1477.3637150574914,1438.5329822303383,1471.7237548828125,1622616,ADANIENT
2021-09-24,1480.3582979671537,1513.2995143076232,1452.408175011604,1459.09619140625,2760295,ADANIENT
2021-09-27,1459.395929049745,1541.2498730867349,1459.395929049745,1528.5225830078125,4737676,ADANIENT
2021-09-28,1554.2266809433581,1555.1251022393353,1472.3727388512866,1484.65087890625,3547971,ADANIENT
2021-09-29,1463.688154295218,1495.3316389006318,1461.6917168601037,1483.003662109375,1764350,ADANIENT
2021-09-30,1482.0553929416074,1516.2943462760904,1460.743446085722,1465.4849853515625,2072145,ADANIENT
2021-10-01,1462.390511620823,1466.1338320430607,1420.1159706895953,1456.1016845703125,2311858,ADANIENT
2021-10-04,1468.3798844216087,1528.2730136298321,1457.4992749115381,1523.9307861328125,3209302,ADANIENT
2021-10-05,1512.3013419863296,1555.074989235633,1509.656038040664,1524.9288330078125,2544835,ADANIENT
2021-10-06,1527.0751675030094,1538.2551693110352,1469.3780721777052,1476.9146728515625,1777998,ADANIENT
2021-10-07,1500.1729980100931,1533.0144186852383,1487.3459116659646,1518.0411376953125,1919106,ADANIENT
2021-10-08,1519.2890523853473,1566.6544869133688,1508.7577950353464,1545.1429443359375,2646112,ADANIENT
2021-10-11,1550.2338458106276,1560.9147385699075,1529.421007537836,1537.0074462890625,1910095,ADANIENT
2021-10-12,1536.2587207498884,1564.1090494147606,1511.802360348087,1551.68115234375,1900749,ADANIENT
2021-10-13,1565.6562791936701,1605.4353971536486,1548.5369236975073,1566.904052734375,3923958,ADANIENT
2021-10-14,1577.1856881259362,1653.0503161623737,1571.9949991593319,1643.41748046875,5256882,ADANIENT
2021-10-18,1669.9699301906724,1669.9699301906724,1605.6847432094696,1612.622314453125,3791222,ADANIENT
2021-10-19,1622.3051160516368,1634.0841464224675,1559.2676974395115,1566.6544189453125,1822638,ADANIENT
2021-10-20,1571.1964214822256,1604.4869947332704,1536.3585603202068,1586.868408203125,2768997,ADANIENT
2021-10-21,1599.096596780078,1623.9522698746966,1578.8826655888392,1592.208984375,3129269,ADANIENT
2021-10-22,1592.2089234704292,1605.9344317789635,1534.2622741976113,1540.2515869140625,2580699,ADANIENT
2021-10-25,1542.2480748151936,1548.636699625134,1491.388874746098,1529.4708251953125,2276050,ADANIENT
2021-10-26,1529.27122903462,1554.47625418679,1518.1910245264212,1541.10009765625,1661783,ADANIENT
2021-10-27,1545.2426368589292,1578.3336130459602,1537.256886797643,1563.7596435546875,2121282,ADANIENT
2021-10-28,1547.239014108676,1564.1089348266287,1365.2636929339717,1396.058837890625,7093354,ADANIENT
2021-10-29,1397.5062705092234,1452.2087075531635,1375.2959029957733,1421.064208984375,3165141,ADANIENT
2021-11-01,1433.4421029640625,1454.4046963918101,1408.6862296034785,1442.7255859375,1543436,ADANIENT
2021-11-02,1452.4081725110063,1486.3476074700266,1450.212140166569,1470.176513671875,1667692,ADANIENT
2021-11-03,1471.3743470626764,1498.3262516560906,1461.84130984497,1483.253173828125,1710819,ADANIENT
2021-11-04,1492.3370378280704,1508.8076472756711,1480.3584127752697,1486.796875,272261,ADANIENT
2021-11-08,1492.3370200786107,1572.3442766627645,1483.0036992065534,1565.45654296875,2565017,ADANIENT
2021-11-09,1552.2302126215684,1656.0449663917568,1552.180252941104,1632.536865234375,4713708,ADANIENT
2021-11-10,1622.6544374817058,1682.9967084473453,1617.5135868664681,1652.900390625,3728328,ADANIENT
2021-11-11,1647.0608432771621,1700.9646526935057,1637.927117866597,1661.934326171875,4470709,ADANIENT
2021-11-12,1675.310610228811,1716.4371748066683,1667.125143204078,1702.16259765625,5349189,ADANIENT
2021-11-15,1710.6975543167698,1760.8580515330602,1688.786699298769,1746.433837890625,3997553,ADANIENT
2021-11-16,1756.3158891409228,1763.4033395795207,1703.8595681887607,1708.5511474609375,2172117,ADANIENT
2021-11-17,1710.9468783634702,1726.6188634556397,1679.502988825285,1703.4102783203125,1476385,ADANIENT
2021-11-18,1704.957654630829,1710.9469672349185,1637.0787784511472,1685.741943359375,2255988,ADANIENT
2021-11-22,1688.3872851470007,1698.3694730432785,1607.1822109813568,1672.76513671875,2552170,ADANIENT
2021-11-23,1657.192930319505,1717.2856520738665,1647.0609853421277,1704.90771484375,2472589,ADANIENT
2021-11-24,1718.5335132258479,1785.713689220858,1709.3997865614701,1752.0238037109375,4562858,ADANIENT
2021-11-25,1759.8096265451136,1770.5404776806124,1732.4585313657667,1759.9095458984375,2341862,ADANIENT
2021-11-26,1736.9006344541335,1765.3998286629076,1657.891595591004,1666.576171875,3510810,ADANIENT
2021-11-29,1652.0520810346559,1693.9772697980732,1606.9824787434068,1662.084228515625,2119826,ADANIENT
2021-11-30,1665.0289125725194,1715.588717771511,1645.2142943084639,1659.8880615234375,2952368,ADANIENT
2021-12-01,1690.9826399627323,1701.963046715737,1649.4068027500973,1690.283935546875,2476360,ADANIENT
2021-12-02,1689.4852334208467,1731.9095302718872,1684.6438968566558,1729.1644287109375,2159661,ADANIENT
2021-12-03,1730.9113862137942,1741.8917929314134,1698.0699635696117,1705.0574951171875,1544077,ADANIENT
2021-12-06,1706.9541379544396,1724.8721165678385,1637.0788223656614,1642.6688232421875,1574680,ADANIENT
2021-12-07,1655.9452223587455,1683.6956324009557,1651.0539257775822,1675.4603271484375,1476012,ADANIENT
2021-12-08,1676.8079738404306,1723.3249451298298,1676.0593097471906,1712.4443359375,1406394,ADANIENT
2021-12-09,1721.9273525530964,1736.1519698133177,1703.5601030886216,1719.1822509765625,1306393,ADANIENT
2021-12-10,1707.5530794199788,1784.8152400195913,1707.5530794199788,1737.300048828125,2708578,ADANIENT
2021-12-13,1751.8739902604996,1759.0611168640057,1708.0521606634643,1716.4871826171875,1104594,ADANIENT
2021-12-14,1708.950584906358,1724.8222881904921,1680.0022397181078,1717.0361328125,1198653,ADANIENT
2021-12-15,1716.9362274982147,1723.9237586566376,1684.0449688579301,1692.2802734375,866378,ADANIENT
2021-12-16,1704.258836655882,1716.7864082394867,1683.994948288032,1699.0181884765625,751885,ADANIENT
2021-12-17,1695.9237240898105,1698.9683400678632,1637.0787765636285,1642.369384765625,1215873,ADANIENT
2021-12-20,1626.098412498551,1626.098412498551,1552.4298168928237,1587.117919921875,1945211,ADANIENT
2021-12-21,1618.2124322852358,1642.9683066540867,1600.0448993157363,1617.613525390625,1563851,ADANIENT
2021-12-22,1628.3442152246662,1660.4868078507131,1624.101785851667,1655.1463623046875,993006,ADANIENT
2021-12-23,1671.7169052614554,1681.1999834623418,1655.2462957546522,1673.2142333984375,979023,ADANIENT
2021-12-24,1677.007516144378,1700.9148066958812,1655.2462984437352,1695.175048828125,1234386,ADANIENT
2021-12-27,1691.7311162823119,1734.9040744054628,1683.0466624645821,1727.117919921875,1672655,ADANIENT
2021-12-28,1736.9006968116432,1756.8650726370645,1725.0218688249417,1747.881103515625,1552918,ADANIENT
2021-12-29,1747.881004664826,1751.8738796040946,1706.355129667007,1714.98974609375,1100579,ADANIENT
2021-12-30,1710.9470446989328,1721.927451636907,1681.9986991351818,1693.37841796875,1359574,ADANIENT
2021-12-31,1691.9308571177814,1721.92737992664,1688.0379013932927,1706.405029296875,1310960,ADANIENT
2022-01-03,1709.9486765130011,1729.9130510198663,1708.1518340662344,1714.09130859375,1094708,ADANIENT
2022-01-04,1722.6759646750245,1724.9219568062827,1696.971832506181,1715.93798828125,1191189,ADANIENT
2022-01-05,1718.93279112751,1741.5424715486313,1699.5174840106895,1712.3944091796875,1583598,ADANIENT
2022-01-06,1706.9540082579701,1720.7793131355672,1672.6152599785808,1710.0484619140625,1615375,ADANIENT
2022-01-07,1716.8364854680358,1727.7170944225768,1686.4906105146574,1696.073486328125,1295933,ADANIENT
2022-01-10,1704.5085869627223,1762.854427981196,1696.0735648609354,1749.478271484375,1670551,ADANIENT
2022-01-11,1754.8687008982122,1846.7048331408944,1733.9061054949912,1840.61572265625,5126019,ADANIENT
2022-01-12,1869.6636961178226,1869.6636961178226,1805.0789925157667,1826.840087890625,2518912,ADANIENT
2022-01-13,1830.733318303012,1859.6816641213259,1804.7796289486619,1850.048828125,1881069,ADANIENT
2022-01-14,1846.7046498264353,1887.0825486990589,1827.838291465742,1866.9185791015625,2357616,ADANIENT
2022-01-17,1872.6583577207423,1898.0131381073654,1852.3446307162546,1874.4552001953125,1700525,ADANIENT
2022-01-18,1881.6423614596904,1905.1005023054743,1826.790289372082,1837.6707763671875,2294146,ADANIENT
2022-01-19,1836.5229033288956,1853.6922170722057,1808.0237093010405,1846.0059814453125,1544606,ADANIENT
2022-01-20,1851.6958398481443,1877.0006615908571,1840.4159188750339,1862.5264892578125,1252017,ADANIENT
2022-01-21,1857.5352474673005,1869.6636290686183,1807.5245148617196,1825.0931396484375,1929667,ADANIENT
2022-01-24,1818.754686203608,1824.194930019979,1693.5281842399077,1712.743896484375,2381112,ADANIENT
2022-01-25,1665.028934533119,1747.431944033089,1665.028934533119,1738.2982177734375,1817963,ADANIENT
2022-01-27,1714.939826431365,1722.4764267962387,1651.5529352914396,1682.996826171875,3549583,ADANIENT
2022-01-28,1699.467356803238,1740.993230842658,1680.9503509585952,1690.6829833984375,1624750,ADANIENT
2022-01-31,1705.9059509371143,1730.9113803458927,1701.9630354612152,1711.895263671875,1024738,ADANIENT
2022-02-01,1724.8720119648797,1761.9558622883053,1696.1233855492248,1743.788330078125,1574361,ADANIENT
2022-02-02,1751.8739393411352,1782.8187211756508,1743.8881891902925,1776.1805419921875,1405276,ADANIENT
2022-02-03,1768.7936646847033,1783.8169056079457,1743.289248743108,1748.7294921875,588866,ADANIENT
2022-02-04,1754.868626284246,1766.8472517196333,1730.611861036435,1754.169921875,855996,ADANIENT
2022-02-07,1761.8561467877494,1762.3552561777742,1719.0325367530409,1728.71533203125,854871,ADANIENT
2022-02-08,1736.301826017416,1743.8882646182756,1674.0629074578553,1712.9434814453125,1480201,ADANIENT
2022-02-09,1721.5279994307914,1788.70816878068,1715.0395776780902,1779.9737548828125,1674022,ADANIENT
2022-02-10,1795.7956260267497,1805.77781405358,1762.8544055382101,1782.9185791015625,1747943,ADANIENT
2022-02-11,1760.85783427359,1771.7384427675102,1740.2445931922732,1761.1573486328125,1196002,ADANIENT
2022-02-14,1733.2073099276838,1734.8044355990933,1650.0556371256916,1660.986083984375,1919476,ADANIENT
2022-02-15,1633.0860004859717,1748.2804774580652,1624.950492677766,1741.1431884765625,2261554,ADANIENT
2022-02-16,1741.1430981566546,1772.836544260409,1726.9184806140247,1735.0040283203125,1663614,ADANIENT
2022-02-17,1746.8829385902989,1758.8615644549182,1720.9292492169573,1727.8668212890625,1075487,ADANIENT
2022-02-18,1735.9024172916183,1751.474605520094,1721.9273547027267,1733.207275390625,945100,ADANIENT
2022-02-21,1735.702740416245,1735.702740416245,1668.322977540659,1682.1981201171875,1449291,ADANIENT
2022-02-22,1633.1855620507747,1675.9093704024792,1627.0964524581611,1664.729248046875,1717579,ADANIENT
2022-02-23,1679.0038778848664,1714.4406422516397,1667.0252533101823,1685.69189453125,1285012,ADANIENT
2022-02-24,1623.1035997836186,1645.663317943863,1526.0767912683282,1541.19970703125,2798065,ADANIENT
2022-02-25,1591.160695876969,1635.182118613153,1575.9878195382382,1615.816650390625,1741584,ADANIENT
2022-02-28,1600.8934171812532,1648.1590534831832,1589.4139008616369,1641.5208740234375,1869037,ADANIENT
2022-03-02,1635.0822085313005,1661.2854490526354,1612.622288084442,1638.87548828125,1249817,ADANIENT
2022-03-03,1667.0253534640178,1675.2106986740075,1632.037736675613,1640.8720703125,1333325,ADANIENT
2022-03-04,1618.9112272978937,1652.5511506355215,1598.3478234410286,1612.123291015625,1433490,ADANIENT
2022-03-07,1587.1678892298874,1589.1643268264029,1536.5582448993696,1561.26416015625,1508821,ADANIENT
2022-03-08,1572.09479938613,1604.5369101157037,1550.6330953650274,1598.7471923828125,1396347,ADANIENT
2022-03-09,1606.7330391118783,1666.9755224333774,1605.1359133199485,1653.5994873046875,1498176,ADANIENT
2022-03-10,1679.0040160597564,1746.4835823465166,1675.2606955721083,1739.74560546875,2294474,ADANIENT
2022-03-11,1746.882810879287,1753.8703421228042,1718.1340621648094,1731.0111083984375,1354129,ADANIENT
2022-03-14,1728.914895805699,1749.3284207477045,1719.3818578873288,1733.007568359375,659190,ADANIENT
2022-03-15,1736.900728511654,1751.0753868652516,1683.645779395968,1698.3695068359375,1085901,ADANIENT
2022-03-16,1720.9290933967043,1760.8578426634492,1715.5886475528516,1754.8685302734375,1269866,ADANIENT
2022-03-17,1772.4372278134108,1820.3517288861924,1756.865039335332,1816.4088134765625,2392329,ADANIENT
2022-03-21,1832.7796649449565,1838.619220517624,1792.9507107050786,1799.738525390625,1081052,ADANIENT
2022-03-22,1799.7384439652901,1833.7278410947226,1786.8115599126584,1828.28759765625,964066,ADANIENT
2022-03-23,1844.7582236302287,1844.7582236302287,1797.6422251621739,1807.774169921875,1553366,ADANIENT
2022-03-24,1811.767057640657,1836.273377051272,1796.9435333578087,1829.535400390625,1030145,ADANIENT
2022-03-25,1832.2805069873502,1874.6548449164352,1818.754593949811,1863.6744384765625,1366115,ADANIENT
2022-03-28,1873.5568372390892,1920.9722289015401,1847.7529063575728,1906.29833984375,1895438,ADANIENT
2022-03-29,1915.8313985026975,1927.460671690549,1882.141514589989,1913.8349609375,1715098,ADANIENT
2022-03-30,1924.2663167748979,2011.410866065695,1913.8849388194433,1991.696044921875,3215951,ADANIENT
2022-03-31,2001.4285004536853,2038.3625924820076,1987.453438605131,2011.1611328125,2786973,ADANIENT
2022-04-01,2014.4054304070803,2045.3502115481208,2009.4642963531285,2040.009765625,1267111,ADANIENT
2022-04-04,2046.3485446579314,2071.8031241158715,2028.3806062170324,2062.17041015625,1334265,ADANIENT
2022-04-05,2074.2986446051523,2185.899554013704,2063.9172666765353,2136.03857421875,4970260,ADANIENT
2022-04-06,2149.9134770146125,2178.96173801687,2120.4160663485527,2156.15234375,2259018,ADANIENT
2022-04-07,2162.0917694746113,2211.004486339069,2077.542693350054,2095.31103515625,3499044,ADANIENT
2022-04-08,2111.2329537614437,2172.124306092152,2101.500319577437,2167.083251953125,1924054,ADANIENT
2022-04-11,2177.963613362692,2196.081185662107,2154.655108750754,2176.31640625,1615715,ADANIENT
2022-04-12,2184.102612075268,2215.047393142148,2151.161393520202,2193.03662109375,2632324,ADANIENT
2022-04-13,2206.063483334956,2213.2006500634434,2169.5785385232653,2195.5322265625,992512,ADANIENT
2022-04-18,2175.917320565279,2236.0100416946725,2152.9083292075825,2229.87109375,1747434,ADANIENT
2022-04-19,2241.0010728090315,2250.983260215753,2136.2880243948193,2164.437744140625,1639219,ADANIENT
2022-04-20,2174.1204615660304,2204.0170647183154,2158.049042030831,2180.059814453125,1119025,ADANIENT
2022-04-21,2212.052799765934,2289.4647143111683,2199.974255136896,2282.277587890625,2243636,ADANIENT
2022-04-22,2292.908468048487,2301.8924367957384,2260.96546805826,2269.250732421875,1786042,ADANIENT
2022-04-25,2255.924541613593,2290.9121595009365,2238.605591554985,2280.13134765625,1683622,ADANIENT
2022-04-26,2292.9084943058147,2409.6001699991125,2291.0119761419764,2391.033447265625,3199358,ADANIENT
2022-04-27,2400.6662835714496,2416.637784566066,2320.858738280131,2329.942626953125,2559876,ADANIENT
2022-04-28,2355.6468329489594,2385.643114201378,2332.1387304669997,2374.3134765625,1679893,ADANIENT
2022-04-29,2384.7444116713455,2389.885140359044,2297.4002777151954,2327.845947265625,1916180,ADANIENT
2022-05-02,2320.8585918089802,2358.0921998939903,2306.8835293206685,2335.332763671875,1006544,ADANIENT
2022-05-04,2354.4984466602273,2358.6909165440356,2229.0723619458977,2249.785400390625,1744686,ADANIENT
2022-05-05,2265.9564144991436,2299.6962547865774,2232.0169792158968,2251.38232421875,1636796,ADANIENT
2022-05-06,2206.0632499867756,2257.9706205746998,2196.0810633352517,2243.696044921875,1161579,ADANIENT
2022-05-09,2225.5289641011673,2240.2027327057335,2176.1171301818995,2193.735595703125,1450886,ADANIENT
2022-05-10,2186.099040195766,2216.045602390229,2093.76380676284,2105.742431640625,1471866,ADANIENT
2022-05-11,2105.842229865652,2153.9063619407434,2073.3002033372377,2115.52490234375,1397917,ADANIENT
2022-05-12,2099.2541012510355,2109.835317836173,2007.4679328690142,2041.5570068359375,1553685,ADANIENT
2022-05-13,2080.787003621908,2131.1970509631915,2031.6746894087776,2050.490966796875,1547617,ADANIENT
2022-05-16,2078.9403381033558,2138.1347631584504,2053.984867481964,2102.14892578125,1742552,ADANIENT
2022-05-17,2129.2504738934476,2188.3449729449044,2115.624642241472,2180.958251953125,1061085,ADANIENT
2022-05-18,2195.7820572775004,2212.951373551355,2168.131442593319,2177.21533203125,1296983,ADANIENT
2022-05-19,2141.1795198715868,2150.912154052821,2093.8640419497447,2110.9833984375,986930,ADANIENT
2022-05-20,2155.154242577803,2228.423400030758,2147.1684927210995,2215.596435546875,1444803,ADANIENT
2022-05-23,2227.7744597840824,2241.0008568232397,2151.8099234580295,2166.783203125,1455450,ADANIENT
2022-05-24,2157.1506745060196,2175.01869228224,2138.7335876874113,2156.35205078125,1008943,ADANIENT
2022-05-25,2164.138504597257,2177.564499623091,2062.519775151304,2070.45556640625,1382448,ADANIENT
2022-05-26,2073.300352318158,2084.2807586135355,1902.8045403724138,2042.7548828125,4967514,ADANIENT
2022-05-27,2076.295188874938,2090.5697670396075,2044.0526715757737,2076.44482421875,1354005,ADANIENT
2022-05-30,2116.2236500256695,2171.125678681996,2098.255713374508,2161.792236328125,1384584,ADANIENT
2022-05-31,2156.1526083021663,2221.8354540925234,2146.5696103385185,2163.689208984375,2861556,ADANIENT
2022-06-01,2166.084719370081,2185.400349589518,2122.213054219902,2147.068603515625,1448212,ADANIENT
2022-06-02,2151.161354263378,2214.0491339935834,2138.4840251858977,2205.46435546875,1855167,ADANIENT
2022-06-03,2231.0189660477313,2238.256052179206,2172.174017899167,2186.09912109375,1651685,ADANIENT
2022-06-06,2184.6017260079625,2226.0278039743007,2164.3378367194236,2221.086669921875,1664487,ADANIENT
2022-06-07,2206.0632449752275,2250.683570465029,2203.1185486608633,2223.58203125,2046676,ADANIENT
2022-06-08,2240.9510965230866,2240.9510965230866,2154.7050954504816,2173.32177734375,1530739,ADANIENT
2022-06-09,2156.4520815870433,2220.0385692030104,2151.1614733059746,2215.2470703125,1440385,ADANIENT
2022-06-10,2186.099018406458,2211.0544866531072,2167.1328625390047,2199.17578125,1305761,ADANIENT
2022-06-13,2168.6304526793897,2168.6304526793897,2063.0688092405658,2076.045654296875,1764172,ADANIENT
2022-06-14,2269.9495130358946,2269.9495130358946,2049.44308130552,2192.53759765625,6515102,ADANIENT
2022-06-15,2214.448586342073,2215.746319580601,2170.327362172555,2180.708984375,1313510,ADANIENT
2022-06-16,2201.0722321040116,2213.350370847372,2072.351979561797,2079.28955078125,2131789,ADANIENT
2022-06-17,2058.3272924120356,2133.5928970867894,2056.4804900359504,2092.067138671875,2280135,ADANIENT
2022-06-20,2103.5460709224467,2119.5175682673434,2021.3926327134923,2076.14501953125,2603594,ADANIENT
2022-06-21,2096.2592547962768,2173.122094138807,2087.9240312294355,2157.94921875,1331500,ADANIENT
2022-06-22,2146.120554527633,2146.120554527633,2073.400457978878,2085.478759765625,1774137,ADANIENT
2022-06-23,2101.250496587573,2124.2095281417364,2076.2950275069607,2106.591064453125,1026783,ADANIENT
2022-06-24,2117.222193670405,2164.1384799044968,2104.844377337763,2157.60009765625,1156536,ADANIENT
2022-06-27,2185.1010775267314,2207.0618923762463,2165.4861744729974,2177.71435546875,1202504,ADANIENT
2022-06-28,2166.134630381564,2206.3129340096093,2156.152443144783,2200.673095703125,1282047,ADANIENT
2022-06-29,2181.107932782979,2243.7961179903846,2173.3217779202246,2216.1455078125,1692493,ADANIENT
2022-06-30,2216.0455769303203,2244.4948106882093,2176.615937160614,2186.997314453125,1568415,ADANIENT
2022-07-01,2185.999174481633,2238.0064695845203,2134.441272787288,2228.223876953125,2141743,ADANIENT
2022-07-04,2228.223714494537,2272.943960616277,2224.3807187555835,2257.821044921875,1581159,ADANIENT
2022-07-05,2259.967274320301,2286.6196664909667,2234.013586541004,2242.448486328125,1356776,ADANIENT
2022-07-06,2241.0012660058,2272.9442684611167,2232.5164059786066,2268.8017578125,1045463,ADANIENT
2022-07-07,2275.9388217507253,2290.862143792545,2251.9815709954546,2270.2490234375,946131,ADANIENT
2022-07-08,2281.928328563308,2299.4970780940507,2259.867594133819,2288.9658203125,898576,ADANIENT
2022-07-11,2288.965608155201,2380.352585643809,2286.9691706074686,2369.022705078125,1967308,ADANIENT
2022-07-12,2360.1882617469128,2385.543163648088,2345.963644880471,2361.43603515625,1273008,ADANIENT
2022-07-13,2369.272482825612,2380.4025257197513,2329.5433231443008,2349.30810546875,982185,ADANIENT
2022-07-14,2361.760389473484,2400.706966720615,2333.299429177503,2379.835693359375,933554,ADANIENT
2022-07-15,2411.192406665757,2419.630782355267,2373.7437774464715,2401.955078125,1169788,ADANIENT
2022-07-18,2420.6796279988466,2438.505274762161,2402.7542644982973,2420.2802734375,937204,ADANIENT
2022-07-19,2403.6527939387206,2455.9311798823696,2401.7055139049003,2447.942138671875,843301,ADANIENT
2022-07-20,2458.627402635097,2469.412656899364,2440.6520601300476,2447.742431640625,693601,ADANIENT
2022-07-21,2450.4387144141006,2495.5267682300496,2447.892158766639,2492.08154296875,1314165,ADANIENT
2022-07-22,2502.067815594798,2510.6061520524377,2479.698597982839,2495.97607421875,833522,ADANIENT
2022-07-25,2501.5685680395754,2558.6401845544083,2496.575417205165,2547.106201171875,1220351,ADANIENT
2022-07-26,2551.500090466612,2565.081558333648,2529.5302266739445,2556.193603515625,865142,ADANIENT
2022-07-27,2556.4933102478813,2568.976187739326,2524.5371438697825,2545.208740234375,953588,ADANIENT
2022-07-28,2556.392991423258,2562.135114264556,2528.1319557884135,2546.906005859375,759442,ADANIENT
2022-07-29,2561.4862222373417,2618.4081382870604,2556.4930717066645,2565.680419921875,1107195,ADANIENT
2022-08-01,2572.3217703394334,2665.743433124708,2565.680733039449,2656.506103515625,1267039,ADANIENT
2022-08-02,2656.3561279194487,2693.305442480734,2636.383525453889,2679.9736328125,1096480,ADANIENT
2022-08-03,2681.322051606111,2713.2782175842844,2667.540906266784,2707.685791015625,815831,ADANIENT
2022-08-04,2721.267125295338,2740.141137375829,2680.5729471831232,2719.869140625,1223799,ADANIENT
2022-08-05,2756.219080933199,2763.858503689402,2681.321823299145,2694.703369140625,1639981,ADANIENT
2022-08-08,2696.3014254930777,2803.803864435168,2691.9572867850848,2788.075439453125,1581696,ADANIENT
2022-08-10,2797.911817604187,2831.016307126808,2777.7395388145674,2823.326904296875,1304663,ADANIENT
2022-08-11,2837.1081551435445,2844.4979204679794,2811.243732701843,2830.167724609375,978616,ADANIENT
2022-08-12,2836.1095582048097,2867.2167891112376,2830.167757715582,2860.6259765625,843025,ADANIENT
2022-08-16,2875.0560161954772,2981.9094353455002,2867.0669755113636,2971.7734375,1969492,ADANIENT
2022-08-17,2981.909446314865,3024.401205371042,2975.917665779738,3004.5283203125,1510171,ADANIENT
2022-08-18,3000.8835616438355,3181.635616438356,2999.884931506849,3149.329833984375,3502295,ADANIENT
2022-08-19,3173.646680262273,3254.4357634928533,3071.0374302946993,3125.912109375,6109949,ADANIENT
2022-08-22,3129.7066995622336,3187.427567479402,3025.050217452523,3047.419677734375,3473580,ADANIENT
2022-08-23,3028.495795567501,3069.789252092594,2923.3899664254236,3026.49853515625,4169136,ADANIENT
2022-08-24,3033.838448864857,3148.6809181273516,2981.9096801548594,3130.35595703125,3475387,ADANIENT
2022-08-25,3162.661685285638,3173.4469396676795,3051.5141008211194,3062.149658203125,3119494,ADANIENT
2022-08-26,3075.781034195706,3168.603663073586,3073.783773783891,3135.24951171875,2897602,ADANIENT
2022-08-29,3050.8153058283465,3162.112594492496,3033.688895169173,3138.29541015625,1924984,ADANIENT
2022-08-30,3160.6644723678237,3258.6301890812274,3156.669951707643,3189.974365234375,4392183,ADANIENT
2022-09-01,3195.6165912781257,3240.5549495929745,3180.037862873166,3228.821044921875,1880363,ADANIENT
2022-09-02,3256.532937485727,3364.784348832755,3220.582251883309,3351.203125,4835905,ADANIENT
2022-09-05,3369.477883910314,3427.0987913372715,3308.461487893936,3341.965576171875,3686950,ADANIENT
2022-09-06,3365.3835934631593,3442.8773903484657,3350.4041412667357,3431.093505859375,2580772,ADANIENT
2022-09-07,3431.0934899580484,3483.1719543304494,3401.4342235078225,3468.991455078125,2188110,ADANIENT
2022-09-08,3494.206757734569,3496.703333011601,3445.2738823047334,3458.056396484375,1560414,ADANIENT
2022-09-09,3474.2343797429494,3503.1446745555986,3410.471745529874,3446.472412109375,1614634,ADANIENT
2022-09-12,3460.2534832046717,3490.711702898104,3453.163111589626,3459.05517578125,1647756,ADANIENT
2022-09-13,3473.2357234071724,3564.011108132456,3416.613441657432,3550.92919921875,3479669,ADANIENT
2022-09-14,3513.1807995203717,3603.0575112761517,3506.190388606033,3567.206787109375,2740337,ADANIENT
2022-09-15,3585.082379145114,3762.7885725479055,3570.10292630746,3743.56494140625,4716688,ADANIENT
2022-09-16,3749.8561375860572,3861.652731861507,3609.6485648776165,3697.12841796875,5687429,ADANIENT
2022-09-19,3713.8554629768837,3796.7417635386723,3675.7078408771526,3773.4736328125,3092486,ADANIENT
2022-09-20,3813.7683722415636,3879.6779591931067,3806.777961504279,3829.297119140625,3338704,ADANIENT
2022-09-21,3832.392964037498,3857.508659028948,3566.3579849897887,3635.11376953125,6089846,ADANIENT
2022-09-22,3634.0150701305647,3730.832213193773,3603.107516138149,3711.209228515625,3490772,ADANIENT
2022-09-23,3726.887509200207,3732.779329229795,3649.9929919953797,3669.2666015625,3001474,ADANIENT
2022-09-26,3641.3051223550474,3652.9890462129165,3527.1616487763863,3581.287353515625,3123908,ADANIENT
2022-09-27,3591.073963817168,3624.5780535923277,3481.074952019714,3554.224609375,3546332,ADANIENT
2022-09-28,3523.167096688975,3592.022595353108,3498.2013434528003,3543.888671875,2259832,ADANIENT
2022-09-29,3578.5910844952236,3659.7297828669934,3438.882826298183,3465.945556640625,15060223,ADANIENT
2022-09-30,3443.2269930018365,3518.9731921550638,3366.482407442147,3451.016357421875,4307707,ADANIENT
2022-10-03,3435.287799131802,3455.3103828850735,3105.939518930543,3152.97509765625,7578847,ADANIENT
2022-10-04,3225.5754889354007,3286.6916073329376,3120.719319790442,3233.264892578125,5642467,ADANIENT
2022-10-06,3265.520547945205,3314.253747391374,3203.655459720141,3280.5,2845165,ADANIENT
2022-10-07,3275.5069664545013,3306.4145215383132,3223.727894477552,3273.1103515625,1930275,ADANIENT
2022-10-10,3229.5697597287735,3274.2584569297205,3209.94677568703,3241.802978515625,1590792,ADANIENT
2022-10-11,3253.0876511681995,3333.4273969192923,3244.549314736603,3269.465087890625,2544394,ADANIENT
2022-10-12,3292.483503495513,3292.483503495513,3140.6917253543793,3219.23388671875,2972601,ADANIENT
2022-10-13,3213.5917508680614,3258.330429349276,3184.631477165397,3229.22021484375,1840193,ADANIENT
2022-10-14,3267.517900958093,3300.4726964139663,3190.4736812254,3205.103515625,1344415,ADANIENT
2022-10-17,3206.601557055691,3230.568681742498,3131.804252951428,3208.199462890625,1985298,ADANIENT
2022-10-18,3244.549332603258,3293.482209580038,3221.6807998651557,3279.801025390625,1635079,ADANIENT
2022-10-19,3295.479578676863,3305.4658804304295,3255.1847535787456,3272.7607421875,1396513,ADANIENT
2022-10-20,3255.5341400521083,3360.3903010047065,3240.554688487451,3352.501220703125,2211287,ADANIENT
2022-10-21,3370.2767354341454,3377.3671068948074,3282.4972443415827,3307.363037109375,1120790,ADANIENT
2022-10-24,3320.4452427726874,3335.5246555330177,3282.896651677805,3305.26611328125,248249,ADANIENT
2022-10-25,3317.399327394927,3340.4178007623136,3289.4876638897044,3295.978759765625,879424,ADANIENT
2022-10-27,3315.3024646512367,3350.404217575188,3292.483667763158,3320.4453125,1106870,ADANIENT
2022-10-28,3317.449290663981,3383.3088989525004,3293.1325494847742,3318.74755859375,1323334,ADANIENT
2022-10-31,3335.3745321110546,3355.3971142474866,3321.5436515994243,3342.8642578125,575722,ADANIENT
2022-11-01,3357.294584223826,3602.5082648904754,3347.408243318838,3570.8017578125,4393335,ADANIENT
2022-11-02,3575.095929532698,3620.183983188547,3521.1699015453332,3575.794921875,2534755,ADANIENT
2022-11-03,3545.137127830713,3609.7484515119095,3537.597421234228,3585.481689453125,1275216,ADANIENT
2022-11-04,3637.0110072026023,3844.5264011853396,3561.864088396453,3827.9990234375,6112097,ADANIENT
2022-11-07,3847.17280399286,4008.2019211797406,3814.767303279902,3955.1748046875,5985652,ADANIENT
2022-11-09,3971.5520850746902,4042.4548253412986,3937.6486404267534,3991.724365234375,3732472,ADANIENT
2022-11-10,3989.5274829356877,4024.4795384808062,3956.7223847087216,3986.78125,2313795,ADANIENT
2022-11-11,4034.4658747583017,4043.4035659918864,3969.7046109046173,4003.358642578125,1476875,ADANIENT
2022-11-14,3993.522005915747,4072.4137884782235,3984.5343344845783,4017.039794921875,1803092,ADANIENT
2022-11-15,4019.536317797609,4059.431543367871,4016.4904470911633,4052.241455078125,1065546,ADANIENT
2022-11-16,4051.7419334520278,4090.3888693696513,3858.2573525339685,3951.179931640625,3059841,ADANIENT
2022-11-17,3964.561565192897,4027.4752625750516,3894.6574569905038,4012.6455078125,2266112,ADANIENT
2022-11-18,4022.8317934288643,4037.461627353516,3978.5424495118496,4014.29345703125,1440776,ADANIENT
2022-11-21,4014.4432234972355,4014.4432234972355,3916.5774687785624,3996.3681640625,1492003,ADANIENT
2022-11-22,3996.3680163337917,4050.4437394451847,3982.536891742455,4028.473876953125,1705043,ADANIENT
2022-11-23,4044.4521196851347,4056.285984520763,3867.694582602599,3897.953125,2861156,ADANIENT
2022-11-24,3904.643867631715,3929.6096212610732,3815.7657847111973,3915.728759765625,2797181,ADANIENT
2022-11-25,3923.6177866619905,3944.4890588878584,3840.0324934167093,3895.756103515625,2506346,ADANIENT
2022-11-28,3894.0582653534993,3919.6232944268854,3866.0966214696896,3880.826416015625,1119166,ADANIENT
2022-11-29,3879.678214855086,3909.6371199891023,3858.7569615310704,3873.087158203125,1513444,ADANIENT
2022-11-30,3892.460396406925,3934.5025767269162,3861.702541009258,3912.53271484375,1968428,ADANIENT
2022-12-01,3932.1062787434716,3939.5460247191572,3897.1042426628783,3909.737060546875,945838,ADANIENT
2022-12-02,3899.6506816020355,3958.3701823679335,3879.678078879362,3917.126708984375,1297832,ADANIENT
2022-12-05,3923.5176798585935,3933.6039413332,3804.8306394381984,3925.015625,2392866,ADANIENT
2022-12-06,3914.629962372503,4051.4422850370524,3903.6450313556415,4026.27685546875,2962621,ADANIENT
2022-12-07,4025.478059606744,4052.341112618485,3979.091738765219,3993.821533203125,1257261,ADANIENT
2022-12-08,4004.5068759704973,4039.458930997671,3997.866083037809,4019.486328125,895075,ADANIENT
2022-12-09,4038.4602445327814,4088.3917510181027,3936.100656237873,3991.324951171875,2129800,ADANIENT
2022-12-12,3991.524545381,4026.3766386600787,3963.3132448038136,4011.197509765625,802499,ADANIENT
2022-12-13,4022.282421287172,4066.421823557677,4006.104662204195,4054.637939453125,1215308,ADANIENT
2022-12-14,4070.416420542605,4086.444482932328,4034.465735768431,4050.244140625,1114492,ADANIENT
2022-12-15,4050.2442355005155,4067.470605691662,4019.486377934216,4038.210693359375,866138,ADANIENT
2022-12-16,4013.39458601006,4042.3548601702637,3938.647266056142,3975.346923828125,1598960,ADANIENT
2022-12-19,3982.5368288821237,4098.37792019364,3966.0094520070475,4069.71728515625,1643404,ADANIENT
2022-12-20,4089.3907292321915,4166.285255764762,4060.82980756904,4159.59423828125,3778426,ADANIENT
2022-12-21,4169.280999765554,4184.260452459323,3877.930644871758,3896.60498046875,3585883,ADANIENT
2022-12-22,3942.591600270132,3942.591600270132,3811.8210385816774,3863.25048828125,2879658,ADANIENT
2022-12-23,3816.7641873811162,3842.7285696081985,3611.845342565531,3637.21044921875,3036157,ADANIENT
2022-12-26,3647.995777994573,3739.769787233038,3615.0409844895576,3711.658447265625,2162662,ADANIENT
2022-12-27,3727.3368490734574,3792.6971400256225,3689.988181045413,3764.48583984375,1804911,ADANIENT
2022-12-28,3750.9047116113024,3819.760209635522,3739.8698000222303,3792.49755859375,1377950,ADANIENT
2022-12-29,3784.808248449631,3819.7603035144693,3742.965742908771,3805.380126953125,1531692,ADANIENT
2022-12-30,3824.453555150027,3892.6600381351273,3816.814132587392,3853.064453125,1528747,ADANIENT
2023-01-02,3864.698584649178,3868.6931051501074,3817.3136339681396,3835.93798828125,923051,ADANIENT
2023-01-03,3836.637099887522,3847.572295143734,3785.806922455374,3825.7021484375,799905,ADANIENT
2023-01-04,3833.7411988838444,3869.6419045117373,3798.389788607288,3821.8076171875,1028377,ADANIENT
2023-01-05,3821.8074780869633,3837.1363042598846,3751.753428361386,3824.5537109375,997006,ADANIENT
2023-01-06,3823.7547235313705,3862.950955680393,3791.848540008243,3819.01123046875,912159,ADANIENT
2023-01-09,3837.735356074661,3874.6846686364,3806.028851376412,3850.0185546875,753981,ADANIENT
2023-01-10,3853.7138550494583,3856.759725852133,3550.130281083396,3641.904296875,3595798,ADANIENT
2023-01-11,3654.986381159526,3659.4802168740666,3555.2233258192055,3630.819580078125,2226506,ADANIENT
2023-01-12,3637.510100622327,3673.960098885255,3607.051882895771,3642.20361328125,1199785,ADANIENT
2023-01-13,3646.198120356253,3730.9319806552394,3637.2104495844364,3716.05224609375,1364712,ADANIENT
2023-01-16,3714.9039965127777,3734.826618378002,3595.068383722043,3614.84130859375,1863848,ADANIENT
2023-01-17,3615.0411551040743,3644.6007051655224,3555.323023172885,3634.36474609375,1668381,ADANIENT
2023-01-18,3643.0027237831882,3643.0027237831882,3522.268438272387,3591.77294921875,3652240,ADANIENT
2023-01-19,3465.2465354700857,3532.853746204908,3422.0058022748854,3458.805419921875,3696319,ADANIENT
2023-01-20,3445.2740493868846,3472.5866817646456,3436.2363976845013,3451.41552734375,1510258,ADANIENT
2023-01-23,3438.3335955265266,3455.260327851149,3407.8753758735033,3431.642822265625,974857,ADANIENT
2023-01-24,3442.727397564,3503.194500778526,3425.3013505331655,3437.284912109375,1518123,ADANIENT
2023-01-25,3417.3121460710104,3423.303926572596,3310.458727126066,3384.307373046875,3686439,ADANIENT
2023-01-27,3330.4316195379342,3341.915866501858,2708.285023144491,2757.667236328125,14764368,ADANIENT
2023-01-30,2846.0958093575605,3033.3889349766946,2661.3492392764556,2888.88720703125,20947906,ADANIENT
2023-01-31,2975.9179134484966,3069.3897950980813,2902.0192806984332,2969.826171875,11568020,ADANIENT
2023-02-01,2990.897041683693,3006.6254651917125,1938.54063147796,2132.4248046875,13525314,ADANIENT
2023-02-02,2345.6325143555678,2345.6325143555678,1492.7024097159313,1563.1058349609375,34474080,ADANIENT
2023-02-03,1487.9588972007682,1677.5987837145583,1016.056240349317,1584.6263427734375,43885579,ADANIENT
2023-02-06,1572.8424302510223,1612.787634828826,1433.233891490362,1570.5455322265625,19308603,ADANIENT
2023-02-07,1568.8478979964882,1960.0112621220917,1523.510066760975,1800.4801025390625,19188072,ADANIENT
2023-02-08,1867.288435554262,2219.105740509615,1838.3281631590903,2161.28515625,19173006,ADANIENT
2023-02-09,2165.030143387138,2165.030143387138,1729.0282486705132,1923.06201171875,18279862,ADANIENT
2023-02-10,1766.5767498067112,1987.2740147627785,1730.775883016855,1844.419921875,11334878,ADANIENT
2023-02-13,1847.4656649934132,1919.0673936267879,1659.9728657488113,1715.2969970703125,12210940,ADANIENT
2023-02-14,1732.623286344715,1886.4123273228627,1609.1426456202787,1747.3031005859375,14579030,ADANIENT
2023-02-15,1777.5617554275182,1821.9009606738584,1747.6028494371667,1776.6629638671875,7636578,ADANIENT
2023-02-16,1817.506886074343,1872.3815644503493,1787.5479813588317,1794.138916015625,5578515,ADANIENT
2023-02-17,1797.5342462258966,1813.3625095134337,1700.8668002231777,1720.340087890625,5392513,ADANIENT
2023-02-20,1647.7396984608354,1682.6917526706106,1558.3623026958385,1619.228759765625,6762330,ADANIENT
2023-02-21,1623.7725717614712,1642.1972486761263,1559.1612518923464,1568.94775390625,5571915,ADANIENT
2023-02-22,1532.8972750735954,1557.8630287392891,1379.3079097610098,1402.925537109375,10606476,ADANIENT
2023-02-23,1378.1095872052058,1436.0301350732507,1348.1506831355273,1380.7559814453125,8907540,ADANIENT
2023-02-24,1408.0685083836645,1425.0452208960917,1259.8717700710345,1313.8477783203125,8736727,ADANIENT
2023-02-27,1298.2192258031787,1312.0003709614052,1129.5007067186891,1191.8651123046875,10271008,ADANIENT
2023-02-28,1143.4316105951143,1396.085058176393,1102.2381137068624,1361.9818115234375,33948366,ADANIENT
2023-03-01,1422.0493646928312,1577.8356714990682,1409.0671724589781,1562.1572265625,20114340,ADANIENT
2023-03-02,1497.84541553423,1643.7452589098227,1405.9714399451025,1605.04833984375,26970925,ADANIENT
2023-03-03,1686.536437992499,1903.3390106342358,1683.1910515024358,1876.92529296875,22888891,ADANIENT
2023-03-06,1964.005834518024,2132.0753347237614,1852.4588973829404,1980.1837158203125,27180456,ADANIENT
2023-03-08,2037.2054531940719,2085.1396991515794,1938.3410709067125,2036.85595703125,13568243,ADANIENT
2023-03-09,2046.9921149628892,2066.016067939729,1902.739917729498,1950.4744873046875,12627794,ADANIENT
2023-03-10,1867.4383561643835,1937.3424657534244,1818.1060030166416,1893.6024169921875,9419942,ADANIENT
2023-03-13,1914.3740179230529,1982.2808688457276,1854.8556847302689,1871.8323974609375,7572604,ADANIENT
2023-03-14,1871.433000026546,1872.2818113182966,1649.0879609949598,1735.8189697265625,12679663,ADANIENT
2023-03-15,1758.487845089001,1888.8589372566337,1725.7327276019785,1836.4808349609375,12296703,ADANIENT
2023-03-16,1858.4506815559164,1872.4315034483307,1792.5410926345353,1841.2742919921875,6509495,ADANIENT
2023-03-17,1898.3959510555662,1916.2214751895926,1842.4726615978536,1873.9794921875,5969594,ADANIENT
2023-03-20,1834.4835616438356,1847.415773156571,1774.9652298600706,1802.4774169921875,5168139,ADANIENT
2023-03-21,1834.4335301870906,1858.4506330726667,1802.4773666952447,1821.7509765625,4094018,ADANIENT
2023-03-22,1831.487827833658,1847.4659113916398,1803.6760005211668,1812.913330078125,3248124,ADANIENT
2023-03-23,1791.5423583984375,1831.4875614842442,1777.561537318405,1791.5423583984375,4108804,ADANIENT
2023-03-24,1793.5397803765304,1820.5027948922134,1692.9277910263438,1738.265625,6187968,ADANIENT
2023-03-27,1738.2655632037304,1754.9926179104705,1679.695881596228,1720.689697265625,5053055,ADANIENT
2023-03-28,1725.582976403996,1730.6261075907018,1570.8452782689983,1598.6571044921875,8144878,ADANIENT
2023-03-29,1600.7541997050087,1753.5945976522858,1588.9204564420181,1738.0159912109375,9332702,ADANIENT
2023-03-31,1785.5506108013801,1822.4999243358607,1737.6163662161082,1748.052001953125,4893249,ADANIENT
2023-04-03,1748.0520847523933,1752.5459203951202,1693.177407165221,1715.0972900390625,3445796,ADANIENT
2023-04-05,1715.0972573417903,1735.5691748794839,1669.2602321823051,1695.6739501953125,3690559,ADANIENT
2023-04-06,1702.6643604804672,1791.1929453048353,1685.8374672809707,1751.647216796875,6012473,ADANIENT
2023-04-10,1771.5699343180552,1810.2168734136983,1758.1882655632182,1794.7880859375,4197975,ADANIENT
2023-04-11,1807.5205236062513,1826.4944959534994,1790.3939926069331,1800.679931640625,2883672,ADANIENT
2023-04-12,1811.5150310533395,1856.2037287598648,1794.588299342495,1844.719482421875,4809035,ADANIENT
2023-04-13,1852.4588318156573,1882.4177347560722,1823.548539239392,1868.187255859375,3402280,ADANIENT
2023-04-17,1868.187350413106,1902.2905943669482,1844.4698843848762,1876.1763916015625,2983032,ADANIENT
2023-04-18,1889.4082451591646,1900.1435192793872,1827.4931758146254,1848.4144287109375,2542401,ADANIENT
2023-04-19,1844.4698328587856,1875.1277288018073,1832.4862714108672,1851.3104248046875,2455884,ADANIENT
2023-04-20,1852.4588884560592,1876.3261729089686,1834.3337272422993,1840.37548828125,2016823,ADANIENT
2023-04-21,1843.4712476005702,1850.7113161515476,1793.5897206209365,1800.5301513671875,2090833,ADANIENT
2023-04-24,1801.528807971291,1814.910476490943,1773.3674862309824,1799.4815673828125,1963582,ADANIENT
2023-04-25,1803.5260213396061,1911.128418238467,1799.3318235395884,1842.0731201171875,5364841,ADANIENT
2023-04-26,1851.4603942648423,1871.4329983022192,1823.8982250738823,1845.3687744140625,2422711,ADANIENT
2023-04-27,1845.468465801407,1862.3951976112387,1830.0396791748558,1850.5115966796875,1782360,ADANIENT
2023-04-28,1865.491032343779,1941.3369407052612,1854.6059397256674,1922.31298828125,6159130,ADANIENT
2023-05-02,1932.3492410797937,1963.3067741410205,1905.3862284135641,1917.219970703125,3813963,ADANIENT
2023-05-03,1916.3712464872426,1937.3424795128976,1782.9043033504904,1836.4808349609375,5849432,ADANIENT
2023-05-04,1836.5307893136812,1932.3493015246893,1836.5307893136812,1908.6318359375,4842127,ADANIENT
2023-05-05,1952.1221721120658,1952.3218493712263,1900.5429029641723,1917.66943359375,6137744,ADANIENT
2023-05-08,1917.6695467499076,1924.260481431271,1873.4301818605134,1884.9144287109375,2835197,ADANIENT
2023-05-09,1897.3971230394213,1927.3560249821492,1886.5120309529468,1893.50244140625,2700563,ADANIENT
2023-05-10,1896.3985752582191,1912.2768183574287,1881.369143370266,1889.5579833984375,1970906,ADANIENT
2023-05-11,1922.3629639051624,2010.991386267024,1907.383512238369,1981.9312744140625,8835941,ADANIENT
2023-05-12,2006.2479079296436,2007.2465380480755,1943.883505794809,1962.008544921875,3816201,ADANIENT
2023-05-15,1957.2150745498222,1962.0084256851355,1877.424508555593,1913.4251708984375,4836782,ADANIENT
2023-05-16,1924.3602598152988,1932.3493008524147,1878.4232738518822,1886.5621337890625,3058799,ADANIENT
2023-05-17,1897.3972642882995,1917.3198868020895,1855.2051409113624,1896.89794921875,3632797,ADANIENT
2023-05-18,1907.4335942999237,1921.3644363322585,1874.6284958764516,1887.4110107421875,2437396,ADANIENT
2023-05-19,1885.41365537437,1980.2835162115337,1869.535412179953,1953.3704833984375,7541150,ADANIENT
2023-05-22,2007.2465019386618,2343.7848457960395,1980.6829656468574,2322.91357421875,26311368,ADANIENT
2023-05-23,2407.59720636295,2755.6697758713185,2396.71223581443,2630.092041015625,28432888,ADANIENT
2023-05-24,2705.289172113217,2746.2330097125678,2422.0278175611616,2472.208984375,23465761,ADANIENT
2023-05-25,2436.65765806072,2555.2949731242607,2383.380640022856,2533.97412109375,8434009,ADANIENT
2023-05-26,2561.4863613831885,2596.388436727347,2531.6771535732705,2540.86474609375,3963515,ADANIENT
2023-05-29,2566.4795636462713,2579.9610710817674,2519.5439451671373,2530.578857421875,2779432,ADANIENT
2023-05-30,2525.835372495851,2550.651186278082,2471.7594017625897,2493.0302734375,1736953,ADANIENT
2023-05-31,2478.600020640841,2569.47536386337,2424.6739927945055,2489.9345703125,4268439,ADANIENT
2023-06-01,2496.475467812266,2556.4932386323226,2481.895613594407,2488.736083984375,1704946,ADANIENT
2023-06-02,2531.527416331126,2535.421976372237,2421.6781004351005,2441.70068359375,5543791,ADANIENT
2023-06-05,2459.825900630797,2510.556364392491,2424.674165769677,2430.615966796875,2956768,ADANIENT
2023-06-06,2471.609616250829,2503.5158007175564,2422.5767784625286,2430.316162109375,6473608,ADANIENT
2023-06-07,2449.6397788238396,2463.5706207738094,2431.6644359706684,2436.208251953125,2522516,ADANIENT
2023-06-08,2446.643801210839,2472.5082238725945,2365.804741519823,2425.822265625,3781621,ADANIENT
2023-06-09,2444.5966685549524,2455.531620122402,2424.674045484471,2447.792236328125,1948506,ADANIENT
2023-06-12,2456.6299221015743,2501.56827433514,2429.267556264047,2481.39599609375,2804898,ADANIENT
2023-06-13,2495.5767785097164,2501.568559490532,2438.8545364634233,2459.1767578125,2210990,ADANIENT
2023-06-14,2466.5162243443456,2481.395958140012,2448.9904622862487,2453.78369140625,1364403,ADANIENT
2023-06-15,2465.618021490937,2523.5385744461714,2459.526279605921,2482.2451171875,3744029,ADANIENT
2023-06-16,2495.7764535411507,2523.4384602831838,2483.9925688615513,2506.162353515625,7999982,ADANIENT
2023-06-19,2500.570157340272,2518.146147342466,2346.7810981428274,2398.110595703125,11475674,ADANIENT
2023-06-20,2431.6642220252083,2431.6642220252083,2386.725868846098,2411.491943359375,2479711,ADANIENT
2023-06-21,2423.3756274163234,2436.6574565761093,2389.821802166851,2402.654052734375,7418013,ADANIENT
2023-06-22,2421.7780109254445,2446.593823219964,2356.767092338878,2393.966064453125,8459191,ADANIENT
2023-06-23,2389.0230189662566,2389.0230189662566,2160.33670864692,2230.490478515625,15213238,ADANIENT
2023-06-26,2207.022469672374,2333.249214982948,2170.073156501309,2292.455322265625,7847341,ADANIENT
2023-06-27,2325.759846417898,2340.639583263109,2267.889272827595,2281.32080078125,3361053,ADANIENT
2023-06-28,2296.8492036258845,2415.286829648367,2290.707726103876,2398.70947265625,28353193,ADANIENT
2023-06-30,2434.6103561857567,2434.6103561857567,2346.780882145015,2384.77880859375,5125497,ADANIENT
2023-07-03,2401.705465290787,2414.53795999787,2369.9489783606323,2382.232177734375,2662358,ADANIENT
2023-07-04,2393.7165085262104,2410.6932213526375,2369.799364805512,2384.42919921875,2308684,ADANIENT
2023-07-05,2387.7245435445784,2408.745755685827,2370.747832026277,2395.86328125,2198481,ADANIENT
2023-07-06,2395.8632914460186,2424.2745126527884,2386.7259236123996,2399.608154296875,2476366,ADANIENT
2023-07-07,2392.877711057592,2407.814414581842,2366.0016456095814,2377.491455078125,1823645,ADANIENT
2023-07-10,2390.6797691847128,2460.517732654762,2352.913215288222,2408.1142578125,3771285,ADANIENT
2023-07-11,2421.6022740578132,2442.7834395937502,2385.883952738549,2420.7529296875,2247776,ADANIENT
2023-07-12,2427.7467184904226,2429.844955207315,2378.340585928651,2385.783935546875,1445282,ADANIENT
2023-07-13,2394.8760131957174,2403.5682553223332,2353.462790913841,2359.95703125,1247741,ADANIENT
2023-07-14,2372.8952620219297,2382.886399967285,2337.9262792131854,2373.994384765625,1353535,ADANIENT
2023-07-17,2397.7732901143995,2457.320574611058,2389.181057147298,2406.415771484375,3090373,ADANIENT
2023-07-18,2412.860081930401,2507.775902958719,2403.0687168710424,2414.75830078125,5978272,ADANIENT
2023-07-19,2426.4978554213153,2440.835237336417,2414.7582671942573,2421.602294921875,1637260,ADANIENT
2023-07-20,2426.797511428259,2431.7430761484384,2397.873214562455,2417.605712890625,1564275,ADANIENT
2023-07-21,2407.8644692697353,2455.6721663641633,2393.1775439059356,2414.158935546875,2280563,ADANIENT
2023-07-24,2427.8467214413163,2437.2382943166836,2409.912676131576,2416.05712890625,1113193,ADANIENT
2023-07-25,2425.8484581128055,2476.803265099524,2413.859091762989,2464.464111328125,3017555,ADANIENT
2023-07-26,2470.2589916365114,2503.7793101158554,2443.8324790675906,2468.560546875,4021773,ADANIENT
2023-07-27,2468.5606172322427,2482.79799001199,2412.8600184623565,2426.248046875,2243944,ADANIENT
2023-07-28,2434.8405983308794,2479.4509368364484,2428.9459238324184,2461.017333984375,2339800,ADANIENT
2023-07-31,2474.8049735449013,2515.768640850247,2464.8138351777434,2489.991455078125,3359974,ADANIENT
2023-08-01,2502.630320133138,2511.7721139088026,2453.074177674856,2478.9013671875,1575727,ADANIENT
2023-08-02,2490.79087022355,2511.7722614288023,2448.828087813045,2471.358154296875,2506971,ADANIENT
2023-08-03,2467.711320452885,2547.740441296261,2459.818418224076,2530.35595703125,4720470,ADANIENT
2023-08-04,2543.044505862047,2555.6331938921007,2499.782827803062,2539.547607421875,3294056,ADANIENT
2023-08-07,2548.6895427024497,2566.723597299396,2514.1701088312957,2548.239990234375,4684333,ADANIENT
2023-08-08,2560.978778595422,2560.978778595422,2459.1191623153045,2472.357421875,6127920,ADANIENT
2023-08-09,2486.145275692751,2514.6697836036888,2469.809665167734,2504.878662109375,5781400,ADANIENT
2023-08-10,2507.7758524213673,2575.216039687679,2507.7758524213673,2550.13818359375,8140756,ADANIENT
2023-08-11,2547.790456317522,2565.8742716014794,2515.968580947403,2537.249755859375,7157372,ADANIENT
2023-08-14,2477.802217464882,2482.7477819769847,2397.9231181504138,2453.823486328125,9786919,ADANIENT
2023-08-16,2447.8291544892577,2462.8158635983755,2417.855736271022,2442.93359375,7084828,ADANIENT
2023-08-17,2452.7743748529456,2484.9957949072514,2439.88590440093,2477.50244140625,7769452,ADANIENT
2023-08-18,2475.304589690472,2663.5875479397905,2459.1189939332553,2575.115966796875,14679923,ADANIENT
2023-08-21,2585.7067449125157,2652.6473754801887,2578.2133907444922,2637.410888671875,10479200,ADANIENT
2023-08-22,2666.4851039667474,2718.5887938274286,2651.7481746360036,2695.6591796875,10291468,ADANIENT
2023-08-23,2717.589712728803,2719.9874884350265,2486.644640409817,2528.057861328125,5251316,ADANIENT
2023-08-24,2577.7139139724804,2610.684673337245,2528.8573408471393,2537.2998046875,4558367,ADANIENT
2023-08-25,2546.7413906375214,2546.7413906375214,2483.797213466017,2493.53857421875,2808721,ADANIENT
2023-08-28,2547.7403624216277,2579.71200618535,2453.473871442314,2470.259033203125,4457038,ADANIENT
2023-08-29,2469.909587548648,2534.402195118707,2442.833503093922,2504.22900390625,4802150,ADANIENT
2023-08-30,2514.769737735604,2540.746699666921,2490.191437723177,2510.873291015625,6484593,ADANIENT
2023-08-31,2447.7789478302248,2487.7435021536207,2381.6376592098613,2417.106201171875,6230369,ADANIENT
2023-09-01,2378.8900469886366,2463.365170730606,2377.890933151178,2447.87890625,6764397,ADANIENT
2023-09-04,2451.8255004309467,2477.8024617232063,2447.879049327173,2468.410888671875,5998454,ADANIENT
2023-09-05,2479.80047356849,2499.183183890494,2461.81642500917,2491.83984375,6489319,ADANIENT
2023-09-06,2491.8400615361084,2501.7811960181753,2468.8104374444533,2494.287841796875,7416248,ADANIENT
2023-09-07,2495.786557176479,2517.767063284519,2482.798076294456,2507.2763671875,4298988,ADANIENT
2023-09-08,2511.5725006561674,2536.3505734709424,2503.8793726252834,2517.067626953125,5640973,ADANIENT
2023-09-11,2562.7271225819463,2627.9193037704345,2543.743958710969,2612.6328125,9148241,ADANIENT
2023-09-12,2620.1262577940356,2624.2727269278103,2527.758224425482,2533.453125,5658774,ADANIENT
2023-09-13,2543.4442707316393,2564.675441643265,2493.7883574314264,2516.66796875,1780068,ADANIENT
2023-09-14,2539.5976479424876,2542.7447590135976,2503.8293231762223,2517.567138671875,1218481,ADANIENT
2023-09-15,2517.5672598840033,2555.733362168272,2511.9721244612206,2537.79931640625,1547001,ADANIENT
2023-09-18,2549.738562258568,2552.735903828621,2488.79261700082,2500.232421875,861677,ADANIENT
2023-09-20,2500.1822460913004,2531.4045519734163,2456.720796303395,2468.11083984375,1203019,ADANIENT
2023-09-21,2477.602539910416,2501.5812719803466,2458.8191510041156,2477.052978515625,1279908,ADANIENT
2023-09-22,2487.743426339028,2495.786341436358,2457.820015986165,2462.715576171875,865589,ADANIENT
2023-09-25,2477.752393590148,2486.7944229002146,2421.852021337935,2479.900634765625,1216898,ADANIENT
2023-09-26,2488.792488559772,2496.785399000751,2450.426616012782,2455.771728515625,698863,ADANIENT
2023-09-27,2457.820206600792,2495.7865349954386,2442.9335069841877,2481.099609375,1077373,ADANIENT
2023-09-28,2487.743565930512,2508.7749619672254,2444.531890460547,2473.056640625,2225560,ADANIENT
2023-09-29,2459.8684677793017,2477.352961324276,2402.91897451853,2411.760986328125,1689201,ADANIENT
2023-10-03,2415.857272153825,2422.7510601001854,2369.8980353800134,2385.134521484375,2019899,ADANIENT
2023-10-04,2400.0712311867383,2500.5321771496574,2390.1300972075787,2462.765625,2857377,ADANIENT
2023-10-05,2475.754125130253,2484.2965973647247,2444.23203425939,2464.16455078125,1132455,ADANIENT
2023-10-06,2464.1647083427224,2512.72149838548,2463.864925382571,2475.904296875,1510035,ADANIENT
2023-10-09,2437.8379972193597,2457.520492920246,2409.1634761188934,2440.435791015625,1408224,ADANIENT
2023-10-10,2440.835375656318,2515.718917295297,2440.835375656318,2496.08642578125,1771910,ADANIENT
2023-10-11,2531.6544367589954,2535.750901032501,2480.3000834567315,2486.394775390625,1627836,ADANIENT
2023-10-12,2497.684670777482,2519.515406448075,2488.442867462465,2504.129150390625,1804818,ADANIENT
2023-10-13,2486.694415102413,2492.78910728312,2420.2035821497802,2452.375,2278682,ADANIENT
2023-10-16,2452.3748852020503,2462.5157929447746,2419.703911945862,2427.197265625,803856,ADANIENT
2023-10-17,2457.7701385511564,2459.8183707885387,2421.3524864362403,2426.248046875,707543,ADANIENT
2023-10-18,2437.837857800152,2439.5863070834107,2398.9224211090605,2404.2177734375,776977,ADANIENT
2023-10-19,2397.8732873339673,2412.5602124340307,2380.438799092167,2400.0712890625,1168822,ADANIENT
2023-10-20,2395.925144819454,2441.7843754155333,2379.939322365146,2391.62890625,1240350,ADANIENT
2023-10-23,2395.675146577526,2410.212301323212,2299.760220650386,2306.60400390625,1483549,ADANIENT
2023-10-25,2317.9441736818785,2345.969366463191,2233.3192778499874,2255.0,1540819,ADANIENT
2023-10-26,2247.007021148549,2247.007021148549,2165.129690928014,2201.24755859375,2226073,ADANIENT
2023-10-27,2220.0310287553125,2272.9840640946604,2210.0398900120395,2259.69580078125,1244293,ADANIENT
2023-10-30,2258.0475396084826,2302.957663037742,2248.0063955899864,2297.06298828125,996448,ADANIENT
2023-10-31,2317.9443351052455,2317.9443351052455,2273.9833218532494,2292.61669921875,1155280,ADANIENT
2023-11-01,2296.962758453175,2310.2010170653994,2205.044283560747,2215.335205078125,1666579,ADANIENT
2023-11-02,2245.0090212895957,2295.913827704871,2202.2468959087428,2213.337158203125,2340997,ADANIENT
2023-11-03,2213.336868739075,2276.980369555216,2213.037085811673,2227.8740234375,1853300,ADANIENT
2023-11-06,2251.952672154799,2257.997359889804,2231.0212852362533,2244.009765625,770061,ADANIENT
2023-11-07,2255.0000395723478,2257.9973812288463,2224.6768355777226,2231.37109375,641554,ADANIENT
2023-11-08,2243.3103454925026,2295.9635958821423,2233.0194241934673,2257.947265625,1169180,ADANIENT
2023-11-09,2266.9894380085734,2270.5863456165584,2208.141726896622,2212.6875,1267890,ADANIENT
2023-11-10,2218.2824729935155,2235.0176295851793,2196.5517472700117,2203.14599609375,1072597,ADANIENT
2023-11-13,2213.536690577262,2239.9131981220817,2193.604418451706,2211.688232421875,853633,ADANIENT
2023-11-15,2238.01513904519,2248.0062780587846,2218.532417968681,2223.427978515625,696475,ADANIENT
2023-11-16,2224.0275999887554,2230.8216234725924,2194.154191161501,2203.9453125,1307584,ADANIENT
2023-11-17,2203.945196848642,2235.966845291737,2199.0496364362853,2206.8427734375,916518,ADANIENT
2023-11-20,2209.0405333493227,2216.533886583208,2140.10168359758,2147.94482421875,1577213,ADANIENT
2023-11-21,2158.086183706145,2230.5719513002114,2156.437743218871,2194.70361328125,1839502,ADANIENT
2023-11-22,2203.195809511102,2223.0283170100956,2151.59167671067,2170.724609375,1247205,ADANIENT
2023-11-23,2188.0594397824243,2188.0594397824243,2158.6855887084866,2173.322509765625,729114,ADANIENT
2023-11-24,2177.0689954399363,2249.9542992100814,2158.984937880571,2223.477783203125,1946259,ADANIENT
2023-11-28,2298.9608543904415,2510.17341419498,2272.9838955837695,2421.352294921875,11972275,ADANIENT
2023-11-29,2466.512279623492,2475.4542996761843,2387.882069468121,2394.476318359375,4561574,ADANIENT
2023-11-30,2397.9231846784996,2406.8652046281495,2340.973696648693,2356.4599609375,2983879,ADANIENT
2023-12-01,2367.9000258224673,2401.2205731226427,2352.014211826543,2360.6064453125,1792983,ADANIENT
2023-12-04,2547.690416699847,2592.700546258872,2485.2457985336896,2528.95703125,5681516,ADANIENT
2023-12-05,2528.9570255305443,2997.241656238271,2528.9570255305443,2956.727783203125,22879079,ADANIENT
2023-12-06,3077.2706026644805,3151.7545876274644,2842.3290826314137,2881.394287109375,19355777,ADANIENT
2023-12-07,2897.4302637139954,2943.2894934216847,2850.5219156432076,2884.591552734375,6325887,ADANIENT
2023-12-08,2900.1278426269528,2924.406358963162,2757.5543391658102,2819.649169921875,6959428,ADANIENT
2023-12-11,2834.5359030423588,2917.3123364185844,2808.558943802763,2853.269287109375,5064123,ADANIENT
2023-12-12,2866.5577248233153,2893.383786091956,2838.0329748227146,2855.11767578125,2017772,ADANIENT
2023-12-13,2857.465728560262,2896.5311792721827,2802.514464549488,2872.50244140625,2805832,ADANIENT
2023-12-14,2898.3793839590644,2930.351028367898,2884.4417940094463,2891.485595703125,3224681,ADANIENT
2023-12-15,2909.4695946292804,2997.341610732395,2891.3355315297786,2989.14892578125,4921484,ADANIENT
2023-12-18,2991.297008569593,3025.0671071343677,2958.476263348125,2977.958984375,2315922,ADANIENT
2023-12-19,2986.1517142119733,2991.6968452181654,2912.4170585920897,2938.643798828125,1741493,ADANIENT
2023-12-20,2943.389520506198,2965.3700260904266,2763.748794264784,2781.38330078125,3417739,ADANIENT
2023-12-21,2747.56312819504,2819.4493219824135,2722.585281575085,2797.26904296875,2678577,ADANIENT
2023-12-22,2813.4546914255675,2845.076792192562,2788.9263968010587,2805.861572265625,1513956,ADANIENT
2023-12-26,2814.5038687869683,2891.1858609521796,2797.6189413717725,2862.910888671875,2048484,ADANIENT
2023-12-27,2878.147323707943,2892.2349270756063,2831.0892060140523,2840.83056640625,1698325,ADANIENT
2023-12-28,2852.4700443552415,2864.809197983723,2797.6187915098562,2807.409912109375,4102912,ADANIENT
2023-12-29,2821.3974427795433,2860.7626739776792,2800.3662918286796,2846.42529296875,1507086,ADANIENT
2024-01-01,2849.7725963628636,2944.388632932154,2839.5316789934864,2914.614990234375,2898619,ADANIENT
2024-01-02,2919.410826643,2945.5875621353644,2838.482600442424,2929.801513671875,2671368,ADANIENT
2024-01-03,3044.3001239483174,3196.165440272618,2952.981208938819,3000.339111328125,19725411,ADANIENT
2024-01-04,3036.706498754362,3041.7520724163105,2987.3503727738953,2995.64306640625,2975620,ADANIENT
2024-01-05,3007.2826760496837,3064.182160871475,2978.458387908171,3003.935791015625,3219949,ADANIENT
2024-01-08,3017.3239584212083,3024.317755675827,2950.333323076038,2960.8740234375,1849061,ADANIENT
2024-01-09,2988.049743558753,3066.08063284346,2977.3592741444995,3011.9287109375,2885706,ADANIENT
2024-01-10,3021.3203883586953,3109.242410242149,3017.373937297648,3095.45458984375,3590297,ADANIENT
2024-01-11,3117.235372997344,3126.227398111759,3062.2841084092497,3078.169921875,2008103,ADANIENT
2024-01-12,3093.6064765131428,3122.2309926843545,3065.4812733764643,3101.349609375,1795933,ADANIENT
2024-01-15,3124.2289760112376,3127.2263175296366,3064.731698086162,3086.76220703125,1407007,ADANIENT
2024-01-16,3092.2573874005707,3101.748969042026,3032.3105559808505,3053.79150390625,2515564,ADANIENT
2024-01-17,3030.3122902067403,3042.3016563401,2943.68916867807,2968.417236328125,2897218,ADANIENT
2024-01-18,2972.9131766948403,2982.3547535115554,2882.5433804361037,2916.313232421875,2552342,ADANIENT
2024-01-19,2942.740284843709,2946.8365055653094,2900.477717199736,2913.06640625,2014096,ADANIENT
2024-01-23,3012.2783859168503,3012.2783859168503,2882.943141123992,2893.9833984375,1827002,ADANIENT
2024-01-24,2898.4294170013095,2926.504615094203,2868.705778547056,2900.877197265625,5807940,ADANIENT
2024-01-25,2900.877258557432,2923.7571136509714,2801.9149761221724,2891.0361328125,2601969,ADANIENT
2024-01-29,2926.4046227592457,3089.9595199442365,2920.4599438194828,3061.934326171875,4402976,ADANIENT
2024-01-30,3078.269935991576,3127.126508292027,3018.223092835006,3088.361083984375,3115506,ADANIENT
2024-01-31,3090.009461575902,3148.9071761925156,3069.6773964876134,3139.2158203125,2671051,ADANIENT
2024-02-01,3154.1024559701286,3234.081569473812,3080.3180435553622,3150.70556640625,4686595,ADANIENT
2024-02-02,3182.1274852861575,3205.6566643328283,3137.2173682421944,3154.65185546875,2708695,ADANIENT
2024-02-05,3167.191045302244,3226.5383130609043,3148.6574337759484,3170.637939453125,2191195,ADANIENT
2024-02-06,3181.078381850465,3225.339172693272,3157.199659212836,3200.910888671875,2078891,ADANIENT
2024-02-07,3217.1966723787345,3275.0452679989044,3207.155529180089,3226.988037109375,2095911,ADANIENT
2024-02-08,3242.72425269725,3242.72425269725,3143.312417155227,3165.79248046875,1679004,ADANIENT
2024-02-09,3181.6280789195544,3222.0921902015743,3118.434127349486,3212.350830078125,1572789,ADANIENT
2024-02-12,3226.1386583961425,3239.077134116157,3157.1998019609196,3166.941162109375,1083138,ADANIENT
2024-02-13,3177.1822202606345,3191.169814941027,3089.310201035454,3175.633544921875,1225207,ADANIENT
2024-02-14,3181.178517482066,3252.365379721575,3167.0411539894762,3204.35791015625,1741264,ADANIENT
2024-02-15,3216.99693615965,3249.867685365284,3181.22861033657,3190.969970703125,2035204,ADANIENT
2024-02-16,3211.15206137354,3249.4181723707834,3189.8208821266844,3220.74365234375,2193673,ADANIENT
2024-02-19,3237.1289638295348,3305.6682734111955,3232.9327343279465,3255.912353515625,1779444,ADANIENT
2024-02-20,3264.1051342728024,3266.90270199735,3207.3054110883286,3225.7392578125,1467630,ADANIENT
2024-02-21,3235.1306839368845,3297.0757433575413,3202.159926503309,3220.34375,1657021,ADANIENT
2024-02-22,3236.129710755034,3271.0986949712815,3207.654966464661,3260.158447265625,1138722,ADANIENT
2024-02-23,3260.1584970997724,3317.007977596323,3222.242175276286,3270.3994140625,1975035,ADANIENT
2024-02-26,3269.1006697937796,3341.036870351589,3260.1086447240536,3324.80126953125,1695378,ADANIENT
2024-02-27,3336.0412095144684,3337.0403233837446,3270.0996941422145,3299.373779296875,1125570,ADANIENT
2024-02-28,3306.2674808002253,3315.8590712636924,3204.657651741855,3216.1474609375,1358879,ADANIENT
2024-02-29,3217.196821326551,3301.8217214195915,3202.5098955127664,3282.48876953125,1352988,ADANIENT
2024-03-01,3306.9170663564937,3343.0349343808853,3278.8918741438483,3315.80908203125,1161067,ADANIENT
2024-03-04,3332.044729222231,3347.0314371497675,3307.1168871542855,3314.21044921875,1061244,ADANIENT
2024-03-05,3322.3533181945777,3331.0455598628732,3292.1301243775856,3307.2666015625,1190416,ADANIENT
2024-03-06,3320.0553668020534,3320.0553668020534,3180.3291954895576,3231.084228515625,1935203,ADANIENT
2024-03-07,3237.128950785146,3259.1094560065267,3217.146673311164,3223.69091796875,856328,ADANIENT
2024-03-11,3238.327915715626,3256.112191875564,3197.164471924457,3204.508056640625,738851,ADANIENT
2024-03-12,3204.50781554878,3219.8440663666415,3108.2431011997096,3119.73291015625,1199487,ADANIENT
2024-03-13,3122.2309250957364,3135.2694102237942,2847.624373202,2903.624755859375,3407040,ADANIENT
2024-03-14,2924.8558899421664,3098.4519272284806,2877.447984947251,3084.714111328125,3759100,ADANIENT
2024-03-15,3108.2433943014576,3140.6145876270675,3058.5374769544637,3129.424560546875,2199094,ADANIENT
2024-03-18,3047.3974014663636,3121.231821046236,2973.4129684470386,3108.99267578125,3042515,ADANIENT
2024-03-19,3123.2299687640434,3161.9956358432205,3039.154633873267,3049.994873046875,1460452,ADANIENT
2024-03-20,3072.275029104936,3080.4677137310273,3018.4228912051317,3048.745849609375,966481,ADANIENT
2024-03-21,3086.812338576316,3104.346835965611,3056.8889266373612,3063.78271484375,1175751,ADANIENT
2024-03-22,3063.8326078016125,3126.177214111716,3045.349001683398,3104.946044921875,951557,ADANIENT
2024-03-26,3097.7525146300286,3169.1391509509026,3086.362714226259,3107.194091796875,937103,ADANIENT
2024-03-27,3112.239690081155,3135.6688614351115,3103.4974437607025,3119.33349609375,900231,ADANIENT
2024-03-28,3131.2229063172326,3234.13163616748,3094.005914211197,3194.26708984375,2327053,ADANIENT
2024-04-01,3227.3375219645736,3288.883032932269,3205.007473685296,3249.21826171875,1292646,ADANIENT
2024-04-02,3256.0621507550563,3282.0891162762905,3237.1289913957935,3265.853515625,868829,ADANIENT
2024-04-03,3247.120100246062,3257.261008527885,3219.1449116900963,3230.584716796875,1153109,ADANIENT
2024-04-04,3247.12004855439,3270.099667359544,3198.8628002787095,3207.954833984375,1403826,ADANIENT
2024-04-05,3208.2548149959525,3231.1344262578054,3176.1331560241233,3221.942626953125,755607,ADANIENT
2024-04-08,3238.0779965902975,3240.625785703053,3194.3667654743704,3221.692626953125,577440,ADANIENT
2024-04-09,3237.828283847886,3248.1192055386327,3182.177689830989,3195.61572265625,833679,ADANIENT
2024-04-10,3197.1644143275757,3251.716129716755,3189.6710602314956,3239.127197265625,1441138,ADANIENT
2024-04-12,3207.1554288756633,3244.6221979045845,3202.459642608894,3207.055419921875,705173,ADANIENT
2024-04-15,3147.208677814963,3177.481876738802,3100.4501001025696,3144.660888671875,1035378,ADANIENT
2024-04-16,3098.252099488408,3146.409339060643,3097.252985622078,3103.647216796875,1134184,ADANIENT
2024-04-18,3122.3808196342407,3142.2133288342825,3005.6345025629753,3016.624755859375,1703646,ADANIENT
2024-04-19,2997.3415090204876,3054.3410021685495,2959.8747401577316,3024.267578125,1727317,ADANIENT
2024-04-22,3050.294572169938,3074.772861399602,3022.319384478894,3060.635498046875,993929,ADANIENT
2024-04-23,3056.289341001143,3088.260984973695,3040.4035279719956,3062.384033203125,1654272,ADANIENT
2024-04-24,3069.2277633043136,3085.1138199804104,3037.3061243676093,3040.85302734375,605917,ADANIENT
2024-04-25,3047.2973215494844,3118.1343977823462,3022.96880110117,3112.489501953125,1515529,ADANIENT
2024-04-26,3117.1354098495285,3127.1265490123837,3063.33327181213,3077.67041015625,662764,ADANIENT
2024-04-29,3107.244255916619,3107.7438128709464,3048.7960922603097,3078.4697265625,648544,ADANIENT
2024-04-30,3091.2583888924364,3105.695535879878,3042.301808072873,3051.9931640625,804552,ADANIENT
2024-05-02,3069.227680174884,3117.0853789691605,3012.378200838131,3036.906494140625,2219085,ADANIENT
2024-05-03,3027.3148446308883,3042.3015517825265,2972.463594025601,2990.597412109375,1472168,ADANIENT
2024-05-06,2990.597539561118,2997.5413320524503,2847.47448016343,2872.1025390625,2377944,ADANIENT
2024-05-07,2887.3891622387505,2902.7756626305104,2819.499421619275,2833.43701171875,1262311,ADANIENT
2024-05-08,2847.4746801882047,2888.338342063994,2817.501262502013,2858.015380859375,951411,ADANIENT
2024-05-09,2862.2614131556516,2881.0945629189237,2753.5577772290953,2764.1982421875,1485510,ADANIENT
2024-05-10,2792.4732295753424,2806.5108280698396,2758.003801462701,2794.771240234375,2354794,ADANIENT
2024-05-13,2800.516121368985,2887.4390263133664,2788.027198244792,2877.04833984375,3784373,ADANIENT
2024-05-14,2892.384662356332,3043.3008618926274,2872.0028368851367,3034.8583984375,5725807,ADANIENT
2024-05-15,3044.05026573083,3116.086475275337,3034.9084711428577,3047.047607421875,1688836,ADANIENT
2024-05-16,3062.2839961607237,3074.2233580623665,2972.3137438345057,3038.95458984375,1835312,ADANIENT
2024-05-17,3038.355369399214,3088.2610598375472,3012.8279605112016,3057.7880859375,825436,ADANIENT
2024-05-21,3065.1811621097727,3172.186348799619,3031.810858403919,3114.7373046875,3091659,ADANIENT
2024-05-22,3127.1764951726973,3142.2132081172263,3070.7765644350698,3138.166748046875,3371077,ADANIENT
2024-05-23,3153.9028195953592,3402.9819652494766,3132.7716580444,3384.298583984375,6979082,ADANIENT
2024-05-24,3402.9818351640542,3454.785986801078,3352.6265937753806,3381.950439453125,3473668,ADANIENT
2024-05-27,3355.0243500773345,3355.0243500773345,3264.15499307317,3286.135498046875,2582485,ADANIENT
2024-05-28,3306.7172634244816,3326.549772160255,3226.1888284196607,3241.175537109375,1621168,ADANIENT
2024-05-29,3247.1201026067865,3319.955406723236,3209.15377525323,3255.912353515625,1910729,ADANIENT
2024-05-30,3251.1167351796685,3271.398796786946,3171.6871775746336,3191.419677734375,1990208,ADANIENT
2024-05-31,3222.391962364264,3431.4065321443572,3222.391962364264,3408.3271484375,6384589,ADANIENT
2024-06-03,3721.699354709254,3740.582510241281,3582.8725242090522,3642.02001953125,8511359,ADANIENT
2024-06-04,3516.8809764130897,3516.8809764130897,2731.52743572212,2938.643798828125,20306909,ADANIENT
2024-06-05,3027.3151303000186,3147.208798826752,2747.563237070974,3112.589599609375,8778345,ADANIENT
2024-06-06,3181.178464031896,3219.5443378876953,3134.369883095384,3182.826904296875,5873271,ADANIENT
2024-06-07,3167.5904297544666,3230.884389267777,3148.80728464859,3216.697021484375,4740455,ADANIENT
2024-06-10,3264.1049236780996,3281.4894069691163,3202.6594223600086,3217.24658203125,4935698,ADANIENT
2024-06-11,3221.1430709157935,3262.1067390012613,3192.2187735768866,3218.3955078125,4173692,ADANIENT
2024-06-12,3222.042179473788,3242.1244655667338,3205.157252862275,3216.197509765625,3022477,ADANIENT
2024-06-13,3227.1379705667014,3251.1167047133267,3204.4081288235457,3221.942626953125,3202978,ADANIENT
2024-06-14,3223.401998843125,3273.3772236313907,3219.5040289175013,3260.1337890625,4224855,ADANIENT
2024-06-18,3308.3598808576353,3343.3425382080936,3285.5711295511205,3307.410400390625,1755612,ADANIENT
2024-06-19,3312.357974429863,3312.357974429863,3224.7014769581465,3260.28369140625,1419264,ADANIENT
2024-06-20,3262.282707250336,3313.3574858619845,3238.394646815333,3257.8349609375,1366545,ADANIENT
2024-06-21,3263.432191865297,3275.476269803204,3174.8259721981535,3187.7197265625,4697655,ADANIENT
2024-06-24,3184.171377642112,3213.207031412063,3133.446525593038,3193.01708984375,3261647,ADANIENT
2024-06-25,3203.1620373157666,3206.860155151377,3154.7861172604457,3169.52880859375,1694962,ADANIENT
2024-06-26,3167.4797223854885,3186.1203833369123,3162.332127899688,3168.928955078125,2142889,ADANIENT
2024-06-27,3175.4258411150927,3200.663330094682,3148.4392192359273,3173.57666015625,5114980,ADANIENT
2024-06-28,3188.4194142653464,3210.3584896442126,3155.435765152257,3175.57568359375,960905,ADANIENT
2024-07-01,3178.374222253659,3191.567632585238,3155.9854195103526,3182.222412109375,832170,ADANIENT
2024-07-02,3178.2743917528737,3206.2104929312873,3129.4985247329037,3151.637451171875,1490844,ADANIENT
2024-07-03,3156.435271383278,3192.967210361073,3146.1903500622907,3189.368896484375,1152522,ADANIENT
2024-07-04,3190.4184802864356,3192.867217596758,3136.495259349938,3142.692138671875,1055391,ADANIENT
2024-07-05,3142.342069928811,3156.984957125745,3122.4020041481945,3146.340087890625,663988,ADANIENT
2024-07-08,3146.3401828888173,3156.635128255256,3073.4764009426262,3112.057373046875,1155112,ADANIENT
2024-07-09,3114.406115025787,3156.4353296343825,3098.9638187243204,3109.208740234375,922403,ADANIENT
2024-07-10,3118.5542215420373,3125.700581415063,3061.882118750566,3094.466064453125,586710,ADANIENT
2024-07-11,3117.1545411753686,3128.249138398057,3072.5767882338755,3076.774658203125,899781,ADANIENT
2024-07-12,3088.469037676798,3097.2647264585803,3056.8348165006923,3063.93115234375,756036,ADANIENT
2024-07-15,3064.580887870172,3101.9622590845297,3056.8347278869574,3088.86865234375,724171,ADANIENT
2024-07-16,3108.459125859896,3136.1953769025367,3094.5661103328894,3107.759521484375,988357,ADANIENT
2024-07-18,3104.4609353281567,3109.4584577610735,3055.6350435506956,3090.667724609375,1021653,ADANIENT
2024-07-19,3090.4679824230443,3092.966743728367,2998.513566387171,3004.210693359375,1026941,ADANIENT
2024-07-22,3004.2107318326093,3025.400179169175,2970.677305881804,2999.36328125,662085,ADANIENT
2024-07-23,3018.503655649862,3036.494737041153,2884.919973927393,2993.865966796875,1443331,ADANIENT
2024-07-24,2993.865960161793,3006.009842466137,2957.8337734290485,2969.22802734375,693702,ADANIENT
2024-07-25,2959.2329050077997,3016.1546371068916,2943.6407813214846,2972.026611328125,1105721,ADANIENT
2024-07-26,2993.515997491783,3107.459511252739,2986.619514003587,3078.9736328125,1942427,ADANIENT
2024-07-29,3092.766834426602,3118.803975550434,3072.4768441987176,3087.8193359375,1037474,ADANIENT
2024-07-30,3090.46791662505,3153.436700178536,3065.130379920667,3127.19970703125,1647048,ADANIENT
2024-07-31,3139.4437585301707,3195.9157650112134,3133.446731293246,3167.82958984375,2414005,ADANIENT
2024-08-01,3178.4242201462816,3256.3855689423226,3150.138194791994,3215.65576171875,6149883,ADANIENT
2024-08-02,3198.4144645813417,3213.4070323840665,3109.4585622851732,3159.333740234375,3360209,ADANIENT
2024-08-05,3083.4714403598,3131.497681289919,2994.815438350145,3036.694580078125,2238921,ADANIENT
2024-08-06,3082.4719401159036,3141.2428547041463,3055.735194202123,3071.177490234375,2125201,ADANIENT
2024-08-07,3116.4550553880713,3188.419379951234,3110.458028341141,3184.371337890625,1868169,ADANIENT
2024-08-08,3188.9690718213833,3241.0431088886835,3154.985919454991,3165.98046875,2139376,ADANIENT
2024-08-09,3207.410026420388,3217.7049718501007,3169.4788784332154,3185.970703125,760165,ADANIENT
2024-08-12,3098.463875785774,3168.2793610464187,3012.5064908446197,3150.188232421875,10307245,ADANIENT
2024-08-13,3168.479246497756,3176.5253064186822,3080.222951528508,3090.667724609375,2192588,ADANIENT
2024-08-14,3084.171009117328,3084.171009117328,3026.2497717280007,3038.59375,1232383,ADANIENT
2024-08-16,3068.4789406332593,3120.0534725527455,3037.8442240618383,3107.259765625,970067,ADANIENT
2024-08-19,3120.503032811305,3132.7469627785026,3091.417354628305,3101.0126953125,557265,ADANIENT
2024-08-20,3117.404534478981,3124.451090059919,3057.3344599974275,3069.12841796875,662263,ADANIENT
2024-08-21,3069.128521618086,3151.737718354416,3066.8796364005398,3114.15625,1379240,ADANIENT
2024-08-22,3129.1986474756904,3148.439108695496,3089.46834443739,3097.514404296875,1378912,ADANIENT
2024-08-23,3099.463371249126,3121.452469658504,3066.0800194536564,3074.82568359375,1375224,ADANIENT
2024-08-26,3086.4698331602312,3088.468842119532,3053.4861853317702,3067.479248046875,1632446,ADANIENT
2024-08-27,3070.6776487584525,3094.216028327826,3062.48176073535,3065.580322265625,1310440,ADANIENT
2024-08-28,3076.4749830036844,3076.4749830036844,3020.602776664212,3026.499755859375,1569652,ADANIENT
2024-08-29,3028.4985369265387,3040.4425665108183,2979.822718156764,3018.6533203125,1853966,ADANIENT
2024-08-30,3028.4986292030135,3037.0444414655863,3001.811907908026,3017.85400390625,3509174,ADANIENT
2024-09-02,3019.6032031932396,3057.6341549662006,2996.11484697158,3040.642578125,1842658,ADANIENT
2024-09-03,3035.4951595650837,3051.5372555573645,3022.301748999156,3034.595703125,1371577,ADANIENT
2024-09-04,3008.5084887360676,3023.5010559556827,2953.735594356478,3010.857421875,1212270,ADANIENT
2024-09-05,3023.5010777374946,3036.394588031391,3000.5124745018047,3013.85595703125,734273,ADANIENT
2024-09-06,3017.504055280505,3023.5010822204463,2966.529326291003,2973.9755859375,1251165,ADANIENT
2024-09-09,2970.627408297665,2971.0271124879523,2925.8495581011493,2962.68115234375,1523581,ADANIENT
2024-09-10,2970.127694508329,3005.909760690181,2946.139586308837,2984.920166015625,803782,ADANIENT
2024-09-11,2983.5210730370068,2991.467085382368,2926.5493138533857,2936.39453125,888628,ADANIENT
2024-09-12,2948.5383804408016,2998.513607227934,2915.704558833791,2989.51806640625,1314173,ADANIENT
2024-09-13,2970.527488488992,3000.4626006138096,2954.58543990349,2966.87939453125,815948,ADANIENT
2024-09-16,2970.5273879348774,3024.900335382082,2970.5273879348774,2983.4208984375,695162,ADANIENT
2024-09-17,2988.5685699626088,2994.415525053723,2951.0371260417023,2973.725830078125,698700,ADANIENT
2024-09-18,2974.52539494368,2983.2710593273355,2933.5457104031257,2954.835205078125,831891,ADANIENT
2024-09-19,2973.5759912067674,2973.7758433081917,2888.9180065922624,2941.691650390625,1655401,ADANIENT
2024-09-20,2946.6890833796665,3023.501101533935,2940.5922523635713,3007.00927734375,1787210,ADANIENT
2024-09-23,3018.503566605088,3068.478791217755,3013.7559202668845,3042.441650390625,897314,ADANIENT
2024-09-24,3053.48631505702,3099.463523074245,3038.743623355844,3092.366943359375,1021918,ADANIENT
2024-09-25,3106.459988882328,3122.352012839212,3078.6737149526157,3103.5615234375,913008,ADANIENT
2024-09-26,3083.471293333565,3146.440075012662,3083.471293333565,3121.1025390625,1548019,ADANIENT
2024-09-27,3120.45308718206,3177.42484437917,3114.4560601086796,3128.7490234375,2297441,ADANIENT
2024-09-30,3127.4496830613584,3208.309502155208,3118.8538464716057,3134.29638671875,1607429,ADANIENT
2024-10-01,3134.7461099187017,3190.4184635010506,3105.46057835143,3184.521484375,1367116,ADANIENT
2024-10-03,3148.439208044167,3194.766339713251,3082.5719584107246,3114.4560546875,1309703,ADANIENT
2024-10-04,3118.354059403136,3147.9394908510344,3068.4788813820214,3109.108642578125,987583,ADANIENT
2024-10-07,3109.1086347594887,3126.9498880334527,2978.973195175389,3016.504638671875,1743454,ADANIENT
2024-10-08,3017.0042995538392,3168.4292296126123,2993.3661160007096,3159.1337890625,1776511,ADANIENT
2024-10-09,3173.4267260732513,3178.374224448554,3132.84674655088,3152.187255859375,897335,ADANIENT
2024-10-10,3138.4441914997187,3209.4090123903175,3054.5858599143253,3172.627197265625,2905725,ADANIENT
2024-10-11,3172.627174775017,3188.4193948764555,3114.4560609514215,3135.6455078125,1035260,ADANIENT
2024-10-14,3143.4416261366423,3148.5391966517514,3091.3175645066567,3099.5634765625,437728,ADANIENT
2024-10-15,3122.4521070507158,3126.4501251135207,3089.968210290425,3103.16162109375,371613,ADANIENT
2024-10-16,3096.4649517090634,3113.8562324613495,3059.483285081163,3084.370849609375,543476,ADANIENT
2024-10-17,3088.41878348898,3098.4638522008504,2991.5168740764984,3012.256591796875,2655289,ADANIENT
2024-10-18,2988.5183974030333,3030.197685445828,2966.6293468827566,3000.512451171875,796339,ADANIENT
2024-10-21,3003.66089058639,3013.456083620827,2915.5046413157716,2936.1943359375,1051690,ADANIENT
2024-10-22,2936.544244932578,2953.5358215710576,2816.603703955073,2822.40087890625,1209732,ADANIENT
2024-10-23,2839.44244215855,2877.5734410339983,2818.7027238878113,2834.14501953125,1270530,ADANIENT
2024-10-24,2839.642328932659,2873.725286215764,2806.508608107791,2828.797607421875,942066,ADANIENT
2024-10-25,2843.5904417101274,2845.5894508079905,2653.3846772445295,2692.115478515625,1954174,ADANIENT
2024-10-28,2699.761714406559,2821.0014155729323,2670.776083779347,2797.26318359375,1385033,ADANIENT
2024-10-29,2801.6112162241147,2861.631512453755,2731.4960705861286,2847.188720703125,1529844,ADANIENT
2024-10-30,2862.5809813362703,2995.664912242695,2813.6552832699476,2967.828857421875,2884272,ADANIENT
2024-10-31,2966.4292204899184,2975.025056544369,2932.3962884839534,2945.78955078125,1156390,ADANIENT
2024-11-01,2958.533371651975,2974.125739732058,2926.948931292692,2948.03857421875,304673,ADANIENT
2024-11-04,2933.5458237660887,2941.541860082998,2856.3340980809335,2895.96435546875,1059384,ADANIENT
2024-11-05,2895.9643151964915,2922.5512331883533,2868.577988799786,2914.10546875,752303,ADANIENT
2024-11-06,2916.5542646568524,3068.4789556191013,2916.5542646568524,3044.74072265625,1676755,ADANIENT
2024-11-07,3043.4912075347315,3043.4912075347315,2941.591772395094,2968.62841796875,1285585,ADANIENT
2024-11-08,2963.6308430639906,2993.5159295272033,2909.80742899368,2927.648681640625,835641,ADANIENT
2024-11-11,2926.5492141406753,2945.339947789499,2886.569033619628,2902.211181640625,584144,ADANIENT
2024-11-12,2908.5580603835474,2928.9978783613506,2853.58531353781,2868.577880859375,597231,ADANIENT
2024-11-13,2858.582791687032,2887.5684213929494,2806.608559110904,2815.30419921875,890146,ADANIENT
2024-11-14,2822.6007526143335,2843.390495346869,2799.612148750973,2825.3994140625,646797,ADANIENT
2024-11-18,2825.3993065339596,2857.233377738805,2791.9159065290223,2817.30322265625,489692,ADANIENT
2024-11-19,2829.5973438815236,2893.3657821378197,2808.407896503793,2820.10205078125,536296,ADANIENT
2024-11-21,2538.0918116290777,2538.0918116290777,2153.982189234129,2182.56787109375,21796668,ADANIENT
2024-11-22,2099.95892629846,2288.565374111626,2023.9965853186013,2226.89599609375,20939196,ADANIENT
2024-11-25,2313.852854850152,2332.4935156625766,2236.89101043397,2256.38134765625,7466733,ADANIENT
2024-11-26,2264.4773863197843,2291.7138826639757,2134.941511603406,2149.434326171875,7723187,ADANIENT
2024-11-27,2178.9199205937166,2416.8020036677094,2141.0885757406795,2396.612060546875,17502156,ADANIENT
2024-11-28,2438.791043642777,2525.048333047681,2398.810862599453,2435.892578125,14445549,ADANIENT
2024-11-29,2462.829143832785,2518.7513725260087,2398.8108309771515,2461.929443359375,8191680,ADANIENT
2024-12-02,2490.115571833662,2506.7572237374575,2425.3976570661184,2455.83251953125,3807565,ADANIENT
2024-12-03,2462.779025734978,2556.732446359608,2460.8300408131836,2512.9541015625,4070042,ADANIENT
2024-12-04,2526.7474415021547,2528.796474584203,2468.8762270597913,2493.513916015625,2344949,ADANIENT
2024-12-05,2503.758696581083,2536.892172143549,2469.0259162592497,2521.300048828125,3333144,ADANIENT
2024-12-06,2518.7513176717334,2533.743885038827,2501.259989076791,2505.157958984375,1240437,ADANIENT
2024-12-09,2506.6573599862927,2524.748489924975,2481.9196224068614,2494.613525390625,958369,ADANIENT
2024-12-10,2499.7608411373003,2499.7608411373003,2453.7836325438116,2465.9775390625,1119816,ADANIENT
2024-12-11,2467.7766487602057,2478.7711984306643,2449.7855674812736,2456.032470703125,712674,ADANIENT
2024-12-12,2455.7826143334846,2533.5441150686925,2445.0379407054484,2502.859375,2579624,ADANIENT
2024-12-13,2502.759228018965,2543.738911864323,2477.821639946268,2526.297607421875,1940935,ADANIENT
2024-12-16,2528.7464062525814,2536.242690065583,2501.759784525775,2511.155029296875,654321,ADANIENT
2024-12-17,2510.755243242607,2523.7488014281776,2479.520728373446,2486.367431640625,1061891,ADANIENT
2024-12-18,2487.7668142995235,2495.363146454869,2450.785146107847,2456.182373046875,990217,ADANIENT
2024-12-19,2427.7964882340034,2432.794010852847,2395.9123915336477,2418.1513671875,1181898,ADANIENT
2024-12-20,2427.7964900262,2452.6342750680496,2331.8440556735795,2343.7880859375,1337016,ADANIENT
2024-12-23,2372.773673336799,2378.3209721493154,2331.5941364914124,2337.791015625,758920,ADANIENT
2024-12-24,2354.0329613514014,2411.704322485464,2338.840541679466,2371.2744140625,1156186,ADANIENT
2024-12-26,2376.8718388569305,2408.8059603573192,2366.826769346943,2399.060791015625,895785,ADANIENT
2024-12-27,2413.8034059844063,2444.9378740479365,2389.3155453439845,2408.755859375,1982291,ADANIENT
2024-12-30,2423.7984926164027,2608.7068312283754,2420.7499549867052,2591.065673828125,7825097,ADANIENT
2024-12-31,2573.724104138607,2576.4727415313764,2506.207525923195,2527.39697265625,2745674,ADANIENT
2025-01-01,2534.7434706468416,2642.8898112451134,2517.0022653613596,2553.584228515625,2875721,ADANIENT
2025-01-02,2564.428697169233,2600.710760035146,2535.742966260248,2596.412841796875,1167236,ADANIENT
2025-01-03,2578.721617439671,2617.7022930521307,2555.333309680056,2563.329345703125,932795,ADANIENT
2025-01-06,2556.382603078163,2567.5772487650943,2462.2793514124382,2473.223876953125,1121398,ADANIENT
2025-01-07,2473.4236240839427,2523.748771451234,2473.4236240839427,2519.301025390625,1019130,ADANIENT
2025-01-08,2519.3010846968973,2528.7463532995603,2488.766173800753,2514.003662109375,879641,ADANIENT
2025-01-09,2515.7528429540907,2516.3026192366174,2468.2763788935745,2476.672119140625,705838,ADANIENT
2025-01-10,2478.771161545547,2483.368979856275,2367.076533600904,2373.223388671875,1418808,ADANIENT
2025-01-13,2363.8281666416874,2363.8281666416874,2215.801451072035,2224.04736328125,1559903,ADANIENT
2025-01-14,2240.389448977836,2421.6994767523383,2240.389448977836,2379.37060546875,4120705,ADANIENT
2025-01-15,2397.811274070315,2420.749853336378,2371.4742331228326,2386.966552734375,1421437,ADANIENT
2025-01-16,2498.761372396368,2568.7266908234665,2417.651675856248,2426.647216796875,2841803,ADANIENT
2025-01-17,2448.7861639270277,2448.7861639270277,2378.870868989453,2398.611083984375,1122205,ADANIENT
2025-01-20,2412.5539455774697,2452.784001013821,2388.8157141088154,2441.589599609375,1039435,ADANIENT
2025-01-21,2440.5401376476752,2440.5401376476752,2372.4737828989073,2383.11865234375,1206512,ADANIENT
2025-01-22,2397.8113866679732,2397.8113866679732,2323.9978789286247,2375.37255859375,1147334,ADANIENT
2025-01-23,2381.819350268606,2403.958278514054,2353.833222779088,2383.818359375,826721,ADANIENT
2025-01-24,2386.5667825185997,2404.807738975919,2298.2604655680475,2313.952880859375,1388583,ADANIENT
2025-01-27,2308.9054726164863,2316.9515328321586,2248.935201224632,2258.580322265625,1032995,ADANIENT
2025-01-28,2273.073010782487,2314.702518258285,2240.889015738609,2284.917236328125,966497,ADANIENT
2025-01-29,2295.8617776208157,2325.097283496048,2281.469010797791,2317.451171875,785220,ADANIENT
2025-01-30,2323.8479133813466,2350.3347820714994,2200.2092581486,2251.48388671875,2601625,ADANIENT
2025-01-31,2237.7408061513665,2313.8029541854517,2212.653144935203,2286.66650390625,2013345,ADANIENT
2025-02-01,2295.8618659872313,2350.2848379072902,2236.4413715029864,2268.875244140625,987362,ADANIENT
2025-02-03,2265.626722266129,2277.870651833907,2212.8028142372887,2260.729248046875,824942,ADANIENT
2025-02-04,2277.7707197110913,2310.854416447154,2266.426489986779,2300.359619140625,691187,ADANIENT
2025-02-05,2313.8028774176287,2348.2357583997987,2307.9058985164042,2323.4482421875,560940,ADANIENT
2025-02-06,2338.8405977958773,2338.8405977958773,2297.0612596808905,2311.30419921875,680544,ADANIENT
2025-02-07,2311.304072775761,2373.7230783914524,2306.206746368653,2337.64111328125,892884,ADANIENT
2025-02-10,2348.835658768829,2349.7851392737607,2278.970389335017,2289.6650390625,739708,ADANIENT
2025-02-11,2310.8544403467213,2395.8123241829976,2304.857413252396,2320.599609375,4895456,ADANIENT
2025-02-12,2323.848079889366,2377.271549309126,2279.869879667804,2352.283935546875,1933098,ADANIENT
2025-02-13,2352.83353441826,2371.574243326647,2232.2931971116577,2243.587646484375,2551665,ADANIENT
2025-02-14,2244.587193947611,2248.185507734795,2123.4973220763122,2151.583251953125,2549876,ADANIENT
2025-02-17,2151.583299830181,2239.2898211528245,2109.604110137292,2222.59814453125,1400160,ADANIENT
2025-02-18,2238.8901415593355,2238.8901415593355,2164.9768305559846,2219.199951171875,1138085,ADANIENT
2025-02-19,2164.926766882092,2218.3002100643976,2125.946091024104,2179.719482421875,1203163,ADANIENT
2025-02-20,2179.719567146636,2215.252002633017,2155.7314579939284,2177.92041015625,1086670,ADANIENT
2025-02-21,2189.3646513372346,2198.5102642085676,2115.8012642603007,2132.043212890625,1540308,ADANIENT
2025-02-24,2127.895017290584,2137.4403338937586,2095.6609977591024,2114.101806640625,1032294,ADANIENT
2025-02-25,2114.1017669152793,2157.230530897533,2100.9583808371194,2128.794677734375,802131,ADANIENT
2025-02-27,2142.687850338827,2148.0352972175083,2101.458288204027,2109.904052734375,941950,ADANIENT
2025-02-28,2105.9559752486134,2110.3039174185683,2070.973317852457,2094.96142578125,2373922,ADANIENT
2025-03-03,2107.9549415208794,2126.1958982220435,2025.545846214616,2116.051025390625,1592611,ADANIENT
2025-03-04,2084.0669347221988,2152.9326973019433,2078.9693641541517,2143.7373046875,852978,ADANIENT
2025-03-05,2152.8826936718287,2257.2808910906942,2146.985714662032,2244.7373046875,1370106,ADANIENT
2025-03-06,2258.880246527998,2267.775739271505,2225.046920448907,2251.73388671875,890270,ADANIENT
2025-03-07,2248.8352119512897,2266.5263936704205,2225.896631348199,2246.386474609375,818806,ADANIENT
2025-03-10,2243.8877221580483,2286.8664179499397,2218.9001083255534,2227.196044921875,940113,ADANIENT
2025-03-11,2222.0482702970558,2266.7263154308393,2207.20577529311,2249.48486328125,947079,ADANIENT
2025-03-12,2268.87518672924,2278.8702316046993,2179.8692633093456,2240.689208984375,1049076,ADANIENT
2025-03-13,2247.885589273509,2271.8736969402785,2214.502237045115,2219.99951171875,750310,ADANIENT
2025-03-17,2198.90990184413,2285.766745359112,2196.910892842454,2251.583740234375,927737,ADANIENT
2025-03-18,2251.583740234375,2251.583740234375,2251.583740234375,2251.583740234375,0,ADANIENT
2025-03-19,2318.8003811969443,2340.8395038953627,2309.9048888882076,2317.5009765625,1030345,ADANIENT
2025-03-20,2346.836509276519,2346.836509276519,2297.8607899602716,2338.140869140625,2587050,ADANIENT
2025-03-21,2342.6388081215587,2388.366141187,2336.84163293993,2361.62939453125,1101418,ADANIENT
2025-03-24,2368.82577190007,2393.813385527708,2359.9302790564966,2367.5263671875,1010184,ADANIENT
2025-03-25,2383.8183098674535,2386.466899270553,2313.953040657819,2319.200439453125,763065,ADANIENT
2025-03-26,2323.7478111503156,2358.6806870882533,2306.9063074857213,2311.4541015625,1078870,ADANIENT
2025-03-27,2308.855294711456,2372.723531879383,2290.464510318148,2362.178955078125,1696042,ADANIENT
2025-03-28,2374.8227104542643,2385.767236010381,2292.5634406611134,2314.652587890625,1838836,ADANIENT
2025-04-01,2310.8545366194735,2357.7812267836557,2299.859986488498,2334.093017578125,501942,ADANIENT
2025-04-02,2338.590619694135,2377.671342680792,2313.403155466206,2368.225830078125,573928,ADANIENT
2025-04-03,2338.5906260655456,2428.6958580611936,2338.5406020372097,2409.60546875,1023200,ADANIENT
2025-04-04,2393.7633363019463,2408.8559523820545,2314.35274983305,2333.4931640625,1219733,ADANIENT
2025-04-07,2148.9846575174565,2237.89053227115,2143.937111086028,2211.603515625,1567177,ADANIENT
2025-04-08,2268.875210994136,2299.8598504394304,2223.8975085735474,2284.5673828125,1224337,ADANIENT
2025-04-09,2264.577282123031,2278.4205169658917,2214.102305201192,2235.79150390625,1001633,ADANIENT
2025-04-11,2301.9089938490474,2342.3389039374856,2279.869869802178,2320.249755859375,981463,ADANIENT
2025-04-15,2373.823163819049,2438.790955670939,2357.831091978584,2417.001708984375,1145125,ADANIENT
2025-04-16,2398.810708955805,2426.7968338936225,2381.719085046637,2414.403076171875,889949,ADANIENT
2025-04-17,2416.801807413935,2447.3867417905553,2390.814691205183,2416.90185546875,1054797,ADANIENT
2025-04-21,2424.897874285996,2463.6784522185894,2394.3129401230285,2441.489501953125,782559,ADANIENT
2025-04-22,2457.6815931830174,2482.169454187685,2439.7905596895125,2444.288330078125,766567,ADANIENT
2025-04-23,2458.7810083755676,2472.574218933799,2420.0001859436006,2452.38427734375,672262,ADANIENT
2025-04-24,2448.786078836681,2460.180332779323,2423.898513847388,2441.289794921875,596626,ADANIENT
2025-04-25,2448.886126932322,2458.2813718311522,2322.348756840692,2353.133544921875,1414809,ADANIENT
2025-04-28,2344.8374773262303,2400.809727424384,2336.4417374193654,2368.625732421875,681421,ADANIENT
2025-04-29,2390.8147919085186,2398.8108280018578,2324.447789941663,2329.4453125,670730,ADANIENT
2025-04-30,2330.2446058731593,2338.8404418570726,2283.8676964288084,2300.15966796875,837464,ADANIENT
2025-05-02,2348.7355718552017,2371.2244235352387,2288.8653487682104,2297.9609375,1695797,ADANIENT
2025-05-05,2311.454113306035,2495.7626382419567,2296.661398484493,2454.283203125,4227194,ADANIENT
2025-05-06,2452.7839419770867,2461.979334194425,2342.3386992759997,2352.83349609375,1524692,ADANIENT
2025-05-07,2313.8528638562534,2378.3209026116438,2313.8528638562534,2351.93408203125,1012640,ADANIENT
2025-05-08,2360.829672363566,2366.6268473739788,2258.880211490965,2284.167724609375,1380069,ADANIENT
2025-05-09,2238.890215459796,2271.9739140193233,2231.893683536484,2249.884765625,1006000,ADANIENT
2025-05-12,2348.83564865776,2432.094424922625,2313.8529900607296,2424.098388671875,2147039,ADANIENT
2025-05-13,2423.798310957276,2453.6833966474073,2403.8082217947417,2439.990234375,1815174,ADANIENT
2025-05-14,2443.6883558263253,2480.6700208339184,2428.8958850390027,2460.679931640625,774441,ADANIENT
2025-05-15,2462.1794097318534,2525.548144584563,2449.485750756614,2518.75146484375,1554800,ADANIENT
2025-05-16,2527.7470125022933,2582.919614979549,2514.9533054302583,2553.734130859375,1641135,ADANIENT
2025-05-19,2570.0260488858057,2577.5223328669103,2534.7434901441416,2539.34130859375,680957,ADANIENT
2025-05-20,2543.73899410475,2563.5292323323647,2491.2650069964984,2500.360595703125,628023,ADANIENT
2025-05-21,2508.456329082108,2523.249044098219,2482.46921276341,2499.160888671875,529234,ADANIENT
2025-05-22,2499.1608937153155,2520.650239945298,2464.0784330260626,2486.367431640625,906909,ADANIENT
2025-05-23,2497.7617701733207,2546.837539215961,2489.2659818393977,2538.741455078125,968415,ADANIENT
2025-05-26,2547.836952675605,2567.6269460481503,2540.0407689732688,2546.4375,552912,ADANIENT
2025-05-27,2544.6383383986686,2567.827037371545,2524.8483450630174,2539.041259765625,514936,ADANIENT
2025-05-28,2557.7321058026837,2557.7321058026837,2508.7563835735587,2513.75390625,575989,ADANIENT
2025-05-29,2535.4429496749003,2557.7319482427265,2509.7557335042934,2539.541015625,802317,ADANIENT
2025-05-30,2548.736551144164,2562.7296145622104,2512.554535967148,2518.6513671875,684592,ADANIENT
2025-06-02,2525.747890109581,2562.7295568820605,2513.653787962611,2517.552001953125,1008716,ADANIENT
2025-06-03,2509.7557646100518,2511.2550213392096,2450.784999929848,2469.675537109375,962656,ADANIENT
2025-06-04,2478.7712588394816,2501.759863256138,2439.890629847002,2488.16650390625,552667,ADANIENT
2025-06-05,2493.763690992279,2528.8463960365434,2486.2674073520216,2503.158935546875,673209,ADANIENT
2025-06-06,2513.653849667894,2552.0349701046575,2502.759347878047,2532.9443359375,640680,ADANIENT
2025-06-09,2543.7390843020257,2602.8099009205994,2523.2492409903593,2580.82080078125,1711167,ADANIENT
2025-06-10,2598.7118127956924,2661.880451133563,2576.4228126743196,2611.805419921875,2084054,ADANIENT
2025-06-11,2628.696765552828,2629.5962219712037,2561.8300138772324,2579.9208984375,745432,ADANIENT
2025-06-12,2590.2158152489756,2600.510760019358,2528.7462907890827,2542.439453125,955097,ADANIENT
2025-06-13,2498.0,2516.0,2460.0,2507.89990234375,695869,ADANIENT
2025-06-16,2500.0,2563.300048828125,2462.0,2544.0,956459,ADANIENT
2025-06-17,2535.0,2539.60009765625,2479.0,2488.5,703343,ADANIENT
2025-06-18,2491.89990234375,2495.89990234375,2445.39990234375,2459.10009765625,667044,ADANIENT
2025-06-19,2466.300048828125,2468.89990234375,2405.10009765625,2420.60009765625,688209,ADANIENT
2025-06-20,2428.0,2461.300048828125,2415.0,2448.39990234375,3002549,ADANIENT
2025-06-23,2438.0,2492.60009765625,2421.0,2472.0,790533,ADANIENT
2025-06-24,2504.0,2544.60009765625,2500.199951171875,2505.60009765625,996372,ADANIENT
2025-06-25,2519.89990234375,2541.60009765625,2512.10009765625,2527.199951171875,921346,ADANIENT
2025-06-26,2535.0,2593.60009765625,2522.199951171875,2586.199951171875,1339627,ADANIENT
2025-06-27,2587.699951171875,2681.60009765625,2582.0,2646.300048828125,4049316,ADANIENT
2025-06-30,2650.0,2653.89990234375,2605.89990234375,2619.39990234375,694814,ADANIENT
2025-07-01,2624.89990234375,2645.0,2603.0,2621.800048828125,729197,ADANIENT
2025-07-02,2634.0,2646.0,2613.60009765625,2630.199951171875,621409,ADANIENT
2025-07-03,2634.0,2644.0,2605.10009765625,2611.199951171875,502724,ADANIENT
2025-07-04,2617.0,2617.0,2582.199951171875,2599.10009765625,370305,ADANIENT
2025-07-07,2602.0,2605.39990234375,2572.0,2576.10009765625,412159,ADANIENT
2025-07-08,2586.0,2600.0,2573.0,2591.300048828125,357686,ADANIENT
2025-07-09,2599.0,2609.89990234375,2570.0,2583.0,396880,ADANIENT
2025-07-10,2591.0,2604.0,2575.0,2581.0,306565,ADANIENT
2025-07-11,2575.0,2591.89990234375,2551.89990234375,2558.699951171875,390645,ADANIENT
2025-07-14,2555.0,2604.800048828125,2543.5,2581.300048828125,536585,ADANIENT
2025-07-15,2588.0,2606.89990234375,2576.0,2598.199951171875,379425,ADANIENT
2025-07-16,2602.5,2619.5,2595.5,2608.5,686644,ADANIENT
2025-07-17,2612.0,2654.5,2605.300048828125,2616.60009765625,785771,ADANIENT
2025-07-18,2612.0,2626.699951171875,2584.199951171875,2596.10009765625,479942,ADANIENT
2025-07-21,2596.300048828125,2624.89990234375,2585.0,2619.5,369782,ADANIENT
2025-07-22,2626.0,2630.0,2581.60009765625,2587.800048828125,387055,ADANIENT
2025-07-23,2600.699951171875,2625.89990234375,2593.5,2614.5,316424,ADANIENT
2025-07-24,2615.39990234375,2624.199951171875,2595.0,2608.39990234375,253782,ADANIENT
2025-07-25,2605.0,2617.0,2544.10009765625,2550.10009765625,424612,ADANIENT
2025-07-28,2549.0,2585.0,2512.60009765625,2522.300048828125,428409,ADANIENT
2025-07-29,2529.0,2557.39990234375,2507.5,2547.89990234375,424781,ADANIENT
2025-07-30,2547.89990234375,2552.60009765625,2525.0,2532.89990234375,262063,ADANIENT
2025-07-31,2509.89990234375,2520.0,2422.60009765625,2430.699951171875,1457616,ADANIENT
2025-08-01,2425.0,2444.89990234375,2333.0,2350.89990234375,976341,ADANIENT
2025-08-04,2360.0,2374.699951171875,2338.199951171875,2363.60009765625,576426,ADANIENT
2025-08-05,2370.0,2370.0,2316.0,2328.199951171875,576742,ADANIENT
2025-08-06,2333.89990234375,2347.89990234375,2296.0,2300.300048828125,631582,ADANIENT
2025-08-07,2290.0,2295.0,2202.800048828125,2249.800048828125,1529410,ADANIENT
2025-08-08,2247.0,2260.89990234375,2164.800048828125,2178.10009765625,2552736,ADANIENT
2025-08-11,2196.0,2302.0,2183.0,2283.39990234375,2376286,ADANIENT
2025-08-12,2280.10009765625,2314.699951171875,2267.0,2288.199951171875,1075526,ADANIENT
2025-08-13,2299.0,2314.89990234375,2245.39990234375,2280.10009765625,833679,ADANIENT
2025-08-14,2288.0,2304.0,2267.699951171875,2281.60009765625,998109,ADANIENT
2025-08-18,2309.60009765625,2360.0,2300.0,2333.60009765625,988629,ADANIENT
2025-08-19,2339.89990234375,2395.60009765625,2314.10009765625,2388.39990234375,1069432,ADANIENT
2025-08-20,2380.0,2406.0,2372.10009765625,2387.10009765625,780025,ADANIENT
2025-08-21,2387.10009765625,2397.0,2371.39990234375,2377.199951171875,441867,ADANIENT
2025-08-22,2369.89990234375,2376.300048828125,2321.0,2324.89990234375,584211,ADANIENT
2025-08-25,2335.699951171875,2348.39990234375,2300.0,2302.89990234375,542455,ADANIENT
2025-08-26,2304.0,2309.300048828125,2249.39990234375,2272.0,1071550,ADANIENT
2025-08-28,2271.89990234375,2327.89990234375,2255.0,2275.199951171875,907868,ADANIENT
2025-08-29,2283.0,2289.699951171875,2240.0,2244.699951171875,795699,ADANIENT
2025-09-01,2259.0,2288.0,2252.10009765625,2284.199951171875,425639,ADANIENT
2025-09-02,2291.0,2302.0,2264.0,2274.199951171875,481894,ADANIENT
2025-09-03,2285.0,2293.0,2263.10009765625,2288.699951171875,443629,ADANIENT
2025-09-04,2309.89990234375,2317.300048828125,2275.0,2278.800048828125,392697,ADANIENT
2025-09-05,2275.0,2293.5,2248.0,2281.39990234375,443010,ADANIENT
2025-09-08,2290.0,2333.89990234375,2286.0,2310.89990234375,542811,ADANIENT
2025-09-09,2320.0,2325.0,2297.0,2311.60009765625,369431,ADANIENT
2025-09-10,2330.0,2345.89990234375,2325.10009765625,2340.199951171875,390490,ADANIENT
2025-09-11,2348.0,2418.699951171875,2340.199951171875,2398.800048828125,2111888,ADANIENT
2025-09-12,2416.89990234375,2421.60009765625,2387.10009765625,2392.0,533971,ADANIENT
2025-09-15,2392.0,2402.800048828125,2378.10009765625,2383.39990234375,298129,ADANIENT
2025-09-16,2410.0,2415.800048828125,2388.0,2399.39990234375,752979,ADANIENT
2025-09-17,2417.0,2417.0,2391.0,2402.0,514354,ADANIENT
2025-09-18,2414.5,2438.0,2388.39990234375,2402.0,703730,ADANIENT
2025-09-19,2495.0,2579.0,2466.10009765625,2524.0,7965135,ADANIENT
2025-09-22,2535.0,2659.0,2522.10009765625,2629.5,7022985,ADANIENT
2025-09-23,2642.60009765625,2695.0,2593.0,2676.39990234375,5610022,ADANIENT
2025-09-24,2655.0,2676.0,2614.39990234375,2619.800048828125,1720785,ADANIENT
2025-09-25,2625.0,2647.89990234375,2567.0,2576.39990234375,1489682,ADANIENT
2025-09-26,2572.800048828125,2605.0,2535.0,2543.699951171875,1037808,ADANIENT
2025-09-29,2543.699951171875,2555.0,2505.0,2509.5,1012402,ADANIENT
2025-09-30,2522.0,2535.0,2490.60009765625,2505.89990234375,712592,ADANIENT
2025-10-01,2518.39990234375,2603.39990234375,2472.10009765625,2592.699951171875,1573485,ADANIENT
2025-10-03,2595.0,2612.89990234375,2564.39990234375,2589.89990234375,917651,ADANIENT
2025-10-06,2589.10009765625,2599.800048828125,2562.60009765625,2573.5,654955,ADANIENT
2025-10-07,2580.699951171875,2617.300048828125,2533.10009765625,2542.199951171875,1120230,ADANIENT
2025-10-08,2562.0,2565.0,2500.0,2524.10009765625,1063357,ADANIENT
2025-10-09,2535.0,2559.0,2522.199951171875,2542.39990234375,651703,ADANIENT
2025-10-10,2552.0,2565.0,2538.800048828125,2550.89990234375,690142,ADANIENT
2025-10-13,2529.10009765625,2542.10009765625,2504.0,2527.39990234375,645483,ADANIENT
2025-10-14,2538.89990234375,2538.89990234375,2485.199951171875,2517.0,673048,ADANIENT
2025-10-15,2535.0,2561.39990234375,2527.300048828125,2532.800048828125,759772,ADANIENT
2025-10-16,2544.800048828125,2579.699951171875,2540.89990234375,2557.60009765625,1020102,ADANIENT
2025-10-17,2560.0,2577.199951171875,2543.10009765625,2549.39990234375,682968,ADANIENT
2025-10-20,2561.300048828125,2579.0,2537.10009765625,2548.10009765625,747349,ADANIENT
2025-10-21,2554.89990234375,2562.0,2542.300048828125,2549.89990234375,101019,ADANIENT
2025-10-23,2559.89990234375,2577.800048828125,2540.89990234375,2545.800048828125,852445,ADANIENT
2025-10-24,2554.800048828125,2554.800048828125,2497.699951171875,2504.199951171875,473765,ADANIENT
2025-10-27,2504.199951171875,2514.60009765625,2487.10009765625,2492.800048828125,478055,ADANIENT
2025-10-28,2495.0,2516.0,2479.10009765625,2494.39990234375,626988,ADANIENT
2025-10-29,2500.0,2600.0,2495.5,2537.39990234375,1526734,ADANIENT
2025-10-30,2550.0,2559.39990234375,2511.800048828125,2526.89990234375,783328,ADANIENT
2025-10-31,2535.0,2543.5,2464.89990234375,2481.0,848642,ADANIENT
2025-11-03,2484.0,2501.89990234375,2457.5,2467.0,731108,ADANIENT
2025-11-04,2479.800048828125,2488.89990234375,2390.60009765625,2419.800048828125,2072668,ADANIENT
2025-11-06,2425.10009765625,2427.10009765625,2307.60009765625,2314.300048828125,1978147,ADANIENT
2025-11-07,2315.0,2402.5,2291.39990234375,2369.39990234375,2232889,ADANIENT
2025-11-10,2308.2470703125,2315.13037109375,2291.86279296875,2298.358154296875,577428,ADANIENT
2025-11-11,2295.74072265625,2306.30810546875,2267.140869140625,2294.5771484375,654132,ADANIENT
2025-11-12,2311.25244140625,2440.6787109375,2288.954345703125,2408.685546875,6895852,ADANIENT
2025-11-13,2425.651611328125,2447.94970703125,2392.7861328125,2412.272705078125,2791508,ADANIENT
2025-11-14,2423.712646484375,2475.77392578125,2405.29248046875,2440.0,4637753,ADANIENT
2025-11-17,2460.0,2474.89990234375,2421.0,2462.0,2672697,ADANIENT
2025-11-18,2462.0,2478.60009765625,2434.300048828125,2436.800048828125,1245215,ADANIENT
2025-11-19,2446.5,2449.89990234375,2413.89990234375,2433.10009765625,774785,ADANIENT
2025-11-20,2450.10009765625,2478.89990234375,2440.39990234375,2446.10009765625,1526556,ADANIENT
2025-11-21,2450.0,2456.199951171875,2418.0,2422.300048828125,547541,ADANIENT
2025-11-24,2426.199951171875,2432.300048828125,2393.10009765625,2399.199951171875,691419,ADANIENT
2025-11-25,2400.89990234375,2407.699951171875,2325.300048828125,2332.89990234375,2223715,ADANIENT
2025-11-26,2321.199951171875,2357.0,2310.0,2315.0,1026965,ADANIENT
2025-11-27,2310.0,2320.5,2243.0,2255.0,1474038,ADANIENT
2025-11-28,2267.10009765625,2331.0,2247.800048828125,2280.199951171875,3037620,ADANIENT
2025-12-01,2300.0,2304.0,2257.0,2262.0,1313265,ADANIENT
2025-12-02,2255.0,2267.199951171875,2232.199951171875,2239.60009765625,1035354,ADANIENT
2025-12-03,2240.0,2245.0,2172.199951171875,2189.800048828125,1643852,ADANIENT
2025-12-04,2188.0,2231.699951171875,2183.39990234375,2217.89990234375,2522821,ADANIENT
2025-12-05,2217.89990234375,2268.60009765625,2202.89990234375,2265.39990234375,2400781,ADANIENT
2025-12-08,2265.39990234375,2270.39990234375,2205.0,2216.199951171875,939764,ADANIENT
2025-12-09,2216.199951171875,2257.0,2178.39990234375,2245.199951171875,1227728,ADANIENT
2025-12-10,2255.800048828125,2267.5,2204.10009765625,2211.60009765625,935149,ADANIENT
2025-12-11,2225.0,2293.89990234375,2192.39990234375,2277.699951171875,1519832,ADANIENT
2025-12-12,2277.699951171875,2296.800048828125,2270.199951171875,2282.39990234375,929199,ADANIENT
2025-12-15,2282.39990234375,2300.0,2273.0,2278.89990234375,573027,ADANIENT
2025-12-16,2270.0,2276.800048828125,2232.10009765625,2247.89990234375,654714,ADANIENT
2025-12-17,2247.60009765625,2255.0,2221.0,2232.5,651509,ADANIENT
2025-12-18,2236.39990234375,2245.0,2211.10009765625,2229.300048828125,508238,ADANIENT
2025-12-19,2249.0,2250.0,2210.0,2239.0,880005,ADANIENT
2025-12-22,2260.0,2274.0,2245.89990234375,2263.5,599195,ADANIENT
2025-12-23,2272.5,2273.60009765625,2245.0,2248.800048828125,450112,ADANIENT
2025-12-24,2250.0,2258.800048828125,2217.39990234375,2222.699951171875,825693,ADANIENT
2025-12-26,2229.300048828125,2250.89990234375,2218.0,2229.89990234375,566237,ADANIENT
2025-12-29,2232.0,2238.199951171875,2196.0,2203.199951171875,690691,ADANIENT
2025-12-30,2204.800048828125,2219.0,2195.0,2214.699951171875,935026,ADANIENT
2025-12-31,2216.300048828125,2246.39990234375,2216.300048828125,2239.699951171875,779141,ADANIENT
2026-01-01,2249.0,2287.39990234375,2241.0,2260.0,1046220,ADANIENT
2026-01-02,2260.0,2283.699951171875,2259.0,2279.800048828125,715242,ADANIENT
2026-01-05,2287.0,2303.89990234375,2274.300048828125,2279.5,696380,ADANIENT
2026-01-06,2288.89990234375,2290.39990234375,2248.10009765625,2259.10009765625,698294,ADANIENT
2026-01-07,2265.0,2284.0,2243.0,2274.10009765625,529451,ADANIENT
2026-01-08,2275.0,2275.89990234375,2205.0,2214.0,792800,ADANIENT
2026-01-09,2214.10009765625,2216.0,2145.0,2153.699951171875,1570376,ADANIENT
2026-01-12,2156.60009765625,2180.0,2119.0,2171.60009765625,1257197,ADANIENT
2026-01-13,2187.800048828125,2187.800048828125,2141.10009765625,2158.5,791556,ADANIENT
2026-01-14,2156.0,2169.0,2142.0,2153.300048828125,618139,ADANIENT
2026-01-15,2153.300048828125,2153.300048828125,2153.300048828125,2153.300048828125,0,ADANIENT
2026-01-16,2162.800048828125,2193.89990234375,2152.10009765625,2157.300048828125,758469,ADANIENT
2026-01-19,2155.0,2156.800048828125,2123.0,2134.60009765625,749495,ADANIENT
2026-01-20,2134.0,2139.89990234375,2040.0,2055.10009765625,1160975,ADANIENT
2026-01-21,2056.5,2068.199951171875,2004.0999755859375,2032.199951171875,1354644,ADANIENT
2026-01-22,2055.89990234375,2102.89990234375,2051.0,2086.39990234375,942721,ADANIENT
2026-01-23,2080.5,2082.5,1848.0,1864.199951171875,7492631,ADANIENT
2026-01-27,1909.0,1973.9000244140625,1893.0,1959.5,5449633,ADANIENT
2026-01-28,1985.0,2004.0,1952.0,1994.699951171875,2073198,ADANIENT
2026-01-29,1999.800048828125,2029.0999755859375,1972.0,2019.199951171875,1391239,ADANIENT
2026-01-30,2005.0,2038.800048828125,1992.199951171875,2020.4000244140625,1230915,ADANIENT
2026-02-02,1956.5999755859375,2002.199951171875,1934.0,1995.4000244140625,1229270,ADANIENT
2026-02-03,2150.0,2233.39990234375,2131.10009765625,2202.60009765625,6918581,ADANIENT
2026-02-04,2220.0,2246.0,2189.199951171875,2228.199951171875,2051918,ADANIENT
2026-02-05,2232.0,2243.699951171875,2210.0,2236.60009765625,992382,ADANIENT
2026-02-06,2226.10009765625,2238.0,2200.39990234375,2226.39990234375,933650,ADANIENT
2026-02-09,2250.0,2288.0,2240.0,2250.10009765625,1650899,ADANIENT
2026-02-10,2259.0,2268.300048828125,2171.0,2228.39990234375,1670672,ADANIENT
2026-02-11,2232.89990234375,2237.699951171875,2215.10009765625,2234.39990234375,682320,ADANIENT
2026-02-12,2229.0,2229.5,2201.0,2211.800048828125,649585,ADANIENT
2026-02-13,2210.0,2210.0,2124.199951171875,2136.60009765625,1489548,ADANIENT
2026-02-16,2124.199951171875,2190.89990234375,2103.199951171875,2184.60009765625,1824808,ADANIENT
2026-02-17,2170.0,2252.0,2170.0,2242.89990234375,1931699,ADANIENT
2026-02-18,2254.0,2254.0,2188.10009765625,2211.199951171875,1149398,ADANIENT
2026-02-19,2218.89990234375,2218.89990234375,2151.0,2156.699951171875,1101633,ADANIENT
2026-02-20,2160.0,2174.39990234375,2152.10009765625,2160.800048828125,738454,ADANIENT
2026-02-23,2180.0,2203.0,2155.300048828125,2191.0,1103960,ADANIENT
2026-02-24,2168.60009765625,2204.699951171875,2162.199951171875,2183.0,1152423,ADANIENT
2026-02-25,2193.199951171875,2237.300048828125,2180.10009765625,2231.699951171875,1474187,ADANIENT
2026-02-26,2230.0,2232.39990234375,2200.10009765625,2216.39990234375,915342,ADANIENT
2026-02-27,2210.0,2216.39990234375,2153.0,2161.800048828125,1433096,ADANIENT
2026-03-02,2093.0,2147.89990234375,2073.699951171875,2124.60009765625,2134522,ADANIENT
2026-03-04,2104.60009765625,2104.60009765625,2037.5,2076.5,1585848,ADANIENT
2026-03-05,2094.0,2100.0,2040.0,2089.199951171875,1231524,ADANIENT
2026-03-06,2079.10009765625,2090.0,2030.199951171875,2039.9000244140625,1696027,ADANIENT
2026-03-09,1985.0,2006.0,1940.4000244140625,1999.199951171875,1305447,ADANIENT
2026-03-10,2030.0,2030.0,1982.199951171875,1996.5,1680405,ADANIENT
2026-03-11,2006.5999755859375,2027.4000244140625,1970.0,1974.699951171875,1088294,ADANIENT
2026-03-12,1960.0,2026.0,1947.0999755859375,2002.0,1473773,ADANIENT
2026-03-13,1999.9000244140625,2008.5999755859375,1945.0,1961.0999755859375,1195448,ADANIENT
2026-03-16,1961.0,1994.800048828125,1946.5999755859375,1978.0,1465828,ADANIENT
2026-03-17,1989.9000244140625,1990.0,1945.0,1975.4000244140625,1268988,ADANIENT
2026-03-18,1988.9000244140625,2027.0,1982.199951171875,2007.199951171875,1041095,ADANIENT
2026-03-19,1984.0,1988.5999755859375,1930.0,1936.800048828125,1510588,ADANIENT
2026-03-20,1951.0,1974.4000244140625,1919.9000244140625,1927.0999755859375,1175662,ADANIENT
2026-03-23,1910.0,1910.0999755859375,1820.5,1833.0,2370668,ADANIENT
2026-03-24,1892.699951171875,1893.0,1813.699951171875,1817.9000244140625,11211381,ADANIENT
2026-03-25,1847.9000244140625,1911.0,1839.199951171875,1886.5999755859375,2537690,ADANIENT
2026-03-27,1880.0,1883.199951171875,1816.5,1823.0,2585257,ADANIENT
2026-03-30,1810.0,1837.800048828125,1753.0,1758.800048828125,2825299,ADANIENT
2026-04-01,1825.0,1870.0,1803.800048828125,1842.5,2328166,ADANIENT
2026-04-02,1805.0,1842.9000244140625,1770.0999755859375,1834.199951171875,1830598,ADANIENT
2026-04-06,1836.9000244140625,1909.0,1802.0999755859375,1902.199951171875,3153437,ADANIENT
2026-04-07,1890.0,1904.5999755859375,1865.0,1882.0999755859375,1566909,ADANIENT
2026-04-08,2000.0,2099.0,1975.0999755859375,2043.800048828125,4197831,ADANIENT
2026-04-09,2039.800048828125,2065.0,2010.300048828125,2040.5,2481188,ADANIENT
2026-04-10,2043.0999755859375,2094.60009765625,2041.699951171875,2086.800048828125,1700162,ADANIENT
2026-04-13,2010.199951171875,2159.0,2000.199951171875,2129.0,3729773,ADANIENT
2026-04-15,2187.0,2200.0,2136.0,2144.39990234375,1779015,ADANIENT
2026-04-16,2170.0,2210.39990234375,2161.10009765625,2203.699951171875,2188912,ADANIENT
2026-04-17,2240.0,2240.0,2186.10009765625,2218.300048828125,2408901,ADANIENT
2026-04-20,2218.300048828125,2280.10009765625,2202.199951171875,2229.60009765625,1795338,ADANIENT
2026-04-21,2229.699951171875,2255.0,2220.0,2226.0,1818221,ADANIENT
2026-04-22,2229.0,2278.60009765625,2224.10009765625,2260.800048828125,3517237,ADANIENT
2026-04-23,2243.5,2333.89990234375,2221.800048828125,2300.0,2948009,ADANIENT
2026-04-24,2310.199951171875,2321.39990234375,2227.0,2287.60009765625,2271317,ADANIENT
2026-04-27,2300.199951171875,2337.0,2286.0,2321.800048828125,1500864,ADANIENT
2026-04-28,2321.800048828125,2420.0,2320.89990234375,2412.39990234375,4375556,ADANIENT
2026-04-29,2427.60009765625,2443.800048828125,2388.0,2425.89990234375,4656967,ADANIENT
2026-04-30,2394.89990234375,2420.0,2328.800048828125,2408.39990234375,3538354,ADANIENT
