Date,Open,High,Low,Close,Volume,Symbol
2018-01-01,122.06533264661829,122.3779999994743,120.06426349670986,120.28313446044922,5899565,ONGC
2018-01-02,122.40931099651323,123.50364711014745,121.9403098049557,123.09718322753906,12878378,ONGC
2018-01-03,123.44107092734866,123.44107092734866,120.68960195344054,120.97100067138672,8032715,ONGC
2018-01-04,122.12785369573619,125.06692451343201,122.06531641673983,124.75425720214844,12740860,ONGC
2018-01-05,125.66100828653106,125.66100828653106,122.75320569667113,124.09767150878906,6812787,ONGC
2018-01-08,123.81629051251136,125.0044228168503,123.00335336340228,123.44108581542969,4858711,ONGC
2018-01-09,124.128927569704,124.44159489355717,122.87825827429137,123.19092559814453,4598757,ONGC
2018-01-10,124.00387801871886,125.06694514407334,123.34727464834234,123.75373840332031,7673209,ONGC
2018-01-11,123.81627569263262,124.87934281798711,123.19094096691225,123.75373840332031,5701402,ONGC
2018-01-12,124.37906905619607,126.28634181555887,123.59740067464166,125.53594207763672,9291346,ONGC
2018-01-15,124.75427030703385,125.28580860879131,122.56559889813852,122.94080352783203,4500523,ONGC
2018-01-16,123.56615678888892,123.97262058060932,121.94028253830425,123.3160171508789,5778244,ONGC
2018-01-17,122.75320298716724,124.22273380069781,121.37746856149066,122.37799835205078,6306388,ONGC
2018-01-18,122.81574957356405,123.50362166285734,120.8459487916313,121.37748718261719,6247782,ONGC
2018-01-19,121.40871801899733,122.65938731424056,120.06425234335065,121.1273193359375,5046015,ONGC
2018-01-22,123.81628250428132,128.787691938886,123.81628250428132,125.50468444824219,23165754,ONGC
2018-01-23,126.31758782358234,130.50732768955916,125.3170486577452,129.6631317138672,15755015,ONGC
2018-01-24,130.81999880662585,132.57093762705102,130.06959918125762,131.851806640625,16132441,ONGC
2018-01-25,132.82107983391768,133.1024880683523,129.50681372281898,130.3822784423828,10247173,ONGC
2018-01-29,130.06962232729452,130.35102104415174,127.72461711706687,128.28741455078125,7620080,ONGC
2018-01-30,127.47447645161462,130.0696115185378,127.25560550010792,128.06854248046875,7323876,ONGC
2018-01-31,126.94295125309948,127.94349064621892,124.31654727347448,127.22434997558594,11990243,ONGC
2018-02-01,127.59955763998337,129.47556188989682,121.3149414944031,121.87773895263672,10015459,ONGC
2018-02-02,121.31492826666569,123.6599333233667,117.56292017594407,120.50199127197266,12239774,ONGC
2018-02-05,120.31437360849849,120.34564224696837,117.56290517642799,118.03190612792969,7607002,ONGC
2018-02-06,113.8108974002956,116.93757040579823,112.62276547494412,115.96829986572266,5935676,ONGC
2018-02-07,117.59419026727922,119.75159303765547,116.93758693494294,118.81359100341797,8644010,ONGC
2018-02-08,118.81358546535223,119.81412473864243,117.56291614466431,118.00064849853516,4540513,ONGC
2018-02-09,117.1877074627099,118.93864635924656,115.43677810802257,117.15644836425781,7314145,ONGC
2018-02-12,120.06428439954189,121.62762143599426,119.03248577222413,119.43894958496094,14960914,ONGC
2018-02-14,119.43892130588618,120.06425597240914,115.24918094855228,116.15591430664062,4960527,ONGC
2018-02-15,117.0001418548915,118.1882741272609,115.68693499229241,117.75054168701172,5046557,ONGC
2018-02-16,117.31279533595556,118.37586243388967,116.62492333866562,116.87505340576172,4167034,ONGC
2018-02-19,117.18771646503949,117.18771646503949,113.71711658750633,115.87451934814453,4265576,ONGC
2018-02-20,116.18719938451754,117.87560131460587,115.5618646295329,116.9375991821289,5328584,ONGC
2018-02-21,117.5629134778886,119.31385239550364,115.49930723719407,118.90737915039062,4651807,ONGC
2018-02-22,117.25022804140617,117.81302531926572,115.8432253049093,116.37476348876953,8629189,ONGC
2018-02-23,116.96886703313815,119.34514099429701,116.62493101186432,118.68853759765625,4880302,ONGC
2018-02-26,119.0324478149414,120.032977474109,118.50090957530468,119.0324478149414,2721955,ONGC
2018-02-27,119.43893189771738,121.53380703308251,116.3747955767675,117.87559509277344,6611097,ONGC
2018-02-28,117.37533700002582,118.93867395938113,116.49987211952748,117.75054168701172,6147245,ONGC
2018-03-01,117.50041011311002,118.93868212280381,117.15648359192751,118.62601470947266,3450224,ONGC
2018-03-05,118.1882793505537,118.43840945836435,115.18667034756608,116.03087615966797,5082390,ONGC
2018-03-06,116.62493720357908,116.87506730041181,115.37426763571229,115.93706512451172,2906142,ONGC
2018-03-07,115.6869399646097,115.84327366726458,111.80986604713912,113.4982681274414,4482279,ONGC
2018-03-08,113.810925852362,114.24865827419316,112.18505166630209,112.654052734375,3288627,ONGC
2018-03-09,112.7478431458807,114.40497620811693,112.24757350046133,112.4977035522461,2053847,ONGC
2018-03-12,113.12305870719331,115.24920269975243,111.93492643330113,114.96780395507812,4161129,ONGC
2018-03-13,115.47423346664748,116.61378379337239,114.93611918741033,116.23394012451172,2457755,ONGC
2018-03-14,115.72748108382856,116.55049025269945,113.79657755765093,114.33470153808594,4846612,ONGC
2018-03-15,114.65125098015615,114.84116801264362,113.16350315851851,114.14478302001953,5145739,ONGC
2018-03-16,114.14480515779972,114.23976369246017,111.48585992648525,112.15058898925781,8194541,ONGC
2018-03-19,112.49876192923809,112.94191776144909,111.51748209072417,111.96064758300781,5782668,ONGC
2018-03-20,111.67577071887779,112.53043612308278,109.9031471043513,110.21968841552734,3020586,ONGC
2018-03-21,111.23260042377552,112.24553635251308,109.9347792838533,111.13764190673828,4055822,ONGC
2018-03-22,112.05560805295626,115.03109401839309,111.77072284585314,113.25846099853516,8348549,ONGC
2018-03-23,111.54913320254417,113.66996341561261,111.5174771459172,112.30883026123047,6884971,ONGC
2018-03-26,113.60665832280466,113.60665832280466,111.42252552158362,113.25846099853516,4169998,ONGC
2018-03-27,114.30307913732202,114.6512765413,112.21390437352903,113.70165252685547,3823981,ONGC
2018-03-28,113.00523624046444,113.32177751844893,111.48584197016814,112.56208038330078,6229049,ONGC
2018-04-02,113.3850805518465,114.52462133321389,112.94191507012319,113.9231948852539,2235832,ONGC
2018-04-03,112.49876881564023,113.44839265425297,111.67575955682788,112.37215423583984,3552271,ONGC
2018-04-04,113.00525419107798,113.00525419107798,110.59953816423896,111.04269409179688,3353172,ONGC
2018-04-05,111.73908095826057,112.62539275055711,111.07434228400116,112.34050750732422,5375271,ONGC
2018-04-06,113.5433370299276,113.5433370299276,111.6757361441377,112.02393341064453,3633964,ONGC
2018-04-09,112.11890272596573,113.41671398529984,111.6124348476525,112.94190216064453,4046065,ONGC
2018-04-10,113.57501392448417,114.33472076818545,112.8153167408567,114.08148193359375,5180326,ONGC
2018-04-11,114.90449442767267,117.37351275795668,114.17645328568673,115.31599426269531,11607043,ONGC
2018-04-12,115.94907883927867,116.48720293425464,114.58795506032658,115.0627670288086,4277125,ONGC
2018-04-13,115.09441887905297,116.17065736953525,114.65126299003956,115.5375747680664,3050131,ONGC
2018-04-16,115.34765879894073,115.4426269940506,113.82826427793061,114.90450286865234,2308502,ONGC
2018-04-17,115.06275308764714,115.2843358434545,113.51170277721478,114.4613265991211,2721706,ONGC
2018-04-18,114.619608859421,115.82246195845173,114.58795279679936,115.28434753417969,3279393,ONGC
2018-04-19,116.01236482450486,117.91161227047219,115.06274110152118,116.45552062988281,5004280,ONGC
2018-04-20,117.12027665811192,117.12027665811192,114.65125847367301,115.44261169433594,1618027,ONGC
2018-04-23,116.10733659524132,116.32891935327682,113.57500637802713,114.61959838867188,3930421,ONGC
2018-04-24,115.28435012535473,115.88577668838799,114.9044966855052,115.63253784179688,4080212,ONGC
2018-04-25,114.96778446057995,115.50589878296762,113.13183943694852,113.60665130615234,3629856,ONGC
2018-04-26,113.60666129537618,115.09440914705863,112.24553768133971,114.4613265991211,6742459,ONGC
2018-04-27,114.55629616494312,115.85411744538987,113.66998437638503,114.39802551269531,4687951,ONGC
2018-04-30,113.00521103906392,115.18934343805684,112.8785964881212,114.30303192138672,3335191,ONGC
2018-05-02,114.90448665595402,114.90448665595402,113.48005087096286,113.98651885986328,4157973,ONGC
2018-05-03,113.92321718578957,115.44262129182431,113.76494652849892,114.6512680053711,2796713,ONGC
2018-05-04,115.09440853823644,117.2152292665647,113.66997281291191,114.11312866210938,5325720,ONGC
2018-05-07,114.74621657316958,116.80373493930918,114.46133134679572,116.42388153076172,4799480,ONGC
2018-05-08,117.02533700938552,117.8483367635487,113.60668474872095,115.91744232177734,5730645,ONGC
2018-05-09,116.74042555841976,117.59509091767866,115.34764579450506,115.7591552734375,3075560,ONGC
2018-05-10,116.7720946304656,119.87420545853081,116.17066803586437,119.17781066894531,10328901,ONGC
2018-05-11,119.36771866175097,119.65260388183593,117.94328290125293,118.7029800415039,4926216,ONGC
2018-05-14,118.70297125089311,119.33605376423121,117.02530645457617,118.5447006225586,3255344,ONGC
2018-05-15,119.65259552001952,121.55184306795634,116.6137975113061,119.65259552001953,5877427,ONGC
2018-05-16,119.62096694292303,119.62096694292303,111.29593380930577,117.87998962402344,8348946,ONGC
2018-05-17,117.72169379592917,119.90582657895311,117.08861126983106,119.39936828613281,4519306,ONGC
2018-05-18,119.65258261081875,121.39355934192855,116.8670237050717,117.15190887451172,4488003,ONGC
2018-05-21,118.03823334446571,119.4310129496368,117.24688019833752,117.59507751464844,3380355,ONGC
2018-05-22,117.87996976177772,119.33606156970922,116.48719007335012,117.24688720703125,3796268,ONGC
2018-05-23,116.4238966723244,117.34187425235652,110.3463089656558,111.04269409179688,5590802,ONGC
2018-05-24,111.16930399877441,111.48584528617403,98.22275761607136,106.1679458618164,34819270,ONGC
2018-05-25,105.09169771403418,111.54913744878563,103.09749165156197,111.07432556152344,12361678,ONGC
2018-05-28,110.78945808881763,113.19517396790391,109.96644875385729,111.1693115234375,8087040,ONGC
2018-05-29,111.54914169399689,112.30883881051359,109.68155013170538,111.13764190673828,11015160,ONGC
2018-05-30,111.04267615285012,113.00523593507965,109.33335518836775,110.15636444091797,12554659,ONGC
2018-05-31,112.49876689209107,114.17644144099862,110.8211020032566,112.62538146972656,23822373,ONGC
2018-06-01,111.42251226451623,111.42251226451623,108.0038708658836,109.6498794555664,9847581,ONGC
2018-06-04,111.04268978925955,111.04268978925955,107.87727662924561,108.32044219970703,5294603,ONGC
2018-06-05,107.94056458679206,109.0801150012477,107.11755541745899,108.38372039794922,5918946,ONGC
2018-06-06,108.4153913601566,109.0484739374422,107.4974235551072,107.81396484375,3331408,ONGC
2018-06-07,107.68735154348262,109.99809911407988,107.68735154348262,109.30170440673828,5086661,ONGC
2018-06-08,110.15636499270047,110.72613543035757,108.95351199761406,109.96643829345703,4323567,ONGC
2018-06-11,110.18801532356079,110.34628595468912,109.20673547855058,109.71320343017578,3192749,ONGC
2018-06-12,109.42832288668329,111.16929990324273,108.13050172414255,108.51034545898438,4564556,ONGC
2018-06-13,108.1304990274592,108.89019613826976,106.73771938096101,107.62403106689453,5321172,ONGC
2018-06-14,107.30748282412748,108.13049199904084,105.72477658778341,106.67440032958984,4188442,ONGC
2018-06-15,105.3449262106897,106.54778878042292,104.17372935866693,104.74349975585938,7589493,ONGC
2018-06-18,104.39531560920672,105.97802209000169,103.35073319591153,104.20539855957031,4390244,ONGC
2018-06-19,104.71184444657398,105.5981657664074,103.50899152831677,104.33200073242188,4413184,ONGC
2018-06-20,104.45862308625252,104.45862308625252,102.65433391436974,103.03418731689453,5768211,ONGC
2018-06-21,103.63562489991172,103.63562489991172,100.18532648840797,101.1032943725586,12638114,ONGC
2018-06-22,101.70470100249655,101.70470100249655,100.43853598704028,101.00831604003906,5371207,ONGC
2018-06-25,101.51479172545511,101.7363648240261,98.8241908622742,99.17237854003906,5899032,ONGC
2018-06-26,99.01410213915244,100.59680843715726,98.79252905347535,100.21696472167969,5960446,ONGC
2018-06-27,100.24862856373639,100.56516984791607,97.7796007510908,98.91915130615234,7034207,ONGC
2018-06-28,98.9507945142747,100.4068861643902,96.10192332668564,97.17816162109375,17670403,ONGC
2018-06-29,98.22274764879715,100.88170192119203,97.58966513824075,100.28026580810547,7079407,ONGC
2018-07-02,99.93209152984495,100.02705005510828,97.17817837632354,98.44434356689453,9196529,ONGC
2018-07-03,98.15944759674285,102.30614007441345,97.93786484859474,99.83711242675781,12087830,ONGC
2018-07-04,99.90042234099701,100.02703691140199,98.15944543272893,98.76087188720703,5194030,ONGC
2018-07-05,98.76087759504304,99.77381353697014,97.62132707539331,99.01410675048828,6807718,ONGC
2018-07-06,99.33063395434824,99.61552878895927,98.2860517610135,98.41266632080078,3633191,ONGC
2018-07-09,98.76086704049085,100.28026113093112,98.25439912365341,99.64717864990234,4379183,ONGC
2018-07-10,100.34358919764658,101.16659848585651,99.6155480927341,99.99539184570312,5276248,ONGC
2018-07-11,100.02705804960448,100.50187003401716,99.07743408077913,100.09037017822266,6653936,ONGC
2018-07-12,101.03996551498076,101.41980919882847,97.96951168850143,100.62845611572266,8165181,ONGC
2018-07-13,100.69178600520618,100.69178600520618,97.24148788567173,97.55802917480469,3523600,ONGC
2018-07-16,98.57096379255883,98.85584904471904,96.89329868311316,97.36811065673828,3680440,ONGC
2018-07-17,97.01989196747606,99.29899280431351,96.51342404150415,98.85582733154297,3952416,ONGC
2018-07-18,99.33064501239384,104.3320027913804,99.29899861397774,101.4831314086914,16571981,ONGC
2018-07-19,103.00250361303452,104.58520959866833,101.7996509279811,102.40107727050781,8472466,ONGC
2018-07-20,102.40110758813461,102.55937823355676,99.14073615646763,99.99539184570312,5475594,ONGC
2018-07-23,100.0586935983376,100.50184942757855,98.00117542108008,99.10906982421875,4553137,ONGC
2018-07-24,99.52056121826172,100.15364368104973,98.66590568954095,99.52056121826172,3943002,ONGC
2018-07-25,99.86877085491717,101.76801847814856,99.55222958437861,100.69178009033203,4063454,ONGC
2018-07-26,100.7867320178847,103.82552994838859,100.1536495181994,102.90756225585938,8778489,ONGC
2018-07-27,102.87590033239186,103.0658270034814,101.38815267894087,102.11620330810547,3542015,ONGC
2018-07-30,102.21116533926973,105.3765777663767,102.02123866162889,103.88883972167969,9599714,ONGC
2018-07-31,104.96509892938526,105.5665254783566,103.19246568499025,104.90178680419922,6815180,ONGC
2018-08-01,104.61690830142935,106.83269758466689,104.55359617216413,105.8514175415039,4618179,ONGC
2018-08-02,107.24419574184594,108.13051723711276,104.61690664032447,105.3449478149414,7825776,ONGC
2018-08-03,107.87726651429803,108.25711992191306,105.2183216412131,105.59817504882812,12172870,ONGC
2018-08-06,105.78808462210523,107.43409324839004,105.59815794905302,107.14920806884766,5159560,ONGC
2018-08-07,107.62400213395367,107.62400213395367,105.43986990501396,106.07295227050781,4300164,ONGC
2018-08-08,106.10464066062121,109.4599704923594,106.10464066062121,109.20674133300781,7991348,ONGC
2018-08-09,109.23839221779387,109.45996530671124,106.57944753027627,106.9276351928711,4437178,ONGC
2018-08-10,107.24416657533783,108.19379028052703,106.45281348768017,107.14920806884766,4341382,ONGC
2018-08-13,106.92763139679431,106.92763139679431,104.77515474047516,105.12335205078125,3731211,ONGC
2018-08-14,105.31329686673904,105.72479670244948,104.36367294426195,105.24998474121094,3791016,ONGC
2018-08-16,105.02838796442293,105.47155346390923,103.73057650472754,104.11042022705078,4184404,ONGC
2018-08-17,104.14209663993142,104.45863796710447,102.87593133123924,103.22412872314453,4754545,ONGC
2018-08-20,103.82553930594487,107.56072252670263,103.82553930594487,106.801025390625,9674107,ONGC
2018-08-21,107.49741934157603,108.41538711064425,105.59817168416329,107.75064849853516,5181397,ONGC
2018-08-23,108.25713377262788,109.20675775308953,106.92765633595171,108.826904296875,6635245,ONGC
2018-08-24,108.25712015700442,111.73907431410106,108.1305055742156,110.63117980957031,9867693,ONGC
2018-08-27,111.07433208967599,111.99229986031996,110.78944687258968,111.45418548583984,3612496,ONGC
2018-08-28,111.54911991858845,113.00521140937897,109.68152872086782,110.53619384765625,5439278,ONGC
2018-08-29,110.78943802138507,113.13184135039415,110.2196676327326,112.05560302734375,6288920,ONGC
2018-08-30,111.99231013889558,115.15772319720324,111.51749818014943,112.34050750732422,11296260,ONGC
2018-08-31,113.16350958540926,114.74621601317722,112.53042701430208,113.98651885986328,8916222,ONGC
2018-09-03,114.42966186764994,114.42966186764994,111.83401975378773,112.24552917480469,3168480,ONGC
2018-09-04,112.53040616645846,112.78363528395771,109.90311784713519,110.3779296875,2874936,ONGC
2018-09-05,110.2513235122856,110.7894475501298,108.0988466810552,109.96643829345703,3735722,ONGC
2018-09-06,110.15635912876074,111.51748269074797,108.00388241211289,110.472900390625,6809374,ONGC
2018-09-07,110.78946438719228,110.78946438719228,108.32044590202186,108.826904296875,5309239,ONGC
2018-09-10,107.94059307155952,108.44706112942342,106.42119855804253,106.7693862915039,5569685,ONGC
2018-09-11,106.80100200171609,107.62401107726231,105.97799292616986,106.23123168945312,8750333,ONGC
2018-09-12,105.21830866013886,108.13049199904084,105.21830866013886,106.67440032958984,5610743,ONGC
2018-09-14,107.30749948024612,109.71321526491536,106.61110476413243,109.2384033203125,4720460,ONGC
2018-09-17,108.32044307899393,109.87149360797649,108.03554816422059,108.70028686523438,4012086,ONGC
2018-09-18,109.11179302511209,110.53622891494346,108.73193959046075,110.09306335449219,6426239,ONGC
2018-09-19,110.53967081490211,114.01696298575874,110.53967081490211,112.93230438232422,10038603,ONGC
2018-09-21,113.12373392395403,115.83538570568838,112.74090860168354,115.10163879394531,9298030,ONGC
2018-09-24,115.48443548650104,118.29178803500683,114.39977698983516,115.2292251586914,13799885,ONGC
2018-09-25,116.09057981658323,117.81327405391045,114.46358702857658,116.31389617919922,8363857,ONGC
2018-09-26,117.90897254329238,117.90897254329238,114.17646065126426,115.2292251586914,6680285,ONGC
2018-09-27,115.54827058091387,115.96298989673757,111.68815260145735,112.16667938232422,7853039,ONGC
2018-09-28,112.93233131653815,115.48447439713789,109.96546887960226,113.0599365234375,8598293,ONGC
2018-10-01,114.3997713689258,115.54823725894042,111.43290034175055,114.20835876464844,4582462,ONGC
2018-10-03,113.50656220371089,117.0795664922873,113.50656220371089,115.77159118652344,8893914,ONGC
2018-10-04,115.16542977389908,116.47340474616219,104.22312275058401,109.9973373413086,7866152,ONGC
2018-10-05,102.1176146465933,102.1176146465933,92.89800082673065,93.82315063476562,35255036,ONGC
2018-10-08,95.06730546801445,96.24767523553533,92.3237504100624,95.5777359008789,11709162,ONGC
2018-10-09,96.02438914377431,96.91763538108279,92.80230636490893,93.56794738769531,6818577,ONGC
2018-10-10,93.21702911849665,96.63051461830709,93.21702911849665,94.81211853027344,10873198,ONGC
2018-10-11,93.2170236696321,101.83050598973826,93.2170236696321,97.58756256103516,15633772,ONGC
2018-10-12,98.70410184812063,101.03293754634768,98.28938261719063,100.42679595947266,6089606,ONGC
2018-10-15,101.41577086316421,102.65993851012048,99.94828683070084,102.18141174316406,4679911,ONGC
2018-10-16,103.32985579783852,106.67954244903386,102.78753141951113,105.65869140625,8912396,ONGC
2018-10-17,106.29671979067918,106.74334270025697,102.4366030105761,103.4255599975586,5347724,ONGC
2018-10-19,103.68078529461636,104.47832979688265,100.17158948464473,102.37281036376953,7258192,ONGC
2018-10-22,102.7237374905079,103.23416794690775,99.05503258013262,99.50165557861328,5476435,ONGC
2018-10-23,99.11882470059166,100.42678976468201,96.27955876860119,99.15071868896484,8239765,ONGC
2018-10-24,100.77774405695288,101.89430661160402,98.00229440535465,100.65013885498047,8342857,ONGC
2018-10-25,100.17161343787036,103.87222276041273,97.65137415519466,99.11885833740234,32100452,ONGC
2018-10-26,99.53356094192361,100.04399140670478,95.48203068880913,96.85381317138672,9427229,ONGC
2018-10-29,97.30042926551141,99.37404497116985,96.08816551646366,98.83171081542969,5954637,ONGC
2018-10-30,98.89553774936698,98.89553774936698,97.04523803412373,97.58756256103516,4156028,ONGC
2018-10-31,98.25747257500255,98.89550811120387,96.59857628661926,97.77894592285156,7562821,ONGC
2018-11-01,99.21456745957633,99.40598014778665,97.84279437610091,98.41702270507812,5220182,ONGC
2018-11-02,99.21455796060741,101.09676145388708,98.95934755786375,100.39492797851562,7789972,ONGC
2018-11-05,105.27587684369652,105.27587684369652,98.38509023043348,98.86361694335938,15261029,ONGC
2018-11-06,99.50166037347867,100.93724062497832,98.129887582973,99.56546783447266,7749980,ONGC
2018-11-07,100.52252956408084,100.71394222707985,99.91639757762769,100.1716079711914,491522,ONGC
2018-11-09,100.80964123307412,100.80964123307412,98.99123558239386,99.78878021240234,6478458,ONGC
2018-11-12,100.13969604081184,101.06484581131461,99.11884481446975,99.56546783447266,4686739,ONGC
2018-11-13,99.56547072735547,100.80963836767422,99.34215434303971,99.85258483886719,5499454,ONGC
2018-11-14,100.6182275054411,104.5740468811131,100.33111338881973,102.72374725341797,15008061,ONGC
2018-11-15,102.97894997626538,103.3617752603792,100.87344012059359,101.35196685791016,3468318,ONGC
2018-11-16,100.80965210352672,100.80965210352672,97.49186803206028,99.75689697265625,7515249,ONGC
2018-11-19,99.53356346081375,99.85258129241892,97.68326393176439,98.60841369628906,4614296,ONGC
2018-11-20,98.60839236221878,99.40593676868181,97.39611902300528,97.68324279785156,5480470,ONGC
2018-11-21,98.89551505225495,99.2145328427461,96.53478534975054,96.8218994140625,4573137,ONGC
2018-11-22,97.30046201809287,98.44892843494542,96.75812767979602,97.14095306396484,4477092,ONGC
2018-11-26,97.61945008408986,98.00227535122903,92.5789725687796,93.53602600097656,8093330,ONGC
2018-11-27,94.04647212980588,94.33359602559354,92.03666327321378,93.21703338623047,9231112,ONGC
2018-11-28,93.66364650454602,94.55689262650014,90.63297680667324,91.11150360107422,14201939,ONGC
2018-11-29,91.81334256966103,91.81334256966103,87.82561904360465,89.70783233642578,28991042,ONGC
2018-11-30,90.34586688643464,91.68573613179116,88.36795214983066,89.51641845703125,23675557,ONGC
2018-12-03,89.93110977344035,91.23908461185924,89.45258310589564,90.9200668334961,8371191,ONGC
2018-12-04,90.98390505154889,94.39739059298644,90.85629010852797,93.2489242553711,9753442,ONGC
2018-12-05,93.12131033424119,94.49309295812625,90.8562816067142,91.68572998046875,9774733,ONGC
2018-12-06,90.98389533747131,90.98389533747131,88.36794505529203,89.42070007324219,5771659,ONGC
2018-12-07,89.45259967651872,90.25014427016751,88.08082686970349,88.94216918945312,10571838,ONGC
2018-12-10,88.3679316250465,90.1225295453994,86.23050844599265,87.47468566894531,33096556,ONGC
2018-12-11,86.77287564186905,88.65507945314636,85.97533082898423,88.11275482177734,14884397,ONGC
2018-12-12,89.00598369064781,90.92009086679077,88.59126436341118,90.40966033935547,14020937,ONGC
2018-12-13,91.23912167089806,92.00476270282377,90.28206794707745,91.43053436279297,11251819,ONGC
2018-12-14,91.2390927457943,95.96055239222542,89.70781116739795,93.6955337524414,23355616,ONGC
2018-12-17,94.42928197130585,95.64154588613614,93.21701805647557,94.58879089355469,12767531,ONGC
2018-12-18,94.36549047497682,95.03543000890743,93.3446390412454,94.17408752441406,10474177,ONGC
2018-12-19,94.1102641268082,94.9397124696325,93.98265893613953,94.58879089355469,7008346,ONGC
2018-12-20,94.39738944181958,96.18389153014022,94.04646782409806,94.81211853027344,21204077,ONGC
2018-12-21,95.06731648557515,95.2587291370389,94.17407042628017,94.74829864501953,17767999,ONGC
2018-12-24,94.74831149988641,95.51395247396698,93.98267052580584,94.36548614501953,8200455,ONGC
2018-12-26,94.49307943317352,95.35442168076021,92.99369182847123,93.53602600097656,9247671,ONGC
2018-12-27,94.01456090418628,96.5985976076241,93.15320884593913,95.5139389038086,44356763,ONGC
2018-12-28,94.55688429874928,96.66240395580812,94.42927911194457,96.02436828613281,10732729,ONGC
2018-12-31,95.80105708277398,96.2157861318581,95.13112738194586,95.64154815673828,5778308,ONGC
2019-01-01,95.7053521666864,95.76915962905827,94.42928080446391,94.74829864501953,4496586,ONGC
2019-01-02,94.42928259619185,94.6525989830788,92.99370228645245,93.82315063476562,17436694,ONGC
2019-01-03,92.51518967511421,92.92990904491366,90.34587188044192,90.85629272460938,26599483,ONGC
2019-01-04,90.63297320887104,93.28081747185215,90.63297320887104,92.96179962158203,7395898,ONGC
2019-01-07,94.14217497817921,94.68449951344898,92.99370870400097,94.33358764648438,12700566,ONGC
2019-01-08,95.13114168149175,95.13114168149175,93.34463949422523,94.07837677001953,6163846,ONGC
2019-01-09,94.36549901409693,94.55691171763424,92.41949744582207,92.70661163330078,4951441,ONGC
2019-01-10,93.08941143794054,93.79125465273233,91.23911166898452,91.39862060546875,7131028,ONGC
2019-01-11,91.87715076148376,92.83420441524922,91.65383434801053,92.2918701171875,7665486,ONGC
2019-01-14,92.5151872555017,92.6427924632062,90.92009782006201,91.52622985839844,6028078,ONGC
2019-01-15,92.32377908424358,92.83420967563902,91.90905970504004,92.61089324951172,3680774,ONGC
2019-01-16,92.64280928158566,93.9507848032268,92.64280928158566,93.37655639648438,3667241,ONGC
2019-01-17,93.47222839881634,94.0783603559786,92.16425328979123,92.51517486572266,5142302,ONGC
2019-01-18,92.57896668236272,94.23785335130378,92.57896668236272,93.63172149658203,4904282,ONGC
2019-01-21,93.7912449980539,93.91885018697529,91.94094541956392,92.32376098632812,4087312,ONGC
2019-01-22,92.8342010811277,93.15321895425872,91.90905119617831,92.1004638671875,4113351,ONGC
2019-01-23,92.32378061076396,92.86611494852389,91.23912167089806,91.43053436279297,4946218,ONGC
2019-01-24,91.49431912537264,91.84524072146269,89.99494101211884,90.40966033935547,3820645,ONGC
2019-01-25,90.6648969559399,92.16427534181643,90.37777303879044,90.60108947753906,3871762,ONGC
2019-01-28,90.92009613306828,91.20721027898945,89.10169031614568,90.37776184082031,2910523,ONGC
2019-01-29,90.79251716237746,91.68576359349348,89.38884002677118,89.9949722290039,7282910,ONGC
2019-01-30,90.25016096529485,90.28206470207294,88.36795732323041,89.13359832763672,8511453,ONGC
2019-01-31,89.4526038975529,91.11150062488211,88.8464719249084,90.12254333496094,28107358,ONGC
2019-02-01,89.96304962711201,91.43053394404674,89.19740859869289,90.47348022460938,5260578,ONGC
2019-02-04,90.92009480794272,94.07836983835118,90.88819107316021,93.31272888183594,9532350,ONGC
2019-02-05,93.15321767252813,94.55689434786034,90.79248739097132,91.20720672607422,5413425,ONGC
2019-02-06,91.4943184319066,94.26977771053879,90.92009017767701,93.59983825683594,5075180,ONGC
2019-02-07,93.72745037734353,94.62070629348185,92.83420419685841,94.36548614501953,6080631,ONGC
2019-02-08,93.34462190852769,94.6206932682187,91.33480367562323,91.97283935546875,4510762,ONGC
2019-02-11,91.39863478275271,91.65384522645327,87.47471823084392,88.17655181884766,6424512,ONGC
2019-02-12,88.36793742575286,89.93112281936695,87.12376985678048,87.697998046875,6816203,ONGC
2019-02-14,85.17776596884597,85.62438901181437,81.41335436444787,84.31641387939453,25346334,ONGC
2019-02-15,88.04891832139758,89.89921778316645,85.11395048309049,86.13481140136719,37975666,ONGC
2019-02-18,87.28327303959485,88.62314197374661,86.64523743219378,87.47468566894531,10614715,ONGC
2019-02-19,87.53851637010587,89.54833513204733,87.53851637010587,88.78268432617188,9077045,ONGC
2019-02-20,90.34585687749961,92.73849069591166,89.32499588738304,91.90904235839844,14236359,ONGC
2019-02-21,92.51520842862506,94.81214163559795,92.00477774533601,93.7593765258789,13876243,ONGC
2019-02-22,94.81211853027344,96.02438258896254,93.85506488320738,94.81211853027344,18273813,ONGC
2019-02-25,95.06732002167935,95.29063641263546,92.96180024856541,94.269775390625,20216077,ONGC
2019-02-26,94.1102523803711,95.1949109691503,93.15319896633342,94.1102523803711,12458860,ONGC
2019-02-27,94.90783291894036,95.54586877049627,93.47225225293958,94.42930603027344,11868751,ONGC
2019-02-28,95.52075828405438,99.72129445963766,94.6608148976758,98.33213806152344,48854712,ONGC
2019-03-01,99.15901460239152,99.35746695863749,97.80294537107396,98.62982177734375,9764801,ONGC
2019-03-05,98.3983092154226,102.96266372305823,97.80296213832504,102.5326919555664,11194669,ONGC
2019-03-06,102.59882772089686,103.85567581106426,101.07737312657954,102.40037536621094,15648948,ONGC
2019-03-07,102.40038123551838,102.86343002718884,100.21742539626437,100.58125305175781,30210637,ONGC
2019-03-08,100.61430586567542,100.9450563647819,97.24064673730756,99.48974609375,17986042,ONGC
2019-03-11,100.25047374719654,102.06960140970563,99.95280033025398,101.20964813232422,15880368,ONGC
2019-03-12,101.8711751286873,102.92958098568866,99.95282586829195,100.4489517211914,10818012,ONGC
2019-03-13,100.05204323337155,100.05204323337155,96.38071004143887,99.0597915649414,21001041,ONGC
2019-03-14,99.22514547368563,100.87889789824706,98.89439498877334,99.91972351074219,6328309,ONGC
2019-03-15,100.4820022066885,104.15333493415324,100.01895350541022,103.19416046142578,15483879,ONGC
2019-03-18,102.53267689786685,104.05413154154422,101.60657933756222,102.3011474609375,7575127,ONGC
2019-03-19,103.16108897787365,107.95697169493332,102.4003667912704,103.85566711425781,18289779,ONGC
2019-03-20,103.62414910478283,103.88875561588632,99.62207529969231,100.4489517211914,28675956,ONGC
2019-03-22,101.17658819540276,101.50733873549477,98.19983333457473,100.77969360351562,26751005,ONGC
2019-03-25,100.5481653577674,106.20400167788293,99.68821192478222,104.9471435546875,22638399,ONGC
2019-03-26,105.84585386627963,108.5419295340428,105.64614267649475,106.54483795166016,16694599,ONGC
2019-03-27,106.6113712064624,107.44349246207864,104.847278207648,106.57809448242188,10063152,ONGC
2019-03-28,106.51153531220618,106.67795958613151,103.31618722129369,103.78217315673828,25492224,ONGC
2019-04-01,106.84438565349731,107.14394732004489,103.7156112827294,104.68087005615234,20605152,ONGC
2019-04-02,105.9789884663453,106.31183705459244,104.11503434061471,104.84730529785156,10435568,ONGC
2019-04-03,105.5462776918583,105.91241312998409,102.91677616706131,103.48261260986328,8283863,ONGC
2019-04-04,103.3494644165039,104.08173521620262,102.05135723315674,103.3494644165039,10752094,ONGC
2019-04-05,103.84875406702034,104.61430171660099,102.48407289549061,104.21488952636719,6797106,ONGC
2019-04-08,105.04702342145343,106.67797958005421,104.21490189586798,105.24673461914062,13120469,ONGC
2019-04-09,105.5795687338686,105.77926974640447,104.54773615226101,104.88058471679688,8487177,ONGC
2019-04-10,104.48117641149284,106.47826806698261,104.38132589181173,105.18016052246094,9363447,ONGC
2019-04-11,105.18014462175812,106.11211652366828,103.78217661116098,105.5795669555664,5279154,ONGC
2019-04-12,105.84584368416863,106.27854275563372,104.68087370651268,104.91387176513672,5631030,ONGC
2019-04-15,105.37986692030665,105.37986692030665,103.91533513785912,104.14832305908203,3902646,ONGC
2019-04-16,104.18161703890853,107.17725458954807,103.74891790024294,106.81111907958984,8394765,ONGC
2019-04-18,107.07737396861894,107.97605888655404,105.87911725364134,106.91094970703125,9606055,ONGC
2019-04-22,106.97754066359043,107.51010046835498,104.44788920925893,105.11358642578125,5543020,ONGC
2019-04-23,105.18015295130606,109.84003314535127,104.91387814616799,109.0079116821289,10137024,ONGC
2019-04-24,110.30600159871572,113.46806265631224,110.30600159871572,112.26980590820312,33596281,ONGC
2019-04-25,112.07010556724663,113.16850166739654,110.87184881216325,112.4029541015625,134264338,ONGC
2019-04-26,112.83566446682762,113.13522614625506,111.77054498693875,112.1033935546875,8708111,ONGC
2019-04-30,111.83709096051103,113.93403235292875,110.60554750291354,112.63592529296875,9844317,ONGC
2019-05-02,112.70249550658389,114.49987523748695,112.10336215779665,112.43621063232422,22056708,ONGC
2019-05-03,112.40294341673246,114.4333111568711,112.30308277129159,113.33491516113281,12720120,ONGC
2019-05-06,113.16850582237389,114.30018884905132,111.93696213709661,113.26835632324219,18962836,ONGC
2019-05-07,113.43480063995527,114.83276884551574,112.23655378688436,114.30020904541016,9042790,ONGC
2019-05-08,114.10045300496212,114.10045300496212,111.67066320400252,112.43621063232422,8603091,ONGC
2019-05-09,111.43770957572444,113.23510017995659,111.43770957572444,112.76910400390625,6869953,ONGC
2019-05-10,112.10338688386706,112.76908397975163,110.30600675652506,110.70542907714844,6195094,ONGC
2019-05-13,111.3045452733947,111.77053117912996,108.50861968125217,109.24089050292969,7792358,ONGC
2019-05-14,107.84294034412824,110.10630663393667,107.07739267021049,109.27418518066406,7268915,ONGC
2019-05-15,109.57375262675095,109.97316481363166,107.70979861477775,108.34220886230469,5412275,ONGC
2019-05-16,108.77492784703006,111.10486824902169,107.84295574932702,110.47245788574219,5197438,ONGC
2019-05-17,110.83857232082207,111.83711801740604,107.90950900726855,111.4044189453125,5532072,ONGC
2019-05-20,113.16851399161598,117.5621191861481,112.56939062769445,117.1626968383789,7103649,ONGC
2019-05-21,116.56355680602447,117.49552860723887,115.69814861476493,116.33055877685547,7135887,ONGC
2019-05-22,116.39715479889432,118.49409683141332,115.931158651461,117.82839965820312,10347293,ONGC
2019-05-23,118.82693113278486,119.0932059069646,115.16559712029009,115.93114471435547,9247879,ONGC
2019-05-24,115.83131276861462,117.09613338517865,112.3696893610992,116.09758758544922,9263195,ONGC
2019-05-27,115.83131810108077,116.63015274609322,114.86605914845181,115.59832000732422,7461458,ONGC
2019-05-28,115.265468829664,117.42898478058206,114.23364627156671,116.69672393798828,16628505,ONGC
2019-05-29,115.76473010532442,116.26400296689033,113.40151335343164,114.20034790039062,7205487,ONGC
2019-05-30,114.49989000524535,114.49989000524535,111.53754023142321,112.80236053466797,21945960,ONGC
2019-05-31,111.83711972270622,115.79801568133894,110.87186089950312,114.46662139892578,17113729,ONGC
2019-06-03,115.16558561045174,115.29872298423564,111.50425196387668,114.59973907470703,17756361,ONGC
2019-06-04,115.09902737054826,115.49844970350904,113.20179668331417,113.56793212890625,8578302,ONGC
2019-06-06,113.5013750024996,114.5664946081384,112.40297866234296,112.76910400390625,14152285,ONGC
2019-06-07,112.90221736183278,113.23506586802011,110.87183944254404,111.5042495727539,5052519,ONGC
2019-06-10,111.90370388169302,112.50282730126922,108.64178149251926,109.60704040527344,10866149,ONGC
2019-06-11,109.7401720251712,113.4015061094383,109.7401720251712,112.66923522949219,11282418,ONGC
2019-06-12,111.87041323334608,114.13377958433279,110.50573198154548,113.73436737060547,9478876,ONGC
2019-06-13,112.36967769173178,113.30164961160257,111.17142082494642,112.46952819824219,6678516,ONGC
2019-06-14,112.46952422722487,113.83420532849884,112.13667567363277,112.70252227783203,7153585,ONGC
2019-06-17,112.83567248845799,113.13523418918166,108.47535390942232,109.44061279296875,4603627,ONGC
2019-06-18,109.17432324535858,111.1381276380428,108.67505042563894,110.6055679321289,5808715,ONGC
2019-06-19,111.03828349168528,112.56938892466047,109.57375183490853,111.4044189453125,4625698,ONGC
2019-06-20,110.70542201552091,114.9991659785426,110.70542201552091,114.49989318847656,5793816,ONGC
2019-06-21,114.33347829703878,115.46516134907301,113.0353709680074,113.80091857910156,11402911,ONGC
2019-06-24,113.93404763178316,114.4000436994603,109.74016428453697,109.97315216064453,6585159,ONGC
2019-06-25,110.17286144899924,112.13666570914219,110.17286144899924,110.63884735107422,6697367,ONGC
2019-06-26,110.57230823673396,112.60267655684252,110.57230823673396,111.53756713867188,5978575,ONGC
2019-06-27,111.53755389219732,114.36676663709596,111.33784272571694,113.56793212890625,36738164,ONGC
2019-06-28,113.36822988533578,114.03392705417775,110.93842912442294,111.67070007324219,5325984,ONGC
2019-07-01,111.97026376329038,113.43479552929816,106.01227602751358,107.17724609375,15160240,ONGC
2019-07-02,108.50864961047485,110.6721656303156,107.51010375516373,110.27274322509766,10975678,ONGC
2019-07-03,110.37258052920615,111.80382522226532,108.84147517712535,110.70542907714844,8253849,ONGC
2019-07-04,110.7720028264646,112.43624571843512,110.57230180561413,111.23799896240234,8827834,ONGC
2019-07-05,111.2380098234516,111.87042015260114,106.51155548568111,107.51010131835938,14509056,ONGC
2019-07-08,107.47680921632403,107.51009610734658,100.55356250841781,101.4522476196289,10273814,ONGC
2019-07-09,101.45223805391207,103.48261632205208,100.28726808209606,102.11793518066406,15033604,ONGC
2019-07-10,101.88494685087288,102.78363187355541,99.62157053483081,100.95296478271484,5310646,ONGC
2019-07-11,101.85168487522179,102.58395595375835,101.18598758845563,101.91825866699219,6576542,ONGC
2019-07-12,101.85165628195796,102.08465433000933,98.52317078254757,99.65485382080078,13015538,ONGC
2019-07-15,99.85455548777247,100.9862384184211,99.05572107541641,100.32054138183594,8465078,ONGC
2019-07-16,100.52026507498205,102.78363121887563,100.3205539075251,101.35238647460938,12865346,ONGC
2019-07-17,101.45222943079577,102.2843507685081,99.18886345531068,99.7879867553711,8046201,ONGC
2019-07-18,99.82129439470432,100.38714108508883,95.22798771861036,95.46097564697266,15971004,ONGC
2019-07-19,96.193237965014,97.05864628967133,93.46387559287913,95.79381561279297,25660025,ONGC
2019-07-22,95.86039534051812,98.12376172296493,93.63030569137814,97.6244888305664,12077069,ONGC
2019-07-23,97.52463191602475,98.35675334875533,95.96023955939832,96.25981140136719,5519598,ONGC
2019-07-24,96.79235524737159,97.09192707156046,95.12811248068547,95.59410858154297,9202665,ONGC
2019-07-25,96.06010552400056,96.39295411545051,94.12957759895114,95.76054382324219,28004780,ONGC
2019-07-26,96.12665264467796,96.12665264467796,94.12956143883785,94.46240997314453,10055490,ONGC
2019-07-29,94.52900702741407,94.79528185735558,92.09921619156343,93.43061065673828,19155260,ONGC
2019-07-30,94.12957188003772,94.39585683165906,91.93277943612219,92.365478515625,11943745,ONGC
2019-07-31,91.66650236740217,92.99789676680594,90.70124345938108,92.43206024169922,9857785,ONGC
2019-08-01,92.19906122218781,93.0311827133628,89.93569482928508,91.13394165039062,9105690,ONGC
2019-08-02,90.53481286603773,90.76781093283006,88.37129711740079,89.43641662597656,9912972,ONGC
2019-08-05,88.40457436883825,88.47113798228476,86.60719428208114,87.4060287475586,9551686,ONGC
2019-08-06,87.10647009554161,88.20486625372169,86.1079244398391,87.5058822631836,11765339,ONGC
2019-08-07,87.50587666833013,87.77216158746438,85.47549860000474,86.87346649169922,13083927,ONGC
2019-08-08,86.87348537430269,88.33801719580941,85.14267365464929,87.10648345947266,10164125,ONGC
2019-08-09,87.63904362473062,88.13831658915043,86.30764905294446,87.17305755615234,8847432,ONGC
2019-08-13,87.1730295010549,88.87055906530928,83.54498249210724,85.04280090332031,12944927,ONGC
2019-08-14,85.87493741159811,86.40749719453447,83.71142154657723,84.44368743896484,14449993,ONGC
2019-08-16,85.00952719544667,85.94150933486151,84.14412391547525,85.14266967773438,12017531,ONGC
2019-08-19,85.20922819645347,85.54207674409587,83.91112089219443,84.07754516601562,5695238,ONGC
2019-08-20,84.2772652438052,84.44368954526567,82.77944653066103,83.24543762207031,6214250,ONGC
2019-08-21,83.21213853067174,83.57827397175303,79.65066001733216,80.68248748779297,9765538,ONGC
2019-08-22,81.18487256169455,81.38582726580628,77.8356615631017,78.33804321289062,8867462,ONGC
2019-08-23,77.93613659894876,82.69201505351107,77.53423231316003,81.8882064819336,10008179,ONGC
2019-08-26,83.06043540877525,83.76377178506192,80.1131286141077,82.89297485351562,11056410,ONGC
2019-08-27,83.12740842242437,84.66804738622068,82.49106043461151,84.13217163085938,18829260,ONGC
2019-08-28,83.76375639505963,84.36661019483887,80.64898961741179,81.18486022949219,11763326,ONGC
2019-08-29,80.3810574606998,83.22788657909959,80.04613638794689,82.55804443359375,30777971,ONGC
2019-08-30,82.7254990990138,84.23264381944118,80.04613070714291,81.18486022949219,9910931,ONGC
2019-09-03,80.71597789917803,80.71597789917803,78.03660933820946,78.47200775146484,8243808,ONGC
2019-09-04,78.70646404618977,79.97916533797098,77.40027370834292,79.71122741699219,8873226,ONGC
2019-09-05,80.01263147096897,87.01247890549632,80.01263147096897,83.83073425292969,32226347,ONGC
2019-09-06,84.66804658881442,86.10820819610576,83.3953455146851,85.706298828125,15759526,ONGC
2019-09-09,85.27091921538175,87.04599706338855,84.40012225898954,86.67758178710938,9454697,ONGC
2019-09-11,86.54361197966841,87.6823416989441,83.83075408004437,84.23265838623047,11398745,ONGC
2019-09-12,84.56756596865888,85.97423848108379,83.89772386197643,84.33312225341797,8659474,ONGC
2019-09-13,84.56757973471854,86.6106005368624,83.96472071847194,86.30917358398438,13251256,ONGC
2019-09-16,87.71583854932044,89.25647773261628,86.07472711925848,87.54837799072266,18224041,ONGC
2019-09-17,87.5818610817223,88.41916376892804,86.44313147131848,86.87852478027344,11879210,ONGC
2019-09-18,86.87851790613018,87.04597843032124,84.36661004326416,85.0699462890625,12238136,ONGC
2019-09-19,85.069970446071,85.23743101781523,82.82599980679647,83.26139831542969,8680319,ONGC
2019-09-20,83.32836978224157,90.39520184793702,81.4528095987496,89.49092102050781,30270009,ONGC
2019-09-23,92.06979861310744,94.3472679849447,90.39519329012992,91.29948425292969,17685955,ONGC
2019-09-24,91.26600879854924,93.64395088850597,88.95505502362639,89.42394256591797,16012272,ONGC
2019-09-25,88.4191659681519,89.52440145436167,87.54836910760282,88.05075073242188,5824582,ONGC
2019-09-26,88.2852008298615,92.47171442933349,87.88329143592,91.80187225341797,19764328,ONGC
2019-09-27,91.03154518113546,91.16552178951568,87.38090746433868,88.08424377441406,11359611,ONGC
2019-09-30,87.81631454106771,89.0220222972719,86.10821492513762,88.28520202636719,11625597,ONGC
2019-10-01,88.08424524040628,89.32345734168626,84.9024949370456,85.87376403808594,10259184,ONGC
2019-10-03,85.87374839683211,86.97899390717036,83.99819373118434,85.80677032470703,7082143,ONGC
2019-10-04,87.04599371043304,88.92155395480596,85.2709159308011,86.77806091308594,20137433,ONGC
2019-10-07,86.77806619404909,86.9120326008753,83.99821981323315,84.76853942871094,9194007,ONGC
2019-10-09,84.70153345861758,85.17042600574948,83.0269281699103,84.29962921142578,15309757,ONGC
2019-10-10,84.29963691601766,85.13693963689684,83.79725528349014,84.06519317626953,6169256,ONGC
2019-10-11,84.60106568825034,87.0124912984857,84.46709419179946,86.40963745117188,11840486,ONGC
2019-10-14,86.71108124352038,91.39997721118371,86.40965426122415,90.5961685180664,19460416,ONGC
2019-10-15,91.7683759739378,93.20853253039216,90.66314049768026,92.87361145019531,17145941,ONGC
2019-10-16,93.77789751651751,95.92139027269911,92.63916794801288,94.88313293457031,15149481,ONGC
2019-10-17,94.51474611340888,95.050611739742,93.20854554152234,94.71569061279297,9372042,ONGC
2019-10-18,93.84490073056574,96.79220246105659,93.7109241074678,96.12236022949219,17597233,ONGC
2019-10-22,96.12235893368515,97.89743673500881,95.25156200019421,96.62474060058594,11582273,ONGC
2019-10-23,96.62472354868909,97.09361097751979,94.61519723571809,95.05059051513672,7500868,ONGC
2019-10-24,95.05060425145246,95.25155895598657,93.14156011083055,94.24679565429688,6919238,ONGC
2019-10-25,94.84964935299,94.84964935299,92.50520190647804,93.47647094726562,6636201,ONGC
2019-10-27,94.0123579324396,94.34727903626592,93.10806686371616,93.67743682861328,698557,ONGC
2019-10-29,94.14633706860947,96.35681869715714,92.57220357923916,95.21807861328125,8236221,ONGC
2019-10-30,96.45726990902808,96.45726990902808,93.64393491421079,94.14631652832031,7064774,ONGC
2019-10-31,94.17981335029425,95.25155469152567,93.54345511092951,94.91663360595703,22281969,ONGC
2019-11-01,94.14631371474076,96.95964862548104,93.84488679947926,96.5577392578125,8049866,ONGC
2019-11-04,96.55775395026706,100.24188623755549,96.55775395026706,98.7347412109375,11733406,ONGC
2019-11-05,99.2706044308685,99.63901965698952,97.12711159840995,98.03140258789062,7883507,ONGC
2019-11-06,98.03140187000764,99.13663731929701,96.35679650988439,96.89266204833984,6207456,ONGC
2019-11-07,97.0936231577371,97.16061146496479,94.04583915652961,95.15108489990234,7332352,ONGC
2019-11-08,95.08410311114493,96.1223606184675,92.17029552463734,92.6391830444336,8252930,ONGC
2019-11-11,92.7061663199131,93.61045747514989,91.53394234437454,93.17506408691406,7032172,ONGC
2019-11-13,93.17504576023414,94.04583236543004,92.103294247867,92.57218170166016,7969923,ONGC
2019-11-14,92.5721979427407,93.27553435731537,90.8640981419113,91.23251342773438,8178628,ONGC
2019-11-15,91.96932762374571,92.97409083109694,90.52916089395434,90.79710388183594,8390855,ONGC
2019-11-18,90.73012915689498,91.1655327444909,89.22298412033199,89.6918716430664,6851414,ONGC
2019-11-19,90.4286935316018,90.49568183742478,88.95504279231992,89.2564697265625,5821375,ONGC
2019-11-20,88.98852457985016,90.59614148641151,88.58661524272031,89.5578842163086,7657346,ONGC
2019-11-21,89.55790753534518,90.09378338405635,87.48140267543921,87.84980773925781,7946555,ONGC
2019-11-22,87.7493317938886,90.19425183563116,87.615365392598,89.65838623046875,6323556,ONGC
2019-11-25,89.65839971436995,90.1272872998946,87.41442382659676,87.71585083007812,11930938,ONGC
2019-11-26,88.31870759448176,89.35695493862484,86.57711360001518,87.24695587158203,16115025,ONGC
2019-11-27,87.34741595106325,89.12250385592576,86.77805623216737,88.85456085205078,5343104,ONGC
2019-11-28,88.68710199933196,89.4574266515645,87.81631532782315,89.18948364257812,6663638,ONGC
2019-11-29,89.12250588002988,89.3904386690095,87.41440624258776,88.251708984375,9434148,ONGC
2019-12-02,87.78280231952094,88.0507350499783,85.43835515459429,85.80677032470703,15010167,ONGC
2019-12-03,85.80678022785374,86.00772468839895,84.40010767815922,85.5053482055664,7809967,ONGC
2019-12-04,85.00297222094369,87.51487524280711,84.96947806831623,87.11297607421875,5821599,ONGC
2019-12-05,86.6105943669769,87.34741461919192,86.04122443578225,86.3426513671875,4185400,ONGC
2019-12-06,86.74457203709713,86.74457203709713,84.60107886493276,84.76853942871094,5097809,ONGC
2019-12-09,85.0029631963702,85.60582210622893,84.13216642540876,84.60105895996094,3841176,ONGC
2019-12-10,84.66804856858337,85.94074967247191,83.66328534611718,83.8642349243164,6125011,ONGC
2019-12-11,84.4671058447384,86.07472825050354,83.73028039932251,85.73980712890625,6878932,ONGC
2019-12-12,85.80677795441318,85.94074433155377,83.96470705054674,84.33312225341797,9804404,ONGC
2019-12-13,84.70154460294728,85.37138680656248,84.40011765551661,84.73503875732422,6663052,ONGC
2019-12-16,84.73503057801837,85.03645749635288,83.73026736958336,84.13217163085938,6241723,ONGC
2019-12-17,83.83075128687398,84.40011612754107,83.2613864462069,83.93122863769531,8062616,ONGC
2019-12-18,84.13216990293166,84.16566405338757,83.16090086558864,83.79724884033203,6687482,ONGC
2019-12-19,83.79725343976259,84.96947722320188,83.19439447189578,84.19915771484375,6223102,ONGC
2019-12-20,84.40009897790499,84.93597466640487,83.6297795921199,83.83073425292969,8515990,ONGC
2019-12-23,83.66328726210415,84.60106731331354,83.09392244509885,83.4958267211914,10466423,ONGC
2019-12-24,83.6632981424498,84.8020279245513,83.52932662600263,84.4001235961914,9979742,ONGC
2019-12-26,84.40012264251709,86.77806465005415,83.39535927772522,85.73980712890625,23164167,ONGC
2019-12-27,86.74456672999145,87.0124995272515,85.20392759329346,86.00773620605469,8435235,ONGC
2019-12-30,86.00772574362067,86.57709564476345,85.13693403747212,85.706298828125,4023932,ONGC
2019-12-31,85.2039213600018,86.5770998427089,85.2039213600018,86.27567291259766,5102473,ONGC
2020-01-01,86.24218825107934,86.34266049851327,84.96948697517887,85.37139129638672,2574894,ONGC
2020-01-02,85.50534704387972,86.17518404871922,85.13693183625271,85.77328491210938,4759843,ONGC
2020-01-03,87.74932113532996,89.35693819750888,85.77328884861586,86.04122161865234,31381588,ONGC
2020-01-06,86.87853481620367,86.94552312731042,83.79726159344567,84.56758117675781,14611204,ONGC
2020-01-07,84.13218103206131,85.5388486589579,83.99821463349612,84.23265838623047,7193304,ONGC
2020-01-08,83.73027404390304,84.03170098626495,82.5245560534747,82.6920166015625,6236192,ONGC
2020-01-09,83.69677689258086,83.79725423993312,82.25662031899564,82.8594741821289,10135017,ONGC
2020-01-10,83.36184586150621,83.86422742783226,82.85946429518017,83.16089630126953,6550218,ONGC
2020-01-13,83.22790666863224,84.19917596986447,83.22790666863224,84.0317153930664,5737187,ONGC
2020-01-14,84.03170385482343,84.16567536416123,82.92646828810719,83.7637710571289,12432511,ONGC
2020-01-15,83.76376460874982,84.0651915381967,83.22788883363299,83.4958267211914,5714614,ONGC
2020-01-16,83.7302763299291,83.86424272786078,83.09392827401783,83.39535522460938,7322878,ONGC
2020-01-17,83.42884228376388,84.09868443743363,83.06042705504949,83.99820709228516,8561603,ONGC
2020-01-20,84.40011822147082,84.90249987755101,80.38106497282936,82.3236083984375,16106541,ONGC
2020-01-21,82.42408397475678,83.39535311137585,81.98868552677602,82.22312927246094,6497799,ONGC
2020-01-22,81.72075839588967,81.72075839588967,77.70170470428855,77.96964263916016,23639592,ONGC
2020-01-23,78.53898683650985,79.67771637118021,77.96962206917468,78.90740203857422,21105999,ONGC
2020-01-24,79.04138174622048,80.24709978315566,78.57249423768488,79.27582550048828,11172364,ONGC
2020-01-27,79.27581149377902,79.3762888308527,78.23755930532326,78.53898620605469,12078165,ONGC
2020-01-28,78.73995270504504,78.84042494671759,77.43375734790727,78.10359954833984,11611352,ONGC
2020-01-29,78.60598346127647,79.14185928124346,78.00312444143623,78.80693817138672,15562740,ONGC
2020-01-30,78.73995702548808,78.73995702548808,77.03185727646583,77.43376159667969,21142714,ONGC
2020-01-31,77.56772434739233,77.70169073549886,71.50565074150434,72.97930145263672,83360147,ONGC
2020-02-03,69.89802495221151,70.29992920643923,68.02247006231887,69.295166015625,18445537,ONGC
2020-02-04,69.73056606938782,71.6061261141233,69.52961649276686,71.10374450683594,16896688,ONGC
2020-02-05,71.27121613172784,71.94105837899879,70.40041916607929,71.53915405273438,11348275,ONGC
2020-02-06,71.53915682252354,72.20899909572884,71.20423568592088,71.84058380126953,10750236,ONGC
2020-02-07,71.87408445674171,73.51519613025935,71.37170270642103,73.1802749633789,21415595,ONGC
2020-02-10,73.11328288958434,73.11328288958434,70.83581820876466,71.13724517822266,32081049,ONGC
2020-02-11,71.77359781718106,72.10851894081654,71.2042329290989,71.53915405273438,20946852,ONGC
2020-02-12,71.67310739170371,72.20898313602453,71.33818632912565,71.47215270996094,13053367,ONGC
2020-02-13,71.67311943750323,72.47692807858736,69.83105328373563,70.56787872314453,17702073,ONGC
2020-02-14,70.70183932125406,71.2042209219911,68.99373983455219,69.19469451904297,26644685,ONGC
2020-02-17,67.98898687896765,68.92676703043085,66.18041488795986,66.95072937011719,36666416,ONGC
2020-02-18,66.95071308282634,67.15166774871403,64.67325412537622,66.51531982421875,35575369,ONGC
2020-02-19,67.18517272883564,68.45786878302383,66.18040945837741,68.1229476928711,21806183,ONGC
2020-02-20,68.3239035602999,69.73057114091388,68.12294885857347,68.85977935791016,28378025,ONGC
2020-02-24,68.65881978989403,68.65881978989403,65.10865438095229,65.67802429199219,20167769,ONGC
2020-02-25,66.11340813941499,67.15166535873325,65.14213921333476,65.34309387207031,18255196,ONGC
2020-02-26,65.24262189264846,65.97944718428364,63.96992087410241,64.1708755493164,16192058,ONGC
2020-02-27,64.10387461999944,64.43879560570579,61.65895551273404,62.529747009277344,29616674,ONGC
2020-02-28,60.48674458717813,62.094361563051656,59.950868854893805,61.59197998046875,30416954,ONGC
2020-03-02,62.965181446442465,63.63502380225568,59.113587900516464,59.682952880859375,24442896,ONGC
2020-03-03,60.88863622351171,62.965145312793325,60.051333759245836,62.529747009277344,24098468,ONGC
2020-03-04,63.09913673859634,63.56802937121725,60.75468890696392,62.16136169433594,22998427,ONGC
2020-03-05,62.529775044869766,63.23311147439359,61.62548900011839,62.02739334106445,16357817,ONGC
2020-03-06,59.95087859590174,61.29056303379899,58.7116715129449,59.281036376953125,17823038,ONGC
2020-03-09,55.027528249978246,55.26197195739657,49.56831424057389,49.936729431152344,86655504,ONGC
2020-03-11,51.41039246479678,51.84579094750885,47.592293700532615,48.027687072753906,63562895,ONGC
2020-03-12,44.611487039425405,45.817204977176154,41.53021411132812,41.865135192871094,76137223,ONGC
2020-03-13,39.78862681072447,44.87942639457861,33.492109249685534,44.142601013183594,73051747,ONGC
2020-03-16,42.534974240805504,43.673703790457935,40.19052684170598,40.2910041809082,49829392,ONGC
2020-03-17,40.92736197940734,42.20006332397461,39.95609272487733,40.19053649902344,46722476,ONGC
2020-03-18,41.262274136067816,58.14229885797503,38.51592242848268,45.649742126464844,178094829,ONGC
2020-03-19,41.630695476340534,42.8699025755674,38.917832409784154,40.89386749267578,61258526,ONGC
2020-03-20,42.23354618785903,49.836255968945835,42.032594057993315,48.463077545166016,128780492,ONGC
2020-03-23,43.641959305822795,47.13187572322932,43.17423730372151,43.462066650390625,36058875,ONGC
2020-03-24,45.69273034667969,46.55621281869337,43.24618935612403,44.97315979003906,38808651,ONGC
2020-03-25,44.037725035868675,45.332951677670415,43.17423969301944,44.289573669433594,28639475,ONGC
2020-03-26,44.505445176238396,47.20383520903242,42.922391886288004,46.592201232910156,46474588,ONGC
2020-03-27,47.49166424980379,47.49166424980379,45.1890375553699,46.37632751464844,33298637,ONGC
2020-03-30,43.92978138038942,47.239807546195,43.246188811205585,45.58479309082031,32929981,ONGC
2020-03-31,46.772086258399874,50.11809045024756,45.72870840056988,49.146671295166016,45891607,ONGC
2020-04-01,48.211226952846516,48.39111959073027,46.84404180695245,47.311763763427734,21883386,ONGC
2020-04-03,49.65038225069656,51.089523765209506,47.85145535755538,50.26201629638672,39757833,ONGC
2020-04-07,51.23342974738737,53.53605919607749,50.51385907402582,52.456703186035156,30982061,ONGC
2020-04-08,52.09691267385498,54.93921435531298,51.08951273324991,53.57202911376953,30555738,ONGC
2020-04-09,54.68736637456516,55.87465897935899,54.68736637456516,55.62281036376953,19209747,ONGC
2020-04-13,56.702162336177345,56.702162336177345,52.27680229324591,54.0037727355957,22311833,ONGC
2020-04-15,54.039754277051465,55.011173548664864,52.88844234440268,53.50007629394531,22311032,ONGC
2020-04-16,53.24822410540922,55.04715059545683,52.81648284577539,54.29159927368164,24473640,ONGC
2020-04-17,55.98260001768836,55.98260001768836,54.07573665457451,54.90324401855469,14561017,ONGC
2020-04-20,54.219641525717606,54.43551489336627,53.10431043256697,53.24822235107422,15698459,ONGC
2020-04-21,50.15406646617691,50.90961775962467,48.355140043575325,49.902217864990234,27607022,ONGC
2020-04-22,47.41971094164815,47.74351556556593,43.74989866945055,47.02394485473633,73840707,ONGC
2020-04-23,48.57101423032208,49.68635082712166,47.88742437414677,48.463077545166016,38207377,ONGC
2020-04-24,48.319166467590726,50.01015626490116,47.92340044507878,48.64297103881836,31588097,ONGC
2020-04-27,48.93080356197442,50.01015952290033,48.678954935736044,49.254608154296875,16723889,ONGC
2020-04-28,48.786890342190915,50.154070131369586,48.28318761311989,49.79428482055664,20422626,ONGC
2020-04-29,49.93820587006119,51.05353712074951,49.43450310436352,50.729732513427734,18023637,ONGC
2020-04-30,52.240826522301575,58.321201626032845,51.44929992906287,57.49369430541992,54290691,ONGC
2020-05-04,54.68737901853798,56.01858385719557,53.28421820020228,55.08314514160156,28640967,ONGC
2020-05-05,56.774119808054536,58.93283154608027,56.2344418735481,56.45030975341797,61865481,ONGC
2020-05-06,58.53706371606355,58.53706371606355,55.73073744568577,57.02596664428711,38948167,ONGC
2020-05-07,56.34238794400403,56.34238794400403,54.03975841260264,54.39954376220703,20794229,ONGC
2020-05-08,54.97520733255844,55.55086064841108,53.78791447689659,54.6873779296875,18523649,ONGC
2020-05-11,54.6873693076352,56.23444730049992,53.60801333445819,55.44292068481445,15701754,ONGC
2020-05-12,55.37096055960181,55.65878992401516,53.60801462363889,54.90324401855469,14186736,ONGC
2020-05-13,56.846071056788254,56.882051778728524,54.86725212759626,56.27041244506836,20493531,ONGC
2020-05-14,55.40694498309961,55.65879363504502,54.111715501824854,54.795310974121094,13344652,ONGC
2020-05-15,55.58683766161617,56.486301054198954,54.615418295604535,54.795310974121094,16835999,ONGC
2020-05-18,55.37096111921632,55.37096111921632,52.09691784935438,52.456703186035156,13014456,ONGC
2020-05-19,53.536058011380845,56.6302085444321,53.320184618194006,55.51487731933594,42315983,ONGC
2020-05-20,55.55085190498115,56.486295944605125,54.90324271281358,56.12651062011719,12969847,ONGC
2020-05-21,56.66619300842286,56.84608568464007,54.97520294995879,55.406944274902344,17999828,ONGC
2020-05-22,55.37096425144075,55.37096425144075,54.25563293857142,54.795310974121094,12443419,ONGC
2020-05-26,55.40694427490235,56.27042692478946,55.119114894977045,55.406944274902344,11837966,ONGC
2020-05-27,55.550844847940716,56.27041540550413,54.61540641704088,56.09052276611328,11655865,ONGC
2020-05-28,55.766724653936556,58.24924116838228,55.69476868784462,56.73814392089844,18645811,ONGC
2020-05-29,56.162497464263616,60.26404841410374,55.69477539351964,59.868282318115234,40559441,ONGC
2020-06-01,61.16349883955042,62.24285470142484,60.19207966184101,60.4079475402832,25047349,ONGC
2020-06-02,60.767744141618465,61.09155425440206,59.4365394287672,60.659812927246094,15367928,ONGC
2020-06-03,61.91906057310996,62.92645515537696,61.37938255122889,62.09895324707031,23936651,ONGC
2020-06-04,61.16350106708179,61.91905239386565,60.44393046629259,61.09154510498047,15120972,ONGC
2020-06-05,61.23547224915477,63.89788742774633,61.163516269168916,62.56667709350586,18202925,ONGC
2020-06-08,64.76136393949567,66.99203204387831,64.18570517518906,65.44495391845703,32511374,ONGC
2020-06-09,66.16451298145371,66.48832303808175,64.29363056163615,64.7613525390625,16702413,ONGC
2020-06-10,65.19309161563514,65.84070621739029,63.10633589437419,63.50210189819336,17382514,ONGC
2020-06-11,63.53809310198948,64.4375564500364,62.24286368484649,62.53069305419922,14275999,ONGC
2020-06-12,58.68098141099315,60.58783900461151,58.68098141099315,60.371971130371094,20601082,ONGC
2020-06-15,60.443936060048145,61.81112142605075,59.72436539266662,60.515892028808594,17274210,ONGC
2020-06-16,61.52328292931643,61.70317556946063,59.25663456552197,60.371971130371094,13467530,ONGC
2020-06-17,60.1560997811063,60.98360705146362,59.86827044925751,60.58784103393555,15440371,ONGC
2020-06-18,59.72437511287808,60.4079651621902,58.86089236744284,60.1561164855957,18460298,ONGC
2020-06-19,61.52329336449982,62.098952106555856,60.6598107413044,61.70318603515625,21920473,ONGC
2020-06-22,61.95502039695408,62.02697635065481,60.515879363390056,61.05555725097656,19227535,ONGC
2020-06-23,61.52330793349234,62.24287878651565,60.7317810931447,61.63124465942383,23440997,ONGC
2020-06-24,62.062962669766655,62.35079200041561,59.40055371351152,59.79631423950195,33080229,ONGC
2020-06-25,59.184675213115824,60.443923621905526,57.56564154467193,58.71695327758789,121277435,ONGC
2020-06-26,59.796317095911256,61.01959043713187,59.36457582425792,60.5518684387207,23684852,ONGC
2020-06-29,60.407945033542426,60.515881713228396,58.71695535142085,59.2926139831543,14299071,ONGC
2020-06-30,60.084149222144056,60.12012995056776,58.033373969425796,58.537071228027344,25762293,ONGC
2020-07-01,56.84607119832804,58.249231519293836,56.34237402923453,57.88944625854492,35344784,ONGC
2020-07-02,58.53706529770344,60.55186510776929,58.35717265358642,58.8968505859375,35154027,ONGC
2020-07-03,59.3285892164579,59.976203804686136,58.71695535142085,59.2926139831543,16786174,ONGC
2020-07-06,59.760333293458146,61.09153764437148,59.58044066522966,60.26403045654297,17510294,ONGC
2020-07-07,60.26403646887961,60.300017194069916,58.86087602466384,58.968807220458984,20123433,ONGC
2020-07-08,59.00478052400519,59.652395066758295,58.28521002981,58.50108337402344,18626174,ONGC
2020-07-09,58.71695257789731,59.18467450785172,57.493684905604844,57.70955276489258,17348038,ONGC
2020-07-10,57.56564921337109,57.67358590362378,55.910634602531424,56.522274017333984,17773167,ONGC
2020-07-13,56.99000352947443,57.24185769416245,56.41435019991886,56.77413558959961,9360631,ONGC
2020-07-14,56.48629409082422,56.81009867628131,55.51487484456475,55.65878677368164,9303879,ONGC
2020-07-15,56.12652027567879,56.270432234276086,54.57944201625594,54.867271423339844,14377090,ONGC
2020-07-16,54.97520365263765,55.191071572924194,53.967803554967155,54.795310974121094,10604062,ONGC
2020-07-17,54.90323596260195,58.033366802827736,54.90323596260195,57.8174934387207,24934060,ONGC
2020-07-20,58.28521421495813,58.46510685142405,56.98998503644847,57.781517028808594,15570346,ONGC
2020-07-21,57.99739341511333,59.65240810958121,57.81750075223153,59.32859802246094,20976092,ONGC
2020-07-22,59.544460112721076,60.08413799893909,58.78890887606091,59.4365234375,17882873,ONGC
2020-07-23,59.36457841111238,60.33599768713473,59.04077381573439,59.47251510620117,14673501,ONGC
2020-07-24,59.07674382932277,59.29261720040814,57.745539347330734,58.28521728515625,10000280,ONGC
2020-07-27,58.573049101408586,59.004790372006624,57.63760510687275,58.14130783081055,8510736,ONGC
2020-07-28,58.28522089865863,58.465113555753256,57.06195302637047,57.49369430541992,10616766,ONGC
2020-07-29,57.4217335042264,58.06934262331174,57.06194822033999,57.20586013793945,9905015,ONGC
2020-07-30,57.56565550837397,57.853484883893586,55.766728773737285,55.910640716552734,9668266,ONGC
2020-07-31,56.09053401550752,56.738148745176325,55.514880747937646,56.34238815307617,10963756,ONGC
2020-08-03,56.37834775633177,56.48628442965251,54.363553643856136,54.61540222167969,11874183,ONGC
2020-08-04,54.90325201231389,55.91064669960168,54.61542260599339,54.759334564208984,13360346,ONGC
2020-08-05,55.04715942609501,55.76673013754723,54.903247479760104,55.37096405029297,9077292,ONGC
2020-08-06,56.01857342228935,57.52967067360598,55.44292020220547,56.16249084472656,26386380,ONGC
2020-08-07,56.234445340006275,57.13390861962925,56.19846461286608,56.59423065185547,11786462,ONGC
2020-08-10,57.205869431483215,57.385762102651405,56.7741281186573,56.88206481933594,7067852,ONGC
2020-08-11,57.24184178260435,57.565646347353066,56.270417108582485,56.45030975341797,10835360,ONGC
2020-08-12,56.45031971858685,56.918041775703585,55.91064168881111,56.19847106933594,10481019,ONGC
2020-08-13,56.52227900194528,57.16988822079685,56.414342302173814,56.55825424194336,7316635,ONGC
2020-08-14,56.63020516525285,56.81009781887804,55.37095658987656,55.4788932800293,11635634,ONGC
2020-08-17,55.766721409735034,57.421735983011395,55.6947654478291,57.06195068359375,13610411,ONGC
2020-08-18,57.38576009485234,58.93283811074768,56.95401879713208,58.03337478637695,28329507,ONGC
2020-08-19,58.17728655262732,58.788920513437695,56.91803790218133,57.24184799194336,12081197,ONGC
2020-08-20,56.846079545375396,59.90425471079116,56.054552953480716,59.112728118896484,37457277,ONGC
2020-08-21,59.688377215279665,60.048162504075535,58.03336818075137,58.321197509765625,17027574,ONGC
2020-08-24,58.5010876874289,58.89684819448417,57.99738501042092,58.46510696411133,9797861,ONGC
2020-08-25,58.57304490226471,59.36457142326402,57.709556933084606,57.92543029785156,22479622,ONGC
2020-08-26,58.42912641941953,59.07674101190244,58.10532186812189,58.57304382324219,15967425,ONGC
2020-08-27,58.860872664639714,58.9688038542737,57.56564349015618,57.673580169677734,16308382,ONGC
2020-08-28,57.8174934387207,58.86087404538776,57.56564484052096,57.8174934387207,14666431,ONGC
2020-08-31,58.28521736094625,61.52328499210993,58.213261400453526,58.968807220458984,93192019,ONGC
2020-09-01,59.544468277823036,59.580449004459744,56.12650786308395,57.09792709350586,38005204,ONGC
2020-09-02,58.3931508948152,58.82489212435589,57.20585839616261,57.781517028808594,31151170,ONGC
2020-09-03,57.92544011615596,58.50109885984962,56.702172148167755,56.88206481933594,19975929,ONGC
2020-09-04,56.52226446025531,56.91802493774713,55.6587765741249,56.054542541503906,12855650,ONGC
2020-09-07,56.27041796664425,56.37835465316902,54.65138413843647,55.01116943359375,16573385,ONGC
2020-09-08,55.08313176962113,55.15508773183121,53.248224538880194,53.57202911376953,17905003,ONGC
2020-09-09,53.212245569639485,53.212245569639485,51.017558455390336,52.312782287597656,28166106,ONGC
2020-09-10,52.888435542183714,53.536050136596145,52.27680167130605,52.99637222290039,18646363,ONGC
2020-09-11,52.852457104921726,53.03234975060204,52.240823207586224,52.74452590942383,11510019,ONGC
2020-09-14,53.1402841372642,53.787898731676634,52.70854290428513,52.99637222290039,11989916,ONGC
2020-09-15,53.068339794713474,53.50008112218422,52.70855444017304,53.10432052612305,8883202,ONGC
2020-09-16,53.4281187825137,53.57203071122513,52.20485091880199,52.56463623046875,10284798,ONGC
2020-09-17,52.564648328165724,53.46411181434317,52.42073087644366,52.63660430908203,16070680,ONGC
2020-09-18,53.10432214789966,53.82389287895581,52.49268263459073,53.464107513427734,25690567,ONGC
2020-09-21,53.24823175515853,53.32018772712018,51.01756368501478,51.19745635986328,13686080,ONGC
2020-09-22,51.089506684447365,51.30538003540702,49.47047302191206,50.01015090942383,18042069,ONGC
2020-09-23,50.15406767147833,50.477877729261074,48.4990586168444,48.678951263427734,17014238,ONGC
2020-09-24,47.52764362621095,48.46308217723375,47.13187757277429,47.95938491821289,32950752,ONGC
2020-09-25,48.930807815556015,49.830271194518446,47.599603112669385,49.57842254638672,20235576,ONGC
2020-09-28,49.97418942799883,53.03236530131499,49.83027746521033,51.7011604309082,28336496,ONGC
2020-09-29,52.16887683730214,52.31278878434605,49.578423361289744,49.75831604003906,20797874,ONGC
2020-09-30,49.93820173529923,50.69374758645553,48.64297243347686,49.830265045166016,20069170,ONGC
2020-10-01,48.57102326231579,49.93820871878838,47.95938925254589,49.75831604003906,20869186,ONGC
2020-10-05,49.650372892186724,50.154070131369586,49.21863161718882,49.79428482055664,12608039,ONGC
2020-10-06,50.3699398328442,50.51385175069722,49.65036926380357,49.902217864990234,10028285,ONGC
2020-10-07,49.866249900643965,52.780507836205615,49.722332471920964,50.729732513427734,50074263,ONGC
2020-10-08,51.01755951774217,51.08951548382624,49.110696222128745,49.254608154296875,21348017,ONGC
2020-10-09,49.65037145273867,50.80168331598399,49.110693502165425,50.5858154296875,25747313,ONGC
2020-10-12,50.585823460263704,50.80169138082955,49.50646738776779,49.75831604003906,10564850,ONGC
2020-10-13,49.72232437133789,50.190046331183076,49.50645649825465,49.72232437133789,9070661,ONGC
2020-10-14,49.29059105488791,49.50646445254357,47.95938640904748,48.21123504638672,24825690,ONGC
2020-10-15,48.211235053953274,49.29059106262387,47.27579098381667,47.527645111083984,17333956,ONGC
2020-10-16,47.959387227250645,48.6070019413776,47.49166518427626,48.39112854003906,18590744,ONGC
2020-10-19,48.46307187723308,50.693739320059684,48.46307187723308,49.86623764038086,25987617,ONGC
2020-10-20,50.010150943152745,50.190043572444665,48.391117279525496,48.499053955078125,18530340,ONGC
2020-10-21,48.930807696280795,49.36254901915258,48.211236994864905,48.786895751953125,19589424,ONGC
2020-10-22,48.49905951875162,49.722327342311495,48.42710355675775,49.54243469238281,26354156,ONGC
2020-10-23,49.79428347599764,50.08211281485358,49.36254221265773,49.65037155151367,13177360,ONGC
2020-10-26,50.01015478610287,50.01015478610287,48.678950325025895,49.074710845947266,14224945,ONGC
2020-10-27,49.00274986659603,49.25459844317953,47.85143816658056,48.10328674316406,17088331,ONGC
2020-10-28,48.391125878458396,48.49906257319099,47.563618538692964,47.74351119995117,15025477,ONGC
2020-10-29,47.527639866539964,47.74350775052053,46.12447391617056,46.34034729003906,29901005,ONGC
2020-10-30,46.772086420700795,47.41970102296496,46.196427776490935,46.700130462646484,25849220,ONGC
2020-11-02,47.059915665012284,47.52763762642365,46.1964277001249,47.27578353881836,12847852,ONGC
2020-11-03,47.49165760843923,48.03133553580786,47.27578424153668,47.7075309753418,10809489,ONGC
2020-11-04,47.7075442402937,48.13928560425555,47.20384140743046,47.81547546386719,12479581,ONGC
2020-11-05,48.13927381915583,49.002756335688154,47.63557110960535,48.64297103881836,17947631,ONGC
2020-11-06,48.71493181090388,49.07471714330313,48.35514647850462,48.93080520629883,10496588,ONGC
2020-11-09,49.398525576353315,49.398525576353315,48.78689162980629,49.254608154296875,8473527,ONGC
2020-11-10,49.68635059142067,51.08951102212966,49.29058457768848,50.90961837768555,33795453,ONGC
2020-11-11,51.41332128436885,52.31278460627795,50.76571208450505,52.060935974121094,23531793,ONGC
2020-11-12,52.168884424754346,52.45671385059299,50.90963549036372,51.485294342041016,16446681,ONGC
2020-11-13,51.23342730405235,52.16887133076623,50.40592546106117,51.917022705078125,16264536,ONGC
2020-11-14,53.248236759272714,53.248236759272714,52.16888060874691,52.276817321777344,5387569,ONGC
2020-11-17,52.312783919702845,52.744530700463535,51.08951601391653,51.305389404296875,18852045,ONGC
2020-11-18,51.55723392335617,51.881038493226825,51.017555980313126,51.773101806640625,14032869,ONGC
2020-11-19,51.44930069172118,53.3921392211875,51.413319963813606,51.917022705078125,27903903,ONGC
2020-11-20,52.13290434561355,52.31279705279632,50.87365539533409,51.5572509765625,14790440,ONGC
2020-11-23,51.80908562155331,55.98259749257818,51.66517369078207,55.04715347290039,44111534,ONGC
2020-11-24,55.22705666324364,56.16250086131293,54.25563722056509,54.759334564208984,31379070,ONGC
2020-11-25,55.550849227446115,58.86087844510332,55.51487399066434,58.14130783081055,87040163,ONGC
2020-11-26,58.39314804402204,58.644996624801394,57.16987488184226,57.70955276489258,30469713,ONGC
2020-11-27,58.141312344741245,58.39316098131892,56.12651227234276,56.486297607421875,44245938,ONGC
2020-12-01,56.48628830390941,59.004785234656964,55.44291319998334,58.68098068237305,42923229,ONGC
2020-12-02,58.644997117734285,61.19947464826539,58.24923113754923,61.05555725097656,52652362,ONGC
2020-12-03,61.45133637108682,64.04178968743221,61.16350700485099,63.8259162902832,53618786,ONGC
2020-12-04,64.58147115108078,65.48093453758608,62.78254437807018,64.65342712402344,44126894,ONGC
2020-12-07,65.58885677800532,67.63963174901384,65.30102745981922,65.8766860961914,46638129,ONGC
2020-12-08,66.92006689654895,67.24387147589958,64.79733578772117,65.30103302001953,34326971,ONGC
2020-12-09,65.84070551489798,66.81212466222223,65.40896428163028,65.62483215332031,25763702,ONGC
2020-12-10,65.48092455773445,66.34440708122192,63.825909982847506,65.94864654541016,25329334,ONGC
2020-12-11,66.63224177843007,75.12317773185424,66.63224177843007,69.6544418334961,146821189,ONGC
2020-12-14,70.69780329060671,73.79195870945844,70.12214468108958,73.03640747070312,75021883,ONGC
2020-12-15,73.75598275187143,73.75598275187143,71.3813976965878,72.2808609008789,33553433,ONGC
2020-12-16,73.32424501498134,74.54751283530591,72.42478176771682,74.04381561279297,34618175,ONGC
2020-12-17,75.62686023375551,75.98664549223189,72.46074886118598,73.03640747070312,41881430,ONGC
2020-12-18,73.03642207444317,73.6120807990641,70.6258614586338,71.23749542236328,36480527,ONGC
2020-12-21,71.16554423827738,71.20151947980428,64.00581238776185,64.65342712402344,58724337,ONGC
2020-12-22,64.0777638555317,66.41636829566224,62.31481259903898,65.15711975097656,58602960,ONGC
2020-12-23,65.1211398667948,65.69679854776037,63.538086728971585,65.3370132446289,29216106,ONGC
2020-12-24,66.56027790816502,68.7189896241055,66.30842930594952,67.02799987792969,46351620,ONGC
2020-12-28,67.63963946963834,68.46714679517008,67.13594222273464,67.4957275390625,17759262,ONGC
2020-12-29,67.78354568457618,68.10735573589993,66.20049262217493,67.02799987792969,17678810,ONGC
2020-12-30,67.27985298218101,67.99942360231128,66.7401750170833,67.09996032714844,15960705,ONGC
2020-12-31,67.13593970953521,68.7549735724029,66.59626175524599,66.95604705810547,43701316,ONGC
2021-01-01,67.45976149136659,67.96345884787968,66.92008339943565,67.06399536132812,15130377,ONGC
2021-01-04,67.67562430837313,70.01422900656938,67.42377017973344,69.76237487792969,39545073,ONGC
2021-01-05,69.43856356535318,69.43856356535318,67.89148566255164,68.32322692871094,26998014,ONGC
2021-01-06,71.16554099078058,71.45337035930554,69.25867760042746,69.76237487792969,50306161,ONGC
2021-01-07,70.51792459586615,71.2734759839201,69.87030990466111,70.44596862792969,25285200,ONGC
2021-01-08,71.20150848857014,72.89250378607562,70.9136846412303,72.4247817993164,36022114,ONGC
2021-01-11,73.03641040085455,74.0438102629818,70.55389421372635,73.79196166992188,36301647,ONGC
2021-01-12,73.3962000377893,75.19512650930373,72.49673680203207,74.4395751953125,28353142,ONGC
2021-01-13,75.518928879841,77.64166534836724,74.90729499530852,75.73480224609375,42401579,ONGC
2021-01-14,76.99404936294376,77.31785391664593,74.97924961356587,75.59088897705078,24455634,ONGC
2021-01-15,75.73482391937038,76.34645797893613,72.42479945887696,72.9644775390625,28185982,ONGC
2021-01-18,72.9644615869109,73.28826616827341,69.1147598878886,69.54650115966797,33623461,ONGC
2021-01-19,70.33804086166897,71.23750429979772,70.15814817404322,70.58988952636719,26085121,ONGC
2021-01-20,71.23749143960309,71.81315013204,70.4099841279331,71.12955474853516,18486566,ONGC
2021-01-21,71.273469928288,72.10097172408263,67.5676802505879,68.1433334350586,26939349,ONGC
2021-01-22,68.07138563722378,68.68301962090484,66.56028829816216,66.74018096923828,27311961,ONGC
2021-01-25,66.95604613391882,67.4597433550144,64.76135362081382,65.73277282714844,28522112,ONGC
2021-01-27,65.7687521005583,66.02060070554465,63.969825650815935,64.54547882080078,34022621,ONGC
2021-01-28,64.04178753554739,65.76875818504544,63.89787560220936,65.22908020019531,26810222,ONGC
2021-01-29,65.30101994330573,66.88407277627957,63.142308540221244,63.5380744934082,33858273,ONGC
2021-02-01,64.04178884405307,65.62484210266979,63.646022784454665,65.37299346923828,24228098,ONGC
2021-02-02,66.56026995813899,67.60364496693335,65.62482613034003,66.81211853027344,22141489,ONGC
2021-02-03,68.07136864847737,68.57507129571331,66.9200569389038,67.17190551757812,25912911,ONGC
2021-02-04,67.8195411878307,70.94967276006047,67.63964850563485,70.26608276367188,49670027,ONGC
2021-02-05,71.20152141715684,71.9210921459402,69.65444874218382,70.26608276367188,30514219,ONGC
2021-02-08,71.59727876000329,72.53272278900388,71.30944940570402,71.70521545410156,29096831,ONGC
2021-02-09,71.81315315704755,74.36762567385477,71.81315315704755,72.6766357421875,39638657,ONGC
2021-02-10,73.39620300292968,73.75598831176758,70.9496618048544,71.95706176757812,21467230,ONGC
2021-02-11,71.95706825642438,72.20891689734414,71.16554160358145,71.5613021850586,11287104,ONGC
2021-02-12,71.16554825455754,71.52533362946441,69.47455809047307,69.7983627319336,18187705,ONGC
2021-02-15,69.79835296517261,71.41738692570496,68.79095295841925,70.84172821044922,26118576,ONGC
2021-02-16,71.4173739513719,75.44696775644411,71.4173739513719,74.65544128417969,76236798,ONGC
2021-02-17,74.6554380384226,75.75331212722294,73.7771410010129,74.83841705322266,21014091,ONGC
2021-02-18,75.89970392095432,84.53631688384367,75.64353438054599,81.02311706542969,110000964,ONGC
2021-02-19,81.02312236715963,82.12099668424352,76.00949743595874,76.92439270019531,48225988,ONGC
2021-02-22,77.50992862393282,79.44950771897177,77.07078000982983,77.80269622802734,36592043,ONGC
2021-02-23,80.32779466701228,83.73120576288558,80.10821759602295,82.12098693847656,90860972,ONGC
2021-02-24,83.43844324351623,84.42652895458454,81.24269473710791,83.14567565917969,26071364,ONGC
2021-02-25,84.90228902337472,88.19591230445391,84.42654232151433,87.13463592529297,62038881,ONGC
2021-02-26,84.53632158846469,86.65887969754466,80.54738050904692,81.2426986694336,55154985,ONGC
2021-03-01,83.65802956882871,86.10994788834658,83.07249433547616,85.6707992553711,41672980,ONGC
2021-03-02,84.82908683571819,85.37802397367484,82.52354973948475,83.0724868774414,36303917,ONGC
2021-03-03,83.47503645548069,84.75588967677169,82.85290328073499,83.43843841552734,19434630,ONGC
2021-03-04,83.401833559861,85.63417979673993,82.19417651716813,82.4869384765625,38272786,ONGC
2021-03-05,85.08524405036636,86.54907620607159,83.07247483627167,84.13375091552734,57756103,ONGC
2021-03-08,87.06141893772299,89.54993482530423,85.7805657468876,86.54907989501953,63866178,ONGC
2021-03-09,87.39078892515404,87.50057746383922,83.58482161655571,85.45121002197266,26817643,ONGC
2021-03-10,85.56099917898925,85.63418967728262,83.1456736467684,83.73120880126953,23841269,ONGC
2021-03-12,85.45121017247273,85.92695678489505,83.43844076798193,84.20695495605469,20691698,ONGC
2021-03-15,84.90227335944164,85.52440096982902,82.56014391419131,83.69461059570312,19679802,ONGC
2021-03-16,83.29206545592535,85.12185594850651,83.03589031970205,84.2435531616211,20680669,ONGC
2021-03-17,84.02396474235967,84.06055719440026,79.59587040787713,80.03501892089844,31017863,ONGC
2021-03-18,80.51078451639953,82.12099797309646,78.68099395920864,80.65716552734375,26710696,ONGC
2021-03-19,77.76610301091121,82.88951685633594,76.44865150274224,80.87674713134766,50386785,ONGC
2021-03-22,80.87674330101213,81.42568047273845,79.44950888815475,80.218017578125,15825065,ONGC
2021-03-23,80.21802016075732,80.73036488797686,78.02227140315952,78.4248275756836,15815643,ONGC
2021-03-24,76.85118444162661,77.58310048392782,75.27756383386378,76.70480346679688,31083656,ONGC
2021-03-25,77.58311357685163,78.82736882511367,74.14310983113154,74.65544891357422,37295495,ONGC
2021-03-26,75.38736789841401,76.1192840916025,73.37459836714568,74.9482192993164,26637085,ONGC
2021-03-30,76.1558825581375,77.80269400196393,75.09460072166956,75.75332641601562,31843017,ONGC
2021-03-31,75.240990193528,76.26566844167304,74.58226447395073,74.76524353027344,19587582,ONGC
2021-04-01,75.38736443567375,77.03417579470546,74.03332065728533,76.37545013427734,22299747,ONGC
2021-04-05,74.7652329729789,76.48523474272235,72.7524636376441,75.71672058105469,24878516,ONGC
2021-04-06,75.13119966060293,76.41205302106692,74.14311389934622,76.08268737792969,15156974,ONGC
2021-04-07,76.04609458619238,77.10737084659986,75.71672894449259,76.59503173828125,10330347,ONGC
2021-04-08,75.9729017843288,77.36353806028782,75.60694369400753,75.8265151977539,26105970,ONGC
2021-04-09,75.38735008203436,76.77799163725604,75.38735008203436,75.97288513183594,17645822,ONGC
2021-04-12,73.81375114457427,74.8384349898573,71.32523483005198,71.76438903808594,27005598,ONGC
2021-04-13,71.76438244944892,75.02140716085006,71.76438244944892,74.69204711914062,25505623,ONGC
2021-04-15,76.30226503732995,78.13205556580309,75.9729049758358,76.92439270019531,28659714,ONGC
2021-04-16,76.55844480755906,78.93717281190149,76.26567716713203,78.53462219238281,21627285,ONGC
2021-04-19,76.08268555645077,77.54651793336431,74.5822607205608,75.42396545410156,19166492,ONGC
2021-04-20,75.60695356536301,76.85120900127626,74.80184119427769,75.277587890625,23082015,ONGC
2021-04-22,74.94820936717315,76.44863401392669,74.39927229502698,75.4605484008789,14844968,ONGC
2021-04-23,74.65545170522553,75.863114540802,74.36268411113466,74.9482192993164,12790334,ONGC
2021-04-26,77.03417438004863,77.36353441217574,75.02140497819462,75.24098205566406,11797791,ONGC
2021-04-27,75.24098281785618,76.119279968477,75.24098281785618,75.53374481201172,8886250,ONGC
2021-04-28,75.93630825132591,76.41205491381238,75.60694818410784,76.04609680175781,6887787,ONGC
2021-04-29,76.77801144997036,77.50992765905669,75.78992568451933,76.1558837890625,14990087,ONGC
2021-04-30,76.22907347627785,82.48695364645934,75.60694582203675,79.15673828125,81358264,ONGC
2021-05-03,79.1567276573474,81.02311036957688,77.58310691906055,78.82736206054688,33975507,ONGC
2021-05-04,79.04696040125118,80.73037012490911,78.82738327761642,80.25462341308594,30811922,ONGC
2021-05-05,82.26738073015281,83.43844551530655,80.8767388547489,81.31588745117188,47588366,ONGC
2021-05-06,82.19418645517102,82.59673699004843,80.10822094577765,80.69375610351562,26083818,ONGC
2021-05-07,81.13290343243969,82.2307776482618,80.25460629341279,81.57205200195312,28016564,ONGC
2021-05-10,83.32865159308321,84.133758231919,82.34056591887214,83.36524963378906,33477142,ONGC
2021-05-11,82.37717632201053,86.87845680049267,81.05972483596639,86.4393081665039,48355326,ONGC
2021-05-12,86.87845035412248,88.67164838729848,83.21886936896016,84.2435531616211,49718697,ONGC
2021-05-14,84.90228390102469,84.90228390102469,81.64525886431477,82.66993713378906,23626454,ONGC
2021-05-17,83.40183712157098,84.46311881396558,82.15758198877916,83.62141418457031,19960145,ONGC
2021-05-18,84.17037233351508,86.00016303641759,83.65803317033361,84.97547912597656,29395737,ONGC
2021-05-19,83.80440038769807,84.75589363009756,82.99929372786313,84.09716796875,25295575,ONGC
2021-05-20,83.03588130891953,83.95077645592868,81.38907004430305,81.8282241821289,21131045,ONGC
2021-05-21,81.27930414301659,83.47505295641737,81.27930414301659,82.5235595703125,20562816,ONGC
2021-05-24,82.88951455996178,83.40185369667921,81.13291445909405,82.74313354492188,24785960,ONGC
2021-05-25,83.73121299023065,85.70738446340232,83.21886830839095,83.87759399414062,25820379,ONGC
2021-05-26,84.4631225616336,84.4631225616336,82.7065227319277,82.96269226074219,12045621,ONGC
2021-05-27,82.7065348067171,83.18228147773058,81.46227943706131,81.86483001708984,22821449,ONGC
2021-05-28,82.85291687733354,84.57292452401953,81.86483106128867,82.23078918457031,19331994,ONGC
2021-05-31,82.3405691521531,83.69461295028417,81.53546248170304,83.1822738647461,16430926,ONGC
2021-06-01,83.69462121095816,86.69547668831727,83.58483265777036,86.07334899902344,51620011,ONGC
2021-06-02,86.3660997524383,87.39078340868934,84.90226755324443,86.18312072753906,27162991,ONGC
2021-06-03,86.95164886249742,90.61122994957093,86.69547371914021,89.65973663330078,64241347,ONGC
2021-06-04,91.1967657226786,92.73378876607921,90.28187038921659,91.81889343261719,72354379,ONGC
2021-06-07,92.91674213520271,93.31929820422405,91.41631755373751,91.59929656982422,28709907,ONGC
2021-06-08,92.03845008425958,92.14823861668238,89.76951127852061,91.34313201904297,15261479,ONGC
2021-06-09,92.9533474067624,93.6852635280755,90.06228096120644,90.79419708251953,29718157,ONGC
2021-06-10,90.57461968129012,91.34313383948937,89.62312649343168,90.72100067138672,12245640,ONGC
2021-06-11,90.72101520090895,92.66059434274693,89.65973889254663,90.42825317382812,18360366,ONGC
2021-06-14,91.05036446060771,92.07504812309276,88.74482761603558,91.34313201904297,19547491,ONGC
2021-06-15,91.92867607640719,94.05123423032738,91.37973891163874,91.74569702148438,32779493,ONGC
2021-06-16,92.95334935245286,93.86824452324473,92.29462371266733,92.73377227783203,31654780,ONGC
2021-06-17,91.9286563957569,92.95334000076966,90.391633780276,91.56269836425781,18124616,ONGC
2021-06-18,91.16015822667408,91.16015822667408,87.02483088456205,88.0129165649414,87912730,ONGC
2021-06-21,87.3908017131384,89.2937828538642,87.06143604888645,88.5252685546875,15669821,ONGC
2021-06-22,89.80612441068925,90.90399881954401,88.92782711723663,89.33038330078125,23629008,ONGC
2021-06-23,90.3916488961871,91.05037457985738,89.1107955717472,90.2818603515625,21978870,ONGC
2021-06-24,91.08697772620066,91.08697772620066,88.81803840207228,89.29378509521484,24358397,ONGC
2021-06-25,89.98910297849469,91.45293551549551,88.0861217972092,88.48867797851562,34557609,ONGC
2021-06-28,89.69632860061293,91.12356289424125,89.14739147474401,89.54994201660156,23728169,ONGC
2021-06-29,89.14739279223613,89.62313384109164,87.17121575945615,87.39079284667969,20857415,ONGC
2021-06-30,88.08609349779144,88.52524200099086,85.67077393815653,86.14651489257812,19094044,ONGC
2021-07-01,86.18312880542938,87.64696114182733,85.85376876337072,86.98823547363281,16012542,ONGC
2021-07-02,87.82992961633774,88.45205716763816,86.36609745606545,86.6954574584961,20014124,ONGC
2021-07-05,87.20782264991327,88.89122668113777,87.02484358668814,88.5252685546875,12050022,ONGC
2021-07-06,90.02569259831935,91.48952499829203,88.59845824197697,88.92781829833984,30193164,ONGC
2021-07-07,87.75675964355469,88.12271776918746,86.21973663271261,87.75675964355469,18479814,ONGC
2021-07-08,87.39080132523719,87.39080132523719,85.52441265499404,85.6707992553711,17151883,ONGC
2021-07-09,85.7073726120153,86.84184477971671,85.34141456876667,86.29290771484375,11240925,ONGC
2021-07-12,87.09801387333442,87.35418338555833,86.36609779036523,86.7686538696289,8420962,ONGC
2021-07-13,87.0980349303333,88.41548643181824,86.8052673095502,88.12271881103516,8580799,ONGC
2021-07-14,88.04952345755768,89.11079974241952,87.90313686318106,88.41548156738281,12709481,ONGC
2021-07-15,87.24441632264853,87.39080292570651,85.04866753348043,85.5610122680664,28589465,ONGC
2021-07-16,85.78057021916067,85.92695679904853,84.71929403933972,85.48780822753906,19691248,ONGC
2021-07-19,84.02398058212798,85.30483391061117,83.5848264022433,83.87759399414062,14395883,ONGC
2021-07-20,82.01120679240417,82.8895039382515,81.68184117465361,82.41375732421875,18634406,ONGC
2021-07-22,83.73120926413685,84.75589299813977,83.40184364388033,84.53631591796875,11710140,ONGC
2021-07-23,84.53631935784453,85.45121458899004,83.98738221915723,84.38993835449219,7841690,ONGC
2021-07-26,84.06055963001417,84.60949668321506,83.51162257681328,83.84098815917969,8149770,ONGC
2021-07-27,84.42653129846181,84.82908743611013,83.43844555996195,83.91419219970703,9704729,ONGC
2021-07-28,84.09716671164165,84.31673820609052,83.0358849442024,83.69461059570312,11020097,ONGC
2021-07-29,83.65800573776653,84.7558797995006,82.92608969661049,83.98736572265625,14142749,ONGC
2021-07-30,83.65802216957579,85.45121458899004,83.29206407711759,84.38993835449219,12236156,ONGC
2021-08-02,84.13377630191718,86.0001650972331,84.02399332437476,85.7073974609375,10895726,ONGC
2021-08-03,85.01205456347353,86.51247919034698,84.28013847697625,86.29290771484375,15163353,ONGC
2021-08-04,86.14651985140266,86.73205494542431,85.34141328518027,85.89035034179688,14304543,ONGC
2021-08-05,85.04865978862675,85.81717402848294,83.95078549401929,85.52440643310547,11033147,ONGC
2021-08-06,85.01206315997969,86.51248793857762,85.01206315997969,85.37802124023438,6606584,ONGC
2021-08-09,84.9022728961447,85.63418904180112,83.6580176821596,84.17035675048828,8294214,ONGC
2021-08-10,84.24354115697278,84.6826896957984,83.36524407932154,84.06056213378906,14300982,ONGC
2021-08-11,84.53631161420773,85.85376286000793,84.06056502077561,85.63418579101562,11308648,ONGC
2021-08-12,84.97546231721938,86.29291359633908,84.38993275855938,85.08525085449219,13519139,ONGC
2021-08-13,85.48782387323611,85.5976068481478,84.42654191510582,84.97547912597656,10342014,ONGC
2021-08-16,85.56099965197167,86.62227584328502,83.95078076023077,84.53631591796875,14771886,ONGC
2021-08-17,84.90227224615208,84.90227224615208,82.48694675034626,83.32865142822266,16025745,ONGC
2021-08-18,83.36525760129555,84.3533433699414,82.6333413898427,82.85291290283203,10074307,ONGC
2021-08-20,80.98653117808469,81.79163790643317,79.412910182085,80.65716552734375,23878081,ONGC
2021-08-23,80.76694983099087,81.97461265205537,79.41290600667864,81.79163360595703,16886027,ONGC
2021-08-24,82.81632044270592,84.31674532573774,82.0478061870494,82.85291290283203,17368602,ONGC
2021-08-25,83.07248208378718,85.78056957447367,82.92610108907651,84.64610290527344,18637317,ONGC
2021-08-26,84.60951421361219,85.08526087510573,83.73121698014538,84.57292175292969,8779246,ONGC
2021-08-27,84.53631653883316,85.63419077959723,84.13376041692214,85.37802124023438,9706825,ONGC
2021-08-30,85.45120430769008,88.12269917802206,85.45120430769008,87.9397201538086,15933414,ONGC
2021-08-31,87.82994203432372,88.5618582179431,87.13462389351626,88.23249816894531,13376290,ONGC
2021-09-01,89.14739530705839,89.47675536310756,87.39079531194876,87.61036682128906,10964080,ONGC
2021-09-02,87.0248369594469,87.93973220590013,86.36611126518508,86.84185791015625,13031666,ONGC
2021-09-03,87.79334739784939,90.39165218414198,86.95164822129148,90.09888458251953,21326802,ONGC
2021-09-06,90.6112262048684,91.01377675736367,88.67164719206119,89.03760528564453,12505630,ONGC
2021-09-07,89.65972327081788,89.84270229790118,87.50057298486563,87.7933349609375,8530847,ONGC
2021-09-08,88.46238038141715,88.83407105528865,87.34730835980264,88.42520904541016,7801721,ONGC
2021-09-09,88.5367160275179,92.03061171139294,87.86767169047377,90.80403137207031,27242637,ONGC
2021-09-13,90.84121234583965,91.73327350275807,90.02349387232726,91.47309112548828,9921031,ONGC
2021-09-14,91.658926998532,93.22002677203074,91.28723630619658,92.14212036132812,16593684,ONGC
2021-09-15,92.36515046330531,97.15995882235762,92.36515046330531,95.48735046386719,42437332,ONGC
2021-09-16,96.37941271334816,97.5688277218651,94.70680990966729,95.67320251464844,22431820,ONGC
2021-09-17,95.6731977735668,96.4165792812761,92.73684308673538,94.96698760986328,25968166,ONGC
2021-09-20,92.9598347443339,96.19353662515495,92.9598347443339,95.52449798583984,29857432,ONGC
2021-09-21,96.34222866605823,101.09986482653792,95.9705379865489,100.50515747070312,51537119,ONGC
2021-09-22,99.98480694348574,100.54234304168361,98.46087267312468,99.3529281616211,16424387,ONGC
2021-09-23,100.20781450276813,102.84682072859304,99.91045513834987,102.40078735351562,18688982,ONGC
2021-09-24,103.25567615495498,103.99905758542434,99.98480239812993,101.1742172241211,33667173,ONGC
2021-09-27,102.62379580793952,104.63092314856392,102.2149338041033,104.0733871459961,34196564,ONGC
2021-09-28,105.41149137516437,106.74958024739367,104.8167839493846,105.7088394165039,46109879,ONGC
2021-09-29,104.70527863885326,110.61515872101644,103.59020649719604,107.60446166992188,68003697,ONGC
2021-09-30,107.60447789228499,108.57087616270141,105.07698519405938,107.41863250732422,26714630,ONGC
2021-10-01,107.93899819462075,111.24704380521122,107.12128530000298,108.71955108642578,42893182,ONGC
2021-10-04,109.87179568488746,110.39216050281223,109.277088174501,109.7231216430664,16099471,ONGC
2021-10-05,111.50721363592201,122.36058696705855,110.76383221168253,121.65436553955078,131238378,ONGC
2021-10-06,123.40129706056368,128.41912088682153,123.25262306766464,124.96240234375,101221817,ONGC
2021-10-07,126.48634959329692,126.48634959329692,118.56934166218447,119.2383804321289,59769140,ONGC
2021-10-08,121.84020488028199,123.84734370111514,119.3127126998918,119.64723205566406,30561341,ONGC
2021-10-11,121.7287093075839,123.54999154463452,120.94815653653349,122.6579360961914,18143592,ONGC
2021-10-12,122.73225270214945,123.28978865686588,120.98530217346543,121.58000946044922,11619888,ONGC
2021-10-13,121.65438578115283,121.76589981920334,118.71803093545823,118.94104766845703,16690451,ONGC
2021-10-14,119.68443217878523,120.24196835353112,117.93748096067375,118.2348403930664,14821875,ONGC
2021-10-18,121.72868795080964,123.02960522661984,119.83306336600941,120.50211334228516,22899876,ONGC
2021-10-19,121.54286353390079,121.54286353390079,117.45426567802032,117.90029907226562,10331930,ONGC
2021-10-20,118.38349406778843,118.45783674887029,114.22055347541719,115.1497802734375,17118996,ONGC
2021-10-21,117.15690182491596,119.16402914180841,114.88958650599534,115.22410583496094,31555789,ONGC
2021-10-22,116.7108755377375,117.71444492832728,114.85242210560791,116.748046875,27317028,ONGC
2021-10-25,118.1976397091565,121.13399389872001,118.12329703373477,119.98175048828125,34568006,ONGC
2021-10-26,121.5800409362239,121.87738898514702,119.1640511736454,121.24552154541016,33022684,ONGC
2021-10-27,121.24553703614366,121.6172278163365,116.71090498055011,117.37994384765625,21652522,ONGC
2021-10-28,111.50720977797852,116.59937689507952,110.54081169128271,111.6558837890625,24815027,ONGC
2021-10-29,111.43286222829933,112.88246496650673,108.53367943808347,110.80099487304688,18736450,ONGC
2021-11-01,111.50722966735141,114.18340771660863,110.31781468032554,113.848876953125,11444653,ONGC
2021-11-02,114.44358447318264,115.07546331201831,112.51079929769476,113.70020294189453,20609479,ONGC
2021-11-03,112.39929574677309,114.62944054866583,111.35856604313103,112.99400329589844,11591857,ONGC
2021-11-04,112.9939642232835,113.62584290256125,112.43642821560283,113.03113555908203,1114216,ONGC
2021-11-08,113.70018873714592,115.63298501426841,112.77096193912561,115.1497802734375,16568525,ONGC
2021-11-09,116.3392037950894,117.56577872278109,115.22413155424191,116.4507064819336,13601954,ONGC
2021-11-10,116.48785795177432,117.97462068592101,116.30201261000597,117.23123931884766,13900618,ONGC
2021-11-11,116.41354163786765,116.59938700360941,113.77453517571473,114.10905456542969,14158749,ONGC
2021-11-12,114.48076524236168,115.67018032757544,113.96040039624425,114.96395874023438,10552485,ONGC
2021-11-15,116.30204102872452,120.6136562799247,115.96752160042067,117.30561065673828,45750584,ONGC
2021-11-16,118.4949804428293,118.71799711228988,116.56219577473524,116.82237243652344,12956283,ONGC
2021-11-17,116.71087647302093,118.3834845753413,116.41352845873718,117.00822448730469,11420415,ONGC
2021-11-18,116.71089361815747,116.71089361815747,114.25773243909185,114.70376586914062,18351511,ONGC
2021-11-22,116.59236289033424,118.4809641020345,112.54535525281851,112.96932983398438,21558590,ONGC
2021-11-23,112.39117769635021,113.85580422016415,110.5411101394418,113.08494567871094,21216047,ONGC
2021-11-24,114.85792784347714,120.13831379491992,114.85792784347714,118.28824615478516,36294271,ONGC
2021-11-25,118.71220872291123,120.25392571931268,117.59446625299363,119.5601577758789,11554142,ONGC
2021-11-26,117.36321993785285,117.36321993785285,112.7380684132084,113.39330291748047,23135841,ONGC
2021-11-29,111.77449464396408,112.58389850937684,109.38482832938709,111.08072662353516,18736522,ONGC
2021-11-30,110.50258232074506,113.89435537310153,108.76815051303285,109.53900909423828,22980651,ONGC
2021-12-01,109.7702719248301,110.73384528007745,107.65041054328593,109.65464782714844,14278744,ONGC
2021-12-02,108.30562665727403,111.50468494611818,108.22853609705473,111.00363159179688,8561767,ONGC
2021-12-03,111.003620066804,113.20057141890624,110.34838566007406,112.46824645996094,10690334,ONGC
2021-12-06,112.39118760534177,112.42973288828637,110.04006649414887,110.5025863647461,7749262,ONGC
2021-12-07,111.77447853949015,112.73805163034783,111.38904930314708,112.46824645996094,10253663,ONGC
2021-12-08,113.31620376530172,115.89858454245126,113.16203441197213,114.39540100097656,12266948,ONGC
2021-12-09,115.24336273769693,115.55170147820137,112.81516280970978,113.58602142333984,7989291,ONGC
2021-12-10,112.7380700677788,114.08707261559839,112.19847140112473,113.74018859863281,10324085,ONGC
2021-12-13,114.8193811192517,116.01421424971242,112.04429733747688,112.50680541992188,13595587,ONGC
2021-12-14,111.19634246343551,113.66308739611272,110.9650825529791,113.2391128540039,12331999,ONGC
2021-12-15,112.77661022024255,113.8558075044605,110.69529445075463,110.965087890625,10361033,ONGC
2021-12-16,112.00574335745182,112.73805658622219,111.42759947752246,112.0442886352539,12156709,ONGC
2021-12-17,111.15781112206643,111.85159094042471,106.76391932194055,107.45768737792969,17667617,ONGC
2021-12-20,105.99305665315087,106.10868073727956,101.48352917423298,103.29505157470703,17238729,ONGC
2021-12-21,104.10444664712776,105.49199435117758,103.1408734863109,104.87530517578125,8615570,ONGC
2021-12-22,105.91596114124349,106.339935700525,104.29716522721603,105.45345306396484,4968143,ONGC
2021-12-23,106.76391634143545,108.69106284579348,105.72325252413458,108.30563354492188,6324169,ONGC
2021-12-24,109.11502150142739,109.15356677836176,105.76178236837777,106.76390075683594,5657495,ONGC
2021-12-27,105.2607293723604,106.4170171096715,104.83675484953957,105.8774185180664,4404298,ONGC
2021-12-28,107.26495434461984,108.30561801267781,106.76390103029094,107.53475952148438,8738089,ONGC
2021-12-29,108.07436885685958,108.57543398336804,105.95450779533556,107.07225036621094,6571286,ONGC
2021-12-30,106.95663099187125,108.84523221366837,106.76391634143545,108.30563354492188,11556524,ONGC
2021-12-31,108.26709922809658,110.19424592764395,107.49624054827764,109.77027130126953,6393760,ONGC
2022-01-03,109.73171790265272,110.57965523945383,108.8452235240001,110.27131652832031,3765911,ONGC
2022-01-04,110.3098591466328,114.54958101546069,110.3098591466328,113.93289184570312,16351836,ONGC
2022-01-05,114.47248196499501,116.47671867740962,113.6245329491965,115.89857482910156,12977680,ONGC
2022-01-06,116.09132926393843,116.70800683709093,114.35689712411289,116.24549865722656,9012777,ONGC
2022-01-07,116.78505715220382,121.41020793050892,116.66943308769287,121.06332397460938,30889365,ONGC
2022-01-10,121.98836201796055,122.87484461993705,120.56226903665818,122.0654525756836,16418985,ONGC
2022-01-11,122.412330582068,124.60927022146352,121.48730274640846,124.06967163085938,14457548,ONGC
2022-01-12,125.41869764770189,127.73127355428166,124.41657906904346,127.15312957763672,21220614,ONGC
2022-01-13,127.15312177179788,127.57709634778388,125.68849515915748,126.38226318359375,7445346,ONGC
2022-01-14,125.61138542228551,125.8811905919218,123.49152462829602,124.14675903320312,11646259,ONGC
2022-01-17,125.26453492758309,129.65842703103047,125.11036554476158,127.84691619873047,32577835,ONGC
2022-01-18,129.7355095858939,129.81258839135617,125.95829524716663,126.30519104003906,11175409,ONGC
2022-01-19,127.42291540722124,131.8168066083597,127.11456494252971,131.23866271972656,36648534,ONGC
2022-01-20,131.7397353807722,131.7397353807722,128.34796210808875,128.61776733398438,14474454,ONGC
2022-01-21,127.42291697523318,128.2708542982423,125.11034139224297,126.15099334716797,8625926,ONGC
2022-01-24,127.34582531713548,129.73549143719018,126.2280828141554,127.73125457763672,28783449,ONGC
2022-01-25,125.64993282991183,128.50210686682908,125.64993282991183,127.3072738647461,14249846,ONGC
2022-01-27,127.26874652245577,130.0823754191678,126.80622670490726,127.73125457763672,25936832,ONGC
2022-01-28,129.1573527135184,134.66898665423798,128.15523424365085,130.1209259033203,32790065,ONGC
2022-01-31,132.27935797277772,134.7846487543654,130.69909528114835,133.0502166748047,24031034,ONGC
2022-02-01,134.1293800736367,134.82314802424307,129.88965828969992,131.77825927734375,14220953,ONGC
2022-02-02,131.46995168670358,134.1679570966702,131.43140639980146,132.048095703125,12478192,ONGC
2022-02-03,131.04593578737175,132.00950884463182,127.96250200413947,129.11878967285156,12529302,ONGC
2022-02-04,131.0459332719503,133.12724868320802,130.31362011496265,130.7375946044922,17434362,ONGC
2022-02-07,131.58555535048376,133.58979233444506,130.42926749720644,132.66476440429688,11723574,ONGC
2022-02-08,132.58767771645523,133.35853630782995,128.34795546389415,128.69483947753906,13231599,ONGC
2022-02-09,129.42715225452636,130.73762126436827,125.72704044104141,126.38226318359375,17938632,ONGC
2022-02-10,127.84689777287336,131.35429483544823,127.30728736721423,130.35218811035156,26763203,ONGC
2022-02-11,129.4657036743987,131.4313955199867,128.81048090078212,129.619873046875,12884995,ONGC
2022-02-14,130.19801512284843,135.94092120365588,127.34584060520473,128.11669921875,44604164,ONGC
2022-02-15,131.04596562807743,131.04596562807743,120.5622836728836,126.53643798828125,31146458,ONGC
2022-02-16,126.80622800296901,130.19800082515303,126.80622800296901,129.92820739746094,15960268,ONGC
2022-02-17,129.92821344136217,132.89601185823503,129.88966816065093,132.39495849609375,24640791,ONGC
2022-02-18,131.97100583819704,132.39498047165745,128.5021417210357,129.4271697998047,11829998,ONGC
2022-02-21,130.4008922923696,130.51774610606674,127.01234564781744,127.28498077392578,14222260,ONGC
2022-02-22,129.69978843057223,129.69978843057223,127.16811087862412,128.49237060546875,29399172,ONGC
2022-02-23,129.50504231786653,129.62188421808688,124.36378475555695,125.22066497802734,21301826,ONGC
2022-02-24,125.22066105625696,126.50596946345175,121.52051710591655,122.02684783935547,28766189,ONGC
2022-02-25,124.16904571449214,124.94802344641809,122.14371074323884,124.2469482421875,20225258,ONGC
2022-02-28,125.02594982047533,126.07757471365589,121.36475615937057,125.14279174804688,20210070,ONGC
2022-03-02,129.037662957571,131.14091244739558,126.11649631754518,126.9344253540039,41103406,ONGC
2022-03-03,131.10197170179984,133.82839411793722,126.89548427086142,132.65992736816406,42345653,ONGC
2022-03-04,132.50413679764657,133.20521210686343,127.63552524403313,128.72608947753906,32658756,ONGC
2022-03-07,130.167195794627,147.8499895670511,130.167195794627,145.62989807128906,132538155,ONGC
2022-03-08,148.0057760180236,151.86171359492587,138.50224961938096,139.51492309570312,73127816,ONGC
2022-03-09,142.55292599034678,143.1761105577199,135.42528444533224,136.6326904296875,51977091,ONGC
2022-03-10,131.06300459680304,137.80115728516708,128.53132694485885,135.8147735595703,62112814,ONGC
2022-03-11,134.37365253470028,137.41166079402575,133.75046800076635,136.8663787841797,26187452,ONGC
2022-03-14,135.54213313071176,136.7105997956317,132.89361344472962,133.82838439941406,20214021,ONGC
2022-03-15,131.10196862248065,132.03673962309162,125.9217590217372,127.5576171875,42333127,ONGC
2022-03-16,129.31033959424025,130.7514535550657,126.07758585888834,130.32301330566406,25545119,ONGC
2022-03-17,129.77771176264196,133.59469839073088,128.21975609627776,132.65992736816406,66314748,ONGC
2022-03-21,133.75049225776525,136.321121497542,132.6599280402883,134.41262817382812,20614652,ONGC
2022-03-22,137.25586411629988,141.18970375684526,135.3863224486427,136.671630859375,39742745,ONGC
2022-03-23,137.48958848368136,138.42435951255098,136.2042798047679,136.78851318359375,10994784,ONGC
2022-03-24,139.3591297397935,140.52759649072388,137.48958769280827,138.2296142578125,20332589,ONGC
2022-03-25,139.0475122055121,139.63174545007308,136.39899291800467,136.94427490234375,13608989,ONGC
2022-03-28,136.7105754350031,138.580117011236,136.04843968836556,137.37271118164062,15253027,ONGC
2022-03-29,136.2821912673106,136.47693575665693,132.8546930093193,133.20523071289062,14210783,ONGC
2022-03-30,126.97339008472584,128.41450386779832,125.53227630165337,126.19441223144531,95239532,ONGC
2022-03-31,126.07755125703737,128.72607080348374,125.53225733313052,127.67444610595703,33523683,ONGC
2022-04-01,127.67443792264598,131.06299560970243,127.40180286442408,130.8292999267578,28335224,ONGC
2022-04-04,130.05034619595398,131.68620439162973,128.80398880110147,130.9072265625,17745513,ONGC
2022-04-05,132.6209708496317,134.5684153555,131.88094431465336,133.86734008789062,20054934,ONGC
2022-04-06,132.89362719007994,135.15265822140978,132.65993145567302,134.6073760986328,12969222,ONGC
2022-04-07,132.89360654612042,135.3863329246321,131.02405284754397,131.5303955078125,24550313,ONGC
2022-04-08,131.64725098039287,133.43890233548416,131.41355525820563,133.12730407714844,9529874,ONGC
2022-04-11,133.20519925420885,134.5684103576876,132.07568386000654,133.36099243164062,9724979,ONGC
2022-04-12,133.20516305403456,134.1399337508471,131.0240235039691,131.56930541992188,13184429,ONGC
2022-04-13,133.51678602573818,136.2042688614177,132.97150395989652,135.73687744140625,23458303,ONGC
2022-04-18,137.10006805697552,139.43700103521942,136.39899291800467,136.94427490234375,23916912,ONGC
2022-04-19,138.1127491729916,140.06019343125078,137.10007578144555,137.9958953857422,17880666,ONGC
2022-04-20,137.8011505749273,138.15170004943974,136.1653045343137,136.71058654785156,10076403,ONGC
2022-04-21,136.86641470474183,137.64539260503776,135.46425210695728,135.65899658203125,12246720,ONGC
2022-04-22,135.6589561535324,137.33376527180488,135.3084185801168,135.5421142578125,10267952,ONGC
2022-04-25,133.20520450195903,134.76316011016908,131.10196680812706,132.15357971191406,12583497,ONGC
2022-04-26,133.28310368254915,133.75048322149485,129.0766165144915,130.0503387451172,20086229,ONGC
2022-04-27,130.82931369395064,131.5693401959349,127.24602309466891,128.41448974609375,13981957,ONGC
2022-04-28,129.31032033919695,129.31032033919695,126.54494665348653,128.37554931640625,13030499,ONGC
2022-04-29,129.69980226815318,130.43982879273193,124.24695772835095,124.98698425292969,15964743,ONGC
2022-05-02,123.19532517056273,124.05220544145867,121.4426252506677,121.79317474365234,23405519,ONGC
2022-05-04,123.85746711060887,126.8175850540259,123.03953806375898,126.38914489746094,23661920,ONGC
2022-05-05,127.90814706538852,131.1798513121266,127.28496247404378,128.41448974609375,26878516,ONGC
2022-05-06,127.67445412513894,130.4008763708909,125.49332583754352,130.0503387451172,16768573,ONGC
2022-05-09,128.72603661590713,130.32294292697097,126.7785927941839,128.3365478515625,9952775,ONGC
2022-05-10,124.9869688963118,125.9217397538893,119.1056849165962,120.31310272216797,22602956,ONGC
2022-05-11,119.96258056322824,124.63644733841896,119.76783611426197,123.54588317871094,15084514,ONGC
2022-05-12,123.85745556133624,125.4154109772021,119.96256702167157,121.9100112915039,21459069,ONGC
2022-05-13,124.63644979311944,124.87014551373316,119.14465384685849,119.61204528808594,12934346,ONGC
2022-05-16,120.11835634167053,121.71526296907605,118.248814656968,119.57307434082031,13205775,ONGC
2022-05-17,121.52053862077751,127.5186653933976,121.17000098277688,127.09022521972656,17843200,ONGC
2022-05-18,126.19440230564794,128.14184678567338,124.79223990277806,127.1291732788086,12616832,ONGC
2022-05-19,123.50694381497306,126.23336636326712,122.92271041176718,124.63645935058594,8932407,ONGC
2022-05-20,125.92176402243152,127.59657352270146,124.71435787041617,126.11650848388672,7235654,ONGC
2022-05-23,125.99966342860944,127.90815672616515,120.46891610629697,120.81946563720703,18029557,ONGC
2022-05-24,122.6110967974268,122.88374377266155,116.96350793941224,117.35299682617188,19141394,ONGC
2022-05-25,119.10570073748076,119.3783477216909,114.97712791092455,118.87201690673828,19366472,ONGC
2022-05-26,119.027808332057,119.41729722588818,115.36661510729556,118.32672119140625,12824105,ONGC
2022-05-27,120.74155458407228,121.13104346982735,109.91376831458427,112.01700592041016,52469252,ONGC
2022-05-30,113.45811890068667,114.74343948270665,109.95271858178275,112.21176147460938,40261336,ONGC
2022-05-31,113.26335670880758,119.18359218628939,113.26335670880758,117.82038116455078,57675204,ONGC
2022-06-01,117.78144725559991,119.1057072088763,115.8729539212082,116.65193176269531,22780094,ONGC
2022-06-02,115.13290083758977,119.10567978261385,113.73073866853476,118.75514221191406,25429955,ONGC
2022-06-03,119.92364667896787,120.11839115616212,117.74250615714034,118.09305572509766,16747177,ONGC
2022-06-06,119.26150576344664,121.52053662570333,119.02781004653023,119.92362976074219,30327268,ONGC
2022-06-07,120.58575731535741,126.93442118324194,120.11836591380765,126.07755279541016,61411715,ONGC
2022-06-08,127.36288331639054,129.62191441275863,126.27231903943887,127.28498077392578,45994327,ONGC
2022-06-09,129.31031546658664,130.36194025651088,128.14184876056328,128.95977783203125,31122996,ONGC
2022-06-10,127.75238186323492,129.81666864493562,127.24605095791513,128.2587127685547,17812698,ONGC
2022-06-13,126.19438931802539,127.71339347886142,123.42901606374328,124.28589630126953,12237777,ONGC
2022-06-14,124.28590740936446,125.06488519082552,120.97525183815492,121.48158264160156,12844437,ONGC
2022-06-15,122.26057791280623,122.49427365792697,117.46986862599836,117.93724822998047,16223385,ONGC
2022-06-16,116.18452624847524,118.05407997363982,111.08223151296531,111.82225799560547,25130676,ONGC
2022-06-17,110.96539449096935,113.06863234919805,109.56323195673056,110.18641662597656,22922034,ONGC
2022-06-20,107.96631896658953,108.20000277838933,101.26710568233244,104.6946029663086,28656582,ONGC
2022-06-21,106.01886384359541,109.21266510468018,105.16198366662432,108.35579681396484,20581784,ONGC
2022-06-22,106.68099684425059,106.68099684425059,102.04608176719061,105.04515075683594,31824106,ONGC
2022-06-23,104.38302570687074,106.25256768144583,102.98086328281043,105.00621032714844,26829020,ONGC
2022-06-24,106.71995251833887,109.83586354077212,105.31779018099246,106.99259948730469,25461812,ONGC
2022-06-27,109.05689037309519,111.08223737738435,106.91470145505225,110.22535705566406,24188349,ONGC
2022-06-28,111.23803996730517,118.20988938578856,110.73169723027306,116.34034729003906,54387675,ONGC
2022-06-29,116.34034549272992,122.61110761373794,113.88655815792546,120.07942962646484,165860322,ONGC
2022-06-30,119.1835924776739,120.31310780691028,116.26242599537797,118.0540771484375,38725546,ONGC
2022-07-01,116.02874297132115,117.74249178417936,101.2671157792176,102.08504486083984,125788305,ONGC
2022-07-04,101.22817490226589,101.22817490226589,96.67115541305282,98.15121459960938,85993413,ONGC
2022-07-05,98.93017559045315,100.17654476184369,98.1511978298984,99.24176788330078,44595740,ONGC
2022-07-06,95.81426829909852,96.20375719462331,93.36048706866656,94.21736145019531,59092334,ONGC
2022-07-07,94.45105070044637,96.71008732850542,94.45105070044637,96.20375061035156,36229792,ONGC
2022-07-08,98.42383867245525,98.42383867245525,94.25630884994696,94.64579772949219,42778692,ONGC
2022-07-11,94.64580000919175,98.0733034203726,94.29526238640922,97.76171112060547,31521678,ONGC
2022-07-12,97.2943348661324,98.73544270315415,96.20376468512455,96.67115020751953,25216226,ONGC
2022-07-13,95.38582348556903,97.29432254645567,94.56790041072784,96.94377899169922,27166975,ONGC
2022-07-14,96.90483119233689,103.29245217003415,96.43744574107329,99.0470199584961,38464081,ONGC
2022-07-15,99.39755099058382,100.02072957003118,97.06061794561809,98.57962799072266,18088858,ONGC
2022-07-18,98.96912944056528,101.81239358634633,98.89122690797225,101.189208984375,21010247,ONGC
2022-07-19,101.65660486340192,103.7598425867724,96.94378670512667,99.63126373291016,33778758,ONGC
2022-07-20,105.16200274969015,106.40837198122667,102.98086253763017,103.25350952148438,60317150,ONGC
2022-07-21,103.60403564572188,103.99352450153287,102.66926476902684,103.68193817138672,20853780,ONGC
2022-07-22,104.2272305435598,104.2272305435598,102.47453051834161,103.17560577392578,11630255,ONGC
2022-07-25,102.82505375549002,103.17559133422343,100.02072935311057,101.1113052368164,21705935,ONGC
2022-07-26,101.92924261248778,102.51347592080637,99.51440685026806,99.86494445800781,22172845,ONGC
2022-07-27,100.56604072656283,101.42290919178133,99.55336718925173,100.17655181884766,20187969,ONGC
2022-07-28,101.57870257477636,101.65660511097387,99.90390502285362,101.46186065673828,25736737,ONGC
2022-07-29,101.61764731073669,104.77250964380536,101.18920716170756,104.49986267089844,19738642,ONGC
2022-08-01,104.46092152552248,108.27790776414409,103.75983441543914,107.81051635742188,20592826,ONGC
2022-08-02,106.48625183105469,106.75889878726116,104.85040575258601,106.48625183105469,15037928,ONGC
2022-08-03,105.94097429931615,107.8494674149568,104.22722562172572,105.66832733154297,15853543,ONGC
2022-08-04,104.65566631680132,106.83679452550624,104.38301934758458,106.1357192993164,14311959,ONGC
2022-08-05,105.2398955328731,107.88841504666395,104.07142894392007,106.33045959472656,66480753,ONGC
2022-08-08,106.17466642678419,107.10943732069525,105.20094426932332,106.33045959472656,12451233,ONGC
2022-08-10,106.25256907129133,106.52521606068483,103.95458689732526,104.22723388671875,15829467,ONGC
2022-08-11,104.77250964331317,105.94097629361035,102.86401649174594,103.44824981689453,19479706,ONGC
2022-08-12,104.30510876508083,108.82318178022295,103.99352244110814,108.4336929321289,40876891,ONGC
2022-08-16,108.66739148187759,110.53693324749325,106.01887199954596,109.01792907714844,31230003,ONGC
2022-08-17,109.01794407647012,109.68007998128185,108.04422179660479,108.78424835205078,15694770,ONGC
2022-08-18,110.25969764690454,110.29957700580681,107.42843353744773,108.1063461303711,42597708,ONGC
2022-08-19,109.66152739678041,110.45906577784791,106.91002241599155,107.34867095947266,35382493,ONGC
2022-08-22,107.26890947546552,107.26890947546552,103.52048161542123,105.19530487060547,31231393,ONGC
2022-08-23,105.195310199111,107.0296509548691,103.75975081322837,106.67076110839844,24268146,ONGC
2022-08-24,107.42842283887919,109.58177414096494,107.26891758862664,108.46522521972656,22730039,ONGC
2022-08-25,109.26275947064575,110.17992375169891,108.58484697110553,108.90386962890625,14620592,ONGC
2022-08-26,108.86399379531716,110.25968602346224,108.54498329667217,108.9836196899414,12105053,ONGC
2022-08-29,107.02966216914925,108.94376183333068,106.67077228507506,108.3854751586914,9198908,ONGC
2022-08-30,109.98054696970664,111.53575667687957,109.70141581494886,110.53883361816406,21720398,ONGC
2022-09-01,107.66768497657203,108.66460798561437,106.98977246263512,107.42842102050781,20349294,ONGC
2022-09-02,107.42841979352364,108.26583754544878,105.51433250581206,105.87322235107422,17495310,ONGC
2022-09-05,105.99286282615058,106.79040133400567,105.79347819918682,106.39163208007812,14865879,ONGC
2022-09-06,106.94991243141159,106.98977961886362,105.03581282433967,105.3548355102539,10870488,ONGC
2022-09-07,104.47752817981647,106.03272559287396,103.71986914981103,105.67383575439453,12042788,ONGC
2022-09-08,104.99592387106647,106.98976984028133,104.8762979807016,105.15544128417969,14629497,ONGC
2022-09-09,105.67384008151382,107.02965295432594,105.23519151897948,106.87014770507812,12327341,ONGC
2022-09-12,107.66768612078766,107.9866966192833,106.55113720658248,106.87014770507812,13500202,ONGC
2022-09-13,107.02965397553831,107.78731304379741,106.471379513109,106.79039001464844,10846178,ONGC
2022-09-14,105.63395528883483,106.94990090869341,105.27506545413515,106.23210906982422,8597956,ONGC
2022-09-15,106.55113182021664,107.18915278495471,105.27506555180082,105.75359344482422,10810473,ONGC
2022-09-16,104.55729213411078,105.27507184709822,103.67999500093006,104.67691802978516,20909579,ONGC
2022-09-19,105.35483171764614,107.14929318935074,103.44073217947879,104.11864471435547,19411428,ONGC
2022-09-20,104.7965375615557,106.55113172136714,104.71679102577234,106.23210906982422,13080582,ONGC
2022-09-21,105.43457611693354,106.23211453259789,103.71987339104336,104.39777374267578,11156865,ONGC
2022-09-22,103.99900182235805,104.35790383562255,102.16467324974907,102.60330963134766,11366882,ONGC
2022-09-23,102.28431033776978,102.96222291539934,101.6861564761454,102.5634536743164,10407849,ONGC
2022-09-26,101.52665924857861,102.72296706650498,97.81810379605965,98.45613098144531,12848954,ONGC
2022-09-27,99.1739018544897,102.00516569492665,98.77513264230058,99.25365447998047,14465123,ONGC
2022-09-28,98.85488356284598,98.85488356284598,96.90091689071333,97.73833465576172,15267018,ONGC
2022-09-29,98.49600000457824,102.24442834008902,98.49600000457824,101.00824737548828,20597761,ONGC
2022-09-30,100.09108143054753,105.59409219519533,100.09108143054753,101.12788391113281,33530494,ONGC
2022-10-03,105.03581121341064,107.66769052685005,104.15852622191147,105.59408569335938,50966493,ONGC
2022-10-04,107.58792843796762,107.66768714808775,105.11556662736054,106.79039001464844,14137567,ONGC
2022-10-06,108.86399239073545,108.90387174491916,105.5940800591963,105.79346466064453,14570735,ONGC
2022-10-07,105.31495724204045,107.06953943955794,104.63704467575195,106.9100341796875,13532236,ONGC
2022-10-10,106.0726109374084,106.8701493655092,105.43457776103361,106.2719955444336,10183057,ONGC
2022-10-11,106.27201507954706,106.4713997232235,103.87939935542967,104.55731201171875,13176461,ONGC
2022-10-12,104.55729873125799,105.27507848953445,102.96222178444685,104.75668334960938,9401804,ONGC
2022-10-13,104.63704099225319,105.15544828042194,101.80578317843877,103.56037139892578,13320136,ONGC
2022-10-14,105.27507776332219,105.91311097153961,101.32726478109186,101.76590728759766,13205955,ONGC
2022-10-17,101.2873818533363,102.24442554719019,100.48984341354624,101.9254150390625,9320940,ONGC
2022-10-18,102.44379626425992,102.96220348150234,101.76588989931948,102.64318084716797,6490293,ONGC
2022-10-19,102.64319476708522,102.64319476708522,101.60639844619939,101.9254150390625,7381712,ONGC
2022-10-20,101.28737255202999,104.47752601823566,100.33032894606224,103.36097717285156,18748363,ONGC
2022-10-21,103.161608851823,106.39163001021818,102.68308088863103,104.91619110107422,11945173,ONGC
2022-10-24,106.07261408213847,106.87015253388388,105.59408614330283,105.9131088256836,2154912,ONGC
2022-10-25,105.63396539859453,105.99285526764196,103.56037272772544,104.27815246582031,10232002,ONGC
2022-10-27,104.27815226256695,105.43458058034174,103.91926239421903,105.11557006835938,13865026,ONGC
2022-10-28,105.35482811748113,108.14621253363501,105.11556416220246,106.6308822631836,22918037,ONGC
2022-10-31,107.18916534209296,107.82719855104604,105.91311109365809,106.9100341796875,8753855,ONGC
2022-11-01,106.94990974168175,108.22596394483318,106.94990974168175,107.78731536865234,11630848,ONGC
2022-11-02,108.34561139320529,111.01735809858984,107.94684213841906,108.82412719726562,21117499,ONGC
2022-11-03,108.78422546386719,109.02348940142306,107.86706123428395,108.78422546386719,7561534,ONGC
2022-11-04,108.78424850536092,110.37932553429273,108.50511732698104,109.94068908691406,7498344,ONGC
2022-11-07,110.49895477294922,110.85784464185238,109.06338312786556,110.49895477294922,9987481,ONGC
2022-11-09,110.81795351888294,110.85783287107583,109.2627561391179,110.57868957519531,12033732,ONGC
2022-11-10,109.66153121423295,112.33328975160421,109.58177250556173,111.53575134277344,15908521,ONGC
2022-11-11,112.13390503065357,112.69217948234987,111.01734395779063,112.01426696777344,18492513,ONGC
2022-11-14,112.13390985325387,112.45292036238007,110.53883296868109,111.0572280883789,12743505,ONGC
2022-11-15,111.65538934832593,114.32714817552096,111.65538934832593,113.52960968017578,24636519,ONGC
2022-11-16,113.88850753592553,114.28727681149286,112.61244098632103,113.96825408935547,11460200,ONGC
2022-11-17,113.21056607854996,114.68601689031816,113.01118149152558,114.20748901367188,13368536,ONGC
2022-11-18,114.16762008850759,114.24737879838892,111.81488418065477,113.05107116699219,19958908,ONGC
2022-11-21,113.88848320198232,114.18158367434138,112.54861358254624,113.42790222167969,16348881,ONGC
2022-11-22,113.0091901850423,113.80473215041401,111.29248629474974,113.21854400634766,11198874,ONGC
2022-11-23,113.51164795161522,114.43279712686773,112.67423264068917,114.30718994140625,9010911,ONGC
2022-11-24,114.30718487098417,117.23813832921454,113.46976959720406,116.77755737304688,11803087,ONGC
2022-11-25,116.40072657021405,118.32678431365518,115.35395744638119,117.69872283935547,9789098,ONGC
2022-11-28,116.81944396472291,118.24304753630267,116.44260960429656,116.90319061279297,8925344,ONGC
2022-11-29,117.2800368598493,118.15932564192524,116.81945580467183,117.44751739501953,13558920,ONGC
2022-11-30,116.90320147588818,118.74551290312398,116.90320147588818,118.1593246459961,17720938,ONGC
2022-12-01,118.45239033408818,118.91297129964023,117.07066021537531,117.28001403808594,27727625,ONGC
2022-12-02,118.78736075642037,121.25773323892462,117.69871835353665,117.99180603027344,24518337,ONGC
2022-12-05,118.4942715852157,120.54593662951223,117.74060288419057,120.37845611572266,18440387,ONGC
2022-12-06,119.62477632574148,119.87599068416674,118.20116014563591,119.28980255126953,10977472,ONGC
2022-12-07,117.90806776708844,118.70360968558322,117.32187965756293,117.7824478149414,9731670,ONGC
2022-12-08,118.28492186355123,119.75039877159523,117.53125313630645,119.4572982788086,10150945,ONGC
2022-12-09,119.33166787135549,119.70850216167662,117.48935695805281,117.8243179321289,9438307,ONGC
2022-12-12,117.23816144194745,119.3317000391251,116.56822653526152,119.20609283447266,8946335,ONGC
2022-12-13,119.79224001034834,121.13209658634922,119.37353243448409,120.8808822631836,12593054,ONGC
2022-12-14,120.88090870644173,124.43992387983884,120.67155487271249,123.60250854492188,17692988,ONGC
2022-12-15,123.64437107805325,124.6492797184721,122.80695572966701,123.47689056396484,11426194,ONGC
2022-12-16,124.23057532083793,126.03101325617693,123.10005945952166,123.26753997802734,20540447,ONGC
2022-12-19,123.14193832760053,123.56064603168761,121.42523418525447,122.09516906738281,10635055,ONGC
2022-12-20,121.84396913257476,122.43015749377419,119.834176814763,122.13706970214844,6714207,ONGC
2022-12-21,122.68135942731585,122.93258660971853,119.499178265421,120.16911315917969,10011408,ONGC
2022-12-22,121.42524518111887,121.55085239254154,118.5361643168815,119.12235260009766,9123323,ONGC
2022-12-23,117.7406059319871,120.16910538965958,116.65196339725844,117.07067108154297,8007752,ONGC
2022-12-26,117.65686261593521,119.6247938989811,116.81944722365097,118.32679748535156,7150680,ONGC
2022-12-27,118.9967249721456,121.76018537288111,118.9967249721456,121.25774383544922,8765357,ONGC
2022-12-28,120.12722450135232,121.13212032476902,119.49916301447392,120.50405883789062,9534858,ONGC
2022-12-29,119.54106438048892,122.26266479545626,119.33171050241451,121.13214874267578,36752195,ONGC
2022-12-30,121.80205879503706,124.56553197597523,121.0483900993012,122.89070129394531,9644998,ONGC
2023-01-02,123.35128252409963,126.28223622328352,123.30940920137961,125.9891357421875,9631496,ONGC
2023-01-03,125.3610884666824,126.11477002737118,123.93748477819761,125.23548126220703,14991139,ONGC
2023-01-04,124.60740414813687,124.64927747038982,121.42522332607172,122.47199249267578,13535874,ONGC
2023-01-05,122.13703583310908,123.1000583896051,120.71341949332276,122.68135070800781,16320559,ONGC
2023-01-06,122.84881511871735,124.02120414024799,122.513854128533,123.39314270019531,16804116,ONGC
2023-01-09,125.02610747117457,125.7797761337683,123.76998451488939,124.06307220458984,18660445,ONGC
2023-01-10,124.43993162379023,125.86353522615175,124.43993162379023,125.0679931640625,18490715,ONGC
2023-01-11,125.1935979870456,125.61230567262102,122.4719980308055,122.93257904052734,12538238,ONGC
2023-01-12,123.68623322784454,124.14681418343916,122.05327600159364,122.38823699951172,13270422,ONGC
2023-01-13,122.59762357223036,123.51878572952744,122.17891582399467,123.0582046508789,8854484,ONGC
2023-01-16,123.6862424116472,123.76998905631648,122.26263889787714,123.60250854492188,9696320,ONGC
2023-01-17,124.18870111871361,124.77488931831144,122.80695810043547,123.8118667602539,18484595,ONGC
2023-01-18,124.14682234312023,125.40294533478755,124.10494902114255,124.98423767089844,12139643,ONGC
2023-01-19,123.97935482476956,127.37088981325411,123.97935482476956,127.07778930664062,18437610,ONGC
2023-01-20,127.2871476513242,127.70585537386147,126.07289781155531,126.95218658447266,17512691,ONGC
2023-01-23,127.74773414163188,128.20831521162506,126.74283812033975,127.58025360107422,16742252,ONGC
2023-01-24,127.58024354944823,128.2920389852248,126.95218198838026,127.41275024414062,8276792,ONGC
2023-01-25,126.65907505612822,128.45951299533505,126.57532840772322,127.66397094726562,9827342,ONGC
2023-01-27,127.66397513650487,129.0875787604932,122.76510271472641,123.64437866210938,13052535,ONGC
2023-01-30,123.5187614138169,124.64927722268024,119.95974625443574,121.34147644042969,12688399,ONGC
2023-01-31,121.55083027333447,123.85372243528698,120.79716158605484,121.34147644042969,19050398,ONGC
2023-02-01,122.0951458496337,122.26262634383123,119.2060657964125,120.79714965820312,11526089,ONGC
2023-02-02,119.75039343636978,121.42522411380152,117.78246227920988,120.12722778320312,11886667,ONGC
2023-02-03,120.16910779969429,121.71833137379507,117.32190060063552,120.83904266357422,9250428,ONGC
2023-02-06,118.66176284270894,120.75530139948907,118.5780289672049,120.16911315917969,6436143,ONGC
2023-02-07,120.50408710845255,121.3833759519544,119.08048329313588,121.13214874267578,8681511,ONGC
2023-02-08,121.76018181164741,122.17888946956634,119.87599735101223,120.50405883789062,10325869,ONGC
2023-02-09,121.1321109223142,122.59758761127797,119.91786136418989,122.43010711669922,8078404,ONGC
2023-02-10,122.38823497001171,123.10004305121284,121.25773203732746,122.84881591796875,6396208,ONGC
2023-02-13,123.47688404724545,124.60739981907952,122.76508870544993,124.06307220458984,6563018,ONGC
2023-02-14,124.48179632330232,124.94237735712186,123.10006599978888,124.31431579589844,6991500,ONGC
2023-02-15,124.77490679207494,125.10986787362687,121.84395260568392,123.51878356933594,12631259,ONGC
2023-02-16,125.61230909629403,131.0136358318457,124.27243935475562,130.5530548095703,30949761,ONGC
2023-02-17,130.2180896932243,132.98156296256008,129.29692767746423,131.13925170898438,19874561,ONGC
2023-02-20,131.641716400881,132.14417082105382,129.2969504033189,129.67379760742188,8348393,ONGC
2023-02-21,129.71563741452096,130.55305279557777,128.50138766757752,129.04571533203125,7599927,ONGC
2023-02-22,129.1712984275302,129.38065223373366,127.03588704866652,128.62698364257812,9599697,ONGC
2023-02-23,128.71074454593162,130.80428304790823,128.33391017116483,129.50628662109375,18675946,ONGC
2023-02-24,130.45191032655777,133.54665611496554,128.7326100257135,133.2457733154297,14648507,ONGC
2023-02-27,132.38610033904487,134.14838546700176,131.52645033684328,133.46066284179688,11904749,ONGC
2023-02-28,132.51505033052842,133.63259802209183,129.97908529939303,130.7097930908203,17607584,ONGC
2023-03-01,130.66679940892894,133.33171964376137,130.5378571563994,133.07382202148438,7707977,ONGC
2023-03-02,132.81591700169804,133.28872709666857,131.2255593505837,132.4290771484375,8219892,ONGC
2023-03-03,132.38610068248582,133.84750306657614,131.91329055660475,132.60101318359375,8260104,ONGC
2023-03-06,132.98785279808044,137.28610281170438,131.99926054183416,135.9966278076172,14491522,ONGC
2023-03-08,134.57820944719333,136.5554070607016,134.44925407751052,136.03961181640625,7339476,ONGC
2023-03-09,136.72734951643525,136.81330665515296,134.14839924495476,134.36331176757812,5314022,ONGC
2023-03-10,133.76157478274598,134.7071821212145,132.55805664666664,133.93350219726562,4689681,ONGC
2023-03-13,134.2773570263049,135.82472999142354,133.41770683648576,133.93350219726562,8785721,ONGC
2023-03-14,133.93351905560723,134.8361544919771,131.56948073604084,131.78439331054688,7177342,ONGC
2023-03-15,132.38612327440904,132.7729632189746,130.49489556536153,131.13963317871094,9832270,ONGC
2023-03-16,129.9790950006262,131.87032263361712,127.22821725107396,130.8387451171875,18551936,ONGC
2023-03-17,131.95627826213794,133.159783045003,130.6238181057541,131.6553955078125,16593429,ONGC
2023-03-20,131.5264809115358,132.51507339698898,130.32297587557358,130.9247283935547,8749355,ONGC
2023-03-21,131.65540047730786,132.17119575641556,129.76417298261106,130.27996826171875,6148489,ONGC
2023-03-22,131.01066293703266,131.35453082884408,129.67821584757232,130.27996826171875,4329409,ONGC
2023-03-23,129.89313541663884,131.65540762867386,129.2054127128786,131.3545379638672,4484564,ONGC
2023-03-24,131.26856481111238,131.698389851828,127.9159347404181,128.4317169189453,8301726,ONGC
2023-03-27,128.5606621646705,131.05364195736567,128.3027645371321,129.16241455078125,7437261,ONGC
2023-03-28,129.16242456513746,129.16242456513746,126.06767902916826,126.54048919677734,8964539,ONGC
2023-03-29,126.58347770520899,129.67822332383707,125.93874012776311,128.3887481689453,24012834,ONGC
2023-03-31,129.03346334097986,131.52644296066768,128.99047821983683,129.85012817382812,7998472,ONGC
2023-04-03,132.81592810086116,135.69576091498396,131.61242331965005,132.08522033691406,20016785,ONGC
2023-04-05,134.75014874575544,135.26594403568905,131.13962106787758,131.44049072265625,15880397,ONGC
2023-04-06,131.698384869132,131.9132973813588,129.29136210874825,129.4633026123047,10670936,ONGC
2023-04-10,129.54928345162608,135.39490747726327,128.94753093072694,135.09402465820312,17431401,ONGC
2023-04-11,135.0510408250493,136.94226848977817,134.44927523958194,136.72735595703125,13305621,ONGC
2023-04-12,136.6843671207685,136.72735224959632,134.62121210922967,135.52383422851562,7333339,ONGC
2023-04-13,135.9536414018502,137.9738241360882,135.82469914954478,136.4694366455078,11610851,ONGC
2023-04-17,136.7703362621047,137.93085602766575,135.8247159044894,137.67295837402344,9358885,ONGC
2023-04-18,137.67296163629914,138.0168295550436,137.02822404552555,137.62998962402344,8008560,ONGC
2023-04-19,136.08261678272285,137.93085929605255,135.867704252465,137.62998962402344,11374283,ONGC
2023-04-20,137.20014645420986,137.6299714579922,136.25452619900148,136.81329345703125,5733670,ONGC
2023-04-21,136.598399215409,137.41507732554223,136.4264718143567,137.20016479492188,3512214,ONGC
2023-04-24,137.2001590821427,138.1887514349451,136.94226143269273,137.75892639160156,7028440,ONGC
2023-04-25,137.715943281891,139.09138868763358,137.54401588547805,138.102783203125,10169778,ONGC
2023-04-26,137.5440156665113,138.91946107006422,137.32910314203238,138.53260803222656,9177783,ONGC
2023-04-27,137.7159326144623,138.31768501390584,137.2001504651758,137.5869903564453,6456825,ONGC
2023-04-28,137.37209580967223,137.37209580967223,133.11683021489455,136.64138793945312,12656744,ONGC
2023-05-02,137.1141723447013,141.67031987991234,136.98523009408555,141.197509765625,16612560,ONGC
2023-05-03,140.036995703579,140.4238487414167,138.27472349662744,138.53260803222656,8029435,ONGC
2023-05-04,138.2317286218424,138.57558338987636,136.8562833152694,138.40365600585938,9929482,ONGC
2023-05-05,138.4466326299897,139.22031236916834,137.28609990400395,137.80189514160156,5488707,ONGC
2023-05-08,137.80191695412876,142.14315268655562,137.54401929450756,141.84226989746094,9699470,ONGC
2023-05-09,141.84227739989126,143.13175264898118,141.32648205336707,142.05718994140625,7600834,ONGC
2023-05-10,142.05716751810925,144.1203223441021,141.84225501051753,143.51856994628906,10901429,ONGC
2023-05-11,142.7878882431714,144.97998552567816,142.7878882431714,143.60455322265625,7877677,ONGC
2023-05-12,144.55014679242444,145.28085456225807,141.84225445427563,142.27207946777344,16373574,ONGC
2023-05-15,142.27207723711254,143.21769749886886,141.32645697535622,142.35804748535156,8559162,ONGC
2023-05-16,144.67911652921438,144.8510439282372,143.34665623165313,144.4212188720703,12249266,ONGC
2023-05-17,144.42121155058857,144.42121155058857,142.78788166684453,143.77647399902344,7360259,ONGC
2023-05-18,143.9914000422311,144.80806506081763,142.70192481797233,143.0028076171875,7433090,ONGC
2023-05-19,142.87383429868166,143.34664444503255,140.9826068304968,141.75628662109375,5969632,ONGC
2023-05-22,141.06857246507562,143.04575700239081,141.06857246507562,142.35804748535156,7331865,ONGC
2023-05-23,142.3580652167033,143.6045552681158,141.3694597076921,141.84226989746094,10119254,ONGC
2023-05-24,141.8422768958529,143.0887670087663,141.5413940919129,142.91683959960938,6107980,ONGC
2023-05-25,142.91683208511537,143.90542447370342,142.05718196731016,142.70191955566406,8077606,ONGC
2023-05-26,142.7448825239609,143.90540213249622,139.52119508266648,140.76768493652344,14873707,ONGC
2023-05-29,137.54402208628144,137.75893462079125,134.53524660314403,136.6843719482422,43253971,ONGC
2023-05-30,137.28611461669135,139.00541476998046,135.17997455235604,136.555419921875,16117505,ONGC
2023-05-31,136.68437622087558,137.0282310399518,128.99050986836474,133.15980529785156,83741017,ONGC
2023-06-01,132.98785548143155,134.10540313096658,131.6983804513261,132.08522033691406,13982606,ONGC
2023-06-02,133.2457516305057,133.2457516305057,131.8703063667874,132.98785400390625,9851058,ONGC
2023-06-05,133.675569852952,134.105394836402,132.77293476426348,133.589599609375,11850547,ONGC
2023-06-06,133.67557812093145,134.01943288207224,131.6983804513261,132.08522033691406,8118800,ONGC
2023-06-07,132.04225910829848,132.81593894262994,131.13962389009887,132.25717163085938,12180164,ONGC
2023-06-08,132.81594553169694,134.66418807052509,132.55804786838556,134.19139099121094,13850599,ONGC
2023-06-09,134.70715307100787,134.8790804484506,132.2141733050431,132.60101318359375,11764248,ONGC
2023-06-12,133.11681467991892,133.46066945094046,131.18260207918064,133.2887420654297,11017643,ONGC
2023-06-13,133.41767976982473,134.27732978524526,132.60101487861886,133.8045196533203,10073644,ONGC
2023-06-14,134.19138262490486,136.168567313509,133.976470105081,135.69577026367188,9695952,ONGC
2023-06-15,135.39489195925182,135.73874675543507,134.27734419582677,135.52383422851562,7426254,ONGC
2023-06-16,136.03961993174948,136.3834747036468,134.40629008940903,134.96505737304688,11466647,ONGC
2023-06-19,135.73874339318962,136.21155356414485,134.53523851913937,135.6527862548828,4718221,ONGC
2023-06-20,135.43787506889458,135.65278759261,134.57822497403293,135.1799774169922,6059738,ONGC
2023-06-21,134.96506470650596,138.01682516248547,134.6212099159249,137.7159423828125,8284206,ONGC
2023-06-22,137.71595062082224,138.36068822964373,135.394897852509,136.64138793945312,10629027,ONGC
2023-06-23,136.68435973087736,136.68435973087736,133.589614263668,134.87908935546875,8722650,ONGC
2023-06-26,134.96505960847637,136.039622184977,133.97646728498339,134.87908935546875,4273205,ONGC
2023-06-27,136.55542034296732,136.55542034296732,135.26594522402416,135.69577026367188,9730174,ONGC
2023-06-28,135.69579385006028,137.672978882335,134.5782459292823,136.29754638671875,40243993,ONGC
2023-06-30,138.40364750732027,138.40364750732027,136.6413624156158,137.80189514160156,7840112,ONGC
2023-07-03,137.801920069739,140.337885359374,137.54402240428692,140.03700256347656,9548822,ONGC
2023-07-04,139.69313978272126,140.03699457222174,137.54401455529478,138.57559204101562,5394282,ONGC
2023-07-05,139.2633118638676,141.32646679274094,138.70454456315332,139.95103454589844,8795342,ONGC
2023-07-06,139.9510292152519,142.5299793367226,139.73611670512938,142.1861114501953,9845699,ONGC
2023-07-07,142.27209565982176,142.70192072223816,139.9510429462173,140.55279541015625,7597171,ONGC
2023-07-10,140.89662751573468,142.18610249525838,139.69312278173302,139.9080352783203,5437687,ONGC
2023-07-11,140.33788019273908,141.9282381401266,140.03699740791885,141.4984130859375,6343183,ONGC
2023-07-12,142.6589131924534,145.28084828494482,142.05716082300077,144.1203155517578,15614026,ONGC
2023-07-13,144.97996218223713,145.53874253302382,143.73347234927846,144.249267578125,11350009,ONGC
2023-07-14,145.28087603570438,145.92561365124746,144.59315328901437,145.49578857421875,9448062,ONGC
2023-07-17,144.24929441936868,144.76507662697205,142.83086383471442,143.0457763671875,4968847,ONGC
2023-07-18,143.04576091897277,144.55014848381808,142.74489127633487,143.4755859375,4322257,ONGC
2023-07-19,143.73347377800417,144.37821126186233,142.78786667200947,143.3466339111328,5968174,ONGC
2023-07-20,143.5615625985901,144.50718292846247,142.70191252314942,143.73348999023438,5217131,ONGC
2023-07-21,143.86243436017315,147.00015164847258,143.13172660509173,146.61331176757812,7842863,ONGC
2023-07-24,147.55895048441985,148.0747458474678,146.35544546026932,147.00018310546875,8451631,ONGC
2023-07-25,147.85978672270141,149.0203193653768,147.2580344001803,148.7194366455078,10480578,ONGC
2023-07-26,149.45017611974265,149.83701604385573,147.85981817734267,148.67648315429688,9103949,ONGC
2023-07-27,149.10632345634266,149.27825087161833,146.7422854239448,147.00018310546875,7731146,ONGC
2023-07-28,146.74226116619812,150.39577388503807,145.19488845006921,147.68788146972656,9004252,ONGC
2023-07-31,148.54753695227132,152.5878897185583,147.3440189658497,152.2010498046875,9277749,ONGC
2023-08-01,150.69665691583964,152.15805938251037,149.83700686283112,151.90016174316406,5584773,ONGC
2023-08-02,152.1580827051531,153.57650026314332,149.57913215082849,151.2554473876953,8975495,ONGC
2023-08-03,150.65367805516678,151.12648822742858,147.4299902223173,147.94578552246094,6152393,ONGC
2023-08-04,149.02035522460938,149.96596249691075,147.945792562526,149.02035522460938,4605271,ONGC
2023-08-07,149.83701604385573,150.00894344154824,147.94578843479874,148.67648315429688,2240015,ONGC
2023-08-08,148.63350217248336,149.4071951595154,148.37561762735936,149.02035522460938,3631238,ONGC
2023-08-09,149.02033545778983,152.37296527189196,148.97735033356426,152.07208251953125,4852294,ONGC
2023-08-10,153.1036648025791,154.5220820052535,152.07207434548764,153.5764617919922,10430692,ONGC
2023-08-11,153.79138903704253,154.47911170200192,151.90016154631837,152.32998657226562,4112277,ONGC
2023-08-14,154.73700019750703,155.12384007455717,152.4589329414865,153.0177001953125,12876956,ONGC
2023-08-16,151.55631140610612,154.26420390547702,151.12648636701746,153.92034912109375,8371665,ONGC
2023-08-17,153.6194449886483,153.96331284244172,152.24401292512678,152.8027801513672,5199363,ONGC
2023-08-18,153.1476182320069,153.1476182320069,150.1303557370565,151.1217498779297,6734650,ONGC
2023-08-21,151.1217390853428,151.98381402233366,150.25966414835193,151.76829528808594,3599820,ONGC
2023-08-22,151.7683078379938,153.36313871077365,151.38037671511333,151.85450744628906,5348036,ONGC
2023-08-23,152.58727140508145,152.75968377017534,150.863121445702,151.29415893554688,6379611,ONGC
2023-08-24,151.29414849701374,152.32863577042295,148.96654884328817,149.2251739501953,7976333,ONGC
2023-08-25,149.2251952694262,151.07865135098805,149.00967650858314,150.60450744628906,4757915,ONGC
2023-08-28,150.94933811205883,151.5527879826154,150.47519423011417,151.03553771972656,4354221,ONGC
2023-08-29,151.38038363971484,151.81142116357026,150.82002696617,151.46658325195312,4596468,ONGC
2023-08-30,151.4665829479114,152.50107037224365,150.8631330465694,151.5096893310547,5937955,ONGC
2023-08-31,151.55280287940099,151.72521526590424,149.18209639087124,150.13037109375,15823452,ONGC
2023-09-01,150.34588713106407,159.26836937821716,150.34588713106407,156.68214416503906,22460960,ONGC
2023-09-04,158.49248913820622,159.00972622976934,156.72523281170342,157.71661376953125,10998180,ONGC
2023-09-05,158.1907873168216,160.34597515492544,157.24249940636687,157.84596252441406,13506519,ONGC
2023-09-06,159.39768755609364,160.99253182109746,157.1994064803082,157.8028564453125,11954407,ONGC
2023-09-07,159.48388814598198,159.65630052934952,156.03558786174455,156.68214416503906,11137801,ONGC
2023-09-08,157.3286763486284,159.44075731808113,156.8976388791801,159.0097198486328,9737214,ONGC
2023-09-11,159.87179421309926,160.3028316809988,157.15626342701992,158.1045379638672,10845871,ONGC
2023-09-12,159.3545627179896,159.39765594291117,155.3459062337789,155.94935607910156,15524470,ONGC
2023-09-13,156.8114486296346,159.2252614358264,155.94937356701053,158.5355987548828,10578786,ONGC
2023-09-14,159.2683707421359,162.84597705598094,158.7942268181485,161.98390197753906,17746404,ONGC
2023-09-15,165.25977721911696,165.25977721911696,160.00112753687233,160.9062957763672,19924829,ONGC
2023-09-18,160.1735241256774,161.6390488712663,159.5700743074019,160.99249267578125,5022956,ONGC
2023-09-20,160.73387672580583,163.36320803478228,160.51835798169662,162.2425079345703,12687099,ONGC
2023-09-21,162.414926742711,162.4580331240871,160.38905836024165,160.94940185546875,7814108,ONGC
2023-09-22,160.86319608458606,161.8114706674301,159.4838708587145,159.57008361816406,7814821,ONGC
2023-09-25,160.3459545042958,160.9494043904033,159.69939823613333,159.9149169921875,5540062,ONGC
2023-09-26,160.34595246702315,162.1994084838515,159.69939620707547,161.85458374023438,12446655,ONGC
2023-09-27,163.19080995401995,163.19080995401995,160.60458479834364,161.42355346679688,5630907,ONGC
2023-09-28,162.84596869311704,163.36321897530777,160.7769938727963,161.59596252441406,14890642,ONGC
2023-09-29,162.50115751253352,165.73393916066084,162.19942596368608,165.3891143798828,10085766,ONGC
2023-10-03,163.19081893966245,163.19081893966245,158.3200867357461,159.13906860351562,22118500,ONGC
2023-10-04,159.00974496749322,159.13906412128813,156.9838764335904,157.54421997070312,9360058,ONGC
2023-10-05,156.25109970898592,158.62180604939812,156.03558095076662,157.070068359375,11128340,ONGC
2023-10-06,158.19077952020714,158.19077952020714,155.69076701291175,156.42352294921875,5759904,ONGC
2023-10-09,157.67352554238064,159.22526330415624,156.25110693404903,156.6390380859375,14622727,ONGC
2023-10-10,157.15629315186845,159.0528557385021,156.94077437715504,158.19078063964844,11819690,ONGC
2023-10-11,158.96664662775297,159.22527179420933,157.54422794357654,157.9752655029297,8499601,ONGC
2023-10-12,157.9321261750121,159.35455771672324,157.75971381807668,159.0097198486328,8677885,ONGC
2023-10-13,159.0528345697987,160.56146579200546,158.6649034577896,159.3976593017578,7435899,ONGC
2023-10-16,162.0269832794579,162.24250201570467,160.561458503824,160.82008361816406,12376549,ONGC
2023-10-17,161.2080339470166,161.2511403302531,159.95802775848557,160.5614776611328,4381065,ONGC
2023-10-18,162.07009836389375,162.11320474430272,160.3890547617081,161.1649169921875,10181113,ONGC
2023-10-19,160.34594336130888,160.90628682642114,159.52697477606017,160.6045684814453,9148124,ONGC
2023-10-20,161.20803425245822,161.466659398146,159.61319014923467,160.51837158203125,7912216,ONGC
2023-10-23,160.30284308575764,160.30284308575764,158.79421184077754,159.3545684814453,4723090,ONGC
2023-10-25,159.3545757261698,160.21665076249374,157.75973164728202,158.9235382080078,6812004,ONGC
2023-10-26,158.19075625226583,158.75109971844688,155.08728111314917,155.94935607910156,8474867,ONGC
2023-10-27,156.03557507175555,160.17353770450256,155.43212520232214,159.2683563232422,6422123,ONGC
2023-10-30,159.48389288556547,163.10460566077174,159.1390681085828,162.75978088378906,7352638,ONGC
2023-10-31,163.10458153086847,163.62183177404188,158.79420668515726,160.47525024414062,9404675,ONGC
2023-11-01,160.47525796877312,162.75976463949908,159.5269833496026,160.94940185546875,9167869,ONGC
2023-11-02,161.20803425245822,161.76837777293065,160.13044044061024,160.51837158203125,11471209,ONGC
2023-11-03,160.90630895773586,164.35460928925312,160.17355302982156,163.7942657470703,7464912,ONGC
2023-11-06,163.96667638967878,167.4149766845373,163.40633285345294,166.6391143798828,8962124,ONGC
2023-11-07,166.72529933162593,170.69084958364118,165.82013110721036,166.55288696289062,13921916,ONGC
2023-11-08,166.9839100365517,169.44082883000033,165.77701040544466,168.40634155273438,10186886,ONGC
2023-11-09,169.3977600144812,169.57017240655225,165.69083439095343,166.1218719482422,5303833,ONGC
2023-11-10,166.12185569811038,169.39774344390023,166.12185569811038,168.8804931640625,6025889,ONGC
2023-11-13,168.8804806099438,170.08739345510617,167.32875619422367,168.79428100585938,11181086,ONGC
2023-11-15,171.12188801012542,175.00122552168997,170.38911899625276,171.9839630126953,19769385,ONGC
2023-11-16,174.57018570278706,175.34604793311127,173.27707321609975,173.96673583984375,18629240,ONGC
2023-11-17,173.14777014252363,173.49259488308743,168.57876998183917,169.2684326171875,13199928,ONGC
2023-11-20,170.6908446805711,171.1218821671382,169.82876970743692,170.56153869628906,6423265,ONGC
2023-11-21,171.36063597867695,172.20411826483542,169.58487809288755,169.762451171875,10720353,ONGC
2023-11-22,169.76244245463477,170.33957186665543,168.4750207631376,169.58486938476562,7538825,ONGC
2023-11-23,169.58487192461158,170.25078110756164,168.3418468689543,169.27410888671875,6541617,ONGC
2023-11-24,169.45167619795166,170.3395550073767,167.05439257413965,167.67591857910156,5751331,ONGC
2023-11-28,167.67594237925923,172.648056289015,167.27638601994,172.20411682128906,9277764,ONGC
2023-11-29,173.58030839761096,173.58030839761096,170.20636618975428,170.4727325439453,8791333,ONGC
2023-11-30,171.04984082669796,173.71347715546847,170.51712168971684,173.0919647216797,14965403,ONGC
2023-12-01,173.3583288320364,176.0219651265107,172.47045006721163,172.73681640625,9935740,ONGC
2023-12-04,174.46821927706495,182.81427625586855,174.0686764463274,179.3959503173828,28615290,ONGC
2023-12-05,179.529126744976,181.08291495736714,176.8210931509312,179.3959503173828,14557746,ONGC
2023-12-06,180.90532892154474,180.90532892154474,176.77669738619906,179.30714416503906,12662213,ONGC
2023-12-07,178.37484820307338,178.37484820307338,174.06864408661056,176.59909057617188,16425880,ONGC
2023-12-08,177.44260961366408,177.84215242264912,172.3373057651864,173.97987365722656,10414387,ONGC
2023-12-11,174.95652739623637,178.33046968364664,172.47046394509428,175.6224365234375,10108266,ONGC
2023-12-12,174.86774637452987,175.62244885754353,172.73684243701348,173.4915313720703,10719911,ONGC
2023-12-13,173.49153246614412,173.49153246614412,170.51714626576862,171.49380493164062,10892122,ONGC
2023-12-14,173.9354770011266,174.290636701969,171.58260325535892,173.97987365722656,15257294,ONGC
2023-12-15,175.13411409050676,179.30714223630386,174.7789679475288,178.508056640625,22863981,ONGC
2023-12-18,178.50806655405188,179.04078579810331,175.22291713121615,176.6879119873047,8061011,ONGC
2023-12-19,179.35155464813712,180.727769782009,176.95428410253086,177.8421630859375,16739742,ONGC
2023-12-20,179.12958562474867,188.2303452413716,178.41927972556695,180.41700744628906,57762576,ONGC
2023-12-21,181.0828951577924,183.56895873538406,178.64122823386344,179.92864990234375,22823936,ONGC
2023-12-22,181.1272976560719,181.5712371111113,179.17396676348997,181.08290100097656,9910694,ONGC
2023-12-26,181.57122443407815,185.12273982643174,180.81652199402058,184.1016845703125,17052969,ONGC
2023-12-27,186.01064399809218,186.36579016649486,181.57124915326898,182.50352478027344,20361303,ONGC
2023-12-28,183.34699046212154,185.47789437518628,182.32593515960232,184.94517517089844,22010872,ONGC
2023-12-29,184.67882582410667,184.67882582410667,181.3492796854509,182.05958557128906,12171663,ONGC
2024-01-01,182.90305887626062,183.87973111468568,181.79321021803088,182.32594299316406,4820168,ONGC
2024-01-02,182.3259357428584,187.12047633657002,180.8165307893226,183.8353271484375,21141219,ONGC
2024-01-03,182.45910523633282,186.8541028718503,181.57122637873508,184.90077209472656,11650902,ONGC
2024-01-04,186.8984990867474,191.249100059608,185.83304716971585,190.58319091796875,31054419,ONGC
2024-01-05,191.2935175322199,193.11367209372935,189.1626134662308,192.181396484375,20743811,ONGC
2024-01-08,193.5575955060538,196.04365907535586,192.75850993461506,193.51319885253906,19310595,ONGC
2024-01-09,196.22124174218823,196.62078454745645,191.7374504769495,192.3589630126953,11951525,ONGC
2024-01-10,190.89396573542254,190.89396573542254,186.18820480072537,188.31912231445312,16500666,ONGC
2024-01-11,190.0060715357364,190.0060715357364,187.20925861221983,188.09713745117188,12586419,ONGC
2024-01-12,189.82851295859382,199.55078427719033,188.54109125349365,198.35214233398438,39228118,ONGC
2024-01-15,202.88032303019816,209.05107850467635,199.4619839407037,207.31971740722656,57884916,ONGC
2024-01-16,208.60715121868017,212.15866692718447,205.18882547801914,208.74034118652344,34505065,ONGC
2024-01-17,206.16549454182086,210.64928605899053,204.8336760841244,206.03231811523438,26010955,ONGC
2024-01-18,204.2565292931062,208.2075874107119,199.46197544144206,207.36410522460938,19232183,ONGC
2024-01-19,209.5394170669853,215.35502647907134,208.65153818110824,214.9110870361328,26391844,ONGC
2024-01-23,217.53032875224517,218.10744461342557,202.43638757351795,204.12335205078125,20282617,ONGC
2024-01-24,205.1000175018664,208.65153295644419,202.52517421648005,208.0744171142578,14458601,ONGC
2024-01-25,208.65155726029212,210.8712546779548,206.69822624234052,207.80807495117188,18291957,ONGC
2024-01-29,213.97881524114325,226.36472320629855,212.2918507476365,224.18942260742188,54127939,ONGC
2024-01-30,227.74094892646886,233.77851490174803,220.7710938032984,221.25942993164062,51491099,ONGC
2024-01-31,222.36926826992791,225.83200411609124,218.68457624624781,223.9674530029297,33293192,ONGC
2024-02-01,226.09836167161635,226.09836167161635,217.92987831313255,219.88320922851562,29758133,ONGC
2024-02-02,221.9697231222288,230.84851204711794,221.0818442297399,228.40684509277344,30482663,ONGC
2024-02-05,230.89291797681807,237.99594981885414,226.49793328210797,233.46778869628906,34001868,ONGC
2024-02-06,235.5986671958639,242.74608137088578,231.02609636424606,241.7694091796875,36708949,ONGC
2024-02-07,244.16667536513066,244.74379117862964,237.5519673214199,241.41424560546875,23756939,ONGC
2024-02-08,242.43531558018276,244.74380607055457,238.9282102872699,242.52410888671875,25252940,ONGC
2024-02-09,244.16669527749153,244.74381113805566,230.09380942140615,237.55198669433594,26743792,ONGC
2024-02-12,232.57987331874693,236.70850451164236,228.0072756092861,228.98394775390625,30906374,ONGC
2024-02-13,229.0727835418172,232.97944574892836,226.1427801125046,230.40460205078125,20711842,ONGC
2024-02-14,229.07277599394394,239.41656065355704,227.2970180405025,238.70626831054688,36168962,ONGC
2024-02-15,241.1923059914204,248.4729240580835,238.8394322453609,246.2088165283203,32831246,ONGC
2024-02-16,247.8754390005063,250.4429350198914,243.5512554360072,247.47006225585938,27044984,ONGC
2024-02-19,247.47003271764336,251.38881157725837,245.39800657541937,247.4249725341797,15322964,ONGC
2024-02-20,247.56009714511984,253.28065099406237,246.88444182813808,249.1816864013672,18968785,ONGC
2024-02-21,248.64113208078777,253.2355932807771,244.677293444663,245.8934783935547,16340579,ONGC
2024-02-22,246.70431397043032,248.64118728593536,241.88463328360015,247.47006225585938,16791453,ONGC
2024-02-23,247.65019240047647,248.64115904007534,244.22688309184645,245.2178497314453,9464646,ONGC
2024-02-26,244.94759522166518,244.94759522166518,241.2540069245185,243.10081481933594,8661999,ONGC
2024-02-27,241.47922287358423,243.4161236320653,238.68653595133208,242.65037536621094,19582774,ONGC
2024-02-28,243.23594043979304,243.50619159884195,238.3712271294948,239.4072265625,9118196,ONGC
2024-02-29,238.73155984611114,239.94774498910758,235.578501508521,238.3712158203125,17179832,ONGC
2024-03-01,240.08285655372777,245.8935032909528,240.08285655372777,243.73138427734375,12930057,ONGC
2024-03-04,245.71333955854007,252.74014450492393,245.48812109881638,251.52398681640625,22280353,ONGC
2024-03-05,252.2446783796806,256.7040149408881,249.22674547914036,255.62295532226562,18544484,ONGC
2024-03-06,256.1184224750112,256.1184224750112,246.43402866627372,252.4698944091797,16807149,ONGC
2024-03-07,252.46989327407297,256.1634815109245,249.7672717582042,250.53302001953125,11386963,ONGC
2024-03-11,250.5330509734765,252.69514295480548,246.11877411732752,246.83946228027344,10684598,ONGC
2024-03-12,246.83943430972656,248.2808379647773,242.38009776589504,243.59628295898438,13780189,ONGC
2024-03-13,243.95663169422107,244.13681746425286,227.695869424686,230.03814697265625,20079496,ONGC
2024-03-14,227.47063588779085,238.14599598141817,226.2994971913971,237.155029296875,21404057,ONGC
2024-03-15,237.78564410847812,239.99276836359522,224.22747728781962,233.10108947753906,34961065,ONGC
2024-03-18,233.28128426066885,236.97484489027872,232.02003893179173,235.66859436035156,9246173,ONGC
2024-03-19,236.02893184121112,237.78564672022983,231.20925158946778,233.55152893066406,8758348,ONGC
2024-03-20,233.73176244859124,238.37125789430456,231.70479601665411,237.6956024169922,10484778,ONGC
2024-03-21,238.46132542192694,240.48829163823257,236.3442663197322,236.88479614257812,12163200,ONGC
2024-03-22,236.88477815222083,238.9567769078674,232.83084602748792,237.155029296875,13025089,ONGC
2024-03-26,235.7136219823347,241.34408317765363,233.59656307439752,239.18199157714844,10830926,ONGC
2024-03-27,238.73153526211425,241.61434215661265,233.91185537247662,235.80369567871094,28563001,ONGC
2024-03-28,236.4343759888412,244.13683716056377,235.98393901991028,241.479248046875,18888942,ONGC
2024-04-01,241.4792517145814,244.58727784440737,241.2540332266952,243.1458740234375,6440401,ONGC
2024-04-02,243.32606712944735,246.88450284958432,242.74050454182907,245.4881591796875,14439120,ONGC
2024-04-03,247.7853243954487,251.34378685508688,246.70429234532713,248.05560302734375,22600929,ONGC
2024-04-04,251.0285107845018,251.0285107845018,239.0468987182863,242.3350830078125,24624383,ONGC
2024-04-05,241.29906727235982,244.94759538376155,240.08288207106318,241.38916015625,13029904,ONGC
2024-04-08,241.02878699412645,245.03768661403512,240.17297333416585,243.59628295898438,13011300,ONGC
2024-04-09,243.23591499513103,245.6232249586232,241.43416747664858,242.29000854492188,13173933,ONGC
2024-04-10,243.19089365455062,246.11873350873492,242.47017811802866,245.0376739501953,11137195,ONGC
2024-04-12,244.94759936561576,245.48812918525533,238.73157517098227,239.36219787597656,21894584,ONGC
2024-04-15,242.42514932696213,254.90225717411892,240.62340169538678,252.1095428466797,75063828,ONGC
2024-04-16,249.54205923762208,263.55063676461594,247.96552998251073,255.08242797851562,79082544,ONGC
2024-04-18,257.64990843613185,259.18140490285185,246.25386029226186,246.97454833984375,34136482,ONGC
2024-04-19,249.31684118785392,252.96536933019297,246.92953095320684,247.9655303955078,32658724,ONGC
2024-04-22,249.81229909226244,250.44292176276065,246.61420803077598,249.3618621826172,14184019,ONGC
2024-04-23,249.40692236907398,251.11857712722852,248.23576990850404,249.3618621826172,8799147,ONGC
2024-04-24,250.08257423187098,252.60500989357024,248.91142178769957,251.6591033935547,9253985,ONGC
2024-04-25,251.65906572814632,254.58690516163963,250.44288077266026,254.0013427734375,17050557,ONGC
2024-04-26,254.9473316643774,257.78507915083594,254.22664349059133,254.85723876953125,11070290,ONGC
2024-04-29,255.80309667746096,256.9742214838999,254.18150753106463,255.12744140625,8952420,ONGC
2024-04-30,256.2985852564658,257.9652072144513,253.55093127970875,254.81214904785156,10658906,ONGC
2024-05-02,253.14557354812186,256.388725184603,251.38885839305152,254.7671356201172,15677336,ONGC
2024-05-03,255.8481498251986,263.91098103675455,255.8481498251986,257.739990234375,28913016,ONGC
2024-05-06,260.0822892340298,260.1273219291436,247.96552505972912,254.18154907226562,15491865,ONGC
2024-05-07,255.75803779050844,256.7490043584588,245.0376462649151,246.4790496826172,13179001,ONGC
2024-05-08,246.38897353133402,252.46987141556255,245.35297420511066,249.4069061279297,12797721,ONGC
2024-05-09,249.7672572877472,250.93838221311188,237.10999158539866,238.95677185058594,14869187,ONGC
2024-05-10,240.53332626808583,244.31700756592775,238.23610886813907,243.46116638183594,9530738,ONGC
2024-05-13,244.9475912393116,244.9475912393116,236.0739784297901,240.44322204589844,7163239,ONGC
2024-05-14,241.38912599783188,247.4249634695203,240.03781540816493,245.8484344482422,9123849,ONGC
2024-05-15,247.28987016219125,248.64118092810486,245.4881224743064,246.34396362304688,6368662,ONGC
2024-05-16,248.6411577884675,251.65909038331012,246.65922451924644,250.12759399414062,23757779,ONGC
2024-05-17,251.16363704190454,255.30766255826103,249.18173092016195,249.94747924804688,11529157,ONGC
2024-05-21,253.2356363935733,255.84816497403608,250.75823338766273,252.3347625732422,17559555,ONGC
2024-05-22,255.8481596802636,255.8481596802636,249.45195018975969,250.4429168701172,17935064,ONGC
2024-05-23,252.19960318440764,256.3436002083244,251.4338550412983,255.3526611328125,17719819,ONGC
2024-05-24,255.8482018493491,257.6049170491844,253.9113283549737,255.17254638671875,11041667,ONGC
2024-05-27,255.84814786929266,256.02833361830744,248.3709066574307,250.12759399414062,13719808,ONGC
2024-05-28,251.6140182446996,251.6140182446996,245.983557511579,247.10964965820312,6927361,ONGC
2024-05-29,246.65924485458345,246.65924485458345,243.4611537395511,244.90255737304688,8327205,ONGC
2024-05-30,245.9385556569884,247.83039619900117,238.73156501502535,240.2630615234375,15390964,ONGC
2024-05-31,241.83958419652402,241.83958419652402,236.92981095725912,238.14599609375,24167379,ONGC
2024-06-03,250.39790926131792,258.14540273799804,246.11875827460977,255.9382781982422,30195397,ONGC
2024-06-04,256.74903108627916,256.74903108627916,200.89485590259739,212.87648010253906,72779900,ONGC
2024-06-05,222.51584115076548,224.99324424050073,207.60637617056457,222.96627807617188,37078551,ONGC
2024-06-06,228.82193368347708,233.77673933410355,224.54278334884512,227.2904510498047,30881233,ONGC
2024-06-07,228.37154545753924,234.9479142705627,226.84006249760563,234.5875701904297,22010688,ONGC
2024-06-10,237.83070003663522,237.83070003663522,232.47048955017777,233.46145629882812,14138524,ONGC
2024-06-11,240.3981978185991,247.74031436397928,238.9567941274382,246.4340362548828,47270206,ONGC
2024-06-12,250.44295018467844,251.43391699685688,247.37998434998258,248.19076538085938,20560662,ONGC
2024-06-13,250.44295116194127,250.44295116194127,245.488144574205,249.1366729736328,16013386,ONGC
2024-06-14,249.54206594478666,250.62312560291497,247.3799741210192,248.1006622314453,10642648,ONGC
2024-06-18,251.29875774302178,251.34379043606944,246.8394214318388,248.4609832763672,17044769,ONGC
2024-06-19,248.55106961262143,249.18169225360919,244.22688647937522,244.63226318359375,13361607,ONGC
2024-06-20,244.85749718583563,246.8394306184533,242.42515432851863,244.90255737304688,12826509,ONGC
2024-06-21,244.54221317558688,247.5150858300538,242.2449684039646,242.92062377929688,17406416,ONGC
2024-06-24,242.9206555355513,244.36205935652117,240.1730009803362,243.1458740234375,7282347,ONGC
2024-06-25,243.3260397129319,243.95663493143374,238.73157744104049,240.5333251953125,14425434,ONGC
2024-06-26,240.44322085861432,242.4701869856413,237.9207851197536,241.20896911621094,10650910,ONGC
2024-06-27,240.89367176128601,241.52429447885706,237.38026910229263,240.9837646484375,22830930,ONGC
2024-06-28,242.33503780640282,248.1456844682715,241.74947536967986,247.01959228515625,19532912,ONGC
2024-07-01,247.7402584138284,248.46094635040288,244.677293444663,245.8934783935547,11750972,ONGC
2024-07-02,246.11872733786078,252.06447228329267,244.58723091707625,247.60516357421875,24470518,ONGC
2024-07-03,248.64118728593536,250.17268385679344,246.8394395519793,247.47006225585938,9125400,ONGC
2024-07-04,247.74027127545085,251.25367326049684,245.9835565366859,249.58705139160156,13444669,ONGC
2024-07-05,249.76725699082291,260.62277510740614,249.09160165180356,259.6318359375,39781962,ONGC
2024-07-08,261.25343851960105,272.9647995566866,258.86612811438556,269.4964294433594,53136198,ONGC
2024-07-09,270.98284067947606,271.9287747090788,264.2713470519977,267.9649353027344,18686252,ONGC
2024-07-10,269.99192159190295,270.0819869888336,260.2174341783074,268.5955505371094,19278800,ONGC
2024-07-11,270.26213973736157,276.74844208805285,265.89289631311027,274.5412902832031,36020507,ONGC
2024-07-12,276.3880770713081,280.8474134787922,274.04582713251557,276.6583557128906,31788101,ONGC
2024-07-15,280.8924386986813,291.5677986836884,278.0546917387393,290.53179931640625,51435537,ONGC
2024-07-16,291.5227416668642,295.12623655151646,288.0543723418896,290.6669006347656,37468292,ONGC
2024-07-18,292.8740820726827,300.26123084298047,289.7660564211787,298.8198547363281,48189915,ONGC
2024-07-19,299.99096473451044,300.17115048509896,286.52289090634224,287.96429443359375,26579496,ONGC
2024-07-22,288.27958668847543,291.29751911011715,283.3247812922673,289.0002746582031,22234557,ONGC
2024-07-23,288.324671832444,289.540857058546,267.91988412335917,283.009521484375,37871058,ONGC
2024-07-24,282.01855684657716,293.4596661077905,281.1627431569519,287.8742370605469,28259305,ONGC
2024-07-25,286.52291690208847,304.089956971361,284.7662293906541,302.513427734375,42054664,ONGC
2024-07-26,303.1440740726766,304.94582191263305,297.3784864833139,298.72979736328125,25703985,ONGC
2024-07-29,300.71169041806115,305.89171523273035,297.9640360785801,299.9009094238281,26721790,ONGC
2024-07-30,299.0901234026429,304.72058506308423,298.1892495369723,299.0000305175781,19792253,ONGC
2024-07-31,299.13515122830773,303.99989201771047,297.06315236799776,301.0720520019531,21393361,ONGC
2024-08-01,304.31519430258805,310.5312462449728,303.72963176246924,307.8736572265625,36044960,ONGC
2024-08-02,304.49537729423815,304.49537729423815,296.0722008557961,297.37847900390625,22939377,ONGC
2024-08-05,288.5949245406004,291.2524857294358,275.6673801369863,279.49609375,37986023,ONGC
2024-08-06,283.5950937881623,290.4868011430386,274.90166611900844,275.75750732421875,28386636,ONGC
2024-08-07,281.432966300609,298.1441915889094,281.0726222833583,296.4775695800781,66110716,ONGC
2024-08-08,296.38749993616557,296.38749993616557,289.81113175524604,290.7120056152344,23478224,ONGC
2024-08-09,300.84681660345615,302.55847132550764,295.6667922517953,299.5855712890625,29814474,ONGC
2024-08-12,299.7657410979068,310.53119343560707,297.1982454051828,307.46820068359375,34754596,ONGC
2024-08-13,309.99069206770116,310.8014730205616,299.94595430770806,302.603515625,28943385,ONGC
2024-08-14,302.55850517193244,303.1440677091282,294.40557987178005,295.62176513671875,17812763,ONGC
2024-08-16,299.5855702392506,302.4683773870676,296.07216792893314,296.9280090332031,16584396,ONGC
2024-08-19,301.7927066353209,305.17098320213415,300.48642869915903,302.0629577636719,19636518,ONGC
2024-08-20,302.5585039134976,302.6936294995977,295.531671018906,297.37847900390625,14972714,ONGC
2024-08-21,297.8739001804916,298.63964836710943,294.13527961345767,295.2163391113281,11835143,ONGC
2024-08-22,295.98207879327373,297.73879371688855,291.5227699365764,292.19842529296875,13387819,ONGC
2024-08-23,294.5134956595428,294.8766387018133,288.29457062627245,289.52020263671875,13229612,ONGC
2024-08-26,293.6963839393301,298.78046907886863,293.0608629071246,297.6456298828125,21346682,ONGC
2024-08-27,299.05284604035654,301.9126355279345,295.9660886933512,298.55352783203125,20165503,ONGC
2024-08-28,298.3719465178911,299.86992886926686,294.74046071768913,297.6002502441406,12446738,ONGC
2024-08-29,296.05688595406156,299.73375425119883,295.01283932576655,299.23443603515625,13799961,ONGC
2024-08-30,300.0061225561384,303.59219805029863,299.1890161113077,300.2784729003906,19666466,ONGC
2024-09-02,299.59757494722106,301.36793533614235,295.7845038200232,296.1476745605469,8975511,ONGC
2024-09-03,296.87391495427573,297.7817862538301,292.01679796045323,292.5161437988281,10321111,ONGC
2024-09-04,285.9795123574354,287.06896920121244,279.98755512873856,285.4347839355469,25397204,ONGC
2024-09-05,287.7498540648661,287.7498540648661,281.5763118621917,282.7111511230469,15571640,ONGC
2024-09-06,282.8019721392685,284.29995457247406,275.72058552445696,280.3507080078125,27946491,ONGC
2024-09-09,280.2599505271268,280.2599505271268,267.504338991944,271.36279296875,30369085,ONGC
2024-09-10,272.4521810800468,273.72319535141725,267.8220319358809,268.36676025390625,15618589,ONGC
2024-09-11,265.4616094623597,265.4616094623597,257.1545911414516,259.0157165527344,44826300,ONGC
2024-09-12,261.4669535246481,267.595085247882,260.10514647504056,266.9595642089844,21964895,ONGC
2024-09-13,268.45760536753977,269.8647950668015,264.23598085767736,264.5991516113281,13672371,ONGC
2024-09-16,267.64049193073924,268.1852203410374,264.5083520570913,265.5523986816406,10971110,ONGC
2024-09-17,266.6419026088667,269.2747247333943,265.23468499148555,267.5043640136719,11873436,ONGC
2024-09-18,270.182559805803,270.3641174794004,261.3761953081771,263.6458740234375,13421760,ONGC
2024-09-19,260.92225503408264,262.55644030431506,256.4736903706316,258.9703369140625,17067311,ONGC
2024-09-20,260.5591079378753,262.4202333407306,258.9249503990774,259.8782043457031,16585530,ONGC
2024-09-23,261.8301410113336,269.0931131764526,261.05844467758163,268.23065185546875,14621229,ONGC
2024-09-24,269.0023042992383,274.1771827379663,267.5497321184374,271.86212158203125,16986759,ONGC
2024-09-25,271.8621475610661,273.4509227784233,269.3655007909332,271.1812438964844,10609614,ONGC
2024-09-26,269.6831714118688,271.1811812929583,264.6444965395838,268.0036315917969,27812412,ONGC
2024-09-27,265.73397558468156,270.95423624709366,263.0103613260317,269.81939697265625,35706130,ONGC
2024-09-30,269.63782772683936,273.9955997187971,266.6872454368992,270.18255615234375,16294341,ONGC
2024-10-01,269.63780962091306,271.5897276173655,263.9182308022781,265.0530700683594,10919818,ONGC
2024-10-03,267.8220610385026,270.5456752185552,263.78202225567685,265.1438293457031,28124665,ONGC
2024-10-04,269.63781676264153,272.08908072471695,266.1879163847938,268.0490417480469,23104209,ONGC
2024-10-07,268.7299639904191,269.0023143579936,255.5658272408884,262.7834167480469,20917962,ONGC
2024-10-08,261.60312122867214,266.823381436643,254.70329349953852,266.41485595703125,10572360,ONGC
2024-10-09,264.417575591565,265.00768652807216,260.4229465143939,261.9209289550781,13147475,ONGC
2024-10-10,262.1024751800028,265.2346147778456,261.05840094135306,262.1478576660156,7237212,ONGC
2024-10-11,264.46293902189035,266.5964424441315,262.82878151457743,265.5977783203125,7011704,ONGC
2024-10-14,265.7340086763741,265.91556635927117,258.87956198156985,260.1051940917969,12690951,ONGC
2024-10-15,260.0143771550144,260.0143771550144,254.9757017012423,257.5631408691406,15087155,ONGC
2024-10-16,256.92762040836885,260.78607407174536,254.79411695917656,259.10650634765625,18188885,ONGC
2024-10-17,258.7433428386484,261.1038139636467,255.06647483861875,255.65658569335938,13343303,ONGC
2024-10-18,256.01972945891134,258.2894079115613,253.47770067435775,257.199951171875,14028398,ONGC
2024-10-21,255.24803703919846,257.8354760549003,249.2560802938985,251.1172332763672,10299773,ONGC
2024-10-22,252.3882789505108,252.52445413535528,245.125306894381,245.85159301757812,10028511,ONGC
2024-10-23,245.12529164088795,249.1199204819763,240.6313168783898,245.89698791503906,18823321,ONGC
2024-10-24,246.85022583555738,247.34957172456052,243.62729347778236,244.30819702148438,7488521,ONGC
2024-10-25,245.125280413851,245.39763075411838,237.49916611996073,239.7234344482422,12961181,ONGC
2024-10-28,236.63667256283946,240.63130114270575,231.7795689319814,239.0879364013672,13835091,ONGC
2024-10-29,239.08797029225366,241.0852710122875,235.50186670645192,240.58595275878906,9122757,ONGC
2024-10-30,240.58591506140783,241.67537179693036,236.99981203751219,237.54454040527344,11166643,ONGC
2024-10-31,239.13335814726466,243.58192315303268,237.09064718181642,241.6300048828125,16173656,ONGC
2024-11-01,244.94372029821176,248.75679169122296,243.89967361151855,246.71408081054688,2955757,ONGC
2024-11-04,248.7567845537106,249.07454511168402,236.1827590633463,240.85829162597656,14355959,ONGC
2024-11-05,240.76753088317722,243.8542884163381,239.31493095403115,242.76483154296875,11676017,ONGC
2024-11-06,243.0372281978956,245.67005018614154,240.0412354200643,244.26283264160156,19244545,ONGC
2024-11-07,245.57919351434754,245.57919351434754,240.40431587728776,240.76748657226562,6766663,ONGC
2024-11-08,241.4484337896568,241.94775202662066,235.72882678041339,238.3616485595703,7836093,ONGC
2024-11-11,238.18007280164235,238.18007280164235,232.41508373802685,233.23216247558594,8450657,ONGC
2024-11-12,236.81827648655445,238.95177996420668,231.87036593451236,232.55126953125,22445400,ONGC
2024-11-13,232.55127272297227,233.27758652641722,226.059997219523,229.28294372558594,17483332,ONGC
2024-11-14,229.28294316781546,230.87171824481058,226.0599966695929,227.6941680908203,12454540,ONGC
2024-11-18,227.96652136511696,228.87439279412496,224.33503564908494,227.55796813964844,14636541,ONGC
2024-11-19,232.53420860536636,237.55694183413758,229.8368174626488,230.67393493652344,17397559,ONGC
2024-11-21,230.67394181886283,230.67394181886283,223.97695924977086,225.23263549804688,16189440,ONGC
2024-11-22,227.6975075419995,229.69729612597473,226.4883267781428,228.44161987304688,9637581,ONGC
2024-11-25,231.13899807558207,242.30063983375905,230.62741998977998,239.8822784423828,31973671,ONGC
2024-11-26,238.99867022818094,240.207836755023,234.90605965358063,236.48728942871094,9242451,ONGC
2024-11-27,237.18490645966398,237.6499749037025,233.04580014627334,236.5338134765625,11689970,ONGC
2024-11-28,237.18489133013384,239.41721404201866,233.65036854234813,234.58050537109375,14202863,ONGC
2024-11-29,236.06872329731215,240.5798782734796,234.62700841498102,238.76612854003906,11476347,ONGC
2024-12-02,237.6499781441757,240.25435011209342,235.04559198349517,239.55674743652344,13677959,ONGC
2024-12-03,242.20764501615625,246.20725074939577,240.76594416385905,244.02142333984375,15345326,ONGC
2024-12-04,245.41658892476906,245.83513343395836,241.83555673448117,242.48666381835938,10713838,ONGC
2024-12-05,242.48667938811323,244.85851691570863,238.95214245450245,243.04473876953125,12896743,ONGC
2024-12-06,242.5796827259783,244.62599518055774,241.4170116462228,241.882080078125,8783386,ONGC
2024-12-09,241.88207540164453,243.09127033252665,239.69627652238333,240.8124237060547,6800856,ONGC
2024-12-10,239.64975106726237,240.67290726801858,236.71982569936515,238.9521484375,11318782,ONGC
2024-12-11,239.51022841324416,240.62640393869944,237.78946963880173,238.67311096191406,5353032,ONGC
2024-12-12,239.97530724942328,240.53339503641044,235.8827107873906,236.30126953125,7123877,ONGC
2024-12-13,235.3246183892384,238.8591269950255,232.06913947871536,236.48728942871094,11143128,ONGC
2024-12-16,236.25476384176065,238.394067278244,233.65037777975573,234.20846557617188,7283872,ONGC
2024-12-17,234.1619455906354,234.8130385292964,229.27872726153578,230.1158447265625,10066884,ONGC
2024-12-18,230.115855589219,230.20887495317368,226.39530811522832,227.09291076660156,8430930,ONGC
2024-12-19,223.23283920978088,226.90687684988953,221.88414364477413,224.95359802246094,9518542,ONGC
2024-12-20,224.62805804852513,227.09291512019274,218.861212191836,220.53546142578125,15556528,ONGC
2024-12-23,221.60510650868906,225.3721636236746,220.30292058406394,224.02346801757812,7722901,ONGC
2024-12-24,224.16296303911915,226.255770785335,221.93064045359324,222.2561798095703,3577400,ONGC
2024-12-26,223.23282835262745,225.09310192223268,222.30269156782484,223.46536254882812,6330006,ONGC
2024-12-27,223.23284088258023,224.162977719591,219.79133742419282,220.3494110107422,6487888,ONGC
2024-12-30,219.55880558270778,220.44243274884485,215.00112651654706,216.39633178710938,19401112,ONGC
2024-12-31,216.39633873796777,223.1398310956264,216.11730902910216,222.53524780273438,12004845,ONGC
2025-01-01,221.19585335827955,222.5259565021495,219.83786143566397,220.39593505859375,9418453,ONGC
2025-01-02,220.48894572019452,229.53917340299554,220.442436038596,228.8787841796875,19745810,ONGC
2025-01-03,231.0925010378835,244.3934610325359,230.66464602836137,240.8031463623047,49760410,ONGC
2025-01-06,241.0077508087842,241.37051781320847,233.88291316966053,236.58961486816406,19265884,ONGC
2025-01-07,241.04493593771335,248.71856421601646,240.02177982350202,245.08172607421875,52956766,ONGC
2025-01-08,247.83497937390536,254.3924329269534,247.18387221330116,252.3740234375,42237794,ONGC
2025-01-09,253.025128117855,253.54600248702272,243.4261089394364,244.7934112548828,14706472,ONGC
2025-01-10,245.55610601627473,247.88144792930763,240.41245084006678,244.64456176757812,13053552,ONGC
2025-01-13,247.4443039518187,249.8347624580414,236.82214287595423,237.8638916015625,20416370,ONGC
2025-01-14,239.52883750907733,243.69586092226217,238.87775872876782,242.1797332763672,8470150,ONGC
2025-01-15,242.6726887196845,245.99328395304758,239.68695749931467,240.14271545410156,9344731,ONGC
2025-01-16,241.83558286163932,247.07225790913486,241.83558286163932,244.7934112548828,14195450,ONGC
2025-01-17,243.69587689293812,248.34656156646747,243.0447696844334,247.9466094970703,12148143,ONGC
2025-01-20,249.36970332692505,251.57412319191795,246.49558377258398,250.54165649414062,9676264,ONGC
2025-01-21,249.3231698388097,250.53236476809423,246.3095355456976,247.23036193847656,8989218,ONGC
2025-01-22,247.41639350514714,247.7791604890967,243.42609860931694,245.6026153564453,7919682,ONGC
2025-01-23,244.62598986359262,245.39799095414006,242.9238519294574,244.6724853515625,5026675,ONGC
2025-01-24,244.61666958264428,247.0815548275274,237.8824881890279,238.5894012451172,6306281,ONGC
2025-01-27,237.18489852035134,238.52429786519056,232.07844206634238,233.2597198486328,6944911,ONGC
2025-01-28,232.5341991270804,234.7665217615959,229.47405531138293,231.30641174316406,8029472,ONGC
2025-01-29,231.51103806293784,234.39446774805396,229.743783864164,233.8363800048828,5651586,ONGC
2025-01-30,234.3944670366293,241.27747348679105,233.40852432707885,238.7847137451172,12588155,ONGC
2025-01-31,239.0544706824183,245.0817390460205,237.38022158543913,244.26321411132812,8850307,ONGC
2025-02-01,241.41702123804342,244.16093644949558,236.0222385678457,239.55674743652344,10921673,ONGC
2025-02-03,237.7429892079078,238.44059185911323,227.74401787396363,231.6040802001953,25719512,ONGC
2025-02-04,234.76651917070103,239.5102224576462,234.39447013330812,236.34776306152344,8402532,ONGC
2025-02-05,240.90542822175647,244.62597537576045,239.74275723613025,243.3702850341797,11590755,ONGC
2025-02-06,244.30043661035901,244.57949469511416,236.53380247191254,238.25454711914062,12327998,ONGC
2025-02-07,239.96212457805282,240.81592221254462,234.79196105790186,236.1200714111328,10098454,ONGC
2025-02-10,236.1675046822518,236.78413871359692,229.38463166467506,230.00125122070312,7582536,ONGC
2025-02-11,230.00124420364347,230.00124420364347,224.6413529176402,226.6809539794922,6711630,ONGC
2025-02-12,226.72839354770454,228.8628658718984,222.1274140809821,225.21054077148438,5985956,ONGC
2025-02-13,226.25406312754978,227.1552818675857,222.1748465157214,222.88633728027344,10079210,ONGC
2025-02-14,222.93378552749203,225.73231313160343,215.10738667386732,218.6648406982422,8065352,ONGC
2025-02-17,218.38022166155025,222.26971016532622,213.49465770160478,221.653076171875,6692422,ONGC
2025-02-18,220.2775417272197,224.9733779617011,217.76361343789318,224.45162963867188,6170974,ONGC
2025-02-19,223.88242318787795,226.53865822245842,222.45944168456518,226.0643310546875,6168581,ONGC
2025-02-20,224.64137839892226,230.19099828931226,224.35677916664935,229.47950744628906,8929816,ONGC
2025-02-21,229.4794926301209,230.57045387084366,225.87461750513728,227.58218383789062,5697387,ONGC
2025-02-24,224.1670424139914,225.73231641737354,221.985134352218,222.31716918945312,6883143,ONGC
2025-02-25,222.93377724839894,224.54648678449416,220.60957693385134,221.03646850585938,5519036,ONGC
2025-02-27,221.51081151260442,221.84284635639077,216.7675393174737,219.13917541503906,9664032,ONGC
2025-02-28,218.1905108419031,218.6648380393855,211.69222244626732,213.6844024658203,17237276,ONGC
2025-03-03,213.21007859160696,214.39589660379607,207.14817749230878,213.57057189941406,11928529,ONGC
2025-03-04,208.79882493639474,216.05602480946195,204.41603206521157,215.11685180664062,12428265,ONGC
2025-03-05,215.45837860010644,219.37632582972915,215.11686244358586,217.1849365234375,7466729,ONGC
2025-03-06,219.60400600646042,221.5772088392448,215.06943926176103,220.65701293945312,10439208,ONGC
2025-03-07,220.65701025179428,224.32829799831137,219.30042698782736,220.93211364746094,9079049,ONGC
2025-03-10,220.93212366057745,222.93378503286394,211.05662783674757,211.7301788330078,16489167,ONGC
2025-03-11,209.55775798023672,215.5912007393287,208.79884601582694,215.0789337158203,10941588,ONGC
2025-03-12,215.43941489826418,217.09006425074185,210.94278793826157,212.87803649902344,6994310,ONGC
2025-03-13,216.4354893675106,218.56996170634332,213.32390418270427,213.8551483154297,16105085,ONGC
2025-03-17,214.88917960228434,218.61738411408467,214.623557551967,217.94384765625,8788971,ONGC
2025-03-18,217.94384765625,217.94384765625,217.94384765625,217.94384765625,0,ONGC
2025-03-19,220.56214254334225,223.0665895183701,219.7083593945916,220.62855529785156,8626593,ONGC
2025-03-20,221.49182315308832,224.86903046892888,220.09730004032127,223.4934844970703,18955995,ONGC
2025-03-21,223.6927062014974,235.2662867684293,223.6927062014974,229.97279357910156,29285333,ONGC
2025-03-24,231.6519104356501,233.74842846463105,230.2858458414872,231.31039428710938,10566066,ONGC
2025-03-25,231.4811499343322,232.77132046948523,228.19881388738798,229.8115234375,8915800,ONGC
2025-03-26,230.8550581538963,231.94600494325695,227.07940315222316,227.41143798828125,7543985,ONGC
2025-03-27,226.60507896674457,230.9024823748127,226.39637383420686,229.7356414794922,9935664,ONGC
2025-03-28,230.9404155853381,241.81198625038184,230.76965027642657,233.72946166992188,32905564,ONGC
2025-04-01,234.31763548625756,239.25063544353637,234.03303627278973,235.33270263671875,11258957,ONGC
2025-04-02,237.21103407604346,238.58658005205547,235.26628967359744,237.77073669433594,15337906,ONGC
2025-04-03,235.26628421547207,236.80309966574592,230.05816650297515,230.8170928955078,11141370,ONGC
2025-04-04,228.2082887137107,228.82492272800505,212.6883029283175,214.40536499023438,38336194,ONGC
2025-04-07,197.3201201546368,209.4628996746011,194.4741568831757,208.55218505859375,27024128,ONGC
2025-04-08,211.54992470239438,215.57222444596655,207.92605805754653,215.02200317382812,11309092,ONGC
2025-04-09,210.60127424706394,212.5554999713238,208.95061039995926,210.5443572998047,16889575,ONGC
2025-04-11,216.5777968756409,219.51861675523296,213.68439813458204,218.54150390625,13886447,ONGC
2025-04-15,221.98512076273354,221.98512076273354,218.28537454014804,220.7423858642578,12102239,ONGC
2025-04-16,220.74239088520497,229.57436088244154,219.82219497488222,228.83441162109375,18748952,ONGC
2025-04-17,228.62569944992785,232.0503422489166,226.97503566187245,230.98785400390625,12891813,ONGC
2025-04-21,231.4811401687742,237.68534765524106,229.3371865726321,236.9548797607422,11698653,ONGC
2025-04-22,236.1864877248348,237.73279903285675,234.5642823275823,235.05758666992188,9896443,ONGC
2025-04-23,235.96829046557616,239.77238923400057,232.34442386609322,239.22216796875,16555874,ONGC
2025-04-24,237.16360540404798,238.4632573295605,235.26629656081562,236.56594848632812,6538518,ONGC
2025-04-25,236.2149428348269,237.80867526001805,231.85112685578355,233.68203735351562,15616265,ONGC
2025-04-28,233.36898722438738,239.01347812601125,231.8321716967187,237.73280334472656,7669983,ONGC
2025-04-29,238.33992963762384,239.1557729765744,232.51519237242871,233.06539916992188,8030552,ONGC
2025-04-30,232.8946648855903,234.73505681417902,229.78307948221152,231.89857482910156,9822483,ONGC
2025-05-02,228.62571852054495,233.6251314392077,226.72840965315456,230.27638244628906,10203190,ONGC
2025-05-05,227.6770630351939,228.76800983877706,222.4594636739707,226.9181365966797,20086323,ONGC
2025-05-06,228.74904790152067,230.5135457246802,223.88244603153018,224.8311004638672,11350559,ONGC
2025-05-07,220.3724203336468,227.76243175119058,220.15423387442024,226.41534423828125,16689539,ONGC
2025-05-08,225.45720603466344,227.05093846335956,219.51862028291822,221.24517822265625,15026122,ONGC
2025-05-09,217.33674303821624,223.2183978076578,216.72010895271418,222.89585876464844,11184507,ONGC
2025-05-12,226.72839731129662,232.040867640935,225.88409549027978,231.4906463623047,11374237,ONGC
2025-05-13,231.61396370191284,232.69542912831045,227.9521571747565,228.77749633789062,9336026,ONGC
2025-05-14,228.7774985900665,234.22276558214875,228.7774985900665,233.3784637451172,8234859,ONGC
2025-05-15,232.3728923506168,236.13905147608597,229.85896398111507,234.8963165283203,16812750,ONGC
2025-05-16,234.37453720724847,236.5849035402926,233.55869390181292,234.57376098632812,8030229,ONGC
2025-05-19,235.2662922287665,236.64183821971795,232.33495359402457,233.91920471191406,8043270,ONGC
2025-05-20,234.11841607123446,239.72496712269475,234.11841607123446,236.4615936279297,13183059,ONGC
2025-05-21,238.58657396487754,239.0134655361529,235.03860141130363,235.91136169433594,7158307,ONGC
2025-05-22,235.91136888547905,237.61894969794858,227.30708101771472,229.2613067626953,18502235,ONGC
2025-05-23,230.04869221047707,232.11675185621687,227.81934857831044,231.69935607910156,8725218,ONGC
2025-05-26,232.7049192788359,234.44095850866765,232.24007342757486,233.3120574951172,7159571,ONGC
2025-05-27,234.17533624175735,234.17533624175735,230.44711705295632,231.9839324951172,9712093,ONGC
2025-05-28,232.07881125887002,232.74286644215235,228.91030904483904,230.2099609375,7385958,ONGC
2025-05-29,231.0922174852382,232.04087188464342,228.95774508657644,230.5609588623047,12938112,ONGC
2025-05-30,230.5609504296201,232.60056599893355,226.62404060620648,227.10784912109375,10108840,ONGC
2025-06-02,226.72841115992412,227.76244102544746,225.45721768440086,226.07383728027344,6278145,ONGC
2025-06-03,228.15138416899538,228.67314698627487,224.45163778340893,225.0872344970703,9515918,ONGC
2025-06-04,225.77974334082546,226.25407053271795,223.408107381363,225.82717895507812,6733580,ONGC
2025-06-05,225.82719129781938,227.31657123459996,224.09115194357037,225.5615692138672,8941808,ONGC
2025-06-06,225.58051356555407,228.12291477380285,225.31489150316764,227.7339630126953,5985346,ONGC
2025-06-09,229.36565096634936,231.58549870399904,228.15137453847348,230.33328247070312,7719525,ONGC
2025-06-10,231.70883056295378,232.4203213425739,230.13406082998517,232.1167449951172,7659657,ONGC
2025-06-11,231.94598834897832,237.5430432183976,231.04476961241986,234.62120056152344,20842417,ONGC
2025-06-12,238.58657475895447,242.09659304324748,234.08046648815912,235.15245056152344,35613271,ONGC
2025-06-13,242.42864132096753,242.8080973010238,236.32878583810452,238.5960693359375,39320377,ONGC
2025-06-16,240.94873006328888,244.27850171044133,239.24114929219132,243.60496520996094,41444122,ONGC
2025-06-17,243.74725480991415,243.88954717450866,238.6340083626097,239.35498046875,18781097,ONGC
2025-06-18,240.9866870222579,242.75118486543363,236.9454243057733,237.505126953125,12691905,ONGC
2025-06-19,237.63792232502314,240.00955827637068,235.45601435472,238.64349365234375,10790997,ONGC
2025-06-20,239.30754044515905,240.24671346012505,236.54696729568312,238.95654296875,15907673,ONGC
2025-06-23,240.01902927442853,242.37170245909323,237.47664259220514,238.4727325439453,16776881,ONGC
2025-06-24,234.79195152043962,235.26627869522838,230.98785278974768,231.39576721191406,22215004,ONGC
2025-06-25,231.47166732244997,232.70492090406742,229.10003138676916,229.48898315429688,13056178,ONGC
2025-06-26,229.57436214139307,232.7713228002688,229.13797475330702,232.1641845703125,15769123,ONGC
2025-06-27,232.42981506595174,233.5776932874047,229.5743704626342,230.36175537109375,21691960,ONGC
2025-06-30,231.47167464346228,233.0843842356688,230.5230202391858,231.6708984375,8783448,ONGC
2025-07-01,232.70493401012828,232.70493401012828,228.9103162993241,230.8740234375,8470489,ONGC
2025-07-02,230.42814822875704,231.23451025978994,227.86678424094285,228.69212341308594,10419419,ONGC
2025-07-03,229.5743596326161,233.55870512787084,229.3846316519501,231.51910400390625,13891239,ONGC
2025-07-04,232.61005597173067,232.8472195717172,230.05817331982476,232.64801025390625,7717259,ONGC
2025-07-07,232.89464356620485,232.89464356620485,228.4644294765456,229.11900329589844,9222263,ONGC
2025-07-08,229.96330180704513,231.18705953530093,228.2936609060866,230.7506866455078,7537067,ONGC
2025-07-09,230.8550567626953,232.031378968416,229.8305082615299,230.8550567626953,9590680,ONGC
2025-07-10,231.00683155505428,232.12625129274087,229.88742629268526,230.6083984375,8012201,ONGC
2025-07-11,230.5704366142865,230.60837641815198,228.43596438277754,229.34666442871094,5608382,ONGC
2025-07-14,230.42814341411312,232.31597084390344,228.7585169142373,231.6803741455078,7568906,ONGC
2025-07-15,231.92702285759904,232.77132469166926,230.23841918945857,231.1586151123047,7843083,ONGC
2025-07-16,231.47166879311624,231.61396116003434,229.85895924167022,230.38072204589844,5656962,ONGC
2025-07-17,230.52300299882418,232.00290144276602,230.3522521669769,231.34832763671875,7006298,ONGC
2025-07-18,232.17367558707093,234.6496640703136,230.9593991522172,233.66305541992188,10293817,ONGC
2025-07-21,233.3689971212921,233.65359635430858,231.87960267118638,232.45828247070312,5424455,ONGC
2025-07-22,232.45825302296387,234.1942922015932,231.53807163077764,233.75791931152344,5869862,ONGC
2025-07-23,233.36898448425697,234.50736687936057,231.71832060240035,232.9420928955078,7357753,ONGC
2025-07-24,232.9515773952132,233.5587156458764,231.24399654168624,232.25906372070312,4590999,ONGC
2025-07-25,231.47166246127597,232.2305888398189,226.96555427811586,227.9521484375,7427827,ONGC
2025-07-28,227.95215592494517,229.15695104763108,225.5900157692294,227.69602966308594,6865890,ONGC
2025-07-29,227.69603382289503,230.05817402176504,227.5063058373904,229.04312133789062,6157824,ONGC
2025-07-30,230.08661762011818,231.19655593796062,227.77191318610545,229.39410400390625,8767763,ONGC
2025-07-31,227.866775517435,230.34276398844028,227.35450852961043,228.62570190429688,10254214,ONGC
2025-08-01,227.77192464267418,228.35060439911317,222.03256269280894,224.63186645507812,12629251,ONGC
2025-08-04,224.35675776953582,226.14971394394564,221.98512185231027,222.7725067138672,16174972,ONGC
2025-08-05,223.40810698670734,223.88243417776192,221.08390664560332,222.4404754638672,9562689,ONGC
2025-08-06,222.5068865101973,223.28477557038872,220.95109391449745,221.76693725585938,7568954,ONGC
2025-08-07,221.17878236597844,222.17487244767693,219.43326162728522,221.91873168945312,5560413,ONGC
2025-08-08,221.8902455733204,223.04760503260013,220.7328861140407,221.45387268066406,5249568,ONGC
2025-08-11,221.45386834271704,222.93376677633057,219.6893707160279,221.785888671875,4699743,ONGC
2025-08-12,221.79539159476147,224.2239444329932,221.6151449508539,223.4270782470703,7036778,ONGC
2025-08-13,225.53310259315816,227.62962071401128,224.1670379391325,226.41534423828125,8501906,ONGC
2025-08-14,226.2635497634159,226.4153379374875,222.39303817649284,224.774169921875,7258450,ONGC
2025-08-18,225.0682548413787,226.33944825449936,223.40810965287537,225.93153381347656,8501972,ONGC
2025-08-19,225.30541385601154,226.29200803596785,224.5275103210723,225.7228240966797,5538059,ONGC
2025-08-20,224.83109149117104,226.81377570155288,224.83109149117104,225.7133331298828,7438061,ONGC
2025-08-21,225.7797519340511,228.61623386063945,225.0492839776461,226.0548553466797,8111371,ONGC
2025-08-22,225.77975242777097,226.37740934571087,223.77809101841123,224.1575469970703,5423818,ONGC
2025-08-25,224.16703589899487,225.29593694240356,223.55040185852496,224.60340881347656,8854258,ONGC
2025-08-26,224.50853684638096,225.1156750375799,221.79538488798528,222.1653594970703,14671897,ONGC
2025-08-28,222.26974265487584,223.1994199716741,220.448327830502,221.40646362304688,13870643,ONGC
2025-08-29,221.4064456222828,223.2847772454379,219.4522199115343,221.71002197265625,9928988,ONGC
2025-09-01,221.98513380267917,226.90865254794326,221.1028921421287,226.46278381347656,4366396,ONGC
2025-09-02,226.49122786897436,230.0486817098483,225.21053869613303,227.1932373046875,5921193,ONGC
2025-09-03,227.2027295085964,229.5174485678663,226.21613529865908,226.79481506347656,4364007,ONGC
2025-09-04,227.98686181696087,228.25388001685536,224.51559611553148,224.7921600341797,8778730,ONGC
2025-09-05,224.82077202575817,226.1654087675379,222.20779153656213,223.27587890625,7210683,ONGC
2025-09-08,223.27587654469662,224.0864623173586,221.30183353384794,221.7500457763672,8418326,ONGC
2025-09-09,221.75003284808673,223.714530025583,220.06208502363418,220.6056671142578,11665314,ONGC
2025-09-10,222.1982401363559,222.2363793543644,220.29095910514255,220.9966583251953,11775053,ONGC
2025-09-11,221.33998708650583,224.31534107525258,221.33998708650583,222.9230194091797,11047708,ONGC
2025-09-12,223.63824263448944,224.4965278698952,221.91215554797586,222.43666076660156,6073522,ONGC
2025-09-15,222.34129323679934,223.33308757910552,221.24461240106112,221.4925537109375,6153784,ONGC
2025-09-16,221.70235797762393,224.3630233447716,221.6451418710445,224.1913604736328,7319921,ONGC
2025-09-17,225.0591681306206,226.92830999737222,224.27717590074903,225.89837646484375,7628371,ONGC
2025-09-18,226.68034919799007,226.68034919799007,223.62870243748134,224.6681671142578,6497852,ONGC
2025-09-19,224.21043972495937,226.39427027371585,223.86712853046046,225.71719360351562,16484017,ONGC
2025-09-22,225.05917624000872,227.39559274408467,224.7253962173977,226.46102905273438,9962796,ONGC
2025-09-23,226.25122782443302,226.5754621296114,224.24857678393056,225.68858337402344,7014239,ONGC
2025-09-24,225.68858449598852,228.99771849236066,225.3071195308819,227.4623565673828,8299331,ONGC
2025-09-25,227.8438058192806,230.91452965357823,227.46235540751957,228.5590362548828,10150654,ONGC
2025-09-26,228.87373893983025,229.12168025184423,225.8602312181197,226.98553466796875,6349466,ONGC
2025-09-29,227.92009634948184,229.97996347409776,227.12857292979888,228.8546600341797,10631271,ONGC
2025-09-30,228.87373189587683,229.7224714029347,227.4432710715276,228.39691162109375,7167687,ONGC
2025-10-01,227.53864474331868,234.8721284686589,227.41466681335862,231.77279663085938,10375310,ONGC
2025-10-03,231.2578329200823,232.8790189416132,228.58763647505498,232.3640594482422,10702610,ONGC
2025-10-06,231.47718213130497,236.02605193387743,231.47718213130497,234.4620819091797,9465503,ONGC
2025-10-07,234.462072545419,237.93332365923317,233.31770676475287,233.94711303710938,12498420,ONGC
2025-10-08,235.12008452060257,235.3584946621665,229.96088556482363,230.59982299804688,5073558,ONGC
2025-10-09,230.6284368166714,233.16512427866502,229.40777802545958,232.10658264160156,9292031,ONGC
2025-10-10,232.7359845557541,235.6255143254089,232.30684920854407,234.91981506347656,9050771,ONGC
2025-10-13,233.64194055992363,234.29040916537696,230.18976633952715,232.7741241455078,12607116,ONGC
2025-10-14,233.92803480650556,237.20856069658456,232.59292927723604,233.3463134765625,13865005,ONGC
2025-10-15,233.34631012138007,236.68405206946153,232.96484516790215,236.23583984375,8520238,ONGC
2025-10-16,236.50287462430572,237.17042015046508,234.59559337733552,236.83665466308594,6083826,ONGC
2025-10-17,237.02736106742685,237.02736106742685,233.42260096083268,236.2072296142578,14250215,ONGC
2025-10-20,236.20723163486437,237.6472236358655,233.63240504404249,237.20855712890625,10920554,ONGC
2025-10-21,237.2085613617237,237.74259775436883,235.92114076763963,236.61729431152344,569979,ONGC
2025-10-23,238.4101449569856,241.49994567413228,237.53279736971194,240.61305236816406,13879042,ONGC
2025-10-24,242.22469643562812,245.46706844137188,241.12801563846767,243.14019775390625,17882209,ONGC
2025-10-27,243.5788705819248,244.21780801224972,240.2315974480555,241.52854919433594,7889080,ONGC
2025-10-28,241.36644202595141,242.02444181771637,238.27664123902568,238.92510986328125,8529692,ONGC
2025-10-29,239.3160893343647,245.40985177061228,238.9346389409463,243.78866577148438,8806213,ONGC
2025-10-30,244.60880614317784,244.60880614317784,241.66206027495866,242.73013305664062,5266883,ONGC
2025-10-31,242.892251525805,245.94389845531867,241.57623742734617,243.53118896484375,7199008,ONGC
2025-11-03,243.1783357059354,246.5160775685659,242.51079024368926,245.610107421875,5450040,ONGC
2025-11-04,244.22735141413506,245.56244236761256,240.31741932675092,240.6511993408203,6006851,ONGC
2025-11-06,241.79557279541268,243.65516902248618,238.83928116675185,239.84060668945312,6987258,ONGC
2025-11-07,238.41014185531267,241.84325371858927,238.41014185531267,240.50814819335938,4449104,ONGC
2025-11-10,240.3174294341684,243.65517150964297,237.93332795168658,239.7452392578125,7418162,ONGC
2025-11-11,242.41542804729232,242.41542804729232,234.59557834603777,237.88563537597656,16183880,ONGC
2025-11-12,240.88961432398222,243.7505360401749,238.31477313828856,242.0816650390625,11917811,ONGC
2025-11-13,241.9386158642892,241.9386158642892,235.83532188131284,239.2207489013672,13057927,ONGC
2025-11-14,239.8557909198375,243.91037368298927,239.46499315036962,241.9075164794922,9185042,ONGC
2025-11-17,241.90751675061105,243.9592274045859,241.76095640591186,242.34716796875,6281588,ONGC
2025-11-18,241.3213143875955,243.71498436247566,240.63741081019828,241.2724609375,7708871,ONGC
2025-11-19,241.2724574288937,244.54544473395694,239.75808994583485,243.27532958984375,7075882,ONGC
2025-11-20,243.27532385326097,245.32704941521513,241.90751675061105,242.34716796875,6918642,ONGC
2025-11-21,241.37016783769099,242.59142955017882,240.5397039100073,241.2724609375,7589240,ONGC
2025-11-24,241.27246013839206,241.76096482176922,238.68339127968494,240.1000518798828,15875282,ONGC
2025-11-25,240.10005682476142,241.8098232517943,238.97650199304616,239.70925903320312,8983620,ONGC
2025-11-26,239.70925542603885,242.2983242991075,239.4161496327907,242.00521850585938,7232643,ONGC
2025-11-27,242.29832683625767,243.0799373237771,237.2178810293515,238.39028930664062,5600832,ONGC
2025-11-28,239.36729815366456,239.70925739993325,236.97362815372392,237.65753173828125,3804191,ONGC
2025-12-01,238.43913628761888,240.1977561098247,237.42303820902012,239.20120239257812,6307936,ONGC
2025-12-02,237.90178311805474,240.59832362964534,236.9247737417999,237.94085693359375,5413988,ONGC
2025-12-03,238.439131714419,238.74200222366053,234.0523544237178,234.5017852783203,11829802,ONGC
2025-12-04,234.97074300533836,237.12016054187865,234.17936783621036,236.6609649658203,10825420,ONGC
2025-12-05,237.12016488975587,237.60866956192592,235.37132472289798,235.6839599609375,7645591,ONGC
2025-12-08,235.68395708397486,236.43625844416778,232.23511533319206,233.03627014160156,5285903,ONGC
2025-12-09,232.23512824310123,234.67765170991547,231.38513484720352,234.325927734375,9026401,ONGC
2025-12-10,233.81788295557112,234.82420138550393,232.93856560271152,233.78855895996094,3492031,ONGC
2025-12-11,233.78856057999187,235.75235891273405,232.6650057917506,232.92880249023438,8868641,ONGC
2025-12-12,233.01673559362823,233.89603806663862,231.5707658949965,232.5477752685547,4252781,ONGC
2025-12-15,232.52823209800792,233.3000629475615,224.65353889206648,229.9391632080078,12334408,ONGC
2025-12-16,228.7862831727476,229.8903085352076,225.44491290478487,226.87135314941406,7238404,ONGC
2025-12-17,226.4219176473517,228.0535214785498,223.35410887403685,227.5552520751953,5848233,ONGC
2025-12-18,227.64317755863584,228.7472028898814,225.8943373892629,226.66616821289062,3964839,ONGC
2025-12-19,226.66616784641806,228.13168186266645,226.17766317433527,227.53570556640625,5070902,ONGC
2025-12-22,228.41501796089048,229.87076731397062,227.41847912018557,228.79605102539062,4614185,ONGC
2025-12-23,229.20640524608268,232.43052425590307,229.20640524608268,230.07594299316406,5810236,ONGC
2025-12-24,230.12477309077252,231.13110642503094,227.779956640953,228.39547729492188,4114036,ONGC
2025-12-26,228.46386165496023,229.8707574970251,227.6920308319277,229.13800048828125,3710774,ONGC
2025-12-29,229.13799988461315,233.52477719894176,228.62018612577006,229.4213409423828,12621499,ONGC
2025-12-30,229.54834259578686,230.18340761474056,227.946047866518,229.2845458984375,6236729,ONGC
2025-12-31,229.29432996007517,235.45925665996174,229.21616742201886,234.853515625,11514802,ONGC
2026-01-01,235.36154378697555,235.56672230766347,231.9517907351887,232.4696044921875,5840586,ONGC
2026-01-02,232.46961421511622,236.97362805231785,232.46961421511622,235.90869140625,5925943,ONGC
2026-01-05,241.12590780299902,241.12590780299902,230.28109817887704,232.61614990234375,21201434,ONGC
2026-01-06,232.6161577916805,236.78799198417764,232.6161577916805,236.32879638671875,10840459,ONGC
2026-01-07,234.68742775456045,236.12361781573415,232.6845555608174,233.56385803222656,8253161,ONGC
2026-01-08,232.72362478069692,233.39776361918936,225.6891604243898,226.09950256347656,9218488,ONGC
2026-01-09,226.94949481657642,232.77247708835003,226.66616866525584,228.70811462402344,12706408,ONGC
2026-01-12,228.70811302626356,230.7305295176939,226.33398748378042,230.29087829589844,9807980,ONGC
2026-01-13,232.52822588065396,238.5368274349664,230.3788082868825,238.1753387451172,22527192,ONGC
2026-01-14,238.38051543138516,245.22934557232938,237.9799380220571,242.5230255126953,33094088,ONGC
2026-01-15,242.5230255126953,242.5230255126953,242.5230255126953,242.5230255126953,0,ONGC
2026-01-16,241.2235995447885,242.08337253262428,236.82705752459444,241.48739624023438,12287680,ONGC
2026-01-19,239.36729909266347,242.29832724481855,236.72937673731994,237.520751953125,6459249,ONGC
2026-01-20,237.52074792215913,239.69947463738478,234.19892203595015,234.86328125,6496057,ONGC
2026-01-21,234.48225253652112,238.86903004459805,234.00351257071955,236.79776000976562,9610477,ONGC
2026-01-22,238.97650179949548,240.8035045809201,236.99317393838206,238.40005493164062,10746306,ONGC
2026-01-23,239.6604025048917,240.6374118792223,235.99661735115197,239.8264923095703,8080247,ONGC
2026-01-27,240.9305122614502,243.26556401733228,240.23682906174545,242.2494659423828,15915509,ONGC
2026-01-28,243.4707207877218,263.4505585006787,243.4707207877218,262.4051513671875,73427983,ONGC
2026-01-29,263.7925294603933,271.3838815188969,262.8252997268123,269.0586242675781,48267023,ONGC
2026-01-30,267.5931070111898,270.14308712044925,261.84828722339125,262.77642822265625,24420043,ONGC
2026-02-02,245.81556341492188,251.09140804886562,241.9075259355621,248.1115264892578,17015974,ONGC
2026-02-03,253.72933728841463,255.97644684194125,243.6172846656271,251.09140014648438,19213406,ONGC
2026-02-04,252.11724569752343,263.79251911821297,252.11724569752343,260.8126525878906,26628393,ONGC
2026-02-05,261.8385021628709,264.23218696350455,259.8844834900137,263.01092529296875,15268335,ONGC
2026-02-06,261.8385222480453,263.7437025266077,258.61440311689785,262.7666931152344,10013728,ONGC
2026-02-09,263.2551857832825,264.6718314754195,259.64023920011437,260.470703125,10824044,ONGC
2026-02-10,261.1057569228592,266.77239940303303,260.861504577749,265.8930969238281,13459684,ONGC
2026-02-11,266.0396342853192,268.77527835702017,260.2264465378781,268.2867736816406,18388416,ONGC
2026-02-12,269.6545922631895,273.8557207235144,267.16323023931596,269.9965515136719,22753270,ONGC
2026-02-13,263.79251903896335,265.1114875973499,259.8844817198676,261.2522888183594,20748628,ONGC
2026-02-16,261.4965541532367,265.9419647143231,259.5425353965288,265.306884765625,13247757,ONGC
2026-02-17,266.72356092811606,266.72356092811606,261.9362209259316,265.6000061035156,21292868,ONGC
2026-02-18,265.0,266.1000061035156,262.54998779296875,264.6000061035156,11621040,ONGC
2026-02-19,270.29998779296875,276.45001220703125,267.8500061035156,274.6499938964844,37728943,ONGC
2026-02-20,277.3999938964844,280.79998779296875,274.3500061035156,278.6499938964844,31971956,ONGC
2026-02-23,279.8999938964844,279.8999938964844,272.20001220703125,275.6499938964844,13113050,ONGC
2026-02-24,275.6499938964844,278.1499938964844,273.29998779296875,276.5,16311581,ONGC
2026-02-25,276.5,278.95001220703125,274.0,277.45001220703125,7573116,ONGC
2026-02-26,277.3999938964844,281.04998779296875,275.6000061035156,280.1000061035156,13301761,ONGC
2026-02-27,278.5,282.5,277.0,279.70001220703125,18554482,ONGC
2026-03-02,288.0,293.0,277.6499938964844,282.20001220703125,65843426,ONGC
2026-03-04,287.0,288.3500061035156,275.1000061035156,276.95001220703125,53722773,ONGC
2026-03-05,278.0,287.6499938964844,275.3500061035156,276.3500061035156,40569479,ONGC
2026-03-06,279.95001220703125,280.95001220703125,271.1499938964844,278.95001220703125,30725344,ONGC
2026-03-09,289.0,289.0,267.6000061035156,270.79998779296875,56512457,ONGC
2026-03-10,270.8500061035156,270.8999938964844,265.3500061035156,269.20001220703125,18476370,ONGC
2026-03-11,268.0,272.3999938964844,268.0,270.75,16130216,ONGC
2026-03-12,271.6000061035156,273.0,267.75,270.54998779296875,20059801,ONGC
2026-03-13,270.54998779296875,271.29998779296875,263.45001220703125,264.1000061035156,18411729,ONGC
2026-03-16,264.04998779296875,266.0,258.3500061035156,260.45001220703125,21725887,ONGC
2026-03-17,260.6499938964844,265.3999938964844,259.1499938964844,264.75,15662659,ONGC
2026-03-18,265.1499938964844,266.6499938964844,263.0,265.0,8780857,ONGC
2026-03-19,265.0,271.5,262.5,269.1000061035156,28685305,ONGC
2026-03-20,269.0,273.04998779296875,264.0,265.3999938964844,19436124,ONGC
2026-03-23,267.29998779296875,269.70001220703125,263.8999938964844,265.45001220703125,23991581,ONGC
2026-03-24,268.54998779296875,273.29998779296875,266.8500061035156,268.04998779296875,18567283,ONGC
2026-03-25,267.3500061035156,271.5,266.3999938964844,270.20001220703125,13380625,ONGC
2026-03-27,270.5,285.0,269.70001220703125,281.95001220703125,60048871,ONGC
2026-03-30,282.75,288.3500061035156,281.95001220703125,284.6499938964844,44866906,ONGC
2026-04-01,290.0,293.0,282.79998779296875,288.04998779296875,31626297,ONGC
2026-04-02,288.5,288.79998779296875,283.5,287.20001220703125,20935809,ONGC
2026-04-06,287.29998779296875,288.5,280.45001220703125,281.8500061035156,24449779,ONGC
2026-04-07,281.8500061035156,287.54998779296875,280.0,286.6499938964844,22891122,ONGC
2026-04-08,280.0,287.8500061035156,274.75,285.5,42071040,ONGC
2026-04-09,284.8999938964844,289.79998779296875,284.8999938964844,288.6000061035156,13585661,ONGC
2026-04-10,288.6000061035156,291.8500061035156,284.54998779296875,286.5,12889209,ONGC
2026-04-13,287.20001220703125,290.29998779296875,281.0,287.54998779296875,23986567,ONGC
2026-04-15,284.04998779296875,289.79998779296875,283.3500061035156,287.6000061035156,16529148,ONGC
2026-04-16,288.0,288.1000061035156,282.0,282.75,13626398,ONGC
2026-04-17,283.3999938964844,285.5,282.20001220703125,284.04998779296875,17846605,ONGC
2026-04-20,284.0,285.20001220703125,282.5,283.3500061035156,11057036,ONGC
2026-04-21,283.1499938964844,284.8500061035156,282.3999938964844,283.1000061035156,13645673,ONGC
2026-04-22,283.1000061035156,285.04998779296875,282.6000061035156,283.6499938964844,7395183,ONGC
2026-04-23,284.8500061035156,289.79998779296875,284.04998779296875,286.25,13525025,ONGC
2026-04-24,288.79998779296875,288.79998779296875,283.8999938964844,284.79998779296875,11789941,ONGC
2026-04-27,286.0,286.70001220703125,284.20001220703125,285.8999938964844,6497916,ONGC
2026-04-28,286.25,302.3999938964844,286.0,301.29998779296875,51575179,ONGC
2026-04-29,303.8999938964844,307.5,299.75,301.3999938964844,27267649,ONGC
2026-04-30,304.8999938964844,307.45001220703125,296.8999938964844,299.54998779296875,17490096,ONGC
