Date,Open,High,Low,Close,Volume,Symbol
2018-01-01,681.3577590298875,690.193810659958,681.3577590298875,686.757568359375,174646,SBILIFE
2018-01-02,686.7575175430422,687.3957007495383,667.7108948026906,672.6198120117188,342012,SBILIFE
2018-01-03,672.5706556064767,682.3394116865044,667.8581076255318,677.92138671875,125483,SBILIFE
2018-01-04,681.9467300233226,689.4083198649295,677.4305503238186,688.8192138671875,411800,SBILIFE
2018-01-05,687.2482913938909,692.0590534029664,686.266508120471,689.1627807617188,195946,SBILIFE
2018-01-08,679.3941224919158,694.0227193299218,679.3941224919158,691.3228149414062,310252,SBILIFE
2018-01-09,687.395670909641,706.83497022887,687.395670909641,704.1841430664062,605429,SBILIFE
2018-01-10,701.8278198865163,701.975111361717,693.2372153768449,698.6370239257812,297500,SBILIFE
2018-01-11,694.1209060676908,701.6806506926933,686.2666383894142,690.9791870117188,113144,SBILIFE
2018-01-12,690.9791968709895,696.0844829193757,687.2484316552369,688.966552734375,93456,SBILIFE
2018-01-15,688.7210407662899,711.4002128649681,688.7210407662899,703.6932373046875,764541,SBILIFE
2018-01-16,702.9568038112204,702.9568038112204,683.3211389002926,688.082763671875,338329,SBILIFE
2018-01-17,683.3212139423076,701.7787290009168,679.0504803244884,692.4027099609375,232397,SBILIFE
2018-01-18,693.7280979837185,699.0297520953349,687.3465061457695,694.90625,323715,SBILIFE
2018-01-19,692.2062436041546,700.9441381851166,688.6718480002216,698.5387573242188,293534,SBILIFE
2018-01-22,691.273667953336,703.9386977823395,689.0646553033914,701.6315307617188,464739,SBILIFE
2018-01-23,697.0661255320036,708.8475248367699,697.0661255320036,703.8404541015625,399677,SBILIFE
2018-01-24,698.2443372004159,701.2878416452812,685.2847848714813,689.8009643554688,200051,SBILIFE
2018-01-25,689.7029118973768,694.1209376675379,649.1061879564422,669.6254272460938,424803,SBILIFE
2018-01-29,669.576246550352,676.8905445127249,667.6126798449259,669.428955078125,143914,SBILIFE
2018-01-30,669.2817531798896,669.2817531798896,651.2169147203349,655.733154296875,339031,SBILIFE
2018-01-31,657.7948852975169,669.0853945227728,641.8409048705249,648.615234375,324432,SBILIFE
2018-02-01,652.886027117798,708.8476865850379,648.4680013703844,695.7899780273438,1539000,SBILIFE
2018-02-02,695.4953466437493,719.8926388354394,678.5104468103216,705.2149658203125,1772440,SBILIFE
2018-02-05,703.3987388301807,703.3987388301807,677.4305555494574,682.3885498046875,352909,SBILIFE
2018-02-06,657.794751740325,692.1571641446703,652.8858356825614,682.5847778320312,399206,SBILIFE
2018-02-07,687.2973648890805,701.9750367326959,687.2973648890805,700.69873046875,315230,SBILIFE
2018-02-08,704.0367575145789,706.8839529611014,698.0969807278286,701.9750366210938,159852,SBILIFE
2018-02-09,687.2483987192162,704.5769001705297,686.2666152924744,696.9680786132812,159318,SBILIFE
2018-02-12,696.0843293524017,704.9203786671712,669.0852897794947,673.3069458007812,689547,SBILIFE
2018-02-14,676.448754176066,682.3394545027081,667.1218119922161,669.8217163085938,312807,SBILIFE
2018-02-15,672.5216681952287,682.3395027674219,660.9366353847022,669.9690551757812,282049,SBILIFE
2018-02-16,675.4669846073631,681.8976539441823,673.1598175682146,676.6942138671875,226925,SBILIFE
2018-02-19,687.2483953164904,692.1573124258938,666.2382061189215,672.76708984375,423633,SBILIFE
2018-02-20,674.4851689958606,677.430519078812,657.7948518591363,662.3601684570312,172882,SBILIFE
2018-02-21,667.6126661095947,670.5089389251712,650.3823806086319,663.1946411132812,428939,SBILIFE
2018-02-22,662.7037685039726,663.0965058175916,651.9041515357598,654.0640869140625,235890,SBILIFE
2018-02-23,657.7948749077404,667.3672630127412,654.0150328048306,663.3910522460938,288608,SBILIFE
2018-02-26,667.6127694276679,677.1851584010793,661.9675143920663,669.772705078125,271771,SBILIFE
2018-02-27,669.0853741018129,678.2159475597745,663.6855655067139,676.8905639648438,219932,SBILIFE
2018-02-28,676.8415004031598,685.9720740448912,669.6744336394997,681.8485717773438,360647,SBILIFE
2018-03-01,683.2231495442921,683.3213039232337,673.5034690967505,677.4306030273438,272512,SBILIFE
2018-03-05,676.4487494803321,676.4487494803321,653.8677317182892,660.2984008789062,301455,SBILIFE
2018-03-06,665.6491279300811,669.6744157963259,639.1409768178213,643.1171875,245988,SBILIFE
2018-03-07,645.0317241599903,647.9279973109711,638.2083172241694,640.7118530273438,192215,SBILIFE
2018-03-08,641.6935708706541,647.4370393977886,635.2138247574406,641.3990478515625,113706,SBILIFE
2018-03-09,645.522660542815,662.1148259009962,638.6992531349247,658.0894775390625,483527,SBILIFE
2018-03-12,657.9913403959051,677.3324881157234,656.6168194707826,666.189208984375,163349,SBILIFE
2018-03-13,664.667372452289,672.5216397781653,659.7584553736162,665.1582641601562,73256,SBILIFE
2018-03-14,660.7402488159189,671.048974837564,655.3404399474381,661.8693237304688,305570,SBILIFE
2018-03-15,660.2492770724826,664.4218561469183,658.8256792859568,662.7037353515625,140732,SBILIFE
2018-03-16,662.703740041098,665.0109068704403,653.8676901738833,656.2730712890625,150189,SBILIFE
2018-03-19,654.3095830960985,669.379934873735,654.3095830960985,661.8201904296875,138766,SBILIFE
2018-03-20,656.813044669451,675.9578195140763,656.2239986435512,674.0924072265625,167488,SBILIFE
2018-03-21,673.6015208668015,678.4122831682841,658.3348020218422,660.6420288085938,395902,SBILIFE
2018-03-22,662.7038307017565,666.6309645133224,649.9897230021504,652.787841796875,147381,SBILIFE
2018-03-23,648.0261323762969,661.6238686551022,646.0134883562006,652.3950805664062,225060,SBILIFE
2018-03-26,648.1243556660921,657.2549295858164,646.9952807516041,651.0205688476562,186540,SBILIFE
2018-03-27,654.8495387966184,668.3981379594737,653.9168325662952,660.691162109375,369173,SBILIFE
2018-03-28,656.7640788311388,698.0480626770986,651.9042385620162,665.8946533203125,446572,SBILIFE
2018-04-02,668.594454734477,682.3394214984751,668.594454734477,671.441650390625,263227,SBILIFE
2018-04-03,675.4787168615005,675.4787168615005,664.6474254832549,669.5707397460938,783770,SBILIFE
2018-04-04,670.604711685589,680.3528992443131,666.7152808879542,669.5216064453125,520436,SBILIFE
2018-04-05,670.0631069155093,677.103470726543,663.8105215077929,664.6474609375,514819,SBILIFE
2018-04-06,669.2261962890625,674.4941190184156,663.6628265962221,669.2261962890625,667025,SBILIFE
2018-04-09,665.1891198331191,674.4941977932918,664.6475671685722,668.2908325195312,886583,SBILIFE
2018-04-10,667.601423504404,689.2147854444528,667.601423504404,685.0299682617188,955511,SBILIFE
2018-04-11,680.4020351786606,708.9572580732788,680.4020351786606,707.9725952148438,715637,SBILIFE
2018-04-12,702.6062046025822,713.5852200448242,701.0799891179929,708.0218505859375,665026,SBILIFE
2018-04-13,703.0493464911626,708.9573241927691,695.5166508819916,700.7354125976562,681889,SBILIFE
2018-04-16,691.2332686275175,701.5722277736555,691.2332686275175,698.0274658203125,389870,SBILIFE
2018-04-17,699.1106947905557,711.9113131458757,697.3383134996304,710.3358764648438,307669,SBILIFE
2018-04-18,704.9201347498747,713.3882109366948,702.1138096619159,710.2864990234375,241773,SBILIFE
2018-04-19,705.0678285287411,713.8313520179562,702.9508394402363,711.8128051757812,228583,SBILIFE
2018-04-20,706.9880454108705,710.8774763434585,699.2091835456948,705.1664428710938,114992,SBILIFE
2018-04-23,701.1785109021187,713.8806878707537,701.1785109021187,705.9541625976562,523622,SBILIFE
2018-04-24,706.0032495902626,743.420437155716,703.9847028071995,734.5584716796875,1182526,SBILIFE
2018-04-25,738.3987886532855,757.0088828128105,734.6078001418399,754.3502807617188,1763048,SBILIFE
2018-04-26,755.2364875499242,759.2243605034857,731.2599686014889,751.1008911132812,1352072,SBILIFE
2018-04-27,738.4972433840977,762.7199289274723,733.5739284282038,747.2114868164062,700854,SBILIFE
2018-04-30,744.405240925014,751.1501585525012,720.7733285146961,731.7030639648438,448784,SBILIFE
2018-05-02,725.2042472391923,746.0298922280459,725.2042472391923,735.10009765625,514382,SBILIFE
2018-05-03,735.1000255518313,740.5156711303512,705.2647537481589,720.773193359375,259083,SBILIFE
2018-05-04,713.8806542280474,717.7700849846877,689.3625222018333,691.3318481445312,405214,SBILIFE
2018-05-07,693.2027881859667,703.640192491187,685.6208706703701,692.8088989257812,291749,SBILIFE
2018-05-08,698.0276018332708,698.0276018332708,681.6329393816511,691.676513671875,256284,SBILIFE
2018-05-09,694.0889373714464,698.1260314261071,680.4020983292526,689.21484375,1771037,SBILIFE
2018-05-10,692.1195328338133,707.9725804851686,682.3713466985005,702.8031005859375,589720,SBILIFE
2018-05-11,700.1444776583612,704.9201283369297,685.3745355373112,687.5900268554688,402458,SBILIFE
2018-05-14,691.2334353779764,693.7443140422296,677.4481531909513,680.5498657226562,226655,SBILIFE
2018-05-15,679.4174671480913,688.2794341108925,661.8904778414742,668.4877319335938,579274,SBILIFE
2018-05-16,663.6628027371979,672.5247689458548,654.8500576543337,657.4102172851562,632333,SBILIFE
2018-05-17,659.8225400110656,669.2753392623871,655.2931150212374,659.4287109375,203078,SBILIFE
2018-05-18,658.7395099038531,663.3674377630488,652.8807533639701,654.997802734375,224549,SBILIFE
2018-05-21,652.8315431581985,695.8613265747118,637.0769357818317,645.1511840820312,297261,SBILIFE
2018-05-22,645.9388168696563,659.7240964979721,645.8403746262168,649.8282470703125,403662,SBILIFE
2018-05-23,654.6039286914607,673.5094696848831,649.1882823708952,668.6353759765625,355517,SBILIFE
2018-05-24,663.3182646568974,676.3157683866712,661.2996573951868,667.8969116210938,75038,SBILIFE
2018-05-25,664.6474517854825,677.4480693754251,662.7273471271805,673.3616943359375,91418,SBILIFE
2018-05-28,671.2939217362466,687.639301584886,669.472319438923,674.8386840820312,824327,SBILIFE
2018-05-29,669.9646671182587,691.7256933608795,669.5707779151574,684.6361083984375,1042346,SBILIFE
2018-05-30,683.8484338719718,688.0824726306331,674.5925778980121,683.6514892578125,209019,SBILIFE
2018-05-31,679.7620115616246,687.540872540842,660.265698087259,679.220458984375,205322,SBILIFE
2018-06-01,678.3343169581718,682.0268029480753,663.3182072658973,665.6321411132812,250207,SBILIFE
2018-06-04,665.8289631851177,669.5706696131468,648.4004205003782,649.9266357421875,635824,SBILIFE
2018-06-05,649.9266882269006,662.4811392959796,649.8774671052631,654.80078125,189718,SBILIFE
2018-06-06,658.7395663474778,675.8727270903105,651.8469251450379,672.623291015625,174179,SBILIFE
2018-06-07,679.3681718486582,686.3100331918353,670.6538692271779,681.38671875,339268,SBILIFE
2018-06-08,674.9865273934889,686.2117103131811,671.097096288039,681.7314453125,231427,SBILIFE
2018-06-11,677.9404167094983,703.0493210320724,677.6450298549261,701.5723266601562,872476,SBILIFE
2018-06-12,697.3382580599015,718.7054544048602,697.3382580599015,708.8588256835938,678290,SBILIFE
2018-06-13,704.7231574462704,718.7053808186796,689.2639399168966,691.4794311523438,584484,SBILIFE
2018-06-14,691.1841458434781,691.1841458434781,675.478760314888,679.3189697265625,463811,SBILIFE
2018-06-15,674.8386912066574,678.5311770637721,657.8532562639299,661.4965209960938,4172714,SBILIFE
2018-06-18,666.3214277157085,673.5586763306814,659.7241739563337,661.5457763671875,159457,SBILIFE
2018-06-19,656.770128346477,669.5707455406363,656.770128346477,663.1212158203125,382091,SBILIFE
2018-06-20,663.1212784388052,675.4787864925826,663.1212784388052,665.8291015625,294569,SBILIFE
2018-06-21,665.8290733561433,675.2325921493492,664.647465841503,665.090576171875,192773,SBILIFE
2018-06-22,668.38923382101,681.8791289699017,668.38923382101,674.6911010742188,159149,SBILIFE
2018-06-25,675.4788393170646,688.1810164575496,667.3061481789591,679.1713256835938,173207,SBILIFE
2018-06-26,679.1712663212436,683.7006918286709,667.995365934993,674.19873046875,141038,SBILIFE
2018-06-27,671.0969926737048,678.2850198795746,664.1551311947419,667.3552856445312,216975,SBILIFE
2018-06-28,670.6539412945335,670.6539412945335,647.9574712985587,656.179443359375,255422,SBILIFE
2018-06-29,655.78553457241,674.4941309040553,655.78553457241,664.0074462890625,162407,SBILIFE
2018-07-02,664.9429599472351,673.361817186001,650.7145665488885,659.1334838867188,125314,SBILIFE
2018-07-03,660.2165026495769,664.0567121632239,655.4409114202205,659.9703369140625,84524,SBILIFE
2018-07-04,657.7548481382232,661.693499923482,651.2560967321689,653.8654174804688,133985,SBILIFE
2018-07-05,659.7241643983049,660.2164958642738,652.8315238747406,654.8992919921875,134614,SBILIFE
2018-07-06,659.5271761300958,659.7241207232564,654.0623092394374,657.8040161132812,166887,SBILIFE
2018-07-09,654.8009217378436,659.72423693888,650.6161038169627,654.6531982421875,134065,SBILIFE
2018-07-10,659.4288202177838,659.4288202177838,649.8775771400052,651.2068481445312,330679,SBILIFE
2018-07-11,649.8283232255567,653.8654172644908,649.8283232255567,651.9453125,294280,SBILIFE
2018-07-12,654.0623218105412,657.1147527165168,651.2560566259848,654.5054321289062,138269,SBILIFE
2018-07-13,651.8468186976526,654.8008073020226,648.8928300932826,650.911376953125,98347,SBILIFE
2018-07-16,650.9606153450192,651.4037256672397,644.9541957297529,646.1358032226562,55711,SBILIFE
2018-07-17,645.1511528505265,655.7855002949581,644.4618767913664,654.3577270507812,56942,SBILIFE
2018-07-18,656.7701515903785,657.7548144863161,630.1842534000634,639.2431640625,273188,SBILIFE
2018-07-19,640.0309244791666,646.8743440761016,621.3223282251603,624.0301513671875,190097,SBILIFE
2018-07-20,622.306936314699,628.214913558193,618.3682848190364,623.3408203125,295830,SBILIFE
2018-07-23,623.7839476557264,647.120470424457,620.3376275029323,642.7387084960938,128365,SBILIFE
2018-07-24,642.492569775306,648.0559394382703,637.4708128097883,644.609619140625,98615,SBILIFE
2018-07-25,645.6434749348591,654.6038832767031,641.1139895397409,649.63134765625,309730,SBILIFE
2018-07-26,652.8315477770084,671.5401441688081,648.1543986790585,662.8751220703125,349706,SBILIFE
2018-07-27,674.2972018380401,686.9993784167501,662.3335825990339,683.4053344726562,378854,SBILIFE
2018-07-30,683.4052713839562,692.75956890191,674.0017527409819,678.77734375,111734,SBILIFE
2018-07-31,672.7217764091615,700.7846720255205,672.0817214168836,675.4788208007812,300404,SBILIFE
2018-08-01,680.5004855361447,697.3874777992128,676.4141706843627,684.685302734375,141857,SBILIFE
2018-08-02,680.5990677834857,694.1874049672889,675.035697874266,684.5377197265625,156616,SBILIFE
2018-08-03,693.2026842373831,693.2026842373831,675.4787519699499,679.220458984375,86846,SBILIFE
2018-08-06,680.4021212428842,686.703988373614,669.6692706887201,676.069580078125,137689,SBILIFE
2018-08-07,685.1285137725017,685.1285137725017,672.524839201136,675.5772705078125,186264,SBILIFE
2018-08-08,675.5771843591117,678.4819519025723,663.416621714978,666.813720703125,86449,SBILIFE
2018-08-09,673.903313393927,673.903313393927,658.7394806809326,663.072021484375,136388,SBILIFE
2018-08-10,664.6475752824813,665.5830172230621,634.1230199732117,639.9325561523438,357324,SBILIFE
2018-08-13,642.9848572685848,651.403712828631,641.0155315189107,643.6741333007812,227848,SBILIFE
2018-08-14,644.9542498016137,651.8468906391882,643.7234210806183,648.7451782226562,40999,SBILIFE
2018-08-16,650.862215261415,653.1761491731752,636.239994374212,638.6031494140625,310896,SBILIFE
2018-08-17,643.7234217037638,648.5975154634358,642.0494826217779,644.905029296875,151040,SBILIFE
2018-08-20,650.8622614689693,663.6628808322017,649.9268195726131,662.235107421875,171665,SBILIFE
2018-08-21,662.2843505226036,673.5095334531144,653.422382977168,659.8226928710938,118889,SBILIFE
2018-08-23,664.7459736781956,664.7459736781956,656.8194484714807,659.7734375,77770,SBILIFE
2018-08-24,656.3763509900916,663.2689921920238,649.9760413025831,650.7145385742188,136148,SBILIFE
2018-08-27,654.8008487805076,659.7241634329927,646.9235453365316,650.2714233398438,105281,SBILIFE
2018-08-28,649.8775179957511,653.2253959159569,643.969540559426,648.1543579101562,164292,SBILIFE
2018-08-29,649.8775585316945,663.1705085925701,648.1543983386181,659.034912109375,215118,SBILIFE
2018-08-30,662.5304207451114,664.4505254562062,640.5724496799859,654.0131225585938,325212,SBILIFE
2018-08-31,653.963872588384,667.6014293699636,649.0897793364477,662.0873413085938,121399,SBILIFE
2018-09-03,658.3456050260518,664.6474717608883,654.8008425496158,656.720947265625,88542,SBILIFE
2018-09-04,661.1027892347952,664.6475521399165,652.8808167896269,654.6531982421875,82766,SBILIFE
2018-09-05,649.9268481117582,662.1366942340012,649.9268481117582,659.1334838867188,169872,SBILIFE
2018-09-06,659.1334144008232,671.4417014930177,656.2286466272536,668.6353759765625,139910,SBILIFE
2018-09-07,670.0631318032625,674.4941150407566,660.8072761119857,665.7305908203125,1353205,SBILIFE
2018-09-10,660.9057710660159,676.3157098711132,660.9057710660159,665.6321411132812,125634,SBILIFE
2018-09-11,663.712021991729,671.5401041404498,661.1027013415251,666.222900390625,391766,SBILIFE
2018-09-12,663.0720741346845,665.4844503541201,652.8315551128978,662.9735717773438,232965,SBILIFE
2018-09-14,660.9550451312199,667.6015204453886,656.0809512143508,659.7734375,717060,SBILIFE
2018-09-17,654.456224053526,658.3455944502547,623.2916190608612,632.7936401367188,1979234,SBILIFE
2018-09-18,632.1536659497893,632.1536659497893,610.3926370026691,613.445068359375,350633,SBILIFE
2018-09-19,613.789613612167,625.2609607907054,600.6443875312289,603.0568237304688,208275,SBILIFE
2018-09-21,606.5524353063141,620.0423310334262,580.4588646316107,603.9430541992188,1139496,SBILIFE
2018-09-24,600.6443706536242,600.6443706536242,573.0738093777202,577.898681640625,287803,SBILIFE
2018-09-25,566.1811529514847,573.0737930743724,546.48789545752,557.368408203125,367015,SBILIFE
2018-09-26,566.1320155885583,580.951182025498,562.5871926557455,568.396728515625,141456,SBILIFE
2018-09-27,572.6306963132138,572.6306963132138,537.6259423090559,543.3369750976562,615329,SBILIFE
2018-09-28,551.4112178583425,551.4112178583425,500.2087476286393,503.7535400390625,527415,SBILIFE
2018-10-01,504.14742938196383,524.8253512902085,477.5615297856493,513.35400390625,568704,SBILIFE
2018-10-03,516.948139089221,545.9957011904248,513.3540946540213,533.7366333007812,1232831,SBILIFE
2018-10-04,533.9826459002837,575.0430983317993,526.7946191909464,556.7283935546875,1801469,SBILIFE
2018-10-05,558.8945338610796,571.7936515070083,531.7670880405707,549.7371826171875,874787,SBILIFE
2018-10-08,556.3346309436516,557.8116255390772,524.9238551746411,541.0231323242188,237685,SBILIFE
2018-10-09,545.3554747558879,555.7437155087615,531.7671399608957,532.0133056640625,205413,SBILIFE
2018-10-10,531.7179278224041,585.8743834339454,527.7300553835461,552.445068359375,152186,SBILIFE
2018-10-11,551.411251143457,551.411251143457,523.8406885862842,532.554931640625,223216,SBILIFE
2018-10-12,541.5646486584418,546.2910190269216,532.2103501816141,544.0263061523438,213930,SBILIFE
2018-10-15,547.4727097399394,547.4727097399394,526.7947836526396,530.4380493164062,266017,SBILIFE
2018-10-16,533.8842549884291,541.1215035157918,530.4379347184362,538.2167358398438,505786,SBILIFE
2018-10-17,542.5493146502574,558.3039226981779,540.5799886442675,551.362060546875,379784,SBILIFE
2018-10-19,549.4419185302143,572.9261055245445,546.7340954550205,555.4976196289062,1287121,SBILIFE
2018-10-22,565.1965825562752,569.1352346995245,544.5678799361946,549.2942504882812,1008814,SBILIFE
2018-10-23,538.807491204183,577.0616165913056,536.7396632838497,570.5628662109375,719595,SBILIFE
2018-10-24,577.0124478156181,590.6007835430013,549.6880528891959,555.1036987304688,226896,SBILIFE
2018-10-25,554.9067576118097,560.2731823625089,548.3095042531083,554.7590942382812,112717,SBILIFE
2018-10-26,554.414485386087,569.1352091299344,543.5339713490032,561.6517944335938,587007,SBILIFE
2018-10-29,559.3377939440682,576.0278434800982,557.3684679834524,570.0214233398438,398793,SBILIFE
2018-10-30,571.1044883825717,571.1044883825717,547.6203019947378,550.328125,158937,SBILIFE
2018-10-31,549.934231191229,558.3038658646853,538.6598289348208,551.8051147460938,96124,SBILIFE
2018-11-01,549.4419210637222,560.2732134144408,548.949589593235,555.1529541015625,109226,SBILIFE
2018-11-02,552.5928155055648,563.177941374189,551.6573737578294,554.6605834960938,151367,SBILIFE
2018-11-05,549.4419264084397,571.1045113206005,549.4419264084397,569.0367431640625,140781,SBILIFE
2018-11-06,564.8026289283827,581.8373455856369,564.8026289283827,570.7598876953125,259120,SBILIFE
2018-11-07,579.966496638022,579.966496638022,566.9197121211225,568.8890380859375,34093,SBILIFE
2018-11-09,571.1044236873114,579.7694443027576,562.3409007324905,566.0333862304688,531454,SBILIFE
2018-11-12,563.2271370769715,573.8122624678413,561.7009217148421,566.2303466796875,359942,SBILIFE
2018-11-13,562.5379393859012,566.821259339288,552.2481993909631,563.3749389648438,110885,SBILIFE
2018-11-14,567.1657710656089,576.0277362385091,563.2763409976932,574.0584106445312,431328,SBILIFE
2018-11-15,575.0430994328648,575.0430994328648,567.7073492439197,570.1690063476562,156975,SBILIFE
2018-11-16,572.9753470697515,572.9753470697515,558.3038462933221,568.4458618164062,64388,SBILIFE
2018-11-19,574.9447059270707,574.9447059270707,557.4176577834376,560.0270385742188,438124,SBILIFE
2018-11-20,563.2272481750698,563.2272481750698,553.3806179622189,556.8761596679688,282576,SBILIFE
2018-11-21,557.3684080728927,561.5040041654695,549.5403262010603,551.608154296875,215124,SBILIFE
2018-11-22,551.4112122869192,570.612138429053,551.4112122869192,563.9164428710938,588100,SBILIFE
2018-11-26,557.6637503659838,566.1318864693573,551.5096078921866,559.4854125976562,53829,SBILIFE
2018-11-27,558.3039236244248,565.1965646568251,554.6114373570675,561.750244140625,52652,SBILIFE
2018-11-28,559.2885571984526,575.0431644434794,557.3192312928243,560.2239990234375,120739,SBILIFE
2018-11-29,563.7195689069961,565.6888949119113,556.3345963885639,562.8826293945312,150064,SBILIFE
2018-11-30,562.8825182410661,568.8397162097438,560.3715800013906,562.6363525390625,40722,SBILIFE
2018-12-03,556.5314828776263,563.2271785751424,553.3805495790734,560.6177978515625,63727,SBILIFE
2018-12-04,560.2731070853481,569.1350718722869,556.4821795216645,561.1100463867188,288155,SBILIFE
2018-12-05,556.3346544475588,566.181285499728,556.3346544475588,564.0150146484375,85850,SBILIFE
2018-12-06,564.2119347489233,569.1352500608685,554.3653041250328,559.0916748046875,76272,SBILIFE
2018-12-07,559.2885441278602,563.1287535937125,550.7711857454457,553.922119140625,103784,SBILIFE
2018-12-10,549.4419679873895,561.2579242881936,546.4879789121885,553.82373046875,114905,SBILIFE
2018-12-11,547.620260412124,557.2699441874242,547.620260412124,554.0205688476562,104981,SBILIFE
2018-12-12,559.0423710282463,563.2271884247589,554.168277570144,561.5040283203125,72595,SBILIFE
2018-12-13,566.1320459046931,566.1812670385358,553.6268128563769,562.2426147460938,151320,SBILIFE
2018-12-14,562.2425458527956,565.9842530523198,542.0569553274325,558.3038940429688,98357,SBILIFE
2018-12-17,558.30384890932,584.8897464764304,558.30384890932,580.754150390625,230206,SBILIFE
2018-12-18,588.8285329603361,597.8382243521148,567.5105528361089,578.5880126953125,413782,SBILIFE
2018-12-19,581.8865884776914,581.8865884776914,568.7905831239691,574.1077270507812,155299,SBILIFE
2018-12-20,571.695174586568,586.8590051347002,566.8211420023533,583.3634643554688,134271,SBILIFE
2018-12-21,584.052800163689,596.2625835832068,568.4458577541502,588.3360595703125,2025095,SBILIFE
2018-12-24,575.9292904411907,580.5571574792164,567.7073200776879,570.5628662109375,144403,SBILIFE
2018-12-26,567.1657724894679,575.043074885155,561.4055191522409,566.0333862304688,81515,SBILIFE
2018-12-27,535.6566603867765,595.7211020845584,532.0626164750726,581.5419311523438,926443,SBILIFE
2018-12-28,590.797757437029,595.7210720823375,578.2433050914921,589.6161499023438,519520,SBILIFE
2018-12-31,585.8743989642246,596.5087457827566,585.8743989642246,588.6806640625,169943,SBILIFE
2019-01-01,586.1206425625777,592.5701731026733,583.1174324743411,589.6654052734375,40902,SBILIFE
2019-01-02,584.2989294339116,594.7363310720469,584.2989294339116,592.4716186523438,115282,SBILIFE
2019-01-03,589.222387939768,593.751813890017,580.9511943534163,590.8470458984375,415471,SBILIFE
2019-01-04,593.7517273805432,605.5676821542854,590.7977386871078,593.60400390625,119061,SBILIFE
2019-01-07,593.6040341979146,599.5120118862703,588.5330560748434,593.210205078125,316222,SBILIFE
2019-01-08,590.7977917729592,617.2852501437372,590.7977917729592,603.1060791015625,214725,SBILIFE
2019-01-09,605.5676506748136,639.7846845950572,605.5676506748136,633.0889892578125,304725,SBILIFE
2019-01-10,632.2520804641025,638.4555053668564,621.3223453385007,625.0148315429688,165683,SBILIFE
2019-01-11,625.2609551653044,633.1382585374657,620.3376405577036,628.707275390625,171998,SBILIFE
2019-01-14,623.2915914595268,626.8856349443721,608.7678142493719,610.5894165039062,366016,SBILIFE
2019-01-15,614.4296800482255,621.4700441717342,610.4910282530445,614.3312377929688,68669,SBILIFE
2019-01-16,612.9526119097324,620.6329699668637,608.5216291730355,611.8695068359375,440003,SBILIFE
2019-01-17,611.9679485861403,623.8331236628115,608.5216286825981,613.78955078125,377003,SBILIFE
2019-01-18,617.3836227779419,619.8452799660517,605.5676682750149,610.6879272460938,107504,SBILIFE
2019-01-21,615.414373010416,634.8122460675163,603.1060855502077,608.1771240234375,427431,SBILIFE
2019-01-22,610.4910203789871,620.1407051329082,602.3183300292086,610.392578125,95583,SBILIFE
2019-01-23,613.4450780068674,619.2546140211965,602.8107291238322,610.4910888671875,159259,SBILIFE
2019-01-24,610.4909822963,619.7468373578326,605.6661101707889,608.767822265625,129335,SBILIFE
2019-01-25,617.8267467343749,623.2916137928426,606.2077365697377,610.0971069335938,222746,SBILIFE
2019-01-28,611.475620771081,614.8727195729526,586.1205527600418,590.0592041015625,285382,SBILIFE
2019-01-29,590.8961609961011,608.4724291883228,586.5636804513709,596.8041381835938,302014,SBILIFE
2019-01-30,597.6903967727617,606.9462523274811,586.8591045742438,590.74853515625,260752,SBILIFE
2019-01-31,591.2900968663832,598.4289031982422,584.5944008783821,585.8744506835938,780410,SBILIFE
2019-02-01,590.797660637515,594.7363117084318,579.0801496619193,581.886474609375,546770,SBILIFE
2019-02-04,584.8897734573708,589.8130880487628,562.3409685891733,580.7049560546875,146249,SBILIFE
2019-02-05,580.7049020741084,584.8897190877836,573.0737651668182,575.0430908203125,53619,SBILIFE
2019-02-06,576.0277597233297,580.9510739089992,566.1811313519908,570.513671875,690808,SBILIFE
2019-02-07,571.1045518216761,575.4370931509823,566.2304578509719,568.396728515625,570245,SBILIFE
2019-02-08,568.3966907700321,574.9939445883005,566.1811991212967,568.6920776367188,130409,SBILIFE
2019-02-11,567.1658793165268,570.2183105301692,552.4451556720934,558.1561889648438,339881,SBILIFE
2019-02-12,561.110151907726,576.6678744275574,553.4790141283245,565.8858032226562,288095,SBILIFE
2019-02-14,561.1594702755998,565.6888960564451,556.2361552533505,559.8301391601562,24238,SBILIFE
2019-02-15,559.8301014196404,566.9689077206448,553.380571195096,560.12548828125,72417,SBILIFE
2019-02-18,560.7656175833736,563.3257175221794,554.6606945380701,558.7470703125,33962,SBILIFE
2019-02-19,564.8519683693128,564.8519683693128,552.2975147997084,553.82373046875,91484,SBILIFE
2019-02-20,555.9407445773476,562.3410545242309,547.4726662257123,552.9867553710938,1156061,SBILIFE
2019-02-21,553.3806077880379,557.0238729196217,551.4112817816747,553.2821655273438,97421,SBILIFE
2019-02-22,556.5807539796318,561.257903172738,548.211118581442,551.2635498046875,207746,SBILIFE
2019-02-25,554.3652610302821,556.1868635144702,546.8325651489504,552.3959350585938,256241,SBILIFE
2019-02-26,552.3958711257026,555.3498597413479,546.4878938944116,550.8204345703125,205333,SBILIFE
2019-02-27,554.3651966544543,557.2699641451894,552.4943131589835,554.6605834960938,91914,SBILIFE
2019-02-28,556.3345863888276,573.0738571297303,556.3345863888276,569.6767578125,232357,SBILIFE
2019-03-01,573.0245849243391,612.5587641791379,507.64294452444494,598.5765991210938,11513018,SBILIFE
2019-03-05,589.8130934294336,607.5370261201344,586.9575469007541,598.4288940429688,967319,SBILIFE
2019-03-06,598.6750145798674,612.2633499304555,592.7670374623029,598.6257934570312,594253,SBILIFE
2019-03-07,600.6444121131855,603.0076272824344,580.9511526996384,583.0189208984375,326651,SBILIFE
2019-03-08,577.9971739731094,587.2530301002071,576.4217372318865,578.1448974609375,195823,SBILIFE
2019-03-11,580.7049530991729,616.7928729100279,578.3910192926176,612.9034423828125,693313,SBILIFE
2019-03-12,613.4450609146318,625.1625748818391,602.613767704261,613.3466186523438,398863,SBILIFE
2019-03-13,608.5216732094189,611.9679933651356,600.8413145964894,605.9122924804688,253418,SBILIFE
2019-03-14,609.5063321118362,611.4264367772334,601.6290289504554,605.46923828125,233675,SBILIFE
2019-03-15,603.6967168784684,610.2447483020457,601.628949112626,605.6168212890625,505837,SBILIFE
2019-03-18,606.601609488866,611.3772609436699,596.7549798076927,601.43212890625,91435,SBILIFE
2019-03-19,603.5983639506571,613.1988273250763,592.767071938492,602.5152587890625,1038136,SBILIFE
2019-03-20,604.4353465743054,610.4910479443446,598.2812029458343,603.45068359375,816543,SBILIFE
2019-03-22,600.6444122537571,609.5063789919272,595.7210973992181,606.06005859375,741217,SBILIFE
2019-03-25,592.8162570035464,607.4877575126427,592.8162570035464,601.67822265625,93192,SBILIFE
2019-03-26,602.6137033142612,608.4232385459651,597.4934441421068,600.25048828125,167512,SBILIFE
2019-03-27,598.1334800704669,611.2787055138917,598.1334800704669,609.2109375,302382,SBILIFE
2019-03-28,610.4909744338771,615.2173441516194,604.1891080775197,606.749267578125,89907,SBILIFE
2019-04-01,575.9294450453708,590.6993908738649,574.4524504625215,589.0254516601562,953998,SBILIFE
2019-04-02,590.797728393718,594.6379376678983,581.9849835920345,591.9301147460938,687704,SBILIFE
2019-04-03,592.7698969079273,607.5891443306255,587.8301477670279,594.6964111328125,999883,SBILIFE
2019-04-04,596.6229025734934,596.6229025734934,582.8903763663504,587.5337524414062,1064749,SBILIFE
2019-04-05,590.7939321021003,606.5023567577915,588.916803515689,604.7239990234375,855081,SBILIFE
2019-04-08,603.6373522952637,620.4324995768012,603.1927628072883,612.331298828125,1180323,SBILIFE
2019-04-09,621.914369464493,621.914369464493,607.5890980471219,610.7505493164062,391977,SBILIFE
2019-04-10,613.5167905378657,618.9505141255602,609.5649915649971,613.862548828125,471405,SBILIFE
2019-04-11,617.369865057342,622.1120121212673,614.0601969890122,617.4192504882812,1717441,SBILIFE
2019-04-12,619.7409303357459,619.79031576843,612.8252813691115,617.666259765625,201752,SBILIFE
2019-04-15,619.3457097218748,619.9384554398791,610.7011495862589,615.8384399414062,137884,SBILIFE
2019-04-16,618.4565629194191,618.4565629194191,607.6878861864177,610.256591796875,382679,SBILIFE
2019-04-18,613.5168261084744,613.9120301485412,604.3782904538796,607.4903564453125,322285,SBILIFE
2019-04-22,610.4047843126286,617.1722768940874,597.9566404528109,608.8734741210938,427291,SBILIFE
2019-04-23,610.5530250790218,611.4422040897837,590.794027503649,592.967529296875,1108991,SBILIFE
2019-04-24,594.7457084123608,607.5890542750863,593.0167964693017,602.9456787109375,222954,SBILIFE
2019-04-25,602.254198706396,612.2325282762018,600.7228885134094,606.9469604492188,225934,SBILIFE
2019-04-26,617.468659201525,637.0300542650947,617.468659201525,629.571044921875,2193690,SBILIFE
2019-04-30,627.4468869392621,636.9806265239712,627.4468869392621,632.1396484375,798810,SBILIFE
2019-05-02,632.2384580579413,650.0709390838177,632.2384580579413,642.6613159179688,1022283,SBILIFE
2019-05-03,642.1673375034944,657.9745335035805,641.1300023259223,656.1468505859375,809596,SBILIFE
2019-05-06,652.046875,659.752871462793,644.3408785372069,652.046875,510425,SBILIFE
2019-05-07,650.0709510441059,657.2335869028745,650.0709510441059,654.1215209960938,400330,SBILIFE
2019-05-08,647.1565286609906,653.4300463056868,642.1180086122058,642.7107543945312,290783,SBILIFE
2019-05-09,643.2046460430654,648.5889840175385,633.2757635266445,644.3901977539062,347971,SBILIFE
2019-05-10,642.2660935963759,659.9504178348714,631.4974777486304,634.3131103515625,758566,SBILIFE
2019-05-13,632.0903263898507,638.0674111533309,601.1675069501323,612.5289306640625,324189,SBILIFE
2019-05-14,611.0469633620497,631.2505492308021,587.4843842867933,608.181884765625,1232277,SBILIFE
2019-05-15,616.4806843158908,641.7721754500076,609.318048159977,621.272216796875,552190,SBILIFE
2019-05-16,625.1252825759843,640.8830951212404,618.4566209285914,623.3469848632812,363954,SBILIFE
2019-05-17,627.1999582649815,638.1662381314401,615.838534625656,622.1614379882812,387017,SBILIFE
2019-05-20,636.0914461675816,649.7745868957737,628.3360644603833,637.919189453125,523465,SBILIFE
2019-05-21,642.1673632618697,655.9986603167407,638.2649495328828,651.75048828125,396784,SBILIFE
2019-05-22,651.7504962699968,659.5058780938136,644.9830039482529,651.7011108398438,361789,SBILIFE
2019-05-23,656.9866669915087,675.65894375219,656.9866669915087,663.3095703125,528882,SBILIFE
2019-05-24,667.804697838316,681.6853808522573,657.1348517631716,677.7335815429688,541134,SBILIFE
2019-05-27,673.7817734305913,695.5166693477072,673.2877985233841,690.4781494140625,1669747,SBILIFE
2019-05-28,691.564832219924,695.4178604050164,676.8443566713755,690.3298950195312,373366,SBILIFE
2019-05-29,679.8576001894168,694.5286288990694,669.8792721861754,671.8057861328125,1286226,SBILIFE
2019-05-30,671.8058021010312,678.3262460603812,665.8781038471986,671.70703125,550276,SBILIFE
2019-05-31,676.646848674103,687.6130674401332,668.1998295627956,685.8841552734375,650980,SBILIFE
2019-06-03,678.7214905880732,692.5527873395041,678.2275157040935,687.2178344726562,167500,SBILIFE
2019-06-04,681.9323162613765,691.5648263425767,679.2154544436021,689.984130859375,410079,SBILIFE
2019-06-06,688.6009927427457,691.9106003670506,681.191369434897,687.9588012695312,1320152,SBILIFE
2019-06-07,690.4780977439323,693.540717819565,685.6865053227862,690.0335083007812,680274,SBILIFE
2019-06-10,688.6009887852807,691.5648380913866,686.7733058330494,690.6756591796875,449355,SBILIFE
2019-06-11,687.1190716230581,696.5045945280459,685.6865323828891,692.5527954101562,402010,SBILIFE
2019-06-12,691.4661174975962,693.5407880428124,686.8721266193238,691.5155029296875,387860,SBILIFE
2019-06-13,691.5648599468501,700.4564081461667,685.6371611473056,690.9226684570312,437375,SBILIFE
2019-06-14,691.5155043498563,692.5528396245948,687.6130904118659,691.1203002929688,375865,SBILIFE
2019-06-17,692.9479730944762,698.4804675292969,689.8852927147598,691.5648193359375,486849,SBILIFE
2019-06-18,692.5034805655598,699.4685151608279,690.7251828411877,695.5661010742188,1561472,SBILIFE
2019-06-19,697.4926106962382,700.4564603167605,677.9806006944667,687.9094848632812,358961,SBILIFE
2019-06-20,688.0082233927229,696.5045670410161,681.7347063608513,690.0335083007812,1024232,SBILIFE
2019-06-21,696.5046375643628,702.4323366074639,686.526368295012,691.5155029296875,3605899,SBILIFE
2019-06-24,696.6528311616731,704.8034170768611,690.527530292749,702.037109375,376039,SBILIFE
2019-06-25,666.8661294921053,676.696242275664,661.4324054740215,666.2239379882812,3513192,SBILIFE
2019-06-26,687.1191153649931,735.0346827197051,684.4022532984889,708.8046264648438,6255032,SBILIFE
2019-06-27,697.4925639878395,729.1069578229824,697.4925639878395,718.1901245117188,4196283,SBILIFE
2019-06-28,716.2635706653759,725.9948516090317,708.3599726442408,714.979248046875,1184510,SBILIFE
2019-07-01,716.0659484379889,730.0948465893549,707.4213883464371,727.0322265625,610864,SBILIFE
2019-07-02,731.0828139958875,743.6297878635881,731.0828139958875,740.7647094726562,1257045,SBILIFE
2019-07-03,740.9624185048847,751.7310964403594,732.2684715210293,747.779296875,554389,SBILIFE
2019-07-04,750.8418386876491,753.0647257100796,743.4816007090006,748.273193359375,271994,SBILIFE
2019-07-05,750.4466275564467,767.1430029313561,736.615330658779,744.4695434570312,1195407,SBILIFE
2019-07-08,739.7768114477333,759.0418328932454,730.6876610647881,750.051513671875,787426,SBILIFE
2019-07-09,745.9020220086823,753.8056195928802,738.5911701234335,749.8538208007812,594218,SBILIFE
2019-07-10,742.7406812655365,749.1623552567783,731.0828851567553,733.0093994140625,459594,SBILIFE
2019-07-11,735.0346101155678,752.8177055215896,735.0346101155678,745.0128784179688,292405,SBILIFE
2019-07-12,746.890047360685,779.7887635773525,744.2719562758621,771.2924194335938,1817841,SBILIFE
2019-07-15,771.094858277775,785.3213602441529,756.7695854462211,774.1080932617188,585738,SBILIFE
2019-07-16,773.5645967289844,778.8995491021528,760.918852929235,766.500732421875,440957,SBILIFE
2019-07-17,763.6851752006085,783.5429415355045,747.8779788187071,756.028564453125,880172,SBILIFE
2019-07-18,756.7695697657769,765.6611182356098,728.1190246963154,731.922607421875,424234,SBILIFE
2019-07-19,736.3683645519538,741.950305081557,723.0310421570124,735.8743896484375,577254,SBILIFE
2019-07-22,740.1720407814935,754.7936865233194,726.6371157564155,752.9660034179688,409528,SBILIFE
2019-07-23,754.7936580701974,770.6008550978454,754.7936580701974,766.5996704101562,708849,SBILIFE
2019-07-24,773.0707211787646,798.7574160677715,746.0997036052415,763.1912231445312,8522595,SBILIFE
2019-07-25,760.6225790893959,790.3598441039383,759.782785575233,787.7911987304688,892300,SBILIFE
2019-07-26,789.4705977110227,797.2754246246119,773.5646313272257,785.518798828125,848649,SBILIFE
2019-07-29,783.444202681888,795.7441899289465,772.8731276097266,787.7417602539062,655785,SBILIFE
2019-07-30,788.3839444936784,795.2995931295878,772.4779767509549,787.7911987304688,629929,SBILIFE
2019-07-31,773.5646738872152,790.359820063566,765.6610756865796,787.9393310546875,490133,SBILIFE
2019-08-01,780.8260680559442,793.9164023652118,743.4815792184961,767.636962890625,789834,SBILIFE
2019-08-02,748.1743038552196,793.3236176942659,748.1743038552196,782.1104125976562,941917,SBILIFE
2019-08-05,780.4803452748798,785.4200942956069,764.8213649990432,780.8755493164062,538695,SBILIFE
2019-08-06,778.6032299874242,790.4092424109954,770.6996314176256,777.714111328125,700080,SBILIFE
2019-08-07,780.727387038788,791.9405939760395,772.8237880557949,777.0719604492188,487084,SBILIFE
2019-08-08,785.4200455995449,817.0344373721051,773.8610215477692,803.1043701171875,1081958,SBILIFE
2019-08-09,800.7827610053887,804.9815479840175,785.518923340791,792.0394287109375,714830,SBILIFE
2019-08-13,787.6429941532871,792.039382913105,752.5213901051633,761.956298828125,432634,SBILIFE
2019-08-14,770.6008537631819,806.9573948038696,766.6490545131144,802.3634643554688,1042108,SBILIFE
2019-08-16,791.4464754350932,828.7910220934706,791.4464754350932,825.2837524414062,1340618,SBILIFE
2019-08-19,827.1115946636442,848.4512864829062,823.011578823989,839.6585693359375,999684,SBILIFE
2019-08-20,839.7573304736602,852.057317550532,821.5296445934449,843.5609130859375,1032233,SBILIFE
2019-08-21,842.2272491265265,846.6730234620918,814.2682803650176,819.4550170898438,469687,SBILIFE
2019-08-22,816.2441570537676,827.5561946041151,795.8429690581754,805.376708984375,451114,SBILIFE
2019-08-23,805.129748755943,820.0477674903708,802.4622720796768,811.3538208007812,545349,SBILIFE
2019-08-26,827.9019783183873,829.3345176677751,808.2911978205718,817.13330078125,606859,SBILIFE
2019-08-27,817.0345073056357,836.7935038547441,817.0345073056357,824.1971435546875,851189,SBILIFE
2019-08-28,829.8778493847308,831.6561470020495,811.6501631329533,818.467041015625,538964,SBILIFE
2019-08-29,817.8249041565019,829.6803027969914,812.3911797796109,825.0369262695312,338992,SBILIFE
2019-08-30,829.8777674043162,836.7934154660187,800.2392757113048,828.5934448242188,6692265,SBILIFE
2019-09-03,822.7645566411453,838.4235966801109,786.753775453985,801.4248657226562,592127,SBILIFE
2019-09-04,806.167009730912,819.9983064664914,802.2152106636037,816.4417114257812,423307,SBILIFE
2019-09-05,821.5297103062833,824.9381494507754,810.8104782326911,821.2333374023438,332593,SBILIFE
2019-09-06,824.4441710383996,826.9140457269509,811.4032206229142,825.4815063476562,308380,SBILIFE
2019-09-09,822.9621774935355,824.9380770793542,791.4465549798574,797.077880859375,640219,SBILIFE
2019-09-11,802.2152553004373,804.042938350896,785.4201083298617,790.0140991210938,579309,SBILIFE
2019-09-12,779.4429915079022,789.3224893144549,774.7502300497897,783.2959594726562,3737190,SBILIFE
2019-09-13,787.5441917835898,798.0164353388591,782.7032137384228,788.6802978515625,3681750,SBILIFE
2019-09-16,776.4298626205971,789.1249949134177,775.54068357688,786.8527221679688,2172276,SBILIFE
2019-09-17,786.2104393272316,792.3357401514287,784.3827563158278,788.58154296875,1013597,SBILIFE
2019-09-18,792.4344984950653,797.275476561839,788.4826993547341,793.2742919921875,715018,SBILIFE
2019-09-19,794.3115549293587,795.2995046245445,789.3718064534299,792.1874389648438,456281,SBILIFE
2019-09-20,794.3115723669854,815.5524912797841,790.7055317805278,806.315185546875,1918256,SBILIFE
2019-09-23,812.0947806500441,812.0947806500441,779.4924354414657,782.159912109375,1590491,SBILIFE
2019-09-24,782.4562931799826,793.965933228573,777.5165438543513,785.568359375,976843,SBILIFE
2019-09-25,783.7406398910175,790.261145379882,767.735839527029,786.9514770507812,1031592,SBILIFE
2019-09-26,788.6309425355965,813.7742774737405,788.6309425355965,806.562255859375,1672809,SBILIFE
2019-09-27,809.47659564089,837.4356215327006,809.47659564089,832.34765625,1994366,SBILIFE
2019-09-30,832.6440283519155,841.3379739991776,826.1729696184251,836.20068359375,961777,SBILIFE
2019-10-01,835.8055519461412,838.7694014211276,794.3116592963328,817.6766967773438,759109,SBILIFE
2019-10-03,817.9236410543765,826.0742266803093,810.1681991577788,820.6405029296875,455628,SBILIFE
2019-10-04,820.9862881383644,834.6199833904753,812.1441253217054,814.317626953125,569471,SBILIFE
2019-10-07,814.0706775145429,825.9260757307741,811.156213393118,817.9237060546875,341633,SBILIFE
2019-10-09,816.0465749454128,833.7309013552615,816.0465749454128,827.1610107421875,506576,SBILIFE
2019-10-10,825.1356537646827,837.7813986657413,795.9911357686457,817.2320556640625,5286384,SBILIFE
2019-10-11,821.9742108283465,832.6440563128192,820.9862610557163,829.4826049804688,384745,SBILIFE
2019-10-14,835.9042168180856,837.3861413676742,812.0946531745609,818.7139282226562,366115,SBILIFE
2019-10-15,819.0103605731748,833.8296071456689,819.0103605731748,827.9512939453125,394890,SBILIFE
2019-10-16,826.4199858193348,881.7451731545203,821.9742118370431,866.7777099609375,3634345,SBILIFE
2019-10-17,869.395882435571,917.3114509561678,869.395882435571,892.0199584960938,3687636,SBILIFE
2019-10-18,894.8849617037483,918.7933601238962,888.1669147864329,914.7921752929688,1819540,SBILIFE
2019-10-22,918.002986915166,985.4799477164158,918.002986915166,977.2305908203125,2040975,SBILIFE
2019-10-23,982.0221369516346,1000.1016068899042,958.4595574836802,974.0691528320312,1357514,SBILIFE
2019-10-24,979.4534225565264,981.972682400984,943.1462686402997,957.9655151367188,982596,SBILIFE
2019-10-25,962.26300518297,987.9496973131108,953.6184453314803,970.3148193359375,975234,SBILIFE
2019-10-27,978.0702427166015,986.9617903776615,965.3751126759547,981.97265625,150914,SBILIFE
2019-10-29,986.4678512266902,1007.7087714083366,969.1787301486061,1002.1268310546875,880342,SBILIFE
2019-10-30,1003.7569960739828,1017.5882932639786,964.3377749626266,987.752197265625,7610404,SBILIFE
2019-10-31,993.8775184773701,1001.0895401002239,975.1064719057299,979.55224609375,849468,SBILIFE
2019-11-01,981.3304574610372,996.8412803248356,981.3304574610372,985.4798583984375,655253,SBILIFE
2019-11-04,990.9136383412493,991.0124092002789,977.7739182078247,986.6654663085938,875743,SBILIFE
2019-11-05,987.9498675924777,990.9137171952551,954.4583429612229,958.11376953125,1230007,SBILIFE
2019-11-06,962.70771080749,968.1908202294675,930.204137722775,957.2739868164062,1420970,SBILIFE
2019-11-07,961.6703772822904,979.0582699650297,956.53302616704,974.5631103515625,1351432,SBILIFE
2019-11-08,993.8775123482471,1009.6847093637263,964.7329928509575,970.3643188476562,5656687,SBILIFE
2019-11-11,970.1667464464539,970.1667464464539,956.7800381251773,958.261962890625,2078020,SBILIFE
2019-11-13,972.6365738719012,988.888360071188,954.5571046704276,976.2426147460938,4039409,SBILIFE
2019-11-14,986.9618952383057,1000.7931930694732,973.0318265424992,987.85107421875,3441700,SBILIFE
2019-11-15,996.0509481920286,1013.6364416499996,983.4545889025184,990.765380859375,2687762,SBILIFE
2019-11-18,992.790738024,1000.7931069607788,983.9979610394231,987.9991455078125,2144563,SBILIFE
2019-11-19,943.4426431147755,958.3112750648688,918.7932843405443,925.2643432617188,60449782,SBILIFE
2019-11-20,928.6728377320279,937.2680132901204,924.8198092853985,928.37646484375,2976893,SBILIFE
2019-11-21,931.093323743164,934.0571732153372,904.962038836902,918.3981323242188,2642185,SBILIFE
2019-11-22,919.7812543826628,934.3535137834622,919.7812543826628,931.2908935546875,3125980,SBILIFE
2019-11-25,932.1305659144429,942.8992420411639,932.1305659144429,940.1329345703125,3604001,SBILIFE
2019-11-26,945.8631600889078,966.1655163642189,926.5486933112619,947.3944702148438,43473998,SBILIFE
2019-11-27,952.3836432220305,953.5691950868058,931.8342986647262,936.7740478515625,1542111,SBILIFE
2019-11-28,942.3559293200776,960.9788199553439,936.774048912435,959.447509765625,1885171,SBILIFE
2019-11-29,958.3113138220457,958.3113138220457,943.5414521315552,948.481201171875,1071258,SBILIFE
2019-12-02,947.5921213521705,947.5921213521705,926.9933308301953,932.4764404296875,643539,SBILIFE
2019-12-03,934.6992532591256,954.3594778016143,934.6992532591256,951.7908325195312,1612054,SBILIFE
2019-12-04,951.1980421474459,963.2510415997043,948.4811802352416,960.5341796875,1122303,SBILIFE
2019-12-05,957.3233450372115,962.7570688738521,943.4920479984903,954.7546997070312,814043,SBILIFE
2019-12-06,959.2991616433359,962.2630107524295,933.8100713650628,952.5811157226562,1235405,SBILIFE
2019-12-09,953.1739868079994,953.1739868079994,927.0921473968892,930.6487426757812,861577,SBILIFE
2019-12-10,938.5523303626151,956.335427148433,935.588480898312,938.4041137695312,1610114,SBILIFE
2019-12-11,938.5522155121051,960.2377234988703,913.3594981483592,954.9027709960938,1616587,SBILIFE
2019-12-12,959.2991468678429,959.2991468678429,944.1341432797562,948.826904296875,862822,SBILIFE
2019-12-13,953.2728451385514,970.8583406069952,951.6427037477927,963.15234375,1119572,SBILIFE
2019-12-16,962.0654244901639,967.9931228053215,952.2847584499528,957.8666381835938,526157,SBILIFE
2019-12-17,963.2509942884699,966.6594329435778,956.3353461243476,960.8305053710938,822269,SBILIFE
2019-12-18,963.2509965543211,964.8316920185435,947.4438007134296,953.12451171875,628845,SBILIFE
2019-12-19,956.9281036872152,963.3003916343629,953.8160981546552,958.0642700195312,906299,SBILIFE
2019-12-20,960.2872119251291,995.9027903897843,960.2872119251291,980.7871704101562,10219499,SBILIFE
2019-12-23,989.9256810015398,999.5088059414287,975.6497945998174,984.788330078125,1347986,SBILIFE
2019-12-24,985.9739596013839,987.8510884539614,973.1306114302236,982.7631225585938,716972,SBILIFE
2019-12-26,986.2209248932531,987.6534642169946,976.1932099267359,979.0582885742188,335933,SBILIFE
2019-12-27,976.0943807899745,979.5522050134207,965.7702935486083,976.736572265625,438117,SBILIFE
2019-12-30,976.9835962510035,979.5028562195195,961.0775680484368,964.5847778320312,390678,SBILIFE
2019-12-31,964.2389516272256,968.1907506093044,946.6040727895657,950.012451171875,403539,SBILIFE
2020-01-01,953.371564381524,968.1908114962628,950.0125109156482,964.6342163085938,349251,SBILIFE
2020-01-02,963.9426459188787,963.9426459188787,954.3595206597728,957.6691284179688,335765,SBILIFE
2020-01-03,958.3113335108492,970.9570792539446,957.3233836824875,963.349853515625,451217,SBILIFE
2020-01-06,954.4582714775421,991.0124138407593,946.4559022692463,971.25341796875,895840,SBILIFE
2020-01-07,978.0703192654811,990.9136668921996,968.1908210910823,973.0317993164062,570304,SBILIFE
2020-01-08,966.2149015874146,980.3425716263558,963.448654215401,975.847412109375,368547,SBILIFE
2020-01-09,984.7883501998028,985.9739020216869,967.9438181420318,976.58837890625,614382,SBILIFE
2020-01-10,977.0823974609375,984.9859962270523,971.451071280146,977.0823974609375,351231,SBILIFE
2020-01-13,981.0341240084447,985.9244874418343,968.190776967045,977.9220581054688,332236,SBILIFE
2020-01-14,981.0341405137074,982.0220903027443,972.1425924123747,975.8967895507812,369532,SBILIFE
2020-01-15,976.0944166117861,989.9257140131676,969.1787679110953,986.1221313476562,533340,SBILIFE
2020-01-16,987.9498450833892,990.9136946186393,980.046246322722,987.85107421875,465355,SBILIFE
2020-01-17,987.7521888383889,997.6316867469538,973.3775314413608,984.34375,372188,SBILIFE
2020-01-20,987.9497386215296,988.9376883601511,963.7449700253021,969.6726684570312,341082,SBILIFE
2020-01-21,968.1908345179581,975.1064833359436,958.508938232713,961.0281982421875,355550,SBILIFE
2020-01-22,968.1908345551867,980.6389783081702,960.2872359057566,969.870361328125,1299987,SBILIFE
2020-01-23,973.5257924821836,991.901635311309,968.3884412752185,974.0691528320312,1151390,SBILIFE
2020-01-24,974.1185020954204,1007.7087952711245,965.2269539018516,987.752197265625,1388247,SBILIFE
2020-01-27,987.752176599259,1002.4726524204888,975.4521897955694,980.1943969726562,740311,SBILIFE
2020-01-28,981.0341938373057,994.8654916356162,963.9920590501017,975.9462280273438,578382,SBILIFE
2020-01-29,980.0462275603591,999.9534406775476,976.0944282556802,995.6558227539062,538017,SBILIFE
2020-01-30,1001.7810335567713,1004.7448827684777,977.3786629871217,986.2208251953125,561770,SBILIFE
2020-01-31,992.889526303077,993.877476080493,971.3028477864051,982.120849609375,445170,SBILIFE
2020-02-03,884.2150667785382,910.7414946620264,846.3272162492924,901.6524047851562,4046967,SBILIFE
2020-02-04,901.0102553259469,911.7789327167073,885.2030578640881,900.6150512695312,2004591,SBILIFE
2020-02-05,902.5908714094342,904.7643729288297,887.6728542393577,899.57763671875,1337410,SBILIFE
2020-02-06,905.0608073269839,913.8535848579179,901.0596226099727,908.4198608398438,1185756,SBILIFE
2020-02-07,908.9137501004313,943.9365800310823,904.5173617492514,935.884765625,1642253,SBILIFE
2020-02-10,940.5281947129129,944.7269812964527,926.6968977318406,941.3185424804688,734151,SBILIFE
2020-02-11,948.8764155957452,948.8764155957452,924.5234284406766,928.4258422851562,584552,SBILIFE
2020-02-12,933.3655745058138,937.3667591399771,913.8535659358325,921.6089477539062,925589,SBILIFE
2020-02-13,925.7089401781762,925.7089401781762,904.961994880693,916.372802734375,551572,SBILIFE
2020-02-14,921.1643437786541,921.1643437786541,896.0703967508801,903.2330322265625,402685,SBILIFE
2020-02-17,904.4680683481594,908.3704822322065,893.1066453159324,903.38134765625,355839,SBILIFE
2020-02-18,903.97407833115,910.3463666809596,896.1692506934498,905.0114135742188,901858,SBILIFE
2020-02-19,907.0366440020932,931.0932566645968,907.0366440020932,926.8944702148438,786366,SBILIFE
2020-02-20,928.3764734140836,933.6125954875715,910.5933763571775,917.5584106445312,784552,SBILIFE
2020-02-24,912.4703970280486,930.1547222940269,899.0343040760112,905.5547485351562,493211,SBILIFE
2020-02-25,912.3716620722113,923.4367121561942,881.004255173681,890.3403930664062,760359,SBILIFE
2020-02-26,883.0294978003924,903.7764430980728,870.8777276145419,880.6090087890625,807168,SBILIFE
2020-02-27,880.0656504036093,902.8873264609454,864.4560559672208,894.4403076171875,821122,SBILIFE
2020-02-28,875.323528956122,884.215077218656,864.4560810796917,879.6705322265625,1002851,SBILIFE
2020-03-02,884.3631938358894,898.0462729954373,867.4198324422375,883.375244140625,629219,SBILIFE
2020-03-03,892.1681044277176,902.9861673990523,881.3006560235714,889.0066528320312,615494,SBILIFE
2020-03-04,892.0198804958867,901.0101993741604,866.4319570736169,874.434326171875,769392,SBILIFE
2020-03-05,880.6090539528901,890.5873833828587,865.9874085769387,873.792236328125,1014502,SBILIFE
2020-03-06,854.5765002179597,870.8776704533312,838.0777279804083,843.65966796875,1436479,SBILIFE
2020-03-09,826.123595865686,851.513916588389,793.3236519923693,815.3549194335938,1424660,SBILIFE
2020-03-11,809.1308482969874,837.6826202993733,774.7008234996994,799.2019653320312,1305970,SBILIFE
2020-03-12,751.8297663994528,766.3526399128318,691.564831116448,742.641845703125,2111588,SBILIFE
2020-03-13,656.9866252145082,785.4201008203519,617.5674035817692,752.7683715820312,2077130,SBILIFE
2020-03-16,692.5528251756361,763.5369957617153,653.6275780715733,722.7346801757812,1588572,SBILIFE
2020-03-17,723.1792365328193,759.2394033817918,666.8660992618211,678.7214965820312,1398542,SBILIFE
2020-03-18,686.674490865659,688.5516195903159,581.0626942812772,589.0650634765625,2202064,SBILIFE
2020-03-19,558.1916655526604,612.4301364669387,513.1411764881027,600.3771362304688,2916821,SBILIFE
2020-03-20,619.4444766989259,672.5467743425738,598.697532503268,625.8661499023438,2004915,SBILIFE
2020-03-23,563.0819047960807,609.5649229199119,515.9073098699449,532.7024536132812,1652165,SBILIFE
2020-03-24,544.755568357927,582.8410228021221,528.55316678883,539.6676025390625,1108727,SBILIFE
2020-03-25,523.6133115101189,622.4082759459905,523.6133115101189,580.7661743164062,1610706,SBILIFE
2020-03-26,596.2276836855497,656.9865942848228,588.1758689740714,610.701171875,1629666,SBILIFE
2020-03-27,628.5336721222965,649.0830158141656,577.9506305194625,595.5855102539062,1299441,SBILIFE
2020-03-30,591.6831450338484,626.854132943598,568.0711212648839,614.5047607421875,1301701,SBILIFE
2020-03-31,630.3119684894817,645.8227923131851,616.6288879642411,633.2758178710938,1087481,SBILIFE
2020-04-01,634.165006353265,651.0589239629356,620.4324798918416,627.4468994140625,971706,SBILIFE
2020-04-03,640.1914356831328,656.9865813723508,619.7408638722104,642.3155517578125,1279329,SBILIFE
2020-04-07,656.9865964204827,739.2828001226936,645.1311991918424,726.439453125,1916861,SBILIFE
2020-04-08,732.9599414660372,785.4200489152249,712.31176763255,733.8490600585938,1443627,SBILIFE
2020-04-09,745.9020347170307,764.6236938735038,726.1924258457007,730.5394287109375,683512,SBILIFE
2020-04-13,736.0225637335526,740.9129270558768,691.564824984546,699.221435546875,760239,SBILIFE
2020-04-15,711.3238576307353,716.2142212118807,686.7238834344708,692.4540405273438,1232607,SBILIFE
2020-04-16,681.6853149369528,689.5889127912943,672.8925382041314,676.9925537109375,1363923,SBILIFE
2020-04-17,695.0720722265349,712.3118083583885,678.7215150377433,693.9853515625,1777451,SBILIFE
2020-04-20,694.5286685616629,703.5684328199923,688.6009701102121,691.5648193359375,1360101,SBILIFE
2020-04-21,679.7094671957168,682.8215332075423,658.9625212493359,663.210693359375,677346,SBILIFE
2020-04-22,677.6347917996046,700.4564080550126,666.8661148619655,696.3070068359375,954059,SBILIFE
2020-04-23,703.420256782246,723.6732276587012,700.4564073856916,709.002197265625,1219237,SBILIFE
2020-04-24,692.5526783302241,698.3321594432163,667.8539380188752,670.9660034179688,1016019,SBILIFE
2020-04-27,686.3781294087239,718.2395107306834,679.8576847929354,705.4949340820312,3275845,SBILIFE
2020-04-28,715.2756136964981,719.227412667197,698.0358786268908,711.1755981445312,1002540,SBILIFE
2020-04-29,714.2877069963309,714.2877069963309,699.8636640039634,704.7539672851562,634432,SBILIFE
2020-04-30,726.3406641036896,732.0707605609675,708.2117501151259,718.0912475585938,1925414,SBILIFE
2020-05-04,701.4442995305179,717.2514950128958,667.3600342716406,679.3636474609375,1418017,SBILIFE
2020-05-05,696.5045797110772,725.846699597137,689.7865334135139,704.9515380859375,4310285,SBILIFE
2020-05-06,708.3105791513543,739.9743563030536,697.492517423172,722.3394775390625,3664820,SBILIFE
2020-05-07,728.1190038139604,733.5527277230198,714.7816814917236,726.2913208007812,1345672,SBILIFE
2020-05-08,733.0586938901964,759.5851198120442,729.6008698624125,750.8911743164062,2349883,SBILIFE
2020-05-11,761.6598835876391,761.6598835876391,735.874358534535,741.456298828125,1498957,SBILIFE
2020-05-12,737.9984839574914,746.4948279260234,726.2418574827454,735.6273803710938,1115902,SBILIFE
2020-05-13,756.0285769330287,770.600836338141,743.8768065737843,751.3358154296875,1752331,SBILIFE
2020-05-14,747.6803476236958,761.2152710573946,732.1695247193743,737.75146484375,987397,SBILIFE
2020-05-15,745.3587906879958,745.3587906879958,733.2564047933789,742.888916015625,1032406,SBILIFE
2020-05-18,740.9623112374019,740.9623112374019,686.0817147783517,692.3057861328125,1705933,SBILIFE
2020-05-19,700.4563931839634,711.3238407509925,689.5889456169344,694.4793090820312,1496613,SBILIFE
2020-05-20,692.5527340604061,709.0515059759862,691.5647843684511,707.1743774414062,1289104,SBILIFE
2020-05-21,709.1503678805581,733.9973299434517,707.4214556976439,721.5985717773438,1400397,SBILIFE
2020-05-22,723.1792767942409,735.0346747744743,714.7817032249088,721.1539916992188,1507444,SBILIFE
2020-05-26,726.1430093854748,746.889952510774,722.58641468386,745.358642578125,1110985,SBILIFE
2020-05-27,742.938224995763,745.3093285571063,728.316580499929,732.218994140625,682804,SBILIFE
2020-05-28,736.0226456672871,745.6551568018589,731.0828963675066,739.0852661132812,1134155,SBILIFE
2020-05-29,738.9370614546962,773.5646897200331,736.4178015366148,759.3876342773438,7090367,SBILIFE
2020-06-01,766.6491139385693,771.5394779495301,756.670844178569,765.4635620117188,1712847,SBILIFE
2020-06-02,774.3549832858914,781.4682333740078,764.9694608875943,770.1068115234375,1388838,SBILIFE
2020-06-03,779.4924001359395,804.9814931755076,775.0466259906775,797.374267578125,2163284,SBILIFE
2020-06-04,799.9923344166024,810.6127945524202,779.2947744640747,785.2224731445312,1404467,SBILIFE
2020-06-05,789.2731109718903,795.5465680155102,773.4659143394803,787.099609375,1199773,SBILIFE
2020-06-08,792.3357124748327,798.2634110719013,766.6490185542021,769.9092407226562,1371772,SBILIFE
2020-06-09,772.675452573958,779.4923297678395,743.4321649560193,749.35986328125,1521206,SBILIFE
2020-06-10,749.8538474242908,750.8417971573928,730.7864296353588,732.7623291015625,2283056,SBILIFE
2020-06-11,731.0828059793856,748.4706972449746,726.1430572903357,731.9719848632812,1314357,SBILIFE
2020-06-12,721.2032770376303,751.7309467197737,719.9683399194153,741.4068603515625,4340501,SBILIFE
2020-06-15,738.8876753718749,745.7044927736197,731.7250393622786,736.3189697265625,3316220,SBILIFE
2020-06-16,741.9502771544148,761.4128996803166,733.4539332536059,754.8923950195312,1883900,SBILIFE
2020-06-17,756.8188836120452,770.1068196283626,754.9912007193236,762.74658203125,1936475,SBILIFE
2020-06-18,760.1286216069226,776.9237686790306,758.350263677197,762.3020629882812,951540,SBILIFE
2020-06-19,769.6127980228338,771.4404808045632,757.9550038996219,766.500732421875,2912093,SBILIFE
2020-06-22,771.6876285062656,780.8756106461763,752.3238349440562,768.5756225585938,1164278,SBILIFE
2020-06-23,767.6369942525134,795.5959615199231,767.6369942525134,787.0502319335938,1506742,SBILIFE
2020-06-24,791.0019591825247,800.2392648482528,766.2043852895268,771.3417358398438,1699063,SBILIFE
2020-06-25,768.6249270295111,783.3947882656547,765.7598485543921,776.7755126953125,735190,SBILIFE
2020-06-26,781.5670373993077,792.3357139911243,772.5767186297496,774.8983764648438,986158,SBILIFE
2020-06-29,770.6008014471569,780.3320823199241,764.9694758381866,777.31884765625,597371,SBILIFE
2020-06-30,779.4923211651785,801.2272147844864,779.4923211651785,796.7320556640625,2052551,SBILIFE
2020-07-01,805.1297566347224,809.9706748060023,792.335793789778,795.546630859375,1320983,SBILIFE
2020-07-02,792.4839728632328,809.4766615410119,792.4839728632328,804.2405395507812,1075581,SBILIFE
2020-07-03,811.1067378026404,835.8054813410886,809.476596609236,833.8789672851562,2085479,SBILIFE
2020-07-06,842.7211321735216,864.4560265554882,841.1404367019727,853.0946044921875,1836436,SBILIFE
2020-07-07,856.5524149797476,864.2584108054454,843.3633102184381,858.1825561523438,1104353,SBILIFE
2020-07-08,859.5162622192275,861.3933908198026,835.9042396314995,840.4982299804688,1688004,SBILIFE
2020-07-09,840.7452772118371,843.6103557428853,824.9874658904121,830.1248168945312,1180400,SBILIFE
2020-07-10,839.7573721307464,861.393497956102,839.7573721307464,849.83447265625,2062795,SBILIFE
2020-07-13,857.3921872440375,857.3921872440375,837.9296249360178,852.55126953125,668624,SBILIFE
2020-07-14,851.5139477103126,875.8174884127267,845.7837906913395,849.3898315429688,1535913,SBILIFE
2020-07-15,852.6007924122855,860.0104169118129,842.0791015030852,845.5369262695312,772942,SBILIFE
2020-07-16,845.7344052282244,859.0223419567242,840.992258298633,854.774169921875,630372,SBILIFE
2020-07-17,857.6886524168182,871.223516585845,852.156097296207,864.6536865234375,1228812,SBILIFE
2020-07-20,868.4572265580582,877.3981598476415,840.7452477833014,844.1536865234375,1497333,SBILIFE
2020-07-21,853.5885891634099,885.153595926782,833.8295940438865,877.6451416015625,4650668,SBILIFE
2020-07-22,881.7452134962425,881.9922009510034,845.7838159631938,848.8464965820312,1757409,SBILIFE
2020-07-23,851.4150938285544,869.3957915779409,848.8464485642141,867.2222900390625,937539,SBILIFE
2020-07-24,863.3693666627504,866.431986966595,852.6006895691808,856.9476928710938,784937,SBILIFE
2020-07-27,864.357308418871,871.56932993464,845.8826350074779,856.9970703125,1342666,SBILIFE
2020-07-28,854.5765893635277,878.1886140450011,852.9464480500756,872.7054443359375,1005499,SBILIFE
2020-07-29,864.0114848205604,879.2753212779603,864.0114848205604,870.4825439453125,934883,SBILIFE
2020-07-30,877.1511826565281,904.961992912292,871.0259422979485,902.54150390625,2422578,SBILIFE
2020-07-31,910.6427531673627,910.6427531673627,892.7114396848818,901.8499755859375,1271226,SBILIFE
2020-08-03,900.0222300214302,900.0222300214302,862.0849351739859,864.5548095703125,1291032,SBILIFE
2020-08-04,870.482582066007,871.8657359653113,857.5404632497339,865.2464599609375,707018,SBILIFE
2020-08-05,866.2344286690386,870.038071825128,848.1055727850572,850.5260620117188,1364739,SBILIFE
2020-08-06,858.2320423385029,867.4199638362875,849.0935062730294,864.851318359375,907553,SBILIFE
2020-08-07,869.2969979467036,873.1993511692001,851.7608901101013,858.1331176757812,827168,SBILIFE
2020-08-10,869.3958510052701,871.3717506666457,851.4151520268175,855.3175659179688,1090543,SBILIFE
2020-08-11,857.5403441259512,867.4198411780934,847.1668722212017,850.2294921875,971871,SBILIFE
2020-08-12,850.2295235191077,858.0343505977798,840.7452301194135,846.5741577148438,1068002,SBILIFE
2020-08-13,850.5260286388083,857.5404482778947,844.7958714128821,851.1187744140625,666359,SBILIFE
2020-08-14,856.4537307530371,856.4537307530371,818.714035230896,829.186279296875,1897736,SBILIFE
2020-08-17,834.81755389549,836.9416700163932,828.0995075335429,832.199462890625,1435984,SBILIFE
2020-08-18,835.7561487406616,854.329592995637,834.42238032548,850.0814208984375,1170823,SBILIFE
2020-08-19,850.279009521466,865.0488106185732,850.0814075038486,853.2428588867188,1332665,SBILIFE
2020-08-20,850.6248133734733,854.32962527841,838.7694152776758,842.572998046875,660128,SBILIFE
2020-08-21,870.4330966758364,879.0776568045897,848.6488172113117,850.8717041015625,3651529,SBILIFE
2020-08-24,856.3549373358677,859.4176181201107,841.3380872154618,850.4766235351562,951781,SBILIFE
2020-08-25,851.9585049113128,855.515160450439,827.7537342714753,837.6826782226562,1877987,SBILIFE
2020-08-26,844.697119950881,844.697119950881,823.6044148181757,829.0875244140625,2151196,SBILIFE
2020-08-27,833.7803307958601,835.6080139923725,825.0369379944381,831.1128540039062,945124,SBILIFE
2020-08-28,835.8055865929796,848.3525619504687,832.8911224284948,841.2886962890625,1640185,SBILIFE
2020-08-31,845.1910587680624,853.5886321164301,808.6863013878711,817.7754516601562,2086032,SBILIFE
2020-09-01,815.0585934562195,829.8778406099689,808.1923302150481,825.8272705078125,1148605,SBILIFE
2020-09-02,832.8416893882595,854.5765851967312,831.1621626522161,840.0537109375,2006869,SBILIFE
2020-09-03,843.6104190595162,853.3417011700661,840.7453403134313,842.0296630859375,888422,SBILIFE
2020-09-04,831.853707091363,835.6079041608202,822.9621591533319,824.4934692382812,1069706,SBILIFE
2020-09-07,825.4320327010704,831.8537062050285,816.0465098875933,828.3464965820312,808757,SBILIFE
2020-09-08,830.816442102811,840.5971094813925,820.1959811682003,834.817626953125,1438741,SBILIFE
2020-09-09,827.6549456261641,833.3356569808051,812.094736263452,820.4923095703125,1685144,SBILIFE
2020-09-10,823.851376876853,837.781445182783,823.0609687831698,835.0151977539062,659109,SBILIFE
2020-09-11,835.8054656260658,856.4536389558432,833.5825787494007,853.9837646484375,1559667,SBILIFE
2020-09-14,860.5042545158254,865.444003393643,839.7573092289915,846.771728515625,1346301,SBILIFE
2020-09-15,850.9210981347446,860.5042226629101,842.7705127880523,854.2801513671875,724917,SBILIFE
2020-09-16,854.5766109545458,862.9741845882032,850.9211844893722,857.1947021484375,823952,SBILIFE
2020-09-17,848.0561390203735,855.9597374817016,842.2765964657249,845.833251953125,612356,SBILIFE
2020-09-18,846.6235797595899,851.4151120938249,834.8669532059444,837.8801879882812,1245818,SBILIFE
2020-09-21,838.7694010940558,841.5356485430299,825.5308493244104,829.9766235351562,875668,SBILIFE
2020-09-22,829.877803482713,829.877803482713,791.9405083464931,821.8259887695312,1265561,SBILIFE
2020-09-23,823.3079165026707,831.359731246014,817.1826761699452,822.962158203125,628723,SBILIFE
2020-09-24,820.5910848245437,822.1224552637311,772.9225066803493,794.7068481445312,14778790,SBILIFE
2020-09-25,786.4080992631291,803.6972220484365,770.6009012879908,787.4454345703125,2252162,SBILIFE
2020-09-28,793.3236277675277,806.4139616005535,790.359778597786,803.203125,1108315,SBILIFE
2020-09-29,809.1309476087359,821.3815501783597,792.4345706017016,799.3502197265625,1666687,SBILIFE
2020-09-30,799.6465899756687,804.7344952514601,792.7309413952504,801.671875,701139,SBILIFE
2020-10-01,807.1550366710298,815.009250128192,797.9177295878712,809.0321655273438,941061,SBILIFE
2020-10-05,812.0946914619071,824.9380381638595,805.179043237779,815.0091552734375,803756,SBILIFE
2020-10-06,816.0465448130263,825.9260429342494,812.3417330175677,820.0477294921875,1211894,SBILIFE
2020-10-07,822.4681818453236,825.9260060332618,815.1079440139213,817.9730224609375,637342,SBILIFE
2020-10-08,825.185026400744,825.9259887111906,808.1428932604712,811.1561279296875,1313341,SBILIFE
2020-10-09,816.1947655349966,817.3308716448837,793.8176780573206,796.1887817382812,1188895,SBILIFE
2020-10-12,803.1043439500886,803.1043439500886,777.7140243250963,782.1104125976562,1097157,SBILIFE
2020-10-13,780.4803995705695,785.4201489349402,771.5888507147023,777.0719604492188,1142687,SBILIFE
2020-10-14,778.5045100208043,803.8454487117833,767.2913029366948,800.8321533203125,2146398,SBILIFE
2020-10-15,800.8320331141589,811.8970822343205,792.0887020569701,795.0525512695312,1920570,SBILIFE
2020-10-16,792.3357723731772,801.227320940956,787.0502648444223,789.915283203125,682969,SBILIFE
2020-10-19,790.8537994289776,798.8067831034639,785.4200756352744,788.6802978515625,661678,SBILIFE
2020-10-20,799.498341989413,799.498341989413,780.4803091401128,791.1007690429688,1616359,SBILIFE
2020-10-21,791.3477910534201,794.3116404581147,771.3911930018767,775.8863525390625,1763644,SBILIFE
2020-10-22,778.8007976486584,778.8007976486584,762.0056514288867,771.3911743164062,1861965,SBILIFE
2020-10-23,773.7128895774621,780.2333339655689,757.7574766085361,761.4129028320312,2252423,SBILIFE
2020-10-26,765.6610173848129,775.4417435332072,755.8802912364187,769.464599609375,2638341,SBILIFE
2020-10-27,781.4682939923422,782.2586417746254,761.808068797319,765.1177368164062,2566397,SBILIFE
2020-10-28,767.6370498122872,768.8226017174921,756.7696012306461,761.7093505859375,1156097,SBILIFE
2020-10-29,755.2382555466857,763.6852144878785,746.1491050995735,752.3237915039062,1126591,SBILIFE
2020-10-30,752.3238727719967,766.3527738580156,748.1744710001209,759.8817138671875,1156735,SBILIFE
2020-11-02,761.709333538789,769.1189574058978,753.0153869279826,756.8189697265625,891886,SBILIFE
2020-11-03,764.2285502221511,788.1863326994835,759.8816073132824,779.3936157226562,1542962,SBILIFE
2020-11-04,787.1490343289188,787.1490343289188,774.3550718522167,781.4683227539062,923658,SBILIFE
2020-11-05,787.395962429639,797.0778580633195,783.444163371021,795.299560546875,1373458,SBILIFE
2020-11-06,795.7441275167391,799.1525661684236,785.4200407078783,791.5947265625,1722728,SBILIFE
2020-11-09,798.263465534,807.9947472749107,792.0393936423699,798.4116821289062,1255422,SBILIFE
2020-11-10,806.3646293465556,822.8634028726578,801.5730366930462,819.4055786132812,1490688,SBILIFE
2020-11-11,822.9621685259532,836.7934654759692,821.5790147110838,829.4332275390625,1822930,SBILIFE
2020-11-12,829.8778553743285,834.2248587366344,815.1573788198436,827.6549682617188,1003690,SBILIFE
2020-11-13,827.6549165090986,828.8404682882933,814.1693780826372,821.8259887695312,824124,SBILIFE
2020-11-14,834.5212355183202,834.5212355183202,826.07427651093,830.3224487304688,187698,SBILIFE
2020-11-17,830.8657889880036,856.4537131492386,826.2224128278987,852.7489013671875,2140176,SBILIFE
2020-11-18,853.3416077959668,858.2319711827774,836.5958472530906,847.6115112304688,968393,SBILIFE
2020-11-19,844.4994927678077,852.4030913155639,827.9019478774543,836.5465087890625,1466056,SBILIFE
2020-11-20,838.5717536092515,839.7573053944479,824.9380588286637,835.2621459960938,971981,SBILIFE
2020-11-23,836.991031612762,844.1042817992067,819.998284028385,821.5789794921875,1668966,SBILIFE
2020-11-24,821.9248058575772,829.8777892782268,821.9248058575772,828.8404541015625,874577,SBILIFE
2020-11-25,835.8549371469248,854.2308400665751,833.8296520661772,838.8187866210938,2407145,SBILIFE
2020-11-26,843.0175553991454,848.3031230285037,838.0778063808689,841.2392578125,1791878,SBILIFE
2020-11-27,844.6970822374166,847.265727607393,830.8657849844062,835.8549194335938,2310173,SBILIFE
2020-12-01,839.6585245067901,844.6970441591,830.0753997821274,841.0910034179688,1027637,SBILIFE
2020-12-02,842.7211348949122,868.6548157753242,840.0536585158507,864.9993896484375,2097626,SBILIFE
2020-12-03,869.3958220275634,870.383771825322,841.1404819315358,847.8091430664062,3804064,SBILIFE
2020-12-04,854.6753785424237,860.5043066915466,846.1296486454397,852.6007080078125,1654173,SBILIFE
2020-12-07,853.0946157067481,855.5644901008035,837.7813944636043,841.4862060546875,2151322,SBILIFE
2020-12-08,844.4994854544451,849.1428616209746,837.979040828882,843.5115356445312,2473148,SBILIFE
2020-12-09,847.6609497070312,853.5886486560315,844.4994982076302,847.6609497070312,1813714,SBILIFE
2020-12-10,850.6247997311758,852.501928519441,844.6971007783453,845.7344360351562,2302834,SBILIFE
2020-12-11,850.5260489009901,852.4031174337939,835.2128262455046,839.4609985351562,1939950,SBILIFE
2020-12-14,844.6970417907035,847.957263927155,837.8307789232314,839.9548950195312,1186967,SBILIFE
2020-12-15,840.9428804028553,848.1055164407854,831.9031156282201,845.8826293945312,2044843,SBILIFE
2020-12-16,850.8222960773345,851.1186689282298,840.2512221978635,847.1668701171875,1618300,SBILIFE
2020-12-17,847.1669280745191,855.4657302653206,841.3380003095908,846.03076171875,1650113,SBILIFE
2020-12-18,848.6489111083483,853.5886602998986,842.5236100508913,846.8212280273438,1469894,SBILIFE
2020-12-21,847.6608917542543,853.5885902979903,822.517558371307,830.717529296875,2239781,SBILIFE
2020-12-22,830.7174905717773,845.2897488124881,815.2561137707542,843.65966796875,2263176,SBILIFE
2020-12-23,845.1910043411741,848.6488284384203,837.4356229857887,844.6476440429688,1535665,SBILIFE
2020-12-24,847.5621874085681,869.0994817476237,840.9922968871722,863.369384765625,2659479,SBILIFE
2020-12-28,872.2608543820936,893.6005447640549,866.9259016367697,890.784912109375,4187861,SBILIFE
2020-12-29,896.0210354884614,897.9969349833145,879.571648073942,888.4631958007812,1834129,SBILIFE
2020-12-30,891.1307105419498,900.0222586515702,880.0656608344883,892.0692749023438,1969826,SBILIFE
2020-12-31,891.130628801493,896.3667501480434,883.4740186316353,893.353515625,1123846,SBILIFE
2021-01-01,892.1187465721406,896.1199315483263,883.2271976029831,884.6103515625,798399,SBILIFE
2021-01-04,889.1548285209495,905.9499752819008,883.7211045688771,900.41748046875,1028233,SBILIFE
2021-01-05,895.5271184030545,908.815055423345,888.1668802498374,894.637939453125,1209912,SBILIFE
2021-01-06,895.6258767364637,903.9740645840869,890.1427674210516,899.3306884765625,1214878,SBILIFE
2021-01-07,905.1596845912911,905.4560574928923,893.3536715635001,903.1343994140625,1109459,SBILIFE
2021-01-08,908.9137686439403,942.9980349680882,906.9378691468883,924.2269897460938,4436263,SBILIFE
2021-01-11,928.67282939753,941.0222021288802,915.6812651642811,924.968017578125,2146652,SBILIFE
2021-01-12,923.5353494001604,924.7209010768581,910.4450161317112,913.8534545898438,1573331,SBILIFE
2021-01-13,916.32345207813,937.5643730696985,911.3837030103234,915.3848876953125,1996557,SBILIFE
2021-01-14,918.8921345896092,920.6210468331761,907.4319404092637,914.0018310546875,719918,SBILIFE
2021-01-15,914.0017252321984,918.5956553391328,892.5138184071504,899.28125,733660,SBILIFE
2021-01-18,888.1668503850567,896.2680506242535,872.5572559532399,882.140380859375,936905,SBILIFE
2021-01-19,879.7693045947108,906.9379243323352,879.7693045947108,893.5018310546875,1420092,SBILIFE
2021-01-20,894.1933879151811,899.9235453028631,884.2151185188048,885.9440307617188,1147187,SBILIFE
2021-01-21,896.860891158931,896.860891158931,864.456147077008,867.7163696289062,1913821,SBILIFE
2021-01-22,874.8294636456404,875.0270656465435,827.9018526652136,852.156005859375,3421388,SBILIFE
2021-01-25,855.4657487175778,872.1126785871675,842.721172285306,852.4524536132812,2534590,SBILIFE
2021-01-27,854.872969221741,874.3355927820209,848.7476682632207,871.124755859375,2745728,SBILIFE
2021-01-28,872.3596709368776,873.6933790432437,858.3801571864808,862.0355834960938,1855486,SBILIFE
2021-01-29,865.9873713955392,872.4090449936916,847.7103003854128,854.033203125,2286478,SBILIFE
2021-02-01,864.4560109962389,886.1909049870014,841.7825527050329,863.9620361328125,3099408,SBILIFE
2021-02-02,877.2994511032457,879.2753507678926,847.6115707018597,854.92236328125,2781083,SBILIFE
2021-02-03,859.5163512766751,869.3464641356934,848.0067116483312,855.7127685546875,1883217,SBILIFE
2021-02-04,855.7127552448583,860.2079148371998,848.6488899571277,853.4898681640625,2094974,SBILIFE
2021-02-05,856.3054536733495,859.5162903903248,843.3633359494083,853.7861938476562,1766235,SBILIFE
2021-02-08,854.5765473666502,861.1958228570538,846.6729492407158,848.7476196289062,1899676,SBILIFE
2021-02-09,858.5284040800632,884.2150997142193,852.6007050875656,877.9910278320312,4311868,SBILIFE
2021-02-10,887.1789360494063,904.2210704000213,883.2271367796984,900.3680419921875,4993209,SBILIFE
2021-02-11,898.8366877243126,910.7909161083227,894.6379012063053,896.4161987304688,2184819,SBILIFE
2021-02-12,897.0584504276918,902.4921745216922,882.6837923844073,886.0427856445312,984794,SBILIFE
2021-02-15,887.178850784367,890.2909165300359,864.4560071673955,866.6788940429688,1715171,SBILIFE
2021-02-16,866.6790465258678,877.5958808200058,858.5284598814238,861.4923095703125,1634864,SBILIFE
2021-02-17,859.5162743944045,872.5078376042555,859.5162743944045,866.5801391601562,1496973,SBILIFE
2021-02-18,869.4946027370759,888.0186616548893,868.1115091843483,882.733154296875,2387930,SBILIFE
2021-02-19,887.574122281294,888.3150846294919,863.7151105494507,870.8777465820312,1120800,SBILIFE
2021-02-22,869.3958457562037,874.3355948798185,834.9163727535037,838.8187866210938,1810985,SBILIFE
2021-02-23,842.7211966455578,863.8633469180817,838.7693973646876,859.219970703125,1480977,SBILIFE
2021-02-24,859.6151291333142,865.3452864281822,842.4248381477283,861.0476684570312,683427,SBILIFE
2021-02-25,862.6777989716857,872.2609243310291,859.219974585301,861.887451171875,1885254,SBILIFE
2021-02-26,849.6367968266508,868.3584569096832,847.7102827274008,856.4536743164062,2636891,SBILIFE
2021-03-01,849.636832473265,868.407878772093,841.9308360526278,865.8392333984375,2648545,SBILIFE
2021-03-02,866.1849267987753,875.3234618120501,860.0102409789952,868.5560302734375,1583910,SBILIFE
2021-03-03,877.2994139157191,899.034309305523,872.8536398587138,895.527099609375,2127137,SBILIFE
2021-03-04,888.858361894327,913.6558753768211,881.6463411057648,904.8631591796875,3140379,SBILIFE
2021-03-05,899.0343367426242,903.9740858456056,884.1657040025843,892.6620483398438,1268992,SBILIFE
2021-03-08,892.7113638903799,919.4354526853117,890.8342955579849,912.7173461914062,1396479,SBILIFE
2021-03-09,938.55232311571,971.8956293316629,927.6848751638439,959.5956420898438,11031435,SBILIFE
2021-03-10,961.9667146978204,962.2630875724572,924.7209958601848,929.4137573242188,2362998,SBILIFE
2021-03-12,894.1440114887394,925.0174447088885,894.094626055522,903.1837768554688,28967831,SBILIFE
2021-03-15,909.9017681619395,915.5824795266856,891.1307219132133,908.913818359375,4581531,SBILIFE
2021-03-16,907.3825257962669,912.7668643844423,900.0222875647003,903.0355224609375,1422174,SBILIFE
2021-03-17,912.7668332236394,912.7668332236394,874.5331643693381,878.2379760742188,3809803,SBILIFE
2021-03-18,884.2150078417957,887.1788570300922,871.6680342180739,879.7198486328125,2657918,SBILIFE
2021-03-19,877.2500498644378,898.9849457839141,871.6681092925219,895.7741088867188,2849173,SBILIFE
2021-03-22,894.0945639454447,898.293350571708,884.5608243094733,889.3524169921875,1660688,SBILIFE
2021-03-23,893.8969215431341,899.8740054693839,884.2150260552006,888.0680541992188,1642691,SBILIFE
2021-03-24,882.2391728437012,884.2150724469345,864.5054618447475,870.08740234375,1900721,SBILIFE
2021-03-25,864.5548254734268,873.6439754790334,850.624757741774,853.6873779296875,2711471,SBILIFE
2021-03-26,859.5163483356877,866.3332262527016,857.6392195470398,863.4187622070312,1194885,SBILIFE
2021-03-30,865.4440245033593,870.3837735016662,857.5404261060684,861.6404418945312,1276847,SBILIFE
2021-03-31,865.4440023819545,880.1644781405105,860.4548680811247,870.2355346679688,1929013,SBILIFE
2021-04-01,870.9765778569245,879.3247662856252,865.938057659551,872.8043212890625,1193426,SBILIFE
2021-04-05,876.8167645609824,878.7982713735495,856.803533659896,864.4818725585938,1091002,SBILIFE
2021-04-06,864.7295255829733,894.650289324529,857.9428892155039,889.2506713867188,1351799,SBILIFE
2021-04-07,892.6688341401359,912.4839026005163,889.9442622268336,910.0070190429688,2860132,SBILIFE
2021-04-08,912.8802925871422,912.8802925871422,896.6319111145389,900.0995483398438,1342782,SBILIFE
2021-04-09,896.235487731078,907.4805749313985,891.8762091202881,901.6846313476562,1344813,SBILIFE
2021-04-12,892.322007355497,897.0280856545523,860.4692637325252,864.3827514648438,1485108,SBILIFE
2021-04-13,873.299558847951,892.4210865488453,866.6614992601748,889.4983520507812,1174856,SBILIFE
2021-04-15,886.7243341529341,903.56714273461,881.7705669230295,900.2976684570312,1464475,SBILIFE
2021-04-16,908.5209849907062,911.0473943924317,897.2263705854912,905.7468872070312,1310422,SBILIFE
2021-04-19,888.9039938021323,901.4865745183271,880.2844268251616,897.8703002929688,1580387,SBILIFE
2021-04-20,908.5208426280199,922.4904409926551,887.0710079240055,890.6377563476562,3593124,SBILIFE
2021-04-22,891.678133007777,912.1372165812172,886.7738911820754,905.9450073242188,1988641,SBILIFE
2021-04-23,888.0618067447266,933.1906735505437,888.0618067447266,914.3167724609375,3601606,SBILIFE
2021-04-26,910.6510271238317,938.1444344365234,907.530129672994,933.7850952148438,3751088,SBILIFE
2021-04-27,937.2527278032469,938.0453184387324,916.4469061501093,920.1622314453125,1926977,SBILIFE
2021-04-28,925.3636851588403,925.3636851588403,905.697254154005,921.7969970703125,1904945,SBILIFE
2021-04-29,921.7969791245515,926.3544205345883,912.7810869844693,919.6173095703125,830577,SBILIFE
2021-04-30,919.4192534205023,931.8036722435155,911.2950625784466,920.11279296875,1326833,SBILIFE
2021-05-03,913.4251294241569,970.9383534718792,907.5796600465715,949.7362060546875,5424609,SBILIFE
2021-05-04,988.771937291455,995.7072114007136,933.834646717526,973.8115844726562,10515809,SBILIFE
2021-05-05,980.7963429315581,1010.3703078088483,956.0770334442057,964.1021118164062,5475550,SBILIFE
2021-05-06,968.2633787316794,974.3565369152686,952.3122716478227,960.4364624023438,1800692,SBILIFE
2021-05-07,1020.476075439148,1035.0401030906257,965.3902066231772,991.0011596679688,11010394,SBILIFE
2021-05-10,999.967380787625,1008.0915706501671,985.7996194564288,995.7071533203125,2370879,SBILIFE
2021-05-11,988.7719064499577,1005.6147144756584,981.3412558503838,991.6946411132812,1297672,SBILIFE
2021-05-12,986.3446444816213,991.6452120409609,961.0309044031007,963.9041137695312,3513520,SBILIFE
2021-05-14,963.953531297337,972.9198374608377,956.0770296840208,969.3531494140625,1331063,SBILIFE
2021-05-17,969.3531760192567,979.6569753654026,952.3122050008425,954.7395629882812,2181641,SBILIFE
2021-05-18,956.9687081778441,966.9752930673782,955.2844153478111,959.4951171875,1342840,SBILIFE
2021-05-19,959.4951392351855,970.8392777228223,954.0955211284112,969.00634765625,1101773,SBILIFE
2021-05-20,972.3749141129433,975.3471742444389,956.869599571993,960.1886596679688,1463348,SBILIFE
2021-05-21,959.1483901066742,966.6781526040463,956.3247669644045,960.2877807617188,1245988,SBILIFE
2021-05-24,958.405349892192,962.9628521598546,951.7673499860547,953.6002197265625,1841255,SBILIFE
2021-05-25,958.0584993495295,963.6066939785443,954.2441231009301,956.3742065429688,1235079,SBILIFE
2021-05-26,960.0401373594071,970.9384258124036,960.0401373594071,962.7647094726562,1719675,SBILIFE
2021-05-27,967.470665183162,976.8828221921124,956.6219036944776,973.0188598632812,2428883,SBILIFE
2021-05-28,976.8828617325775,977.8736151420426,963.0123140000662,967.8174438476562,1137566,SBILIFE
2021-05-31,967.9660940065874,973.7124517642598,961.674833960572,966.6286010742188,785669,SBILIFE
2021-06-01,969.3532043549668,972.9198926038945,951.2223677556741,957.3650512695312,1420625,SBILIFE
2021-06-02,956.0770881940625,984.2640362044086,954.4919068475499,975.2977294921875,2488600,SBILIFE
2021-06-03,977.378236081776,981.6879892142467,972.4244690463894,977.7249755859375,1724751,SBILIFE
2021-06-04,985.7501420071287,985.7501420071287,974.901379802365,980.0037841796875,996919,SBILIFE
2021-06-07,985.7996997823604,988.7224346045169,977.8736720454168,979.3598022460938,693875,SBILIFE
2021-06-08,978.8643370673051,978.8643370673051,954.0955026273429,970.7896728515625,3262160,SBILIFE
2021-06-09,969.1055338948387,997.6887474052724,969.1055338948387,989.3663940429688,3809219,SBILIFE
2021-06-10,995.7071747865666,995.7071747865666,982.8769060620745,988.3260498046875,1041345,SBILIFE
2021-06-11,989.6636253614562,993.230313520946,974.9013750669434,978.9634399414062,823207,SBILIFE
2021-06-14,978.9634760588191,983.5705038663541,962.3683554949698,977.0315551757812,514960,SBILIFE
2021-06-15,982.6293061348243,994.4688225169812,971.7805432495711,986.641845703125,1137725,SBILIFE
2021-06-16,990.7038758356006,994.5677778186322,979.2111000967537,982.6292114257812,833286,SBILIFE
2021-06-17,973.9105497589846,983.5208694143445,967.9660296180347,974.207763671875,869613,SBILIFE
2021-06-18,991.44685755709,991.44685755709,947.9032371306698,973.4646606445312,1888723,SBILIFE
2021-06-21,964.0030694487497,981.2422029982249,959.3960418966758,972.4739990234375,887943,SBILIFE
2021-06-22,972.9199440585821,1001.6517957670331,970.9879626254066,997.6887817382812,2289172,SBILIFE
2021-06-23,1001.1563486415034,1005.6642646881852,989.76268410971,991.29833984375,1802617,SBILIFE
2021-06-24,990.8525129836545,996.1530802868979,985.7996945166599,992.8836059570312,932721,SBILIFE
2021-06-25,987.7811698048123,1008.1411406991085,982.232974784596,997.8373413085938,980203,SBILIFE
2021-06-28,1001.1562757980282,1010.2712188544239,988.7718587297695,992.8339233398438,1107325,SBILIFE
2021-06-29,990.8524145246095,1007.893384468844,986.0472849005475,990.158935546875,2486963,SBILIFE
2021-06-30,993.1312319173161,1002.3947520149804,989.2177438948568,998.8280639648438,777901,SBILIFE
2021-07-01,999.6702186754601,1007.9925717407575,993.3293724856344,997.5896606445312,834379,SBILIFE
2021-07-02,1001.5526405100687,1001.5526405100687,986.8399161749908,997.8868408203125,581097,SBILIFE
2021-07-05,1004.6239187466329,1005.5651465437579,996.4997290058064,1000.5122680664062,431929,SBILIFE
2021-07-06,1001.602188197417,1023.3492379941979,996.796997798418,1013.6893920898438,1693798,SBILIFE
2021-07-07,1014.0361569212386,1017.5037939991324,1003.1873945405266,1005.0203247070312,888200,SBILIFE
2021-07-08,1001.4040359259055,1016.5130258322821,992.8339945120052,1012.1536865234375,868890,SBILIFE
2021-07-09,1004.7230362722872,1018.4945332348885,1003.187380539097,1010.1721801757812,930387,SBILIFE
2021-07-12,1010.2712443210523,1026.4205124909904,1009.5281792782258,1023.89404296875,1297301,SBILIFE
2021-07-13,1030.383450250942,1046.7308799905002,1026.4700230232504,1042.91650390625,2525938,SBILIFE
2021-07-14,1040.2909910742756,1051.0406404603962,1037.3187310997778,1042.6688232421875,1596046,SBILIFE
2021-07-15,1043.7588299984025,1055.102909389665,1039.6471787151688,1043.2138671875,796945,SBILIFE
2021-07-16,1044.2541438236433,1048.0685204453084,1037.417920781073,1040.538818359375,699003,SBILIFE
2021-07-19,1035.2384008913018,1040.538908156099,1017.8011627291829,1028.2535400390625,643558,SBILIFE
2021-07-20,1027.6589557114833,1031.5723832327176,1003.4350231862378,1005.3670043945312,695099,SBILIFE
2021-07-22,1007.5962197822437,1029.1946925357217,1007.5962197822437,1016.5130004882812,915518,SBILIFE
2021-07-23,1016.0175685038242,1044.2044531588226,1014.0855873618051,1040.73681640625,1290998,SBILIFE
2021-07-26,1038.3095922558,1094.6834864816688,1030.4826159884565,1066.6947021484375,2151393,SBILIFE
2021-07-27,1087.8472412927358,1103.4516074588203,1053.1708720347706,1094.93115234375,6096747,SBILIFE
2021-07-28,1104.6901553106131,1128.2701370472423,1082.893578255157,1122.9200439453125,4409570,SBILIFE
2021-07-29,1122.5236382349942,1137.3849397120682,1113.6564433969725,1118.4119873046875,1555904,SBILIFE
2021-07-30,1112.616057302157,1112.616057302157,1081.902702202988,1088.441650390625,1238229,SBILIFE
2021-08-02,1100.7767781875725,1118.065379228333,1091.7608241449939,1096.9622802734375,1582968,SBILIFE
2021-08-03,1095.0302161519405,1124.4060792082998,1084.6768913018925,1121.235595703125,1033719,SBILIFE
2021-08-04,1119.5514972229903,1134.0660607337134,1114.597729536163,1126.338134765625,1840302,SBILIFE
2021-08-05,1159.379606743404,1164.8287505676735,1114.5976004187664,1124.2574462890625,6687775,SBILIFE
2021-08-06,1129.45904401342,1143.5772820635877,1117.0250386171606,1140.06005859375,1654283,SBILIFE
2021-08-09,1140.6048490525789,1145.3109276914495,1118.4119487567475,1125.941650390625,1491795,SBILIFE
2021-08-10,1132.1833994709925,1135.403347883402,1109.7923977760915,1117.1734619140625,1911046,SBILIFE
2021-08-11,1119.5513964492957,1131.5394889840202,1102.807638986649,1124.9014892578125,1458158,SBILIFE
2021-08-12,1125.793160039774,1140.3076008961777,1118.114821031247,1123.56396484375,1054244,SBILIFE
2021-08-13,1121.5328292063039,1131.93573972456,1120.5916618693773,1128.07177734375,712776,SBILIFE
2021-08-16,1121.5329352482938,1133.9173537028908,1117.9166608712342,1128.5672607421875,479277,SBILIFE
2021-08-17,1127.4774917542302,1141.1499385370248,1113.1611519447076,1124.30712890625,1991904,SBILIFE
2021-08-18,1124.5051372418477,1135.7997504738262,1090.0268696792982,1103.7489013671875,3428721,SBILIFE
2021-08-20,1103.7488003804876,1123.0189043547196,1090.3240443249836,1114.894775390625,2127671,SBILIFE
2021-08-23,1116.5789885101563,1130.3999489087882,1108.2566364571708,1124.9508056640625,1251406,SBILIFE
2021-08-24,1129.4587742874314,1155.1193092249066,1120.1952550199662,1149.670166015625,1211218,SBILIFE
2021-08-25,1157.1998752848247,1160.8161490834032,1139.514952748965,1145.45947265625,893931,SBILIFE
2021-08-26,1140.5553535047193,1153.732423115737,1134.2640931187257,1141.14990234375,823814,SBILIFE
2021-08-27,1144.1221458188536,1181.6221401516555,1134.7099879337643,1173.1016845703125,2469538,SBILIFE
2021-08-30,1178.501271828586,1187.9134299474354,1165.6710625589997,1169.7825927734375,1690833,SBILIFE
2021-08-31,1169.7825614405613,1183.4550075604636,1160.8163151956148,1181.0277099609375,1719768,SBILIFE
2021-09-01,1178.005865576032,1211.4933809471736,1172.9530471113314,1209.214599609375,1955177,SBILIFE
2021-09-02,1218.4286096483388,1238.4417804436766,1212.880293718687,1231.90283203125,2468599,SBILIFE
2021-09-03,1235.4200333397796,1242.0581543810158,1214.663795809235,1232.64599609375,1295336,SBILIFE
2021-09-06,1233.488096955593,1236.4603574301848,1222.094431802991,1233.141357421875,1166873,SBILIFE
2021-09-07,1233.4879851278695,1241.7607518438253,1216.8928656492417,1227.2957763671875,1164891,SBILIFE
2021-09-08,1234.5283886086577,1235.4199699631783,1200.7435991047691,1208.768798828125,1909087,SBILIFE
2021-09-09,1166.1168402932767,1188.5574306945446,1157.2000590166076,1162.3519287109375,10115407,SBILIFE
2021-09-13,1168.1478391570352,1168.1478391570352,1142.6854043317471,1154.3763427734375,2374250,SBILIFE
2021-09-14,1159.1816618680562,1163.144676096665,1147.3422052367262,1160.0733642578125,1338821,SBILIFE
2021-09-15,1160.0731694576675,1165.1259875623523,1154.723076959117,1161.6087646484375,1875092,SBILIFE
2021-09-16,1163.3424706934477,1176.0241612469572,1157.1998486406453,1173.943603515625,3028407,SBILIFE
2021-09-17,1191.876325814082,1193.6597302891873,1172.5070487012379,1187.7152099609375,4143024,SBILIFE
2021-09-20,1178.8478401358468,1187.6159830268023,1163.1444238488589,1166.612060546875,2117784,SBILIFE
2021-09-21,1178.0058236381756,1184.8915115729692,1160.0732108140012,1173.646484375,2117913,SBILIFE
2021-09-22,1173.646668477932,1192.4215214126582,1166.8600306328535,1180.2847900390625,1399326,SBILIFE
2021-09-23,1212.6821580964286,1212.6821580964286,1187.4179464694198,1207.034912109375,2659260,SBILIFE
2021-09-24,1207.728276120129,1227.0975515666062,1196.4336642798312,1210.7501220703125,1703375,SBILIFE
2021-09-27,1218.5770760739888,1221.5989222713224,1197.672203863338,1211.4932861328125,728019,SBILIFE
2021-09-28,1211.1960298052059,1217.7845640943021,1191.1828595298407,1199.10888671875,1588306,SBILIFE
2021-09-29,1194.8485362392807,1203.5672140677377,1185.7336538253605,1194.7989501953125,1623118,SBILIFE
2021-09-30,1197.9695672579608,1207.7284646254775,1185.6842001973257,1203.864501953125,1234882,SBILIFE
2021-10-01,1192.867130198299,1206.2918875568141,1188.3096886067876,1197.8704833984375,830634,SBILIFE
2021-10-04,1199.8023199756663,1228.5341674399886,1194.8981392161436,1219.46875,1664614,SBILIFE
2021-10-05,1219.6174795369348,1255.7799799456252,1215.6544657935165,1250.28125,2282814,SBILIFE
2021-10-06,1261.2291481395016,1262.120850437265,1194.2542387738276,1200.8427734375,2630744,SBILIFE
2021-10-07,1215.6546424491821,1222.7880198473056,1196.0376731919446,1203.815185546875,2674007,SBILIFE
2021-10-08,1213.6234373117181,1217.636037316614,1180.9285721925576,1185.386962890625,1661548,SBILIFE
2021-10-11,1188.8544743381547,1207.2329979815536,1188.8544743381547,1194.9476318359375,822914,SBILIFE
2021-10-12,1197.8208246552592,1203.7653448768735,1187.071174776155,1199.406005859375,815338,SBILIFE
2021-10-13,1199.4061478014034,1207.3817617525613,1173.4484548050577,1180.73046875,1281752,SBILIFE
2021-10-14,1181.9192471287547,1187.8143025582463,1162.9464158389924,1174.5877685546875,2080766,SBILIFE
2021-10-18,1208.719231115697,1208.719231115697,1174.5878225153347,1181.4735107421875,934860,SBILIFE
2021-10-19,1182.4641368259488,1204.6570363095302,1175.5784493408764,1182.41455078125,1313098,SBILIFE
2021-10-20,1187.913282398897,1191.8762958514371,1145.211836636092,1157.9429931640625,2063277,SBILIFE
2021-10-21,1159.1814881849052,1173.4978265640618,1127.5269651534104,1147.5897216796875,1985866,SBILIFE
2021-10-22,1157.1999997489986,1160.9649111385127,1131.1431363095253,1156.4073486328125,1112991,SBILIFE
2021-10-25,1146.8960713984604,1156.1595911750182,1115.885563631799,1119.2540283203125,1843700,SBILIFE
2021-10-26,1124.5051822467353,1167.404855637716,1123.5144287822006,1161.212646484375,1572647,SBILIFE
2021-10-27,1164.531607154135,1190.9352102824196,1164.4325559993367,1175.0335693359375,1916766,SBILIFE
2021-10-28,1198.8116976224894,1210.4530508845262,1147.3915683873895,1156.308349609375,3565017,SBILIFE
2021-10-29,1156.308305481114,1169.0890489331914,1131.5394696986314,1134.9576416015625,1518940,SBILIFE
2021-11-01,1137.384976101668,1162.2033987390569,1128.0224042481966,1152.593017578125,972538,SBILIFE
2021-11-02,1152.5929596243482,1161.4106891944773,1144.6174672091158,1155.26806640625,1159884,SBILIFE
2021-11-03,1159.1813471019693,1187.3187646729282,1156.2090872376054,1167.9000244140625,1941052,SBILIFE
2021-11-04,1178.9471287131687,1178.9471287131687,1161.7081138387603,1170.822998046875,119047,SBILIFE
2021-11-08,1172.0612739782782,1190.9846397586737,1166.4634930714697,1189.548095703125,1361707,SBILIFE
2021-11-09,1200.7931147591376,1200.7931147591376,1181.3743724051435,1196.0870361328125,1521269,SBILIFE
2021-11-10,1186.0308548107444,1193.6597284518677,1170.1293355220978,1172.8043212890625,842679,SBILIFE
2021-11-11,1167.107599925225,1181.0771998107155,1139.4655536334155,1142.536865234375,1271079,SBILIFE
2021-11-12,1143.3293636499366,1166.1166906550914,1136.9885180341012,1164.0361328125,1281030,SBILIFE
2021-11-15,1166.314888518627,1168.5936697824993,1144.815587480863,1149.1749267578125,662558,SBILIFE
2021-11-16,1159.0825028635968,1163.2932050897443,1140.0104986628112,1142.3387451171875,694696,SBILIFE
2021-11-17,1139.3664332537971,1185.8822579565267,1139.3664332537971,1176.222412109375,2862829,SBILIFE
2021-11-18,1178.9965584238685,1193.8578595804718,1167.6028942038058,1171.1201171875,1527355,SBILIFE
2021-11-22,1171.1201810186262,1178.6498831600577,1126.6353262769271,1140.010498046875,772737,SBILIFE
2021-11-23,1133.0255020633115,1148.4812300694057,1121.086996811419,1142.833984375,820238,SBILIFE
2021-11-24,1148.5308675567267,1170.4264932912097,1141.3479054779807,1152.9892578125,1136850,SBILIFE
2021-11-25,1147.044867893497,1163.144612314373,1141.8434120036754,1148.7786865234375,768462,SBILIFE
2021-11-26,1143.3294131737018,1143.3294131737018,1095.0301853641542,1119.8980712890625,2315515,SBILIFE
2021-11-29,1101.717760760451,1137.236245316077,1093.5440453591257,1125.7435302734375,1120859,SBILIFE
2021-11-30,1124.5051705933993,1157.1009834271106,1123.6630543455888,1149.8189697265625,2253521,SBILIFE
2021-12-01,1150.066501115027,1168.5439537618174,1144.815460147503,1154.0789794921875,1239348,SBILIFE
2021-12-02,1159.8255628625288,1178.9966181371992,1146.3513399864207,1177.064697265625,1030248,SBILIFE
2021-12-03,1166.1166961665135,1177.0645690908395,1152.9396281985387,1155.1688232421875,1327943,SBILIFE
2021-12-06,1155.1689709326886,1168.0983522155257,1134.4127339158413,1137.88037109375,936271,SBILIFE
2021-12-07,1146.301740661645,1151.7012985828562,1128.4681785770213,1148.431884765625,2090791,SBILIFE
2021-12-08,1154.2276451107577,1162.1536718582995,1147.8867995244104,1158.68603515625,2315306,SBILIFE
2021-12-09,1169.0891495377389,1173.9933310680615,1142.4378557540265,1150.611572265625,1136171,SBILIFE
2021-12-10,1150.2648806424163,1166.9095887906249,1146.1037640761624,1164.7298583984375,949040,SBILIFE
2021-12-13,1171.0707061396845,1193.5112984278885,1167.107691905709,1175.677734375,2187282,SBILIFE
2021-12-14,1168.0981937024847,1181.8696893856795,1167.2560775475865,1177.5599365234375,1171502,SBILIFE
2021-12-15,1177.5600714802572,1179.6406295547965,1151.552793194556,1163.78857421875,857540,SBILIFE
2021-12-16,1167.6029681083717,1175.9747865798627,1149.4226660643694,1153.0389404296875,993629,SBILIFE
2021-12-17,1145.310936486687,1151.2058708713846,1126.4866217866465,1131.9853515625,982598,SBILIFE
2021-12-20,1128.9635840179299,1131.9854304913215,1090.4232496775305,1115.2911376953125,1341693,SBILIFE
2021-12-21,1125.0995471220372,1130.8954303766288,1107.3650369118343,1124.7528076171875,878721,SBILIFE
2021-12-22,1128.8146945559677,1129.3596572217118,1108.6033040075529,1113.9039306640625,846447,SBILIFE
2021-12-23,1123.5143246743978,1123.5143246743978,1105.8294011595044,1115.0433349609375,1026376,SBILIFE
2021-12-24,1120.3439953707689,1142.982686418407,1115.5883306644848,1137.5830078125,1930715,SBILIFE
2021-12-27,1137.3849702490697,1154.2773650915108,1124.8519148119283,1151.2059326171875,798129,SBILIFE
2021-12-28,1154.524987364797,1171.5658974972164,1150.8591272136014,1166.711181640625,776910,SBILIFE
2021-12-29,1166.7111545034072,1181.1761296433015,1156.2091928780908,1174.686767578125,1400668,SBILIFE
2021-12-30,1172.95299643509,1191.5790881392861,1169.9807361793755,1184.1484375,1335116,SBILIFE
2021-12-31,1187.9134225494486,1193.80835737896,1176.123431948839,1184.941162109375,843128,SBILIFE
2022-01-03,1184.9409228753643,1203.2202725146678,1184.9409228753643,1198.217041015625,925281,SBILIFE
2022-01-04,1195.1457766706678,1215.6543219902082,1194.3531256391166,1209.3134765625,1409464,SBILIFE
2022-01-05,1203.7654266566904,1213.6729610324655,1202.5269848597184,1208.570556640625,378090,SBILIFE
2022-01-06,1197.6227539412287,1217.0909614271668,1191.034219666874,1194.4522705078125,1387627,SBILIFE
2022-01-07,1196.8302036480513,1207.9761802962637,1194.848696688369,1206.143310546875,1050768,SBILIFE
2022-01-10,1207.7285212210766,1229.2278238784827,1202.081274625637,1217.735107421875,1379165,SBILIFE
2022-01-11,1219.4194264791765,1228.484724030131,1212.7813056258863,1221.995361328125,985871,SBILIFE
2022-01-12,1228.5340629804246,1243.7916876283327,1219.7659206708527,1237.84716796875,1371034,SBILIFE
2022-01-13,1243.3955400256225,1249.340060535705,1234.4787592604985,1247.061279296875,933511,SBILIFE
2022-01-14,1247.3585740146923,1260.4860570215983,1242.9001835595168,1251.916015625,895522,SBILIFE
2022-01-17,1244.6836427307012,1281.2919353644804,1244.6836427307012,1276.0408935546875,1427239,SBILIFE
2022-01-18,1276.0407411634142,1281.0440940061926,1251.4205443648348,1254.1947021484375,869578,SBILIFE
2022-01-19,1251.321452872457,1260.3372839661222,1229.1285541438876,1236.5592041015625,625670,SBILIFE
2022-01-20,1236.4602710242889,1244.0395588931624,1219.5678767975255,1227.2462158203125,716954,SBILIFE
2022-01-21,1213.672787318817,1251.5195148406228,1189.8947082203258,1229.1781005859375,2421446,SBILIFE
2022-01-24,1228.5342753507653,1228.5342753507653,1194.0065418810382,1213.6729736328125,1073781,SBILIFE
2022-01-25,1200.8921387882763,1221.4998573158118,1199.0592692372077,1216.6451416015625,1083251,SBILIFE
2022-01-27,1207.728301804674,1210.6015106322277,1190.7368581118894,1200.4462890625,1793456,SBILIFE
2022-01-28,1198.8116363668767,1226.305043729836,1189.8948556005114,1194.40283203125,635096,SBILIFE
2022-01-31,1198.8115424421624,1226.9489615109371,1194.8981151223884,1221.8465576171875,1771932,SBILIFE
2022-02-01,1238.4419016826303,1238.4419016826303,1191.4801605825064,1203.7159423828125,1593083,SBILIFE
2022-02-02,1205.449773180194,1216.1995457482885,1199.8521124815115,1208.818359375,937000,SBILIFE
2022-02-03,1206.7873151097538,1208.7192360037811,1164.7297576527035,1174.240966796875,1236574,SBILIFE
2022-02-04,1182.959609524963,1182.959609524963,1154.3763969169686,1161.2620849609375,856452,SBILIFE
2022-02-07,1151.057457639126,1160.8658204758865,1121.433903981925,1133.4219970703125,1519928,SBILIFE
2022-02-08,1134.4127070751786,1138.3757208990219,1107.0183498295441,1120.6907958984375,1511667,SBILIFE
2022-02-09,1121.5329329603305,1130.251611911215,1107.6623843194784,1115.2911376953125,1741687,SBILIFE
2022-02-10,1114.5976125869001,1139.3664484221647,1097.7548042189203,1135.651123046875,2030639,SBILIFE
2022-02-11,1134.2640525280192,1134.2640525280192,1113.606867475356,1122.8209228515625,1942394,SBILIFE
2022-02-14,1114.5976623697652,1116.5791693250892,1079.9212906515947,1086.1630859375,2448602,SBILIFE
2022-02-15,1085.8657423787117,1113.2600984801402,1076.156310539205,1109.59423828125,1245681,SBILIFE
2022-02-16,1117.5699315529478,1121.0375687519154,1091.8103409320465,1111.7740478515625,1294606,SBILIFE
2022-02-17,1117.569703629293,1122.374832865273,1101.6185999555207,1115.9349365234375,1182862,SBILIFE
2022-02-18,1114.3995017393006,1150.165676223097,1101.0737955970694,1139.86181640625,1734791,SBILIFE
2022-02-21,1134.4126688706556,1139.8618126949252,1112.6160935735775,1124.2574462890625,1020384,SBILIFE
2022-02-22,1095.77337309244,1116.083819881224,1085.9648892353923,1090.77001953125,2115917,SBILIFE
2022-02-23,1097.7547084184253,1104.6403958030858,1088.5406539151802,1091.5625,1743770,SBILIFE
2022-02-24,1068.0322517145078,1081.4074236979457,1031.0770985243748,1044.4522705078125,2088599,SBILIFE
2022-02-25,1050.1986949947818,1067.7349833175879,1039.3004066504961,1045.83935546875,1415912,SBILIFE
2022-02-28,1039.3003649270693,1052.9728108594636,1007.4476174476132,1050.3472900390625,1566146,SBILIFE
2022-03-02,1050.1987236921143,1114.5977020317252,1046.2852956927281,1110.7833251953125,3762611,SBILIFE
2022-03-03,1109.7429192493178,1116.3314539044322,1065.2085998842124,1071.3017578125,1105747,SBILIFE
2022-03-04,1061.5921817042647,1067.4376504768575,1040.0432970079812,1047.572998046875,1586668,SBILIFE
2022-03-07,1017.1073882995883,1039.1021857400747,1013.5407003459233,1019.3861694335938,852067,SBILIFE
2022-03-08,999.6702160252499,1030.13588415486,994.221072132149,1022.407958984375,1580056,SBILIFE
2022-03-09,1026.2223580370671,1032.3153943253365,1011.3609974650014,1015.7202758789062,1409037,SBILIFE
2022-03-10,1029.392824351518,1047.3254374305377,1026.4701500796068,1040.3406982421875,1580932,SBILIFE
2022-03-11,1040.291120108423,1056.2422264284355,1032.0183530082584,1048.7125244140625,698477,SBILIFE
2022-03-14,1037.318904112778,1062.6821692704843,1030.5322668940541,1059.8089599609375,1278905,SBILIFE
2022-03-15,1059.164992915629,1069.369680585237,1050.1986260804797,1060.651123046875,1068905,SBILIFE
2022-03-16,1065.9514319516122,1087.6489520317505,1065.059729849938,1075.7103271484375,1616431,SBILIFE
2022-03-17,1085.8656760426786,1129.4588236210343,1078.0387003573414,1118.11474609375,1867149,SBILIFE
2022-03-21,1128.4682270752787,1128.4682270752787,1083.884319947634,1085.667724609375,849763,SBILIFE
2022-03-22,1082.398205605926,1091.6617267012834,1060.1062517147284,1087.5006103515625,998586,SBILIFE
2022-03-23,1100.1821780573398,1107.365140947741,1069.1220799540595,1082.1505126953125,1054362,SBILIFE
2022-03-24,1077.939692027893,1087.3518492652688,1074.273952848914,1078.880859375,526345,SBILIFE
2022-03-25,1083.8842713974148,1091.1168199396795,1075.561918251385,1082.4971923828125,598919,SBILIFE
2022-03-28,1082.7945085143533,1093.5937456948511,1046.2356807103065,1067.04150390625,926829,SBILIFE
2022-03-29,1102.7748631038949,1106.695571351268,1078.3570100803652,1093.0970458984375,2864668,SBILIFE
2022-03-30,1101.7823059209431,1119.3016614150754,1095.3304275529376,1113.4949951171875,1287813,SBILIFE
2022-03-31,1119.6490174397986,1119.6490174397986,1106.1992844108347,1113.1474609375,749342,SBILIFE
2022-04-01,1110.7157396972095,1112.5024622759602,1080.9378378286517,1105.1075439453125,1519104,SBILIFE
2022-04-04,1105.107470437013,1121.534993675097,1095.8267158719577,1117.961669921875,1802143,SBILIFE
2022-04-05,1114.7358340887452,1121.832803953205,1102.774994725222,1110.070556640625,773451,SBILIFE
2022-04-06,1102.7748375492304,1114.140020306666,1093.3451697214016,1098.9036865234375,1354847,SBILIFE
2022-04-07,1095.33037934216,1107.4896880389806,1091.8562911430686,1100.6407470703125,966698,SBILIFE
2022-04-08,1100.7898307730597,1156.3752505415823,1100.7898307730597,1151.85888671875,2390240,SBILIFE
2022-04-11,1151.4121905771335,1151.4121905771335,1124.661757547172,1134.041748046875,1318874,SBILIFE
2022-04-12,1132.552764896355,1144.4639245622238,1110.765317140836,1140.5927734375,1506254,SBILIFE
2022-04-13,1141.4862052247881,1149.32774338965,1131.5602382228333,1138.4091796875,509293,SBILIFE
2022-04-18,1136.5231225656028,1173.199518971285,1125.2074969373107,1164.712890625,2382085,SBILIFE
2022-04-19,1176.1774903561068,1176.1774903561068,1103.7676046844958,1116.37353515625,971382,SBILIFE
2022-04-20,1119.152777000951,1127.2920214579585,1109.4252808938636,1119.9964599609375,645638,SBILIFE
2022-04-21,1116.869696078945,1140.0964817967679,1116.869696078945,1136.0765380859375,731288,SBILIFE
2022-04-22,1125.108328882378,1131.5602072570896,1113.6934671425038,1128.83056640625,824665,SBILIFE
2022-04-25,1111.708297537228,1120.8401386575053,1079.3992266734167,1083.171142578125,1073577,SBILIFE
2022-04-26,1097.8118613077852,1097.8118613077852,1075.577672794818,1086.744384765625,922785,SBILIFE
2022-04-27,1084.908180665889,1090.7645253620874,1053.3435575010146,1066.247314453125,1202603,SBILIFE
2022-04-28,1060.5895192330288,1116.671229889712,1058.5050905038845,1108.58154296875,1643102,SBILIFE
2022-04-29,1106.2489212429507,1124.2148956408575,1058.3561348365151,1097.3155517578125,3259418,SBILIFE
2022-05-02,1080.8880472704543,1085.3051749555075,1056.321280780264,1073.046630859375,1925857,SBILIFE
2022-05-04,1073.0466211317375,1088.8288104066746,1057.1153969643751,1069.8702392578125,1169983,SBILIFE
2022-05-05,1073.9896326130324,1106.745323811027,1072.0044392070934,1075.62744140625,814132,SBILIFE
2022-05-06,1065.0562781988292,1072.997051941225,1044.4102180019638,1051.308837890625,1350057,SBILIFE
2022-05-09,1026.344819835472,1066.9420424549278,1025.5506941387973,1056.5693359375,1201027,SBILIFE
2022-05-10,1062.0783896769206,1088.680027716769,1054.1376166699902,1073.046630859375,1410429,SBILIFE
2022-05-11,1071.0117537376489,1096.2732892678873,1071.0117537376489,1079.1014404296875,1886732,SBILIFE
2022-05-12,1067.5376383088553,1073.9398378822918,1040.2412319364764,1052.7479248046875,1457225,SBILIFE
2022-05-13,1067.041320735541,1071.0117070452548,1030.8612239549052,1037.2137451171875,1108831,SBILIFE
2022-05-16,1037.2635222972144,1046.1968923457073,1026.4938726387377,1036.9161376953125,590395,SBILIFE
2022-05-17,1034.2856951592805,1067.3887687508798,1028.6279427982663,1062.4754638671875,545334,SBILIFE
2022-05-18,1055.6265553904686,1076.967383731696,1053.1450637228843,1065.9495849609375,775879,SBILIFE
2022-05-19,1065.9495626558605,1065.9495626558605,1039.2486886380516,1048.8272705078125,1069562,SBILIFE
2022-05-20,1072.9970394800935,1075.4785312457734,1053.4924899685295,1063.41845703125,941175,SBILIFE
2022-05-23,1054.137742711841,1083.8164096071976,1054.137742711841,1068.5303955078125,620152,SBILIFE
2022-05-24,1064.8080350273783,1075.577684231533,1049.4227872595625,1065.4532470703125,847697,SBILIFE
2022-05-25,1070.0192456767506,1107.7379203852074,1070.0192456767506,1087.885986328125,3185769,SBILIFE
2022-05-26,1088.878589760141,1101.5838761018272,1065.4533316613356,1097.166748046875,1177148,SBILIFE
2022-05-27,1106.7453550726145,1121.0387722324315,1094.685280557563,1112.8001708984375,687512,SBILIFE
2022-05-30,1117.0682276281325,1141.4860795308691,1110.5666714911306,1139.89794921875,580398,SBILIFE
2022-05-31,1145.456550444725,1172.1574249440414,1131.1631342474532,1165.4573974609375,2649820,SBILIFE
2022-06-01,1153.397339581978,1167.2936930709175,1135.5802776824366,1144.2158203125,683413,SBILIFE
2022-06-02,1131.7585822753438,1139.500884135929,1112.9986036770983,1135.2823486328125,950691,SBILIFE
2022-06-03,1145.4566259687188,1153.2484860628304,1130.517996721467,1132.7017822265625,917466,SBILIFE
2022-06-06,1127.192767161987,1141.0891207015557,1125.70387213989,1133.54541015625,1199089,SBILIFE
2022-06-07,1126.646913332448,1129.5750250802125,1105.256406350454,1125.9024658203125,848821,SBILIFE
2022-06-08,1135.7787708179274,1150.6180429750436,1120.840142057816,1127.6395263671875,1387431,SBILIFE
2022-06-09,1128.5326361415166,1158.6083610614883,1122.180114946018,1155.0845947265625,1142045,SBILIFE
2022-06-10,1146.2010618446939,1155.0847540175982,1143.7195700459395,1146.3499755859375,611509,SBILIFE
2022-06-13,1128.6320583737422,1153.1988252223425,1121.9815881834647,1125.3067626953125,1014220,SBILIFE
2022-06-14,1116.6712160439708,1136.5231487736414,1115.827533136276,1123.7186279296875,768306,SBILIFE
2022-06-15,1131.5601513053798,1136.2253069713224,1114.4875378400359,1117.4156494140625,947417,SBILIFE
2022-06-16,1122.974246661261,1129.2276543064318,1091.7571290699707,1096.96826171875,1385141,SBILIFE
2022-06-17,1096.968144968652,1106.0999851241681,1067.9346947297627,1074.0887451171875,1535565,SBILIFE
2022-06-20,1070.168038128422,1084.7096024104903,1061.2346688151947,1067.9842529296875,532685,SBILIFE
2022-06-21,1072.1035813475694,1090.3673833261757,1069.373940651942,1088.2332763671875,659138,SBILIFE
2022-06-22,1087.3896187031637,1087.8859170229734,1054.733165026366,1062.5250244140625,560136,SBILIFE
2022-06-23,1069.0267284939523,1074.9823091540857,1053.5918001498003,1065.9000244140625,895014,SBILIFE
2022-06-24,1064.1629856737798,1084.8090472045624,1064.1629856737798,1070.5653076171875,492066,SBILIFE
2022-06-27,1075.8755398932753,1088.4814689604377,1069.0762770315919,1076.520751953125,793805,SBILIFE
2022-06-28,1076.9673457824174,1081.930328942705,1060.0932030374395,1070.06884765625,572706,SBILIFE
2022-06-29,1062.1282281743956,1079.9452918293898,1043.7651878261936,1059.7459716796875,1224658,SBILIFE
2022-06-30,1065.552520538703,1084.5607709185651,1049.7206521887629,1073.592529296875,1569542,SBILIFE
2022-07-01,1077.4141019895617,1097.166801697641,1067.0415143400573,1091.70751953125,696341,SBILIFE
2022-07-04,1096.8193598607395,1113.693503858597,1086.9926282404338,1109.375732421875,1436248,SBILIFE
2022-07-05,1109.7230790461858,1122.9742203810856,1098.7548373564207,1102.77490234375,1020111,SBILIFE
2022-07-06,1105.9512002303309,1116.671293110831,1102.7749392410074,1107.837158203125,602752,SBILIFE
2022-07-07,1113.395615399522,1121.6342160727072,1102.923793427289,1116.274169921875,792663,SBILIFE
2022-07-08,1127.3913805486482,1140.8906714379887,1119.2024577720356,1138.4091796875,1135110,SBILIFE
2022-07-11,1137.4660576968759,1146.5483410788424,1132.602431151628,1138.9053955078125,543156,SBILIFE
2022-07-12,1134.5379507738814,1138.5083373032737,1125.7038165126671,1131.31201171875,331672,SBILIFE
2022-07-13,1136.9698944986753,1142.2803840242639,1129.1780342741151,1131.411376953125,368619,SBILIFE
2022-07-14,1134.6372448062546,1138.409160670624,1121.6839307850396,1130.5179443359375,728701,SBILIFE
2022-07-15,1136.1757808220711,1149.5261573116416,1128.4334784774906,1146.895751953125,591171,SBILIFE
2022-07-18,1156.8217270608798,1178.063319783869,1148.7321612282205,1168.4351806640625,1044459,SBILIFE
2022-07-19,1167.690528029653,1177.1697517520674,1146.9452372804076,1161.2882080078125,1099874,SBILIFE
2022-07-20,1166.3010458287781,1190.1233650627275,1154.8861845291774,1177.269287109375,1608377,SBILIFE
2022-07-21,1178.2121624876916,1178.2121624876916,1154.389844122313,1159.8988037109375,1048591,SBILIFE
2022-07-22,1160.89148105735,1167.4921519636166,1149.824003980301,1156.325439453125,753148,SBILIFE
2022-07-25,1163.323299177029,1163.323299177029,1130.7660798801842,1136.4735107421875,934158,SBILIFE
2022-07-26,1133.5454756441725,1141.5854849946695,1126.5972984729735,1129.7735595703125,687125,SBILIFE
2022-07-27,1131.5601878821833,1168.782562483571,1123.817885498461,1140.8409423828125,1554002,SBILIFE
2022-07-28,1146.449053405623,1186.15291672703,1139.0045790328593,1182.629150390625,1043318,SBILIFE
2022-07-29,1253.3518709861955,1295.04093459356,1231.8125699223622,1284.8172607421875,7628351,SBILIFE
2022-08-01,1290.3756861749266,1307.497978933786,1277.8689922191638,1303.5772705078125,2973441,SBILIFE
2022-08-02,1300.3016263314755,1303.08094544981,1270.9703465227842,1275.6851806640625,1673860,SBILIFE
2022-08-03,1273.501508724525,1278.0178719726835,1249.2821261023707,1274.0474853515625,1409000,SBILIFE
2022-08-04,1274.5933311346555,1277.422207347409,1260.8458917967187,1269.3326416015625,1015838,SBILIFE
2022-08-05,1275.685054483846,1278.3154596094876,1251.6145878276454,1257.2724609375,922856,SBILIFE
2022-08-08,1251.8628714294227,1262.9303485305174,1241.9865830319866,1260.49853515625,1002771,SBILIFE
2022-08-10,1260.5976651702858,1284.7178106948986,1259.6547468795052,1263.77392578125,1187710,SBILIFE
2022-08-11,1270.1267430622497,1274.4445145758334,1249.7289530958062,1252.1607666015625,943196,SBILIFE
2022-08-12,1246.204974980592,1280.3006424164,1243.2271853151665,1277.025146484375,1572048,SBILIFE
2022-08-16,1279.4570743783488,1311.2201669928618,1277.521559388785,1299.904541015625,1710276,SBILIFE
2022-08-17,1295.3386505560845,1311.2201972295693,1282.881513917436,1295.68603515625,1209377,SBILIFE
2022-08-18,1296.3312731393862,1323.1313836866784,1293.7008676856865,1314.396484375,1498235,SBILIFE
2022-08-19,1310.2275452077602,1324.8186671309418,1283.7748209139995,1287.34814453125,961803,SBILIFE
2022-08-22,1282.484569668793,1301.6912909060552,1261.7392751339203,1266.5533447265625,966451,SBILIFE
2022-08-23,1266.5534794404682,1283.0802399062984,1260.5978988161398,1269.7794189453125,803737,SBILIFE
2022-08-24,1274.4941732402913,1280.4000751870349,1262.8311619197511,1277.96826171875,684029,SBILIFE
2022-08-25,1278.464457492049,1306.257163089702,1278.464457492049,1287.3978271484375,1286241,SBILIFE
2022-08-26,1296.3311756457779,1317.672002809931,1296.3311756457779,1303.97412109375,869870,SBILIFE
2022-08-29,1246.701456926442,1301.195040065223,1246.701456926442,1288.5889892578125,737193,SBILIFE
2022-08-30,1290.4748301084464,1323.776494883951,1290.4748301084464,1319.2601318359375,1086386,SBILIFE
2022-09-01,1281.541326140811,1303.2792138805864,1281.4420907234098,1286.9510498046875,2045072,SBILIFE
2022-09-02,1293.4032446204283,1301.2943403227955,1273.2038038079993,1278.6630859375,1141002,SBILIFE
2022-09-05,1285.0652086369691,1286.4051898097057,1272.5088374506502,1283.824462890625,440939,SBILIFE
2022-09-06,1283.4273567827615,1307.2496743100517,1275.5362625684756,1301.6414794921875,1792194,SBILIFE
2022-09-07,1294.346052065363,1327.4988049328697,1291.566732934785,1321.692138671875,839563,SBILIFE
2022-09-08,1328.09434089162,1330.4269188265357,1295.0905017027962,1307.944580078125,1205449,SBILIFE
2022-09-09,1312.2623326996168,1317.1259589180866,1281.7399884311214,1287.8443603515625,548609,SBILIFE
2022-09-12,1288.1920543005874,1301.2942823611577,1285.4624133574196,1296.331298828125,1002755,SBILIFE
2022-09-13,1302.832846120165,1325.1165935525971,1301.2942727696293,1314.5950927734375,1160040,SBILIFE
2022-09-14,1295.288932634527,1310.2275604839501,1290.3756277493449,1293.6512451171875,800852,SBILIFE
2022-09-15,1300.1526329404599,1307.2497228673988,1267.1487959736103,1285.41259765625,1441219,SBILIFE
2022-09-16,1279.457048136913,1293.3037225729263,1256.6273257884654,1262.8310546875,1717631,SBILIFE
2022-09-19,1269.034800059644,1298.316400843187,1263.0295419407935,1293.6512451171875,859607,SBILIFE
2022-09-20,1300.1526669680559,1312.7090385264073,1296.9764062299362,1299.6068115234375,671787,SBILIFE
2022-09-21,1299.6066958644456,1308.9866846833208,1288.3903065167397,1296.62890625,453755,SBILIFE
2022-09-22,1287.3978940473369,1290.3260057869006,1259.6051870054514,1275.9830322265625,932867,SBILIFE
2022-09-23,1264.5680360277152,1280.3999029257966,1256.180643439059,1263.575439453125,415333,SBILIFE
2022-09-26,1262.384549238999,1262.384549238999,1242.5821720962006,1250.473388671875,1271968,SBILIFE
2022-09-27,1256.6273981465124,1261.2429969464815,1228.1399218684355,1233.1029052734375,821405,SBILIFE
2022-09-28,1218.4123935161235,1241.5895011676146,1206.0049353336783,1229.6287841796875,1102669,SBILIFE
2022-09-29,1235.782914430073,1241.7384947405794,1226.8495439643134,1230.6214599609375,1382993,SBILIFE
2022-09-30,1233.7975865328162,1248.6865356864705,1225.4101936428892,1241.1923828125,1344894,SBILIFE
2022-10-03,1246.304334325546,1247.3466092787094,1218.7597771815445,1228.0902099609375,981699,SBILIFE
2022-10-04,1242.9791803380283,1255.6347878838935,1240.7955161300818,1251.3170166015625,420656,SBILIFE
2022-10-06,1257.6198513980366,1270.4739284843706,1233.2515571920057,1235.931640625,900769,SBILIFE
2022-10-07,1229.9263500936643,1247.5946169954632,1229.181902687688,1233.9959716796875,570691,SBILIFE
2022-10-10,1220.8938032647823,1234.7404772010332,1209.0323225045718,1230.125,539842,SBILIFE
2022-10-11,1230.86952514031,1233.7976367931778,1191.2648945449275,1197.4189453125,712461,SBILIFE
2022-10-12,1197.071535300597,1211.4145081317204,1191.413782978495,1203.2255859375,721135,SBILIFE
2022-10-13,1198.064038666251,1207.5433842076623,1176.2765928091644,1179.10546875,689562,SBILIFE
2022-10-14,1192.1085518331136,1208.0397762005964,1168.8817664733238,1171.0655517578125,717290,SBILIFE
2022-10-17,1169.2788878695274,1189.7760335243267,1158.9558581745434,1180.9915771484375,1615547,SBILIFE
2022-10-18,1186.8974734335236,1216.9235228346226,1184.316746313358,1210.0250244140625,1367703,SBILIFE
2022-10-19,1210.9678471903683,1224.6657286825948,1204.3670555932695,1218.0152587890625,947326,SBILIFE
2022-10-20,1210.9678845117676,1220.8938507782575,1205.0123047518737,1213.89599609375,878595,SBILIFE
2022-10-21,1219.3552985775043,1240.99395387841,1217.916081910665,1237.122802734375,1020728,SBILIFE
2022-10-24,1259.555498777907,1259.555498777907,1229.6288060430068,1248.28955078125,157253,SBILIFE
2022-10-25,1252.259964204123,1269.134107992516,1233.9961608116034,1245.5599365234375,1260061,SBILIFE
2022-10-27,1246.2051167520822,1254.6421884306108,1234.3436350353732,1243.6243896484375,1512949,SBILIFE
2022-10-28,1249.877545493307,1255.982038598011,1235.236746167617,1243.5250244140625,528795,SBILIFE
2022-10-31,1249.7784955468076,1264.320061607446,1246.0067007420648,1256.5777587890625,539055,SBILIFE
2022-11-01,1256.5777364538926,1276.8764115485887,1250.7215128918588,1259.3570556640625,1038607,SBILIFE
2022-11-02,1265.660085042461,1269.928299511676,1253.1533902914848,1263.228271484375,369486,SBILIFE
2022-11-03,1253.6495923528053,1271.5163323863371,1253.6495923528053,1266.60302734375,431610,SBILIFE
2022-11-04,1270.5237632495628,1272.3600428928166,1250.175531103769,1256.2303466796875,336277,SBILIFE
2022-11-07,1262.533367074293,1272.5090127154942,1256.0319311679414,1269.183837890625,474230,SBILIFE
2022-11-09,1280.4497099888438,1280.4497099888438,1246.7511013592602,1254.4437255859375,992095,SBILIFE
2022-11-10,1258.7117564417115,1258.7117564417115,1216.8737844476098,1229.1820068359375,497796,SBILIFE
2022-11-11,1241.738466076316,1263.7740642498836,1229.1820936448644,1240.9940185546875,1136441,SBILIFE
2022-11-14,1241.7384574578696,1250.5725922198642,1230.770215582034,1239.356201171875,772676,SBILIFE
2022-11-15,1239.3560725450873,1252.6568910254234,1229.3308712638566,1249.9769287109375,775345,SBILIFE
2022-11-16,1250.6718380613652,1256.180798195652,1237.0733117808256,1245.609619140625,1280120,SBILIFE
2022-11-17,1246.2049868450952,1251.813181668354,1234.7901263522888,1245.0634765625,796479,SBILIFE
2022-11-18,1245.0635349323059,1251.664326629608,1228.4872199931367,1233.5494384765625,1253218,SBILIFE
2022-11-21,1220.993131290295,1239.6539970269428,1196.5752776064664,1217.51904296875,1040107,SBILIFE
2022-11-22,1223.5738084743768,1226.7997474985175,1210.6204952466212,1219.950927734375,750489,SBILIFE
2022-11-23,1225.807177517231,1225.8568558160832,1208.1390299471188,1217.2213134765625,880563,SBILIFE
2022-11-24,1220.8937880562667,1236.1301212592637,1211.2159714436254,1231.4649658203125,1717980,SBILIFE
2022-11-25,1238.959058289971,1245.659085505647,1220.0004869944846,1226.10498046875,1429364,SBILIFE
2022-11-28,1220.893948117147,1260.1015179957058,1217.916157999788,1244.219970703125,1073327,SBILIFE
2022-11-29,1244.2199920592216,1263.8734556377633,1238.7110317809145,1249.083740234375,1070183,SBILIFE
2022-11-30,1249.033926313603,1280.1518059620735,1243.4754095026442,1273.4022216796875,1401332,SBILIFE
2022-12-01,1280.4496443292417,1288.5393310441727,1266.7517624581574,1281.194091796875,949604,SBILIFE
2022-12-02,1282.4348198832615,1290.3259144646736,1255.6347114182088,1285.5615234375,1614314,SBILIFE
2022-12-05,1288.4896505886034,1288.4896505886034,1264.2207116510322,1275.0400390625,684421,SBILIFE
2022-12-06,1276.479298723092,1303.7757067439977,1272.0622920736153,1275.5859375,1991151,SBILIFE
2022-12-07,1276.3800711811289,1287.0008069919206,1249.6791967550316,1252.7066650390625,636553,SBILIFE
2022-12-08,1232.8050662769976,1259.3570272455238,1232.8050662769976,1257.4710693359375,608199,SBILIFE
2022-12-09,1267.5458046088572,1267.5458046088572,1247.7435517427166,1260.250244140625,679420,SBILIFE
2022-12-12,1259.5554531194505,1263.5755179629487,1243.7732635361322,1253.8480224609375,498780,SBILIFE
2022-12-13,1256.1309793481648,1270.871014414194,1249.9272506868247,1268.3399658203125,598044,SBILIFE
2022-12-14,1275.4867084440834,1276.4793051043512,1257.2229056618396,1260.349609375,609946,SBILIFE
2022-12-15,1265.5111161646628,1285.412728497221,1259.2578296449003,1264.0718994140625,1303760,SBILIFE
2022-12-16,1253.6496913518663,1269.2830901157554,1241.3414674568187,1244.865234375,722024,SBILIFE
2022-12-19,1244.914748265828,1261.4911860634002,1242.0858718687143,1258.1163330078125,378502,SBILIFE
2022-12-20,1250.6716727474618,1259.6050418385153,1219.9508575065245,1222.134521484375,1478618,SBILIFE
2022-12-21,1221.9360518814533,1235.5842546733413,1212.5559416263573,1225.2115478515625,1281437,SBILIFE
2022-12-22,1225.2613169753329,1239.7532036898724,1220.0501846139462,1235.53466796875,1176517,SBILIFE
2022-12-23,1230.1250566928718,1238.7605989400038,1207.7419541348154,1215.5338134765625,877135,SBILIFE
2022-12-26,1213.8961403683618,1240.1007186596914,1196.0790772690418,1234.0955810546875,567165,SBILIFE
2022-12-27,1234.2941183760836,1245.4608323541545,1225.9562810391374,1231.8623046875,471890,SBILIFE
2022-12-28,1231.8123393960457,1240.6464730738605,1222.9782057182308,1232.8546142578125,376439,SBILIFE
2022-12-29,1228.8346379804336,1253.4510830721995,1219.9509465359802,1249.2821044921875,678487,SBILIFE
2022-12-30,1252.6569954227352,1254.4437178923497,1219.7028345010692,1222.184326171875,1052741,SBILIFE
2023-01-02,1220.8938621783357,1238.413217035593,1212.9530890909969,1230.8695068359375,703923,SBILIFE
2023-01-03,1235.4851495073633,1265.560880064958,1217.3207013405072,1259.009765625,1871263,SBILIFE
2023-01-04,1258.9599581374832,1272.8067543396794,1243.7733018349718,1249.7288818359375,1073081,SBILIFE
2023-01-05,1251.3169603393092,1265.1140776689433,1245.7584434690727,1258.26513671875,878852,SBILIFE
2023-01-06,1261.5406217951156,1277.8192305457553,1257.1236153164978,1259.65478515625,1675874,SBILIFE
2023-01-09,1265.9578906832455,1304.172864697925,1261.739354590716,1296.6787109375,1432882,SBILIFE
2023-01-10,1296.678658476546,1303.9246627618988,1288.2912649338434,1292.9564208984375,1000059,SBILIFE
2023-01-11,1299.4579384078604,1299.4579384078604,1277.8192828075864,1281.7401123046875,652049,SBILIFE
2023-01-12,1281.740209313323,1310.2276870732017,1281.740209313323,1305.95947265625,1377949,SBILIFE
2023-01-13,1309.234994587979,1316.1831712082335,1296.331238007506,1303.229736328125,1214977,SBILIFE
2023-01-16,1309.7809952514299,1312.9572561551952,1285.4126983337576,1291.26904296875,600742,SBILIFE
2023-01-17,1295.040765023988,1300.6986384726877,1284.9163279402217,1288.8370361328125,895667,SBILIFE
2023-01-18,1299.3090906127452,1312.2128478151635,1292.5098273970966,1300.9468994140625,1078873,SBILIFE
2023-01-19,1303.2793637877135,1320.1535063500828,1293.9489313140284,1313.3045654296875,1189082,SBILIFE
2023-01-20,1314.247541457311,1316.1333780134837,1282.7821573810554,1286.50439453125,966855,SBILIFE
2023-01-23,1275.486663248497,1308.391265603749,1270.5236801230164,1285.8096923828125,1367408,SBILIFE
2023-01-24,1286.4054293270174,1291.368413236458,1260.796383887664,1263.8238525390625,657428,SBILIFE
2023-01-25,1263.7738988376695,1269.3325365382104,1240.7953852776084,1248.1405029296875,599832,SBILIFE
2023-01-27,1254.3443956425895,1281.9386322442542,1220.8939354707184,1240.9940185546875,1164597,SBILIFE
2023-01-30,1212.953175550269,1235.2369231483658,1206.6005323942654,1224.318359375,1694822,SBILIFE
2023-01-31,1234.4924758418256,1234.4924758418256,1203.5731853567424,1210.5213623046875,1760628,SBILIFE
2023-02-01,1210.5213147782986,1219.65315565615,1060.9369242290031,1101.186767578125,8470232,SBILIFE
2023-02-02,1082.1288108730962,1146.449121755079,1080.6895942085214,1099.30078125,8566734,SBILIFE
2023-02-03,1106.7453527902137,1137.1684667661511,1106.7453527902137,1129.624755859375,4061171,SBILIFE
2023-02-06,1118.8548907646777,1138.3594390894557,1106.745260151625,1129.9720458984375,2909587,SBILIFE
2023-02-07,1134.5378044234592,1139.3518732360374,1116.125090801929,1123.37109375,1741642,SBILIFE
2023-02-08,1131.560166564915,1163.3232589597199,1126.746097107144,1155.8787841796875,3265863,SBILIFE
2023-02-09,1161.933761422185,1176.2271792258439,1154.141900966118,1171.7108154296875,2186484,SBILIFE
2023-02-10,1171.1151143095321,1178.7085027924165,1158.409950095171,1175.730712890625,1655228,SBILIFE
2023-02-13,1171.4625596597011,1179.1551839716644,1164.3655902922565,1170.3707275390625,812659,SBILIFE
2023-02-14,1169.2788612710822,1172.703271269122,1146.5483736055858,1153.0994873046875,990530,SBILIFE
2023-02-15,1152.3054935129342,1175.085538525469,1141.486165622844,1171.6114501953125,1243115,SBILIFE
2023-02-16,1177.5174668016346,1177.5174668016346,1160.8914727384877,1165.40771484375,356750,SBILIFE
2023-02-17,1166.896507916399,1166.896507916399,1128.8304535447958,1141.188232421875,909951,SBILIFE
2023-02-20,1135.5305587277373,1161.9832834768704,1132.701682530657,1149.823974609375,488052,SBILIFE
2023-02-21,1155.5809350294955,1159.3528506472055,1135.7290026553997,1141.83349609375,610755,SBILIFE
2023-02-22,1140.3943478748772,1140.4439050088376,1116.8201767664368,1122.7757568359375,944068,SBILIFE
2023-02-23,1128.4334793737996,1133.4461409320597,1115.529722900305,1126.9942626953125,768179,SBILIFE
2023-02-24,1127.6890748518051,1133.8928041619731,1110.9141665637928,1113.7431640625,973799,SBILIFE
2023-02-27,1113.743115388709,1126.5971934909817,1102.228897358971,1120.79052734375,987563,SBILIFE
2023-02-28,1123.0239578985029,1126.49804643291,1100.839445347822,1112.700927734375,1219508,SBILIFE
2023-03-01,1118.3090196137166,1118.3090196137166,1100.5911939668215,1109.8719482421875,675500,SBILIFE
2023-03-02,1113.3955100670362,1114.6859340583987,1089.970255543647,1092.005126953125,491880,SBILIFE
2023-03-03,1092.0051132114108,1124.3140580511104,1092.0051132114108,1120.8896484375,922485,SBILIFE
2023-03-06,1123.6194897207642,1137.4661655311634,1116.671312664187,1120.3438720703125,920574,SBILIFE
2023-03-08,1121.6342136766755,1132.8506042800755,1102.4770498791042,1120.840087890625,959097,SBILIFE
2023-03-09,1120.84007933154,1126.299360860844,1083.9155327272447,1088.5806884765625,1239659,SBILIFE
2023-03-10,1084.9081885129153,1092.4023420328651,1075.9251399492607,1087.7867431640625,893708,SBILIFE
2023-03-13,1083.9156960227274,1093.2461300936056,1058.2570932027622,1064.56005859375,875379,SBILIFE
2023-03-14,1066.8428330298057,1084.4614220007736,1063.070917628547,1069.125732421875,1089923,SBILIFE
2023-03-15,1072.0043462772132,1073.3940057742218,1054.1376071725929,1059.1502685546875,1566147,SBILIFE
2023-03-16,1066.512641935789,1083.0285380262776,1049.2506715616582,1057.2598876953125,1023855,SBILIFE
2023-03-17,1062.582835177621,1085.5656418729764,1060.742243133506,1066.16455078125,1569036,SBILIFE
2023-03-20,1066.1644143460012,1084.4213119006574,1048.653712507076,1068.6517333984375,842875,SBILIFE
2023-03-21,1069.5969454399817,1094.121813171497,1069.5969454399817,1092.1319580078125,842669,SBILIFE
2023-03-22,1113.8214181804822,1121.930102192163,1097.4549081820387,1107.453857421875,1399723,SBILIFE
2023-03-23,1108.1505768497752,1119.840977915644,1099.3951640667958,1112.9759521484375,463672,SBILIFE
2023-03-24,1104.3696794540135,1116.159547687689,1082.9787352123367,1106.5584716796875,1019781,SBILIFE
2023-03-27,1104.071149278716,1110.9361742585227,1089.545230080842,1093.7239990234375,1078978,SBILIFE
2023-03-28,1099.1960488175869,1100.8873771382996,1082.5310117032025,1085.7645263671875,609715,SBILIFE
2023-03-29,1088.4509633300188,1100.3900963829988,1077.7554899700574,1093.1270751953125,890212,SBILIFE
2023-03-31,1094.6193113657864,1107.3046384329693,1091.6843234875548,1095.5147705078125,959958,SBILIFE
2023-04-03,1094.420398282301,1121.0845074754482,1086.2620402573748,1098.201171875,1689388,SBILIFE
2023-04-05,1103.9219711565938,1113.224519960044,1094.8680328029207,1099.9422607421875,713828,SBILIFE
2023-04-06,1103.2753186040736,1114.318991461366,1099.3950763971513,1110.5880126953125,959185,SBILIFE
2023-04-10,1113.7219942761005,1113.7716677860756,1098.4498797068622,1100.638671875,985731,SBILIFE
2023-04-11,1105.2652241530004,1126.1089112257323,1102.7779048626442,1107.00634765625,913188,SBILIFE
2023-04-12,1112.8265340035998,1124.2682015414105,1106.4589729966801,1121.1341552734375,784276,SBILIFE
2023-04-13,1121.1341894991997,1133.222584644057,1117.801206187531,1124.5169677734375,1508398,SBILIFE
2023-04-17,1114.3190126261004,1144.9130390888258,1113.3240849362555,1139.5404052734375,1053536,SBILIFE
2023-04-18,1139.5404435377916,1147.4501918083372,1134.3170729907124,1139.739501953125,521013,SBILIFE
2023-04-19,1134.217557457204,1139.440927787599,1114.8164676585939,1117.7017822265625,1033060,SBILIFE
2023-04-20,1117.7017164701663,1126.059132797343,1106.8569810843728,1123.1240234375,663526,SBILIFE
2023-04-21,1130.8347593103554,1130.8347593103554,1097.7534144619308,1100.937255859375,835506,SBILIFE
2023-04-24,1100.389957533175,1108.0011781842761,1085.0680477583105,1100.0914306640625,1337055,SBILIFE
2023-04-25,1100.3901081815536,1116.4582158778692,1095.4652643248512,1100.2408447265625,1099269,SBILIFE
2023-04-26,1100.3900263657893,1116.308869423522,1098.4001709835725,1112.627685546875,993607,SBILIFE
2023-04-27,1132.9737990345168,1139.1920965045197,1119.2935446005106,1131.282470703125,1895316,SBILIFE
2023-04-28,1142.177092430923,1142.177092430923,1124.4176558327445,1134.317138671875,1380448,SBILIFE
2023-05-02,1141.1820137369139,1152.374949791439,1138.5454311760666,1145.062255859375,916515,SBILIFE
2023-05-03,1142.6744375494243,1144.2662975431151,1128.546513110111,1131.13330078125,623440,SBILIFE
2023-05-04,1131.183024795574,1163.9659661017554,1131.183024795574,1161.5283203125,2409910,SBILIFE
2023-05-05,1166.0552535374597,1177.2481900581906,1161.5780789291675,1167.74658203125,1360996,SBILIFE
2023-05-08,1172.0247502248392,1179.685644409016,1162.075473907141,1176.3526611328125,1221625,SBILIFE
2023-05-09,1177.9445508955273,1183.9141168373794,1170.930383784529,1177.148681640625,1412254,SBILIFE
2023-05-10,1178.392313652714,1188.938522279782,1175.3577357894571,1182.77001953125,1420187,SBILIFE
2023-05-11,1183.068390588595,1189.734478411492,1173.0694410309352,1179.38720703125,621616,SBILIFE
2023-05-12,1174.0146420611263,1187.8938343762272,1168.0450760845445,1181.0289306640625,1158276,SBILIFE
2023-05-15,1175.109004520812,1188.4410591099688,1175.109004520812,1183.4166259765625,680497,SBILIFE
2023-05-16,1189.9335114565688,1195.7041406109756,1168.2440393395325,1174.7608642578125,926172,SBILIFE
2023-05-17,1176.8004925946864,1178.9394899168983,1153.3201025028245,1156.702880859375,688730,SBILIFE
2023-05-18,1156.7029582624111,1166.900967527132,1144.6643569816026,1146.8531494140625,1133501,SBILIFE
2023-05-19,1146.8529364809988,1151.827574223089,1136.7545190254493,1148.295654296875,333053,SBILIFE
2023-05-22,1151.578940152761,1154.0165857241125,1143.3707871811,1144.9627685546875,392404,SBILIFE
2023-05-23,1141.1819924292527,1161.9262092394197,1139.0428737329917,1159.6876220703125,1139676,SBILIFE
2023-05-24,1163.5678811590672,1171.1791019357117,1152.922203934985,1169.38818359375,995336,SBILIFE
2023-05-25,1169.388196445377,1176.0044896494512,1165.5577492591642,1171.3780517578125,1136179,SBILIFE
2023-05-26,1169.03994442802,1197.594318319982,1167.1993526355284,1189.6846923828125,703725,SBILIFE
2023-05-29,1192.8684972936232,1225.6514373285308,1191.0279053697734,1211.92138671875,1370649,SBILIFE
2023-05-30,1208.4888843930723,1211.6229307549434,1194.7588343558893,1209.7325439453125,745769,SBILIFE
2023-05-31,1209.3843023107602,1233.3620333698839,1205.8024657615765,1228.735595703125,2382996,SBILIFE
2023-06-01,1235.2027104511392,1236.6951019659814,1198.2909179409328,1201.6239013671875,1041761,SBILIFE
2023-06-02,1205.6533885257159,1210.030973074466,1193.166997796136,1196.4005126953125,737046,SBILIFE
2023-06-05,1201.8726184161853,1212.8168227229553,1198.88783542343,1209.235107421875,1599077,SBILIFE
2023-06-06,1213.6624624197807,1218.7863640773521,1203.9619178893693,1216.7965087890625,793761,SBILIFE
2023-06-07,1219.0849395137984,1241.6697493551087,1214.806701893099,1239.48095703125,1067618,SBILIFE
2023-06-08,1241.3711348551933,1248.3854231112232,1227.7904700910337,1232.6158447265625,760962,SBILIFE
2023-06-09,1221.3732242251733,1247.241344509794,1221.273755745075,1226.14892578125,1904738,SBILIFE
2023-06-12,1235.8990329806272,1249.9276094926872,1228.586339311205,1232.6158447265625,1402903,SBILIFE
2023-06-13,1231.7203654274267,1242.4656320584543,1231.7203654274267,1236.9935302734375,1253147,SBILIFE
2023-06-14,1233.809865399405,1248.584518039982,1221.4230636237319,1235.998779296875,713768,SBILIFE
2023-06-15,1238.684929642117,1244.2565002161446,1230.1782496171347,1234.8046875,738348,SBILIFE
2023-06-16,1234.705159248721,1285.3966722022944,1229.780316178662,1274.8504638671875,2049003,SBILIFE
2023-06-19,1274.850547042688,1281.6161037864558,1268.5327806215832,1274.0048828125,741782,SBILIFE
2023-06-20,1275.3480173875485,1300.1715357782657,1274.0048893149674,1288.779541015625,1474323,SBILIFE
2023-06-21,1288.7794650637952,1299.67399534631,1279.725648034592,1288.3814697265625,855234,SBILIFE
2023-06-22,1289.3267672037407,1299.3755121884792,1266.4931047429209,1270.025146484375,556505,SBILIFE
2023-06-23,1264.7519286261306,1268.4332336519847,1254.1062517848445,1256.2950439453125,1076729,SBILIFE
2023-06-26,1260.5234459282433,1269.7265260215424,1256.792467512041,1259.926513671875,1009927,SBILIFE
2023-06-27,1262.0657701242594,1283.4567153806029,1251.768292860851,1279.875,1650539,SBILIFE
2023-06-28,1283.4565890687395,1305.9419282769288,1278.4819511266126,1293.306396484375,2245575,SBILIFE
2023-06-30,1294.4506935150112,1308.7775548007894,1294.4008985510632,1300.27099609375,972782,SBILIFE
2023-07-03,1301.315609802668,1305.3451154850377,1284.451634215841,1291.3663330078125,599025,SBILIFE
2023-07-04,1313.304598876527,1313.3543938433036,1276.3430095497365,1282.7105712890625,866223,SBILIFE
2023-07-05,1283.0090459952905,1310.0212355078845,1278.5815449221398,1284.9989013671875,960704,SBILIFE
2023-07-06,1291.4161571080244,1305.0964130095924,1282.8100081960836,1286.3917236328125,726222,SBILIFE
2023-07-07,1286.04347834287,1311.31466538018,1281.9145042337304,1287.4364013671875,939840,SBILIFE
2023-07-10,1294.1023577516112,1295.395812289034,1276.6911237154684,1286.739990234375,675354,SBILIFE
2023-07-11,1292.1622530079255,1302.1115292582272,1282.9591724763966,1288.4312744140625,821816,SBILIFE
2023-07-12,1284.4515269817537,1299.972373195724,1284.4515269817537,1294.0028076171875,905809,SBILIFE
2023-07-13,1305.3450958845872,1329.2233598336957,1298.4303971964437,1307.28515625,1579954,SBILIFE
2023-07-14,1313.8019642936722,1319.3238613419996,1304.6983519888404,1313.60302734375,1321159,SBILIFE
2023-07-17,1314.2994271935324,1321.811179540306,1290.1724316526975,1307.8323974609375,1055414,SBILIFE
2023-07-18,1308.3298710143401,1315.5928915023244,1299.0273216969738,1307.8822021484375,1427102,SBILIFE
2023-07-19,1307.9317079187351,1314.8465271296232,1300.6190148563521,1303.802734375,659900,SBILIFE
2023-07-20,1308.3298983399254,1314.8963967333823,1296.5400296299026,1307.384765625,898725,SBILIFE
2023-07-21,1308.130929826566,1316.0405561060977,1281.4668200828985,1284.153076171875,524241,SBILIFE
2023-07-24,1284.153084613117,1317.6822196892833,1281.3673600305203,1310.468994140625,1183272,SBILIFE
2023-07-25,1311.3146681120081,1313.3045234505696,1283.5561618488493,1294.5003662109375,1362929,SBILIFE
2023-07-26,1283.4566791341786,1293.3561607532497,1268.7814961750862,1286.09326171875,2302730,SBILIFE
2023-07-27,1288.4313145706287,1305.3450847232934,1286.1927273445408,1289.9237060546875,1946045,SBILIFE
2023-07-28,1295.346077235777,1295.346077235777,1274.8009172838126,1283.2080078125,1051700,SBILIFE
2023-07-31,1290.3713404200162,1290.3713404200162,1263.558089387095,1275.646484375,1061701,SBILIFE
2023-08-01,1278.4819524384022,1278.4819524384022,1254.703158760413,1273.45751953125,1219778,SBILIFE
2023-08-02,1273.5073776985541,1278.3825474190319,1246.0970726684193,1255.847412109375,888107,SBILIFE
2023-08-03,1253.5590055900461,1268.333777900303,1245.3011792189934,1247.3905029296875,871719,SBILIFE
2023-08-04,1252.5640749563597,1280.6211066290032,1247.6392318322091,1261.46875,1609140,SBILIFE
2023-08-07,1266.5429533226684,1299.0770403067484,1260.125718282595,1295.943115234375,1719680,SBILIFE
2023-08-08,1300.2709846005246,1351.8579595390756,1287.1876615666451,1342.505615234375,3458915,SBILIFE
2023-08-09,1359.0711850821544,1367.0306063710689,1336.187848876525,1342.505615234375,1746764,SBILIFE
2023-08-10,1338.1278736763977,1352.0071870507977,1323.3532225916915,1327.5816650390625,841571,SBILIFE
2023-08-11,1333.2030952154023,1333.2030952154023,1298.2811578324493,1304.84765625,891342,SBILIFE
2023-08-14,1307.3350551104509,1309.2751156300444,1285.3968497832782,1290.520751953125,888959,SBILIFE
2023-08-16,1288.431305792124,1293.3561490755112,1274.5023187024794,1284.7501220703125,395774,SBILIFE
2023-08-17,1279.9743425195495,1283.406794119196,1269.7763347381074,1277.9346923828125,843146,SBILIFE
2023-08-18,1272.0648255233502,1279.327724669161,1259.5784346405758,1275.9449462890625,886254,SBILIFE
2023-08-21,1276.4424039171026,1283.2577556082765,1267.836376744165,1272.0648193359375,703317,SBILIFE
2023-08-22,1277.835293898009,1306.5389321061136,1272.2637233878656,1280.22314453125,1405263,SBILIFE
2023-08-23,1283.4068598200142,1297.883105553244,1279.7256761348103,1293.6546630859375,583458,SBILIFE
2023-08-24,1293.3065739392314,1304.9969747072719,1283.6060286210702,1287.187744140625,618797,SBILIFE
2023-08-25,1286.4913571960267,1291.9634597422435,1275.9450260369515,1289.8243408203125,487521,SBILIFE
2023-08-28,1293.4059917329987,1300.370485534638,1283.0090459952905,1284.9989013671875,764751,SBILIFE
2023-08-29,1285.4465419150436,1295.0476181630715,1283.4566865870015,1290.6201171875,1011094,SBILIFE
2023-08-30,1295.3459355821337,1301.2160326912524,1286.739909033975,1294.0028076171875,812860,SBILIFE
2023-08-31,1298.2311883286666,1301.9621666382966,1279.9742920904334,1285.99365234375,1390078,SBILIFE
2023-09-01,1291.366223755353,1320.3683874489357,1286.640317677619,1313.8516845703125,761000,SBILIFE
2023-09-04,1321.7614460620318,1325.6913618865046,1294.8983982308878,1321.6121826171875,542261,SBILIFE
2023-09-05,1321.6121405722415,1332.1583495394718,1299.0273311390847,1302.8079833984375,1922115,SBILIFE
2023-09-06,1303.3552510488075,1322.2588768273781,1298.8282815582234,1313.1055908203125,1461738,SBILIFE
2023-09-07,1313.3045280612246,1344.4458127994926,1304.797847878557,1340.6650390625,1468196,SBILIFE
2023-09-08,1341.1624544846838,1342.605050977677,1327.5816679513457,1334.6456298828125,1214231,SBILIFE
2023-09-11,1337.630475077354,1349.9676026390723,1330.2183124180806,1343.3016357421875,844034,SBILIFE
2023-09-12,1345.9381365486781,1345.9381365486781,1324.5471926609512,1339.6700439453125,1139357,SBILIFE
2023-09-13,1343.1523453830478,1344.1970680099091,1321.5126687074319,1338.6751708984375,438029,SBILIFE
2023-09-14,1338.6750805921242,1353.8477264330977,1335.4415659047036,1345.8883056640625,889229,SBILIFE
2023-09-15,1348.4255290958474,1367.876292308748,1345.1422191815932,1365.6875,878944,SBILIFE
2023-09-18,1368.0255101814128,1385.934207769242,1360.6133478157901,1366.7320556640625,1324270,SBILIFE
2023-09-20,1363.0509648110442,1369.816521829977,1333.551333873629,1338.376708984375,574012,SBILIFE
2023-09-21,1338.675103657297,1345.0426646724618,1321.3136653861527,1327.432373046875,783641,SBILIFE
2023-09-22,1319.3238301148963,1330.8151713513225,1309.3247588698243,1312.1602783203125,1084861,SBILIFE
2023-09-25,1312.1106851901145,1333.203103622191,1282.5612599481065,1287.585693359375,908011,SBILIFE
2023-09-26,1288.928832352032,1295.7440627909532,1278.6810284854137,1283.158203125,749346,SBILIFE
2023-09-27,1276.7907079965862,1297.3856618706764,1271.4677478824553,1294.40087890625,643756,SBILIFE
2023-09-28,1294.4008777057902,1301.8628351099358,1277.98457141667,1282.8597412109375,1026081,SBILIFE
2023-09-29,1283.406980182934,1305.3451852688609,1282.461847417349,1298.7786865234375,1294800,SBILIFE
2023-10-03,1295.5450359074246,1295.5450359074246,1276.1439471491897,1285.8941650390625,1282289,SBILIFE
2023-10-04,1285.0486244768292,1291.1176593051205,1257.9368439883633,1264.10546875,1139615,SBILIFE
2023-10-05,1264.5530218785027,1275.5966943175074,1258.5336611168048,1267.9854736328125,979561,SBILIFE
2023-10-06,1269.5276842101457,1281.0191471735343,1265.5479736013365,1276.4423828125,784191,SBILIFE
2023-10-09,1271.6170265311644,1284.2028858052656,1265.5479920544628,1270.7713623046875,1345177,SBILIFE
2023-10-10,1278.4821126052534,1305.9420932239016,1273.3085370724418,1295.4456787109375,1221002,SBILIFE
2023-10-11,1303.3552233573976,1304.3003560457928,1284.6008614183966,1302.70849609375,1374812,SBILIFE
2023-10-12,1305.2952445086316,1310.7176729167402,1294.3510406716105,1306.9866943359375,726322,SBILIFE
2023-10-13,1309.1754066209164,1322.905455540744,1306.1906239384423,1309.7723388671875,916350,SBILIFE
2023-10-16,1312.508503192153,1325.442562601677,1303.9024762074885,1315.4932861328125,578729,SBILIFE
2023-10-17,1318.2792046449276,1344.2467933669516,1318.2792046449276,1341.5107421875,1073063,SBILIFE
2023-10-18,1337.232434594979,1351.708557711445,1332.2080018403021,1349.469970703125,454861,SBILIFE
2023-10-19,1342.1574318105368,1346.7340748192937,1331.8101597139134,1341.311767578125,595436,SBILIFE
2023-10-20,1333.2030240721235,1361.7077249591148,1329.7207773674577,1355.7381591796875,936229,SBILIFE
2023-10-23,1353.0518242831006,1359.618444007996,1322.3086567125931,1331.6112060546875,976136,SBILIFE
2023-10-25,1316.339133693598,1339.2721441620638,1302.0121506144897,1307.4842529296875,945901,SBILIFE
2023-10-26,1309.1258741468719,1309.1258741468719,1284.2028874827906,1298.9775390625,1107874,SBILIFE
2023-10-27,1300.9673711412208,1314.0008990689148,1287.0881790010633,1296.291259765625,654531,SBILIFE
2023-10-30,1298.5795414687273,1323.9501969592682,1298.3806045159206,1319.4730224609375,1242401,SBILIFE
2023-10-31,1318.2791182344056,1368.4234953993587,1312.8070162341874,1360.9117431640625,2287988,SBILIFE
2023-11-01,1364.095537360543,1370.9604406537362,1325.6415612513833,1329.2730712890625,968893,SBILIFE
2023-11-02,1335.192911253838,1350.8630217994773,1333.3523193847348,1336.685302734375,637519,SBILIFE
2023-11-03,1337.9787608251786,1343.1025410944205,1319.3735407809606,1322.6070556640625,690163,SBILIFE
2023-11-06,1328.228406725072,1333.8994457238962,1316.6872703276492,1325.0943603515625,377106,SBILIFE
2023-11-07,1325.741084524441,1337.2325473835094,1313.7024843323059,1334.0487060546875,1038346,SBILIFE
2023-11-08,1335.3421875167874,1342.505618111711,1327.9299035549209,1338.6751708984375,498283,SBILIFE
2023-11-09,1338.2770626585097,1346.4852151879327,1328.6759872278087,1343.8486328125,493454,SBILIFE
2023-11-10,1344.9431872500345,1353.1015450441157,1334.197920517764,1348.52490234375,639801,SBILIFE
2023-11-13,1344.6447831033768,1352.803141642011,1318.2791991209576,1321.6121826171875,1332535,SBILIFE
2023-11-15,1342.107623841506,1352.1066954456737,1325.2934434799442,1350.21630859375,742427,SBILIFE
2023-11-16,1355.8376037074836,1358.1756593062426,1341.2122163866309,1353.0517578125,577249,SBILIFE
2023-11-17,1347.1320878612748,1427.1739716799643,1347.1320878612748,1406.7779541015625,3192944,SBILIFE
2023-11-20,1406.7778953028067,1412.7972561365157,1375.984933265353,1378.2733154296875,726211,SBILIFE
2023-11-21,1381.9545641897423,1417.9212245458145,1380.064177284713,1416.4288330078125,2049132,SBILIFE
2023-11-22,1417.7719623923392,1431.2532812116815,1410.1607412513745,1422.8460693359375,865655,SBILIFE
2023-11-23,1422.8459792230328,1427.1242166120333,1399.2164480130195,1403.7930908203125,549853,SBILIFE
2023-11-24,1406.827798330173,1411.752641971595,1393.94353291602,1402.549560546875,387896,SBILIFE
2023-11-28,1402.649061327205,1410.111018764856,1386.0336965620234,1405.2855224609375,1123470,SBILIFE
2023-11-29,1408.270288125,1414.588175838787,1398.8682704495848,1400.7088623046875,887709,SBILIFE
2023-11-30,1402.8479265439928,1436.874402139291,1401.9027938973381,1427.9698486328125,3027395,SBILIFE
2023-12-01,1430.7558160628575,1437.6705149418124,1412.8967911207544,1416.4288330078125,808841,SBILIFE
2023-12-04,1432.5963007427108,1451.3008670812214,1407.8225787764895,1446.624755859375,2078827,SBILIFE
2023-12-05,1446.624730471047,1464.632895741707,1435.6805268705098,1453.5394287109375,1932719,SBILIFE
2023-12-06,1454.5841612018176,1455.529293847867,1437.8196553167681,1443.3414306640625,724418,SBILIFE
2023-12-07,1449.4602407895575,1475.925290495367,1442.7444795311653,1448.3658447265625,1244939,SBILIFE
2023-12-08,1447.6196096649167,1462.0958543420134,1444.187158139973,1457.767822265625,1654799,SBILIFE
2023-12-11,1457.7679270255442,1460.8522998651104,1447.619713695552,1453.1912841796875,731571,SBILIFE
2023-12-12,1457.0715714634382,1484.3326138882483,1452.5446019883739,1473.935546875,1763549,SBILIFE
2023-12-13,1475.6270288048643,1475.6270288048643,1452.5944284741063,1459.3599853515625,2279728,SBILIFE
2023-12-14,1465.528333293608,1470.104975896222,1447.569841796697,1462.394287109375,2953215,SBILIFE
2023-12-15,1466.5233912771623,1477.4675956896783,1441.2522040707622,1445.1324462890625,1482700,SBILIFE
2023-12-18,1445.1324930522126,1453.9873739263742,1434.3375517316883,1439.610595703125,1580916,SBILIFE
2023-12-19,1437.6207692721869,1440.655347417299,1411.8522383266695,1417.3243408203125,1282514,SBILIFE
2023-12-20,1429.7110492407862,1429.7110492407862,1396.9282313824883,1402.101806640625,1151553,SBILIFE
2023-12-21,1394.3910515395426,1403.1464631264485,1372.9503128694193,1396.629638671875,1841616,SBILIFE
2023-12-22,1406.827687118295,1410.5088708167248,1380.0144357214917,1387.2276611328125,1111420,SBILIFE
2023-12-26,1392.8986453371558,1402.0022572022626,1380.611313720299,1388.2225341796875,875367,SBILIFE
2023-12-27,1397.8734588553002,1416.7770857010303,1392.0033609656089,1414.1405029296875,718369,SBILIFE
2023-12-28,1421.254218454908,1437.6207305279947,1412.0013422709321,1428.019775390625,1446654,SBILIFE
2023-12-29,1425.7312472823676,1427.9698343768446,1413.8419110721509,1425.333251953125,383858,SBILIFE
2024-01-01,1428.5669163818611,1430.308039860063,1418.7171078435206,1424.8359375,158288,SBILIFE
2024-01-02,1429.710938795535,1442.346470537079,1414.5382931333,1430.357666015625,691712,SBILIFE
2024-01-03,1422.7466636372887,1433.5914002587378,1408.419679937007,1415.483642578125,550221,SBILIFE
2024-01-04,1413.593233311907,1429.3130170844997,1407.8226044446862,1424.33837890625,938454,SBILIFE
2024-01-05,1428.6166184735791,1460.5537713358613,1426.4277048011731,1446.7740478515625,1258280,SBILIFE
2024-01-08,1446.7739983172228,1452.693768975133,1409.2154813007394,1413.8419189453125,738502,SBILIFE
2024-01-09,1421.7516590268317,1460.8025705851264,1413.7922375627206,1441.9984130859375,1871763,SBILIFE
2024-01-10,1447.5698931568245,1487.7649933233245,1440.6551947734108,1444.087646484375,2547856,SBILIFE
2024-01-11,1442.6948793457598,1455.877670634088,1418.6673524432226,1420.5577392578125,908421,SBILIFE
2024-01-12,1427.5223115409733,1433.591346216497,1411.3049414618738,1428.019775390625,557158,SBILIFE
2024-01-15,1434.6856009020937,1437.222714865553,1417.3241628419455,1422.7962646484375,902104,SBILIFE
2024-01-16,1417.8217497274188,1424.636980096928,1398.4206598201413,1401.6541748046875,1729041,SBILIFE
2024-01-17,1389.9138800251949,1437.6206106481866,1379.5169350149054,1413.94140625,2628568,SBILIFE
2024-01-18,1409.712934861232,1430.7058828436084,1377.1787296060063,1397.7738037109375,2296538,SBILIFE
2024-01-19,1398.768903435447,1437.6705529303952,1398.2714395763016,1433.2928466796875,570639,SBILIFE
2024-01-23,1436.6754915826064,1441.3019293325679,1360.4142647786646,1368.52294921875,2880301,SBILIFE
2024-01-24,1373.3980508800978,1406.7281246925875,1361.6081833888888,1403.3951416015625,1255876,SBILIFE
2024-01-25,1407.7231703203156,1407.7231703203156,1350.2660979595569,1373.8956298828125,3230297,SBILIFE
2024-01-29,1380.9594991468246,1417.3738247620568,1380.9594991468246,1411.205322265625,1607583,SBILIFE
2024-01-30,1417.7719279814821,1426.4277501192323,1385.784979140656,1391.90380859375,1464906,SBILIFE
2024-01-31,1392.8986556366183,1399.3656851092169,1374.6914317717756,1394.0428466796875,1343827,SBILIFE
2024-02-01,1400.161804562858,1452.2959190224128,1391.4063921988145,1425.482666015625,1803699,SBILIFE
2024-02-02,1433.4917832434885,1448.6146346955738,1412.847034843809,1428.1688232421875,1817169,SBILIFE
2024-02-05,1427.7212502421246,1452.5944427550535,1407.7232277519568,1412.6480712890625,1010779,SBILIFE
2024-02-06,1415.3840671964701,1462.4938676861507,1397.773896165426,1456.5740966796875,1515381,SBILIFE
2024-02-07,1465.1303841736935,1485.4269318461431,1446.2765544162437,1461.996337890625,690402,SBILIFE
2024-02-08,1474.3833653764464,1484.531579215238,1447.7690497181318,1451.6492919921875,1679065,SBILIFE
2024-02-09,1460.5538409204257,1460.5538409204257,1429.2136188570787,1432.3973388671875,596482,SBILIFE
2024-02-12,1435.133299031256,1444.6349063968923,1416.0307372791854,1428.716064453125,515507,SBILIFE
2024-02-13,1428.7160729823443,1468.3639146450064,1420.9555889079784,1460.15576171875,1388464,SBILIFE
2024-02-14,1452.5942641982213,1456.573974511093,1431.7505800150032,1446.326171875,504590,SBILIFE
2024-02-15,1456.574153715953,1456.9223541209446,1436.327399298448,1445.9781494140625,736364,SBILIFE
2024-02-16,1449.0126720196267,1508.5092733690926,1444.2369706589623,1500.798583984375,2008339,SBILIFE
2024-02-19,1509.4046791043684,1514.279848768421,1478.4624541851995,1481.2979736328125,1163429,SBILIFE
2024-02-20,1481.2978966755118,1509.9518594338913,1465.8765192533613,1505.8726806640625,1569035,SBILIFE
2024-02-21,1502.3905064892365,1511.7925239511276,1487.8147925143228,1494.082763671875,1156081,SBILIFE
2024-02-22,1502.340754098814,1505.8230008798378,1462.7425849798638,1501.9925537109375,1355358,SBILIFE
2024-02-23,1500.748927525427,1528.4576389519204,1493.6351703671737,1521.3936767578125,1115653,SBILIFE
2024-02-26,1523.3834174760827,1545.5205565534986,1517.3640569217744,1541.2921142578125,1283074,SBILIFE
2024-02-27,1545.9186722995535,1561.0415244016401,1531.094225629732,1534.8748779296875,1764621,SBILIFE
2024-02-28,1536.16822465757,1548.8535516422744,1528.606799137304,1532.387451171875,834214,SBILIFE
2024-02-29,1532.3874734760202,1559.1510507745036,1517.6626175540482,1544.6749267578125,1672455,SBILIFE
2024-03-01,1556.9622398265858,1561.3896191067897,1528.2586025932476,1534.32763671875,1088145,SBILIFE
2024-03-04,1545.9682928635668,1546.1175563001536,1500.5996166600428,1510.2503662109375,2126926,SBILIFE
2024-03-05,1517.264722518729,1517.264722518729,1480.402603138722,1483.6859130859375,1476872,SBILIFE
2024-03-06,1484.6808711030174,1516.170357326842,1479.4575006400985,1512.6881103515625,1568041,SBILIFE
2024-03-07,1512.290050825183,1513.583505370157,1481.4472932096694,1502.73876953125,2468543,SBILIFE
2024-03-11,1519.2047116439235,1531.9896289815724,1505.9224519372956,1524.32861328125,1824218,SBILIFE
2024-03-12,1525.2240259873554,1543.8789186731108,1501.3955583105337,1508.708251953125,1608593,SBILIFE
2024-03-13,1516.2696628328208,1524.8260159050387,1473.1395756507338,1479.8055419921875,1461171,SBILIFE
2024-03-14,1474.6817285512632,1506.8677355018117,1457.8675482640997,1498.2117919921875,1094035,SBILIFE
2024-03-15,1477.1312778320312,1500.005832960705,1476.234210212042,1495.0721435546875,1466897,SBILIFE
2024-03-18,1488.0951155320938,1498.5107359583603,1473.443457436027,1484.805908203125,641326,SBILIFE
2024-03-19,1475.1378266446998,1484.058374969197,1451.515735791142,1456.549072265625,1010444,SBILIFE
2024-03-20,1455.2034838585366,1464.6223892473076,1445.2363367088208,1453.6087646484375,477278,SBILIFE
2024-03-21,1468.0612151723099,1472.1477214124484,1453.2101407036896,1463.2271728515625,958834,SBILIFE
2024-03-22,1469.1576320457061,1506.036080068563,1453.3098422101343,1496.1685791015625,563028,SBILIFE
2024-03-26,1453.7085993047806,1504.4911719154857,1453.0109475820188,1481.5169677734375,1349881,SBILIFE
2024-03-27,1485.1049513410119,1494.0753839330046,1468.659158255692,1474.6893310546875,795193,SBILIFE
2024-03-28,1475.1378155724046,1516.8503031180792,1475.1378155724046,1495.3212890625,1704887,SBILIFE
2024-04-01,1493.078655903363,1514.109312236771,1481.8656152632343,1485.0550537109375,838186,SBILIFE
2024-04-02,1490.0886649171528,1491.683384304945,1460.4862832517322,1465.768798828125,941688,SBILIFE
2024-04-03,1465.17070372764,1468.1109636150268,1451.2665814314073,1456.0009765625,1862464,SBILIFE
2024-04-04,1462.6789646686193,1470.2042100540498,1442.2463113291258,1458.9412841796875,1905528,SBILIFE
2024-04-05,1464.1740324163118,1485.0053959452002,1455.3531308230863,1480.4205322265625,836975,SBILIFE
2024-04-08,1483.8092132200368,1522.9801519207908,1482.1148467972619,1513.8104248046875,822205,SBILIFE
2024-04-09,1520.0897743687237,1522.382267162738,1498.112285202971,1505.587646484375,718575,SBILIFE
2024-04-10,1510.02288427627,1511.7172507262262,1476.1345819228752,1498.4111328125,1056524,SBILIFE
2024-04-12,1496.068937943743,1506.434796357957,1483.3109396386658,1488.2447509765625,787733,SBILIFE
2024-04-15,1484.9554881113816,1485.00537251801,1457.6953632588254,1462.0809326171875,994053,SBILIFE
2024-04-16,1455.402908659291,1472.0481188936817,1447.2298959312511,1457.944580078125,717750,SBILIFE
2024-04-18,1460.1871769989846,1478.7759322891773,1443.243025457017,1452.16357421875,1746383,SBILIFE
2024-04-19,1445.2364582533964,1452.7617036520169,1420.6674141292315,1442.7945556640625,1129149,SBILIFE
2024-04-22,1451.71516575922,1478.0284618926275,1447.2299489752058,1470.5531005859375,772048,SBILIFE
2024-04-23,1473.144490275775,1484.3076474883633,1459.439661628081,1465.021240234375,1042729,SBILIFE
2024-04-24,1465.021272397194,1473.1445226169305,1447.7781787943893,1455.2535400390625,898680,SBILIFE
2024-04-25,1459.1904121158793,1459.1904121158793,1431.4319303176135,1439.70458984375,2406788,SBILIFE
2024-04-26,1450.2199982611287,1462.0310440162027,1406.5638424292656,1410.6005859375,2180945,SBILIFE
2024-04-29,1432.2791419864811,1456.1006496143373,1409.4045864032628,1417.67724609375,4381119,SBILIFE
2024-04-30,1427.2954658045933,1445.0867990577576,1418.5243276822177,1431.83056640625,2402464,SBILIFE
2024-05-02,1411.6968956656797,1459.9379133472091,1411.6968956656797,1456.1005859375,2194261,SBILIFE
2024-05-03,1464.173949412946,1467.8617452740482,1433.6745027787717,1438.508544921875,1355425,SBILIFE
2024-05-06,1445.236452978652,1452.6619295348623,1426.8968764138933,1435.8673095703125,920880,SBILIFE
2024-05-07,1436.1663744614582,1454.1072407965937,1426.847115449009,1445.385986328125,1800920,SBILIFE
2024-05-08,1435.2693375459962,1461.1340383986405,1418.3251856444115,1422.0628662109375,1297162,SBILIFE
2024-05-09,1427.1959635650876,1434.77097180205,1408.5573235800491,1417.7271728515625,1645954,SBILIFE
2024-05-10,1420.3186082577315,1433.7742582306994,1411.0989962392164,1427.2457275390625,741292,SBILIFE
2024-05-13,1430.2857135759818,1435.2692874908807,1415.883233629638,1420.418212890625,771284,SBILIFE
2024-05-14,1422.5112375437052,1432.0299120405366,1417.3782539346307,1428.1427001953125,896653,SBILIFE
2024-05-15,1435.2693566294356,1439.106684394899,1421.06617028779,1425.40185546875,254646,SBILIFE
2024-05-16,1426.8471357162414,1453.4094880820737,1415.4845625420685,1447.42919921875,1176239,SBILIFE
2024-05-17,1445.2364233584472,1445.2364233584472,1425.8004852512129,1429.48828125,2433315,SBILIFE
2024-05-21,1434.1230968323132,1435.966994918553,1417.8268338317953,1424.953369140625,1300334,SBILIFE
2024-05-22,1429.5381652303836,1430.8339431048598,1419.3218387924462,1422.710693359375,966583,SBILIFE
2024-05-23,1429.2889991770294,1448.176695651857,1419.37173575143,1442.0469970703125,1206423,SBILIFE
2024-05-24,1437.7610836444055,1443.6914879733527,1428.7407661330294,1431.5316162109375,487961,SBILIFE
2024-05-27,1430.285713964197,1443.2430061464509,1397.5436576682812,1405.567138671875,1675749,SBILIFE
2024-05-28,1410.3513353141693,1450.2199242983156,1401.2812556541317,1445.98388671875,1600105,SBILIFE
2024-05-29,1443.2430030332675,1444.688190798149,1401.9789867618572,1408.15869140625,1518325,SBILIFE
2024-05-30,1414.1390572981286,1414.1390572981286,1366.4960394927366,1375.516357421875,2097166,SBILIFE
2024-05-31,1389.2211730300146,1396.5470026666421,1368.0907457190124,1381.845458984375,2559060,SBILIFE
2024-06-03,1430.5847440331993,1431.6811059356014,1382.7921982783553,1386.9285888671875,870693,SBILIFE
2024-06-04,1393.5567722871263,1398.0917514639261,1303.403848838628,1334.4515380859375,3277433,SBILIFE
2024-06-05,1336.594531344743,1391.6131390008393,1326.328320355738,1385.533203125,1238176,SBILIFE
2024-06-06,1385.5331598320372,1441.0502448169457,1375.7155438061827,1438.10986328125,2227021,SBILIFE
2024-06-07,1430.3853833729456,1435.2693102207488,1415.3350142454606,1421.165771484375,1279929,SBILIFE
2024-06-10,1432.1297061228324,1447.2299604155726,1413.690481420568,1427.5947265625,2059288,SBILIFE
2024-06-11,1427.7440904359332,1435.070041673708,1417.328469269705,1423.358642578125,991450,SBILIFE
2024-06-12,1423.4083313528454,1456.9976919299645,1421.115960395253,1447.927490234375,1823958,SBILIFE
2024-06-13,1454.8548103083758,1474.5896907287151,1428.142804483727,1445.1368408203125,3086173,SBILIFE
2024-06-14,1440.1531760092275,1468.9083724005663,1435.8672538885396,1465.071044921875,856835,SBILIFE
2024-06-18,1475.137990685693,1475.137990685693,1450.2700036320539,1468.709228515625,1427035,SBILIFE
2024-06-19,1473.4933486217883,1473.543233031141,1441.399179675833,1444.4390869140625,578983,SBILIFE
2024-06-20,1471.1509132922536,1476.0348397095315,1446.681518471884,1450.71826171875,1444553,SBILIFE
2024-06-21,1450.7183586610226,1473.692682950266,1440.402385047685,1459.3399658203125,1184387,SBILIFE
2024-06-24,1459.339989977713,1459.339989977713,1442.4456012177397,1447.9774169921875,460942,SBILIFE
2024-06-25,1452.612157788938,1462.6789528237487,1425.302148237111,1457.197021484375,1845922,SBILIFE
2024-06-26,1457.197055000125,1470.8022365164395,1442.246332821601,1446.133544921875,780636,SBILIFE
2024-06-27,1440.2528726916996,1468.8087757816932,1432.8273961680277,1458.6422119140625,1492222,SBILIFE
2024-06-28,1445.3360943087212,1493.8761776391623,1445.2364471634637,1487.048583984375,1533271,SBILIFE
2024-07-01,1487.0485153144534,1506.9330474811707,1477.0316051275631,1496.916015625,788569,SBILIFE
2024-07-02,1502.04911564147,1505.3880856920857,1463.2768878580764,1489.9888916015625,1462260,SBILIFE
2024-07-03,1498.062382021878,1501.9993569130352,1481.317524293638,1491.4342041015625,527776,SBILIFE
2024-07-04,1491.483943032558,1513.8601400042387,1487.3475525782803,1502.796630859375,1363288,SBILIFE
2024-07-05,1502.796711009674,1526.9171600414688,1500.5042183457258,1524.3756103515625,961676,SBILIFE
2024-07-08,1524.375624178182,1526.9171738911411,1503.2950820355716,1509.9730224609375,774723,SBILIFE
2024-07-09,1519.9900234189263,1523.9768824967464,1507.4314416576494,1519.7408447265625,726889,SBILIFE
2024-07-10,1519.740889579152,1557.366873236547,1513.6110692322354,1553.6790771484375,1964480,SBILIFE
2024-07-11,1556.8685158371113,1564.4934083823348,1541.0706106088571,1553.6790771484375,1156236,SBILIFE
2024-07-12,1557.765582649819,1564.8422333841318,1542.266618868013,1557.7156982421875,589534,SBILIFE
2024-07-15,1557.715670498902,1615.5750121794076,1552.7819810027343,1608.1494140625,2498480,SBILIFE
2024-07-16,1608.0997253675575,1634.2136051534692,1586.9692980447273,1616.0235595703125,1844059,SBILIFE
2024-07-18,1614.677872796531,1659.4801515252414,1609.7441835195866,1654.34716796875,2104021,SBILIFE
2024-07-19,1626.6384921334027,1653.1013177411535,1626.6384921334027,1642.286865234375,567209,SBILIFE
2024-07-22,1635.708630297936,1642.2869236294066,1613.3324317555575,1615.82421875,397490,SBILIFE
2024-07-23,1615.8242439613805,1632.6188642321083,1572.8658598407792,1589.610595703125,2145861,SBILIFE
2024-07-24,1574.809328999368,1644.579362562631,1574.4605031654082,1627.5853271484375,2099093,SBILIFE
2024-07-25,1639.5957527970365,1695.7606042504833,1639.5957527970365,1689.8302001953125,4427012,SBILIFE
2024-07-26,1680.7103541450922,1771.8598751654827,1680.7103541450922,1745.19775390625,2982227,SBILIFE
2024-07-29,1746.742664354643,1757.756411419572,1730.795227761391,1740.961669921875,1368641,SBILIFE
2024-07-30,1734.7820496179759,1740.5630439264728,1702.3888197342733,1715.39599609375,2096978,SBILIFE
2024-07-31,1715.3960381917964,1754.2180305989857,1714.3494389944633,1747.888916015625,1082466,SBILIFE
2024-08-01,1785.2158372915605,1785.26572169881,1752.3242491984117,1761.4442138671875,1247361,SBILIFE
2024-08-02,1754.2180941514757,1763.0888804387134,1725.3133641910251,1739.167724609375,594517,SBILIFE
2024-08-05,1674.4807999738025,1733.6357967580682,1674.430915567995,1716.5421142578125,1240111,SBILIFE
2024-08-06,1716.542147769772,1774.152310799399,1664.6133319953994,1668.9989013671875,1500825,SBILIFE
2024-08-07,1684.4979161412227,1693.3188178907,1671.5903863284416,1680.162109375,603417,SBILIFE
2024-08-08,1665.610144710233,1709.5154820778434,1664.5636671298585,1700.694580078125,1291138,SBILIFE
2024-08-09,1714.3493962186153,1727.7053984067331,1702.3888190356947,1719.4326171875,804893,SBILIFE
2024-08-12,1717.239900344785,1724.3165508728923,1686.4912740460238,1699.398681640625,1019251,SBILIFE
2024-08-13,1699.3986538889485,1715.6451530307902,1666.5569514448484,1676.8729248046875,1064268,SBILIFE
2024-08-14,1690.6276441600594,1701.7410388364653,1667.5039087966447,1686.5411376953125,557473,SBILIFE
2024-08-16,1693.4183571225522,1696.5081485079897,1660.6763019793773,1683.3515625,721574,SBILIFE
2024-08-19,1691.2256412587958,1691.2256412587958,1660.5267782041165,1666.05859375,632647,SBILIFE
2024-08-20,1667.3045357513265,1764.9825843729154,1667.25465134452,1755.5137939453125,3951662,SBILIFE
2024-08-21,1755.5137532942972,1798.521897799919,1745.1478954692034,1794.6845703125,2972530,SBILIFE
2024-08-22,1795.0832827214394,1806.4458553190518,1783.9698888138219,1789.3521728515625,1380510,SBILIFE
2024-08-23,1783.621169296162,1792.4919555225797,1776.1458081507462,1783.421875,858249,SBILIFE
2024-08-26,1785.11624620792,1795.5318674301388,1763.5373459776906,1790.3489990234375,593628,SBILIFE
2024-08-27,1782.5247109418278,1842.526891156803,1778.238788782494,1832.9085693359375,2239371,SBILIFE
2024-08-28,1832.7092549685206,1848.1583336643803,1820.001141847733,1837.6429443359375,724092,SBILIFE
2024-08-29,1833.955148411735,1861.613982851097,1829.469932016163,1837.6429443359375,2248185,SBILIFE
2024-08-30,1833.9053400737387,1863.6573740671924,1830.9650800935078,1844.221435546875,2125138,SBILIFE
2024-09-02,1844.2214092564693,1888.425685491229,1842.9755157793381,1882.5450439453125,2522132,SBILIFE
2024-09-03,1883.7909146624315,1929.639794066914,1875.5680178127145,1922.31396484375,3457882,SBILIFE
2024-09-04,1903.7252448843394,1913.6923927633152,1896.1003524230662,1905.91796875,952279,SBILIFE
2024-09-05,1912.6956695606473,1912.6956695606473,1893.9573829628966,1901.582275390625,947097,SBILIFE
2024-09-06,1891.8643261275997,1910.5527285148041,1883.242718825779,1890.0703125,772396,SBILIFE
2024-09-09,1894.6052517064834,1926.5001244388352,1888.2761372325142,1895.5023193359375,1845859,SBILIFE
2024-09-10,1883.7909358221466,1883.7909358221466,1832.7093033031597,1847.3609619140625,2515665,SBILIFE
2024-09-11,1839.038466687607,1864.903288939631,1838.4903465451434,1853.0423583984375,630094,SBILIFE
2024-09-12,1856.8795799549994,1873.8237307114325,1834.5531452126665,1869.7869873046875,1126825,SBILIFE
2024-09-13,1862.8599203994465,1865.6008860394136,1835.6994426943181,1840.433837890625,886112,SBILIFE
2024-09-16,1844.919111267802,1858.673824298292,1810.1337401034493,1815.266845703125,1576652,SBILIFE
2024-09-17,1817.5093909891623,1838.2411069629218,1802.5087849677955,1813.1737060546875,844866,SBILIFE
2024-09-18,1812.2267613512681,1842.8757407859198,1809.0872071348533,1836.3970947265625,518691,SBILIFE
2024-09-19,1843.9222947296416,1853.8894422687208,1822.1938644267366,1834.9019775390625,776068,SBILIFE
2024-09-20,1843.922360474661,1878.8073781052626,1838.938786527432,1864.1058349609375,1512372,SBILIFE
2024-09-23,1875.817225559857,1918.6759613191948,1873.823795989655,1913.8419189453125,1022492,SBILIFE
2024-09-24,1920.769073651411,1921.6162569005992,1848.5072503916258,1858.2252197265625,2608386,SBILIFE
2024-09-25,1867.5444561932532,1868.8402340899365,1835.0018155857292,1857.4776611328125,1395256,SBILIFE
2024-09-26,1866.8467880326211,1895.8014011383211,1862.3615715103858,1892.063720703125,1396821,SBILIFE
2024-09-27,1892.06369839008,1906.7153568555482,1867.7438336446835,1876.465087890625,1678089,SBILIFE
2024-09-30,1885.7844503075855,1887.379169694918,1832.2110284238472,1837.942138671875,1473366,SBILIFE
2024-10-01,1834.1544829947652,1853.1918325607944,1818.306815384299,1828.1741943359375,885515,SBILIFE
2024-10-03,1801.0635959571812,1839.138051642298,1789.152903079965,1799.618408203125,1307453,SBILIFE
2024-10-04,1799.618469411454,1843.9223939386432,1776.694028838163,1792.19287109375,1554623,SBILIFE
2024-10-07,1794.086633841487,1813.8713982197148,1770.1654787236005,1782.076171875,692912,SBILIFE
2024-10-08,1779.1359056740282,1793.1397971847232,1717.8878303060737,1722.373046875,2888148,SBILIFE
2024-10-09,1742.3074201645452,1753.2213989662316,1727.3566976037189,1731.6923828125,704112,SBILIFE
2024-10-10,1739.416917200673,1748.6862921569593,1723.8681901213447,1728.8018798828125,784503,SBILIFE
2024-10-11,1731.7918780556272,1741.0114894927578,1712.9539449475258,1729.3499755859375,805944,SBILIFE
2024-10-14,1733.0378284532599,1738.1210495112714,1711.6583450316439,1732.58935546875,1349793,SBILIFE
2024-10-15,1736.2273191245592,1749.1846116882377,1712.854405437024,1718.087158203125,2159705,SBILIFE
2024-10-16,1719.3828295544058,1743.2540991686192,1718.3362303983417,1728.05419921875,891554,SBILIFE
2024-10-17,1728.3034425549445,1733.2870164954143,1690.17910191035,1696.4085693359375,2442434,SBILIFE
2024-10-18,1700.3954280928926,1711.8077637462004,1675.078848147336,1700.4453125,2045293,SBILIFE
2024-10-21,1709.515403777968,1770.2153590847117,1691.2257116364153,1706.2261962890625,1574574,SBILIFE
2024-10-22,1695.4117796789576,1721.2764786201044,1667.4041197041843,1692.5711669921875,1290296,SBILIFE
2024-10-23,1697.604672238005,1723.2203167093296,1686.690693372891,1710.3626708984375,952362,SBILIFE
2024-10-24,1718.7847600022117,1718.7847600022117,1617.6680938683576,1629.927734375,4320374,SBILIFE
2024-10-25,1639.4462592357625,1647.868572013703,1598.680600954739,1611.4385986328125,1639581,SBILIFE
2024-10-28,1611.6877771504962,1614.6779214494768,1588.3646272845917,1600.624267578125,2366566,SBILIFE
2024-10-29,1600.7239506240328,1660.3275436549584,1590.6571555921971,1655.89208984375,2052244,SBILIFE
2024-10-30,1631.123734229375,1643.9314947930723,1613.9802887151484,1618.8143310546875,1512352,SBILIFE
2024-10-31,1624.744756773754,1636.5558027154168,1607.7508425856533,1616.8209228515625,809110,SBILIFE
2024-11-01,1634.0142913285433,1634.0142913285433,1617.6681440358514,1623.4989013671875,53886,SBILIFE
2024-11-04,1631.622078351717,1635.7584689807231,1582.783054625856,1603.5147705078125,1470020,SBILIFE
2024-11-05,1601.5213007270695,1636.6056110788304,1593.3980512225114,1627.83447265625,978590,SBILIFE
2024-11-06,1627.834447835139,1633.266616113427,1595.19204043833,1598.6805419921875,1352644,SBILIFE
2024-11-07,1599.7770906341493,1612.63461383476,1569.82576312086,1584.626953125,1359619,SBILIFE
2024-11-08,1583.7797005372042,1598.082532529786,1561.7024450095796,1564.792236328125,1131938,SBILIFE
2024-11-11,1573.4139285834833,1573.4139285834833,1550.1406627864521,1560.8553466796875,862991,SBILIFE
2024-11-12,1563.945071876257,1580.7396908864457,1551.8848478740335,1557.31689453125,1177157,SBILIFE
2024-11-13,1554.8750071622687,1566.83558414044,1534.9407121986499,1541.61865234375,2946117,SBILIFE
2024-11-14,1541.120275886321,1563.795536126655,1540.9708660113686,1557.16748046875,684365,SBILIFE
2024-11-18,1545.9046851611604,1561.4036492732707,1545.9046851611604,1557.466552734375,490930,SBILIFE
2024-11-19,1562.848785192404,1562.898669599442,1496.068894498596,1517.89697265625,4198931,SBILIFE
2024-11-21,1508.3285703544307,1510.5212942682992,1469.1576296611502,1473.0946044921875,1827614,SBILIFE
2024-11-22,1480.470290384223,1491.5338002297651,1470.1543166318836,1480.27099609375,977581,SBILIFE
2024-11-25,1487.6965296452734,1506.0361068353664,1483.4604916214148,1490.2879638671875,1785465,SBILIFE
2024-11-26,1490.2879440369882,1511.916728543171,1484.3575395502141,1501.800048828125,601372,SBILIFE
2024-11-27,1502.0491871020643,1510.9697357963696,1490.1882567784828,1500.4544677734375,467560,SBILIFE
2024-11-28,1502.1987344524064,1514.7074321849932,1398.3908637470222,1423.90673828125,5574277,SBILIFE
2024-11-29,1437.2627713862262,1455.2036381580376,1392.061778603326,1433.0267333984375,9016112,SBILIFE
2024-12-02,1423.7074103922696,1445.0371309328261,1406.514080506028,1417.3782958984375,3117960,SBILIFE
2024-12-03,1425.4018549449988,1443.5919006039312,1412.295030588403,1436.2161865234375,4645704,SBILIFE
2024-12-04,1436.266013619336,1467.5129979787241,1430.3356092814745,1447.827880859375,1976987,SBILIFE
2024-12-05,1447.8279510773089,1451.2666902740984,1412.8931689651836,1427.1461181640625,2632452,SBILIFE
2024-12-06,1430.2857256742961,1448.176707512403,1424.6045000309698,1443.791259765625,1359753,SBILIFE
2024-12-09,1449.2233590046812,1479.5235140907694,1444.2896692768863,1464.47314453125,2397565,SBILIFE
2024-12-10,1458.891383371516,1479.0250950471273,1446.831158796666,1457.0474853515625,1994725,SBILIFE
2024-12-11,1450.71832201463,1468.659187556549,1449.671722856972,1451.3662109375,1213092,SBILIFE
2024-12-12,1445.2363306814464,1450.9674402686314,1415.6837151719326,1427.7938232421875,2851447,SBILIFE
2024-12-13,1417.3782545596891,1437.212780688454,1404.6701415361508,1424.1060791015625,3926561,SBILIFE
2024-12-16,1424.1061493840282,1432.2292776370912,1410.9993254810083,1416.9796142578125,1601339,SBILIFE
2024-12-17,1417.029302510846,1420.3185098329081,1400.9822194704498,1405.0687255859375,1973758,SBILIFE
2024-12-18,1410.1520831030666,1415.6837769880656,1388.1245896968037,1393.4072265625,1454595,SBILIFE
2024-12-19,1375.5161988068123,1404.3710412999485,1372.9745276016174,1401.28125,1081337,SBILIFE
2024-12-20,1397.8426774153347,1410.152203013541,1386.5299883255113,1395.998779296875,1542712,SBILIFE
2024-12-23,1395.9987170728812,1403.523962440311,1376.9614888286515,1400.683349609375,1325302,SBILIFE
2024-12-24,1402.327769985969,1413.341516650144,1380.4499298733776,1382.443359375,756679,SBILIFE
2024-12-26,1389.370529875634,1407.161986174439,1380.649275481822,1404.4210205078125,1935656,SBILIFE
2024-12-27,1405.3678604765823,1415.7337186749478,1396.198133033386,1400.683349609375,665711,SBILIFE
2024-12-30,1386.6794550578031,1410.3015469722054,1384.4368467746908,1399.238037109375,1439560,SBILIFE
2024-12-31,1395.1515343906146,1395.1515343906146,1377.9083197682955,1385.832275390625,2096160,SBILIFE
2025-01-01,1387.626304066842,1400.085239140238,1380.4001217242724,1395.7994384765625,511676,SBILIFE
2025-01-02,1399.3875914593955,1420.8169598471284,1393.4571870151567,1417.57763671875,1083889,SBILIFE
2025-01-03,1423.5579155015726,1446.2331772398263,1420.2189452497971,1442.9439697265625,1107442,SBILIFE
2025-01-06,1445.2364372537843,1457.8449036092002,1420.5178619351088,1429.9368896484375,1012018,SBILIFE
2025-01-07,1442.2462842383375,1485.9024401967486,1429.6378179586513,1472.895263671875,2362510,SBILIFE
2025-01-08,1473.8421036208697,1479.7726295920202,1450.2200118887465,1458.34326171875,1229808,SBILIFE
2025-01-09,1453.0108176230062,1476.3338455403962,1448.2265381342033,1463.625732421875,1253461,SBILIFE
2025-01-10,1465.0711744866962,1483.111688841025,1453.85813248437,1473.443603515625,1124758,SBILIFE
2025-01-13,1473.443438557072,1473.443438557072,1440.900678188658,1462.5792236328125,1444590,SBILIFE
2025-01-14,1470.1543724336125,1499.0591024679006,1464.0245519028279,1494.32470703125,2024378,SBILIFE
2025-01-15,1499.5574385267914,1499.9062643780344,1464.5228884606527,1467.9117431640625,1433596,SBILIFE
2025-01-16,1481.1181382728582,1539.924309307918,1481.1181382728582,1508.62744140625,2929496,SBILIFE
2025-01-17,1514.5081973721244,1549.8915741452145,1495.072258017892,1535.439208984375,2603818,SBILIFE
2025-01-20,1542.715274385882,1542.715274385882,1482.4140267079204,1494.773193359375,4033718,SBILIFE
2025-01-21,1494.7731769033644,1501.0026445701105,1455.203646951909,1461.732177734375,877160,SBILIFE
2025-01-22,1461.2835917748575,1465.9183400804131,1445.2863917128316,1455.2535400390625,631080,SBILIFE
2025-01-23,1453.2600483427211,1458.89138957124,1442.3958327970004,1445.0869140625,1301601,SBILIFE
2025-01-24,1446.5321839989745,1450.8179844776807,1413.4910652764793,1435.66796875,1504123,SBILIFE
2025-01-27,1430.2856105893682,1441.19958800943,1411.3480310763382,1419.720458984375,896819,SBILIFE
2025-01-28,1415.335027325863,1430.9834011433702,1407.2117773070013,1414.836669921875,1527262,SBILIFE
2025-01-29,1414.8365714260885,1465.2703128648006,1405.866138778794,1456.1005859375,1021447,SBILIFE
2025-01-30,1461.0842755731048,1475.1379301685556,1449.1236977609274,1468.061279296875,1016159,SBILIFE
2025-01-31,1474.8387403595527,1485.1049507674688,1462.1805119301187,1478.7259521484375,892312,SBILIFE
2025-02-01,1470.7522091789722,1522.9800845809166,1368.04083079568,1449.572021484375,4329907,SBILIFE
2025-02-03,1429.637812627291,1477.0316488276867,1429.637812627291,1455.1536865234375,1127198,SBILIFE
2025-02-04,1456.4494720815567,1473.8420963225328,1449.2731743342238,1467.5628662109375,614905,SBILIFE
2025-02-05,1467.5628092369373,1479.4237389907514,1460.1870958184013,1464.323486328125,791375,SBILIFE
2025-02-06,1465.170669730353,1475.536527373866,1451.6651363178476,1460.2867431640625,1510856,SBILIFE
2025-02-07,1467.6126258776108,1471.1011275998483,1449.4724655896894,1466.1175537109375,562410,SBILIFE
2025-02-10,1458.094040654629,1469.7057918940409,1440.2528221912069,1443.4422607421875,530759,SBILIFE
2025-02-11,1443.4424039975618,1445.2365394038495,1398.2912940784522,1414.33837890625,1448104,SBILIFE
2025-02-12,1422.76046642251,1462.1307002983472,1402.876055195972,1447.37939453125,1590502,SBILIFE
2025-02-13,1447.379375710906,1474.5398531581566,1441.249555549505,1465.6690673828125,983142,SBILIFE
2025-02-14,1465.6690784047203,1472.2972560003188,1445.2364254925837,1460.6356201171875,625676,SBILIFE
2025-02-17,1455.7018473037774,1476.6827408093827,1447.0802406493622,1471.3502197265625,717439,SBILIFE
2025-02-18,1471.4002414929523,1476.1346368508466,1449.6220471804959,1470.503173828125,679042,SBILIFE
2025-02-19,1470.1543147959794,1477.3306126140487,1460.2370513062565,1470.7523193359375,391966,SBILIFE
2025-02-20,1468.1608741822047,1484.7561996397096,1461.183870706797,1464.971435546875,346720,SBILIFE
2025-02-21,1464.8717818408315,1496.4677159209418,1456.898062956659,1490.4874267578125,1051158,SBILIFE
2025-02-24,1475.1379308306005,1490.2879473984422,1470.3536510358665,1481.6165771484375,1116079,SBILIFE
2025-02-25,1475.137936342789,1479.1746800390106,1458.6422573734021,1466.9150390625,964505,SBILIFE
2025-02-27,1459.1905205498383,1475.038310783111,1449.223372185427,1464.921630859375,1421562,SBILIFE
2025-02-28,1455.2036240333364,1457.2469380635644,1407.2117815507079,1425.800537109375,2397364,SBILIFE
2025-03-03,1427.8438424604938,1447.3794283031318,1400.4839480637784,1403.872802734375,1056418,SBILIFE
2025-03-04,1387.626369798364,1410.3515171164383,1385.4336457892928,1388.5234375,977231,SBILIFE
2025-03-05,1386.5797449932886,1419.3218001071284,1375.3168196814677,1416.0325927734375,1118219,SBILIFE
2025-03-06,1412.444584019966,1421.7140807560554,1390.4172102558641,1416.630859375,1606815,SBILIFE
2025-03-07,1419.3768458289737,1444.192324473883,1404.5974644515309,1409.640380859375,901496,SBILIFE
2025-03-10,1417.0301656310462,1425.7680190131969,1402.4004781596173,1417.4794921875,1092967,SBILIFE
2025-03-11,1401.052374430152,1422.4226916205905,1395.5100301045297,1415.2825927734375,691907,SBILIFE
2025-03-12,1423.0218566504668,1423.0218566504668,1402.5503141512847,1407.0440673828125,734156,SBILIFE
2025-03-13,1409.740187183227,1411.9870636661008,1380.7305884004104,1383.6265869140625,911321,SBILIFE
2025-03-17,1390.0676829135436,1439.299295443742,1390.0676829135436,1432.259033203125,1352197,SBILIFE
2025-03-18,1432.259033203125,1432.259033203125,1432.259033203125,1432.259033203125,0,SBILIFE
2025-03-19,1455.9260828973652,1486.8331924758972,1452.9802267306604,1482.8387451171875,917293,SBILIFE
2025-03-20,1489.9288587551916,1504.2090567649984,1486.4337173304978,1496.27001953125,798992,SBILIFE
2025-03-21,1497.9176844784015,1551.1437416272088,1491.3767284958378,1544.2532958984375,1977397,SBILIFE
2025-03-24,1547.848287244236,1581.801088383787,1539.5597605586509,1567.620849609375,1229003,SBILIFE
2025-03-25,1575.4598919567673,1581.7012155534799,1549.146496053197,1555.0382080078125,1241287,SBILIFE
2025-03-26,1562.1284715561972,1568.1201422950421,1531.3212003199535,1539.160400390625,1106876,SBILIFE
2025-03-27,1539.2602298460981,1549.9453271857217,1527.526541371838,1542.75537109375,1405775,SBILIFE
2025-03-28,1542.7554378123777,1562.3282052655102,1532.6195033756737,1545.7012939453125,1120169,SBILIFE
2025-04-01,1535.615270022454,1564.225521998881,1533.218577361969,1543.1048583984375,937836,SBILIFE
2025-04-02,1540.8579860953237,1560.980037967277,1540.15900660533,1557.6845703125,1876774,SBILIFE
2025-04-03,1543.8538029423833,1556.735919209977,1537.86213229707,1540.1090087890625,373548,SBILIFE
2025-04-04,1534.2172753302116,1544.7526789979297,1499.016207985667,1510.500244140625,826558,SBILIFE
2025-04-07,1447.9871602224607,1483.437880352045,1428.5642087991305,1458.772216796875,916977,SBILIFE
2025-04-08,1487.9315497285577,1495.9704233045459,1456.0259521708933,1485.934326171875,2142568,SBILIFE
2025-04-09,1485.9344225423035,1497.8179278554417,1472.9524685819206,1479.59326171875,1047950,SBILIFE
2025-04-11,1536.8635912605712,1536.8635912605712,1497.967709624813,1519.787353515625,1134200,SBILIFE
2025-04-15,1553.340666679218,1571.9148219198976,1522.8830065482528,1560.4307861328125,1363406,SBILIFE
2025-04-16,1546.3503649905406,1574.6111275572964,1546.3503649905406,1563.2269287109375,784495,SBILIFE
2025-04-17,1555.837144899636,1612.7580160545008,1547.2491080178443,1605.9674072265625,1500299,SBILIFE
2025-04-21,1615.7539555728526,1628.436277168365,1593.0855155869024,1626.2393798828125,1016066,SBILIFE
2025-04-22,1625.540396399101,1637.6235752419475,1610.561218849905,1616.7525634765625,1102055,SBILIFE
2025-04-23,1622.7441360912837,1622.7441360912837,1598.7774534659354,1613.25732421875,1136215,SBILIFE
2025-04-24,1610.660955707913,1634.3280060067004,1600.7746747587398,1605.9674072265625,857476,SBILIFE
2025-04-25,1721.107425477229,1759.5539795131288,1648.807907273704,1692.746826171875,10321746,SBILIFE
2025-04-28,1687.6539612804859,1752.5637290220432,1679.0659240825435,1733.68994140625,2100813,SBILIFE
2025-04-29,1731.4930157689255,1762.4499814146093,1718.61089923297,1727.6982421875,2049847,SBILIFE
2025-04-30,1719.6095095383932,1770.039405143323,1716.1143682588438,1763.3487548828125,2031563,SBILIFE
2025-05-02,1758.555376711821,1774.6330022834163,1745.173954235149,1759.753662109375,902461,SBILIFE
2025-05-05,1770.5387875498627,1785.1184959944105,1764.4472797224462,1767.443115234375,947983,SBILIFE
2025-05-06,1767.54292405218,1795.3043814501787,1714.8161711167213,1723.60400390625,1295777,SBILIFE
2025-05-07,1711.6205878352055,1754.0615884087154,1709.9229965726056,1742.0782470703125,753313,SBILIFE
2025-05-08,1738.8827577737623,1741.5789608450043,1718.7107264858482,1729.0963134765625,1107891,SBILIFE
2025-05-09,1703.6317742450465,1726.3002139227822,1690.749657316363,1697.4404296875,1076900,SBILIFE
2025-05-12,1722.6053902737385,1754.4611317262186,1717.612331171496,1749.068603515625,728808,SBILIFE
2025-05-13,1740.2807979235533,1753.5623841033585,1729.895332349323,1737.5845947265625,478541,SBILIFE
2025-05-14,1738.583188569567,1757.5568132581495,1734.9882103771652,1752.763427734375,603108,SBILIFE
2025-05-15,1755.2598773257625,1785.9173321189126,1734.6884990334781,1782.12255859375,1318425,SBILIFE
2025-05-16,1787.5151643141137,1788.4139393355604,1765.4458673918596,1770.938232421875,696146,SBILIFE
2025-05-19,1770.638518810651,1778.7272498305404,1761.9506451042612,1767.5428466796875,288530,SBILIFE
2025-05-20,1776.3307109914213,1776.3307109914213,1750.8661102004992,1755.35986328125,529693,SBILIFE
2025-05-21,1754.461133266349,1775.4319815141773,1748.7689727442812,1761.451416015625,521050,SBILIFE
2025-05-22,1763.8480706842886,1766.2446414830397,1738.7828169895174,1756.8577880859375,1103303,SBILIFE
2025-05-23,1762.5498338983166,1803.4929178585608,1757.357101278335,1796.2030029296875,1067774,SBILIFE
2025-05-26,1803.4929153346563,1807.58719934478,1787.6149632945624,1799.0989990234375,633624,SBILIFE
2025-05-27,1799.0990396865345,1807.087934287186,1791.509614196087,1800.7967529296875,1219984,SBILIFE
2025-05-28,1808.0865002097296,1811.9811106088448,1799.5982999120304,1804.8909912109375,763018,SBILIFE
2025-05-29,1805.09068286512,1827.4596117829624,1798.899338405214,1822.466552734375,1189803,SBILIFE
2025-05-30,1822.4666064735125,1831.35427622224,1802.3945328864966,1809.684326171875,1364259,SBILIFE
2025-06-02,1809.6842886128802,1826.4610159229803,1793.107356806982,1799.997802734375,1238769,SBILIFE
2025-06-03,1807.2876782722433,1811.4817990576803,1767.6427168061575,1772.8355712890625,1576208,SBILIFE
2025-06-04,1772.535917396638,1776.6302013327077,1759.8535964944792,1773.4346923828125,918721,SBILIFE
2025-06-05,1779.5262600416722,1788.5137664055192,1762.5498591321839,1772.3363037109375,912222,SBILIFE
2025-06-06,1772.3362984402731,1781.0241724724792,1748.8689207822392,1778.128173828125,1589674,SBILIFE
2025-06-09,1787.115679595648,1796.502655036041,1756.6580192406734,1788.3140869140625,1221496,SBILIFE
2025-06-10,1788.4138903849116,1794.1059288635151,1769.540103054554,1783.0213623046875,1400311,SBILIFE
2025-06-11,1783.0213546039022,1798.4000005807684,1771.53731899598,1796.80224609375,1089930,SBILIFE
2025-06-12,1797.4014267579296,1809.7842376203967,1757.5567910355323,1763.5484619140625,984693,SBILIFE
2025-06-13,1717.6123402295552,1764.047790125296,1717.6123402295552,1752.763427734375,1774169,SBILIFE
2025-06-16,1759.5539705170804,1797.5012184623977,1749.4680158381009,1795.3043212890625,728053,SBILIFE
2025-06-17,1793.6066437023537,1804.1919044854112,1782.9215461186823,1797.700927734375,557790,SBILIFE
2025-06-18,1797.5012399252255,1802.4942989250178,1788.8133660259286,1794.705078125,349531,SBILIFE
2025-06-19,1792.5082174385086,1802.3944988396502,1778.5276519543086,1786.916015625,537885,SBILIFE
2025-06-20,1784.619099121428,1818.4720630610548,1776.6302048301109,1808.3861083984375,1669329,SBILIFE
2025-06-23,1807.4874021435537,1823.6648649383076,1796.1032029653509,1816.075439453125,627282,SBILIFE
2025-06-24,1829.6564722317785,1848.3305858386984,1825.4623514756004,1840.4415283203125,876488,SBILIFE
2025-06-25,1840.4416000823562,1852.4249420253775,1822.4665871678244,1840.1419677734375,990856,SBILIFE
2025-06-26,1847.4318625549195,1863.8091207436858,1840.1419475261168,1858.2169189453125,1147822,SBILIFE
2025-06-27,1845.434639512959,1860.3139799801124,1812.7800818273743,1848.031005859375,6763121,SBILIFE
2025-06-30,1843.4374312470509,1852.5247744857027,1823.5650315246169,1835.7481689453125,1362010,SBILIFE
2025-07-01,1828.4582778418624,1862.7107126917615,1824.7634627966272,1859.91455078125,667136,SBILIFE
2025-07-02,1862.410979990278,1872.3970978454538,1849.5288635769307,1854.222412109375,1072946,SBILIFE
2025-07-03,1847.4318096819793,1859.2154775527245,1800.4970555981668,1807.68701171875,916863,SBILIFE
2025-07-04,1803.4929634402217,1809.5844712178493,1780.6247281725746,1797.20166015625,685665,SBILIFE
2025-07-07,1797.2016357869727,1809.2849362764985,1789.7120471699227,1805.789794921875,376143,SBILIFE
2025-07-08,1798.4998555836132,1816.27519442135,1794.805040676182,1814.3778076171875,616714,SBILIFE
2025-07-09,1817.4735111326522,1818.472122951956,1796.5026629272754,1812.380615234375,597896,SBILIFE
2025-07-10,1808.4859499103052,1820.9685972730213,1798.8993011159098,1807.68701171875,1104366,SBILIFE
2025-07-11,1811.4818221522237,1837.4457291951992,1809.4845985335332,1832.65234375,770854,SBILIFE
2025-07-14,1840.4415757112195,1853.72316161587,1829.1572134372923,1848.7301025390625,1231109,SBILIFE
2025-07-15,1847.3319772870402,1849.1294053710442,1819.8701530235994,1822.266845703125,1313007,SBILIFE
2025-07-16,1831.3541763425287,1837.3458470507321,1819.0712026303709,1826.560791015625,652826,SBILIFE
2025-07-17,1826.4609431211131,1826.4609431211131,1793.8063867201306,1800.29736328125,886192,SBILIFE
2025-07-18,1796.50261904432,1800.2973926253221,1751.6649250726596,1785.9173583984375,1600088,SBILIFE
2025-07-21,1792.2085839520128,1804.8910272019864,1778.5276507832536,1802.1947021484375,481174,SBILIFE
2025-07-22,1788.6135937002168,1812.7800727128454,1788.6135937002168,1806.48876953125,578221,SBILIFE
2025-07-23,1806.4887312135172,1815.9755432348154,1789.512330754352,1806.988037109375,555690,SBILIFE
2025-07-24,1805.4901417808312,1819.9700129400248,1776.2307671608773,1791.110107421875,928018,SBILIFE
2025-07-25,1811.4817915612573,1844.4359807131434,1808.3861193847358,1829.556640625,1821229,SBILIFE
2025-07-28,1829.456833879357,1855.4207409103958,1816.4748803638374,1847.93115234375,1182404,SBILIFE
2025-07-29,1845.434565978923,1849.2293394961468,1820.3694347281028,1830.8548583984375,585182,SBILIFE
2025-07-30,1822.4665946099362,1847.4318904265106,1821.9672886936046,1836.5469970703125,480951,SBILIFE
2025-07-31,1835.448450276656,1854.8215431744363,1818.8715191211395,1838.1446533203125,1570804,SBILIFE
2025-08-01,1837.4456653892394,1840.7411330059845,1786.4166280838715,1793.7064208984375,559870,SBILIFE
2025-08-04,1795.5040240880085,1833.6509462510046,1778.5276234153189,1828.95751953125,844169,SBILIFE
2025-08-05,1830.7550681574921,1857.8174236527714,1816.175238305385,1854.422119140625,1251783,SBILIFE
2025-08-06,1856.0199098468213,1873.395779947185,1848.0310152628247,1851.7259521484375,816457,SBILIFE
2025-08-07,1832.4526143714756,1860.5135809797732,1832.4526143714756,1858.516357421875,742694,SBILIFE
2025-08-08,1848.5302718660273,1868.3028341943418,1828.4581991393165,1831.0545654296875,779798,SBILIFE
2025-08-11,1833.4512430991692,1850.1280112014404,1823.3652884187181,1848.430419921875,455452,SBILIFE
2025-08-12,1847.1321956145946,1861.3125562991004,1831.454039132634,1835.448486328125,627624,SBILIFE
2025-08-13,1838.7439731373777,1856.4193534008086,1835.4485054065015,1837.745361328125,570828,SBILIFE
2025-08-14,1839.5428396297445,1851.1267125529303,1829.6565580682588,1838.044921875,468063,SBILIFE
2025-08-18,1876.3916074596166,1909.3457974788648,1847.4318647154287,1860.413818359375,1924632,SBILIFE
2025-08-19,1862.4110161002325,1867.304238324313,1834.0504164614842,1851.526123046875,621923,SBILIFE
2025-08-20,1843.437396353536,1862.311183892473,1840.8410300346177,1855.9200439453125,446416,SBILIFE
2025-08-21,1867.404054869671,1889.87282023575,1867.404054869671,1874.6939697265625,1316202,SBILIFE
2025-08-22,1857.5177601086655,1867.4040411774224,1846.8326627510396,1856.4193115234375,605948,SBILIFE
2025-08-25,1856.319506571509,1859.8146478850113,1840.8410236117124,1844.236328125,613536,SBILIFE
2025-08-26,1844.3361105247461,1855.0212077505157,1807.2876380745715,1814.078125,669578,SBILIFE
2025-08-28,1813.1793836086892,1838.7439430276193,1803.6925715761367,1814.2779541015625,948055,SBILIFE
2025-08-29,1824.3639698062568,1824.3639698062568,1798.5997359279581,1802.99365234375,801378,SBILIFE
2025-09-01,1797.5012751349298,1813.3792274454595,1794.1059705683922,1807.2877197265625,530198,SBILIFE
2025-09-02,1812.380548194679,1822.4665028163965,1800.1974113093129,1811.9810791015625,388232,SBILIFE
2025-09-03,1811.9811751015657,1816.3750915569356,1794.5054679843006,1808.1864013671875,1249945,SBILIFE
2025-09-04,1887.3762542944578,1887.3762542944578,1770.538676647658,1788.613525390625,2151243,SBILIFE
2025-09-05,1812.4804310874463,1824.9630786844673,1797.601090771626,1802.7939453125,757123,SBILIFE
2025-09-08,1804.491477320825,1807.487312645652,1767.043535760487,1778.427734375,1553347,SBILIFE
2025-09-09,1787.315407568109,1808.985234372708,1775.8313721304685,1803.1932373046875,895295,SBILIFE
2025-09-10,1802.394472088049,1841.0407001997191,1793.5068026391207,1831.1544189453125,881560,SBILIFE
2025-09-11,1822.2669013876537,1822.3667381896737,1799.4985030876885,1811.6815185546875,663203,SBILIFE
2025-09-12,1811.6815126591946,1831.9533813384087,1801.0962517615314,1827.6593017578125,509725,SBILIFE
2025-09-15,1827.5594679166436,1830.455466575631,1809.7842506561506,1819.67041015625,485383,SBILIFE
2025-09-16,1827.8590187028406,1830.3555481422018,1807.487314097483,1816.275146484375,496743,SBILIFE
2025-09-17,1807.5872352752926,1824.9631053645437,1798.2002597649287,1801.4957275390625,706812,SBILIFE
2025-09-18,1802.394432571009,1828.458175742382,1792.807783828773,1819.27099609375,817549,SBILIFE
2025-09-19,1825.4623775933064,1844.3361650678503,1819.271033169251,1839.143310546875,1633208,SBILIFE
2025-09-22,1852.4248906479431,1877.0905533695443,1850.2279934463306,1855.12109375,1003774,SBILIFE
2025-09-23,1862.4110647605341,1863.1100442818704,1812.8799423245543,1816.8743896484375,737343,SBILIFE
2025-09-24,1822.366735608672,1822.8660415189213,1803.4929478210706,1814.5775146484375,507030,SBILIFE
2025-09-25,1807.5872301319043,1817.1738792191193,1795.004745586131,1807.2877197265625,1003709,SBILIFE
2025-09-26,1804.891015729792,1816.4748883838442,1787.5151457982854,1796.302978515625,1561042,SBILIFE
2025-09-29,1811.4818468262195,1811.4818468262195,1782.5221039607507,1786.2169189453125,1003806,SBILIFE
2025-09-30,1780.5248325419034,1793.2071535927128,1775.5317735611352,1788.1142578125,1668918,SBILIFE
2025-10-01,1780.5248818149119,1803.9922596739418,1766.6441530840802,1798.5997314453125,704858,SBILIFE
2025-10-03,1798.5997374763804,1800.6967979331966,1763.7481603291255,1782.6219482421875,715403,SBILIFE
2025-10-06,1773.5345461599,1781.7231141104317,1756.957614759522,1768.441650390625,1560572,SBILIFE
2025-10-07,1774.5331716037942,1791.2099399316817,1768.841133094501,1781.623291015625,859968,SBILIFE
2025-10-08,1781.523409111393,1793.4069136308153,1755.2598706315289,1770.4388427734375,1323877,SBILIFE
2025-10-09,1770.438919206125,1810.882697896661,1768.1420632608877,1807.2877197265625,848466,SBILIFE
2025-10-10,1822.4665488307878,1841.140540872164,1803.8923935899986,1807.8868408203125,1097936,SBILIFE
2025-10-13,1807.4873380549363,1825.3625134578604,1795.6038333858962,1812.780029296875,409793,SBILIFE
2025-10-14,1814.8771182436542,1823.2654817833131,1805.090673797243,1813.6787109375,655909,SBILIFE
2025-10-15,1813.5789318808395,1855.8202613249784,1810.882728682643,1838.044921875,891713,SBILIFE
2025-10-16,1840.0420570487163,1842.338912922531,1806.9880312306366,1833.151611328125,969316,SBILIFE
2025-10-17,1841.4402022603363,1849.8285659566611,1817.5733553020618,1841.5400390625,1183570,SBILIFE
2025-10-20,1847.4318686797576,1854.621825029952,1825.462408619782,1837.1461181640625,590467,SBILIFE
2025-10-21,1849.4290658100217,1849.4290658100217,1829.9561355814606,1838.4443359375,41649,SBILIFE
2025-10-23,1847.4318486309637,1861.6120875736265,1838.4443423403266,1850.1280517578125,543795,SBILIFE
2025-10-24,1857.418003957366,1861.4124512777043,1829.2571991093232,1837.24609375,517403,SBILIFE
2025-10-27,1877.589894829202,1921.229304495013,1877.589894829202,1900.4581298828125,2866910,SBILIFE
2025-10-28,1900.458158225616,1942.8991612001028,1892.1697531381726,1934.1114501953125,2166517,SBILIFE
2025-10-29,1931.3151797318678,1972.2582626527605,1931.3151797318678,1967.6646728515625,2398496,SBILIFE
2025-10-30,1967.6647040575415,1969.162621749135,1951.3872830485493,1965.66748046875,842738,SBILIFE
2025-10-31,1962.272246202413,1975.9531795148296,1949.0906188050606,1952.985107421875,1167506,SBILIFE
2025-11-03,1947.2930771517729,1979.4483294602944,1942.3000179795888,1966.8658447265625,687299,SBILIFE
2025-11-04,1956.3803727684547,1994.5274170544315,1954.1834755465975,1968.76318359375,664256,SBILIFE
2025-11-06,1974.1557166609152,1988.0364452358874,1961.2735998985183,1968.064208984375,1094086,SBILIFE
2025-11-07,1959.3761596099378,2001.2180177953096,1954.9822433743284,1996.1251220703125,1241016,SBILIFE
2025-11-10,1997.323508907597,2015.0988483496676,1982.4441681702492,1986.53857421875,1087154,SBILIFE
2025-11-11,1992.130773037325,1999.4205662887077,1979.5482883027141,1994.5274658203125,901898,SBILIFE
2025-11-12,1994.5273651770897,2006.2110742909167,1981.046106091511,1993.9281005859375,1006737,SBILIFE
2025-11-13,1977.850466108643,2002.2166179087505,1972.7575704133349,1985.140380859375,671028,SBILIFE
2025-11-14,1979.8477912604096,2001.118272015681,1975.0545276133353,1998.1224365234375,678599,SBILIFE
2025-11-17,1998.1223481108839,2010.1056895496208,1990.5329229131878,1993.2291259765625,726715,SBILIFE
2025-11-18,1988.3359398736152,2010.704868678117,1985.2402676593476,1990.532958984375,855558,SBILIFE
2025-11-19,1988.1362394954806,2005.5121090426644,1982.2444055471847,2002.0169677734375,894171,SBILIFE
2025-11-20,2011.1043833821543,2029.1792330761352,1997.2236546024953,2024.2860107421875,805778,SBILIFE
2025-11-21,2024.086299150335,2027.6812772809797,2013.8005487618252,2019.6923828125,506477,SBILIFE
2025-11-24,2024.186189454235,2083.7035523382533,2002.2167290852203,2012.003173828125,2592739,SBILIFE
2025-11-25,1969.6619155792798,2041.1624952397988,1969.6619155792798,2028.1805419921875,748087,SBILIFE
2025-11-26,2028.1805899477615,2042.1611553142156,2021.1903072645343,2026.283203125,826123,SBILIFE
2025-11-27,2027.182008815127,2033.173679777142,1998.0225922269963,2001.7174072265625,652128,SBILIFE
2025-11-28,2008.2084067452354,2008.3082435488898,1958.2778148321265,1963.2708740234375,1011160,SBILIFE
2025-12-01,1964.2694471241314,1974.255565309816,1948.4913316304073,1968.863037109375,483716,SBILIFE
2025-12-02,1949.2902196883674,1987.13763101843,1949.2902196883674,1978.749267578125,942591,SBILIFE
2025-12-03,1979.2485811368454,1988.236087307497,1957.1792848090824,1970.0614013671875,515105,SBILIFE
2025-12-04,1967.4649494109494,2006.2111365983785,1956.2805458418236,2000.11962890625,660360,SBILIFE
2025-12-05,2000.2194097652632,2043.4593489114436,1997.9225538943579,2020.890625,749526,SBILIFE
2025-12-08,2002.2166192025963,2033.173584387275,2002.2166192025963,2017.894775390625,1050200,SBILIFE
2025-12-09,2016.197196617663,2025.384376291637,1987.636923908549,2003.4149169921875,887191,SBILIFE
2025-12-10,1993.2291727262502,2027.980912474004,1991.8310918121028,2011.7034912109375,598172,SBILIFE
2025-12-11,2003.315075484341,2014.7991110002386,1992.7298149542062,2004.114013671875,635250,SBILIFE
2025-12-12,2009.2069182455498,2027.581399532141,1999.6202694571532,2023.087646484375,557472,SBILIFE
2025-12-15,2027.2818098670748,2037.1680911602296,2005.2125132596768,2032.0751953125,565860,SBILIFE
2025-12-16,2032.0751354065972,2049.3510460592734,2018.1944072850797,2033.173583984375,815797,SBILIFE
2025-12-17,2036.5689619967868,2045.855978745375,1992.7298788927903,2007.409423828125,896027,SBILIFE
2025-12-18,2015.1986158012091,2017.595308505425,1998.821357873397,2011.6036376953125,301399,SBILIFE
2025-12-19,2011.7034999166199,2032.6743480170164,2009.6064394867515,2025.584228515625,751874,SBILIFE
2025-12-22,2024.8850819375255,2028.2803864105958,2010.305374154068,2019.49267578125,526892,SBILIFE
2025-12-23,2029.3788877448897,2029.3788877448897,2015.49828099561,2021.9892578125,290105,SBILIFE
2025-12-24,2026.3830306335155,2030.7769469658515,2017.3955243677237,2022.58837890625,353971,SBILIFE
2025-12-26,2022.5884224223792,2032.0752347959356,2001.317941708694,2016.297119140625,180039,SBILIFE
2025-12-29,2023.8864513737067,2023.8864513737067,2003.8143789202588,2007.010009765625,407998,SBILIFE
2025-12-30,2007.0100559811788,2016.9961740388007,1965.467707340788,1992.7298583984375,3166927,SBILIFE
2025-12-31,2007.4094104799976,2040.6632324931024,1989.7340302140967,2032.0751953125,751134,SBILIFE
2026-01-01,2032.0751400804381,2043.0598696851869,2024.3857562166027,2037.5675048828125,235630,SBILIFE
2026-01-02,2037.5676314027876,2074.4164328360544,2037.1681622849126,2064.530029296875,472182,SBILIFE
2026-01-05,2064.5299381970553,2091.991762702346,2060.335817396589,2072.71875,788144,SBILIFE
2026-01-06,2061.134721518588,2103.07641643321,2061.134721518588,2092.890625,618958,SBILIFE
2026-01-07,2087.098590107966,2106.671478234444,2062.133295967919,2067.92529296875,1065734,SBILIFE
2026-01-08,2078.0113212025967,2092.591151874019,2064.8296934157033,2080.008544921875,956736,SBILIFE
2026-01-09,2090.8934748907022,2090.9931897915503,2062.1334057499243,2067.12646484375,455165,SBILIFE
2026-01-12,2082.1056925261782,2102.7769089146555,2077.112633311487,2095.087646484375,1051481,SBILIFE
2026-01-13,2087.0985801060083,2099.181879932565,2068.8239361227306,2079.509033203125,425540,SBILIFE
2026-01-14,2067.3261817110915,2079.109850179465,2060.4358575381007,2065.92822265625,942775,SBILIFE
2026-01-15,2065.92822265625,2065.92822265625,2065.92822265625,2065.92822265625,0,SBILIFE
2026-01-16,2059.137460440068,2094.2885458249702,2059.0375017428387,2078.111083984375,753887,SBILIFE
2026-01-19,2063.3317003883085,2092.6910342721685,2063.3317003883085,2070.8212890625,552463,SBILIFE
2026-01-20,2077.1124996038416,2077.1124996038416,2041.1624755722369,2046.2554931640625,576100,SBILIFE
2026-01-21,2035.3705563696751,2073.9170700212694,2035.3705563696751,2052.546630859375,1014083,SBILIFE
2026-01-22,2053.2458760733066,2064.2306061759664,2006.5107937852836,2019.193115234375,1829617,SBILIFE
2026-01-23,2019.1930393953808,2019.1930393953808,1983.5426472524505,1999.8199462890625,1128576,SBILIFE
2026-01-27,2002.4162946234205,2044.957254017306,2002.4162946234205,2035.3704833984375,1396624,SBILIFE
2026-01-28,2044.058428450512,2076.5131886309987,2034.7712903561287,2050.349609375,1391036,SBILIFE
2026-01-29,2054.543844011777,2062.1333913019016,1960.1751497005116,1993.52880859375,3546891,SBILIFE
2026-01-30,1983.5426926512196,2015.5981074639685,1948.7909528032255,1995.7257080078125,2050622,SBILIFE
2026-02-02,1969.7617322930332,2017.1957917525613,1952.7853320654126,1998.22216796875,1337964,SBILIFE
2026-02-03,2053.5452268070494,2062.0334271847896,1994.8269255697808,1999.3206787109375,1915073,SBILIFE
2026-02-04,1999.3207186051648,2044.6577200252116,1993.029537222525,2038.86572265625,1109824,SBILIFE
2026-02-05,2028.1805281219672,2042.460725357022,2002.516254099081,2014.9989013671875,925742,SBILIFE
2026-02-06,2023.1874746209046,2027.0820849591312,1971.5592941424002,1993.9281005859375,884292,SBILIFE
2026-02-09,1993.9281563875024,2033.3733229640236,1993.9281563875024,2021.1903076171875,1266623,SBILIFE
2026-02-10,2021.1903296460837,2024.7853078285239,1996.225034072392,2015.498291015625,570843,SBILIFE
2026-02-11,2020.1917148459738,2036.2693407915663,2014.4996762239034,2023.4871826171875,662626,SBILIFE
2026-02-12,2019.193131946594,2023.1875792897129,1995.2264478878806,2019.29296875,426707,SBILIFE
2026-02-13,2036.1694840893929,2041.0627063469735,2002.416356093042,2031.3760986328125,1240712,SBILIFE
2026-02-16,2031.076618808556,2047.4538771474402,2020.990663738545,2039.5648193359375,580680,SBILIFE
2026-02-17,2039.5648219236105,2042.161188296285,2023.786706280587,2036.6688232421875,377148,SBILIFE
2026-02-18,2031.5758762229964,2059.5368848036587,2031.5758762229964,2056.740966796875,353144,SBILIFE
2026-02-19,2062.133400385367,2065.1292358338687,2034.771412242213,2040.1639404296875,420142,SBILIFE
2026-02-20,2040.064075342179,2080.408016536127,2033.1736295259916,2077.112548828125,922200,SBILIFE
2026-02-23,2086.799109003145,2129.040438508761,2069.3234018390253,2106.671630859375,998892,SBILIFE
2026-02-24,2106.6716766156214,2116.0585305755408,2073.717485247527,2080.008544921875,841918,SBILIFE
2026-02-25,2086.7989385435476,2103.076358932855,2066.6270298250442,2070.721435546875,355352,SBILIFE
2026-02-26,2077.112529625259,2100.4799480628603,2060.4357614410133,2079.90869140625,567098,SBILIFE
2026-02-27,2073.2180942696314,2090.8934746998175,2028.0807669250557,2034.3719482421875,1374835,SBILIFE
2026-03-02,2025.1847853365691,2050.5494282239447,1993.7285127832645,2029.37890625,1009225,SBILIFE
2026-03-04,1961.273580464703,1994.427443553357,1920.9296392562358,1927.919921875,966848,SBILIFE
2026-03-05,1944.896293025236,1948.3914342816124,1895.3651727436136,1942.2999267578125,1955176,SBILIFE
2026-03-06,1930.0,1962.9000244140625,1924.800048828125,1941.5999755859375,858666,SBILIFE
2026-03-09,1900.0,1926.0999755859375,1890.0,1912.5,1617012,SBILIFE
2026-03-10,1933.300048828125,1974.800048828125,1926.5,1963.699951171875,587710,SBILIFE
2026-03-11,1985.0,1985.0,1927.300048828125,1938.5999755859375,829640,SBILIFE
2026-03-12,1925.0,1948.0999755859375,1907.0,1939.4000244140625,868643,SBILIFE
2026-03-13,1932.5,1938.9000244140625,1900.4000244140625,1904.4000244140625,989732,SBILIFE
2026-03-16,1901.0,1918.0,1881.0,1909.199951171875,902404,SBILIFE
2026-03-17,1903.0,1938.699951171875,1901.5,1932.0999755859375,1255806,SBILIFE
2026-03-18,1932.0,1974.699951171875,1932.0,1962.5,705652,SBILIFE
2026-03-19,1950.0,1956.199951171875,1897.5,1903.0999755859375,741211,SBILIFE
2026-03-20,1906.9000244140625,1919.9000244140625,1890.0,1896.9000244140625,1782505,SBILIFE
2026-03-23,1875.0,1889.800048828125,1811.5,1832.300048828125,1338816,SBILIFE
2026-03-24,1842.0,1866.5,1812.199951171875,1836.0,1403010,SBILIFE
2026-03-25,1845.300048828125,1867.4000244140625,1839.199951171875,1851.800048828125,1167758,SBILIFE
2026-03-27,1835.199951171875,1851.0999755859375,1828.9000244140625,1837.5999755859375,1156884,SBILIFE
2026-03-30,1820.800048828125,1828.4000244140625,1766.0,1777.300048828125,2274502,SBILIFE
2026-04-01,1828.4000244140625,1845.5999755859375,1762.5,1790.5,1132054,SBILIFE
2026-04-02,1760.0,1778.9000244140625,1728.0999755859375,1774.0,1494738,SBILIFE
2026-04-06,1757.5,1844.5,1757.5,1836.800048828125,1721071,SBILIFE
2026-04-07,1814.5,1845.9000244140625,1805.5,1841.4000244140625,974742,SBILIFE
2026-04-08,1880.0,1923.0,1870.0,1907.5999755859375,1104494,SBILIFE
2026-04-09,1907.0,1930.0,1881.0999755859375,1904.0,1330082,SBILIFE
2026-04-10,1914.9000244140625,1950.5999755859375,1914.300048828125,1923.199951171875,763543,SBILIFE
2026-04-13,1909.0,1931.800048828125,1889.0,1914.4000244140625,638729,SBILIFE
2026-04-15,1929.800048828125,1974.199951171875,1928.0999755859375,1971.0,1341053,SBILIFE
2026-04-16,1971.0999755859375,1990.9000244140625,1962.0999755859375,1974.699951171875,642257,SBILIFE
2026-04-17,1967.0,1975.800048828125,1954.9000244140625,1970.9000244140625,533713,SBILIFE
2026-04-20,1976.300048828125,1989.5999755859375,1956.5999755859375,1982.5,1033871,SBILIFE
2026-04-21,1974.4000244140625,1975.800048828125,1891.699951171875,1911.5999755859375,5153618,SBILIFE
2026-04-22,1910.0,1930.5999755859375,1880.0,1884.800048828125,4044590,SBILIFE
2026-04-23,1865.0,1886.699951171875,1807.699951171875,1828.0999755859375,4199895,SBILIFE
2026-04-24,1817.0,1836.300048828125,1762.0999755859375,1768.9000244140625,5283235,SBILIFE
2026-04-27,1768.9000244140625,1818.5,1759.0,1815.4000244140625,1918952,SBILIFE
2026-04-28,1814.5999755859375,1824.0,1798.800048828125,1808.300048828125,1487099,SBILIFE
2026-04-29,1808.5999755859375,1829.5,1792.9000244140625,1816.199951171875,1431080,SBILIFE
2026-04-30,1814.9000244140625,1826.0,1785.199951171875,1819.0,1082053,SBILIFE
