Date,Open,High,Low,Close,Volume,Symbol
2018-01-01,106.59793978462669,109.50671105734872,105.89640981042417,108.32608795166016,8934389,WIPRO
2018-01-02,108.08653618673094,110.87553569316185,107.60744309372032,109.06182861328125,7665379,WIPRO
2018-01-03,109.64359426281827,109.64359426281827,105.65686524084612,106.06751251220703,5860470,WIPRO
2018-01-04,106.1188433388805,107.11124901691133,105.21198975443427,106.6492691040039,3905556,WIPRO
2018-01-05,107.1112489839802,107.41923791323953,105.29754181564537,105.93062591552734,4301878,WIPRO
2018-01-08,106.08463125201116,107.07703699887605,105.77664230129479,106.4781723022461,4760660,WIPRO
2018-01-09,106.97437331606032,109.50671689264436,104.85267703849087,108.54853057861328,12201522,WIPRO
2018-01-10,108.27475747905605,112.19304052955775,107.82988381328204,111.79949951171875,10163032,WIPRO
2018-01-11,110.72154760980447,111.57706852601463,109.16449675740319,109.88313293457031,5643897,WIPRO
2018-01-12,109.84892436468452,110.78999746567567,108.54852965841584,109.09606170654297,8433768,WIPRO
2018-01-15,109.11315500545547,110.96108142272571,107.2481223486366,107.795654296875,3187225,WIPRO
2018-01-16,108.44587505714641,114.29763751275158,108.13788609374657,113.59610748291016,16443849,WIPRO
2018-01-17,113.95542232396994,114.12652651987831,111.21775518943589,111.4572982788086,8113347,WIPRO
2018-01-18,111.90216197315674,112.32992242470173,110.24245281361156,111.33751678466797,4722081,WIPRO
2018-01-19,111.90216211683881,112.92878720186496,109.6778077659488,112.56946563720703,4288268,WIPRO
2018-01-22,108.48008139116517,112.56946863727266,108.48008139116517,110.0371322631836,12193514,WIPRO
2018-01-23,110.22534393042737,110.51621965642812,107.24813385589495,107.88121795654297,8613403,WIPRO
2018-01-24,108.30898213153961,110.6702213898646,106.83748328529794,107.43634796142578,17542056,WIPRO
2018-01-25,108.03521167421894,108.82229374072479,105.65686619513187,106.7519302368164,22129831,WIPRO
2018-01-29,107.48768429166608,108.17210108781461,105.94774650033192,106.4781723022461,9397269,WIPRO
2018-01-30,105.9306132814424,106.87168619834425,104.27090425681027,105.16064453125,6079993,WIPRO
2018-01-31,105.09199299271543,106.07046955841824,103.5298587144168,104.61133575439453,7530432,WIPRO
2018-02-01,104.73150689038982,106.12197848203029,102.99771665467793,103.25521087646484,5872873,WIPRO
2018-02-02,102.75737115091785,103.83884813867931,101.34973765199547,103.20369720458984,6713662,WIPRO
2018-02-05,102.31105591194708,104.90315997998391,101.60723564365192,102.56855010986328,5851054,WIPRO
2018-02-06,100.14809626934414,101.67589229777117,99.59877674142525,101.16090393066406,6489310,WIPRO
2018-02-07,102.37971577077762,102.37971577077762,98.87779755747944,99.3412857055664,6662763,WIPRO
2018-02-08,99.59878905436435,101.16091643672178,98.55164311780204,99.49578857421875,14125508,WIPRO
2018-02-09,99.22113358189245,99.22113358189245,97.50449847162092,97.84782409667969,8405269,WIPRO
2018-02-12,98.84348473742915,99.89063084602908,98.15683338358755,99.2039794921875,6722288,WIPRO
2018-02-14,99.56446124802235,101.88190926467665,99.409960522592,100.74893188476562,8063123,WIPRO
2018-02-15,101.48707562017384,101.48707562017384,99.71894735325995,100.42276763916016,4415065,WIPRO
2018-02-16,100.5772733548232,101.59008121867888,99.58162758231703,99.90779113769531,8209045,WIPRO
2018-02-19,100.59443290464877,100.59443290464877,99.15246113396294,99.54728698730469,4420870,WIPRO
2018-02-20,99.5644593843276,100.68026766775641,99.25546492422869,100.0622787475586,9160624,WIPRO
2018-02-21,100.93775971991815,101.22958509847707,99.75328214579885,100.31977081298828,13748271,WIPRO
2018-02-22,100.56009745810661,101.02359263773553,99.92494645173434,100.4742660522461,12838500,WIPRO
2018-02-23,101.45274495707186,101.6072386864573,100.35409882207556,101.28108215332031,9779768,WIPRO
2018-02-26,101.21241634874104,101.5214108031987,99.70178222637512,100.11377716064453,13418935,WIPRO
2018-02-27,100.40560070893801,101.05792077090098,99.95927461786401,100.16527557373047,10467034,WIPRO
2018-02-28,100.59443377975875,100.86909008253288,99.22113131095536,100.52576446533203,13724575,WIPRO
2018-03-01,100.52576112991657,100.97208721145974,99.976441557617,100.42276763916016,10895423,WIPRO
2018-03-05,100.80043938758962,100.85193963310948,99.49579909765224,99.890625,9996650,WIPRO
2018-03-06,99.99362178928465,100.23394694617602,98.24265541630028,98.51731872558594,12604231,WIPRO
2018-03-07,99.03229502960947,99.85627787129502,97.60749238450406,97.96798706054688,4868340,WIPRO
2018-03-08,98.34564565789897,98.7919647577681,97.2126683563516,97.91648864746094,5387353,WIPRO
2018-03-09,97.84782878770238,98.8434745451016,97.53884129831819,97.86499786376953,2681455,WIPRO
2018-03-12,98.29416001350043,100.25112046263652,98.22549767562691,99.80479431152344,4658262,WIPRO
2018-03-13,100.4227725335369,102.79171374109671,100.4227725335369,101.83040618896484,8546243,WIPRO
2018-03-14,101.28109450951506,101.83041415154098,100.59444321073809,100.88626861572266,5547337,WIPRO
2018-03-15,101.43557074198415,103.6843561511526,100.25110025011801,100.73175048828125,13181140,WIPRO
2018-03-16,101.28108762859702,102.01923213665101,99.92494721466018,101.53858184814453,12891090,WIPRO
2018-03-19,100.78324890660699,101.79606357013672,98.39713889240181,99.1009521484375,3963271,WIPRO
2018-03-20,98.500136958257,101.34974223127382,97.72765435852106,100.80042266845703,8064555,WIPRO
2018-03-21,101.10942624799594,101.72740819267834,99.97644887194477,101.3669204711914,8382829,WIPRO
2018-03-22,100.86909357507224,101.28108852096491,98.58597674463938,99.03230285644531,5036841,WIPRO
2018-03-23,97.52167476891228,98.74048362212184,97.17834911842824,97.72766876220703,8771707,WIPRO
2018-03-26,97.71050054094248,98.05382616988847,93.50475460137638,94.07124328613281,18744243,WIPRO
2018-03-27,95.77070635013229,96.40585734685533,93.8137461352561,94.08840942382812,14239615,WIPRO
2018-03-28,94.07122932627868,97.33282231725609,93.72790374828107,96.52600860595703,13853121,WIPRO
2018-04-02,97.33283615917748,99.8391160289745,95.71920850710174,99.44429016113281,6543819,WIPRO
2018-04-03,98.63747761067124,98.6546466862255,97.17834367780517,97.47016906738281,4300609,WIPRO
2018-04-04,97.84782059950099,98.36280901868294,96.1311925355612,96.6805191040039,4358041,WIPRO
2018-04-05,97.16116929836933,98.43147825568343,97.16116929836933,98.2769775390625,2813628,WIPRO
2018-04-06,98.19114853696978,98.19114853696978,97.26417215448706,97.48733520507812,1802274,WIPRO
2018-04-09,97.74483528623368,98.20832350528802,97.24700891504504,97.86499786376953,2986425,WIPRO
2018-04-10,96.3372016028047,99.0151374170464,95.35871793598875,98.19115447998047,11673823,WIPRO
2018-04-11,98.87780170612125,99.28978963615621,97.45299905520294,98.08815002441406,3468465,WIPRO
2018-04-12,98.29414693929772,99.73611870764911,97.88215899689874,98.48297882080078,5989886,WIPRO
2018-04-13,99.39279169012536,101.26391346414366,98.48297742978595,100.98925018310547,8491437,WIPRO
2018-04-16,99.22111816426211,100.93774602281498,98.68896073412007,99.53010559082031,6256147,WIPRO
2018-04-17,98.91214756772929,99.15247273179894,97.26418163274839,97.76200103759766,5854046,WIPRO
2018-04-18,98.94646982192002,100.86909191619999,98.36281207108192,100.4742660522461,7066675,WIPRO
2018-04-19,100.59444102791683,100.86909735048086,99.44429453944012,100.40560913085938,2552252,WIPRO
2018-04-20,101.21242346995845,102.99772100744929,100.90342899376023,102.32823181152344,8937349,WIPRO
2018-04-23,102.9290432179052,103.3410381472599,100.86908952606434,102.08789825439453,10660490,WIPRO
2018-04-24,101.07509198027391,101.50424903542144,98.24265541630028,98.51731872558594,9443424,WIPRO
2018-04-25,98.84346221660037,100.86908464590415,97.2126656227928,98.58596801757812,17195110,WIPRO
2018-04-26,94.41456517021072,97.161170092837,94.07123955488244,96.59468841552734,25550129,WIPRO
2018-04-27,94.8952262437085,95.89087196518366,94.19140590999905,94.80939483642578,6519427,WIPRO
2018-04-30,94.8093963727669,96.93801949885847,94.79222729704102,95.70204162597656,5648769,WIPRO
2018-05-02,95.78787953961839,95.78787953961839,94.19141383287798,94.60340881347656,6354939,WIPRO
2018-05-03,94.41455663817123,94.67205082639826,92.54343499771232,93.19575500488281,8949440,WIPRO
2018-05-04,93.55624992769663,93.6077501663285,90.65515130950463,92.66360473632812,8256123,WIPRO
2018-05-07,92.69793865134778,94.63772980754608,91.73663110326045,94.3287353515625,5265878,WIPRO
2018-05-08,94.48323416000956,94.7407283706221,92.69793677544286,93.64208221435547,5221180,WIPRO
2018-05-09,93.72792084126534,94.20857813511392,92.5606122661982,92.78377532958984,5165820,WIPRO
2018-05-10,93.00693361672022,93.24725875881387,92.14861955927474,92.8524398803711,4808846,WIPRO
2018-05-11,93.21293168759743,93.933914130523,92.11429243980402,93.60775756835938,4066852,WIPRO
2018-05-14,93.17860416726,94.05408737255966,92.69794685817348,93.5047607421875,4104721,WIPRO
2018-05-15,93.65924864765742,94.01973634136192,92.06278318988808,93.041259765625,4501617,WIPRO
2018-05-16,93.00693663955124,95.77071078834253,92.69794217183265,94.31157684326172,8413891,WIPRO
2018-05-17,94.41456611359017,96.40585749638197,94.19140306440146,95.56471252441406,6949715,WIPRO
2018-05-18,94.92955530908476,94.92955530908476,92.0284566011135,92.32028198242188,12844244,WIPRO
2018-05-21,92.38894344817768,92.50911300257219,90.67231535657159,90.9298095703125,8120387,WIPRO
2018-05-22,90.63797833837491,91.65079303800194,90.32898390484502,90.96414184570312,3966732,WIPRO
2018-05-23,91.17014010374592,91.22164034259126,90.15732535637939,90.44915771484375,9401189,WIPRO
2018-05-24,90.6723167874246,91.32463686952437,89.93417228436778,90.75814819335938,6267787,WIPRO
2018-05-25,90.9813105272425,91.20447357790596,90.5178223358508,90.84397888183594,6265014,WIPRO
2018-05-28,90.17449625223915,90.895478655703,90.17449625223915,90.39765930175781,3131052,WIPRO
2018-05-29,89.83116667758534,90.80964325241533,89.83116667758534,90.2946548461914,4768596,WIPRO
2018-05-30,90.26033895628224,90.44917086450867,88.76687372250986,89.5565185546875,7799451,WIPRO
2018-05-31,89.88267627929292,90.80965271307862,88.5780360536157,89.91700744628906,13729428,WIPRO
2018-06-01,90.27750106883315,90.80965161327333,88.93852969237622,89.4706802368164,3800052,WIPRO
2018-06-04,89.76251111055537,90.10583674055971,88.59520257154504,89.3161849975586,4223321,WIPRO
2018-06-05,89.33335430861852,89.95133625326923,87.2047312059918,87.6338882446289,6572043,WIPRO
2018-06-06,88.28621206074591,89.4363515757648,87.03307205812253,89.00719451904297,5079518,WIPRO
2018-06-07,88.59520025509185,91.27313590812042,88.59520025509185,90.84397888183594,5339491,WIPRO
2018-06-08,90.84397920584793,90.98131085174431,90.12299679611401,90.63798522949219,5026132,WIPRO
2018-06-11,90.8096454953221,91.41046531742298,90.38048847953576,90.77531433105469,5541131,WIPRO
2018-06-12,91.58212709760528,92.40610995567823,91.17013916105749,91.47913360595703,6065963,WIPRO
2018-06-13,92.35461203652096,92.69793765392463,91.61646056210755,92.28594970703125,4100905,WIPRO
2018-06-14,91.71946168311626,92.38894384774702,90.86114763360112,91.46196746826172,6231142,WIPRO
2018-06-15,92.2687721526511,92.2687721526511,90.98130120570616,91.63362121582031,12894495,WIPRO
2018-06-18,92.35461598245855,92.35461598245855,90.60365665588395,91.23880767822266,8318768,WIPRO
2018-06-19,91.30748315210738,91.30748315210738,89.29902248107832,89.60801696777344,9780146,WIPRO
2018-06-20,89.71100168367356,90.14015867723819,88.69818698787475,89.16168212890625,5125212,WIPRO
2018-06-21,89.60800704069825,89.71100751984534,88.26903573667406,88.80119323730469,10174400,WIPRO
2018-06-22,88.83553459342366,89.12736000451578,87.54806338127165,88.66387176513672,6965470,WIPRO
2018-06-25,88.54369608022176,89.69383546255854,87.89137603226175,88.40636444091797,4371876,WIPRO
2018-06-26,88.40637317872833,89.24752518699007,87.94288496212346,88.44070434570312,5289660,WIPRO
2018-06-27,88.95567765007114,89.2303409090318,87.27338090513496,87.90853881835938,8530568,WIPRO
2018-06-28,88.02871781101987,88.9042010005676,87.7883856683116,88.26904296875,10412698,WIPRO
2018-06-29,88.92135666408538,90.12299633583069,87.54805418209075,89.77967071533203,9652752,WIPRO
2018-07-02,89.50501838837468,90.03716893281486,88.6123661474181,89.4706802368164,10055613,WIPRO
2018-07-03,89.76251370231745,90.2260019192103,88.76686794956147,89.91700744628906,10490968,WIPRO
2018-07-04,89.96850474985885,90.14016756420904,88.61236432550568,89.93417358398438,10224848,WIPRO
2018-07-05,90.12299789954928,90.91264963438844,89.31618407437398,90.67231750488281,12472818,WIPRO
2018-07-06,90.2946602557572,90.77531752735788,89.77967181868026,90.22599792480469,7580592,WIPRO
2018-07-09,90.39765321506118,91.06713533356167,90.00282738249393,90.96414184570312,5832667,WIPRO
2018-07-10,91.32462673767603,93.48758072125813,90.53498208166852,92.90392303466797,13242228,WIPRO
2018-07-11,93.71076244772595,94.34591351091836,92.49195358148181,93.41893005371094,10556522,WIPRO
2018-07-12,93.53908826634452,96.64618086831034,92.64643608591216,95.94236755371094,11900279,WIPRO
2018-07-13,96.06252474226886,99.49578067484023,95.53036727872947,96.42301940917969,20625128,WIPRO
2018-07-16,95.87370914724399,98.53448294667244,95.73638447461093,97.19551849365234,12543791,WIPRO
2018-07-17,97.1611746022509,99.20396629925011,96.73201756317265,97.47016906738281,14471569,WIPRO
2018-07-18,98.191147492625,98.63747358906008,97.38433368904857,97.77915954589844,6125915,WIPRO
2018-07-19,98.19115226199622,98.99797308973938,96.68052506063911,98.12248992919922,7434390,WIPRO
2018-07-20,98.70613624223036,99.77045124722329,96.30285691349616,97.16117095947266,13966393,WIPRO
2018-07-23,96.98951524419118,96.98951524419118,90.4148277741362,94.91239929199219,23582642,WIPRO
2018-07-24,95.51321392395133,95.61620742036013,92.42328330208834,93.71075439453125,9224277,WIPRO
2018-07-25,94.41457034251597,94.99822811153504,93.5905874235924,94.31157684326172,6629507,WIPRO
2018-07-26,93.86524774304226,94.44889850854238,92.57777665592933,93.17859649658203,11554893,WIPRO
2018-07-27,93.38459816372323,94.58623794398336,93.38459816372323,94.24291229248047,4829553,WIPRO
2018-07-30,94.00257435606406,94.07123668304256,92.52627146123052,93.77941131591797,7272923,WIPRO
2018-07-31,93.89957226162241,95.1870432576008,93.10992757507532,94.89521789550781,7436176,WIPRO
2018-08-01,94.7578793987405,95.61619333391995,93.96823476936143,95.22137451171875,4219572,WIPRO
2018-08-02,95.10121521863516,96.40585533465529,94.27723235509497,95.82220458984375,8010016,WIPRO
2018-08-03,96.285701575576,96.285701575576,95.13555508533166,95.44454956054688,4362841,WIPRO
2018-08-06,95.78788283589627,96.02821499576041,94.5004115740554,95.11840057373047,4540062,WIPRO
2018-08-07,94.62056403670525,95.95953540273999,94.62056403670525,95.25572204589844,4592433,WIPRO
2018-08-08,95.9423821393228,95.9423821393228,94.20858473872315,95.61621856689453,3821153,WIPRO
2018-08-09,95.47888151317267,96.25136415856309,94.60339838773912,95.68487548828125,6388521,WIPRO
2018-08-10,96.09686160468362,96.09686160468362,94.92955312137384,95.73637390136719,3598180,WIPRO
2018-08-13,95.44454060502778,97.65899498214056,95.2728777999017,96.76634979248047,6481139,WIPRO
2018-08-14,97.84782878770238,98.53448007073935,96.47452622162845,97.86499786376953,5241916,WIPRO
2018-08-16,97.84782051199353,97.84782051199353,95.46171029924216,95.94236755371094,6015278,WIPRO
2018-08-17,95.92519816168503,96.47451774284133,95.25571601355351,96.14836120605469,7277246,WIPRO
2018-08-20,96.40586388731597,98.32848608282387,96.13120058010996,97.86499786376953,4291894,WIPRO
2018-08-21,97.79634561380799,101.10943979308942,97.50451320044229,99.2039794921875,16189619,WIPRO
2018-08-23,99.56446147413713,100.62876953905914,99.0151348735522,99.47863006591797,7277960,WIPRO
2018-08-24,99.1181265121666,101.22958036292869,98.50013763414644,100.30259704589844,11267031,WIPRO
2018-08-27,100.25110431563422,102.07072582598806,99.92494080082271,101.57290649414062,6811390,WIPRO
2018-08-28,101.88190165006198,102.31105865810811,100.9720873960087,101.48707580566406,4051198,WIPRO
2018-08-29,101.81325053629183,102.15657620409613,100.62877977635844,101.88191986083984,4285462,WIPRO
2018-08-30,102.13940292026044,102.99771699572555,100.93776321460926,102.63722229003906,9067763,WIPRO
2018-08-31,102.99770762533417,105.22932401851838,102.82604482585846,103.42686462402344,18087318,WIPRO
2018-09-03,112.26751122032124,112.26751122032124,105.1606663446113,105.86448669433594,68625769,WIPRO
2018-09-04,106.58546241193238,108.14759675548164,106.19063655735621,107.58110809326172,21828613,WIPRO
2018-09-05,107.99311061827419,109.86423966520769,107.9759485261792,109.46941375732422,30871477,WIPRO
2018-09-06,109.86423424933483,110.72254836112718,109.17758295990093,110.2762222290039,26924326,WIPRO
2018-09-07,110.51655190430834,112.69666830260009,109.5552373265684,111.47785949707031,22940730,WIPRO
2018-09-10,111.37485472945122,112.61082550080708,110.96285981568109,111.58084869384766,16966961,WIPRO
2018-09-11,112.25033666277697,112.61083135795384,110.9457034970911,111.2203598022461,12710847,WIPRO
2018-09-12,111.5980222936772,113.46914410821034,111.5980222936772,112.86832427978516,16704169,WIPRO
2018-09-14,112.86833052523615,114.32746447500841,111.30619609090057,113.36614990234375,11404741,WIPRO
2018-09-17,114.06995921455365,115.35743022216815,112.64515656913149,113.26314544677734,12352938,WIPRO
2018-09-18,113.09149645734277,114.51629927677253,111.580862226923,114.1729736328125,7248678,WIPRO
2018-09-19,114.46479655305548,114.51629679552924,112.28468015814182,114.2244644165039,7797531,WIPRO
2018-09-21,113.94980096268368,116.00975465281525,112.61082966710265,115.08277130126953,17700584,WIPRO
2018-09-24,113.3833194010183,116.04409308405712,113.3833194010183,114.2244644165039,9975645,WIPRO
2018-09-25,114.32745662131902,114.97977668046069,112.0100087426418,112.71382904052734,9037680,WIPRO
2018-09-26,112.67948897825609,112.93698318262615,108.6282510204869,109.60672760009766,20972861,WIPRO
2018-09-27,110.51654553585641,111.1173653660775,108.73124813507012,109.50373077392578,47992758,WIPRO
2018-09-28,109.52089788438536,112.1473402063816,108.2849270813805,111.2375259399414,18433179,WIPRO
2018-10-01,111.23752978630922,114.13862850652205,110.8942041633265,113.34898376464844,10879266,WIPRO
2018-10-03,113.07432185066743,113.29748490532212,110.72254270156279,112.43917083740234,9550589,WIPRO
2018-10-04,111.61518423061526,113.43481278820151,110.41354457541085,111.80401611328125,12296495,WIPRO
2018-10-05,111.51219795980322,112.59366813155476,110.27622007498204,111.6838607788086,8937680,WIPRO
2018-10-08,110.3448841017866,111.03153534487858,107.35794700334992,109.00591278076172,9465389,WIPRO
2018-10-09,108.83425942182498,110.82555099371878,107.01463067561244,110.43072509765625,9932090,WIPRO
2018-10-10,110.00155034732678,110.12171290898819,106.48246298666251,108.47374725341797,9764277,WIPRO
2018-10-11,105.74431353563487,108.30208648089123,104.66283649050132,107.47810363769531,7138056,WIPRO
2018-10-12,108.5424322172054,109.84706547978527,106.25931527646796,108.59392547607422,8960733,WIPRO
2018-10-15,108.95440834319608,110.56804289328547,107.85576919056373,109.84705352783203,8342805,WIPRO
2018-10-16,109.86424188423985,110.10456705825162,108.52527037979766,109.53807830810547,8320912,WIPRO
2018-10-17,110.79120850046796,112.9884939801072,108.66259233939813,110.94570922851562,12641962,WIPRO
2018-10-19,111.01437156210704,111.95851706636799,109.0059179773112,110.94570922851562,7051648,WIPRO
2018-10-22,111.44352790569337,112.3533422374128,109.86423137826267,110.61954498291016,4842137,WIPRO
2018-10-23,109.48658059852896,109.95006883528427,104.74868377063873,106.12198638916016,10176672,WIPRO
2018-10-24,106.15632122658252,106.99747330048562,102.99772788880789,106.01898956298828,12479882,WIPRO
2018-10-25,101.62441301395877,110.9457051364962,101.62441301395877,109.36640167236328,37804166,WIPRO
2018-10-26,109.45223962028356,110.72254870061808,108.49093200311549,110.07022857666016,11805695,WIPRO
2018-10-29,109.52090482934585,114.05280038940026,108.71409098906817,113.12582397460938,6600369,WIPRO
2018-10-30,112.95415927815421,114.89395046864847,111.80401982413726,112.43917083740234,9880349,WIPRO
2018-10-31,112.67948065605202,114.58494042164925,110.58519601218259,113.70945739746094,8013245,WIPRO
2018-11-01,114.31029276691221,114.31029276691221,110.72254275525871,113.17732238769531,6681864,WIPRO
2018-11-02,112.95415331824024,113.84679850478172,108.85140809907432,109.31490325927734,9761930,WIPRO
2018-11-05,108.18193510200429,111.75252313503452,107.83860946392403,111.27186584472656,6810854,WIPRO
2018-11-06,111.51220813670199,112.21602156786916,110.24189896914356,111.54653930664062,6109153,WIPRO
2018-11-07,111.71818073188324,112.5249945032289,111.4263553658617,111.70101165771484,380109,WIPRO
2018-11-09,112.61082734275402,112.61082734275402,109.05740869761706,111.52935028076172,12329274,WIPRO
2018-11-12,111.4950310789705,112.095850957318,110.48222322089025,111.01437377929688,6897542,WIPRO
2018-11-13,111.06586322306774,112.50782799689519,110.20754919460438,111.97567749023438,6101731,WIPRO
2018-11-14,111.58085481951893,111.95851160580824,109.4007385220975,111.42636108398438,4883777,WIPRO
2018-11-15,111.2890348664287,113.46915127018109,110.43072077164602,110.94570922851562,8942797,WIPRO
2018-11-16,111.06585967142836,113.434807711229,111.06585967142836,111.99283599853516,7275846,WIPRO
2018-11-19,111.75251337762938,115.15143829485044,110.37921094521501,114.27595520019531,7513344,WIPRO
2018-11-20,113.60647912108317,113.60647912108317,109.89855956169737,110.31055450439453,6907315,WIPRO
2018-11-21,109.8642274256341,109.8642274256341,107.54677946773212,107.85577392578125,6943816,WIPRO
2018-11-22,108.14759944784845,109.45223262743377,105.05766883333594,105.4353256225586,8239488,WIPRO
2018-11-26,104.16500872659091,109.82988807538467,103.90751452823561,109.33206176757812,18657115,WIPRO
2018-11-27,108.78275436075094,110.65388326881897,106.77430078620058,107.1347885131836,11458234,WIPRO
2018-11-28,107.78710600302676,108.33642561055858,106.17347834621869,106.53396606445312,16926705,WIPRO
2018-11-29,107.80427153931268,108.7140858201885,106.2936374294593,108.11326599121094,7793384,WIPRO
2018-11-30,108.1647617753488,112.06151320240387,107.70127357915064,111.460693359375,16991251,WIPRO
2018-12-03,111.5808621897284,113.12582758703354,110.91137997822075,112.69667053222656,7115262,WIPRO
2018-12-04,112.69666177182935,117.15989479487565,111.82117865408695,114.99694061279297,15925097,WIPRO
2018-12-05,114.32746175365237,116.28441503395054,112.66233385936671,115.51193237304688,10264210,WIPRO
2018-12-06,114.41329514072386,115.51193437236692,112.95416120042843,113.86397552490234,6232265,WIPRO
2018-12-07,114.25879526156452,115.47759700228835,111.39202079195393,114.43045806884766,9264269,WIPRO
2018-12-10,112.7138381367907,115.52910558557646,111.61519189984216,112.13018035888672,8528293,WIPRO
2018-12-11,111.71818699210236,114.6021236205166,111.51219301542513,112.61083221435547,11795237,WIPRO
2018-12-12,113.22882770796855,113.98414132799473,112.59366968092598,113.31465911865234,7028448,WIPRO
2018-12-13,113.64080022503428,118.08686389960046,112.95414903297915,116.26724243164062,13728244,WIPRO
2018-12-14,116.38740836083987,117.76071078468567,114.08712959488912,114.36178588867188,12792082,WIPRO
2018-12-17,115.34026677173965,117.33155815459736,114.80811625363253,116.5934066772461,9162003,WIPRO
2018-12-18,115.0999428480662,116.18141995560816,114.1729664615889,115.03128051757812,9864405,WIPRO
2018-12-19,115.03128508043997,117.50322686575059,113.77814511199279,116.9710693359375,9978008,WIPRO
2018-12-20,115.44326880129105,116.73073988896444,114.1042974731152,114.41329193115234,6421739,WIPRO
2018-12-21,114.39612582908062,114.94545242874676,110.12172450090686,110.58521270751953,26209361,WIPRO
2018-12-24,110.79120252727077,113.4691451526053,110.34488341303343,112.16450500488281,11285031,WIPRO
2018-12-26,111.82117677412451,112.37050334032301,109.64106053882308,111.97567749023438,6281385,WIPRO
2018-12-27,112.54217426033811,113.76097607764557,111.23753404901791,112.42200469970703,13527065,WIPRO
2018-12-28,111.9928498061394,114.29313580345202,111.8555251370278,113.31465911865234,5945206,WIPRO
2018-12-31,113.64081756603557,114.60213217559526,112.97133534561314,113.58931732177734,5696321,WIPRO
2019-01-01,113.55497245893888,114.24162367296172,111.71818185842321,112.1473388671875,4036542,WIPRO
2019-01-02,112.88549978362211,113.74381387311206,110.89420830201423,111.76969146728516,8822139,WIPRO
2019-01-03,112.26749846771735,112.59365499177362,110.91136514982794,111.75251007080078,9446080,WIPRO
2019-01-04,111.40919025397822,112.21600405401834,109.7440624145385,111.39202117919922,6414073,WIPRO
2019-01-07,111.95850760790279,112.18167065068866,110.65387448503779,111.32335662841797,5076276,WIPRO
2019-01-08,111.58085957360619,112.43917366309616,110.75687665070025,111.76969146728516,5559089,WIPRO
2019-01-09,111.42637383205201,114.1901412076651,111.42637383205201,112.95417022705078,10474346,WIPRO
2019-01-10,113.5721455595355,113.65797696433117,110.89420293591947,111.83834838867188,8265043,WIPRO
2019-01-11,111.78685010103207,113.26315308329067,111.06586768515278,112.85115814208984,4263836,WIPRO
2019-01-14,113.31464737068141,113.67513506719271,106.89445432616431,107.30644226074219,18435523,WIPRO
2019-01-15,109.52090129144058,114.08713485526033,108.16476089437705,113.22882080078125,40188776,WIPRO
2019-01-16,113.91546800278589,116.66207287967282,112.97132257635602,115.5462646484375,26390100,WIPRO
2019-01-17,115.70077074794764,116.25009038505544,113.84681086085293,115.15145111083984,14104487,WIPRO
2019-01-18,115.35743651150301,119.30568115011407,114.46479129455169,118.8421859741211,26911902,WIPRO
2019-01-21,116.73073929380782,118.41302925180834,114.39612227273881,115.97542572021484,41658250,WIPRO
2019-01-22,115.63210081105215,120.02667158897293,115.35743751806547,118.96235656738281,17817926,WIPRO
2019-01-23,119.7004914928369,122.15527788816816,119.47733544324056,120.6961441040039,26499796,WIPRO
2019-01-24,120.23265117676281,121.19396565803632,118.9623492411303,120.76480865478516,11281453,WIPRO
2019-01-25,119.56318957848427,123.03078434823176,119.47735816309405,121.34848022460938,13964137,WIPRO
2019-01-28,121.65745800711078,124.52421834081906,121.62311985965987,121.93212127685547,18399880,WIPRO
2019-01-29,122.5690734104479,124.22169255468759,121.55340575192008,123.73968505859375,12320260,WIPRO
2019-01-30,123.60195443156489,126.58011510314022,123.25765937191932,125.0652084350586,19757160,WIPRO
2019-01-31,126.01202807038452,127.87122991941011,125.08243415057309,127.11376953125,20517517,WIPRO
2019-02-01,127.42365696020923,128.2327420829197,125.15130357469013,127.92288208007812,8977608,WIPRO
2019-02-04,127.38920361226607,129.00738763549177,126.73504858460107,127.81957244873047,8383256,WIPRO
2019-02-05,127.38919754824362,128.1466438624843,125.94316112843839,126.85553741455078,6550401,WIPRO
2019-02-06,127.09654831596418,129.09344830706422,126.95882189662572,128.14663696289062,5811361,WIPRO
2019-02-07,128.07779962844745,128.93853734087784,127.26871458440462,128.62867736816406,5982481,WIPRO
2019-02-08,127.90565058464624,129.07626226545304,126.94162155615909,128.3188018798828,3735809,WIPRO
2019-02-11,127.69905660494872,129.93697418697437,127.2858913822856,128.4392852783203,7927406,WIPRO
2019-02-12,128.81804483389726,129.5410561199829,126.82113050248356,129.11068725585938,7939320,WIPRO
2019-02-14,129.5926974654431,130.2812875878714,128.74916335794697,129.14511108398438,8199603,WIPRO
2019-02-15,129.1967387606778,129.91976393154786,127.44084250333736,129.48939514160156,9393792,WIPRO
2019-02-18,130.41900215431878,130.41900215431878,127.64742406406518,129.3172607421875,9280197,WIPRO
2019-02-19,128.26716998493015,129.24841662108474,124.70371010563552,125.13407897949219,8171619,WIPRO
2019-02-20,125.04798165468611,128.7663708264117,124.35939158619621,128.14663696289062,11761287,WIPRO
2019-02-21,128.353233138179,129.73041342055555,127.66464299699074,128.95574951171875,6861558,WIPRO
2019-02-22,129.11068783542754,130.83216329964915,128.59424519616107,130.40179443359375,8519101,WIPRO
2019-02-25,131.10759749927948,133.13894688024592,130.57393732252547,132.6913604736328,12475916,WIPRO
2019-02-26,132.38148081388766,133.91360506416126,131.26252185008005,133.4660186767578,10140096,WIPRO
2019-02-27,130.91820057799347,132.1576681704793,128.21549325821638,128.90408325195312,21357373,WIPRO
2019-02-28,129.0762531274241,129.6959730217042,126.21860135612596,127.01048278808594,25142033,WIPRO
2019-03-01,127.69907942197534,130.26407492241785,125.8398776159924,129.3516845703125,18763773,WIPRO
2019-03-05,128.76637766420842,128.99017785399244,124.63483703387456,125.18571472167969,36042630,WIPRO
2019-03-06,125.96609207682017,131.24528337093483,125.3693195342901,127.3662338256836,43014120,WIPRO
2019-03-07,128.53682944334963,128.67454187113503,122.79857812891437,123.4183120727539,16200268,WIPRO
2019-03-08,119.8605986448348,120.38851497439579,117.77186671914157,118.29979705810547,54689738,WIPRO
2019-03-11,118.8965496984781,119.76876096774512,118.18501224419724,119.2408447265625,14708454,WIPRO
2019-03-12,119.81469084181923,120.89348492139437,119.42448693949592,119.9753646850586,12580708,WIPRO
2019-03-13,120.5032653750201,121.92635435847201,117.6111926097801,118.39158630371094,14439446,WIPRO
2019-03-14,119.05723424244665,119.21790807191212,117.06032009772278,117.90958404541016,8978946,WIPRO
2019-03-15,118.4374939329737,121.3066192704973,118.0702514935311,120.93937683105469,17440194,WIPRO
2019-03-18,121.53615240046928,121.53615240046928,117.54232422490858,118.25387573242188,11497228,WIPRO
2019-03-19,118.34568026351347,118.85064914163118,117.10622648202623,118.18502044677734,10103694,WIPRO
2019-03-20,118.62111753341055,120.73279662608935,118.62111753341055,120.06715393066406,12229124,WIPRO
2019-03-22,120.48031858493508,121.07709106033451,118.66702574065012,119.60809326171875,6396058,WIPRO
2019-03-25,120.27373161092837,120.27373161092837,117.51937134502924,117.7489013671875,6747924,WIPRO
2019-03-26,118.0243546354484,118.71294478616933,116.32582665990911,117.0603256225586,7701032,WIPRO
2019-03-27,117.15213840517269,117.70300913498217,116.48650264812369,116.85375213623047,6715462,WIPRO
2019-03-28,117.47346527260015,118.3915853826,116.64716277736073,116.94554901123047,14209672,WIPRO
2019-04-01,117.51937350145741,121.14594511622374,117.4964190978803,120.1130599975586,14133132,WIPRO
2019-04-02,120.9164150898537,121.14594511622374,118.98837127398603,120.1130599975586,7413134,WIPRO
2019-04-03,120.45735503711364,120.7787026777921,118.52931122124596,120.1130599975586,7538708,WIPRO
2019-04-04,119.81467497393548,120.38850004564974,117.0373602258984,118.91950225830078,12838396,WIPRO
2019-04-05,119.814695051856,121.12301923648687,119.12610485040857,120.31966400146484,7229104,WIPRO
2019-04-08,121.05414581298828,121.88044833352275,119.69991300552186,121.05414581298828,7274928,WIPRO
2019-04-09,120.96233012753851,126.24152100596999,120.89347391796106,125.69064331054688,27982768,WIPRO
2019-04-10,127.61868481619078,129.3631072782636,126.2415047642175,128.99586486816406,37061332,WIPRO
2019-04-11,130.14352844513962,130.64849731858834,128.60567442530092,129.1335906982422,18883256,WIPRO
2019-04-12,129.63855044090343,130.6943969218213,129.17949040817402,130.0976104736328,11578108,WIPRO
2019-04-15,130.83211126897325,132.8978814469044,130.4419074334839,132.0715789794922,14134384,WIPRO
2019-04-16,133.74716542754828,133.7930742402837,127.6187101765424,128.94998168945312,40734118,WIPRO
2019-04-18,132.6683686896493,132.92084614048798,128.6286454198154,130.7403106689453,54851156,WIPRO
2019-04-22,131.06165096021587,132.66836121717125,130.87802973272989,132.32406616210938,16824108,WIPRO
2019-04-23,132.98973434747228,133.97671089249846,131.6125538634159,133.63241577148438,12355568,WIPRO
2019-04-24,134.06848206403424,135.10136717703728,133.2192321786414,134.5275421142578,18298138,WIPRO
2019-04-25,134.5275663911515,135.85885198456492,134.43576277018047,135.51455688476562,20781632,WIPRO
2019-04-26,136.06541635003296,136.180181379682,134.7341448079846,135.33091735839844,12393102,WIPRO
2019-04-30,135.42274079448538,137.46556401362128,135.42274079448538,137.05239868164062,14679834,WIPRO
2019-05-02,137.05238543268632,137.1901118665003,134.34393368050536,134.80299377441406,9078250,WIPRO
2019-05-03,134.73413211793152,134.82594973676404,132.46177914114267,133.5405731201172,14816616,WIPRO
2019-05-06,133.08154164985348,134.87187352669542,132.76020793367425,133.5176544189453,8608690,WIPRO
2019-05-07,134.34392821416648,135.3997747928364,133.26513423549576,134.89480590820312,8707688,WIPRO
2019-05-08,135.07845620877148,135.07845620877148,133.15039787407727,133.5176544189453,7904232,WIPRO
2019-05-09,133.95371581084612,134.5505022762501,133.26512574188826,133.6094207763672,7497994,WIPRO
2019-05-10,133.81601750291065,134.22916878594484,133.12742736138622,133.28810119628906,6133344,WIPRO
2019-05-13,133.35694518732737,134.73412534416724,132.32406006969745,132.71426391601562,8563900,WIPRO
2019-05-14,132.6683445436641,132.6683445436641,129.95989325278416,130.6484832763672,16740848,WIPRO
2019-05-15,131.06166704804653,131.26824971020235,129.59266902903562,129.9140167236328,8631244,WIPRO
2019-05-16,130.30419254656232,131.75022884172557,130.30419254656232,130.99278259277344,7191096,WIPRO
2019-05-17,131.5207318145226,133.08153350887002,130.9698540356217,131.47482299804688,6713562,WIPRO
2019-05-20,132.89786200313912,133.8159819478931,131.93383325926774,133.24215698242188,8366922,WIPRO
2019-05-21,133.4029046630281,133.58652595180223,131.29122481860975,131.70437622070312,5029334,WIPRO
2019-05-22,131.75026219137337,131.9797922648775,128.99590130932373,129.95993041992188,15300108,WIPRO
2019-05-23,131.10756975508656,131.24528218383935,129.22542050884977,129.54676818847656,9712568,WIPRO
2019-05-24,130.32716313985426,130.46488957924913,128.5368315029438,129.86810302734375,9855298,WIPRO
2019-05-27,130.37308321322138,130.4189920303181,128.6286602387779,128.76637268066406,10900622,WIPRO
2019-05-28,128.99586435333475,131.17639942692315,128.3761305305402,129.8910369873047,88274856,WIPRO
2019-05-29,130.60257999568034,132.43882013621715,130.14351996054614,131.15345764160156,11011746,WIPRO
2019-05-30,131.29118463728162,133.12742498185898,131.06165459420944,132.2093048095703,23151914,WIPRO
2019-05-31,132.27817825345844,133.12744232534573,130.8321415955984,131.47482299804688,14648962,WIPRO
2019-06-03,132.43881963911522,134.0684771539646,131.86499459735128,133.72418212890625,11706676,WIPRO
2019-06-04,134.96368777011304,135.85886069071736,133.49468964640448,134.8489227294922,22163334,WIPRO
2019-06-06,134.96367507856053,135.23911395203004,133.58649472061603,133.81602478027344,17201760,WIPRO
2019-06-07,134.27511129788613,135.8359132085274,134.0455811931034,135.44570922851562,13569768,WIPRO
2019-06-10,135.76701537270324,136.79990052769423,135.652250355482,136.38674926757812,14963786,WIPRO
2019-06-11,136.34085324561656,137.48850352546182,135.92770194675285,136.66220092773438,14468168,WIPRO
2019-06-12,136.57036621298568,137.1671386800719,136.27197997944256,136.79989624023438,12445080,WIPRO
2019-06-13,136.79988404547325,137.21303525581115,136.40968023205417,136.98350524902344,10004562,WIPRO
2019-06-14,137.1442126316428,138.45253679251988,136.79991753717005,137.1671600341797,15931606,WIPRO
2019-06-17,137.71800839108448,138.0623034120622,137.1900921607987,137.3278045654297,12357208,WIPRO
2019-06-18,137.48848632198053,137.94754637647796,135.88177613123952,136.79989624023438,16803584,WIPRO
2019-06-19,137.2589556459857,137.35077326021164,134.11439148566066,134.98660278320312,23805922,WIPRO
2019-06-20,130.39600948880022,132.11748478046403,129.6385631623485,131.727294921875,19120844,WIPRO
2019-06-21,131.75025214234248,133.12743247832515,130.46488943251978,131.2223358154297,12954516,WIPRO
2019-06-24,131.06166268132242,132.025691723591,129.98286861043619,130.32716369628906,6343478,WIPRO
2019-06-25,130.37306088219657,131.4288934475523,129.38608452598984,130.96983337402344,5619496,WIPRO
2019-06-26,130.90100148668415,132.2093257412124,130.62556258950912,131.3600616455078,4663538,WIPRO
2019-06-27,131.91091997029494,132.11748860563426,128.8581731665726,129.5008544921875,10178400,WIPRO
2019-06-28,130.28126557902792,130.28126557902792,128.53684260458445,128.76637268066406,6298778,WIPRO
2019-07-01,129.27130433113533,130.09760676271858,128.9729181202525,129.45492553710938,3471842,WIPRO
2019-07-02,129.661536135189,130.83213383415443,129.31724104615176,130.4878387451172,5218738,WIPRO
2019-07-03,130.78623679168996,131.1075845074752,129.47791253371335,129.8451690673828,2516552,WIPRO
2019-07-04,129.91401058379907,130.78622198725145,129.4549504757291,130.30421447753906,3256662,WIPRO
2019-07-05,130.3730716309341,130.62554908843006,124.40529018303923,124.79549407958984,9170926,WIPRO
2019-07-08,122.91335150076398,124.52006197789815,122.13294366525166,122.52314758300781,7149570,WIPRO
2019-07-09,122.79858289240893,124.29052829203633,121.30663749278153,121.88046264648438,5240124,WIPRO
2019-07-10,121.51321916289376,123.71670213141753,120.87052378845486,122.54610443115234,5561126,WIPRO
2019-07-11,122.79856506404644,123.94621520483193,122.15588378708681,122.913330078125,5383786,WIPRO
2019-07-12,123.02809950509554,123.32648575052234,118.46044617717182,118.87361145019531,15190556,WIPRO
2019-07-15,119.35561644980868,120.27373657634567,117.47346738852758,119.30970764160156,9494898,WIPRO
2019-07-16,118.89656125582182,120.59508916323718,117.63414603013258,119.35562133789062,9723314,WIPRO
2019-07-17,120.2737384373237,120.64098088986024,118.4834069647553,119.1719970703125,11637538,WIPRO
2019-07-18,119.81469128198661,125.85132905619076,119.14904850443658,123.5330810546875,42054706,WIPRO
2019-07-19,123.53306799385743,123.78554542932231,120.96232879259,121.5132064819336,8459390,WIPRO
2019-07-22,121.9263613931207,122.24769504701966,120.45736351717629,121.5591049194336,8839780,WIPRO
2019-07-23,121.60501558308547,123.94622485443865,121.1000466799462,121.42139434814453,9361236,WIPRO
2019-07-24,121.42138856475674,122.04112246139101,120.27373838928645,121.28367614746094,4498944,WIPRO
2019-07-25,121.85749414177688,121.85749414177688,120.04420136632638,120.38849639892578,9982362,WIPRO
2019-07-26,120.36557361448659,121.53617136094387,119.72287821468676,121.00825500488281,5438744,WIPRO
2019-07-29,120.73280580410855,122.63790240940317,119.47039053429373,120.45736694335938,5764526,WIPRO
2019-07-30,120.68688444979944,121.55909574369022,119.81467315590864,120.41144561767578,4830174,WIPRO
2019-07-31,120.50328016529876,122.24770299821621,119.60810733745252,121.78864288330078,5698432,WIPRO
2019-08-01,124.63482122330572,126.76944795618894,123.2805882802858,124.12985229492188,35302414,WIPRO
2019-08-02,123.90032231479864,124.35938243008832,120.13603777506519,121.03119659423828,9957332,WIPRO
2019-08-05,119.88354640497687,121.83455189656846,119.49334250477796,120.27375030517578,7665468,WIPRO
2019-08-06,120.27374368416369,120.59509135120285,118.34568570073303,118.85065460205078,7906452,WIPRO
2019-08-07,118.8965494445231,121.30661463596614,118.8965494445231,120.52620697021484,7992066,WIPRO
2019-08-08,120.73281624938448,122.56905680070592,119.97536982384511,121.99523162841797,7250870,WIPRO
2019-08-09,122.10997620207988,123.34944397029759,120.6639398120934,120.96232604980469,7060998,WIPRO
2019-08-13,121.60501985432224,121.60501985432224,118.43750790977847,118.66703796386719,4380900,WIPRO
2019-08-14,119.26380077998664,119.40152720685593,114.87978270797826,115.24703216552734,8706726,WIPRO
2019-08-16,114.76503087180039,115.22409099528758,112.49268466147906,114.39778137207031,9944870,WIPRO
2019-08-19,114.90273255766765,116.23400390822256,114.7650131409584,115.72904205322266,5540152,WIPRO
2019-08-20,116.27992248535156,118.94247241487287,115.774953583223,116.27992248535156,15930242,WIPRO
2019-08-21,116.37173680147964,117.01441814761517,115.26999534961836,115.86676788330078,6826530,WIPRO
2019-08-22,115.68316131351868,116.37175155943248,114.07645073971982,115.70611572265625,6739804,WIPRO
2019-08-23,116.11925177569813,118.02435540798342,114.5584502257282,115.40770721435547,9793938,WIPRO
2019-08-26,115.86675259159016,116.11923701735753,113.77803498996106,114.35186004638672,6529420,WIPRO
2019-08-27,114.16824003250984,115.52246586208305,113.43374811030618,114.81092834472656,8045102,WIPRO
2019-08-28,114.81093447997142,116.23401659543168,113.89281427462883,114.42073059082031,5363314,WIPRO
2019-08-29,113.410801909632,114.87979286500749,113.410801909632,114.21415710449219,5438102,WIPRO
2019-08-30,114.81092885085317,117.1750854618165,114.3748161709368,116.78488159179688,8368026,WIPRO
2019-09-03,116.64716490767383,117.22098998690342,115.93562040848899,116.44058227539062,4411118,WIPRO
2019-09-04,115.4536101206091,117.90958435050243,115.3617995055488,117.54232788085938,6606662,WIPRO
2019-09-05,118.85065471998004,118.85065471998004,116.83079312210695,117.33576202392578,8811234,WIPRO
2019-09-06,117.22099000072507,118.11614871878798,114.21414518426727,115.68313598632812,22872104,WIPRO
2019-09-09,115.407704038582,117.56529206935231,114.92569654694715,117.33576202392578,11581912,WIPRO
2019-09-11,116.60126049960283,117.06032058030992,113.548513764781,113.91575622558594,19598224,WIPRO
2019-09-12,112.79105407859362,114.07642363314665,112.01065338626873,112.26313781738281,9329514,WIPRO
2019-09-13,112.46971253275493,113.57145385364458,111.64340303973745,112.63038635253906,7620240,WIPRO
2019-09-16,112.5156261959561,113.77804139111608,112.05656612498885,113.43374633789062,7950382,WIPRO
2019-09-17,113.36488314974021,113.57145878078146,111.87293791876345,112.07951354980469,6329530,WIPRO
2019-09-18,112.65333833885624,112.90582277821288,111.68931639499559,112.14837646484375,5052560,WIPRO
2019-09-19,112.58448959729687,112.85992845935424,110.28918909582292,110.8630142211914,5137674,WIPRO
2019-09-20,111.04662807048133,114.1682379457169,110.40394677471258,112.90582275390625,12392500,WIPRO
2019-09-23,113.70918522497853,113.84690465574427,108.56771351243354,109.87603759765625,13553962,WIPRO
2019-09-24,110.58756103447237,111.52863551911739,109.94487977918814,110.4957504272461,11536662,WIPRO
2019-09-25,110.40395116369672,110.79415504037605,109.25630094369987,109.62355041503906,7209996,WIPRO
2019-09-26,109.8071538447175,110.38097886167851,108.59064761064015,108.84313201904297,10777480,WIPRO
2019-09-27,108.98085940093925,109.71535832550079,108.24636748107861,108.61361694335938,6383350,WIPRO
2019-09-30,108.79724142986433,110.47280795802189,108.22341631683761,110.08261108398438,6597906,WIPRO
2019-10-01,110.17441155313169,110.38098717385373,106.59374177671482,107.19052124023438,8754660,WIPRO
2019-10-03,107.51187190343214,109.99080059747232,106.75442555521774,108.26932525634766,9570460,WIPRO
2019-10-04,109.25630310926879,110.58757458897183,108.4529479393477,109.11858367919922,5951042,WIPRO
2019-10-07,109.27925815888436,111.27616539020374,108.42999417236956,108.82019805908203,4447336,WIPRO
2019-10-09,109.83013068839955,109.99080452785978,108.521806580513,109.14154052734375,4556276,WIPRO
2019-10-10,109.14153135441977,109.99079528355844,108.24636562122272,109.80716705322266,4135724,WIPRO
2019-10-11,108.79724022699878,110.35804171529473,108.56771018432579,109.92193603515625,5316578,WIPRO
2019-10-14,110.08261216630594,112.40086704666692,109.25630259448306,111.7581787109375,7184274,WIPRO
2019-10-15,112.4467627070679,112.69924714642163,109.83012170990376,111.84998321533203,17103786,WIPRO
2019-10-16,112.88288278601185,115.54543293201024,112.01067134382178,114.26006317138672,32571658,WIPRO
2019-10-17,114.26004548139676,114.83387055312876,113.20421295317033,113.77803802490234,10324480,WIPRO
2019-10-18,113.77805564026684,115.08637280355197,113.77805564026684,114.26006317138672,5528778,WIPRO
2019-10-22,114.30595908815091,116.80783510500359,113.4337477443787,116.39468383789062,12546576,WIPRO
2019-10-23,116.05039544183585,117.312810725113,114.78798015855871,116.7619400024414,5348508,WIPRO
2019-10-24,116.55535849823673,116.69307793143392,114.39777739381839,114.58140563964844,7834196,WIPRO
2019-10-25,115.70610619516742,116.37174197713378,114.19120637795672,116.1422119140625,6530578,WIPRO
2019-10-27,116.85374053525635,117.17508117868479,116.1421960360715,116.44058227539062,630698,WIPRO
2019-10-29,116.44059319046305,117.47347842989839,115.77495743710055,117.15213775634766,6382884,WIPRO
2019-10-30,118.43749418998021,119.76876554759977,116.32581513510034,116.94554901123047,8119090,WIPRO
2019-10-31,116.6012509853777,119.35561124487481,116.50944037766787,119.03426361083984,6992524,WIPRO
2019-11-01,119.44742763553936,119.8146700626224,117.86366489876744,118.71292877197266,5061842,WIPRO
2019-11-04,119.03427653861584,119.676971876486,117.40461881185057,117.7948226928711,3841070,WIPRO
2019-11-05,118.11616023029318,119.08018925934634,116.92260815185266,118.66703796386719,3169448,WIPRO
2019-11-06,118.89656041298117,119.10314305220848,117.54232757671738,117.90958404541016,3255238,WIPRO
2019-11-07,117.97843988589375,119.58515015671331,117.7948186568233,119.1949462890625,4253934,WIPRO
2019-11-08,119.4244705065455,119.72285674041572,117.40460906642275,117.70299530029297,3079708,WIPRO
2019-11-11,118.07025482805841,118.20796724438837,116.32581816793724,117.72595977783203,3804758,WIPRO
2019-11-13,118.11615430352171,118.89656205202554,115.7519976669159,116.1881103515625,3722946,WIPRO
2019-11-14,116.60126040314356,116.94555546338906,115.4077013924121,116.02743530273438,5796412,WIPRO
2019-11-15,116.60125887576046,116.6930694896831,115.52246489924218,115.93562316894531,2425834,WIPRO
2019-11-18,115.912677457211,115.912677457211,113.98462640143727,114.51254272460938,5756874,WIPRO
2019-11-19,113.93872328601377,115.2929492735767,113.70919322016574,114.94865417480469,4061312,WIPRO
2019-11-20,115.5683873393735,115.5683873393735,114.03053310715757,114.26006317138672,2988298,WIPRO
2019-11-21,114.03052432994741,114.5354932342635,113.38784300145525,113.64032745361328,3488196,WIPRO
2019-11-22,111.68932190906604,112.76810892364816,111.13845119899209,111.5975112915039,8183112,WIPRO
2019-11-25,111.57455963073988,111.91885470859361,110.77120444908117,111.55160522460938,3782394,WIPRO
2019-11-26,112.102475263326,112.28610350654685,108.56771388656416,109.04972839355469,15380804,WIPRO
2019-11-27,109.71536555271682,110.58757695397503,109.2792598520877,110.19738006591797,3894494,WIPRO
2019-11-28,110.15146729566715,110.40395174633912,109.37106654289104,110.08261108398438,3198740,WIPRO
2019-11-29,110.19737770925946,110.72529401904141,108.72838679948683,109.11858367919922,5333922,WIPRO
2019-12-02,109.37106445079552,110.03670016823374,108.13160363130697,109.53173828125,7259920,WIPRO
2019-12-03,109.4858298174648,109.4858298174648,108.06274075799892,108.70542907714844,5730370,WIPRO
2019-12-04,108.61362428902785,111.43684114964078,108.56771547637506,111.18435668945312,6671932,WIPRO
2019-12-05,111.4138875816942,112.4238184253431,110.67939560663199,111.8729476928711,5226290,WIPRO
2019-12-06,111.87294475338905,112.2401942336213,110.33509762417448,110.63348388671875,2735116,WIPRO
2019-12-09,110.54166808982221,110.93186495297157,109.53173732001679,110.35803985595703,2414590,WIPRO
2019-12-10,110.35804236362378,110.35804236362378,108.84314967684318,109.32515716552734,4411226,WIPRO
2019-12-11,109.09563160650085,110.54167514610432,108.49885907127225,110.19738006591797,4775320,WIPRO
2019-12-12,110.33509431478824,110.74824558971922,109.57764097114675,109.92193603515625,2811896,WIPRO
2019-12-13,111.0925390311492,112.40086305715674,110.17441887386698,111.94180297851562,8623666,WIPRO
2019-12-16,111.96475558524507,113.1124058352156,111.36798305902137,111.6204605102539,5685154,WIPRO
2019-12-17,112.12543514824497,112.90583595713892,111.80409446278296,112.35496520996094,4422758,WIPRO
2019-12-18,112.85992334679182,114.71911106500339,112.69924951708668,113.984619140625,10598214,WIPRO
2019-12-19,114.12234950079895,115.06341715018642,113.68623677972482,114.39778137207031,4968422,WIPRO
2019-12-20,113.8469092620182,116.50945934731214,113.5255685803641,115.59133911132812,10423252,WIPRO
2019-12-23,116.05039516003856,116.92260655175888,115.49952443870461,116.53240966796875,3701304,WIPRO
2019-12-24,116.1421923755536,116.57829802108299,115.26998108449486,115.79789733886719,3088960,WIPRO
2019-12-26,115.683133539519,115.8667547591301,114.5584378088249,114.9027328491211,4052868,WIPRO
2019-12-27,114.76502328082515,115.10931835066762,113.08945674280555,113.64032745361328,5022240,WIPRO
2019-12-30,114.0534671081858,114.55843596102206,113.2042102253072,114.28299713134766,4333614,WIPRO
2019-12-31,113.70917880603928,114.12233707501352,112.60743743150964,112.83696746826172,4329828,WIPRO
2020-01-01,113.1583044405048,114.14528076457623,113.02058502199003,113.70917510986328,2827732,WIPRO
2020-01-02,113.20421840641632,114.71911106500339,113.08945338654148,113.984619140625,2887932,WIPRO
2020-01-03,114.53549766378283,116.00448861764858,113.54852122727809,115.2699966430664,6762808,WIPRO
2020-01-06,115.22408259970315,116.8078385093963,114.83387872128986,115.75199890136719,9133390,WIPRO
2020-01-07,116.25697194977731,117.68006108154653,114.85683722426914,117.15213775634766,8805574,WIPRO
2020-01-08,116.60124880131973,117.588225073939,115.93561315201603,116.96849822998047,5588820,WIPRO
2020-01-09,116.7160211153011,117.74890625791438,115.98152221200695,116.44058227539062,4990046,WIPRO
2020-01-10,116.5783054044252,117.15213050191174,115.22407957529714,115.56837463378906,4113154,WIPRO
2020-01-13,116.60124880131973,118.391580134578,116.07333256335133,116.96849822998047,13927198,WIPRO
2020-01-14,117.90957764410125,118.5981677249396,116.853738119209,118.07025146484375,14593554,WIPRO
2020-01-15,116.60125769301123,117.51937783232628,113.20421597942587,113.96166229248047,20280902,WIPRO
2020-01-16,113.84689996783743,115.95857914008899,113.38783988732196,114.97159576416016,17623672,WIPRO
2020-01-17,115.68314794097505,116.55535934976056,114.6043538785338,115.2699966430664,8281636,WIPRO
2020-01-20,115.13227829283325,115.13227829283325,113.4796590762365,113.84690856933594,3817166,WIPRO
2020-01-21,113.8009887909038,113.93870821313413,112.92877745794632,113.43374633789062,3015884,WIPRO
2020-01-22,114.1223395458752,115.66018662258955,112.65334167509599,112.85992431640625,6800848,WIPRO
2020-01-23,113.13535064147673,114.35186400604353,112.6303887771571,114.1682357788086,3393088,WIPRO
2020-01-24,114.60611531398995,114.97484744450216,113.49992595543372,114.12216186523438,3421554,WIPRO
2020-01-27,114.26041402631662,114.26041402631662,112.80853982036982,113.08509063720703,3306994,WIPRO
2020-01-28,113.33859401659383,113.43078231628374,111.44885343360775,112.48590850830078,4272362,WIPRO
2020-01-29,112.73941623751288,114.02996808287085,112.1171803575881,113.73037719726562,4009378,WIPRO
2020-01-30,114.12214743697264,114.12214743697264,110.71138445217693,110.94184112548828,4294930,WIPRO
2020-01-31,109.69738941324867,110.22743701108692,108.31464921056066,109.14429473876953,11107276,WIPRO
2020-02-03,109.55910518871048,110.68834152363114,108.42986885378981,109.42082977294922,8463660,WIPRO
2020-02-04,110.15830191811712,111.1953570616977,109.65129436806336,110.73444366455078,6329512,WIPRO
2020-02-05,111.35667437778822,112.00195029055001,109.37474545576273,111.65626525878906,7751206,WIPRO
2020-02-06,111.88672495338444,113.3616463886044,111.37971741331813,112.30154418945312,6112396,WIPRO
2020-02-07,113.84561429746364,113.84561429746364,111.97891354712367,112.43982696533203,5519024,WIPRO
2020-02-10,113.1081372474201,113.22336558896515,110.36570412524411,111.03402709960938,4517992,WIPRO
2020-02-11,110.87270508692093,111.95584721362576,110.52702008272121,111.19534301757812,5460620,WIPRO
2020-02-12,111.40276859267047,113.91474524356715,111.40276859267047,112.67028045654297,6838800,WIPRO
2020-02-13,113.29251486563052,113.29251486563052,111.77149924253807,112.34764099121094,4829910,WIPRO
2020-02-14,112.37067492415959,113.08509201554722,111.54102949651524,111.95584869384766,3619586,WIPRO
2020-02-17,111.95586310836828,112.9237840707382,111.51799678081252,112.37068939208984,2035556,WIPRO
2020-02-18,112.34763309174575,112.85464060812095,111.19534967542015,112.48590850830078,2505274,WIPRO
2020-02-19,112.6933274968672,114.46784691890574,112.6933274968672,114.12216186523438,3570768,WIPRO
2020-02-20,114.30652404842942,114.5600278269071,112.96987799170043,113.24642181396484,4241614,WIPRO
2020-02-24,112.92377819244082,114.2143370640933,111.72540059026781,112.55504608154297,7043950,WIPRO
2020-02-25,112.53199695139386,113.68428038129952,111.74844562565401,112.50895690917969,5059572,WIPRO
2020-02-26,112.02500152426491,112.20936406818892,109.88175002800213,110.5731201171875,7988388,WIPRO
2020-02-27,110.13525251256058,110.13525251256058,106.24053579562921,106.74754333496094,9733628,WIPRO
2020-02-28,105.31870015786593,105.77961350647804,101.2626612834835,102.06925964355469,11274618,WIPRO
2020-03-02,104.07424311977101,104.62733777188097,100.66347987129609,101.7696762084961,11532350,WIPRO
2020-03-03,103.2446063044788,104.07425186887878,101.6775034862638,103.10633087158203,10346226,WIPRO
2020-03-04,103.65941282954346,105.89484545984195,102.53017649347734,105.48002624511719,9036356,WIPRO
2020-03-05,105.57220478838737,107.80763032804813,105.38783522761415,105.87179565429688,5941556,WIPRO
2020-03-06,103.70551633031691,104.16642973622943,102.57627989242732,103.03719329833984,5868566,WIPRO
2020-03-09,101.4931310207656,101.86186315370996,98.17455589022725,98.81983184814453,17462228,WIPRO
2020-03-11,93.88805218633676,98.81982384525075,93.88805218633676,98.22064208984375,12270332,WIPRO
2020-03-12,94.02632543386383,95.38601843917915,91.03038859405936,91.76785278320312,10764010,WIPRO
2020-03-13,91.72177062097089,94.23374735449683,78.00959636984585,90.98430633544922,13043196,WIPRO
2020-03-16,89.39415088214592,89.39415088214592,82.29608746565702,82.84918212890625,11201148,WIPRO
2020-03-17,82.29607973486738,85.52247317254813,78.7009542119986,79.78410339355469,12175374,WIPRO
2020-03-18,81.4433791474307,82.27302449854967,77.66389147342083,78.33221435546875,12733198,WIPRO
2020-03-19,76.05070222382626,78.97750478926837,73.46958466849247,74.82928466796875,11980172,WIPRO
2020-03-20,75.1749786839543,85.63771150339316,74.89842782954535,82.5956802368164,20319490,WIPRO
2020-03-23,76.05071428891709,81.58167532811106,76.05071428891709,78.4244155883789,10720786,WIPRO
2020-03-24,77.66389399005337,83.77099544624451,77.4564844037974,81.28206634521484,12061562,WIPRO
2020-03-25,81.76603170653219,86.65171640196256,78.4474567402871,80.49851989746094,13456292,WIPRO
2020-03-26,81.5586161070505,86.0986154306092,79.50755310033347,84.16278076171875,10247690,WIPRO
2020-03-27,84.41628370312745,87.34308651292682,83.65577943058689,84.57760620117188,13535120,WIPRO
2020-03-30,83.47141706393204,86.37516577095302,82.66481863798619,84.877197265625,7334804,WIPRO
2020-03-31,86.1908081735912,92.09050126265771,85.56857225326343,90.66166687011719,10615252,WIPRO
2020-04-01,90.2007478160512,90.2007478160512,86.19080278300987,87.34308624267578,9875668,WIPRO
2020-04-03,86.6517079671224,87.38917212471522,81.92734622955322,82.96440124511719,13147474,WIPRO
2020-04-07,86.76693369813422,88.8179965940972,84.37018580735797,88.44926452636719,9562862,WIPRO
2020-04-08,88.26491085908488,92.18267452645941,87.02044615957367,88.91018676757812,10275308,WIPRO
2020-04-09,91.44521826509919,93.54237569944844,89.90116255236596,90.66166687011719,6930346,WIPRO
2020-04-13,91.26085827786497,91.26085827786497,84.30106273742136,87.20481872558594,12384376,WIPRO
2020-04-15,87.5966031524536,89.23284731725974,85.63772097713186,85.98340606689453,22652006,WIPRO
2020-04-16,82.9644077486216,87.4583131683386,82.9644077486216,86.58258056640625,43380846,WIPRO
2020-04-17,88.72583501479205,89.30197680060239,85.52248809228273,86.19081115722656,13212894,WIPRO
2020-04-20,87.1126413291576,87.1126413291576,83.0335545172189,83.47142791748047,16203026,WIPRO
2020-04-21,82.50347901241656,82.91829816074004,80.10673130803707,82.06561279296875,18086618,WIPRO
2020-04-22,81.58167955723106,82.73396316679647,80.68289974836624,82.29609680175781,10621898,WIPRO
2020-04-23,82.68785662239982,84.16278504808085,81.62776148678901,83.37922668457031,11104460,WIPRO
2020-04-24,82.94136865367673,83.33314787448907,81.65080966903801,81.92736053466797,9282278,WIPRO
2020-04-27,82.96442015890094,84.30106633715748,80.89030965492842,83.90929412841797,18283250,WIPRO
2020-04-28,83.9323223385237,84.32409445918925,82.04257482432226,82.82612609863281,13329834,WIPRO
2020-04-29,83.01050320435425,84.09364543608886,82.68785820943151,83.26399993896484,10060582,WIPRO
2020-04-30,85.26898021183946,88.77192491481532,84.60065717893735,88.01141357421875,17667854,WIPRO
2020-05-04,85.03851750248512,88.17272985226214,84.37019451678516,87.59658813476562,17140740,WIPRO
2020-05-05,88.24187569868393,89.41720636419086,83.97842642616452,84.90025329589844,13864778,WIPRO
2020-05-06,85.59161603236002,86.6517182473007,83.42532448277356,86.21385192871094,10885580,WIPRO
2020-05-07,84.80805471746874,85.45333058147509,83.51749595647658,84.8541488647461,11402138,WIPRO
2020-05-08,85.36116200641023,85.7298941404923,84.13974428480508,84.80806732177734,8227344,WIPRO
2020-05-11,85.26897457713864,87.55049438220121,84.85415535184725,85.13069915771484,8787666,WIPRO
2020-05-12,84.90024593996135,86.6517182473007,84.16278872785759,86.21385192871094,7030818,WIPRO
2020-05-13,88.26491775898658,88.26491775898658,85.33811480078361,87.43527221679688,10560968,WIPRO
2020-05-14,85.15375476755122,86.35213247869008,84.3932504339697,85.72989654541016,10324394,WIPRO
2020-05-15,85.72988166468903,85.72988166468903,84.18581915484828,84.71587371826172,6849030,WIPRO
2020-05-18,83.90928987216574,85.26898306031518,82.78005339499015,83.97842407226562,14454486,WIPRO
2020-05-19,84.00147060308132,85.72989592413238,82.0425885725568,84.992431640625,11486668,WIPRO
2020-05-20,85.26896534683158,85.68378452721907,83.97840662687828,85.24591827392578,15415706,WIPRO
2020-05-21,84.53151006301462,88.35709247763958,84.53151006301462,87.15872192382812,14258230,WIPRO
2020-05-22,87.13567219668798,87.96531765206555,85.93729464636706,87.11262512207031,9177652,WIPRO
2020-05-26,87.11262040845224,89.04845501093308,85.59160499472466,87.02043914794922,11822268,WIPRO
2020-05-27,87.38918140888308,94.7177014842537,86.51344174958118,92.75881958007812,36165936,WIPRO
2020-05-28,93.79586712630052,93.79586712630052,90.3620640607051,91.8830795288086,24695246,WIPRO
2020-05-29,91.88308349812516,99.05028080452632,90.40815508171471,98.08236694335938,61260422,WIPRO
2020-06-01,99.32684017055502,101.86186393360863,98.35891919328779,99.11943054199219,26749248,WIPRO
2020-06-02,99.14246653035865,100.73261621546062,97.22967186693415,99.48815155029297,12812554,WIPRO
2020-06-03,99.60337022966031,100.2255989854038,97.04529992365958,97.41403198242188,16844202,WIPRO
2020-06-04,97.41405809128689,101.37790944467842,96.8609563384119,99.67253112792969,14794936,WIPRO
2020-06-05,101.40094029017857,101.5161686314174,99.09637346540178,100.82479858398438,14491168,WIPRO
2020-06-08,100.9400368326756,104.76561954388909,99.48816240375398,104.37384033203125,24427392,WIPRO
2020-06-09,103.29069389690221,104.3047019520829,100.08734019808705,100.64044189453125,15690504,WIPRO
2020-06-10,101.40094387915826,101.88490433608662,99.37292781476712,100.01820373535156,14787292,WIPRO
2020-06-11,100.01820379321036,100.31779467801643,97.87495938226216,98.12845611572266,12497490,WIPRO
2020-06-12,95.86998483809168,96.5613549210587,95.08643348399178,95.82389068603516,12418688,WIPRO
2020-06-15,97.69058899327062,100.4330221838872,95.93911675148003,98.54328155517578,28511450,WIPRO
2020-06-16,100.22562449472487,100.43303413276239,96.6074582692369,97.89801025390625,15921712,WIPRO
2020-06-17,97.71363344760144,100.82479866350384,97.27576715714447,100.38693237304688,27938908,WIPRO
2020-06-18,99.92601946477703,101.07830288334462,98.935051505021,100.54824829101562,12408426,WIPRO
2020-06-19,100.479116967945,103.29069140271713,99.0963768261843,102.34581756591797,22447354,WIPRO
2020-06-22,101.93098630866673,102.20753713665906,99.92601742115144,100.50215911865234,12961806,WIPRO
2020-06-23,99.09638003569422,102.46104922954873,98.17455324466451,101.67749786376953,14850298,WIPRO
2020-06-24,103.24460349700401,103.24460349700401,100.27171341897655,100.57130432128906,16492172,WIPRO
2020-06-25,99.9951625607031,102.32277668006647,99.23465824992182,100.57130432128906,10193692,WIPRO
2020-06-26,101.07831109348736,106.01008311894661,100.61739768862238,103.91292572021484,38389012,WIPRO
2020-06-29,102.34580630391018,104.12031840411657,100.80174383565878,101.26265716552734,13374148,WIPRO
2020-06-30,101.21658398015708,102.29972623460559,100.47911973769747,101.2396240234375,11001386,WIPRO
2020-07-01,101.86186877775953,102.50714477130411,100.64045099248551,100.96308898925781,7905234,WIPRO
2020-07-02,101.86185534763054,103.91291844916557,101.19353236393664,103.33677673339844,14359882,WIPRO
2020-07-03,103.33679140912075,105.31872059942604,102.62237417351314,103.61334228515625,10838912,WIPRO
2020-07-06,104.12032869968631,104.74256456972817,102.13840681165959,102.62236022949219,15175628,WIPRO
2020-07-07,102.87587243218559,105.27262077452167,102.32277774287427,103.659423828125,18235138,WIPRO
2020-07-08,104.46600974319759,104.94997017553457,102.5532221213177,102.82977294921875,14152368,WIPRO
2020-07-09,103.35982245442298,103.52114494591613,101.23961815498647,102.1384048461914,13417996,WIPRO
2020-07-10,101.86185083678758,102.99108714308817,101.17048080848359,102.36885833740234,9097518,WIPRO
2020-07-13,103.22154688244197,105.5491607867367,102.57627098340058,104.90388488769531,24694620,WIPRO
2020-07-14,105.27261571708135,106.79363131435122,103.29069376167841,103.70551300048828,27877134,WIPRO
2020-07-15,108.77556229000653,123.84743608115019,108.31464889047261,121.10499572753906,260735176,WIPRO
2020-07-16,120.98975425308896,123.7321943092093,117.55595120564483,120.71320343017578,104555854,WIPRO
2020-07-17,119.19220497956057,121.61200026716085,118.45474074538555,120.459716796875,37713024,WIPRO
2020-07-20,120.45970775423365,126.08284222753626,119.37655856028248,124.8153305053711,42789980,WIPRO
2020-07-21,128.36437548845274,129.79320977027743,124.17006094475833,125.06884765625,65998100,WIPRO
2020-07-22,125.57585559686457,125.76021813506986,121.51980942654812,122.60295867919922,25167708,WIPRO
2020-07-23,123.66304559449688,123.73219384943759,121.01279384451529,122.87950134277344,20736656,WIPRO
2020-07-24,123.06385943098674,125.27623779437384,122.39552947436012,124.7000961303711,44244246,WIPRO
2020-07-27,124.70010924729408,125.92154095622642,123.13300656955833,123.91656494140625,27980494,WIPRO
2020-07-28,124.1239592965175,127.55776937398029,124.1239592965175,126.95858764648438,28087614,WIPRO
2020-07-29,126.19808327363441,128.13392517971218,125.52976728331664,127.67301177978516,21567278,WIPRO
2020-07-30,129.10184206386683,132.1899533064739,129.10184206386683,130.94549560546875,51694590,WIPRO
2020-07-31,133.4805355428726,134.03362323339078,128.41048768366514,129.49363708496094,33401320,WIPRO
2020-08-03,130.4385022268999,131.26814078429055,128.8253052028923,129.77017211914062,17817526,WIPRO
2020-08-04,129.77016006545006,130.59981261174025,128.24915149619207,129.53970336914062,16239042,WIPRO
2020-08-05,129.63188488379515,131.10681328930136,127.85736560197171,128.22610473632812,14690906,WIPRO
2020-08-06,129.37839192906017,131.01462880846344,128.01869182603596,128.89442443847656,20305210,WIPRO
2020-08-07,129.5397149482721,129.90845413490385,127.39647029420897,127.85738372802734,14642400,WIPRO
2020-08-10,129.05576146914748,129.60886321611423,127.48865860735734,127.85738372802734,12621492,WIPRO
2020-08-11,128.59483355342584,131.19899134803617,128.27218855970344,128.89442443847656,20157816,WIPRO
2020-08-12,129.24010318290425,129.37838563032167,126.54375721679807,127.30427551269531,17807334,WIPRO
2020-08-13,128.08783102652734,129.90844458262336,126.65899667356143,127.67301177978516,19307912,WIPRO
2020-08-14,128.36437742705803,129.40143254092115,127.16599981562415,127.44255065917969,13163422,WIPRO
2020-08-17,128.41049637857856,132.00561584124586,127.97262295288573,129.95455932617188,29094008,WIPRO
2020-08-18,131.2450680972685,132.46648558419187,129.83928809521748,130.30020141601562,24108414,WIPRO
2020-08-19,131.59075766828465,131.7981742962469,128.71004931302448,128.9405059814453,18745042,WIPRO
2020-08-20,128.59483250725154,128.59483250725154,125.92154054029484,126.38245391845703,19783530,WIPRO
2020-08-21,128.57180244044315,128.57180244044315,125.69109360341906,125.99068450927734,15939272,WIPRO
2020-08-24,126.05980324556164,126.4976765614638,125.3223390605493,125.69107818603516,12309628,WIPRO
2020-08-25,126.45160022943485,126.61292274044263,124.14703311778472,124.423583984375,15592276,WIPRO
2020-08-26,124.42356507576153,126.61290349911602,123.52477841242178,125.39147186279297,19265334,WIPRO
2020-08-27,125.82936080046031,126.84337592780079,125.13799068617207,125.52976989746094,12380336,WIPRO
2020-08-28,126.61290349911602,126.75117187841788,125.0457868485791,125.39147186279297,15199568,WIPRO
2020-08-31,126.2902710563987,129.97757824052712,123.52479066830237,125.0457992553711,41141934,WIPRO
2020-09-01,124.9075387910882,128.77920876699235,123.98571193654142,125.18408966064453,24586106,WIPRO
2020-09-02,125.78326127579304,127.44255229243086,124.99971695263099,126.1520004272461,16863810,WIPRO
2020-09-03,126.98165290471556,132.67393671018831,126.52073946404509,130.36936950683594,49790330,WIPRO
2020-09-04,128.45657666633073,128.82530177848926,126.79728552969459,127.21210479736328,21415428,WIPRO
2020-09-07,127.4425439398385,128.82528401875174,125.13797714164974,128.47959899902344,16651534,WIPRO
2020-09-08,130.06975542003505,132.25909387333002,128.36437036687414,130.23106384277344,44589722,WIPRO
2020-09-09,128.96357507321383,133.41140102845344,128.36439322672697,130.36936950683594,45588720,WIPRO
2020-09-10,132.1208139511317,132.21300225099495,129.56275038846275,131.15289306640625,19035804,WIPRO
2020-09-11,130.2080092206166,137.5595820932611,130.2080092206166,135.1858673095703,83871852,WIPRO
2020-09-14,135.16284331032264,142.21481211752086,135.11674916096354,141.59259033203125,76179084,WIPRO
2020-09-15,141.59260896390637,143.45930269792862,139.541538608186,141.6617431640625,56312624,WIPRO
2020-09-16,141.50041379353496,144.49635089339807,140.14071363721283,143.87411499023438,29986974,WIPRO
2020-09-17,141.61564719977488,145.97128461147386,141.59260715533762,143.66671752929688,53623304,WIPRO
2020-09-18,144.72679073098712,147.03135746237226,143.9201923750023,145.8790740966797,36975462,WIPRO
2020-09-21,145.602549592359,149.56640789997277,142.8601231259118,143.75889587402344,45477692,WIPRO
2020-09-22,145.3721016281731,145.99433760875888,140.0946509813408,143.92022705078125,47020668,WIPRO
2020-09-23,145.18772550754798,148.32193109846932,143.4132060492635,145.11859130859375,44278872,WIPRO
2020-09-24,144.45026113830815,144.45026113830815,139.40326769444857,140.44032287597656,35838302,WIPRO
2020-09-25,141.17776527302888,145.30294572654248,140.20985840993438,144.6807098388672,44013790,WIPRO
2020-09-28,145.18773698754123,146.1095638890494,142.69880716666154,143.5975799560547,24921524,WIPRO
2020-09-29,145.1877053935876,146.82394216132212,143.11359531653636,143.5745086669922,29660738,WIPRO
2020-09-30,143.80498376256494,145.57950320231444,142.69879439296818,144.51939392089844,24786634,WIPRO
2020-10-01,145.83300319907795,146.5013332841154,143.82802700992684,144.2889404296875,18514618,WIPRO
2020-10-05,145.2799017852907,154.8668943825909,145.2799017852907,153.92202758789062,77811262,WIPRO
2020-10-06,154.40599295723987,154.54426135439925,148.87503201548802,152.1244659423828,55159848,WIPRO
2020-10-07,150.71866018452533,155.12037689686423,150.02729018367887,154.5442352294922,35479916,WIPRO
2020-10-08,161.78059971857098,169.50089899289026,159.68344942267734,165.67532348632812,214540492,WIPRO
2020-10-09,166.85066117067387,173.3495433278068,164.6613223845946,172.38162231445312,110861504,WIPRO
2020-10-12,173.76432482990998,175.0548765232182,170.12311234825742,173.99478149414062,105931918,WIPRO
2020-10-13,173.90261733481518,175.93064751424478,171.89765533054347,173.2803955078125,72176286,WIPRO
2020-10-14,168.23336776810925,168.23336776810925,160.53610942466432,161.52708435058594,148263902,WIPRO
2020-10-15,161.78062761863998,163.27859639288667,156.22662594358746,157.4480438232422,77922358,WIPRO
2020-10-16,158.04719332081078,160.44394849486702,156.0652714366196,156.54922485351562,50488458,WIPRO
2020-10-19,157.8397855614859,159.7064790407735,156.0883063560951,158.1854705810547,25693748,WIPRO
2020-10-20,158.89987436746983,161.0892127380151,157.56322849127608,159.8217010498047,33993548,WIPRO
2020-10-21,161.1353038793743,161.3657605456589,156.295713887398,158.30068969726562,19934922,WIPRO
2020-10-22,157.1714552255005,160.49003703259865,157.10232103492748,158.76161193847656,19082496,WIPRO
2020-10-23,159.89086765795753,159.98305597126708,157.30974961086943,157.81675720214844,17346096,WIPRO
2020-10-26,158.41593587907647,158.96902350090048,155.1895421875756,156.6183624267578,17390338,WIPRO
2020-10-27,155.92699099799987,156.5953210261142,152.58536898934844,153.96810913085938,19821156,WIPRO
2020-10-28,154.75169108209343,156.64143904327273,154.1294551104175,154.70559692382812,17969178,WIPRO
2020-10-29,153.78375318338286,156.7105560882227,152.63146968273418,155.5352325439453,14479922,WIPRO
2020-10-30,156.3648882534469,159.01514059672567,155.9961631190278,157.03321838378906,22991068,WIPRO
2020-11-02,157.51715067671913,157.51715067671913,153.80680352198377,154.3137969970703,9662266,WIPRO
2020-11-03,154.6364627194113,156.45707647617377,153.32285657164263,154.70559692382812,9515596,WIPRO
2020-11-04,155.788709537626,162.0340796930023,155.55825286671237,158.0702362060547,30763800,WIPRO
2020-11-05,160.37481570437703,160.85876912550526,158.57724227513486,159.19947814941406,11204872,WIPRO
2020-11-06,159.54517187445612,160.8587778881677,158.2776600143058,159.36080932617188,10915586,WIPRO
2020-11-09,161.31968859325025,162.61024047561202,159.9369484053081,162.21847534179688,14214570,WIPRO
2020-11-10,161.6653532131186,161.6653532131186,157.24058235760057,157.7706298828125,18099240,WIPRO
2020-11-11,158.784646032178,160.28261439097213,157.40190600867572,159.8217010498047,15275758,WIPRO
2020-11-12,160.39787451750783,161.64234641170077,158.69248919079334,159.2686309814453,10228848,WIPRO
2020-11-13,158.7846592880603,159.59125770244088,157.9550208310815,158.6233367919922,9455776,WIPRO
2020-11-14,160.00604782540282,160.19041033053318,158.1393546037769,159.22250366210938,1498484,WIPRO
2020-11-17,159.9369311867583,161.55012789901667,158.41592277015548,160.72048950195312,13307668,WIPRO
2020-11-18,161.20446693000932,162.4028446224525,157.5401996536075,159.1533966064453,14815616,WIPRO
2020-11-19,160.25959672825684,161.0892352318218,157.44802214134762,157.908935546875,22113702,WIPRO
2020-11-20,158.46202009756448,160.6283186875978,157.65542165365258,159.6143035888672,12362786,WIPRO
2020-11-23,160.39787888899724,164.73046245958807,159.47605199883057,164.01605224609375,20666694,WIPRO
2020-11-24,165.46791804188916,166.5741074384477,163.6242643589712,163.85472106933594,20184882,WIPRO
2020-11-25,164.96088426304982,165.37570346262305,161.1122549980932,161.31967163085938,13624676,WIPRO
2020-11-26,161.78058033708228,164.26950952907643,160.02911529314977,163.5550994873047,14732740,WIPRO
2020-11-27,163.55513185378928,164.77654961818635,160.32873787525136,161.55015563964844,24804168,WIPRO
2020-12-01,162.56415133010836,163.11723893488877,159.5912544653093,162.63328552246094,21387134,WIPRO
2020-12-02,163.3707578051939,166.06708990196998,163.25552945692277,165.42181396484375,18868154,WIPRO
2020-12-03,167.7724626915607,167.7724626915607,165.0069825373042,166.06707763671875,21394090,WIPRO
2020-12-04,166.4358288440443,167.03501062790687,165.46790790660742,166.29754638671875,14854786,WIPRO
2020-12-07,166.8506688836501,167.19635397111622,164.77655835885335,165.2144317626953,16784766,WIPRO
2020-12-08,166.06708431328735,168.233382814266,165.19135170909004,167.6342010498047,23626602,WIPRO
2020-12-09,169.50089973799874,169.50089973799874,164.77653747473707,165.6983642578125,36275376,WIPRO
2020-12-10,164.17736021964004,165.00699872090271,162.58720334859896,164.03907775878906,13794794,WIPRO
2020-12-11,164.73043591994266,165.92881349728165,162.5410974085202,162.93287658691406,11727232,WIPRO
2020-12-14,162.93288358306324,163.4168370168268,159.98304069630737,161.0200958251953,23003678,WIPRO
2020-12-15,160.99701615833862,163.11722023179286,160.1673778133148,162.5641326904297,14463562,WIPRO
2020-12-16,163.11725016450694,165.44487128432465,162.7946192226638,165.1913604736328,13332544,WIPRO
2020-12-17,165.1913548205934,165.5831340121022,163.854708813646,164.49998474121094,8330742,WIPRO
2020-12-18,165.4448579915613,168.6021032890136,164.7765279859338,167.56504821777344,34796162,WIPRO
2020-12-21,167.0810929060407,169.36261966314146,160.55917167890024,163.14028930664062,19330126,WIPRO
2020-12-22,163.16333255293694,168.55602459420604,161.06618235130992,167.86465454101562,16372078,WIPRO
2020-12-23,172.38161031501298,178.6500353214783,171.32151512929954,177.7051544189453,89748866,WIPRO
2020-12-24,178.11999961988346,178.23522797671714,174.5248664470958,176.16111755371094,24480344,WIPRO
2020-12-28,176.73724493481072,178.0969309950646,176.06891489325582,176.48373413085938,9451758,WIPRO
2020-12-29,176.99074675324675,179.98668387276786,176.57592750373598,177.45166015625,22918252,WIPRO
2020-12-30,177.4516607191526,178.18912497948932,176.43764560294454,177.17510986328125,14376870,WIPRO
2020-12-31,175.7001944600716,178.6500374195332,175.7001944600716,178.02780151367188,12789210,WIPRO
2021-01-01,177.47466857822724,180.1018801336231,177.47466857822724,178.88046264648438,10084672,WIPRO
2021-01-04,179.75621197091283,183.42047884131912,178.74219694366744,182.7060546875,19511442,WIPRO
2021-01-05,181.64595430669044,188.88228547241292,181.36940348310506,187.2690887451172,50313494,WIPRO
2021-01-06,186.6699096600076,192.38523247591223,185.886351326409,187.315185546875,44972600,WIPRO
2021-01-07,190.0115557707521,190.35724083279715,186.13988588904,187.47653198242188,24689510,WIPRO
2021-01-08,187.8222032257831,199.41417197364248,187.7069748802458,198.28494262695312,81986460,WIPRO
2021-01-11,200.9582223359991,207.87192264572383,200.49730898201744,205.9360809326172,94668036,WIPRO
2021-01-12,206.46614718780364,212.36583262512374,203.908069576075,210.96005249023438,44268930,WIPRO
2021-01-13,212.48106134950723,215.45395818132346,208.70156612862021,211.55923461914062,58380386,WIPRO
2021-01-14,208.33286627255882,214.78565416595666,198.19277101150504,209.416015625,143103614,WIPRO
2021-01-15,209.6003626741652,211.74360710986787,201.23478751586504,202.13356018066406,50615558,WIPRO
2021-01-18,203.26278704592238,205.10644044316433,197.7779210023195,198.9071502685547,43021174,WIPRO
2021-01-19,199.57549520400568,202.59447224179303,197.132659896022,198.3079833984375,31355580,WIPRO
2021-01-20,200.03641252110236,206.42006582603932,199.5754991281966,205.0834197998047,48839358,WIPRO
2021-01-21,208.14849538307212,209.00118799089287,203.86199230022754,205.47518920898438,31822754,WIPRO
2021-01-22,206.69935697838957,208.80122204802558,203.465709734283,205.45208740234375,22797624,WIPRO
2021-01-25,205.6368406651954,208.33924836932488,201.01734513594207,201.98744201660156,14760338,WIPRO
2021-01-27,202.33393160863622,210.07158766901216,201.9874693969776,206.23741149902344,59180420,WIPRO
2021-01-28,204.75915230589314,207.23058539012823,197.39105083092332,199.51602172851562,29624870,WIPRO
2021-01-29,202.05676981546756,202.195363166086,191.96316735700603,193.0487518310547,31264842,WIPRO
2021-02-01,192.21723638911325,195.77423994326665,188.56783727351862,194.71176147460938,30163704,WIPRO
2021-02-02,197.71441346583575,201.20212703630546,195.70493004216894,197.8760986328125,26620996,WIPRO
2021-02-03,198.730729385046,203.23473811708604,198.730729385046,200.25515747070312,19795332,WIPRO
2021-02-04,200.25516935410423,201.82579531383524,197.8299337390891,198.59214782714844,14386598,WIPRO
2021-02-05,199.56222208421403,200.20894868811857,194.27289366077298,196.5826416015625,17358052,WIPRO
2021-02-08,198.80001260820708,202.19534497796622,196.92910827503385,201.08665466308594,25032680,WIPRO
2021-02-09,203.3733324298806,208.68575337921308,201.04049234768578,202.95758056640625,58949660,WIPRO
2021-02-10,204.18171667563888,205.17490546438623,200.94806957896586,202.79586791992188,21215470,WIPRO
2021-02-11,202.7958473188108,203.48877162627824,200.20892708474935,201.8719482421875,18474052,WIPRO
2021-02-12,203.25783293711115,207.50777508301147,203.07305590850322,204.18173217773438,38561668,WIPRO
2021-02-15,205.38282854450907,205.52140780812337,201.77961261709837,203.11927795410156,15689754,WIPRO
2021-02-16,206.02953282821062,206.86103651449275,200.39374176203773,202.1260528564453,24907596,WIPRO
2021-02-17,201.36383247168501,202.79587908427973,197.94540817224114,198.73072814941406,14780384,WIPRO
2021-02-18,198.77690566565863,201.71028842192817,198.3380620076863,200.00108337402344,16771472,WIPRO
2021-02-19,200.0934646231722,201.29453639190035,196.8367256114586,198.615234375,16957332,WIPRO
2021-02-22,198.9617153762764,199.95490428170748,192.17105003643596,193.41831970214844,21332174,WIPRO
2021-02-23,193.88025748286796,196.79053439474276,191.38571830402284,191.9400634765625,17984706,WIPRO
2021-02-24,192.95635689440496,196.6981374410176,191.59359991181566,195.4508819580078,10120594,WIPRO
2021-02-25,195.45087195842822,198.17637168658266,194.22670837941453,194.61935424804688,18220784,WIPRO
2021-02-26,193.0718594053106,193.94956090965047,188.4754548071323,189.53793334960938,23463882,WIPRO
2021-03-01,189.8612894310276,193.4183070618344,189.0297857732827,191.43191528320312,12843392,WIPRO
2021-03-02,193.88023772153062,200.0703590619034,193.21040521445016,198.82308959960938,29750468,WIPRO
2021-03-03,200.02417265479244,201.7102858403336,197.82991210026526,201.17904663085938,17564904,WIPRO
2021-03-04,198.13020762589642,205.24422961603054,197.48348091726328,202.70350646972656,25927594,WIPRO
2021-03-05,203.25783136444136,203.25783136444136,192.63299017948194,194.4114990234375,87862344,WIPRO
2021-03-08,196.37480003939407,196.3978918829784,191.96317240076843,192.58680725097656,24709676,WIPRO
2021-03-09,193.92643521357786,195.31228400480663,189.4224266420844,193.64927673339844,23811258,WIPRO
2021-03-10,196.83671903379778,198.96168992321734,195.4046725149988,197.1138916015625,34582736,WIPRO
2021-03-12,199.33125156015015,199.9317803985867,194.98892815796242,196.4209747314453,17920252,WIPRO
2021-03-15,196.23617915339983,197.99159604465007,193.00253204053016,196.95220947265625,15034204,WIPRO
2021-03-16,197.36796562873252,200.92498317026127,196.6288434528532,198.31495666503906,21347294,WIPRO
2021-03-17,198.17637880514354,201.1790512112821,192.95635395350513,193.85714721679688,24269624,WIPRO
2021-03-18,195.52017058295905,195.93592240850955,186.7662199172345,189.4686279296875,20165862,WIPRO
2021-03-19,188.9142938204264,191.0854484733879,184.5257726375844,189.63031005859375,33750804,WIPRO
2021-03-22,189.8843771739857,192.28652072964144,189.4917312926042,191.45501708984375,13245968,WIPRO
2021-03-23,192.95635826035743,195.58946258596242,190.6466102040811,191.9400634765625,23150388,WIPRO
2021-03-24,190.02298279716396,191.9169790964628,189.0297939138682,189.86129760742188,10280694,WIPRO
2021-03-25,189.72270017590156,190.18464976084647,183.74044741183215,184.61814880371094,25474258,WIPRO
2021-03-26,186.99718796776466,188.33685305378464,185.08009999314035,186.58143615722656,18066738,WIPRO
2021-03-30,187.0895712437267,194.2266975635386,187.0895712437267,193.14111328125,26339126,WIPRO
2021-03-31,193.92643389500694,193.92643389500694,190.94686747267394,191.31642150878906,14890268,WIPRO
2021-04-01,193.48758656604764,195.33538490670927,191.4088134328033,192.35580444335938,15193886,WIPRO
2021-04-05,192.37893692452496,197.66825194590913,192.2634495122993,196.53648376464844,42432790,WIPRO
2021-04-06,197.69134549826322,198.13018917866916,195.1044248070052,197.32177734375,16641040,WIPRO
2021-04-07,196.32859338908435,202.79588823013654,195.58947115916158,202.3339385986328,27735300,WIPRO
2021-04-08,204.1586309118949,206.00642930784795,203.2578235548346,204.22792053222656,25833228,WIPRO
2021-04-09,204.59748010748856,208.50095996357584,203.25782905369678,207.92352294921875,23398770,WIPRO
2021-04-12,207.8773215245498,207.92351930440523,198.3611568752427,199.8394012451172,30172534,WIPRO
2021-04-13,199.56223509730444,202.12604983972943,190.60041532217366,193.53379821777344,40840640,WIPRO
2021-04-15,193.51070148464484,200.69402684921045,191.70910070715468,198.9617156982422,53517782,WIPRO
2021-04-16,204.04315071603173,218.80243246624346,201.4100322698014,216.74676513671875,218723272,WIPRO
2021-04-19,213.8826793265179,220.78883195460426,213.0049778464226,218.38668823242188,87619710,WIPRO
2021-04-20,219.88800587786335,220.60402210670983,216.10001358295108,217.16250610351562,35461382,WIPRO
2021-04-22,217.8554339420035,228.4340769509537,217.8554339420035,224.80776977539062,85241858,WIPRO
2021-04-23,223.3757130797446,225.13112993686985,219.12578541542615,219.74942016601562,27192006,WIPRO
2021-04-26,221.45863782344296,223.51431920478151,220.34996159092975,221.8743896484375,18629288,WIPRO
2021-04-27,222.38253606058984,224.96945665685885,222.19775903890988,224.0686492919922,14418934,WIPRO
2021-04-28,224.43821896287304,227.83355138752228,222.31324795511014,226.0319366455078,19231068,WIPRO
2021-04-29,227.6025852481082,227.64876893241367,224.3689378820365,226.28602600097656,15282266,WIPRO
2021-04-30,227.04823437153172,236.4258058591354,226.03193958576924,227.62567138671875,58231142,WIPRO
2021-05-03,225.4083218824815,229.12701067066345,223.2371530374962,225.1311492919922,17199462,WIPRO
2021-05-04,225.1080464106117,225.5699960351749,220.71952497726136,222.63662719726562,16204858,WIPRO
2021-05-05,223.9531606654057,229.12700182962396,223.26023626471127,226.63247680664062,23713182,WIPRO
2021-05-06,228.06453242653373,237.81165810454598,225.084951746424,236.6567840576172,48827088,WIPRO
2021-05-07,237.44210947213503,238.6200753878757,234.4394368815341,238.01954650878906,29333162,WIPRO
2021-05-10,239.1051212104019,244.14038353971404,237.0956515643486,242.96241760253906,25088944,WIPRO
2021-05-11,239.26681795393543,241.73823721141167,237.465203107902,239.47470092773438,15298998,WIPRO
2021-05-12,240.19070675693501,241.391764471861,233.21526478580702,234.48562622070312,15742214,WIPRO
2021-05-14,234.4394429355895,234.85519479319981,227.62568572711672,230.25880432128906,13599758,WIPRO
2021-05-17,230.2587798413721,232.68401520010875,228.66504810945491,230.8824005126953,11505300,WIPRO
2021-05-18,231.89870716711692,237.81165661122913,231.3905597701424,234.69349670410156,18761492,WIPRO
2021-05-19,234.80897239218734,239.19749352399256,233.35383399431583,236.35650634765625,14980792,WIPRO
2021-05-20,238.36599814006397,238.82794774886253,232.6378258104783,234.785888671875,12584608,WIPRO
2021-05-21,235.59432877817667,238.31984307544315,235.20166874402938,236.8415985107422,10395006,WIPRO
2021-05-24,236.4720014586339,239.52087169021502,235.43261484088467,237.8578643798828,14873624,WIPRO
2021-05-25,239.01272521216075,242.45422704491364,238.22740528304666,239.08200073242188,15909128,WIPRO
2021-05-26,237.85787585040313,245.0411869604467,237.78857212781114,243.5629425048828,17646380,WIPRO
2021-05-27,243.56293719856205,251.76254295536523,242.5466423953051,249.86856079101562,58822252,WIPRO
2021-05-28,248.99085891769838,249.59138781779822,246.05748994692104,248.85227966308594,11757252,WIPRO
2021-05-31,248.85222969144777,249.7068250859219,245.318304335044,249.01390075683594,10772410,WIPRO
2021-06-01,250.33050859990752,252.6864403673129,249.29112196219918,250.74624633789062,11930088,WIPRO
2021-06-02,250.35359685405106,251.76253752594275,246.2191422042706,250.83863830566406,9427136,WIPRO
2021-06-03,252.08587656051574,254.02607032098913,248.66743859229294,249.01390075683594,11275982,WIPRO
2021-06-04,251.06961960505112,251.99351884922794,249.66067889671493,250.00714111328125,9543432,WIPRO
2021-06-07,251.62395478508657,254.6266272092638,250.70005557764742,253.2638702392578,8696866,WIPRO
2021-06-08,254.07228304306716,256.6130058734978,253.67963715643077,254.3494415283203,10859468,WIPRO
2021-06-09,255.45815665532734,255.57364406792018,250.46910607035116,251.39300537109375,12413798,WIPRO
2021-06-10,252.01655598219367,256.61295936319493,252.01655598219367,256.0355224609375,11441488,WIPRO
2021-06-11,256.38205569670095,258.20676245285546,254.7652319220371,256.0586853027344,11224718,WIPRO
2021-06-14,255.8738583102193,259.98519224812514,255.4580924513115,259.43084716796875,11904318,WIPRO
2021-06-15,259.3846868827698,260.5395608225863,257.30591379110024,257.7216796875,7674490,WIPRO
2021-06-16,258.6456051003968,259.86975468379495,255.68911623621995,256.4975280761719,10994538,WIPRO
2021-06-17,255.22715439512655,259.384700801563,253.8643974339836,258.09124755859375,8798696,WIPRO
2021-06-18,258.69178055807095,259.5925879329761,252.24757788549283,253.97988891601562,20014232,WIPRO
2021-06-21,251.6470722180455,251.6470722180455,247.235458692908,250.44601440429688,10781642,WIPRO
2021-06-22,251.87802796014483,258.6686929499607,250.51527095479796,257.0980529785156,11505842,WIPRO
2021-06-23,258.69178326605135,259.08442915901344,248.7136829038561,249.5220947265625,22485404,WIPRO
2021-06-24,250.33048506062806,254.32633195275469,249.08321557362893,253.63340759277344,17337360,WIPRO
2021-06-25,254.00297444890418,254.53422776313676,249.6837569981405,252.9174041748047,10079644,WIPRO
2021-06-28,253.95680139864606,254.4418428564177,251.4160785106196,252.87123107910156,6519660,WIPRO
2021-06-29,253.05599805074772,255.8046039489163,249.9147462507697,250.6538543701172,15855760,WIPRO
2021-06-30,251.69319247464915,253.14834478569742,250.3766475800146,252.06277465820312,8586644,WIPRO
2021-07-01,251.76255359743615,252.178319551169,248.52890612003787,249.15252685546875,8658748,WIPRO
2021-07-02,249.49900054106317,250.51529543394284,246.49632774560982,248.8060760498047,8314614,WIPRO
2021-07-05,250.7924705511669,250.7924705511669,247.39712378389586,247.7666778564453,6878338,WIPRO
2021-07-06,247.85906947890544,248.66748133512834,245.6879005688732,246.03436279296875,8386882,WIPRO
2021-07-07,246.7041949507072,247.78979350133645,242.56974011163956,245.82650756835938,10755374,WIPRO
2021-07-08,246.63492279548177,248.04386355114397,243.90940865554379,245.29525756835938,9131020,WIPRO
2021-07-09,243.63223320970042,245.27214867013112,241.71513106888023,242.89309692382812,11449216,WIPRO
2021-07-12,245.17976316826156,245.82650392053594,241.69204914281957,242.91619873046875,7731112,WIPRO
2021-07-13,243.9093760749619,244.60230043881123,241.4148370870385,242.4542236328125,8344716,WIPRO
2021-07-14,243.1009918565825,260.2162199435088,242.80071332016524,259.47711181640625,58696166,WIPRO
2021-07-15,259.15371368016224,267.76908460196256,258.2298145226572,266.0367736816406,62132402,WIPRO
2021-07-16,267.9307745649205,272.2038084696197,262.52595847345685,266.8913879394531,73815654,WIPRO
2021-07-19,264.4892743460827,269.77860363515526,263.3113083425317,265.06671142578125,21715702,WIPRO
2021-07-20,265.94436627398744,267.0761483305217,259.40776874790294,262.43353271484375,21047054,WIPRO
2021-07-22,266.59114263113327,270.24055629333355,263.77326092904866,269.8710021972656,24086770,WIPRO
2021-07-23,270.93345607088656,278.0012797206588,269.64000275510597,276.7771301269531,28114910,WIPRO
2021-07-26,277.2159449364329,277.4007360553355,271.7418534297271,272.7581481933594,12199806,WIPRO
2021-07-27,272.042126948792,274.6983371119889,269.8478663791945,273.2200927734375,7966274,WIPRO
2021-07-28,272.98910024109995,274.0977622766118,269.3165955715461,273.4510498046875,9147860,WIPRO
2021-07-29,274.2132725228447,276.24586205010934,271.5801823470619,272.7581481933594,11668940,WIPRO
2021-07-30,272.0189647269027,273.9360665210929,270.24047034542895,271.2336730957031,6356412,WIPRO
2021-08-02,271.71877033487687,275.0448132160219,268.9701644749317,273.58966064453125,9247796,WIPRO
2021-08-03,279.01756557918736,279.01756557918736,274.46737318017625,276.8926086425781,10331214,WIPRO
2021-08-04,278.78656556150554,279.0175403465607,274.5366238774589,275.6914978027344,9018712,WIPRO
2021-08-05,276.0148704244711,283.868013181318,276.0148704244711,277.58551025390625,22588728,WIPRO
2021-08-06,278.9020597017728,280.1262373702482,275.46052968215486,276.245849609375,10540400,WIPRO
2021-08-09,277.16974206611985,279.94143948678106,275.09096900062394,275.6914978027344,9293502,WIPRO
2021-08-10,276.4306092942527,281.30417118374777,273.9822542356404,278.9482116699219,14055564,WIPRO
2021-08-11,278.04747089588716,280.1724277424961,276.4537391633477,277.7471923828125,8565026,WIPRO
2021-08-12,278.0936671325695,281.2811307415578,277.4700464328473,279.8721618652344,7905016,WIPRO
2021-08-13,279.94143520575244,286.61661203079694,279.94143520575244,284.3299560546875,16729368,WIPRO
2021-08-16,284.60714732438163,286.8245280387554,282.0202407511683,283.66015625,7144852,WIPRO
2021-08-17,283.52156387176484,294.2849837939735,282.3435980437951,293.29180908203125,23645544,WIPRO
2021-08-18,293.6844365812362,295.27816822295125,288.53368764232783,290.7510681152344,13847154,WIPRO
2021-08-20,287.5636364482017,291.92906596584635,285.48486317267253,286.4318542480469,12341386,WIPRO
2021-08-23,289.180433749992,294.23878723177637,288.0255598132908,290.4969787597656,14072750,WIPRO
2021-08-24,293.79993396969945,293.79993396969945,288.3027226692445,292.66815185546875,8967436,WIPRO
2021-08-25,293.3380168179316,296.9412183146143,290.8203856802244,291.7904968261719,12815436,WIPRO
2021-08-26,292.0445491233425,294.9548260277308,289.1804559018942,290.543212890625,8416702,WIPRO
2021-08-27,290.7972496162413,293.79992177272356,288.85705581455846,293.31488037109375,8743108,WIPRO
2021-08-30,293.77688848840137,295.4168041232338,291.2823490754385,292.1600646972656,8743710,WIPRO
2021-08-31,293.15321193900354,296.8257169864449,290.52012171175005,296.08660888671875,15591816,WIPRO
2021-09-01,297.4031383393907,299.0430537334788,293.4534750113291,296.5947265625,9450444,WIPRO
2021-09-02,297.9574619775203,303.50085661896253,295.9941763753428,300.9370422363281,9077556,WIPRO
2021-09-03,301.6530860721514,303.3623052157281,300.03626248677233,302.6231689453125,7549940,WIPRO
2021-09-06,303.3391941983228,318.14467216942364,303.3391941983228,317.10528564453125,24676832,WIPRO
2021-09-07,318.7452190259142,318.7452190259142,310.77658855026635,311.4695129394531,12812218,WIPRO
2021-09-08,312.0008174361484,312.0008174361484,304.8867812619677,305.903076171875,13432462,WIPRO
2021-09-09,305.3024857107526,306.9885847441446,302.11502236189614,305.9722900390625,11611460,WIPRO
2021-09-13,305.9723338996502,310.3608554957675,303.89356051201565,309.85272216796875,11177578,WIPRO
2021-09-14,309.96819338387803,312.13936222545124,309.50624376631635,311.0999755859375,7322676,WIPRO
2021-09-15,311.35404438846444,314.37980876537233,309.50624590544686,311.37713623046875,8290832,WIPRO
2021-09-16,314.01021149685425,314.47216105403976,307.1964555283679,308.51300048828125,9315692,WIPRO
2021-09-17,310.1530134095504,311.53886239137114,306.1571375672327,307.31201171875,10815562,WIPRO
2021-09-20,303.84736526201357,309.73722296948705,301.83789567517783,306.0416259765625,9092860,WIPRO
2021-09-21,305.1176913003323,309.0442626493903,303.5470514826434,308.39752197265625,7367102,WIPRO
2021-09-22,309.04425717801365,311.584979770658,306.2725598042198,308.651611328125,9583304,WIPRO
2021-09-23,310.8459326668126,312.7399149653445,310.15300818756884,311.4926452636719,6462586,WIPRO
2021-09-24,314.35667887460016,322.97204953695854,311.81595626797224,312.5088806152344,24253176,WIPRO
2021-09-27,313.22491331834203,313.3634925560691,300.72918256950254,302.06884765625,16798164,WIPRO
2021-09-28,302.06888466885687,302.06888466885687,293.4535124965575,295.4629821777344,16224924,WIPRO
2021-09-29,291.00515169570957,298.6504118194163,289.8040658370317,295.99420166015625,17679132,WIPRO
2021-09-30,295.0703182106159,298.7659151510228,292.2062249427671,292.9222412109375,12027918,WIPRO
2021-10-01,293.24557277759305,295.5322287209142,291.12061609611766,293.9154052734375,8417708,WIPRO
2021-10-04,295.6015568657257,297.31074780963115,293.77685032800326,296.1327819824219,10494244,WIPRO
2021-10-05,294.0078440947218,300.03628105423763,292.899153718071,298.8121032714844,10912148,WIPRO
2021-10-06,300.4520209307892,300.47511277097306,293.0608275813987,293.6844482421875,9673198,WIPRO
2021-10-07,295.1858218358239,299.5974352868248,294.2157388637267,297.0105285644531,7448686,WIPRO
2021-10-08,298.4887550418462,308.37445988679025,297.9575017064733,305.4179992675781,22091966,WIPRO
2021-10-11,299.782235081859,307.7970503402471,293.3380317377209,301.56072998046875,20422932,WIPRO
2021-10-12,301.1911770071455,305.99546472827205,296.8257471001399,304.47100830078125,18680432,WIPRO
2021-10-13,307.1965000429224,311.67741703596545,303.0389534258002,310.7073059082031,18925882,WIPRO
2021-10-14,321.97887864737305,341.7734081871542,321.05497942600323,327.1758117675781,118377606,WIPRO
2021-10-18,332.14180881114606,332.9733125683013,324.4734556576911,327.8687744140625,21198892,WIPRO
2021-10-19,331.26404042104093,337.20010958236486,327.06031042109583,328.7002258300781,21865148,WIPRO
2021-10-20,329.6472294712098,333.87407966863725,321.40144023445777,324.2655334472656,16108782,WIPRO
2021-10-21,327.4991605282576,327.5222523682351,314.9110344675603,321.6554870605469,15916912,WIPRO
2021-10-22,324.1731186365441,325.9054295662014,313.31730347735805,315.2344055175781,10758302,WIPRO
2021-10-25,315.3961232072809,316.0659558381134,305.2563227613634,308.44378662109375,17621916,WIPRO
2021-10-26,309.9912481416938,313.57135724951087,307.1964589288177,308.651611328125,12193966,WIPRO
2021-10-27,308.6516145946457,311.60807490754974,306.4804459898299,310.01434326171875,12631178,WIPRO
2021-10-28,309.96819017621124,310.24534866581325,302.5769963717114,303.4547119140625,10357542,WIPRO
2021-10-29,304.07831998455697,304.6095732952586,297.6110256742132,298.7658996582031,13522634,WIPRO
2021-11-01,300.7753838441306,303.47780601613,299.1123765037979,302.7848815917969,8802466,WIPRO
2021-11-02,303.5009497417769,305.3487485225487,300.77543526206966,302.022705078125,8079378,WIPRO
2021-11-03,304.60964439364,305.74139860597836,300.3597015015524,301.42218017578125,6871182,WIPRO
2021-11-04,302.57696923340797,303.8011468755478,299.06616376922346,301.9764404296875,1565810,WIPRO
2021-11-08,301.63003103164374,305.3487200926796,299.11239978821493,304.1245422363281,9504460,WIPRO
2021-11-09,306.318794756761,307.77394739964467,303.36233398026695,304.1707458496094,8284130,WIPRO
2021-11-10,302.9927177730252,304.4247500841268,300.98322033564546,301.46826171875,8091390,WIPRO
2021-11-11,300.1517530109362,300.1517530109362,294.16950004371273,296.479248046875,12067796,WIPRO
2021-11-12,299.34336360910163,306.0416333194905,298.32706877262973,304.90985107421875,12126506,WIPRO
2021-11-15,305.6027812308216,307.6584627848593,303.57021971510994,304.3786315917969,9435996,WIPRO
2021-11-16,304.14760852115353,308.9287752981698,302.4152976316311,305.5565490722656,11327094,WIPRO
2021-11-17,305.55652962226173,308.58229347765837,303.9627980663162,305.71820068359375,8854994,WIPRO
2021-11-18,306.45734503913036,307.6353107614042,298.0729493658837,300.9370422363281,7842498,WIPRO
2021-11-22,303.96281788058604,305.0945999691743,294.7238264556442,297.51861572265625,11582434,WIPRO
2021-11-23,296.8950089457371,299.7821939008747,289.2035369471845,296.9411926269531,9134924,WIPRO
2021-11-24,297.63411547293634,299.1585434823116,292.4602744211234,294.0309143066406,7985552,WIPRO
2021-11-25,294.26190077679627,296.4792532597859,292.41410234177715,294.1233215332031,6661362,WIPRO
2021-11-26,291.9521453741599,293.06083568529266,286.24707912790524,287.0785827636719,8277074,WIPRO
2021-11-29,284.8150333814616,292.34480656982913,278.99447943098545,291.305419921875,10376060,WIPRO
2021-11-30,291.30543447539895,298.18849545490417,291.25925078902725,294.3774108886719,26850200,WIPRO
2021-12-01,296.8487758789375,298.39632382151956,292.52955877244335,293.2455749511719,9453644,WIPRO
2021-12-02,294.21571725280273,299.38953031751583,290.5663040636034,298.78900146484375,10210456,WIPRO
2021-12-03,297.8420000318154,302.0919419256647,295.6015557842449,295.99420166015625,13405010,WIPRO
2021-12-06,294.3774378511598,297.5879938127764,287.86395854672327,288.4875793457031,9409906,WIPRO
2021-12-07,290.10437320159105,293.1301376970644,287.7946250073109,292.136962890625,8557090,WIPRO
2021-12-08,295.18580534588824,301.6530999857043,294.8393431330409,296.4330749511719,15360658,WIPRO
2021-12-09,296.4561744788407,299.1585685310443,294.6545596472598,297.1260070800781,6865604,WIPRO
2021-12-10,296.64093962494434,298.3732505823543,293.3841724688814,294.8393249511719,8525212,WIPRO
2021-12-13,297.26455746108894,303.2929938964416,295.74012947211634,298.14227294921875,13123680,WIPRO
2021-12-14,298.41943916345326,301.1449530592663,295.3012793889125,298.835205078125,8609412,WIPRO
2021-12-15,298.74281652462037,298.74281652462037,293.49967156739154,293.9847412109375,7123544,WIPRO
2021-12-16,297.49554551344227,300.22105946003256,295.37058860926993,297.6341247558594,12437240,WIPRO
2021-12-17,304.88677332290484,312.6475219139085,300.3134604449935,309.8758239746094,104600018,WIPRO
2021-12-20,308.3744535498073,312.9708577641218,306.2725884835612,307.6353454589844,26298202,WIPRO
2021-12-21,312.2779282009905,322.02505343925685,309.9681802113382,319.1147766113281,27362096,WIPRO
2021-12-22,321.47073159792546,321.47073159792546,314.6800669723973,316.7357482910156,12327754,WIPRO
2021-12-23,318.7914254599217,324.2886372845502,318.32947583416023,320.84710693359375,12944908,WIPRO
2021-12-24,322.3253722777443,324.47344945490414,318.81456617234966,322.64874267578125,13182426,WIPRO
2021-12-27,323.2954190416108,323.826672364212,319.27648004343763,323.179931640625,10188656,WIPRO
2021-12-28,324.7505725641764,326.82934578827144,324.0807399973792,325.8823547363281,10158044,WIPRO
2021-12-29,325.78999092842565,327.98425176771667,323.38784710743107,325.073974609375,7898416,WIPRO
2021-12-30,325.7206578667591,332.5575346327114,325.21252457517704,329.8782043457031,18087350,WIPRO
2021-12-31,330.66351039563295,332.0493591635905,327.5684425081614,330.45562744140625,8549558,WIPRO
2022-01-03,331.67983396603415,335.74498506641714,330.7559347070758,332.0032043457031,9280810,WIPRO
2022-01-04,333.8740678497758,334.0357389290219,328.70022677675104,333.296630859375,10228800,WIPRO
2022-01-05,332.6036545473458,332.9963003614553,324.75051270386683,329.6009826660156,14711264,WIPRO
2022-01-06,326.04405741964433,329.02363830198857,323.341663244477,326.0209655761719,12883220,WIPRO
2022-01-07,327.06030050399687,333.29661979326795,326.8755093951378,328.6771240234375,13120326,WIPRO
2022-01-10,327.5222484365847,327.5222484365847,318.7452065179738,320.3620300292969,27537820,WIPRO
2022-01-11,321.05499943110647,322.64873132630896,318.2833015942911,320.662353515625,15487458,WIPRO
2022-01-12,323.36477245058256,324.17318438170906,315.6040235508027,319.368896484375,23460682,WIPRO
2022-01-13,306.36502305859443,307.658476479836,299.3433825209215,300.15179443359375,61505934,WIPRO
2022-01-14,299.9207884000384,299.9207884000384,294.0309307918744,295.55535888671875,26514548,WIPRO
2022-01-17,295.4167453930328,301.02944385878453,292.4371650741172,298.7196960449219,20457876,WIPRO
2022-01-18,299.75910395040677,300.26723722764876,291.5594986261133,292.55267333984375,14329980,WIPRO
2022-01-19,291.4902256792378,291.79050422623004,285.94682994524277,286.9400329589844,17382766,WIPRO
2022-01-20,286.7090680562391,287.5174799620827,282.02026772427865,284.1914367675781,16827124,WIPRO
2022-01-21,282.2480512983829,282.7107530218229,277.9911897945208,279.9576721191406,19646694,WIPRO
2022-01-24,280.16583806091603,280.16583806091603,263.02274825057117,265.0123596191406,26150716,WIPRO
2022-01-25,260.2696976671815,264.6653636722272,254.8098234354439,260.36224365234375,34712370,WIPRO
2022-01-27,256.79945533895994,257.6785999059185,248.56337034747435,252.0567626953125,31351744,WIPRO
2022-01-28,254.53221277747593,261.4033504774322,252.93591438677657,255.48077392578125,29899780,WIPRO
2022-01-31,263.2772782710784,265.77587885162626,260.29284653349947,264.9429931640625,26252174,WIPRO
2022-02-01,268.32073614193285,269.4774904307995,262.0973924196161,266.81695556640625,20920202,WIPRO
2022-02-02,269.2923932756696,272.99400692894346,266.05348132905505,272.068603515625,16368826,WIPRO
2022-02-03,270.5417133691381,272.43877920911353,266.5856191353382,267.5572814941406,14082780,WIPRO
2022-02-04,266.97892800595076,267.3490837830472,262.83774141206277,264.54974365234375,13633558,WIPRO
2022-02-07,264.6190576511477,265.4981737508768,257.0769989408245,257.72479248046875,15091358,WIPRO
2022-02-08,259.76072538760104,261.7965957639454,256.5449431755583,259.2286071777344,13953814,WIPRO
2022-02-09,261.1488632036553,264.0870078420439,260.63987436479186,263.254150390625,10207476,WIPRO
2022-02-10,264.85045590132034,265.93779356509776,261.98169980490525,265.4288330078125,11603824,WIPRO
2022-02-11,261.88919235852256,261.88919235852256,257.7711354578689,259.7839050292969,15442458,WIPRO
2022-02-14,254.4859571257614,257.7942858648255,249.8589397234748,250.64553833007812,16241546,WIPRO
2022-02-15,252.45000955964485,261.54210830075993,251.36267197591835,260.6629638671875,13676992,WIPRO
2022-02-16,261.4959187210713,263.87881591114603,257.979368296063,260.91754150390625,14607822,WIPRO
2022-02-17,264.66535859044126,264.85045055721184,259.64505670381595,261.38018798828125,14228840,WIPRO
2022-02-18,258.650255486029,261.7503625864013,256.96138295073825,260.24658203125,13411838,WIPRO
2022-02-21,257.1464826539002,264.98928250991236,256.9845483472181,264.1101379394531,17534002,WIPRO
2022-02-22,257.3778179194191,263.27726453240354,257.3084013687206,261.0331726074219,21490124,WIPRO
2022-02-23,263.3698535048165,264.1564521631443,260.3391625552438,262.3981628417969,14408512,WIPRO
2022-02-24,253.56055530342817,257.6786121148219,245.76404222602028,248.54025268554688,26953888,WIPRO
2022-02-25,253.56054313759287,258.5345866389234,253.32919227706586,256.9151306152344,15922624,WIPRO
2022-02-28,254.94868429043117,259.1592592499771,251.7560306680408,257.1696472167969,18316874,WIPRO
2022-03-02,256.7994522996303,258.3263623137381,254.67103570312503,256.8919982910156,16354110,WIPRO
2022-03-03,260.5010780680977,266.49307121361574,259.27490716797325,263.5317687988281,25911326,WIPRO
2022-03-04,259.57569213582207,268.36702573757003,256.3599091964414,266.19232177734375,26948372,WIPRO
2022-03-07,260.5010486498833,268.2050430014098,260.15402238614007,264.595947265625,21112334,WIPRO
2022-03-08,264.6654299978358,273.34108876087674,264.6654299978358,271.8141784667969,22039998,WIPRO
2022-03-09,272.0686195692784,275.95532543098284,269.36182572203353,270.911865234375,23527232,WIPRO
2022-03-10,275.3075632337707,276.001615914192,270.4954533530862,272.184326171875,16161966,WIPRO
2022-03-11,271.6059345703555,272.9940398577679,269.4775177594196,271.23577880859375,9927188,WIPRO
2022-03-14,271.32829995500225,277.9911877796011,271.14320797053904,276.7650451660156,15006442,WIPRO
2022-03-15,279.33303717411303,279.33303717411303,270.35661240807605,271.9298095703125,13853244,WIPRO
2022-03-16,275.42320462524566,277.3665575383506,274.1507748684722,276.8113098144531,11150296,WIPRO
2022-03-17,279.9345303546851,282.7107405730787,277.15832013629154,278.17626953125,16881290,WIPRO
2022-03-21,279.98080019649115,285.0242602539062,276.6956292724609,277.62103271484375,15592952,WIPRO
2022-03-22,279.1942296997418,282.7107514823074,275.8396422230696,282.27117919921875,15580500,WIPRO
2022-03-23,284.0757440168085,284.5615752043085,281.1838580899354,282.8033142089844,11393836,WIPRO
2022-03-24,280.85997782121035,284.0063442474339,280.304730042212,282.5025634765625,7751490,WIPRO
2022-03-25,282.7107920296894,284.09889739153726,276.34864245455316,279.1711120605469,11986194,WIPRO
2022-03-28,281.3226604860013,281.7853622302217,276.2792001775697,277.7135925292969,11476810,WIPRO
2022-03-29,279.0091218433934,280.0964595292738,277.2277316156141,278.77777099609375,9402006,WIPRO
2022-03-30,279.98079211540437,281.92414493653166,277.3896738479487,277.9911804199219,15488764,WIPRO
2022-03-31,277.6210417119953,279.14795179319674,273.08657034558064,273.8731689453125,14476178,WIPRO
2022-04-01,273.7806118891961,279.1942276320859,272.6701164707827,278.4538879394531,8567994,WIPRO
2022-04-04,279.93454845975924,280.6286010592462,277.1583380618112,280.212158203125,8855948,WIPRO
2022-04-05,282.4749269755239,284.36446365568736,279.02241840531246,279.53564453125,12862488,WIPRO
2022-04-06,278.99914352316256,278.99914352316256,275.73326726118574,276.9229736328125,8235902,WIPRO
2022-04-07,276.199827544284,276.199827544284,269.4347979845,270.99774169921875,15721530,WIPRO
2022-04-08,273.4004975883977,273.86705133854855,270.83445196256804,272.3041076660156,8636632,WIPRO
2022-04-11,272.4673764885001,272.5840149202161,265.04916084089274,266.4488220214844,17164216,WIPRO
2022-04-12,265.0025182053982,265.0025182053982,259.49718989566287,260.66357421875,16338532,WIPRO
2022-04-13,261.2701184346142,263.83616424066844,258.7507166163786,260.8968811035156,11204576,WIPRO
2022-04-18,256.53457267775303,256.53457267775303,250.07281451408375,251.2858428955078,18930062,WIPRO
2022-04-19,253.8052105807769,254.52836311421822,245.43056604376758,247.48341369628906,13286008,WIPRO
2022-04-20,250.07276869575662,252.19558221239765,247.90328272611583,250.30604553222656,8660976,WIPRO
2022-04-21,252.40558698058567,253.10541762840614,250.70265434708307,251.5657958984375,13388782,WIPRO
2022-04-22,249.60622038129208,252.33554803611204,247.57672325090562,250.8659210205078,9782424,WIPRO
2022-04-25,247.25014890186753,247.81001905950163,244.1475552822722,246.97019958496094,9473768,WIPRO
2022-04-26,250.5393602373919,250.88927554498602,245.92046678667722,246.92356872558594,8718740,WIPRO
2022-04-27,245.87380897943035,245.87380897943035,240.04188751407384,242.11805725097656,16275078,WIPRO
2022-04-28,244.4741312199241,245.7105098770606,240.74170173565045,243.79762268066406,13241338,WIPRO
2022-04-29,246.57363638964566,246.57363638964566,236.54273159801392,237.3825225830078,24151260,WIPRO
2022-05-02,240.50844307331124,242.1413810961174,229.82436571456867,230.944091796875,43822854,WIPRO
2022-05-04,233.27684814577242,235.07308272411265,228.26139591063833,229.4277801513672,17267854,WIPRO
2022-05-05,233.7434200562756,235.0031208296592,231.5506118175975,233.8134002685547,10869532,WIPRO
2022-05-06,228.61130552008314,229.0312009887268,224.41232235746935,226.3251953125,18441782,WIPRO
2022-05-09,224.87888661716858,228.3080592088449,221.4263920353942,225.41542053222656,16675250,WIPRO
2022-05-10,225.34544573138845,225.69536101979122,222.14954991635852,222.84938049316406,14969534,WIPRO
2022-05-11,223.96909679888287,224.8555602146406,215.80440709229592,220.16668701171875,21029342,WIPRO
2022-05-12,218.39378363169405,222.07955490967814,215.61778350008765,221.05313110351562,14573000,WIPRO
2022-05-13,223.71250116317134,223.71250116317134,217.88057986069032,218.650390625,16775318,WIPRO
2022-05-16,221.14644427177234,221.30974090735438,216.94746115268805,218.3471221923828,7314066,WIPRO
2022-05-17,219.7467925501364,228.14475914440914,218.4870918657599,227.04835510253906,11321450,WIPRO
2022-05-18,229.03120139979504,231.060712779652,224.22570413363638,224.52896118164062,15390968,WIPRO
2022-05-19,217.4839923684653,221.05312512827666,209.94915337817721,210.48568725585938,22945978,WIPRO
2022-05-20,215.54781136976314,215.6411278058515,212.28193543991824,214.42808532714844,12731912,WIPRO
2022-05-23,216.38760811044503,218.25382297724693,213.44832539046783,217.41403198242188,14111568,WIPRO
2022-05-24,218.5570914278321,219.0936253474092,213.68159945678116,214.5913848876953,13779460,WIPRO
2022-05-25,214.68466739995654,215.01126066266605,206.77659127325293,207.54640197753906,15481506,WIPRO
2022-05-26,208.0829730764754,212.14199640795678,207.14986557389034,211.51214599609375,11583082,WIPRO
2022-05-27,214.61470014609486,218.32380772429008,212.86512378620822,217.8572540283203,11414472,WIPRO
2022-05-30,220.74987820591633,224.6456044114481,220.74987820591633,222.19619750976562,12291148,WIPRO
2022-05-31,222.0329230441713,224.29571154124338,219.46687746231618,223.0360107421875,31587004,WIPRO
2022-06-01,223.4559035616048,223.4559035616048,218.58041163042893,219.63015747070312,10514566,WIPRO
2022-06-02,220.12002663801505,222.28951270069805,218.39378651695768,221.2164306640625,10535040,WIPRO
2022-06-03,223.7824779542263,227.6782041724172,221.37972926190974,221.84628295898438,23269778,WIPRO
2022-06-06,220.2133385030058,221.84627639444756,216.57422546874236,220.77320861816406,13791156,WIPRO
2022-06-07,219.28024194798277,219.630157227687,217.01745362494424,218.183837890625,4701342,WIPRO
2022-06-08,219.77013024779578,220.21336198940878,216.62089254985403,219.4668731689453,5627652,WIPRO
2022-06-09,217.90390754907867,222.14954921593062,216.5975628383963,221.63633728027344,7402238,WIPRO
2022-06-10,217.9738983001107,217.9738983001107,212.88845148713685,215.0579376220703,17453098,WIPRO
2022-06-13,209.97248672411192,211.3488258326062,207.6163962373284,208.12960815429688,14130822,WIPRO
2022-06-14,205.2836365619891,211.67542821381414,204.35052912307097,208.0363006591797,13056384,WIPRO
2022-06-15,209.22601809559336,210.2524277203856,204.95704023514023,205.33029174804688,11391596,WIPRO
2022-06-16,208.08294776254766,208.4328630334488,195.83591328100758,197.02561950683594,17944686,WIPRO
2022-06-17,194.08635148807835,195.36937424430963,187.57792126577823,189.04757690429688,41550546,WIPRO
2022-06-20,190.82047152142843,194.972796782712,188.55768313131927,193.4564971923828,20750838,WIPRO
2022-06-21,195.95256729174525,199.1018049803626,194.38960944310978,198.35531616210938,12187804,WIPRO
2022-06-22,197.2122699733812,197.2122699733812,191.42699225442794,191.87022399902344,16202862,WIPRO
2022-06-23,192.4534020673739,196.32579209858483,191.89353192976046,195.5093231201172,19655010,WIPRO
2022-06-24,196.4191153728428,198.75188396396922,193.9697083521601,195.36936950683594,15362102,WIPRO
2022-06-27,199.21844366382456,200.96802015970124,197.8187824671232,198.23867797851562,12447870,WIPRO
2022-06-28,196.88566083110098,200.19819493914724,193.9463782248296,199.33506774902344,12091828,WIPRO
2022-06-29,195.95255969042447,198.19201182022212,194.73951718758013,196.30247497558594,16684176,WIPRO
2022-06-30,196.8390069620179,197.35221888949022,193.61978921782136,194.1096649169922,12123284,WIPRO
2022-07-01,193.61978991901705,197.4455360415683,191.94019371306555,196.8856658935547,8907248,WIPRO
2022-07-04,196.39580061536245,196.76903790845307,194.0863539298553,196.092529296875,6372716,WIPRO
2022-07-05,196.46578206592974,197.3755533128541,192.71001592937483,192.9666290283203,11513210,WIPRO
2022-07-06,195.2993854176902,195.2993854176902,192.73334001841786,194.1096649169922,10522910,WIPRO
2022-07-07,195.9525379123626,197.79543057129735,194.64619335484866,196.32577514648438,10706024,WIPRO
2022-07-08,197.81876403591943,198.14535731328965,194.34293335939248,195.53265380859375,9535432,WIPRO
2022-07-11,193.50315330362423,193.61979173237867,189.21085343022486,191.84689331054688,16689574,WIPRO
2022-07-12,190.82046168774033,193.54980365729767,190.3539079916823,190.89044189453125,9777472,WIPRO
2022-07-13,192.22013505772526,192.22013505772526,189.11755562831925,189.74740600585938,11956780,WIPRO
2022-07-14,191.5669680131093,191.5669680131093,186.85477240326168,187.29800415039062,13161242,WIPRO
2022-07-15,187.06473173789172,188.5343732026177,182.42251623064797,183.752197265625,22328354,WIPRO
2022-07-18,186.15494715011437,189.2808629854653,185.0585429846948,188.83763122558594,13632394,WIPRO
2022-07-19,188.02115801440215,190.2606102806279,187.18136697409005,189.2575225830078,12897178,WIPRO
2022-07-20,191.66027151930066,194.78618728595205,189.9340312167464,192.2667999267578,25237412,WIPRO
2022-07-21,190.75049515917857,194.78618207185164,187.83453434971972,193.1532440185547,45382342,WIPRO
2022-07-22,193.96970407123132,194.73951484169532,190.84378853287535,191.68359375,15468542,WIPRO
2022-07-25,191.52029873310846,193.92304750175248,190.61051329967648,193.52647399902344,12535662,WIPRO
2022-07-26,193.52648131739602,193.80641640273717,188.62766715724018,189.04757690429688,15186298,WIPRO
2022-07-27,188.9309425030981,190.07399062200287,187.53128128461782,189.7240753173828,14084158,WIPRO
2022-07-28,192.12681814820658,194.55290321203378,191.70692264356833,194.0863494873047,15898464,WIPRO
2022-07-29,196.23248321574744,197.95872331141564,194.92612435185112,197.67880249023438,15919784,WIPRO
2022-08-01,198.84520554340213,201.03799953289538,197.16560926675223,200.15155029296875,10365748,WIPRO
2022-08-02,200.12820048461452,201.3878868384428,198.1220111803809,200.43145751953125,16912426,WIPRO
2022-08-03,200.15153507262704,202.01774985185898,199.45170453041504,201.71449279785156,12034938,WIPRO
2022-08-04,203.907295630075,205.42359520519744,199.26509470447692,203.18414306640625,17789134,WIPRO
2022-08-05,203.48739575772885,206.21673778187144,203.48739575772885,205.28363037109375,12967586,WIPRO
2022-08-08,206.5899669506242,206.5899669506242,203.04417031916972,203.34742736816406,9557496,WIPRO
2022-08-10,202.9508682238684,203.41742194392327,198.8918451641552,200.68807983398438,11329742,WIPRO
2022-08-11,204.35053096895484,206.21674586364847,203.55738394347415,204.56048583984375,9154644,WIPRO
2022-08-12,203.93063453208535,204.5838068946213,202.95086886923664,203.46408081054688,7092398,WIPRO
2022-08-16,204.58379059663434,205.19030469108108,203.69734144394735,203.9306182861328,4774208,WIPRO
2022-08-17,204.00059833190315,207.56973116693624,203.72066327388146,206.70660400390625,10401476,WIPRO
2022-08-18,206.100097623985,206.100097623985,202.50762842743714,202.97418212890625,16888260,WIPRO
2022-08-19,204.79376872668965,206.45002879922137,201.08466081912863,201.76116943359375,17253908,WIPRO
2022-08-22,201.03797741913502,201.03797741913502,195.5093134757619,195.95254516601562,12900580,WIPRO
2022-08-23,193.61979187839083,195.2527298821845,191.28702330154275,194.3896026611328,17028776,WIPRO
2022-08-24,194.92615239792073,195.7192994736222,193.31655049218392,194.15634155273438,7429170,WIPRO
2022-08-25,195.62594764094897,195.99919911885772,193.59645057205285,193.7130889892578,8753902,WIPRO
2022-08-26,195.25273255747618,197.11894744452493,194.22630867436348,194.66954040527344,7904194,WIPRO
2022-08-29,188.95425804927055,189.5841084237194,186.1549357077999,188.6510009765625,23519514,WIPRO
2022-08-30,190.8904344868897,194.0630080398237,189.53743166844336,192.94326782226562,19750992,WIPRO
2022-09-01,191.2403656726666,192.05683467708354,188.88427509801357,191.49697875976562,11778706,WIPRO
2022-09-02,192.4767483487356,192.57006479614452,189.93403889488755,190.21397399902344,9815080,WIPRO
2022-09-05,189.8873610866937,190.3539147994374,188.48769994846253,189.18753051757812,18018508,WIPRO
2022-09-06,189.88733796332275,190.05063459051564,187.2046544417279,188.6976318359375,18226162,WIPRO
2022-09-07,187.60125528539152,190.75049292268318,187.08804334132606,190.09732055664062,12248532,WIPRO
2022-09-08,191.2870086636509,193.31652001782194,191.1003900394016,192.59335327148438,14064948,WIPRO
2022-09-09,194.55289881880913,195.69596111381966,191.91687318123212,194.6228790283203,14671342,WIPRO
2022-09-12,195.88257826327884,198.00539195149258,195.04277304125844,196.8856658935547,11678424,WIPRO
2022-09-13,198.23866489563017,198.75187681483558,196.65238515834085,197.1889190673828,9408334,WIPRO
2022-09-14,190.82046672469625,197.21225822464672,190.82046672469625,194.22630310058594,17583964,WIPRO
2022-09-15,195.81258290092356,196.3724387675222,192.80330600488605,193.64309692382812,10640314,WIPRO
2022-09-16,192.57002977942778,192.57002977942778,186.71478684054603,187.3912811279297,20192486,WIPRO
2022-09-19,188.95424834740427,189.51411848218774,185.22181875041852,187.53126525878906,13584188,WIPRO
2022-09-20,189.42078939757968,191.00706902274968,188.69763690669112,188.90757751464844,8989822,WIPRO
2022-09-21,189.37415386203048,189.37415386203048,186.38821287387174,186.97140502929688,19290112,WIPRO
2022-09-22,185.68837631151962,186.78478037605223,184.28871518354333,185.66505432128906,16500324,WIPRO
2022-09-23,185.73503478640845,186.34154891413286,183.6588650818092,183.98545837402344,13966710,WIPRO
2022-09-26,182.88905932422577,186.248251823376,179.4365646233762,184.19540405273438,18994144,WIPRO
2022-09-27,185.12852639467928,187.2746765397108,182.88907404044085,185.87501525878906,12454694,WIPRO
2022-09-28,184.7552861997675,186.85477808840125,184.45202910791633,185.7117156982422,8921590,WIPRO
2022-09-29,187.08804484716737,187.50794035456798,182.67910642423635,183.26229858398438,11883068,WIPRO
2022-09-30,183.09902121790446,185.08187461571652,180.78957450639317,183.93881225585938,13570530,WIPRO
2022-10-03,183.7755153478207,185.68838852953698,182.2358937009777,184.05545043945312,8140834,WIPRO
2022-10-04,186.59816310708624,189.42080737394997,186.15493138474395,189.18753051757812,12591696,WIPRO
2022-10-06,190.9837573691711,192.686675503607,190.09730819873351,191.35699462890625,11203878,WIPRO
2022-10-07,191.19369117989484,192.103476545473,189.53743132142904,190.4005584716797,7580186,WIPRO
2022-10-10,186.76144850635885,192.9199633084172,186.50484965547707,191.89353942871094,18714926,WIPRO
2022-10-11,193.5731459884389,194.972807223696,187.69456595274102,188.67433166503906,22723292,WIPRO
2022-10-12,188.6043424541204,191.10040771888006,187.36797793623825,190.33059692382812,12610118,WIPRO
2022-10-13,180.5562697924523,183.05233476769166,176.40394498851222,176.87049865722656,84896212,WIPRO
2022-10-14,180.55629280084403,180.7895696649278,175.5408402230428,176.0307159423828,27864794,WIPRO
2022-10-17,176.03069726996512,176.80052223025444,173.7445870920607,175.00428771972656,16909538,WIPRO
2022-10-18,179.01665374668838,179.2732525769372,176.54391068553272,176.96380615234375,22328480,WIPRO
2022-10-19,177.85027073522352,177.85027073522352,175.91406154854081,176.380615234375,10198278,WIPRO
2022-10-20,175.8907427506553,178.50344628634647,175.42418905635648,177.990234375,11868814,WIPRO
2022-10-21,178.45681106415608,178.8300483724527,177.3837431242353,178.48013305664062,8931540,WIPRO
2022-10-24,180.2763480846874,180.2763480846874,179.15662204452696,179.48321533203125,3472470,WIPRO
2022-10-25,180.29968987816483,180.29968987816483,178.9933309259122,179.4598846435547,5783256,WIPRO
2022-10-27,180.08973699374135,180.53296872561987,177.8036265997289,178.5267791748047,11723118,WIPRO
2022-10-28,178.59676204533093,180.01975946386077,178.22352475678306,178.8067169189453,7609676,WIPRO
2022-10-31,180.34634399414062,181.20947126790108,179.5065529504274,180.34634399414062,6638382,WIPRO
2022-11-01,181.02281982270716,183.35558811939154,180.3696475472531,183.07565307617188,11540196,WIPRO
2022-11-02,183.2856162288413,184.218723589825,182.25919243652388,183.798828125,6716614,WIPRO
2022-11-03,181.83932622764715,183.70554124986802,179.87979475907895,181.25613403320312,10312476,WIPRO
2022-11-04,181.25614065185331,183.07569751734246,179.9264595523489,182.2125701904297,9023630,WIPRO
2022-11-07,183.3556075406714,184.2187347494858,180.83622036101283,182.65577697753906,8252598,WIPRO
2022-11-09,183.84549034321645,184.0087869952081,181.55937992960256,182.39918518066406,6862546,WIPRO
2022-11-10,181.39606029147564,182.4691422699494,180.5562693849205,181.44271850585938,5494908,WIPRO
2022-11-11,185.92165146514148,189.35082404492692,185.33845933382045,186.4815216064453,28417046,WIPRO
2022-11-14,187.85785186777326,187.85785186777326,184.54531761948658,185.01187133789062,17623428,WIPRO
2022-11-15,185.71170458701732,186.41153517469067,183.82216769553517,185.29180908203125,12462712,WIPRO
2022-11-16,186.1549232037503,187.41462386803371,184.84857856071386,185.8050079345703,11039528,WIPRO
2022-11-17,185.64172803864784,185.68838625969792,184.2887250567354,185.10519409179688,6057616,WIPRO
2022-11-18,185.61841226542703,186.10828800763886,183.26230728532266,183.752197265625,9546202,WIPRO
2022-11-21,183.75218055540807,184.03211562753953,180.8362198833916,181.3260955810547,7904612,WIPRO
2022-11-22,181.48940408932418,181.6760227369137,179.38991226823947,181.39608764648438,8410828,WIPRO
2022-11-23,182.30584905201218,182.86571915892353,181.02282644192124,181.37274169921875,6717760,WIPRO
2022-11-24,181.90928175674875,186.5048384729303,181.55936648756878,185.8050079345703,13370266,WIPRO
2022-11-25,186.15492755105518,188.67431470036894,184.7086082237174,187.92782592773438,13648550,WIPRO
2022-11-28,187.9278415707718,191.03043534535263,187.5546042724309,189.2575225830078,13679200,WIPRO
2022-11-29,188.02114333771092,190.77380735285362,187.9744851195378,189.02423095703125,9102602,WIPRO
2022-11-30,189.84071350097656,190.35392546135805,187.85786011075407,189.84071350097656,13892346,WIPRO
2022-12-01,192.61668641870088,194.24962427142896,192.056816316816,193.0132598876953,15852984,WIPRO
2022-12-02,193.0599259080921,193.106584128258,190.84379571206549,192.40675354003906,11726622,WIPRO
2022-12-05,192.8033183378929,193.5964653305863,191.5902758588691,192.3834228515625,9947062,WIPRO
2022-12-06,191.52031184609496,192.50007755577587,190.26061104249231,191.91688537597656,8832518,WIPRO
2022-12-07,190.8204765294054,191.05375339557827,189.0942220244902,189.56077575683594,6568616,WIPRO
2022-12-08,190.0039924675181,190.3539077390973,188.16109967529866,188.3477325439453,8940712,WIPRO
2022-12-09,189.42081220672185,189.42081220672185,182.53914476817715,183.84548950195312,15423336,WIPRO
2022-12-12,183.30894786512758,185.45509775595903,181.02283755801787,184.91856384277344,10365880,WIPRO
2022-12-13,185.85166663106702,186.3182203245111,184.75526260385567,185.5717315673828,6813842,WIPRO
2022-12-14,186.99472119054928,188.72097561202602,186.27156863560296,186.64480590820312,9995152,WIPRO
2022-12-15,186.5048480148208,186.5048480148208,183.84548613776016,184.3820343017578,7766926,WIPRO
2022-12-16,182.6091204714293,184.1954002484531,181.04616268482621,181.8393096923828,18012634,WIPRO
2022-12-19,181.2328049781259,182.18923444450633,179.94978220034767,181.51272583007812,8838046,WIPRO
2022-12-20,181.39608526165935,181.90929721435086,178.69007931196222,181.46607971191406,8778558,WIPRO
2022-12-21,182.37584386043255,183.47224793538203,180.95286072870604,181.72267150878906,10215214,WIPRO
2022-12-22,182.00259200997195,182.86571915892353,180.0897190891278,181.37274169921875,9093800,WIPRO
2022-12-23,179.15663457330945,180.01976183228325,175.8907584222335,176.1940155029297,12120710,WIPRO
2022-12-26,176.35729739857095,178.03689355474657,175.56415041873865,177.523681640625,7261148,WIPRO
2022-12-27,178.45678644697483,180.7195746913712,177.40704064434559,180.36965942382812,7685840,WIPRO
2022-12-28,179.62317498502844,181.745988630525,178.80670600782378,180.9295196533203,7676002,WIPRO
2022-12-29,180.20637072894488,182.93571278371957,179.52986215330276,182.3058624267578,9485398,WIPRO
2022-12-30,183.3555910534194,184.89521245863278,182.67908254132047,183.23895263671875,8256556,WIPRO
2023-01-02,183.35559951960727,183.7754949915001,182.18921529874464,183.37892150878906,5559512,WIPRO
2023-01-03,183.37891773135115,185.57172571663853,182.7490816555303,185.24513244628906,5994422,WIPRO
2023-01-04,185.45509209698903,185.45509209698903,181.30276709639747,181.81597900390625,8926522,WIPRO
2023-01-05,181.9559630315306,182.98238697976518,179.04000208551247,180.5096435546875,9568980,WIPRO
2023-01-06,180.55627920739937,181.39607015964015,177.9435756787443,178.2235107421875,8484754,WIPRO
2023-01-09,180.08973990890837,183.3556160212461,179.6698443992258,182.79574584960938,7347432,WIPRO
2023-01-10,182.88904583126222,183.7754949915001,180.71957402807544,183.37892150878906,7879496,WIPRO
2023-01-11,183.35562373054898,184.7552849804005,182.65579310562322,183.752197265625,7656600,WIPRO
2023-01-12,184.63864261448308,185.64173030791653,182.18923547935728,184.05545043945312,9510500,WIPRO
2023-01-13,184.755263042701,185.0351981070501,180.32300294445437,183.77549743652344,13621860,WIPRO
2023-01-16,181.9559428312212,187.08803352646075,181.48938913165395,185.9683074951172,23867444,WIPRO
2023-01-17,186.6448040085918,187.57791141868466,183.7055213620349,184.91856384277344,14310032,WIPRO
2023-01-18,185.92163302643692,188.41769794856245,185.68835619704365,188.11444091796875,16080426,WIPRO
2023-01-19,187.60126475403172,188.48771402683687,186.03830685198315,188.20777893066406,9447456,WIPRO
2023-01-20,188.27774412481162,189.14087133661505,187.22799827647782,188.09112548828125,9265614,WIPRO
2023-01-23,189.04756863792804,190.23727490099407,187.7878679280199,189.88735961914062,8815290,WIPRO
2023-01-24,191.00985876624173,191.85173253806494,189.4898243630394,190.16799926757812,9552640,WIPRO
2023-01-25,189.41965661168612,189.84058632730262,187.0811423325295,187.8060760498047,6355554,WIPRO
2023-01-27,187.80608852208962,188.7648880041132,184.36848372196332,186.16912841796875,7410134,WIPRO
2023-01-30,186.1691260772084,189.3261205240334,184.7660174341751,188.13348388671875,7261256,WIPRO
2023-01-31,188.15687088380378,188.27379660875596,186.00544896321125,186.54330444335938,9566846,WIPRO
2023-02-01,187.78268359482212,188.90516751634894,186.30942255574578,188.20361328125,7029896,WIPRO
2023-02-02,188.2036322438391,191.75817691444598,188.2036322438391,191.50094604492188,10835460,WIPRO
2023-02-03,192.95081650343363,193.1612885076814,189.95752094051298,190.7760009765625,8850236,WIPRO
2023-02-06,189.60674334401972,189.9809142092445,187.8294781219689,189.25596618652344,5958022,WIPRO
2023-02-07,189.6535168289394,189.6535168289394,186.636827559758,187.31500244140625,6683580,WIPRO
2023-02-08,187.5488373534256,190.63567892758985,187.5488373534256,190.23812866210938,8300976,WIPRO
2023-02-09,190.23815520113575,191.26710729378627,188.74150020694586,190.9630889892578,5277374,WIPRO
2023-02-10,190.3550724081829,190.3550724081829,188.39071460035814,189.7938232421875,5160140,WIPRO
2023-02-13,189.72366438957843,189.72366438957843,186.70698947331798,187.3617706298828,4825356,WIPRO
2023-02-14,188.48425180745647,190.0978323771063,187.78269752033194,189.4664306640625,4638822,WIPRO
2023-02-15,188.34394986883643,190.75261677437803,187.24484527897997,190.54214477539062,5227672,WIPRO
2023-02-16,191.19691927429972,193.27820266501325,191.0799935618587,191.71139526367188,11189362,WIPRO
2023-02-17,190.2849245980352,190.82278006957978,188.95196850027017,190.02767944335938,5616244,WIPRO
2023-02-20,189.55998365287996,190.72924092750458,188.1101160508735,190.3784637451172,6497188,WIPRO
2023-02-21,190.54214024996415,190.82276481756284,188.063320828019,188.36732482910156,5761172,WIPRO
2023-02-22,186.84728486999234,187.24483513924093,184.48539123358978,184.81277465820312,6883372,WIPRO
2023-02-23,185.11679531117528,186.47314508988276,183.99431124703742,184.25155639648438,6078322,WIPRO
2023-02-24,185.18693363268474,185.44416446934406,183.59673265754932,183.947509765625,5106634,WIPRO
2023-02-27,183.69029404215735,183.94752489998044,180.27606895191013,182.56781005859375,5554710,WIPRO
2023-02-28,183.26936580322354,183.90076750940707,180.3929961118967,181.02438354492188,10061602,WIPRO
2023-03-01,181.51549362207928,183.22260630803277,181.14132274791834,182.84844970703125,4542612,WIPRO
2023-03-02,181.7961295205885,182.5678364788936,181.14133401835596,181.4921112060547,4438972,WIPRO
2023-03-03,182.6847460825747,183.08229638150695,181.98319176910334,182.61459350585938,4393936,WIPRO
2023-03-06,183.549996740002,185.51434022688795,183.38629788113846,184.1580047607422,6727722,WIPRO
2023-03-08,183.17583949580603,183.80724127083403,181.8662770738783,183.6201629638672,4908842,WIPRO
2023-03-09,183.71370179935073,184.20479843067073,182.21706101490798,182.45091247558594,4157054,WIPRO
2023-03-10,181.42193567586105,182.35734139140885,180.81392767001842,181.98318481445312,4567396,WIPRO
2023-03-13,181.9364167526891,183.62014994230722,179.48097668083406,180.2760772705078,5982520,WIPRO
2023-03-14,180.79054292792884,181.07116751113995,176.48768498694227,177.46986389160156,8094852,WIPRO
2023-03-15,179.4576083872088,179.4576083872088,175.34181430450678,175.73936462402344,7687926,WIPRO
2023-03-16,175.55226799185354,176.1836696953869,173.05005488416703,174.3830108642578,7686620,WIPRO
2023-03-17,176.41753139104173,176.95538684641534,174.8507238942202,176.0901336669922,9044282,WIPRO
2023-03-20,175.388587938379,175.8329114037535,170.7817115072323,171.7171173095703,8184754,WIPRO
2023-03-21,172.58236335491802,173.16699195706883,170.92202383407343,171.3663330078125,7211152,WIPRO
2023-03-22,172.04450789557114,173.05006623663868,171.10910213212983,171.3663330078125,5374846,WIPRO
2023-03-23,170.6647718403782,170.6647718403782,168.53672952316236,169.0745849609375,9485192,WIPRO
2023-03-24,169.9398558337213,171.5768160247955,168.84075113651087,169.1915283203125,7906696,WIPRO
2023-03-27,169.19150828853196,170.24383971534385,167.99887171407522,168.95765686035156,6227714,WIPRO
2023-03-28,169.7761378935264,170.26722018643434,166.22159330889247,166.59576416015625,7813096,WIPRO
2023-03-29,167.43762862983252,168.72381153131866,166.03452001002947,167.9287109375,8823840,WIPRO
2023-03-31,169.93984333981496,171.06232739082353,168.98104387735165,170.82847595214844,7914212,WIPRO
2023-04-03,172.0912628173828,172.30172052797835,170.7816863233272,172.0912628173828,4053500,WIPRO
2023-04-05,172.9097565521182,173.93869430105568,171.74049937844458,172.93313598632812,6443110,WIPRO
2023-04-06,172.58236575032916,173.26054064750073,171.10910450709238,171.48326110839844,6429614,WIPRO
2023-04-10,172.11465584460282,175.10795135248588,171.92757755157743,174.59347534179688,5624940,WIPRO
2023-04-11,174.6870111623863,175.3184128525446,172.39527009547658,173.16697692871094,6784354,WIPRO
2023-04-12,173.33068455493364,174.66364057428706,172.74605597391533,174.0556182861328,5578210,WIPRO
2023-04-13,173.00330186857448,173.00330186857448,171.17926339198044,172.25497436523438,6724634,WIPRO
2023-04-17,168.34965912341085,169.2850648931797,164.631415479316,169.0044403076172,13603290,WIPRO
2023-04-18,169.9866321788299,172.5356045318662,168.02227420330578,172.06790161132812,8024898,WIPRO
2023-04-19,172.06787010647187,172.06787010647187,168.56009884469347,168.74717712402344,7475944,WIPRO
2023-04-20,168.6068890245973,170.10354395682555,167.9053347013327,169.70599365234375,4423266,WIPRO
2023-04-21,170.29061328249801,172.4420492817828,170.08014128734465,172.13803100585938,5299988,WIPRO
2023-04-24,175.38858133113965,177.07231456655046,173.30729779007976,176.768310546875,17779044,WIPRO
2023-04-25,176.88523206537047,177.2126155121818,174.9676474337423,175.6925811767578,7528552,WIPRO
2023-04-26,176.62798230724957,176.62798230724957,174.64024515131683,175.1781005859375,7008146,WIPRO
2023-04-27,176.04336169536958,176.13690798090852,174.0088513067513,175.1079559326172,8491700,WIPRO
2023-04-28,177.72708328048904,181.46870608639406,177.72708328048904,180.0655975341797,27709406,WIPRO
2023-05-02,181.93641978796356,183.40968100102344,181.21148603534715,181.63241577148438,9746608,WIPRO
2023-05-03,181.63238455820635,181.63238455820635,178.68584836528564,180.1123504638672,4828488,WIPRO
2023-05-04,179.94867812641323,180.60345928575674,179.15357754303693,179.4575958251953,6253358,WIPRO
2023-05-05,179.0132796913558,179.78498659894663,177.2593938681224,177.44647216796875,7902194,WIPRO
2023-05-08,178.19479686333702,179.1302026211498,177.5400156874999,177.8907928466797,9613544,WIPRO
2023-05-09,178.89632642346584,179.34064980619877,177.75044881946442,178.8027801513672,5716698,WIPRO
2023-05-10,179.597898004886,179.85512886828582,178.66249228611053,179.48097229003906,3670402,WIPRO
2023-05-11,180.39299780928457,180.93085324066539,179.1769675254072,179.9019012451172,4049964,WIPRO
2023-05-12,179.87853309940317,180.18253712116,178.45203073091432,179.24713134765625,4580358,WIPRO
2023-05-15,179.24713982256372,181.00102573080798,178.89636264091487,180.41639709472656,5089694,WIPRO
2023-05-16,181.23484620308344,181.84285417140492,180.76714337417224,180.9776153564453,4059352,WIPRO
2023-05-17,180.626832545191,181.1646879268654,178.35847104179143,178.8027801513672,5376102,WIPRO
2023-05-18,180.15914551239229,180.22929808603286,178.7794163804414,178.943115234375,4237016,WIPRO
2023-05-19,179.97205090518844,181.56225201313586,179.36404290967317,180.62684631347656,7281582,WIPRO
2023-05-22,180.76716267723717,185.49096460829873,180.25268665586546,185.09341430664062,12197390,WIPRO
2023-05-23,185.67803639930176,188.06332385251395,185.23371297069488,185.98204040527344,12725634,WIPRO
2023-05-24,184.50878105680758,187.2916188251028,183.97092561431558,186.9408416748047,8256974,WIPRO
2023-05-25,186.6134422224664,186.6134422224664,183.64352618960746,184.3217010498047,13605054,WIPRO
2023-05-26,184.8127888153839,188.27378724724613,184.74263623853273,187.87625122070312,7926180,WIPRO
2023-05-29,188.9519522930396,189.88735799746058,186.77713688489249,186.9875946044922,7959308,WIPRO
2023-05-30,187.08115476999222,188.8818137392853,186.82392389144724,188.2504119873047,7378972,WIPRO
2023-05-31,187.89962121799198,189.32610921057025,187.31499265166343,188.7882537841797,11783582,WIPRO
2023-06-01,189.41967355822524,190.82278225124915,188.97535009617047,190.42523193359375,7065484,WIPRO
2023-06-02,191.15017180190293,191.6646335487828,188.95196256771783,189.3962860107422,6320754,WIPRO
2023-06-05,191.24369658694647,191.64124687255236,188.81165027899956,189.04550170898438,7252860,WIPRO
2023-06-06,188.64795668904193,188.64795668904193,184.99986571555587,187.05776977539062,13707400,WIPRO
2023-06-07,188.20362300954693,188.76487213590022,187.54884187757358,188.3907012939453,8215860,WIPRO
2023-06-08,188.9987384507241,189.30274247096838,186.49652516441913,186.8706817626953,10615052,WIPRO
2023-06-09,186.82391670293526,187.24484643033955,185.23371553004972,185.81834411621094,12018232,WIPRO
2023-06-12,186.9875978439515,186.9875978439515,184.55555153421807,185.02325439453125,11973622,WIPRO
2023-06-13,186.12236096621064,186.37959183287708,184.5087803715684,184.99986267089844,13016186,WIPRO
2023-06-14,185.35064003635762,185.74819032698173,183.66692113774045,185.42080688476562,18512564,WIPRO
2023-06-15,185.72483134184685,185.88853021755807,181.5856576684995,181.91305541992188,28702320,WIPRO
2023-06-16,180.3228354601432,181.7727172088877,177.32953995273581,178.33509826660156,41110648,WIPRO
2023-06-19,178.66249436550692,178.66249436550692,176.3707531824659,177.7972412109375,10629440,WIPRO
2023-06-20,178.56893409810522,180.04220942546633,178.00769926815786,178.89633178710938,11802658,WIPRO
2023-06-21,179.71482515644317,181.11793374582334,179.17696971847917,180.29945373535156,8829264,WIPRO
2023-06-22,180.53328627309233,180.53328627309233,178.47539674533618,178.8027801513672,9356174,WIPRO
2023-06-23,178.80281047395954,179.13020820867,176.83846688517534,177.70372009277344,6470406,WIPRO
2023-06-26,177.72708054934205,178.61571309745716,177.28275713870548,178.14801025390625,4100400,WIPRO
2023-06-27,179.71482209073804,179.71482209073804,178.42863923908018,178.943115234375,5880750,WIPRO
2023-06-28,179.48098676790795,179.48098676790795,178.1012575121546,178.52220153808594,7140112,WIPRO
2023-06-30,180.06559730582677,182.28718584401554,179.13019160553674,182.00656127929688,9070810,WIPRO
2023-07-03,184.22814612725728,184.22814612725728,182.17025648247198,183.15243530273438,9036924,WIPRO
2023-07-04,184.15799869590248,185.84173182432528,183.80722155552934,185.18695068359375,12617234,WIPRO
2023-07-05,184.32169569314996,184.92970368774374,183.2693642826281,184.2281494140625,12366958,WIPRO
2023-07-06,184.5087782131612,185.65465592907162,183.877376497724,185.3038787841797,9037242,WIPRO
2023-07-07,184.74263220409688,185.88850993589213,183.9007727539493,185.1401824951172,9065220,WIPRO
2023-07-10,185.1401813443063,185.1401813443063,182.2404178817626,182.3807373046875,5630400,WIPRO
2023-07-11,182.40409945157873,183.71366163581433,181.39854124513099,183.36288452148438,9634838,WIPRO
2023-07-12,184.22814853015456,184.2515422363933,182.56780913300506,183.2693634033203,6848220,WIPRO
2023-07-13,183.26937394986382,186.426368347957,182.9887493709571,184.4152374267578,13595726,WIPRO
2023-07-14,184.6257051610082,189.65351093803375,183.50322114449003,189.4430389404297,31366784,WIPRO
2023-07-17,190.3550742446192,198.7503467418213,189.79382507320918,194.213623046875,45759860,WIPRO
2023-07-18,195.49979745165064,196.57550833123594,192.81050597952864,195.12564086914062,17769026,WIPRO
2023-07-19,196.4352103693901,196.90291325122197,193.69914565604174,195.47642517089844,10830990,WIPRO
2023-07-20,195.73365565006316,196.43520997138955,193.93299670402692,195.3361053466797,8255710,WIPRO
2023-07-21,189.4196477923206,193.79267214536745,187.54883645610016,189.2793426513672,23514212,WIPRO
2023-07-24,190.02767327042733,190.82277387081936,188.71811092371473,188.975341796875,6808460,WIPRO
2023-07-25,189.65350639280013,189.65350639280013,187.08114070806423,187.26821899414062,6458200,WIPRO
2023-07-26,188.7181019703103,188.7648751104365,187.7359231202941,188.36732482910156,5329662,WIPRO
2023-07-27,188.95196070187603,190.1679910263714,186.6134463367538,187.05776977539062,8948358,WIPRO
2023-07-28,187.57223189696435,188.41410563400828,185.4675689640931,186.49652099609375,6760060,WIPRO
2023-07-31,186.9642194759038,189.88736236952332,186.59006289478396,189.4430389404297,6762180,WIPRO
2023-08-01,189.65350545686826,190.82276258052343,188.97533061588499,190.33168029785156,7181804,WIPRO
2023-08-02,189.84058297605944,189.84058297605944,186.61343618242358,188.3907012939453,5399618,WIPRO
2023-08-03,188.01655455506835,188.01655455506835,185.7014196292685,186.91744995117188,6821698,WIPRO
2023-08-04,187.47869868742427,191.75817710226997,187.2214535444893,191.22032165527344,12481540,WIPRO
2023-08-07,191.73480087592944,193.16128894702516,190.84615398767002,192.29603576660156,8822866,WIPRO
2023-08-08,192.88065637488867,195.26594381262066,191.7347929331768,194.72808837890625,15724284,WIPRO
2023-08-09,194.33053912685247,195.73364771260594,192.95080997493147,195.40625,9309388,WIPRO
2023-08-10,195.07888395766474,196.80937613719058,194.35393589314617,195.80381774902344,9901644,WIPRO
2023-08-11,195.8038007528335,197.44076077343814,192.85727842500864,193.18466186523438,7571468,WIPRO
2023-08-14,193.27820701966792,194.6579361668213,191.52432129353662,194.16683959960938,5792180,WIPRO
2023-08-16,193.69915468269966,196.528765813542,193.6290021017875,195.80381774902344,8131780,WIPRO
2023-08-17,195.803797895872,196.62227789423193,193.86283389725017,195.28932189941406,6340960,WIPRO
2023-08-18,194.1200923224299,194.72811468572675,190.8227924272526,192.5532989501953,10602392,WIPRO
2023-08-21,192.60003037302454,195.19578978747012,192.52987779926298,193.90960693359375,7334260,WIPRO
2023-08-22,194.09669378519152,195.5465755572549,193.04436231286218,195.07887268066406,6350240,WIPRO
2023-08-23,195.14902881711882,195.47642654596788,193.9096190261776,194.213623046875,6134234,WIPRO
2023-08-24,195.85056201664173,196.43519055997498,192.69356788264213,193.02096557617188,5776956,WIPRO
2023-08-25,191.75816402918426,192.36617201074532,190.4018286504387,191.61785888671875,6598510,WIPRO
2023-08-28,192.43636215264252,192.90406504836102,190.6590825850164,190.84616088867188,3401974,WIPRO
2023-08-29,191.59447106712233,192.64680248741757,190.40183450005108,190.86953735351562,3998562,WIPRO
2023-08-30,191.75817068408986,191.85171696441864,190.19136326411257,190.4486083984375,4018182,WIPRO
2023-08-31,190.82277887660487,191.75818465541178,190.09784510729332,191.00985717773438,22061952,WIPRO
2023-09-01,190.79938721431395,195.38286952747853,190.5889152183064,194.72808837890625,8476130,WIPRO
2023-09-04,195.49979672523403,204.15229969034607,194.564390999276,203.02981567382812,27634648,WIPRO
2023-09-05,203.82491111381864,204.6200117257883,201.252545252123,201.9774932861328,17973426,WIPRO
2023-09-06,202.86611929032304,203.70797874468505,199.19464891654653,200.7848358154297,13531912,WIPRO
2023-09-07,201.0888549593391,202.84274072439968,199.59220006389054,202.4451904296875,9322650,WIPRO
2023-09-08,202.7258089585338,202.7258089585338,200.78483068458084,201.1122283935547,5748410,WIPRO
2023-09-11,202.51533160013236,204.61999439967184,201.15899620617188,203.38058471679688,8253314,WIPRO
2023-09-12,204.4329234920913,206.49081322680945,199.66234859842595,203.45074462890625,14545328,WIPRO
2023-09-13,203.4273753024799,204.83048395584154,201.81379464185028,203.7781524658203,7445670,WIPRO
2023-09-14,205.04093353329816,207.30929528729456,203.59105179453644,204.12892150878906,14895010,WIPRO
2023-09-15,205.6957059152877,207.54313786583558,204.97077221341397,206.28033447265625,19835876,WIPRO
2023-09-18,206.28034587093603,206.28034587093603,203.54429548979383,203.96522521972656,6025196,WIPRO
2023-09-20,203.09997594106568,204.3160062855001,200.66791525219682,201.1590118408203,9102700,WIPRO
2023-09-21,201.06546395438144,201.69686569292153,197.86169639251133,200.62115478515625,8893070,WIPRO
2023-09-22,198.4930865364227,199.59219108772962,194.84501001842347,195.733642578125,19818260,WIPRO
2023-09-25,195.73367123511585,196.31829988277153,192.6936022673064,193.67578125,9301132,WIPRO
2023-09-26,194.93854019500645,194.93854019500645,192.55326710270816,193.114501953125,6480566,WIPRO
2023-09-27,192.81050889136057,194.8216255307516,191.89848258212575,194.40069580078125,7773994,WIPRO
2023-09-28,194.79824284327609,194.79824284327609,188.95195704365796,189.58335876464844,16876116,WIPRO
2023-09-29,189.4196538019094,191.4073909097072,187.78269383078177,189.91073608398438,12780272,WIPRO
2023-10-03,190.0978298048795,190.86953665564275,188.7648738227475,189.630126953125,5728104,WIPRO
2023-10-04,188.34394133352785,189.630124156887,187.38514193767435,189.3728790283203,6905870,WIPRO
2023-10-05,190.79939010075213,191.94525355979877,189.41966093529328,190.2615203857422,8125304,WIPRO
2023-10-06,190.8227770898405,191.6646365736202,190.3316947698289,190.75262451171875,6365004,WIPRO
2023-10-09,189.04549049595718,192.2258640458468,188.67131966627989,189.7002716064453,6030450,WIPRO
2023-10-10,190.0744393491543,191.17354392420654,189.98090734109877,190.70584106445312,5128014,WIPRO
2023-10-11,191.29048100819674,198.28264488634204,191.29048100819674,196.9730682373047,19092228,WIPRO
2023-10-12,197.25368820217957,197.32384077903637,193.9563886314779,195.07887268066406,10234398,WIPRO
2023-10-13,192.64678730930152,193.81604435084031,191.31383142731582,192.24923706054688,10914054,WIPRO
2023-10-16,192.22588694777653,192.64681669230038,190.8929308624849,191.8517303466797,5277652,WIPRO
2023-10-17,192.5532680265445,193.55882629404584,192.24924975714052,192.41294860839844,5979388,WIPRO
2023-10-18,191.2904702245965,193.46528567447425,190.35506450222684,190.56553649902344,4881066,WIPRO
2023-10-19,183.31615653967708,185.56112474031494,182.45090332393718,184.88294982910156,25629102,WIPRO
2023-10-20,184.7660039494313,185.23370679630813,182.87181312884337,183.2693634033203,8429336,WIPRO
2023-10-23,182.80168119600813,183.80723957569614,178.75605396837605,179.2003631591797,8837826,WIPRO
2023-10-25,179.784982816852,181.32841087272428,178.2415690341388,178.59234619140625,6678294,WIPRO
2023-10-26,177.16583070715905,177.9843106800438,175.41194505097747,176.90859985351562,10995582,WIPRO
2023-10-27,177.282774295597,179.76160817020565,177.282774295597,178.82620239257812,6202812,WIPRO
2023-10-30,179.5979118946335,179.76161076271106,177.91417861598939,178.66250610351562,4688744,WIPRO
2023-10-31,179.2237346057338,179.64466430853128,177.32952953340813,178.56893920898438,6153536,WIPRO
2023-11-01,179.52775272906075,180.32283905844787,177.79724636971142,178.17141723632812,4241952,WIPRO
2023-11-02,179.50434141302034,180.13574309155777,178.70925516162606,179.43418884277344,4742730,WIPRO
2023-11-03,180.53331369111453,180.86071142002535,178.96650617102867,179.38743591308594,5291528,WIPRO
2023-11-06,180.53330295724183,180.74377495233622,179.13019438503528,179.9019012451172,4939936,WIPRO
2023-11-07,180.01881995105256,181.0009987679911,179.0600348399685,179.27049255371094,5692178,WIPRO
2023-11-08,179.8785265129403,180.46315509997328,178.42864476246675,178.75604248046875,7102052,WIPRO
2023-11-09,179.13019206482082,179.59789491616502,177.58677836464835,178.1246337890625,9231126,WIPRO
2023-11-10,177.8674068787507,178.56896122763848,176.3239930204615,177.3997039794922,10710700,WIPRO
2023-11-13,178.9431179841461,179.08342313358327,177.7270876874424,178.49879455566406,3585902,WIPRO
2023-11-15,180.32283665156666,183.45645160429427,179.71482862702376,183.1758270263672,10792518,WIPRO
2023-11-16,183.17582145426735,186.84729174366186,182.07671688349646,185.7248077392578,13843576,WIPRO
2023-11-17,186.14574837415168,186.61345125951388,184.50878827538403,184.92971801757812,7886928,WIPRO
2023-11-20,183.90077772313552,187.5956276124243,183.90077772313552,187.17469787597656,8610496,WIPRO
2023-11-21,188.29717337656265,188.29717337656265,187.10452252545713,187.38514709472656,5440248,WIPRO
2023-11-22,188.25039045725816,188.29716359523314,186.6602036782135,187.19805908203125,5318582,WIPRO
2023-11-23,187.31500621345472,189.41966920461712,187.31500621345472,188.2504119873047,9677360,WIPRO
2023-11-24,188.25041115886032,188.71811404372707,184.9998703997728,185.21034240722656,6250566,WIPRO
2023-11-28,185.67803221182805,186.49651220268626,183.85399394397578,185.60787963867188,8145314,WIPRO
2023-11-29,186.14575405649038,191.08001393842238,186.14575405649038,190.00430297851562,15544086,WIPRO
2023-11-30,190.33168581927893,193.86283672589119,188.9753360979653,193.18466186523438,19825958,WIPRO
2023-12-01,193.51206324920693,193.51206324920693,190.12121742792172,190.65907287597656,9830426,WIPRO
2023-12-04,193.0209765202438,193.16128166933584,190.23813878693062,190.56553649902344,10662472,WIPRO
2023-12-05,190.54214969008584,191.2904771497043,188.06333014533132,189.11566162109375,11165368,WIPRO
2023-12-06,190.23815123600747,196.62229285432332,189.86399463183844,195.8505859375,22082070,WIPRO
2023-12-07,196.43519445443255,197.13674872034122,194.86838707260486,195.61671447753906,11250552,WIPRO
2023-12-08,195.8739655627624,198.53987775782028,194.09670028149685,197.6512451171875,15479122,WIPRO
2023-12-11,196.43519574965458,197.4641477223684,195.14901292034136,196.7158203125,10084242,WIPRO
2023-12-12,196.76260280062473,200.13005489529326,196.5053576586447,197.4641571044922,11903364,WIPRO
2023-12-13,198.09553790796673,198.44631504812236,194.09668421945574,196.27149963378906,9696816,WIPRO
2023-12-14,198.0721619020769,203.91844767250421,197.95523618666837,203.1701202392578,24681376,WIPRO
2023-12-15,203.94181196776526,210.23242069905794,202.7491754683907,208.85269165039062,41567234,WIPRO
2023-12-18,208.59548235662461,212.1032539209176,206.72467085566834,208.2447052001953,20182072,WIPRO
2023-12-19,208.40840617248446,209.2268862124446,203.45075279009401,205.18125915527344,16064694,WIPRO
2023-12-20,206.72468524752267,210.23245705602136,200.80824631848688,202.02427673339844,26449942,WIPRO
2023-12-21,200.59775997132968,204.15230467132707,199.80267364876173,202.98304748535156,10663008,WIPRO
2023-12-22,203.5910451303906,218.08983349710155,202.98303713395313,216.38272094726562,46080814,WIPRO
2023-12-26,212.33709251552025,222.53300886977758,209.69457428488164,219.8671112060547,54628644,WIPRO
2023-12-27,219.11878600047044,222.3459328222598,217.06089630781915,220.26466369628906,25262992,WIPRO
2023-12-28,221.0129777793264,223.28133947412243,218.72123665111164,219.5631103515625,16839956,WIPRO
2023-12-29,220.2646753971037,222.32256519907344,217.9963135914452,220.42835998535156,15961140,WIPRO
2024-01-01,221.223449466849,226.13432942330124,219.025240348507,223.16441345214844,20347278,WIPRO
2024-01-02,223.56197715396402,223.56197715396402,217.15444197396957,219.44619750976562,14282514,WIPRO
2024-01-03,216.96734601055826,216.96734601055826,212.80479356253804,213.22572326660156,19534364,WIPRO
2024-01-04,213.74021169242843,215.07316772719898,211.1210727645415,211.58877563476562,15170336,WIPRO
2024-01-05,212.82816789157516,216.54641111347786,212.10323421158145,213.55311584472656,16889130,WIPRO
2024-01-08,213.9740622782207,215.14331944913994,210.02196733125015,210.62998962402344,10082886,WIPRO
2024-01-09,214.2079080845076,216.31257093686628,210.4429058023293,210.8170623779297,14465048,WIPRO
2024-01-10,211.1444660994862,213.27250844598856,209.99858836019487,212.1500244140625,8874676,WIPRO
2024-01-11,212.7814298482315,213.69344189554823,208.92288110848762,209.6244354248047,8638818,WIPRO
2024-01-12,212.80479090230665,219.35263062237763,212.80479090230665,217.69229125976562,36086734,WIPRO
2024-01-15,239.44048361416074,247.41481162553117,228.7768498989195,231.32583618164062,127844264,WIPRO
2024-01-16,231.51292041896545,231.51292041896545,224.7312288107331,226.8358917236328,25912492,WIPRO
2024-01-17,222.22901203837677,229.8759566871802,220.7557508776176,225.61985778808594,28668932,WIPRO
2024-01-18,225.61986017192925,228.7067019485662,219.0720200343425,225.73678588867188,26144924,WIPRO
2024-01-19,228.23899734480392,230.7412105186871,226.18110760042512,226.85926818847656,15498620,WIPRO
2024-01-23,223.58533482541344,227.30357807729905,218.44060363436344,219.7735595703125,19972336,WIPRO
2024-01-24,220.7578631042886,224.50746587463743,219.37519136128267,224.06219482421875,11708750,WIPRO
2024-01-25,224.0621704497216,224.67148941577847,219.60951764431206,220.2891387939453,12852980,WIPRO
2024-01-29,220.28915050417876,223.57005274573038,220.28915050417876,221.69525146484375,10051300,WIPRO
2024-01-30,222.35141943280718,226.33537198233284,220.9921914236886,221.4608917236328,11828014,WIPRO
2024-01-31,221.46091570351047,224.92929543793548,219.82046447607703,224.10906982421875,10584480,WIPRO
2024-02-01,223.82782354969277,223.89814003788726,220.5703650322089,220.92189025878906,7828120,WIPRO
2024-02-02,222.63265561549025,228.02270938302317,222.63265561549025,226.4525604248047,16296222,WIPRO
2024-02-05,226.38225855382683,229.42881068757399,224.5777594292722,226.07760620117188,11566604,WIPRO
2024-02-06,227.17905026562138,235.19381427499238,226.42912689474963,234.1861114501953,29024038,WIPRO
2024-02-07,234.79542965631617,235.1469548942664,230.858335548395,232.10040283203125,9103534,WIPRO
2024-02-08,232.4284923945257,234.39703951558627,227.36653451694,229.12416076660156,11303840,WIPRO
2024-02-09,230.0849910407426,231.8894901868986,226.2650861803442,229.87408447265625,7893788,WIPRO
2024-02-12,230.1318610080605,239.41212177941034,230.1318610080605,235.02978515625,48873500,WIPRO
2024-02-13,235.80314127087928,240.44327172413398,230.45996031550723,239.78709411621094,22373576,WIPRO
2024-02-14,236.20153383503916,242.31806733749582,232.96749015883574,241.1463165283203,22594656,WIPRO
2024-02-15,242.2946231696187,245.05993774520698,240.46668057663325,243.02110290527344,14570776,WIPRO
2024-02-16,244.8959159499813,255.44167309615275,244.16943617912892,254.5042724609375,34942644,WIPRO
2024-02-19,255.86350970133537,255.86350970133537,249.04389733094627,251.19993591308594,18602758,WIPRO
2024-02-20,251.12961901820466,252.23108190506485,246.65353680335505,249.32513427734375,10374126,WIPRO
2024-02-21,251.1765104066625,251.36397336846022,243.4898137930316,244.38035583496094,13115574,WIPRO
2024-02-22,245.0365273229982,249.81727642059172,244.4037933190335,248.90330505371094,14596482,WIPRO
2024-02-23,250.75466910670673,253.68404608225237,249.9578728479189,251.29368591308594,19860994,WIPRO
2024-02-26,251.34053556113741,251.4577106359911,246.5597867856682,249.77040100097656,8820636,WIPRO
2024-02-27,250.28595455272642,251.87954697964815,247.2628319644988,249.0907745361328,10399260,WIPRO
2024-02-28,248.41117221569402,248.85644324582205,241.38066734166495,242.6461639404297,12789056,WIPRO
2024-02-29,242.4586579816602,245.71613076812264,240.53699820632337,243.06796264648438,14462764,WIPRO
2024-03-01,244.8490563149495,246.1614114772042,242.57584261994688,243.3023223876953,9420630,WIPRO
2024-03-04,245.1068328334668,246.72385462438982,243.04454002660896,243.95851135253906,5662370,WIPRO
2024-03-05,242.66958439611759,243.9585102427411,239.34180934956996,240.5838623046875,10521548,WIPRO
2024-03-06,240.771359776474,241.3103479794192,234.3501596798078,240.51358032226562,11091922,WIPRO
2024-03-07,240.7947951722908,243.91166381788676,239.27151909577512,241.61502075195312,9707982,WIPRO
2024-03-11,242.50555181724107,243.23203157624292,240.11516307211664,241.16973876953125,11131512,WIPRO
2024-03-12,240.32608988404874,244.8959180193378,237.9825882762082,239.43556213378906,11652760,WIPRO
2024-03-13,240.8182253371664,243.11486841139475,232.85031967738382,236.41244506835938,13580480,WIPRO
2024-03-14,234.88916223268663,243.20860720655952,232.0769603159742,242.76333618164062,12825472,WIPRO
2024-03-15,241.26349372052132,242.90394486772254,237.34984312290723,242.3180694580078,13649086,WIPRO
2024-03-18,242.78676186731207,243.04454131773954,238.56845905494563,239.1309051513672,6393960,WIPRO
2024-03-19,238.56847793542434,238.56847793542434,231.13957453388622,231.93637084960938,9617386,WIPRO
2024-03-20,232.49879953856632,234.93604704481007,229.28821363030974,231.30361938476562,8385344,WIPRO
2024-03-21,234.18612732874703,236.8342814490548,233.62369549015753,234.56109619140625,11644580,WIPRO
2024-03-22,229.31162736941172,230.01467783656372,224.7652286270561,228.30392456054688,28646502,WIPRO
2024-03-26,227.78835740258748,230.1084297272015,224.53088443022622,224.90585327148438,18273346,WIPRO
2024-03-27,224.83553532000147,225.42141068376674,220.8750121395091,221.3671417236328,14320668,WIPRO
2024-03-28,223.4294624430841,226.40569822106127,222.77327051056673,225.02304077148438,15455150,WIPRO
2024-04-01,226.71034349019942,227.97582573288165,225.70262639050296,227.2962188720703,6041008,WIPRO
2024-04-02,225.89012998416928,226.24165523201043,224.7886813468805,225.53860473632812,6932654,WIPRO
2024-04-03,224.9761360376589,228.5851339413687,223.07790561128016,226.47598266601562,13794516,WIPRO
2024-04-04,227.69461092511693,230.57712935106778,224.78867750808175,228.4445343017578,16004046,WIPRO
2024-04-05,228.02269978113915,228.3273521205382,226.17132784359399,227.34307861328125,6414344,WIPRO
2024-04-08,229.66315149608945,230.41307485149022,224.13249356925562,224.9292755126953,26640770,WIPRO
2024-04-09,226.82751779666413,227.43682247030245,222.72639013748815,223.00759887695312,15801250,WIPRO
2024-04-10,223.80440862967825,224.71837999892492,221.74213002867953,223.71066284179688,10771534,WIPRO
2024-04-12,222.63264709245757,224.97614864079924,220.28914554411594,220.6406707763672,13170046,WIPRO
2024-04-15,218.62527583206491,219.5158036031603,214.75849808865692,215.29750061035156,12176472,WIPRO
2024-04-16,212.34468293868858,214.89910550859463,208.47790514055137,210.1417999267578,21439424,WIPRO
2024-04-18,212.08690318939765,213.46957490953062,207.56394778320546,208.26699829101562,21986258,WIPRO
2024-04-19,206.22814193211624,212.74307355516106,204.82204096439725,212.20407104492188,20470106,WIPRO
2024-04-22,212.20407276236133,218.48465427495057,210.9151468648539,216.53955078125,18881740,WIPRO
2024-04-23,218.78930875443902,218.78930875443902,215.69589801321194,216.58642578125,10322712,WIPRO
2024-04-24,217.43006855333385,217.78159378196187,214.9459626591351,215.55526733398438,5915168,WIPRO
2024-04-25,215.08657302928142,216.79732632894198,213.63359918303325,216.0708465576172,11805090,WIPRO
2024-04-26,216.492682083782,223.0076138858216,216.35207770458655,217.7581787109375,21478294,WIPRO
2024-04-29,219.18768499921092,219.35173295936585,216.35205400183762,216.98480224609375,7249940,WIPRO
2024-04-30,217.00824331010656,218.76586947082558,216.30519284581896,216.72702026367188,8902956,WIPRO
2024-05-02,216.7270313303772,217.00825439117196,213.46957259500175,214.38352966308594,14937276,WIPRO
2024-05-03,215.78960704343055,216.539530355598,212.41497359407325,214.36007690429688,9730626,WIPRO
2024-05-06,215.03970831757135,216.82077817555523,213.72735309892985,214.9694061279297,6918126,WIPRO
2024-05-07,216.44579546696352,218.10969013448153,212.78993880367014,217.43006896972656,9278528,WIPRO
2024-05-08,217.9456445843357,218.6018221589237,216.21144771244036,217.10198974609375,8205680,WIPRO
2024-05-09,216.42236533691735,217.66441828159637,212.81336727526312,213.6804656982422,9233484,WIPRO
2024-05-10,213.7507745772607,214.43039576067383,211.05574774529595,211.78224182128906,6654714,WIPRO
2024-05-13,211.78224392824276,212.43842152009475,208.57164385315423,211.82911682128906,7111608,WIPRO
2024-05-14,212.18063467978845,215.55526830770268,211.94628452631116,213.89138793945312,4909420,WIPRO
2024-05-15,213.89140181104298,215.484980097318,213.09460551610587,214.80535888671875,4793424,WIPRO
2024-05-16,216.5395447220328,219.11739644491414,213.77421573457067,217.6878662109375,14621472,WIPRO
2024-05-17,217.66442477779964,217.66442477779964,215.62557553416096,216.0708465576172,6876820,WIPRO
2024-05-21,217.00824507635056,217.85189991892292,215.46153976376843,216.0239715576172,8467448,WIPRO
2024-05-22,216.96136437511018,217.21915812032728,215.06313389584702,216.21144104003906,7765884,WIPRO
2024-05-23,216.77389708893222,219.35174883809788,216.4223718504096,218.3206024169922,13171332,WIPRO
2024-05-24,218.88304563393268,220.52349672540754,216.53954407468288,217.31289672851562,8205526,WIPRO
2024-05-27,216.539559130445,216.60986132139087,211.66507840900766,212.0634765625,40983758,WIPRO
2024-05-28,212.78994825026973,214.31322431153265,212.36812081710127,213.7507781982422,15778126,WIPRO
2024-05-29,212.78994685419138,213.49299733939245,210.68079539858815,211.29010009765625,9756036,WIPRO
2024-05-30,210.44644774562443,210.68079791015185,203.93151603248188,204.79861450195312,20724568,WIPRO
2024-05-31,205.0798243084693,207.23584869390075,204.11899435041784,205.38449096679688,21438004,WIPRO
2024-06-03,211.00890101467547,211.17293469252593,206.95463158804097,208.1498260498047,8964424,WIPRO
2024-06-04,208.99346561479234,208.99346561479234,195.4480295005349,205.3610382080078,17730732,WIPRO
2024-06-05,206.087536522902,213.25864570085392,205.78286987187903,211.61819458007812,12267428,WIPRO
2024-06-06,213.23521535568656,216.53954687552957,212.13376674787273,216.0708465576172,15425568,WIPRO
2024-06-07,220.2891354018149,227.97581726575444,219.4923391906246,227.1087188720703,72672440,WIPRO
2024-06-10,228.9132386409775,228.9132386409775,221.8593043857575,222.7498321533203,18311752,WIPRO
2024-06-11,224.6012038593448,224.6012038593448,222.32800439810572,223.12478637695312,9371714,WIPRO
2024-06-12,224.03876660349206,227.03844597344653,222.89044502812223,223.523193359375,13875116,WIPRO
2024-06-13,224.97616992005166,227.48371967467216,224.10907140443152,226.19479370117188,12995932,WIPRO
2024-06-14,227.3196344026096,227.60085742960035,223.19507768540325,223.80438232421875,11322596,WIPRO
2024-06-18,225.44485678144505,231.06926069283247,224.99958575035404,230.53025817871094,31870984,WIPRO
2024-06-19,230.7177336861615,233.01436240505006,228.13988191313175,232.35818481445312,20880284,WIPRO
2024-06-20,233.17840681251423,233.17840681251423,228.84292889690465,229.8506317138672,12571126,WIPRO
2024-06-21,233.3893381448135,234.7954391534893,229.24133730850002,229.9209442138672,95171176,WIPRO
2024-06-24,229.71003764472528,231.95979353716695,229.40538528689868,229.9209442138672,9934518,WIPRO
2024-06-25,229.92092828350803,233.41275126789063,229.33505290381956,232.87374877929688,9258210,WIPRO
2024-06-26,232.873755494802,234.30328574102677,231.4442109449787,232.10040283203125,12812090,WIPRO
2024-06-27,230.67086627460867,239.951141460201,229.28820887292332,239.41212463378906,42137138,WIPRO
2024-06-28,239.97456404050502,241.98996969674948,237.09205993081633,241.3103485107422,16405832,WIPRO
2024-07-01,242.73990284115155,251.12962125518663,240.95881877116275,247.16909790039062,30757528,WIPRO
2024-07-02,248.08307233290682,255.4416730391436,247.6143720154038,252.2545166015625,36276968,WIPRO
2024-07-03,253.9886978462836,255.652578149447,250.98900455623476,252.62945556640625,16049384,WIPRO
2024-07-04,253.75435680202736,257.2227218978826,247.98932015949612,248.7392578125,19524632,WIPRO
2024-07-05,249.04390273668014,251.4577208192969,248.1533892960466,250.80152893066406,10376090,WIPRO
2024-07-08,251.19995249189395,254.50428416150137,250.75468144825643,253.66062927246094,12176360,WIPRO
2024-07-09,254.9729802665781,255.41825130282146,251.97328670291563,253.56687927246094,8681444,WIPRO
2024-07-10,253.56690447071844,254.66833891601962,249.2314259746849,251.01248168945312,9233748,WIPRO
2024-07-11,251.55147801323736,252.88726253836919,248.41118001612216,250.3328399658203,8807618,WIPRO
2024-07-12,255.4416595895744,264.72191966606846,253.82463785788934,262.54248046875,54186042,WIPRO
2024-07-15,265.7062214945412,265.7062214945412,260.66769308026113,262.3315734863281,16099478,WIPRO
2024-07-16,263.3392620048659,263.69078724307144,260.784868159663,262.3315734863281,11239032,WIPRO
2024-07-18,260.8551553881567,269.2214732007658,260.7614096034311,268.6590270996094,25019786,WIPRO
2024-07-19,271.79932340076317,271.79932340076317,259.98806977220414,261.1598205566406,26523490,WIPRO
2024-07-22,244.19286943918488,246.88789630919507,235.0766423922326,237.06861877441406,76014568,WIPRO
2024-07-23,238.09976379741474,238.09976379741474,227.95240467739822,234.60794067382812,25847632,WIPRO
2024-07-24,235.52191160251942,237.32641070138783,234.27985861100697,234.39703369140625,12240276,WIPRO
2024-07-25,232.475344223646,237.86539756754104,231.20984771711852,237.5607452392578,21887890,WIPRO
2024-07-26,239.03716370040993,247.73154893317167,238.33411321893814,245.9739227294922,26153996,WIPRO
2024-07-29,247.47374755143585,248.66892754260326,245.0599296693725,245.78643798828125,12011554,WIPRO
2024-07-30,245.7864579398003,246.98163802798547,243.60699002054713,244.42721557617188,10816526,WIPRO
2024-07-31,244.56781427582933,246.02080239068675,243.46637999813763,244.66156005859375,7758508,WIPRO
2024-08-01,245.13025897958767,246.91131441325822,242.5524073077182,244.4506378173828,10759752,WIPRO
2024-08-02,241.3806663923336,243.3726427654742,234.81886186904686,235.3578643798828,15652228,WIPRO
2024-08-05,229.66315798415351,232.4050577310106,225.09332984059128,227.3196563720703,21938080,WIPRO
2024-08-06,229.545977568115,234.04550341945009,228.069574447539,229.42880249023438,11271584,WIPRO
2024-08-07,233.7408497453839,234.39702731705552,230.905204294677,233.13153076171875,7079826,WIPRO
2024-08-08,231.5379571546469,231.5379571546469,227.9524025816965,228.3976593017578,13160570,WIPRO
2024-08-09,232.1706904264926,232.6862636038011,229.499093064547,230.27244567871094,6065948,WIPRO
2024-08-12,230.3896463575684,231.5379679117689,228.44454280769344,229.2178955078125,7338468,WIPRO
2024-08-13,229.21788552915535,230.92865313820266,228.3273577828285,229.8975067138672,6289418,WIPRO
2024-08-14,231.06924729161497,232.8737463025835,229.87406725120098,232.0769500732422,11121756,WIPRO
2024-08-16,234.81887248411016,242.52899886895034,233.38934215549696,241.966552734375,25931140,WIPRO
2024-08-19,241.8493532563357,245.22400111623534,240.77134829465552,243.6069793701172,11466562,WIPRO
2024-08-20,243.67729904833905,247.28626849680413,243.56012397255262,245.90362548828125,9543812,WIPRO
2024-08-21,245.31775066510264,247.520619209121,244.21628778589715,246.7003936767578,6454402,WIPRO
2024-08-22,247.3800196828274,248.6689455446344,242.81019162732986,243.25546264648438,11496506,WIPRO
2024-08-23,243.677316118477,244.40379591780513,239.66991966369517,240.1620635986328,11277706,WIPRO
2024-08-26,241.84936558650088,245.97392268901726,241.82593629189515,243.7241668701172,17351380,WIPRO
2024-08-27,243.72416642727842,245.2474424674489,241.84936514706857,242.3883819580078,7965796,WIPRO
2024-08-28,243.72417108751043,252.20763559979272,242.71645393725026,250.5671844482422,34375566,WIPRO
2024-08-29,250.7546793807566,254.01215243246963,250.3094083407904,252.48887634277344,25685318,WIPRO
2024-08-30,253.8949719537182,254.03557632987824,251.0827700017269,252.3482666015625,19434804,WIPRO
2024-09-02,252.34825124724486,254.035560872895,249.27824141736002,249.55947875976562,15735982,WIPRO
2024-09-03,249.8172654290969,253.49655142265053,248.1768143427895,251.24679565429688,15056686,WIPRO
2024-09-04,247.47376140904146,247.5909364854662,242.20088296992836,243.32577514648438,20402128,WIPRO
2024-09-05,244.2866060124916,246.53636176725539,243.48980976823037,245.99734497070312,12069118,WIPRO
2024-09-06,245.99736280399995,248.36432241443583,242.99769778258977,244.00538635253906,14579954,WIPRO
2024-09-09,242.36492423162332,244.54439216432323,240.6541852265123,241.3103485107422,11919540,WIPRO
2024-09-10,242.22431593215074,247.4737651569187,240.91196077775797,246.419189453125,10287272,WIPRO
2024-09-11,246.0676740009327,246.65354941522062,240.5604451066261,241.0760040283203,8261524,WIPRO
2024-09-12,243.93510414833221,249.34858749756313,242.66960747530698,248.4346160888672,15779474,WIPRO
2024-09-13,250.19221635298018,258.95691775218575,248.80954473585052,258.0663757324219,35919706,WIPRO
2024-09-16,259.19127912827776,260.99576393249436,257.31647783259405,258.67572021484375,11088578,WIPRO
2024-09-17,257.31647783259405,260.08182118660653,256.4025064795087,258.67572021484375,8728238,WIPRO
2024-09-18,257.33991079967575,257.33991079967575,249.65324254199962,252.23109436035156,16665520,WIPRO
2024-09-19,255.06672369609075,258.46480106712386,248.01278949559256,249.98130798339844,20969182,WIPRO
2024-09-20,252.11392829410843,253.44971284123818,248.87988445436426,252.6763458251953,16664232,WIPRO
2024-09-23,252.67632788165184,253.28566117572302,249.34856709450992,250.7078094482422,8544290,WIPRO
2024-09-24,249.4423018356755,253.98870040248872,248.1064888353461,252.88723754882812,12355694,WIPRO
2024-09-25,252.53573283182234,252.81697019497548,248.7627008855675,251.31712341308594,8065196,WIPRO
2024-09-26,252.488892125547,254.55115656541872,251.08279103177992,253.98873901367188,11403400,WIPRO
2024-09-27,257.2696075502143,261.95661057640007,253.42625934730273,253.9418182373047,26462384,WIPRO
2024-09-30,252.16077964026402,255.20733181063895,250.28597830464867,253.77780151367188,8199446,WIPRO
2024-10-01,253.19192045820077,257.5976863344701,253.19192045820077,256.26190185546875,9411274,WIPRO
2024-10-03,253.1450364809125,254.22307012435402,246.6535483612208,248.4814910888672,14035368,WIPRO
2024-10-04,247.49720614125317,254.01215223973594,247.49720614125317,250.07505798339844,11922754,WIPRO
2024-10-07,252.16075571042475,253.89495250273478,246.51292294429763,249.0907745361328,9878074,WIPRO
2024-10-08,249.13766913567852,250.19224493932543,243.86479011744396,246.98165893554688,11502804,WIPRO
2024-10-09,248.31741747355073,252.48886165790805,247.70811279454935,248.95018005371094,8841688,WIPRO
2024-10-10,250.75467601957777,251.9732854321209,245.3411929409685,246.0676727294922,12620244,WIPRO
2024-10-11,243.88820651883304,250.4734690747405,243.88820651883304,247.6143798828125,8436982,WIPRO
2024-10-14,252.48886235429111,258.65225425758405,251.36397016903481,257.5742492675781,33136266,WIPRO
2024-10-15,259.1209576014352,259.1209576014352,248.8095506755513,249.79383850097656,21601252,WIPRO
2024-10-16,249.81726810254594,252.535724210365,247.94246684098837,249.41888427734375,12553622,WIPRO
2024-10-17,250.73124992237834,252.16078022264702,246.09110516313436,247.82530212402344,23755278,WIPRO
2024-10-18,249.34856373542928,261.7222633035247,245.97391579802175,257.1524353027344,74653054,WIPRO
2024-10-21,258.53507385155694,263.3627098238487,256.37906391598284,256.8946228027344,23966964,WIPRO
2024-10-22,257.69143816141,260.36303578923787,254.90266544996865,255.65260314941406,18478300,WIPRO
2024-10-23,256.6134132058793,259.8943152925298,254.12930734742596,256.4728088378906,12698576,WIPRO
2024-10-24,256.47281872887993,258.01952405079675,255.51198880217376,256.33221435546875,9576604,WIPRO
2024-10-25,257.668016433276,258.7225922167683,253.3325382122523,254.7152099609375,10124540,WIPRO
2024-10-28,254.7151865454729,262.378425091504,254.36366131662385,261.81597900390625,11185858,WIPRO
2024-10-29,262.37843420176176,264.0657725231426,259.3084528179905,263.5033264160156,12055630,WIPRO
2024-10-30,263.6439354216193,271.26031577824386,262.9877435172464,264.932861328125,20755492,WIPRO
2024-10-31,264.7219497131614,265.42500023219804,256.98839400375823,258.62884521484375,15680094,WIPRO
2024-11-01,258.58196998971823,260.08181672195786,257.7851737312912,258.41790771484375,1962810,WIPRO
2024-11-04,258.25387829445106,258.9334994850865,250.3797185796895,253.47312927246094,9855560,WIPRO
2024-11-05,254.5042862406195,255.60572060375378,253.2856767917391,254.83238220214844,6862260,WIPRO
2024-11-06,256.59001385603284,265.2140831830394,253.5668908591009,264.3001403808594,19554884,WIPRO
2024-11-07,265.2843747406764,267.01857160441347,259.8708918962945,264.0657653808594,11997142,WIPRO
2024-11-08,264.81568938189946,271.2837482860708,264.81568938189946,266.69049072265625,20852658,WIPRO
2024-11-11,266.6904702357032,273.34602020555536,265.3077986316712,268.79962158203125,16139444,WIPRO
2024-11-12,269.5026715246649,271.70556864813176,266.7138990283183,267.4638366699219,11260890,WIPRO
2024-11-13,267.1591910578455,268.84650082164734,265.0734688448139,266.69049072265625,11391200,WIPRO
2024-11-14,266.66706355556084,269.29177401068847,264.4407369456442,265.61248779296875,9783520,WIPRO
2024-11-18,265.61248855685375,265.61248855685375,253.23878813064115,259.1209716796875,15289764,WIPRO
2024-11-19,260.5973745325706,267.06543314305475,259.9880698459302,263.4095764160156,12919778,WIPRO
2024-11-21,263.4095988473706,266.03430938588815,260.2693007553304,261.13641357421875,11672608,WIPRO
2024-11-22,263.3861572118334,268.8464989137181,261.487926589228,267.93255615234375,14733232,WIPRO
2024-11-25,269.7370338937139,275.3848670226988,268.98712482533307,272.9945068359375,23297474,WIPRO
2024-11-26,274.1897127057579,276.6972482081357,271.5181149118003,276.06451416015625,15771340,WIPRO
2024-11-27,277.236255886505,279.3454074528436,272.73674398786227,273.2054443359375,13659676,WIPRO
2024-11-28,274.54122196977573,274.6583970538431,267.41697113704186,268.1903381347656,11896556,WIPRO
2024-11-29,269.5027163471136,272.19774351058476,267.90912362496346,270.8385009765625,8540112,WIPRO
2024-12-02,272.9945005601026,274.44746007438744,271.00252424786237,273.978759765625,11194000,WIPRO
2024-12-03,276.86127701481433,277.65807325800534,271.1899861368519,273.39288330078125,15445286,WIPRO
2024-12-04,276.2050993867047,278.40799666424186,273.533501778083,275.5957946777344,14036431,WIPRO
2024-12-05,276.5332141995554,282.06387276210654,275.50206767940523,280.56402587890625,13487264,WIPRO
2024-12-06,280.4233936811406,280.4233936811406,277.6580789777082,278.736083984375,7894350,WIPRO
2024-12-09,276.5331875522441,286.56338579786535,275.3614367575312,284.7354431152344,9285213,WIPRO
2024-12-10,286.8445938175806,291.5315969845345,284.4542336453129,288.8131408691406,17028502,WIPRO
2024-12-11,288.8599726130559,290.5004235690363,286.42272547130324,289.6567687988281,8608406,WIPRO
2024-12-12,288.7193724614554,294.1562842662282,288.20381359636644,289.7505187988281,12958440,WIPRO
2024-12-13,289.7505669514455,291.5784811827857,285.15730916584226,290.54736328125,7382211,WIPRO
2024-12-16,290.59420841136273,291.90656363113567,287.8757521831477,289.84429931640625,7221189,WIPRO
2024-12-17,291.53161056824155,292.70336141457693,288.06321662020946,289.5162048339844,10568517,WIPRO
2024-12-18,289.65681539218355,293.6407683546974,289.23497363562603,293.0314636230469,10965226,WIPRO
2024-12-19,287.17269956831524,293.7813628165425,282.2982046653291,293.17205810546875,12405595,WIPRO
2024-12-20,295.74991150702635,299.96821452376685,285.34475834429355,286.0946960449219,22214824,WIPRO
2024-12-23,287.40706191293526,291.20352332581405,285.9072150632945,288.62567138671875,6693583,WIPRO
2024-12-24,288.2507084616561,289.8443010570064,283.8449138325335,286.18841552734375,8837902,WIPRO
2024-12-26,286.282136457567,287.73512454649966,284.96978134386995,285.95404052734375,6516148,WIPRO
2024-12-27,286.0946623365019,291.4378283638418,285.625962056532,289.7505187988281,8063921,WIPRO
2024-12-30,289.7505255351542,290.031734266796,283.7042803400973,284.6885681152344,13709891,WIPRO
2024-12-31,282.11075183055044,284.0324118207817,276.7675564029234,282.95440673828125,9337030,WIPRO
2025-01-01,281.22019505641634,284.3604929559859,280.23593581659793,281.50140380859375,7878201,WIPRO
2025-01-02,279.3453756223808,285.3916208664818,278.54857940000534,284.78228759765625,8800435,WIPRO
2025-01-03,284.3135807821824,284.78228106610106,275.5957669441733,276.0176086425781,12535720,WIPRO
2025-01-06,276.53317550190167,279.1578857248041,272.36173141162175,275.8769836425781,9173687,WIPRO
2025-01-07,275.87698931370414,278.8766827219958,273.06478747112936,275.64263916015625,7381943,WIPRO
2025-01-08,274.6583919292054,279.7672369420987,271.1899980626469,278.9235534667969,7937785,WIPRO
2025-01-09,278.40799174281796,279.34539238841666,273.1116838166247,274.002197265625,7964702,WIPRO
2025-01-10,275.8769943454597,284.2667414383746,275.8769943454597,281.7357482910156,19505556,WIPRO
2025-01-13,280.23593358556946,280.517142335508,272.0805365509815,273.58038330078125,9541248,WIPRO
2025-01-14,273.53350388088376,276.1113557216663,268.6121503666625,274.5177917480469,7670070,WIPRO
2025-01-15,274.65838769369384,276.2519802255805,271.56497702261646,274.3302917480469,4662694,WIPRO
2025-01-16,277.3768504370937,277.93929655628637,268.7527815025328,270.01824951171875,10345666,WIPRO
2025-01-17,269.7839116227367,269.7839116227367,262.94089791489023,264.3001403808594,9358955,WIPRO
2025-01-20,283.0949798507754,286.28213615414626,278.3611182862153,281.45452880859375,39380165,WIPRO
2025-01-21,283.4699536590357,286.7039973765929,279.1579049046921,279.6734924316406,15619474,WIPRO
2025-01-22,280.6108633394152,290.594173581335,280.6108633394152,289.7505187988281,30859317,WIPRO
2025-01-23,291.6253448776712,304.28025351993773,291.20350314671674,297.81219482421875,39904371,WIPRO
2025-01-24,299.030804257817,302.31170649889026,296.78104844252056,300.06195068359375,17479586,WIPRO
2025-01-27,297.9058885625328,299.17138504862663,287.54762374656946,288.6725158691406,12372895,WIPRO
2025-01-28,290.63240522437604,294.07411059505756,288.2901258146439,290.25,12077491,WIPRO
2025-01-29,291.63618831954506,300.86187738666854,291.63618831954506,298.7108154296875,16338112,WIPRO
2025-01-30,297.32456115920183,299.9058471546361,292.4966338138521,295.4125061035156,9984186,WIPRO
2025-01-31,297.99380954721744,301.81791988250086,295.9383269014854,298.18499755859375,15597644,WIPRO
2025-02-01,298.80639980983835,299.4756307667261,290.01096383380866,291.3971862792969,6046117,WIPRO
2025-02-03,289.6763734491237,300.1926774357255,287.09508716397124,299.8102722167969,14877076,WIPRO
2025-02-04,304.0167677325222,304.8293970034145,299.57124536024196,302.3437194824219,15366864,WIPRO
2025-02-05,303.825543331492,307.3150672250492,301.0530692751639,303.1563415527344,9628027,WIPRO
2025-02-06,305.92883909582355,309.3705443707811,300.71847688471377,303.968994140625,15062390,WIPRO
2025-02-07,304.97278167916545,304.97278167916545,300.1926440352914,304.0167541503906,8589587,WIPRO
2025-02-10,304.7815924611163,306.88486488761436,301.96132849791144,305.0205993652344,12304840,WIPRO
2025-02-11,305.45081258658024,306.3112315756385,297.89820052050766,299.23663330078125,10627890,WIPRO
2025-02-12,299.6668737481264,301.86572563753896,295.7471546109734,296.5597839355469,9668342,WIPRO
2025-02-13,296.6553480791362,299.8580463253531,293.4526790085659,294.9822998046875,8832731,WIPRO
2025-02-14,296.41632971990714,298.66300029384246,291.158178203552,294.5520935058594,7371341,WIPRO
2025-02-17,294.5520797861102,296.6553227892994,288.72030617720344,291.9230041503906,7507772,WIPRO
2025-02-18,291.92300744702777,298.9976052206366,291.92300744702777,298.4718017578125,10368789,WIPRO
2025-02-19,297.5635846018467,302.58272940235975,294.7432915674903,300.28826904296875,7835672,WIPRO
2025-02-20,297.51580286650704,300.47946510667174,296.60756496991,299.5234375,7697134,WIPRO
2025-02-21,299.0454193049779,299.0454193049779,291.6362054620812,292.8790588378906,8722925,WIPRO
2025-02-24,289.62856900845134,289.96315532321836,280.450698342668,282.075927734375,12600963,WIPRO
2025-02-25,281.40671574777946,283.2709519686693,277.3435986520473,278.4908142089844,10810040,WIPRO
2025-02-27,281.0721265601788,282.7929646443696,278.5386591457014,281.5501403808594,15555649,WIPRO
2025-02-28,281.07212843212847,281.07212843212847,264.8196584207469,265.4410705566406,17458839,WIPRO
2025-03-03,267.1619143334405,273.7584986875257,267.0184868583757,271.08160400390625,11471554,WIPRO
2025-03-04,266.7316860743931,270.6514048590025,264.1504000227699,267.6877136230469,9331785,WIPRO
2025-03-05,269.0261326251861,274.3321027547898,266.3970570005739,272.5634460449219,10285712,WIPRO
2025-03-06,275.7661654071248,279.16005162477023,271.033817245282,273.3282775878906,9782051,WIPRO
2025-03-07,274.7623193772562,275.0491451553082,270.4601952872919,272.2766418457031,8097300,WIPRO
2025-03-10,271.9420414434207,273.0892569692443,265.7278625243644,268.5481262207031,8165123,WIPRO
2025-03-11,264.81963094991136,267.01848264133116,261.18673793565813,265.5366516113281,8602609,WIPRO
2025-03-12,265.48888718012614,265.48888718012614,250.67045876671983,256.7412109375,18584311,WIPRO
2025-03-13,256.7412104685791,259.17909845043056,251.76988425725986,252.39129638671875,8683943,WIPRO
2025-03-17,252.3912756253402,253.53852036662278,247.5155292383579,248.42376708984375,12697926,WIPRO
2025-03-18,248.42376708984375,248.42376708984375,248.42376708984375,248.42376708984375,0,WIPRO
2025-03-19,250.4792267992334,254.78135092364772,244.98206819581512,254.01654052734375,14044300,WIPRO
2025-03-20,257.3626378399473,261.9037688737735,255.7373792733719,256.21539306640625,17038774,WIPRO
2025-03-21,252.391273473307,257.69721471129446,248.7583804496312,252.67807006835938,22659168,WIPRO
2025-03-24,255.30713203162898,259.7048643637758,253.72969249282735,257.5538024902344,9269617,WIPRO
2025-03-25,260.0394931244234,262.62077917496083,257.5060259566859,259.0834655761719,12563930,WIPRO
2025-03-26,260.0395176396513,260.2785245492466,255.02037253815067,255.64178466796875,7308412,WIPRO
2025-03-27,258.1274405933101,261.521326753075,257.74503540533806,260.230712890625,14783522,WIPRO
2025-03-28,259.08347247099175,259.8961017437606,250.09681911340022,250.71823120117188,14283389,WIPRO
2025-04-01,248.90179432089164,251.4352616545245,247.13313740568285,251.0528564453125,8388635,WIPRO
2025-04-02,251.24405624408524,253.8731322972224,249.6188267348078,252.00889587402344,7136992,WIPRO
2025-04-03,248.4715688242457,249.04519122265188,244.07385059181817,245.0776824951172,12262561,WIPRO
2025-04-04,241.8749865951261,242.7832099118118,234.08336736800152,235.4696044921875,14639785,WIPRO
2025-04-07,220.89016799643343,233.12732353468408,217.97428105597103,232.21908569335938,13011904,WIPRO
2025-04-08,233.98775388835296,238.52888496483783,233.1273348879378,236.37782287597656,13806651,WIPRO
2025-04-09,230.1158262017896,231.64547610252296,223.7104445946359,226.24391174316406,19063559,WIPRO
2025-04-11,234.2267558522468,234.2267558522468,227.86917831424364,229.20761108398438,11205821,WIPRO
2025-04-15,234.27455327732176,234.27455327732176,230.7372542714784,233.27072143554688,10694621,WIPRO
2025-04-16,233.27072857099728,237.52504836712504,230.59384844032286,236.76022338867188,16203319,WIPRO
2025-04-17,224.6664788678326,227.3433589804182,221.94179445919988,226.48292541503906,54875421,WIPRO
2025-04-21,226.96095079784922,230.21145345345894,226.96095079784922,227.96478271484375,16298364,WIPRO
2025-04-22,227.9647728170045,228.49059090191665,223.2324392284416,223.85385131835938,18367713,WIPRO
2025-04-23,226.76973574749184,234.56136916342427,225.71811417753992,232.88832092285156,31898042,WIPRO
2025-04-24,234.03555834125805,234.37015924705375,230.8806643579328,232.07569885253906,23000820,WIPRO
2025-04-25,233.22292437952927,235.32618213035408,227.58236751306862,230.30703735351562,16620430,WIPRO
2025-04-28,229.9246368408203,231.31087393747262,228.25158854779977,229.9246368408203,14218414,WIPRO
2025-04-29,230.97626662263193,232.88832176160133,229.3032183760337,230.78504943847656,16647246,WIPRO
2025-04-30,230.92846530739808,232.69710758108045,228.68179465498002,230.8806610107422,14206640,WIPRO
2025-05-02,231.3969048811204,234.99157785344963,230.16363574375234,231.052734375,10822257,WIPRO
2025-05-05,233.27073452426686,236.01452906962498,232.02789572604007,232.85964965820312,12170446,WIPRO
2025-05-06,233.74873844060858,235.08717118959743,230.02979181539362,230.58428955078125,8869045,WIPRO
2025-05-07,225.63205980019728,233.70093476268548,225.63205980019728,233.3089599609375,9130056,WIPRO
2025-05-08,232.41986209217805,235.02025823803473,228.7869544247762,230.9475860595703,11434833,WIPRO
2025-05-09,226.19612707242462,232.26689334025846,226.10051848106667,231.36822509765625,10582438,WIPRO
2025-05-12,234.3128027502575,246.59776333804783,234.1120451219244,245.96678161621094,19791711,WIPRO
2025-05-13,245.65129117460626,245.65129117460626,239.59962043164262,240.5078582763672,11714159,WIPRO
2025-05-14,240.5078586142634,242.5346323593957,239.72390901830983,241.81761169433594,8839105,WIPRO
2025-05-15,242.0661716362689,245.79468781692438,239.59961881800155,245.28799438476562,12083645,WIPRO
2025-05-16,245.69908156861143,245.69908156861143,242.381664786632,243.1273651123047,6640387,WIPRO
2025-05-19,243.12737520712,243.5384746583959,240.23061276300297,240.67994689941406,6788784,WIPRO
2025-05-20,241.87498444087518,243.4046344463817,238.34724023889126,238.7296600341797,9366429,WIPRO
2025-05-21,238.72964367759857,241.02410394082963,237.19043875310246,239.8864288330078,5313593,WIPRO
2025-05-22,238.05086933031822,238.90173329983332,234.22675897963038,235.12542724609375,11469037,WIPRO
2025-05-23,235.27839693227736,239.47535749023734,234.8003831348431,236.4829864501953,7437642,WIPRO
2025-05-26,237.56329514317483,239.81952078260178,237.28603897983504,239.23634338378906,3690751,WIPRO
2025-05-27,239.95336787014628,239.95336787014628,237.08528512638918,237.33384704589844,6861143,WIPRO
2025-05-28,238.61491930645585,239.140737391071,236.10057670009755,236.54989624023438,6205160,WIPRO
2025-05-29,238.67227305837383,240.6703817332923,237.19044201969984,239.14073181152344,11785042,WIPRO
2025-05-30,239.00688182575962,240.0680729645789,237.5919651699414,238.69139099121094,13858429,WIPRO
2025-06-02,236.71242528722712,237.49636028617456,235.37397797543446,236.7888946533203,5846259,WIPRO
2025-06-03,237.09484010992873,238.52888148156134,234.9246534162675,235.3931121826172,8573438,WIPRO
2025-06-04,235.670358869473,238.82525287299606,235.670358869473,236.00497436523438,6698150,WIPRO
2025-06-05,236.04319875424977,238.5193212216614,236.0240887062802,237.0374755859375,6468060,WIPRO
2025-06-06,236.23441802954062,238.98776750731147,236.23441802954062,237.6588897705078,4445411,WIPRO
2025-06-09,238.62448376550557,242.2573768073284,238.26118862619418,240.2401580810547,9193904,WIPRO
2025-06-10,241.77937470124814,244.5518634996342,240.75643275281624,243.66275024414062,10739851,WIPRO
2025-06-11,244.7621797999991,250.09683023683849,242.92662311522986,247.53468322753906,17268454,WIPRO
2025-06-12,248.56717017950135,251.43525291234172,245.0489956960389,248.19430541992188,14528657,WIPRO
2025-06-13,243.78703354142425,250.71823351466082,242.83100595890886,248.76792907714844,8692116,WIPRO
2025-06-16,248.5671597955976,253.64366368660225,246.65510472024687,251.33009338378906,10935361,WIPRO
2025-06-17,251.33011785589142,253.77754625659574,250.1541933668183,251.34922790527344,7528454,WIPRO
2025-06-18,251.33964354462043,253.92092966647772,249.551876648098,250.08724975585938,5016660,WIPRO
2025-06-19,251.29185778614354,254.72399333206667,250.29758092368093,253.90179443359375,14184486,WIPRO
2025-06-20,254.30333228264814,255.45057703087332,251.3109613361813,254.81959533691406,12904674,WIPRO
2025-06-23,252.39127839952664,253.53852315341928,250.2975756878425,251.66468811035156,6214062,WIPRO
2025-06-24,253.82532749356554,256.83680859480046,253.0700575212962,253.31863403320312,6319428,WIPRO
2025-06-25,254.20771898265866,258.0891884905033,254.15992927555354,257.5633850097656,5331739,WIPRO
2025-06-26,257.26703676855806,259.3702800140189,255.44102052469756,256.7125244140625,8564099,WIPRO
2025-06-27,257.17141639795153,258.12744396820415,252.86929233181482,253.3950958251953,8906108,WIPRO
2025-06-30,254.39894410501742,255.01078658303396,251.33964418799587,254.2842254638672,7119563,WIPRO
2025-07-01,253.82532160833816,256.55000603700324,252.10448364057402,252.91708374023438,3886095,WIPRO
2025-07-02,253.3472985542669,256.88461212886756,252.82149507658215,255.2593536376953,8750887,WIPRO
2025-07-03,256.5978025215564,258.9400818165316,254.73356620319072,255.30715942382812,9357962,WIPRO
2025-07-04,256.50221401676157,259.4659056499897,255.73740354557657,258.1752624511719,7141779,WIPRO
2025-07-07,258.1752311140299,258.65324489441184,255.54615532192918,255.97637939453125,4849218,WIPRO
2025-07-08,256.02415940654697,258.41422821794356,255.59396452588237,257.7928161621094,5519016,WIPRO
2025-07-09,256.2153871048982,257.553819859123,253.203906113981,256.024169921875,11564433,WIPRO
2025-07-10,255.78516475082685,255.78516475082685,251.57864927684457,253.3950958251953,6911031,WIPRO
2025-07-11,249.52319590064903,250.5270131794162,246.41610629652217,246.94190979003906,13109857,WIPRO
2025-07-14,246.94190727505418,248.13694172600904,240.58432983110347,243.07000732421875,10388421,WIPRO
2025-07-15,242.83100920352794,248.42377647110078,241.68377900674525,246.0814971923828,8750149,WIPRO
2025-07-16,246.081490768803,252.39127856813562,244.7908477137231,251.24403381347656,12179338,WIPRO
2025-07-17,252.24788247748376,252.72589626683822,246.65511530690716,249.1407928466797,7484171,WIPRO
2025-07-18,256.7890180670817,259.94389746296383,253.9209352796809,255.21157836914062,30319126,WIPRO
2025-07-21,255.21158250321471,255.40277052008364,247.80236851574364,248.90179443359375,12190000,WIPRO
2025-07-22,250.192420079337,250.62261496899794,247.37212715265252,248.28036499023438,6724044,WIPRO
2025-07-23,248.80616803289453,250.24020934720517,246.79850435773062,249.9055938720703,6510321,WIPRO
2025-07-24,250.47922899208316,251.8176617851558,248.80618070683067,250.33583068847656,8139900,WIPRO
2025-07-25,250.28801660936216,250.52702351184462,244.79085785226582,247.8023681640625,8427780,WIPRO
2025-07-28,247.60738980612828,247.60738980612828,242.7332285894722,243.75680541992188,8998911,WIPRO
2025-07-29,242.9281836016165,246.34009633443347,241.02726376828457,245.46275329589844,12923128,WIPRO
2025-07-30,245.12155539507043,246.14513218703763,242.92818293003742,243.90301513671875,6057152,WIPRO
2025-07-31,241.85587881684572,243.85427296047746,239.85746979845484,242.05084228515625,7338764,WIPRO
2025-08-01,240.29613896378774,240.68606589658398,236.10435749981247,236.64051818847656,7436999,WIPRO
2025-08-04,236.64051839138318,240.21815080825093,235.0320511987707,239.8574676513672,5234393,WIPRO
2025-08-05,239.85746895680657,240.7348119985049,238.37571982827956,239.7209930419922,7383968,WIPRO
2025-08-06,239.80872590831794,239.80872590831794,233.2870959823132,233.92074584960938,7700190,WIPRO
2025-08-07,233.0921411684065,237.05970071274936,232.60472504073846,236.2213592529297,6190830,WIPRO
2025-08-08,236.2993246485287,237.12793798708202,232.3999957607658,233.0336456298828,8922847,WIPRO
2025-08-11,233.0336446237802,238.5901852899006,232.61445903528065,235.53895568847656,3047287,WIPRO
2025-08-12,236.59177549712652,240.09141957743057,235.03205287869676,235.63644409179688,8101435,WIPRO
2025-08-13,236.77700412958293,236.77700412958293,234.07671463760067,235.56820678710938,5820844,WIPRO
2025-08-14,236.98172361315326,242.17756636517944,236.30908698725327,240.5983428955078,12857225,WIPRO
2025-08-18,242.3822874367516,242.7429706054472,238.59993358753013,239.0386199951172,5789317,WIPRO
2025-08-19,239.28233472982822,241.27098600900808,238.61944105359495,240.7445831298828,4090961,WIPRO
2025-08-20,239.12635241728586,246.52532557896734,239.12635241728586,244.52691650390625,10099384,WIPRO
2025-08-21,246.3791078589765,246.3791078589765,243.32787816102336,243.62033081054688,7607486,WIPRO
2025-08-22,245.65773070556986,246.6325629702745,241.37821765850688,242.38229370117188,13572686,WIPRO
2025-08-25,244.2929690295729,250.81459919486161,244.2929690295729,247.451416015625,16391069,WIPRO
2025-08-26,246.63255439625433,248.40675619622257,244.9850855462151,245.6869659423828,15797327,WIPRO
2025-08-28,245.67722032009752,245.99891673776128,242.81121121251053,244.34169006347656,5851451,WIPRO
2025-08-29,244.19548291273827,246.73005275714573,242.4017951111859,243.13291931152344,10117017,WIPRO
2025-09-01,243.142661030958,246.62281934658193,243.123160220783,244.0590057373047,3198345,WIPRO
2025-09-02,244.05899265747667,246.77876797811365,243.31812553289043,244.61463928222656,5046939,WIPRO
2025-09-03,245.56023287741706,246.04764899259635,242.85020046700103,243.2791290283203,3862765,WIPRO
2025-09-04,243.2206458758789,244.03950139425618,238.2879970809629,238.80465698242188,5021036,WIPRO
2025-09-05,239.90621883891225,241.09551535487674,235.19777736172693,237.53736877441406,6233782,WIPRO
2025-09-08,238.21000856602762,240.77382213657367,236.1043673417334,236.41632080078125,6596932,WIPRO
2025-09-09,238.83389256709856,243.5618347576162,238.83389256709856,242.8794403076172,12836972,WIPRO
2025-09-10,243.02567441536718,250.69761406985873,242.97692982961703,249.31333923339844,15261331,WIPRO
2025-09-11,249.26459645464794,249.26459645464794,245.82343989732132,247.5196533203125,5865301,WIPRO
2025-09-12,248.4652524024239,249.45957060265388,244.5074357874524,245.5992431640625,5345794,WIPRO
2025-09-15,245.17030534459616,245.45300014582503,243.31813006128027,244.95584106445312,3700703,WIPRO
2025-09-16,245.65771906058336,248.0947996068193,243.90301809234163,247.61712646484375,7316998,WIPRO
2025-09-17,246.92500261772264,249.06963051215138,246.4863310966648,247.75360107421875,7339871,WIPRO
2025-09-18,250.53188370180976,253.26140205244997,249.557051469507,250.46363830566406,10498239,WIPRO
2025-09-19,250.53188608599783,251.17527893538278,248.28976895541248,249.44007873535156,10741757,WIPRO
2025-09-22,242.29455445414862,245.44325840137773,240.98828283204853,244.02975463867188,15784007,WIPRO
2025-09-23,243.92252905470636,245.6577292858718,242.48952444389133,243.34738159179688,8674114,WIPRO
2025-09-24,242.08009737465142,242.8502083166328,238.10277996125882,238.43421936035156,7888797,WIPRO
2025-09-25,239.27257691489723,239.45779742555374,235.20752814724804,235.90940856933594,7957740,WIPRO
2025-09-26,235.37323685334195,235.47072602537375,229.09531496833094,229.8166961669922,16999628,WIPRO
2025-09-29,230.9182635642424,234.72984628139795,230.34310124332197,233.60879516601562,8894412,WIPRO
2025-09-30,233.89148471164037,235.42197841930238,232.98489789736342,233.3455810546875,5590909,WIPRO
2025-10-01,233.95973001432264,237.43988813817003,231.85408887425157,235.0028076171875,9479378,WIPRO
2025-10-03,234.91506958007812,235.32449733686522,232.0685612175871,234.91506958007812,10968346,WIPRO
2025-10-06,233.95973540089406,236.8452453490659,233.29685662380936,236.0361328125,6064946,WIPRO
2025-10-07,236.786745094051,238.83389874750486,236.04587794672727,237.40089416503906,6587728,WIPRO
2025-10-08,237.1279356552237,240.14992146342618,236.46505689070705,238.1222686767578,7360563,WIPRO
2025-10-09,237.8493198184994,240.5885959894731,237.04020728716665,240.1986541748047,4629760,WIPRO
2025-10-10,241.75840103104505,244.9266058832664,240.05244457215662,242.44078063964844,7070200,WIPRO
2025-10-13,239.86721916970842,241.46594345215223,238.35622621913274,238.96063232421875,6717589,WIPRO
2025-10-14,239.6137605282582,243.85427172283678,238.94112392245552,242.16781616210938,7888607,WIPRO
2025-10-15,243.7080594468892,245.78445687329972,242.28479783482518,243.91278076171875,13278925,WIPRO
2025-10-16,244.0979834561764,247.67563081561443,242.5382608193318,247.4221649169922,10661302,WIPRO
2025-10-17,243.70806129004103,243.70806129004103,233.09213873523723,234.8370819091797,43802251,WIPRO
2025-10-20,234.83707906104348,235.8509129135795,233.24811263554014,235.1685333251953,9871824,WIPRO
2025-10-21,234.93456700499294,236.0653759596895,234.31067497391194,235.28550720214844,2082336,WIPRO
2025-10-23,238.63893589655402,241.56343262353442,237.24491805515171,238.15151977539062,18964626,WIPRO
2025-10-24,238.83389610245257,239.69175322388642,236.06537614206434,236.86473083496094,6803979,WIPRO
2025-10-27,237.1669256922204,239.54551870335686,236.94271844519798,237.77133178710938,9550336,WIPRO
2025-10-28,237.52763028499794,238.5414492830063,235.32449987384408,236.27984619140625,8780789,WIPRO
2025-10-29,237.46914350586005,237.46914350586005,235.55846573925115,236.18235778808594,8776917,WIPRO
2025-10-30,236.77699407004698,238.60968337840853,234.44714569122434,235.83140563964844,8344622,WIPRO
2025-10-31,236.01663004340736,237.06945062894138,234.44714956980002,234.6128692626953,5659566,WIPRO
2025-11-03,234.61287851290575,235.2172697549134,233.47232655229786,234.44715881347656,4902693,WIPRO
2025-11-04,234.4471520764222,234.7785914657564,231.5421561865202,231.9320831298828,6848284,WIPRO
2025-11-06,233.95973929941277,234.56413053267985,232.37075797674785,234.00848388671875,7141517,WIPRO
2025-11-07,232.69245689676944,233.2286176133613,230.0604127763982,230.5380859375,5520619,WIPRO
2025-11-10,231.46416532937656,235.47072635951724,231.05473758082863,233.8037567138672,8566758,WIPRO
2025-11-11,235.0320607959346,235.95814845600435,232.79968661954322,235.60720825195312,8831094,WIPRO
2025-11-12,236.64051836014002,240.1011756715635,236.0068833751967,239.04835510253906,13152546,WIPRO
2025-11-13,239.80872968420658,239.80872968420658,237.8590652152293,239.1555938720703,6211124,WIPRO
2025-11-14,237.78107030280245,239.71123390899896,236.0556131303455,238.21974182128906,6841554,WIPRO
2025-11-17,237.82981803387048,238.61942975254223,236.58203398156658,237.90780639648438,6559062,WIPRO
2025-11-18,236.81599017687407,237.85906781908002,234.25219148693935,234.8370819091797,4730012,WIPRO
2025-11-19,235.12952541952873,240.63733631548203,234.48613259278574,239.87696838378906,13298452,WIPRO
2025-11-20,241.27097688534437,241.56342952924817,239.5260337388253,240.0621795654297,6705862,WIPRO
2025-11-21,238.8339053168725,241.02727791672132,237.4788890612896,238.3367462158203,5516450,WIPRO
2025-11-24,238.85339568452147,243.10366477606482,238.85339568452147,241.04676818847656,19711070,WIPRO
2025-11-25,241.75839890303692,241.75839890303692,237.85906988847182,239.45779418945312,8188793,WIPRO
2025-11-26,239.8087305717115,244.24422023000196,239.43828956131182,243.89328002929688,8202096,WIPRO
2025-11-27,244.09798453187923,245.57973368695687,241.4561975174728,243.2791290283203,5268129,WIPRO
2025-11-28,244.68289780384242,245.647987098301,242.34330632454626,243.24989318847656,7049965,WIPRO
2025-12-01,243.805555398611,244.4391904208848,242.59675803523524,243.98101806640625,3865446,WIPRO
2025-12-02,243.70805960131725,245.121563372053,242.60649441199627,243.873779296875,8535708,WIPRO
2025-12-03,244.29296894561833,250.65862237799195,244.24422435793778,248.280029296875,17215454,WIPRO
2025-12-04,249.557051469507,252.2865698201472,249.0696353533556,250.46363830566406,10687381,WIPRO
2025-12-05,251.7016975348242,254.528705095151,251.21428141237067,253.36865234375,7886562,WIPRO
2025-12-08,253.46613561647285,256.44911983647165,253.17366810009898,254.80165100097656,9684253,WIPRO
2025-12-09,254.80164941918085,255.23057797425164,250.58060926348844,250.9315643310547,8560580,WIPRO
2025-12-10,251.51647217035628,253.81706194413258,250.77559015869068,251.4872283935547,7944200,WIPRO
2025-12-11,251.8089055874984,253.4368884667086,251.233758153992,252.72525024414062,6473376,WIPRO
2025-12-12,252.96896885836975,254.25575456816978,250.88281356373759,254.04129028320312,4008271,WIPRO
2025-12-15,253.44661626763695,255.89345462984815,252.03312741558292,255.15257263183594,4023911,WIPRO
2025-12-16,255.1525809388959,255.1623387811405,252.28657177377085,252.69601440429688,2982041,WIPRO
2025-12-17,252.48154799161765,255.53277763653588,251.80891137183292,254.5677032470703,4923276,WIPRO
2025-12-18,254.60668789496253,258.32079650390807,254.43122522434786,257.2095031738281,9008412,WIPRO
2025-12-19,260.2802134395507,260.2802134395507,256.67332217747196,257.7944030761719,12750745,WIPRO
2025-12-22,260.77738759923454,266.2266963670133,260.0852352744315,265.8075256347656,14651313,WIPRO
2025-12-23,265.15436328849967,265.622293462953,263.40940528846386,264.5694580078125,7572420,WIPRO
2025-12-24,264.1210593132444,264.1600609341609,260.47519611983154,261.31353759765625,4694861,WIPRO
2025-12-26,260.47518163736993,262.112892630566,259.05190517349195,259.5978088378906,2899112,WIPRO
2025-12-29,259.29561705835073,260.66040598902146,256.9657834829414,257.58966064453125,3755074,WIPRO
2025-12-30,257.3557236173418,258.05760405355176,256.40037726681373,257.0145263671875,5117699,WIPRO
2025-12-31,257.35571953640823,257.94062484889497,254.6846886337934,256.6538391113281,5705044,WIPRO
2026-01-01,257.84312115997614,261.30376362734427,257.1119969978968,260.62139892578125,3639755,WIPRO
2026-01-02,260.6213912392056,265.5442818855403,259.45158071457286,262.2298583984375,8286204,WIPRO
2026-01-05,262.66855122506394,262.86349981760594,255.113601587763,256.6733093261719,7006599,WIPRO
2026-01-06,256.67330390277135,259.402851886349,256.332136435652,258.9154357910156,4083654,WIPRO
2026-01-07,258.3305430258428,265.64178480959305,257.8431269069261,263.98455810546875,10242615,WIPRO
2026-01-08,264.08205118733326,264.08205118733326,254.77241507805792,255.6010284423828,9269522,WIPRO
2026-01-09,254.7724097743928,257.3069795274099,253.89506671552655,255.35731506347656,4735387,WIPRO
2026-01-12,254.13877165896557,257.8431221952334,252.53027469631817,256.4783630371094,3802164,WIPRO
2026-01-13,256.8195655172956,258.1843247033359,254.72365240176612,257.5506896972656,6931244,WIPRO
2026-01-14,257.3557178937383,257.3557178937383,253.06646187874662,253.6513671875,5625861,WIPRO
2026-01-15,253.6513671875,253.6513671875,253.6513671875,253.6513671875,0,WIPRO
2026-01-16,256.62459515288,263.00973462344757,256.3808870853084,260.7189025878906,12028289,WIPRO
2026-01-19,245.6577170977665,245.6577170977665,235.47072347084665,239.75997924804688,65833247,WIPRO
2026-01-20,239.75998155890707,239.80872614486398,233.37482754229322,233.86224365234375,16796201,WIPRO
2026-01-21,233.86225475607444,236.4943137751243,231.6201524431948,233.5210723876953,14397792,WIPRO
2026-01-22,235.90939798131257,236.78674103216582,233.17986478178355,234.59336853027344,8537915,WIPRO
2026-01-23,236.2018484564108,237.42038872406175,231.86384807852525,232.39999389648438,13546802,WIPRO
2026-01-27,235.1999969482422,236.39999389648438,231.75,234.8000030517578,15677537,WIPRO
2026-01-28,235.5,238.10000610351562,234.9499969482422,237.35000610351562,10155128,WIPRO
2026-01-29,236.1999969482422,240.89999389648438,235.4499969482422,239.8000030517578,12201949,WIPRO
2026-01-30,238.0,238.0,235.3000030517578,236.89999389648438,11362317,WIPRO
2026-02-02,244.0,244.0800018310547,239.2899932861328,242.3000030517578,12335721,WIPRO
2026-02-03,259.2099914550781,259.8900146484375,242.27999877929688,242.69000244140625,25915412,WIPRO
2026-02-04,235.91000366210938,235.9199981689453,226.25999450683594,233.33999633789062,25995324,WIPRO
2026-02-05,233.33999633789062,235.57000732421875,231.6999969482422,233.38999938964844,10102736,WIPRO
2026-02-06,232.92999267578125,232.92999267578125,228.60000610351562,230.72000122070312,12279085,WIPRO
2026-02-09,231.85000610351562,232.92999267578125,229.61000061035156,230.0800018310547,9112474,WIPRO
2026-02-10,229.97999572753906,232.86000061035156,227.1999969482422,231.47000122070312,12435622,WIPRO
2026-02-11,231.47000122070312,233.0,229.5,229.80999755859375,7874912,WIPRO
2026-02-12,226.1999969482422,226.25999450683594,218.5,219.0800018310547,40899346,WIPRO
2026-02-13,210.64999389648438,216.47999572753906,209.00999450683594,214.08999633789062,23721186,WIPRO
2026-02-16,214.6199951171875,216.91000366210938,210.11000061035156,213.25999450683594,20754327,WIPRO
2026-02-17,213.25999450683594,219.38999938964844,212.25999450683594,215.69000244140625,26941553,WIPRO
2026-02-18,216.1999969482422,216.39999389648438,210.25999450683594,211.9499969482422,22679760,WIPRO
2026-02-19,214.0,215.44000244140625,210.39999389648438,211.2100067138672,14151588,WIPRO
2026-02-20,209.6999969482422,211.9600067138672,208.25,209.86000061035156,17690420,WIPRO
2026-02-23,210.36000061035156,211.74000549316406,204.27999877929688,205.88999938964844,20946229,WIPRO
2026-02-24,203.0,203.2899932861328,199.36000061035156,200.13999938964844,25036686,WIPRO
2026-02-25,201.30999755859375,205.47999572753906,201.30999755859375,201.9199981689453,13979068,WIPRO
2026-02-26,203.7100067138672,204.6300048828125,199.1199951171875,201.0800018310547,14378069,WIPRO
2026-02-27,204.0,204.0,200.0500030517578,200.9600067138672,13288519,WIPRO
2026-03-02,195.0,200.36000061035156,194.6999969482422,198.57000732421875,10486866,WIPRO
2026-03-04,196.00999450683594,197.1199951171875,194.50999450683594,195.5500030517578,19562075,WIPRO
2026-03-05,196.39999389648438,196.97000122070312,193.22000122070312,195.67999267578125,13149281,WIPRO
2026-03-06,195.60000610351562,198.92999267578125,195.0,195.39999389648438,9022914,WIPRO
2026-03-09,194.0,199.5,193.02999877929688,198.75,25862728,WIPRO
2026-03-10,200.5,201.30999755859375,197.4199981689453,200.92999267578125,12982340,WIPRO
2026-03-11,202.69000244140625,205.9499969482422,201.5800018310547,202.22999572753906,29199002,WIPRO
2026-03-12,201.05999755859375,203.8000030517578,199.6999969482422,202.50999450683594,19042475,WIPRO
2026-03-13,200.60000610351562,202.07000732421875,196.0399932861328,197.5800018310547,12629652,WIPRO
2026-03-16,196.24000549316406,198.2899932861328,192.77000427246094,195.11000061035156,12631649,WIPRO
2026-03-17,195.0,195.11000061035156,188.25,191.32000732421875,21778468,WIPRO
2026-03-18,193.0,198.0,192.69000244140625,194.3000030517578,24529164,WIPRO
2026-03-19,191.97999572753906,192.7899932861328,187.67999267578125,188.41000366210938,13685195,WIPRO
2026-03-20,191.19000244140625,192.3000030517578,188.41000366210938,190.89999389648438,24395304,WIPRO
2026-03-23,189.41000366210938,190.6199951171875,187.0,187.5399932861328,12014988,WIPRO
2026-03-24,191.5,191.5,187.8000030517578,188.74000549316406,11843191,WIPRO
2026-03-25,189.0,190.6199951171875,187.89999389648438,189.0500030517578,13862888,WIPRO
2026-03-27,189.0500030517578,192.2899932861328,187.89999389648438,191.60000610351562,26269256,WIPRO
2026-03-30,189.99000549316406,191.6300048828125,186.5,187.63999938964844,27946986,WIPRO
2026-04-01,191.50999450683594,194.49000549316406,190.41000366210938,191.17999267578125,11769673,WIPRO
2026-04-02,190.5,195.33999633789062,188.5800018310547,194.91000366210938,16623045,WIPRO
2026-04-06,197.0,201.17999267578125,196.11000061035156,197.2899932861328,23282287,WIPRO
2026-04-07,197.00999450683594,205.27000427246094,197.00999450683594,204.72000122070312,24771466,WIPRO
2026-04-08,207.6999969482422,209.0,202.8000030517578,203.4199981689453,22084158,WIPRO
2026-04-09,203.7100067138672,204.16000366210938,201.6300048828125,202.8699951171875,14540807,WIPRO
2026-04-10,208.6999969482422,208.6999969482422,200.6199951171875,204.8800048828125,51219565,WIPRO
2026-04-13,203.00999450683594,203.39999389648438,200.30999755859375,202.97000122070312,21930624,WIPRO
2026-04-15,206.5,210.49000549316406,205.10000610351562,209.75,27890080,WIPRO
2026-04-16,212.97999572753906,212.97999572753906,208.2100067138672,210.25999450683594,36305074,WIPRO
2026-04-17,205.0,206.4499969482422,202.5,204.32000732421875,80542603,WIPRO
2026-04-20,204.5,205.1999969482422,202.0,202.47999572753906,27927164,WIPRO
2026-04-21,203.0,205.6999969482422,202.47999572753906,205.00999450683594,21530723,WIPRO
2026-04-22,203.5,205.3800048828125,202.1999969482422,204.0,21790433,WIPRO
2026-04-23,204.0,204.89999389648438,202.3000030517578,202.75999450683594,20307250,WIPRO
2026-04-24,202.75,202.75,197.8800048828125,199.36000061035156,39363394,WIPRO
2026-04-27,199.36000061035156,205.25,199.36000061035156,205.0500030517578,42632215,WIPRO
2026-04-28,204.55999755859375,205.67999267578125,201.02000427246094,201.5800018310547,23455983,WIPRO
2026-04-29,201.5800018310547,203.60000610351562,200.3000030517578,200.67999267578125,15667662,WIPRO
2026-04-30,200.88999938964844,202.14999389648438,200.0,200.64999389648438,15300274,WIPRO
